position,macro_f1,macro_precision,macro_recall,weighted_f1,weighted_precision,weighted_recall,support,f1_0,precision_0,recall_0,support_0,f1_1,precision_1,recall_1,support_1,f1_2,precision_2,recall_2,support_2,f1_3,precision_3,recall_3,support_3,f1_4,precision_4,recall_4,support_4
p_1,0.012121212121212121,0.02222222222222222,0.008333333333333333,0.01346801346801347,0.024691358024691357,0.009259259259259259,108.0,0.0,0.0,0.0,0.0,0.0,0.0,0.0,61.0,0.0,0.0,0.0,18.0,0.06060606060606061,0.1111111111111111,0.041666666666666664,24.0,0.0,0.0,0.0,5.0
p_2,0.03404255319148936,0.08888888888888888,0.021052631578947368,0.0598896769109535,0.15637860082304528,0.037037037037037035,108.0,0.0,0.0,0.0,0.0,0.1702127659574468,0.4444444444444444,0.10526315789473684,38.0,0.0,0.0,0.0,21.0,0.0,0.0,0.0,28.0,0.0,0.0,0.0,21.0
p_3,0.032,0.1,0.019047619047619046,0.06222222222222222,0.19444444444444445,0.037037037037037035,108.0,0.0,0.0,0.0,0.0,0.0,0.0,0.0,10.0,0.0,0.0,0.0,34.0,0.0,0.0,0.0,22.0,0.16,0.5,0.09523809523809523,42.0
p_4,0.034782608695652174,0.05,0.026666666666666665,0.024154589371980676,0.034722222222222224,0.018518518518518517,108.0,0.0,0.0,0.0,0.0,0.17391304347826086,0.25,0.13333333333333333,15.0,0.0,0.0,0.0,61.0,0.0,0.0,0.0,14.0,0.0,0.0,0.0,18.0
p_5,0.022535211267605635,0.1,0.012698412698412698,0.06572769953051644,0.2916666666666667,0.037037037037037035,108.0,0.0,0.0,0.0,0.0,0.0,0.0,0.0,15.0,0.0,0.0,0.0,19.0,0.11267605633802817,0.5,0.06349206349206349,63.0,0.0,0.0,0.0,11.0
p_6,0.015384615384615385,0.025,0.01111111111111111,0.01282051282051282,0.020833333333333332,0.009259259259259259,108.0,0.0,0.0,0.0,0.0,0.07692307692307693,0.125,0.05555555555555555,18.0,0.0,0.0,0.0,49.0,0.0,0.0,0.0,32.0,0.0,0.0,0.0,9.0
p_7,0.006557377049180328,0.02857142857142857,0.0037037037037037034,0.01639344262295082,0.07142857142857142,0.009259259259259259,108.0,0.0,0.0,0.0,0.0,0.0,0.0,0.0,25.0,0.03278688524590164,0.14285714285714285,0.018518518518518517,54.0,0.0,0.0,0.0,16.0,0.0,0.0,0.0,13.0
p_8,0.042105263157894736,0.04444444444444444,0.04,0.01949317738791423,0.0205761316872428,0.018518518518518517,108.0,0.0,0.0,0.0,0.0,0.0,0.0,0.0,72.0,0.21052631578947367,0.2222222222222222,0.2,10.0,0.0,0.0,0.0,11.0,0.0,0.0,0.0,15.0
p_9,0.04,0.06666666666666667,0.02857142857142857,0.03888888888888889,0.06481481481481481,0.027777777777777776,108.0,0.0,0.0,0.0,0.0,0.0,0.0,0.0,19.0,0.0,0.0,0.0,7.0,0.0,0.0,0.0,61.0,0.2,0.3333333333333333,0.14285714285714285,21.0
p_10,0.013793103448275862,0.05714285714285714,0.00784313725490196,0.032567049808429116,0.1349206349206349,0.018518518518518517,108.0,0.0,0.0,0.0,0.0,0.0,0.0,0.0,22.0,0.06896551724137931,0.2857142857142857,0.0392156862745098,51.0,0.0,0.0,0.0,22.0,0.0,0.0,0.0,13.0
p_11,0.047058823529411764,0.05,0.04444444444444444,0.0196078431372549,0.020833333333333332,0.018518518518518517,108.0,0.0,0.0,0.0,0.0,0.0,0.0,0.0,25.0,0.23529411764705882,0.25,0.2222222222222222,9.0,0.0,0.0,0.0,23.0,0.0,0.0,0.0,51.0
p_12,0.026666666666666665,0.1,0.015384615384615385,0.06419753086419754,0.24074074074074073,0.037037037037037035,108.0,0.0,0.0,0.0,0.0,0.0,0.0,0.0,21.0,0.13333333333333333,0.5,0.07692307692307693,52.0,0.0,0.0,0.0,5.0,0.0,0.0,0.0,30.0
p_13,0.05714285714285714,0.14285714285714285,0.03571428571428571,0.07407407407407407,0.18518518518518517,0.046296296296296294,108.0,0.0,0.0,0.0,0.0,0.0,0.0,0.0,51.0,0.0,0.0,0.0,13.0,0.2857142857142857,0.7142857142857143,0.17857142857142858,28.0,0.0,0.0,0.0,16.0
p_14,0.0,0.0,0.0,0.0,0.0,0.0,108.0,0.0,0.0,0.0,0.0,0.0,0.0,0.0,32.0,0.0,0.0,0.0,13.0,0.0,0.0,0.0,12.0,0.0,0.0,0.0,51.0
p_15,0.015584415584415584,0.075,0.008695652173913044,0.049783549783549784,0.23958333333333334,0.027777777777777776,108.0,0.0,0.0,0.0,0.0,0.0,0.0,0.0,18.0,0.0,0.0,0.0,12.0,0.07792207792207792,0.375,0.043478260869565216,69.0,0.0,0.0,0.0,9.0
p_16,0.029629629629629627,0.05,0.021052631578947368,0.02606310013717421,0.04398148148148148,0.018518518518518517,108.0,0.0,0.0,0.0,0.0,0.0,0.0,0.0,27.0,0.0,0.0,0.0,55.0,0.14814814814814814,0.25,0.10526315789473684,19.0,0.0,0.0,0.0,7.0
p_17,0.007017543859649122,0.025,0.004081632653061224,0.015919428200129954,0.056712962962962965,0.009259259259259259,108.0,0.0,0.0,0.0,0.0,0.0,0.0,0.0,34.0,0.0,0.0,0.0,17.0,0.03508771929824561,0.125,0.02040816326530612,49.0,0.0,0.0,0.0,8.0
p_18,0.03870967741935484,0.08571428571428572,0.025,0.04301075268817204,0.09523809523809523,0.027777777777777776,108.0,0.0,0.0,0.0,0.0,0.1935483870967742,0.42857142857142855,0.125,24.0,0.0,0.0,0.0,13.0,0.0,0.0,0.0,52.0,0.0,0.0,0.0,19.0
p_19,0.021052631578947368,0.02857142857142857,0.016666666666666666,0.011695906432748537,0.015873015873015872,0.009259259259259259,108.0,0.0,0.0,0.0,0.0,0.0,0.0,0.0,63.0,0.0,0.0,0.0,13.0,0.10526315789473684,0.14285714285714285,0.08333333333333333,12.0,0.0,0.0,0.0,20.0
p_20,0.007017543859649122,0.02857142857142857,0.004,0.016244314489928524,0.06613756613756613,0.009259259259259259,108.0,0.0,0.0,0.0,0.0,0.0,0.0,0.0,27.0,0.0,0.0,0.0,11.0,0.0,0.0,0.0,20.0,0.03508771929824561,0.14285714285714285,0.02,50.0
p_21,0.012903225806451613,0.025,0.008695652173913044,0.013739545997610514,0.02662037037037037,0.009259259259259259,108.0,0.0,0.0,0.0,0.0,0.0,0.0,0.0,18.0,0.06451612903225806,0.125,0.043478260869565216,23.0,0.0,0.0,0.0,11.0,0.0,0.0,0.0,56.0
p_22,0.06666666666666667,0.11111111111111112,0.047619047619047616,0.06481481481481481,0.1080246913580247,0.046296296296296294,108.0,0.0,0.0,0.0,0.0,0.3333333333333333,0.5555555555555556,0.23809523809523808,21.0,0.0,0.0,0.0,25.0,0.0,0.0,0.0,47.0,0.0,0.0,0.0,15.0
p_23,0.025396825396825397,0.11428571428571428,0.014285714285714285,0.06584362139917695,0.2962962962962963,0.037037037037037035,108.0,0.0,0.0,0.0,0.0,0.12698412698412698,0.5714285714285714,0.07142857142857142,56.0,0.0,0.0,0.0,20.0,0.0,0.0,0.0,15.0,0.0,0.0,0.0,17.0
p_24,0.04444444444444444,0.05,0.04,0.0205761316872428,0.023148148148148147,0.018518518518518517,108.0,0.0,0.0,0.0,0.0,0.0,0.0,0.0,15.0,0.0,0.0,0.0,26.0,0.2222222222222222,0.25,0.2,10.0,0.0,0.0,0.0,57.0
p_25,0.0,0.0,0.0,0.0,0.0,0.0,108.0,0.0,0.0,0.0,0.0,0.0,0.0,0.0,49.0,0.0,0.0,0.0,16.0,0.0,0.0,0.0,33.0,0.0,0.0,0.0,10.0
p_26,0.015384615384615385,0.02857142857142857,0.010526315789473684,0.013532763532763534,0.02513227513227513,0.009259259259259259,108.0,0.0,0.0,0.0,0.0,0.0,0.0,0.0,64.0,0.07692307692307693,0.14285714285714285,0.05263157894736842,19.0,0.0,0.0,0.0,15.0,0.0,0.0,0.0,10.0
p_27,0.0,0.0,0.0,0.0,0.0,0.0,108.0,0.0,0.0,0.0,0.0,0.0,0.0,0.0,47.0,0.0,0.0,0.0,18.0,0.0,0.0,0.0,37.0,0.0,0.0,0.0,6.0
p_28,0.01702127659574468,0.05714285714285714,0.01,0.03152088258471237,0.1058201058201058,0.018518518518518517,108.0,0.0,0.0,0.0,0.0,0.0851063829787234,0.2857142857142857,0.05,40.0,0.0,0.0,0.0,24.0,0.0,0.0,0.0,36.0,0.0,0.0,0.0,8.0
p_29,0.022535211267605635,0.1,0.012698412698412698,0.06572769953051644,0.2916666666666667,0.037037037037037035,108.0,0.0,0.0,0.0,0.0,0.11267605633802817,0.5,0.06349206349206349,63.0,0.0,0.0,0.0,11.0,0.0,0.0,0.0,15.0,0.0,0.0,0.0,19.0
p_30,0.02622950819672131,0.1,0.01509433962264151,0.06435944140862174,0.24537037037037038,0.037037037037037035,108.0,0.0,0.0,0.0,0.0,0.0,0.0,0.0,11.0,0.0,0.0,0.0,20.0,0.0,0.0,0.0,24.0,0.13114754098360656,0.5,0.07547169811320754,53.0
p_31,0.0,0.0,0.0,0.0,0.0,0.0,108.0,0.0,0.0,0.0,0.0,0.0,0.0,0.0,62.0,0.0,0.0,0.0,20.0,0.0,0.0,0.0,15.0,0.0,0.0,0.0,11.0
p_32,0.03076923076923077,0.05,0.02222222222222222,0.02564102564102564,0.041666666666666664,0.018518518518518517,108.0,0.0,0.0,0.0,0.0,0.0,0.0,0.0,16.0,0.15384615384615385,0.25,0.1111111111111111,18.0,0.0,0.0,0.0,63.0,0.0,0.0,0.0,11.0
p_33,0.008163265306122448,0.02857142857142857,0.0047619047619047615,0.015873015873015872,0.05555555555555555,0.009259259259259259,108.0,0.0,0.0,0.0,0.0,0.04081632653061224,0.14285714285714285,0.023809523809523808,42.0,0.0,0.0,0.0,42.0,0.0,0.0,0.0,17.0,0.0,0.0,0.0,7.0
p_34,0.0,0.0,0.0,0.0,0.0,0.0,108.0,0.0,0.0,0.0,0.0,0.0,0.0,0.0,15.0,0.0,0.0,0.0,50.0,0.0,0.0,0.0,29.0,0.0,0.0,0.0,14.0
p_35,0.02,0.08571428571428572,0.011320754716981133,0.04907407407407408,0.2103174603174603,0.027777777777777776,108.0,0.0,0.0,0.0,0.0,0.0,0.0,0.0,8.0,0.1,0.42857142857142855,0.05660377358490566,53.0,0.0,0.0,0.0,18.0,0.0,0.0,0.0,29.0
p_36,0.010256410256410256,0.025,0.0064516129032258064,0.014719848053181385,0.03587962962962963,0.009259259259259259,108.0,0.0,0.0,0.0,0.0,0.0,0.0,0.0,22.0,0.05128205128205128,0.125,0.03225806451612903,31.0,0.0,0.0,0.0,11.0,0.0,0.0,0.0,44.0
p_37,0.03076923076923077,0.02857142857142857,0.03333333333333333,0.008547008547008548,0.007936507936507936,0.009259259259259259,108.0,0.0,0.0,0.0,0.0,0.0,0.0,0.0,24.0,0.0,0.0,0.0,40.0,0.0,0.0,0.0,38.0,0.15384615384615385,0.14285714285714285,0.16666666666666666,6.0
p_38,0.04878048780487805,0.11111111111111112,0.03125,0.07226738934056007,0.1646090534979424,0.046296296296296294,108.0,0.0,0.0,0.0,0.0,0.0,0.0,0.0,50.0,0.24390243902439024,0.5555555555555556,0.15625,32.0,0.0,0.0,0.0,12.0,0.0,0.0,0.0,14.0
p_39,0.023008015087223006,0.052000000000000005,0.21176470588235294,0.03016571498419683,0.0787962962962963,0.027777777777777776,108.0,0.019801980198019802,0.01,1.0,1.0,0.09523809523809523,0.25,0.058823529411764705,34.0,0.0,0.0,0.0,33.0,0.0,0.0,0.0,17.0,0.0,0.0,0.0,23.0
p_40,0.0,0.0,0.0,0.0,0.0,0.0,108.0,0.0,0.0,0.0,0.0,0.0,0.0,0.0,13.0,0.0,0.0,0.0,42.0,0.0,0.0,0.0,31.0,0.0,0.0,0.0,22.0
p_41,0.011428571428571429,0.02857142857142857,0.007142857142857143,0.014814814814814814,0.037037037037037035,0.009259259259259259,108.0,0.0,0.0,0.0,0.0,0.0,0.0,0.0,36.0,0.0,0.0,0.0,32.0,0.0,0.0,0.0,12.0,0.05714285714285714,0.14285714285714285,0.03571428571428571,28.0
p_42,0.04444444444444444,0.06666666666666667,0.03333333333333333,0.037037037037037035,0.05555555555555555,0.027777777777777776,108.0,0.0,0.0,0.0,0.0,0.0,0.0,0.0,27.0,0.2222222222222222,0.3333333333333333,0.16666666666666666,18.0,0.0,0.0,0.0,52.0,0.0,0.0,0.0,11.0
p_43,0.006896551724137931,0.025,0.004,0.015964240102171137,0.05787037037037037,0.009259259259259259,108.0,0.0,0.0,0.0,0.0,0.0,0.0,0.0,24.0,0.0,0.0,0.0,27.0,0.034482758620689655,0.125,0.02,50.0,0.0,0.0,0.0,7.0
p_44,0.0,0.0,0.0,0.0,0.0,0.0,108.0,0.0,0.0,0.0,0.0,0.0,0.0,0.0,39.0,0.0,0.0,0.0,22.0,0.0,0.0,0.0,35.0,0.0,0.0,0.0,12.0
p_45,0.006557377049180328,0.06666666666666667,0.0034482758620689655,0.017607771706132362,0.17901234567901234,0.009259259259259259,108.0,0.0,0.0,0.0,0.0,0.03278688524590164,0.3333333333333333,0.017241379310344827,58.0,0.0,0.0,0.0,18.0,0.0,0.0,0.0,16.0,0.0,0.0,0.0,16.0
p_46,0.04444444444444444,0.1,0.02857142857142857,0.05761316872427983,0.12962962962962962,0.037037037037037035,108.0,0.0,0.0,0.0,0.0,0.0,0.0,0.0,10.0,0.2222222222222222,0.5,0.14285714285714285,28.0,0.0,0.0,0.0,53.0,0.0,0.0,0.0,17.0
p_47,0.03636363636363636,0.06666666666666667,0.025,0.0404040404040404,0.07407407407407407,0.027777777777777776,108.0,0.0,0.0,0.0,0.0,0.0,0.0,0.0,22.0,0.18181818181818182,0.3333333333333333,0.125,24.0,0.0,0.0,0.0,10.0,0.0,0.0,0.0,52.0
p_48,0.007692307692307693,0.02857142857142857,0.0044444444444444444,0.016025641025641028,0.05952380952380952,0.009259259259259259,108.0,0.0,0.0,0.0,0.0,0.0,0.0,0.0,36.0,0.038461538461538464,0.14285714285714285,0.022222222222222223,45.0,0.0,0.0,0.0,19.0,0.0,0.0,0.0,8.0
p_49,0.016326530612244896,0.05714285714285714,0.009523809523809523,0.031746031746031744,0.1111111111111111,0.018518518518518517,108.0,0.0,0.0,0.0,0.0,0.0,0.0,0.0,40.0,0.08163265306122448,0.2857142857142857,0.047619047619047616,42.0,0.0,0.0,0.0,14.0,0.0,0.0,0.0,12.0
p_50,0.010810810810810811,0.02857142857142857,0.006666666666666666,0.015015015015015017,0.03968253968253968,0.009259259259259259,108.0,0.0,0.0,0.0,0.0,0.0,0.0,0.0,37.0,0.0,0.0,0.0,27.0,0.05405405405405406,0.14285714285714285,0.03333333333333333,30.0,0.0,0.0,0.0,14.0
p_51,0.028921568627450978,0.05912305516265912,0.21600000000000003,0.029116739288307915,0.06622924197181622,0.027777777777777776,108.0,0.0196078431372549,0.009900990099009901,1.0,1.0,0.125,0.2857142857142857,0.08,25.0,0.0,0.0,0.0,18.0,0.0,0.0,0.0,30.0,0.0,0.0,0.0,34.0
p_52,0.016,0.05714285714285714,0.009302325581395349,0.03185185185185185,0.11375661375661375,0.018518518518518517,108.0,0.0,0.0,0.0,0.0,0.0,0.0,0.0,27.0,0.08,0.2857142857142857,0.046511627906976744,43.0,0.0,0.0,0.0,14.0,0.0,0.0,0.0,24.0
p_53,0.020822977078155204,0.0876944837340877,0.209375,0.05025980136446858,0.254059929802504,0.037037037037037035,108.0,0.0196078431372549,0.009900990099009901,1.0,1.0,0.0,0.0,0.0,18.0,0.08450704225352113,0.42857142857142855,0.046875,64.0,0.0,0.0,0.0,15.0,0.0,0.0,0.0,10.0
p_54,0.01509433962264151,0.05,0.008888888888888889,0.031446540880503145,0.10416666666666667,0.018518518518518517,108.0,0.0,0.0,0.0,0.0,0.07547169811320754,0.25,0.044444444444444446,45.0,0.0,0.0,0.0,41.0,0.0,0.0,0.0,7.0,0.0,0.0,0.0,15.0
p_55,0.026666666666666665,0.02857142857142857,0.025,0.009876543209876543,0.010582010582010581,0.009259259259259259,108.0,0.0,0.0,0.0,0.0,0.0,0.0,0.0,61.0,0.0,0.0,0.0,28.0,0.13333333333333333,0.14285714285714285,0.125,8.0,0.0,0.0,0.0,11.0
p_56,0.008695652173913044,0.02857142857142857,0.005128205128205128,0.01570048309178744,0.051587301587301584,0.009259259259259259,108.0,0.0,0.0,0.0,0.0,0.043478260869565216,0.14285714285714285,0.02564102564102564,39.0,0.0,0.0,0.0,30.0,0.0,0.0,0.0,7.0,0.0,0.0,0.0,32.0
p_57,0.010810810810810811,0.02857142857142857,0.006666666666666666,0.015015015015015017,0.03968253968253968,0.009259259259259259,108.0,0.0,0.0,0.0,0.0,0.0,0.0,0.0,23.0,0.0,0.0,0.0,20.0,0.05405405405405406,0.14285714285714285,0.03333333333333333,30.0,0.0,0.0,0.0,35.0
p_58,0.032,0.05,0.023529411764705882,0.025185185185185185,0.03935185185185185,0.018518518518518517,108.0,0.0,0.0,0.0,0.0,0.16,0.25,0.11764705882352941,17.0,0.0,0.0,0.0,47.0,0.0,0.0,0.0,34.0,0.0,0.0,0.0,10.0
p_59,0.034782608695652174,0.05714285714285714,0.025,0.02576489533011272,0.042328042328042326,0.018518518518518517,108.0,0.0,0.0,0.0,0.0,0.0,0.0,0.0,37.0,0.0,0.0,0.0,43.0,0.17391304347826086,0.2857142857142857,0.125,16.0,0.0,0.0,0.0,12.0
p_60,0.0,0.0,0.0,0.0,0.0,0.0,108.0,0.0,0.0,0.0,0.0,0.0,0.0,0.0,41.0,0.0,0.0,0.0,33.0,0.0,0.0,0.0,30.0,0.0,0.0,0.0,4.0
p_61,0.058823529411764705,0.125,0.038461538461538464,0.07080610021786493,0.15046296296296297,0.046296296296296294,108.0,0.0,0.0,0.0,0.0,0.29411764705882354,0.625,0.19230769230769232,26.0,0.0,0.0,0.0,45.0,0.0,0.0,0.0,29.0,0.0,0.0,0.0,8.0
p_62,0.017391304347826087,0.025,0.013333333333333332,0.012077294685990338,0.017361111111111112,0.009259259259259259,108.0,0.0,0.0,0.0,0.0,0.0,0.0,0.0,28.0,0.0,0.0,0.0,62.0,0.08695652173913043,0.125,0.06666666666666667,15.0,0.0,0.0,0.0,3.0
p_63,0.05714285714285714,0.14285714285714285,0.03571428571428571,0.07407407407407407,0.18518518518518517,0.046296296296296294,108.0,0.0,0.0,0.0,0.0,0.2857142857142857,0.7142857142857143,0.17857142857142858,28.0,0.0,0.0,0.0,38.0,0.0,0.0,0.0,14.0,0.0,0.0,0.0,28.0
p_64,0.008,0.02857142857142857,0.004651162790697674,0.015925925925925927,0.056878306878306875,0.009259259259259259,108.0,0.0,0.0,0.0,0.0,0.0,0.0,0.0,29.0,0.04,0.14285714285714285,0.023255813953488372,43.0,0.0,0.0,0.0,16.0,0.0,0.0,0.0,20.0
p_65,0.03469079939668175,0.030551626591230552,0.23333333333333334,0.00872856265013128,0.008028183770758028,0.018518518518518517,108.0,0.0196078431372549,0.009900990099009901,1.0,1.0,0.0,0.0,0.0,50.0,0.0,0.0,0.0,30.0,0.0,0.0,0.0,21.0,0.15384615384615385,0.14285714285714285,0.16666666666666666,6.0
p_66,0.029629629629629627,0.05714285714285714,0.02,0.027434842249657063,0.0529100529100529,0.018518518518518517,108.0,0.0,0.0,0.0,0.0,0.0,0.0,0.0,60.0,0.14814814814814814,0.2857142857142857,0.1,20.0,0.0,0.0,0.0,24.0,0.0,0.0,0.0,4.0
p_67,0.025,0.08571428571428572,0.014634146341463414,0.047453703703703706,0.16269841269841268,0.027777777777777776,108.0,0.0,0.0,0.0,0.0,0.0,0.0,0.0,34.0,0.0,0.0,0.0,22.0,0.0,0.0,0.0,11.0,0.125,0.42857142857142855,0.07317073170731707,41.0
p_68,0.0125,0.025,0.008333333333333333,0.013888888888888888,0.027777777777777776,0.009259259259259259,108.0,0.0,0.0,0.0,0.0,0.0,0.0,0.0,44.0,0.0625,0.125,0.041666666666666664,24.0,0.0,0.0,0.0,18.0,0.0,0.0,0.0,22.0
p_69,0.014545454545454545,0.05,0.00851063829787234,0.03164983164983165,0.1087962962962963,0.018518518518518517,108.0,0.0,0.0,0.0,0.0,0.0,0.0,0.0,44.0,0.0,0.0,0.0,13.0,0.07272727272727272,0.25,0.0425531914893617,47.0,0.0,0.0,0.0,4.0
p_70,0.025806451612903226,0.05,0.017391304347826087,0.027479091995221028,0.05324074074074074,0.018518518518518517,108.0,0.0,0.0,0.0,0.0,0.12903225806451613,0.25,0.08695652173913043,23.0,0.0,0.0,0.0,39.0,0.0,0.0,0.0,36.0,0.0,0.0,0.0,10.0
p_71,0.023529411764705882,0.11428571428571428,0.013114754098360656,0.0664488017429194,0.32275132275132273,0.037037037037037035,108.0,0.0,0.0,0.0,0.0,0.0,0.0,0.0,30.0,0.11764705882352941,0.5714285714285714,0.06557377049180328,61.0,0.0,0.0,0.0,9.0,0.0,0.0,0.0,8.0
p_72,0.0,0.0,0.0,0.0,0.0,0.0,108.0,0.0,0.0,0.0,0.0,0.0,0.0,0.0,24.0,0.0,0.0,0.0,54.0,0.0,0.0,0.0,15.0,0.0,0.0,0.0,15.0
p_73,0.02222222222222222,0.05,0.014285714285714285,0.028806584362139915,0.06481481481481481,0.018518518518518517,108.0,0.0,0.0,0.0,0.0,0.1111111111111111,0.25,0.07142857142857142,28.0,0.0,0.0,0.0,52.0,0.0,0.0,0.0,17.0,0.0,0.0,0.0,11.0
p_74,0.006557377049180328,0.025,0.0037735849056603774,0.016089860352155434,0.061342592592592594,0.009259259259259259,108.0,0.0,0.0,0.0,0.0,0.0,0.0,0.0,22.0,0.03278688524590164,0.125,0.018867924528301886,53.0,0.0,0.0,0.0,12.0,0.0,0.0,0.0,21.0
p_75,0.02033898305084746,0.08571428571428572,0.011538461538461539,0.048964218455743884,0.20634920634920634,0.027777777777777776,108.0,0.0,0.0,0.0,0.0,0.0,0.0,0.0,25.0,0.1016949152542373,0.42857142857142855,0.057692307692307696,52.0,0.0,0.0,0.0,14.0,0.0,0.0,0.0,17.0
p_76,0.017777777777777778,0.05714285714285714,0.010526315789473684,0.031275720164609055,0.10052910052910052,0.018518518518518517,108.0,0.0,0.0,0.0,0.0,0.08888888888888889,0.2857142857142857,0.05263157894736842,38.0,0.0,0.0,0.0,32.0,0.0,0.0,0.0,23.0,0.0,0.0,0.0,15.0
p_77,0.03773584905660378,0.125,0.02222222222222222,0.07861635220125786,0.2604166666666667,0.046296296296296294,108.0,0.0,0.0,0.0,0.0,0.18867924528301888,0.625,0.1111111111111111,45.0,0.0,0.0,0.0,27.0,0.0,0.0,0.0,30.0,0.0,0.0,0.0,6.0
p_78,0.0,0.0,0.0,0.0,0.0,0.0,108.0,0.0,0.0,0.0,0.0,0.0,0.0,0.0,43.0,0.0,0.0,0.0,33.0,0.0,0.0,0.0,18.0,0.0,0.0,0.0,14.0
p_79,0.0,0.0,0.0,0.0,0.0,0.0,108.0,0.0,0.0,0.0,0.0,0.0,0.0,0.0,43.0,0.0,0.0,0.0,29.0,0.0,0.0,0.0,12.0,0.0,0.0,0.0,24.0
p_80,0.06060606060606061,0.14285714285714285,0.038461538461538464,0.07295173961840629,0.17195767195767198,0.046296296296296294,108.0,0.0,0.0,0.0,0.0,0.30303030303030304,0.7142857142857143,0.19230769230769232,26.0,0.0,0.0,0.0,36.0,0.0,0.0,0.0,36.0,0.0,0.0,0.0,10.0
p_81,0.035443037974683546,0.2,0.019444444444444445,0.11814345991561181,0.6666666666666666,0.06481481481481481,108.0,0.0,0.0,0.0,0.0,0.17721518987341772,1.0,0.09722222222222222,72.0,0.0,0.0,0.0,17.0,0.0,0.0,0.0,8.0,0.0,0.0,0.0,11.0
p_82,0.016666666666666666,0.02857142857142857,0.011764705882352941,0.013117283950617283,0.022486772486772486,0.009259259259259259,108.0,0.0,0.0,0.0,0.0,0.0,0.0,0.0,14.0,0.0,0.0,0.0,18.0,0.0,0.0,0.0,59.0,0.08333333333333333,0.14285714285714285,0.058823529411764705,17.0
p_83,0.048,0.08571428571428572,0.03333333333333333,0.04,0.07142857142857142,0.027777777777777776,108.0,0.0,0.0,0.0,0.0,0.0,0.0,0.0,61.0,0.0,0.0,0.0,11.0,0.24,0.42857142857142855,0.16666666666666666,18.0,0.0,0.0,0.0,18.0
p_84,0.013333333333333332,0.05,0.007692307692307693,0.03209876543209877,0.12037037037037036,0.018518518518518517,108.0,0.0,0.0,0.0,0.0,0.0,0.0,0.0,37.0,0.0,0.0,0.0,11.0,0.06666666666666667,0.25,0.038461538461538464,52.0,0.0,0.0,0.0,8.0
p_85,0.015384615384615385,0.05714285714285714,0.008888888888888889,0.032051282051282055,0.11904761904761904,0.018518518518518517,108.0,0.0,0.0,0.0,0.0,0.07692307692307693,0.2857142857142857,0.044444444444444446,45.0,0.0,0.0,0.0,11.0,0.0,0.0,0.0,16.0,0.0,0.0,0.0,36.0
p_86,0.008333333333333333,0.02857142857142857,0.004878048780487805,0.015817901234567902,0.05423280423280423,0.009259259259259259,108.0,0.0,0.0,0.0,0.0,0.041666666666666664,0.14285714285714285,0.024390243902439025,41.0,0.0,0.0,0.0,15.0,0.0,0.0,0.0,30.0,0.0,0.0,0.0,22.0
p_87,0.011428571428571429,0.02857142857142857,0.007142857142857143,0.014814814814814814,0.037037037037037035,0.009259259259259259,108.0,0.0,0.0,0.0,0.0,0.05714285714285714,0.14285714285714285,0.03571428571428571,28.0,0.0,0.0,0.0,9.0,0.0,0.0,0.0,34.0,0.0,0.0,0.0,37.0
p_88,0.018604651162790697,0.08888888888888888,0.01038961038961039,0.06632213608957795,0.3168724279835391,0.037037037037037035,108.0,0.0,0.0,0.0,0.0,0.09302325581395349,0.4444444444444444,0.05194805194805195,77.0,0.0,0.0,0.0,12.0,0.0,0.0,0.0,8.0,0.0,0.0,0.0,11.0
p_89,0.03636363636363636,0.08571428571428572,0.023076923076923078,0.04377104377104377,0.10317460317460317,0.027777777777777776,108.0,0.0,0.0,0.0,0.0,0.18181818181818182,0.42857142857142855,0.11538461538461539,26.0,0.0,0.0,0.0,33.0,0.0,0.0,0.0,34.0,0.0,0.0,0.0,15.0
p_90,0.03870967741935484,0.08571428571428572,0.025,0.04301075268817204,0.09523809523809523,0.027777777777777776,108.0,0.0,0.0,0.0,0.0,0.0,0.0,0.0,44.0,0.0,0.0,0.0,6.0,0.1935483870967742,0.42857142857142855,0.125,24.0,0.0,0.0,0.0,34.0
p_91,0.032,0.05714285714285714,0.02222222222222222,0.026666666666666665,0.047619047619047616,0.018518518518518517,108.0,0.0,0.0,0.0,0.0,0.0,0.0,0.0,29.0,0.0,0.0,0.0,56.0,0.16,0.2857142857142857,0.1111111111111111,18.0,0.0,0.0,0.0,5.0
p_92,0.02711864406779661,0.1,0.01568627450980392,0.064030131826742,0.2361111111111111,0.037037037037037035,108.0,0.0,0.0,0.0,0.0,0.0,0.0,0.0,27.0,0.0,0.0,0.0,5.0,0.0,0.0,0.0,25.0,0.13559322033898305,0.5,0.0784313725490196,51.0
p_93,0.04444444444444444,0.05,0.04,0.0205761316872428,0.023148148148148147,0.018518518518518517,108.0,0.0,0.0,0.0,0.0,0.0,0.0,0.0,35.0,0.0,0.0,0.0,47.0,0.2222222222222222,0.25,0.2,10.0,0.0,0.0,0.0,16.0
p_94,0.03137254901960784,0.11428571428571428,0.01818181818181818,0.06390704429920116,0.2328042328042328,0.037037037037037035,108.0,0.0,0.0,0.0,0.0,0.1568627450980392,0.5714285714285714,0.09090909090909091,44.0,0.0,0.0,0.0,7.0,0.0,0.0,0.0,28.0,0.0,0.0,0.0,29.0
p_95,0.021052631578947368,0.025,0.01818181818181818,0.010721247563352828,0.01273148148148148,0.009259259259259259,108.0,0.0,0.0,0.0,0.0,0.0,0.0,0.0,56.0,0.0,0.0,0.0,27.0,0.10526315789473684,0.125,0.09090909090909091,11.0,0.0,0.0,0.0,14.0
p_96,0.024489795918367346,0.08571428571428572,0.014285714285714285,0.047619047619047616,0.16666666666666666,0.027777777777777776,108.0,0.0,0.0,0.0,0.0,0.12244897959183673,0.42857142857142855,0.07142857142857142,42.0,0.0,0.0,0.0,31.0,0.0,0.0,0.0,19.0,0.0,0.0,0.0,16.0
p_97,0.0,0.0,0.0,0.0,0.0,0.0,108.0,0.0,0.0,0.0,0.0,0.0,0.0,0.0,40.0,0.0,0.0,0.0,12.0,0.0,0.0,0.0,52.0,0.0,0.0,0.0,4.0
p_98,0.016,0.02222222222222222,0.0125,0.011851851851851851,0.016460905349794237,0.009259259259259259,108.0,0.0,0.0,0.0,0.0,0.0,0.0,0.0,47.0,0.08,0.1111111111111111,0.0625,16.0,0.0,0.0,0.0,24.0,0.0,0.0,0.0,21.0
p_99,0.009302325581395349,0.02857142857142857,0.005555555555555555,0.015503875968992246,0.047619047619047616,0.009259259259259259,108.0,0.0,0.0,0.0,0.0,0.0,0.0,0.0,20.0,0.046511627906976744,0.14285714285714285,0.027777777777777776,36.0,0.0,0.0,0.0,38.0,0.0,0.0,0.0,14.0
p_100,0.011428571428571429,0.025,0.007407407407407407,0.014285714285714284,0.03125,0.009259259259259259,108.0,0.0,0.0,0.0,0.0,0.0,0.0,0.0,17.0,0.05714285714285714,0.125,0.037037037037037035,27.0,0.0,0.0,0.0,54.0,0.0,0.0,0.0,10.0
p_101,0.026666666666666665,0.08571428571428572,0.015789473684210527,0.046913580246913576,0.15079365079365079,0.027777777777777776,108.0,0.0,0.0,0.0,0.0,0.0,0.0,0.0,16.0,0.0,0.0,0.0,42.0,0.13333333333333333,0.42857142857142855,0.07894736842105263,38.0,0.0,0.0,0.0,12.0
p_102,0.0,0.0,0.0,0.0,0.0,0.0,108.0,0.0,0.0,0.0,0.0,0.0,0.0,0.0,24.0,0.0,0.0,0.0,6.0,0.0,0.0,0.0,73.0,0.0,0.0,0.0,5.0
p_103,0.021621621621621623,0.05714285714285714,0.013333333333333332,0.030030030030030033,0.07936507936507936,0.018518518518518517,108.0,0.0,0.0,0.0,0.0,0.0,0.0,0.0,30.0,0.0,0.0,0.0,42.0,0.10810810810810811,0.2857142857142857,0.06666666666666667,30.0,0.0,0.0,0.0,6.0
p_104,0.023076923076923078,0.08571428571428572,0.013333333333333332,0.04807692307692308,0.17857142857142858,0.027777777777777776,108.0,0.0,0.0,0.0,0.0,0.0,0.0,0.0,34.0,0.0,0.0,0.0,25.0,0.11538461538461539,0.42857142857142855,0.06666666666666667,45.0,0.0,0.0,0.0,4.0
p_105,0.01818181818181818,0.025,0.014285714285714285,0.011784511784511785,0.016203703703703703,0.009259259259259259,108.0,0.0,0.0,0.0,0.0,0.09090909090909091,0.125,0.07142857142857142,14.0,0.0,0.0,0.0,45.0,0.0,0.0,0.0,37.0,0.0,0.0,0.0,12.0
p_106,0.01111111111111111,0.025,0.007142857142857143,0.014403292181069957,0.032407407407407406,0.009259259259259259,108.0,0.0,0.0,0.0,0.0,0.05555555555555555,0.125,0.03571428571428571,28.0,0.0,0.0,0.0,30.0,0.0,0.0,0.0,36.0,0.0,0.0,0.0,14.0
p_107,0.0,0.0,0.0,0.0,0.0,0.0,108.0,0.0,0.0,0.0,0.0,0.0,0.0,0.0,48.0,0.0,0.0,0.0,21.0,0.0,0.0,0.0,32.0,0.0,0.0,0.0,7.0
p_108,0.034782608695652174,0.11428571428571428,0.020512820512820513,0.06280193236714976,0.20634920634920634,0.037037037037037035,108.0,0.0,0.0,0.0,0.0,0.0,0.0,0.0,35.0,0.0,0.0,0.0,14.0,0.17391304347826086,0.5714285714285714,0.10256410256410256,39.0,0.0,0.0,0.0,20.0
p_109,0.008333333333333333,0.02857142857142857,0.004878048780487805,0.015817901234567902,0.05423280423280423,0.009259259259259259,108.0,0.0,0.0,0.0,0.0,0.041666666666666664,0.14285714285714285,0.024390243902439025,41.0,0.0,0.0,0.0,29.0,0.0,0.0,0.0,34.0,0.0,0.0,0.0,4.0
p_110,0.047619047619047616,0.125,0.029411764705882353,0.07495590828924162,0.19675925925925927,0.046296296296296294,108.0,0.0,0.0,0.0,0.0,0.0,0.0,0.0,49.0,0.0,0.0,0.0,20.0,0.23809523809523808,0.625,0.14705882352941177,34.0,0.0,0.0,0.0,5.0
p_111,0.0,0.0,0.0,0.0,0.0,0.0,108.0,0.0,0.0,0.0,0.0,0.0,0.0,0.0,28.0,0.0,0.0,0.0,23.0,0.0,0.0,0.0,45.0,0.0,0.0,0.0,12.0
p_112,0.02909090909090909,0.11428571428571428,0.016666666666666666,0.06464646464646465,0.25396825396825395,0.037037037037037035,108.0,0.0,0.0,0.0,0.0,0.0,0.0,0.0,39.0,0.0,0.0,0.0,9.0,0.14545454545454545,0.5714285714285714,0.08333333333333333,48.0,0.0,0.0,0.0,12.0
p_113,0.009302325581395349,0.025,0.005714285714285714,0.015073212747631352,0.04050925925925926,0.009259259259259259,108.0,0.0,0.0,0.0,0.0,0.0,0.0,0.0,31.0,0.046511627906976744,0.125,0.02857142857142857,35.0,0.0,0.0,0.0,22.0,0.0,0.0,0.0,20.0
p_114,0.00909090909090909,0.02857142857142857,0.005405405405405406,0.015572390572390573,0.04894179894179894,0.009259259259259259,108.0,0.0,0.0,0.0,0.0,0.0,0.0,0.0,31.0,0.0,0.0,0.0,12.0,0.0,0.0,0.0,28.0,0.045454545454545456,0.14285714285714285,0.02702702702702703,37.0
p_115,0.007407407407407407,0.02857142857142857,0.00425531914893617,0.016117969821673524,0.06216931216931216,0.009259259259259259,108.0,0.0,0.0,0.0,0.0,0.037037037037037035,0.14285714285714285,0.02127659574468085,47.0,0.0,0.0,0.0,17.0,0.0,0.0,0.0,33.0,0.0,0.0,0.0,11.0
p_116,0.029268292682926828,0.08571428571428572,0.01764705882352941,0.04607046070460705,0.1349206349206349,0.027777777777777776,108.0,0.0,0.0,0.0,0.0,0.0,0.0,0.0,26.0,0.0,0.0,0.0,24.0,0.14634146341463414,0.42857142857142855,0.08823529411764706,34.0,0.0,0.0,0.0,24.0
p_117,0.05105882352941177,0.09090909090909091,0.23199999999999998,0.05465141612200435,0.10297418630751964,0.046296296296296294,108.0,0.02,0.010101010101010102,1.0,1.0,0.0,0.0,0.0,41.0,0.0,0.0,0.0,25.0,0.23529411764705882,0.4444444444444444,0.16,25.0,0.0,0.0,0.0,16.0
p_118,0.01818181818181818,0.02222222222222222,0.015384615384615385,0.010942760942760943,0.013374485596707819,0.009259259259259259,108.0,0.0,0.0,0.0,0.0,0.09090909090909091,0.1111111111111111,0.07692307692307693,13.0,0.0,0.0,0.0,28.0,0.0,0.0,0.0,49.0,0.0,0.0,0.0,18.0
p_119,0.026666666666666665,0.05714285714285714,0.017391304347826087,0.02839506172839506,0.06084656084656084,0.018518518518518517,108.0,0.0,0.0,0.0,0.0,0.0,0.0,0.0,61.0,0.0,0.0,0.0,22.0,0.13333333333333333,0.2857142857142857,0.08695652173913043,23.0,0.0,0.0,0.0,2.0
p_120,0.01818181818181818,0.08571428571428572,0.01016949152542373,0.049663299663299666,0.23412698412698413,0.027777777777777776,108.0,0.0,0.0,0.0,0.0,0.0,0.0,0.0,19.0,0.0,0.0,0.0,18.0,0.09090909090909091,0.42857142857142855,0.05084745762711865,59.0,0.0,0.0,0.0,12.0
p_121,0.013793103448275862,0.025,0.009523809523809523,0.013409961685823755,0.024305555555555556,0.009259259259259259,108.0,0.0,0.0,0.0,0.0,0.0,0.0,0.0,48.0,0.0,0.0,0.0,19.0,0.06896551724137931,0.125,0.047619047619047616,21.0,0.0,0.0,0.0,20.0
p_122,0.0125,0.025,0.008333333333333333,0.013888888888888888,0.027777777777777776,0.009259259259259259,108.0,0.0,0.0,0.0,0.0,0.0625,0.125,0.041666666666666664,24.0,0.0,0.0,0.0,20.0,0.0,0.0,0.0,39.0,0.0,0.0,0.0,25.0
p_123,0.03076923076923077,0.075,0.01935483870967742,0.04415954415954416,0.1076388888888889,0.027777777777777776,108.0,0.0,0.0,0.0,0.0,0.0,0.0,0.0,36.0,0.0,0.0,0.0,33.0,0.15384615384615385,0.375,0.0967741935483871,31.0,0.0,0.0,0.0,8.0
p_124,0.025,0.04444444444444444,0.017391304347826087,0.02662037037037037,0.047325102880658436,0.018518518518518517,108.0,0.0,0.0,0.0,0.0,0.0,0.0,0.0,19.0,0.125,0.2222222222222222,0.08695652173913043,23.0,0.0,0.0,0.0,43.0,0.0,0.0,0.0,23.0
p_125,0.019047619047619046,0.05714285714285714,0.011428571428571429,0.030864197530864196,0.09259259259259259,0.018518518518518517,108.0,0.0,0.0,0.0,0.0,0.0,0.0,0.0,17.0,0.09523809523809523,0.2857142857142857,0.05714285714285714,35.0,0.0,0.0,0.0,37.0,0.0,0.0,0.0,19.0
p_126,0.014035087719298244,0.05,0.008163265306122448,0.03183885640025991,0.11342592592592593,0.018518518518518517,108.0,0.0,0.0,0.0,0.0,0.0,0.0,0.0,23.0,0.0,0.0,0.0,25.0,0.07017543859649122,0.25,0.04081632653061224,49.0,0.0,0.0,0.0,11.0
p_127,0.023529411764705882,0.05714285714285714,0.014814814814814814,0.029411764705882353,0.07142857142857142,0.018518518518518517,108.0,0.0,0.0,0.0,0.0,0.0,0.0,0.0,12.0,0.0,0.0,0.0,51.0,0.11764705882352941,0.2857142857142857,0.07407407407407407,27.0,0.0,0.0,0.0,18.0
p_128,0.03018867924528302,0.1,0.017777777777777778,0.06289308176100629,0.20833333333333334,0.037037037037037035,108.0,0.0,0.0,0.0,0.0,0.0,0.0,0.0,18.0,0.0,0.0,0.0,30.0,0.1509433962264151,0.5,0.08888888888888889,45.0,0.0,0.0,0.0,15.0
p_129,0.02396039603960396,0.052000000000000005,0.2125,0.029812981298129815,0.07416666666666666,0.027777777777777776,108.0,0.019801980198019802,0.01,1.0,1.0,0.0,0.0,0.0,22.0,0.1,0.25,0.0625,32.0,0.0,0.0,0.0,37.0,0.0,0.0,0.0,16.0
p_130,0.023529411764705882,0.05714285714285714,0.014814814814814814,0.029411764705882353,0.07142857142857142,0.018518518518518517,108.0,0.0,0.0,0.0,0.0,0.0,0.0,0.0,35.0,0.11764705882352941,0.2857142857142857,0.07407407407407407,27.0,0.0,0.0,0.0,35.0,0.0,0.0,0.0,11.0
p_131,0.034482758620689655,0.11111111111111112,0.020408163265306124,0.07822477650063858,0.2520576131687243,0.046296296296296294,108.0,0.0,0.0,0.0,0.0,0.0,0.0,0.0,26.0,0.0,0.0,0.0,14.0,0.1724137931034483,0.5555555555555556,0.10204081632653061,49.0,0.0,0.0,0.0,19.0
p_132,0.01951219512195122,0.05,0.012121212121212121,0.029810298102981032,0.0763888888888889,0.018518518518518517,108.0,0.0,0.0,0.0,0.0,0.0975609756097561,0.25,0.06060606060606061,33.0,0.0,0.0,0.0,28.0,0.0,0.0,0.0,37.0,0.0,0.0,0.0,10.0
p_133,0.03809523809523809,0.05,0.03076923076923077,0.022927689594356263,0.03009259259259259,0.018518518518518517,108.0,0.0,0.0,0.0,0.0,0.0,0.0,0.0,23.0,0.0,0.0,0.0,15.0,0.0,0.0,0.0,57.0,0.19047619047619047,0.25,0.15384615384615385,13.0
p_134,0.0375,0.075,0.025,0.041666666666666664,0.08333333333333333,0.027777777777777776,108.0,0.0,0.0,0.0,0.0,0.1875,0.375,0.125,24.0,0.0,0.0,0.0,28.0,0.0,0.0,0.0,49.0,0.0,0.0,0.0,7.0
p_135,0.016666666666666666,0.02857142857142857,0.011764705882352941,0.013117283950617283,0.022486772486772486,0.009259259259259259,108.0,0.0,0.0,0.0,0.0,0.0,0.0,0.0,18.0,0.08333333333333333,0.14285714285714285,0.058823529411764705,17.0,0.0,0.0,0.0,55.0,0.0,0.0,0.0,18.0
p_136,0.03076923076923077,0.08571428571428572,0.01875,0.045584045584045586,0.12698412698412698,0.027777777777777776,108.0,0.0,0.0,0.0,0.0,0.15384615384615385,0.42857142857142855,0.09375,32.0,0.0,0.0,0.0,31.0,0.0,0.0,0.0,37.0,0.0,0.0,0.0,8.0
p_137,0.011428571428571429,0.05,0.0064516129032258064,0.0328042328042328,0.14351851851851852,0.018518518518518517,108.0,0.0,0.0,0.0,0.0,0.0,0.0,0.0,14.0,0.0,0.0,0.0,14.0,0.05714285714285714,0.25,0.03225806451612903,62.0,0.0,0.0,0.0,18.0
p_138,0.0,0.0,0.0,0.0,0.0,0.0,108.0,0.0,0.0,0.0,0.0,0.0,0.0,0.0,23.0,0.0,0.0,0.0,48.0,0.0,0.0,0.0,26.0,0.0,0.0,0.0,11.0
p_139,0.0,0.0,0.0,0.0,0.0,0.0,108.0,0.0,0.0,0.0,0.0,0.0,0.0,0.0,25.0,0.0,0.0,0.0,32.0,0.0,0.0,0.0,26.0,0.0,0.0,0.0,25.0
p_140,0.03529411764705882,0.075,0.023076923076923078,0.04248366013071896,0.09027777777777778,0.027777777777777776,108.0,0.0,0.0,0.0,0.0,0.0,0.0,0.0,35.0,0.17647058823529413,0.375,0.11538461538461539,26.0,0.0,0.0,0.0,28.0,0.0,0.0,0.0,19.0
p_141,0.02,0.02222222222222222,0.01818181818181818,0.010185185185185186,0.011316872427983538,0.009259259259259259,108.0,0.0,0.0,0.0,0.0,0.0,0.0,0.0,20.0,0.1,0.1111111111111111,0.09090909090909091,11.0,0.0,0.0,0.0,52.0,0.0,0.0,0.0,25.0
p_142,0.009302325581395349,0.025,0.005714285714285714,0.015073212747631352,0.04050925925925926,0.009259259259259259,108.0,0.0,0.0,0.0,0.0,0.046511627906976744,0.125,0.02857142857142857,35.0,0.0,0.0,0.0,18.0,0.0,0.0,0.0,42.0,0.0,0.0,0.0,13.0
p_143,0.022641509433962266,0.075,0.013333333333333332,0.04716981132075472,0.15625,0.027777777777777776,108.0,0.0,0.0,0.0,0.0,0.0,0.0,0.0,28.0,0.0,0.0,0.0,24.0,0.11320754716981132,0.375,0.06666666666666667,45.0,0.0,0.0,0.0,11.0
p_144,0.03809523809523809,0.05714285714285714,0.02857142857142857,0.024691358024691357,0.037037037037037035,0.018518518518518517,108.0,0.0,0.0,0.0,0.0,0.19047619047619047,0.2857142857142857,0.14285714285714285,14.0,0.0,0.0,0.0,14.0,0.0,0.0,0.0,66.0,0.0,0.0,0.0,14.0
p_145,0.021052631578947368,0.05714285714285714,0.012903225806451613,0.030214424951267055,0.08201058201058199,0.018518518518518517,108.0,0.0,0.0,0.0,0.0,0.10526315789473684,0.2857142857142857,0.06451612903225806,31.0,0.0,0.0,0.0,19.0,0.0,0.0,0.0,36.0,0.0,0.0,0.0,22.0
p_146,0.016666666666666666,0.02222222222222222,0.013333333333333332,0.011574074074074073,0.015432098765432098,0.009259259259259259,108.0,0.0,0.0,0.0,0.0,0.0,0.0,0.0,32.0,0.0,0.0,0.0,19.0,0.0,0.0,0.0,42.0,0.08333333333333333,0.1111111111111111,0.06666666666666667,15.0
p_147,0.00975609756097561,0.02857142857142857,0.0058823529411764705,0.015356820234869017,0.04497354497354497,0.009259259259259259,108.0,0.0,0.0,0.0,0.0,0.04878048780487805,0.14285714285714285,0.029411764705882353,34.0,0.0,0.0,0.0,22.0,0.0,0.0,0.0,40.0,0.0,0.0,0.0,12.0
p_148,0.0375,0.075,0.025,0.041666666666666664,0.08333333333333333,0.027777777777777776,108.0,0.0,0.0,0.0,0.0,0.0,0.0,0.0,36.0,0.1875,0.375,0.125,24.0,0.0,0.0,0.0,21.0,0.0,0.0,0.0,27.0
p_149,0.02222222222222222,0.05,0.014285714285714285,0.028806584362139915,0.06481481481481481,0.018518518518518517,108.0,0.0,0.0,0.0,0.0,0.0,0.0,0.0,50.0,0.0,0.0,0.0,18.0,0.1111111111111111,0.25,0.07142857142857142,28.0,0.0,0.0,0.0,12.0
p_150,0.03636363636363636,0.125,0.02127659574468085,0.07912457912457913,0.27199074074074076,0.046296296296296294,108.0,0.0,0.0,0.0,0.0,0.0,0.0,0.0,22.0,0.0,0.0,0.0,36.0,0.18181818181818182,0.625,0.10638297872340426,47.0,0.0,0.0,0.0,3.0
p_151,0.010256410256410256,0.02857142857142857,0.00625,0.015194681861348527,0.042328042328042326,0.009259259259259259,108.0,0.0,0.0,0.0,0.0,0.05128205128205128,0.14285714285714285,0.03125,32.0,0.0,0.0,0.0,12.0,0.0,0.0,0.0,41.0,0.0,0.0,0.0,23.0
p_152,0.015384615384615385,0.02857142857142857,0.010526315789473684,0.013532763532763534,0.02513227513227513,0.009259259259259259,108.0,0.0,0.0,0.0,0.0,0.07692307692307693,0.14285714285714285,0.05263157894736842,19.0,0.0,0.0,0.0,35.0,0.0,0.0,0.0,41.0,0.0,0.0,0.0,13.0
p_153,0.006666666666666666,0.02222222222222222,0.00392156862745098,0.01574074074074074,0.05246913580246913,0.009259259259259259,108.0,0.0,0.0,0.0,0.0,0.0,0.0,0.0,20.0,0.0,0.0,0.0,13.0,0.03333333333333333,0.1111111111111111,0.0196078431372549,51.0,0.0,0.0,0.0,24.0
p_154,0.011764705882352941,0.02857142857142857,0.007407407407407407,0.014705882352941176,0.03571428571428571,0.009259259259259259,108.0,0.0,0.0,0.0,0.0,0.0,0.0,0.0,25.0,0.058823529411764705,0.14285714285714285,0.037037037037037035,27.0,0.0,0.0,0.0,31.0,0.0,0.0,0.0,25.0
p_155,0.0,0.0,0.0,0.0,0.0,0.0,108.0,0.0,0.0,0.0,0.0,0.0,0.0,0.0,31.0,0.0,0.0,0.0,25.0,0.0,0.0,0.0,41.0,0.0,0.0,0.0,11.0
p_156,0.013114754098360656,0.05714285714285714,0.007407407407407407,0.03278688524590164,0.14285714285714285,0.018518518518518517,108.0,0.0,0.0,0.0,0.0,0.0,0.0,0.0,17.0,0.0,0.0,0.0,28.0,0.06557377049180328,0.2857142857142857,0.037037037037037035,54.0,0.0,0.0,0.0,9.0
p_157,0.0,0.0,0.0,0.0,0.0,0.0,108.0,0.0,0.0,0.0,0.0,0.0,0.0,0.0,27.0,0.0,0.0,0.0,23.0,0.0,0.0,0.0,33.0,0.0,0.0,0.0,25.0
p_158,0.007692307692307693,0.02857142857142857,0.0044444444444444444,0.016025641025641028,0.05952380952380952,0.009259259259259259,108.0,0.0,0.0,0.0,0.0,0.0,0.0,0.0,17.0,0.0,0.0,0.0,28.0,0.038461538461538464,0.14285714285714285,0.022222222222222223,45.0,0.0,0.0,0.0,18.0
p_159,0.0,0.0,0.0,0.0,0.0,0.0,108.0,0.0,0.0,0.0,0.0,0.0,0.0,0.0,35.0,0.0,0.0,0.0,12.0,0.0,0.0,0.0,42.0,0.0,0.0,0.0,19.0
p_160,0.05555555555555556,0.125,0.03571428571428571,0.0720164609053498,0.16203703703703703,0.046296296296296294,108.0,0.0,0.0,0.0,0.0,0.0,0.0,0.0,19.0,0.0,0.0,0.0,28.0,0.2777777777777778,0.625,0.17857142857142858,28.0,0.0,0.0,0.0,33.0
p_161,0.022641509433962266,0.075,0.013333333333333332,0.04716981132075472,0.15625,0.027777777777777776,108.0,0.0,0.0,0.0,0.0,0.11320754716981132,0.375,0.06666666666666667,45.0,0.0,0.0,0.0,9.0,0.0,0.0,0.0,40.0,0.0,0.0,0.0,14.0
p_162,0.0,0.0,0.0,0.0,0.0,0.0,108.0,0.0,0.0,0.0,0.0,0.0,0.0,0.0,28.0,0.0,0.0,0.0,31.0,0.0,0.0,0.0,36.0,0.0,0.0,0.0,13.0
p_163,0.04285714285714286,0.06666666666666667,0.031578947368421054,0.037698412698412696,0.05864197530864197,0.027777777777777776,108.0,0.0,0.0,0.0,0.0,0.0,0.0,0.0,26.0,0.0,0.0,0.0,41.0,0.21428571428571427,0.3333333333333333,0.15789473684210525,19.0,0.0,0.0,0.0,22.0
p_164,0.0,0.0,0.0,0.0,0.0,0.0,108.0,0.0,0.0,0.0,0.0,0.0,0.0,0.0,30.0,0.0,0.0,0.0,24.0,0.0,0.0,0.0,42.0,0.0,0.0,0.0,12.0
p_165,0.03902439024390244,0.1,0.024242424242424242,0.059620596205962065,0.1527777777777778,0.037037037037037035,108.0,0.0,0.0,0.0,0.0,0.0,0.0,0.0,17.0,0.0,0.0,0.0,31.0,0.0,0.0,0.0,27.0,0.1951219512195122,0.5,0.12121212121212122,33.0
p_166,0.029268292682926828,0.08571428571428572,0.01764705882352941,0.04607046070460705,0.1349206349206349,0.027777777777777776,108.0,0.0,0.0,0.0,0.0,0.0,0.0,0.0,20.0,0.0,0.0,0.0,29.0,0.14634146341463414,0.42857142857142855,0.08823529411764706,34.0,0.0,0.0,0.0,25.0
p_167,0.024242424242424242,0.05714285714285714,0.015384615384615385,0.029180695847362513,0.06878306878306878,0.018518518518518517,108.0,0.0,0.0,0.0,0.0,0.12121212121212122,0.2857142857142857,0.07692307692307693,26.0,0.0,0.0,0.0,31.0,0.0,0.0,0.0,48.0,0.0,0.0,0.0,3.0
p_168,0.0,0.0,0.0,0.0,0.0,0.0,108.0,0.0,0.0,0.0,0.0,0.0,0.0,0.0,23.0,0.0,0.0,0.0,30.0,0.0,0.0,0.0,40.0,0.0,0.0,0.0,15.0
p_169,0.027586206896551724,0.05714285714285714,0.01818181818181818,0.0280970625798212,0.0582010582010582,0.018518518518518517,108.0,0.0,0.0,0.0,0.0,0.0,0.0,0.0,53.0,0.0,0.0,0.0,15.0,0.13793103448275862,0.2857142857142857,0.09090909090909091,22.0,0.0,0.0,0.0,18.0
p_170,0.0,0.0,0.0,0.0,0.0,0.0,108.0,0.0,0.0,0.0,0.0,0.0,0.0,0.0,22.0,0.0,0.0,0.0,20.0,0.0,0.0,0.0,49.0,0.0,0.0,0.0,17.0
p_171,0.0,0.0,0.0,0.0,0.0,0.0,108.0,0.0,0.0,0.0,0.0,0.0,0.0,0.0,42.0,0.0,0.0,0.0,14.0,0.0,0.0,0.0,15.0,0.0,0.0,0.0,37.0
p_172,0.025396825396825397,0.1,0.014545454545454545,0.06466784244562022,0.25462962962962965,0.037037037037037035,108.0,0.0,0.0,0.0,0.0,0.12698412698412698,0.5,0.07272727272727272,55.0,0.0,0.0,0.0,12.0,0.0,0.0,0.0,27.0,0.0,0.0,0.0,14.0
p_173,0.05263157894736842,0.125,0.03333333333333333,0.07309941520467836,0.1736111111111111,0.046296296296296294,108.0,0.0,0.0,0.0,0.0,0.2631578947368421,0.625,0.16666666666666666,30.0,0.0,0.0,0.0,21.0,0.0,0.0,0.0,21.0,0.0,0.0,0.0,36.0
p_174,0.04528301886792453,0.13333333333333333,0.02727272727272727,0.09224318658280922,0.2716049382716049,0.05555555555555555,108.0,0.0,0.0,0.0,0.0,0.22641509433962265,0.6666666666666666,0.13636363636363635,44.0,0.0,0.0,0.0,13.0,0.0,0.0,0.0,35.0,0.0,0.0,0.0,16.0
p_175,0.03636363636363636,0.08571428571428572,0.023076923076923078,0.04377104377104377,0.10317460317460317,0.027777777777777776,108.0,0.0,0.0,0.0,0.0,0.18181818181818182,0.42857142857142855,0.11538461538461539,26.0,0.0,0.0,0.0,29.0,0.0,0.0,0.0,32.0,0.0,0.0,0.0,21.0
p_176,0.03428571428571429,0.08571428571428572,0.02142857142857143,0.044444444444444446,0.1111111111111111,0.027777777777777776,108.0,0.0,0.0,0.0,0.0,0.17142857142857143,0.42857142857142855,0.10714285714285714,28.0,0.0,0.0,0.0,26.0,0.0,0.0,0.0,38.0,0.0,0.0,0.0,16.0
p_177,0.032432432432432434,0.075,0.020689655172413793,0.04354354354354354,0.10069444444444445,0.027777777777777776,108.0,0.0,0.0,0.0,0.0,0.16216216216216217,0.375,0.10344827586206896,29.0,0.0,0.0,0.0,13.0,0.0,0.0,0.0,45.0,0.0,0.0,0.0,21.0
p_178,0.014814814814814814,0.025,0.010526315789473684,0.013031550068587106,0.02199074074074074,0.009259259259259259,108.0,0.0,0.0,0.0,0.0,0.0,0.0,0.0,39.0,0.07407407407407407,0.125,0.05263157894736842,19.0,0.0,0.0,0.0,36.0,0.0,0.0,0.0,14.0
p_179,0.010256410256410256,0.02857142857142857,0.00625,0.015194681861348527,0.042328042328042326,0.009259259259259259,108.0,0.0,0.0,0.0,0.0,0.05128205128205128,0.14285714285714285,0.03125,32.0,0.0,0.0,0.0,13.0,0.0,0.0,0.0,23.0,0.0,0.0,0.0,40.0
p_180,0.02222222222222222,0.05,0.014285714285714285,0.028806584362139915,0.06481481481481481,0.018518518518518517,108.0,0.0,0.0,0.0,0.0,0.1111111111111111,0.25,0.07142857142857142,28.0,0.0,0.0,0.0,25.0,0.0,0.0,0.0,29.0,0.0,0.0,0.0,26.0
p_181,0.01509433962264151,0.05714285714285714,0.008695652173913044,0.032145352900069875,0.12169312169312169,0.018518518518518517,108.0,0.0,0.0,0.0,0.0,0.07547169811320754,0.2857142857142857,0.043478260869565216,46.0,0.0,0.0,0.0,6.0,0.0,0.0,0.0,30.0,0.0,0.0,0.0,26.0
p_182,0.011764705882352941,0.02222222222222222,0.008,0.013616557734204792,0.025720164609053495,0.009259259259259259,108.0,0.0,0.0,0.0,0.0,0.0,0.0,0.0,36.0,0.0,0.0,0.0,30.0,0.0,0.0,0.0,17.0,0.058823529411764705,0.1111111111111111,0.04,25.0
p_183,0.014285714285714285,0.02857142857142857,0.009523809523809523,0.013888888888888888,0.027777777777777776,0.009259259259259259,108.0,0.0,0.0,0.0,0.0,0.0,0.0,0.0,24.0,0.0,0.0,0.0,5.0,0.0,0.0,0.0,58.0,0.07142857142857142,0.14285714285714285,0.047619047619047616,21.0
p_184,0.024,0.08571428571428572,0.013953488372093023,0.04777777777777778,0.1706349206349206,0.027777777777777776,108.0,0.0,0.0,0.0,0.0,0.12,0.42857142857142855,0.06976744186046512,43.0,0.0,0.0,0.0,31.0,0.0,0.0,0.0,15.0,0.0,0.0,0.0,19.0
p_185,0.016,0.02857142857142857,0.01111111111111111,0.013333333333333332,0.023809523809523808,0.009259259259259259,108.0,0.0,0.0,0.0,0.0,0.08,0.14285714285714285,0.05555555555555555,18.0,0.0,0.0,0.0,13.0,0.0,0.0,0.0,34.0,0.0,0.0,0.0,43.0
p_186,0.032,0.05714285714285714,0.02222222222222222,0.026666666666666665,0.047619047619047616,0.018518518518518517,108.0,0.0,0.0,0.0,0.0,0.0,0.0,0.0,52.0,0.0,0.0,0.0,27.0,0.0,0.0,0.0,11.0,0.16,0.2857142857142857,0.1111111111111111,18.0
p_187,0.03076923076923077,0.08571428571428572,0.01875,0.045584045584045586,0.12698412698412698,0.027777777777777776,108.0,0.0,0.0,0.0,0.0,0.15384615384615385,0.42857142857142855,0.09375,32.0,0.0,0.0,0.0,15.0,0.0,0.0,0.0,34.0,0.0,0.0,0.0,27.0
p_188,0.064,0.1,0.047058823529411764,0.05037037037037037,0.0787037037037037,0.037037037037037035,108.0,0.0,0.0,0.0,0.0,0.0,0.0,0.0,39.0,0.32,0.5,0.23529411764705882,17.0,0.0,0.0,0.0,25.0,0.0,0.0,0.0,27.0
p_189,0.047058823529411764,0.04444444444444444,0.05,0.017429193899782133,0.016460905349794237,0.018518518518518517,108.0,0.0,0.0,0.0,0.0,0.0,0.0,0.0,44.0,0.23529411764705882,0.2222222222222222,0.25,8.0,0.0,0.0,0.0,19.0,0.0,0.0,0.0,37.0
p_190,0.0,0.0,0.0,0.0,0.0,0.0,108.0,0.0,0.0,0.0,0.0,0.0,0.0,0.0,44.0,0.0,0.0,0.0,6.0,0.0,0.0,0.0,14.0,0.0,0.0,0.0,44.0
p_191,0.019047619047619046,0.025,0.015384615384615385,0.011463844797178132,0.015046296296296295,0.009259259259259259,108.0,0.0,0.0,0.0,0.0,0.0,0.0,0.0,42.0,0.0,0.0,0.0,8.0,0.09523809523809523,0.125,0.07692307692307693,13.0,0.0,0.0,0.0,45.0
p_192,0.03571428571428571,0.125,0.020833333333333336,0.07936507936507936,0.2777777777777778,0.046296296296296294,108.0,0.0,0.0,0.0,0.0,0.17857142857142858,0.625,0.10416666666666667,48.0,0.0,0.0,0.0,10.0,0.0,0.0,0.0,13.0,0.0,0.0,0.0,37.0
p_193,0.021052631578947368,0.025,0.01818181818181818,0.010721247563352828,0.01273148148148148,0.009259259259259259,108.0,0.0,0.0,0.0,0.0,0.0,0.0,0.0,43.0,0.0,0.0,0.0,28.0,0.0,0.0,0.0,26.0,0.10526315789473684,0.125,0.09090909090909091,11.0
p_194,0.0,0.0,0.0,0.0,0.0,0.0,108.0,0.0,0.0,0.0,0.0,0.0,0.0,0.0,44.0,0.0,0.0,0.0,5.0,0.0,0.0,0.0,40.0,0.0,0.0,0.0,19.0
p_195,0.013333333333333332,0.025,0.00909090909090909,0.013580246913580245,0.02546296296296296,0.009259259259259259,108.0,0.0,0.0,0.0,0.0,0.0,0.0,0.0,35.0,0.06666666666666667,0.125,0.045454545454545456,22.0,0.0,0.0,0.0,28.0,0.0,0.0,0.0,23.0
p_196,0.03809523809523809,0.05714285714285714,0.02857142857142857,0.024691358024691357,0.037037037037037035,0.018518518518518517,108.0,0.0,0.0,0.0,0.0,0.0,0.0,0.0,26.0,0.19047619047619047,0.2857142857142857,0.14285714285714285,14.0,0.0,0.0,0.0,24.0,0.0,0.0,0.0,44.0
p_197,0.011428571428571429,0.02857142857142857,0.007142857142857143,0.014814814814814814,0.037037037037037035,0.009259259259259259,108.0,0.0,0.0,0.0,0.0,0.0,0.0,0.0,47.0,0.0,0.0,0.0,18.0,0.05714285714285714,0.14285714285714285,0.03571428571428571,28.0,0.0,0.0,0.0,15.0
p_198,0.020689655172413793,0.075,0.012,0.04789272030651341,0.1736111111111111,0.027777777777777776,108.0,0.0,0.0,0.0,0.0,0.10344827586206896,0.375,0.06,50.0,0.0,0.0,0.0,14.0,0.0,0.0,0.0,17.0,0.0,0.0,0.0,27.0
p_199,0.02702702702702703,0.14285714285714285,0.014925373134328356,0.08383383383383383,0.44312169312169314,0.046296296296296294,108.0,0.0,0.0,0.0,0.0,0.13513513513513514,0.7142857142857143,0.07462686567164178,67.0,0.0,0.0,0.0,5.0,0.0,0.0,0.0,17.0,0.0,0.0,0.0,19.0
p_200,0.02222222222222222,0.05,0.014285714285714285,0.028806584362139915,0.06481481481481481,0.018518518518518517,108.0,0.0,0.0,0.0,0.0,0.0,0.0,0.0,52.0,0.0,0.0,0.0,12.0,0.0,0.0,0.0,16.0,0.1111111111111111,0.25,0.07142857142857142,28.0
p_201,0.03333333333333333,0.05714285714285714,0.023529411764705882,0.026234567901234566,0.04497354497354497,0.018518518518518517,108.0,0.0,0.0,0.0,0.0,0.0,0.0,0.0,59.0,0.16666666666666666,0.2857142857142857,0.11764705882352941,17.0,0.0,0.0,0.0,9.0,0.0,0.0,0.0,23.0
p_202,0.0,0.0,0.0,0.0,0.0,0.0,108.0,0.0,0.0,0.0,0.0,0.0,0.0,0.0,59.0,0.0,0.0,0.0,17.0,0.0,0.0,0.0,15.0,0.0,0.0,0.0,17.0
p_203,0.04528301886792453,0.17142857142857143,0.02608695652173913,0.09643605870020965,0.36507936507936506,0.05555555555555555,108.0,0.0,0.0,0.0,0.0,0.22641509433962265,0.8571428571428571,0.13043478260869565,46.0,0.0,0.0,0.0,28.0,0.0,0.0,0.0,11.0,0.0,0.0,0.0,23.0
p_204,0.017391304347826087,0.02857142857142857,0.0125,0.01288244766505636,0.021164021164021163,0.009259259259259259,108.0,0.0,0.0,0.0,0.0,0.0,0.0,0.0,56.0,0.08695652173913043,0.14285714285714285,0.0625,16.0,0.0,0.0,0.0,19.0,0.0,0.0,0.0,17.0
p_205,0.016,0.05714285714285714,0.009302325581395349,0.03185185185185185,0.11375661375661375,0.018518518518518517,108.0,0.0,0.0,0.0,0.0,0.08,0.2857142857142857,0.046511627906976744,43.0,0.0,0.0,0.0,12.0,0.0,0.0,0.0,28.0,0.0,0.0,0.0,25.0
p_206,0.02142857142857143,0.075,0.0125,0.047619047619047616,0.16666666666666666,0.027777777777777776,108.0,0.0,0.0,0.0,0.0,0.10714285714285714,0.375,0.0625,48.0,0.0,0.0,0.0,10.0,0.0,0.0,0.0,31.0,0.0,0.0,0.0,19.0
p_207,0.04,0.125,0.023809523809523808,0.07777777777777778,0.24305555555555555,0.046296296296296294,108.0,0.0,0.0,0.0,0.0,0.2,0.625,0.11904761904761904,42.0,0.0,0.0,0.0,16.0,0.0,0.0,0.0,17.0,0.0,0.0,0.0,33.0
p_208,0.03265306122448979,0.08888888888888888,0.02,0.06046863189720332,0.1646090534979424,0.037037037037037035,108.0,0.0,0.0,0.0,0.0,0.16326530612244897,0.4444444444444444,0.1,40.0,0.0,0.0,0.0,17.0,0.0,0.0,0.0,14.0,0.0,0.0,0.0,37.0
p_209,0.010526315789473684,0.025,0.006666666666666666,0.014619883040935673,0.034722222222222224,0.009259259259259259,108.0,0.0,0.0,0.0,0.0,0.05263157894736842,0.125,0.03333333333333333,30.0,0.0,0.0,0.0,25.0,0.0,0.0,0.0,17.0,0.0,0.0,0.0,36.0
p_210,0.021052631578947368,0.05,0.013333333333333332,0.029239766081871347,0.06944444444444445,0.018518518518518517,108.0,0.0,0.0,0.0,0.0,0.0,0.0,0.0,52.0,0.0,0.0,0.0,18.0,0.0,0.0,0.0,8.0,0.10526315789473684,0.25,0.06666666666666667,30.0
p_211,0.027586206896551724,0.11428571428571428,0.01568627450980392,0.06513409961685823,0.2698412698412698,0.037037037037037035,108.0,0.0,0.0,0.0,0.0,0.13793103448275862,0.5714285714285714,0.0784313725490196,51.0,0.0,0.0,0.0,16.0,0.0,0.0,0.0,11.0,0.0,0.0,0.0,30.0
p_212,0.03076923076923077,0.08571428571428572,0.01875,0.045584045584045586,0.12698412698412698,0.027777777777777776,108.0,0.0,0.0,0.0,0.0,0.0,0.0,0.0,47.0,0.0,0.0,0.0,15.0,0.15384615384615385,0.42857142857142855,0.09375,32.0,0.0,0.0,0.0,14.0
p_213,0.029268292682926828,0.08571428571428572,0.01764705882352941,0.04607046070460705,0.1349206349206349,0.027777777777777776,108.0,0.0,0.0,0.0,0.0,0.14634146341463414,0.42857142857142855,0.08823529411764706,34.0,0.0,0.0,0.0,26.0,0.0,0.0,0.0,17.0,0.0,0.0,0.0,31.0
p_214,0.036923076923076927,0.15,0.021052631578947368,0.09743589743589744,0.3958333333333333,0.05555555555555555,108.0,0.0,0.0,0.0,0.0,0.18461538461538463,0.75,0.10526315789473684,57.0,0.0,0.0,0.0,31.0,0.0,0.0,0.0,11.0,0.0,0.0,0.0,9.0
p_215,0.009523809523809523,0.025,0.0058823529411764705,0.014991181657848325,0.03935185185185185,0.009259259259259259,108.0,0.0,0.0,0.0,0.0,0.0,0.0,0.0,35.0,0.0,0.0,0.0,27.0,0.047619047619047616,0.125,0.029411764705882353,34.0,0.0,0.0,0.0,12.0
p_216,0.02857142857142857,0.05714285714285714,0.019047619047619046,0.027777777777777776,0.05555555555555555,0.018518518518518517,108.0,0.0,0.0,0.0,0.0,0.0,0.0,0.0,28.0,0.0,0.0,0.0,22.0,0.0,0.0,0.0,37.0,0.14285714285714285,0.2857142857142857,0.09523809523809523,21.0
p_217,0.03529411764705882,0.075,0.023076923076923078,0.04248366013071896,0.09027777777777778,0.027777777777777776,108.0,0.0,0.0,0.0,0.0,0.0,0.0,0.0,41.0,0.0,0.0,0.0,13.0,0.0,0.0,0.0,28.0,0.17647058823529413,0.375,0.11538461538461539,26.0
p_218,0.0,0.0,0.0,0.0,0.0,0.0,108.0,0.0,0.0,0.0,0.0,0.0,0.0,0.0,21.0,0.0,0.0,0.0,26.0,0.0,0.0,0.0,29.0,0.0,0.0,0.0,32.0
p_219,0.013333333333333332,0.05714285714285714,0.007547169811320755,0.03271604938271605,0.1402116402116402,0.018518518518518517,108.0,0.0,0.0,0.0,0.0,0.06666666666666667,0.2857142857142857,0.03773584905660377,53.0,0.0,0.0,0.0,18.0,0.0,0.0,0.0,22.0,0.0,0.0,0.0,15.0
p_220,0.025806451612903226,0.05714285714285714,0.016666666666666666,0.02867383512544803,0.06349206349206349,0.018518518518518517,108.0,0.0,0.0,0.0,0.0,0.12903225806451613,0.2857142857142857,0.08333333333333333,24.0,0.0,0.0,0.0,32.0,0.0,0.0,0.0,24.0,0.0,0.0,0.0,28.0
p_221,0.02222222222222222,0.02857142857142857,0.01818181818181818,0.011316872427983538,0.01455026455026455,0.009259259259259259,108.0,0.0,0.0,0.0,0.0,0.0,0.0,0.0,34.0,0.0,0.0,0.0,37.0,0.0,0.0,0.0,26.0,0.1111111111111111,0.14285714285714285,0.09090909090909091,11.0
p_222,0.022857142857142857,0.05714285714285714,0.014285714285714285,0.029629629629629627,0.07407407407407407,0.018518518518518517,108.0,0.0,0.0,0.0,0.0,0.11428571428571428,0.2857142857142857,0.07142857142857142,28.0,0.0,0.0,0.0,22.0,0.0,0.0,0.0,35.0,0.0,0.0,0.0,23.0
p_223,0.0,0.0,0.0,0.0,0.0,0.0,108.0,0.0,0.0,0.0,0.0,0.0,0.0,0.0,46.0,0.0,0.0,0.0,32.0,0.0,0.0,0.0,9.0,0.0,0.0,0.0,21.0
p_224,0.026666666666666665,0.05714285714285714,0.017391304347826087,0.02839506172839506,0.06084656084656084,0.018518518518518517,108.0,0.0,0.0,0.0,0.0,0.0,0.0,0.0,33.0,0.0,0.0,0.0,24.0,0.0,0.0,0.0,28.0,0.13333333333333333,0.2857142857142857,0.08695652173913043,23.0
p_225,0.025,0.08571428571428572,0.014634146341463414,0.047453703703703706,0.16269841269841268,0.027777777777777776,108.0,0.0,0.0,0.0,0.0,0.0,0.0,0.0,39.0,0.0,0.0,0.0,16.0,0.0,0.0,0.0,12.0,0.125,0.42857142857142855,0.07317073170731707,41.0
p_226,0.05217391304347826,0.075,0.04,0.036231884057971016,0.052083333333333336,0.027777777777777776,108.0,0.0,0.0,0.0,0.0,0.0,0.0,0.0,34.0,0.0,0.0,0.0,35.0,0.0,0.0,0.0,24.0,0.2608695652173913,0.375,0.2,15.0
p_227,0.0,0.0,0.0,0.0,0.0,0.0,108.0,0.0,0.0,0.0,0.0,0.0,0.0,0.0,31.0,0.0,0.0,0.0,9.0,0.0,0.0,0.0,21.0,0.0,0.0,0.0,47.0
p_228,0.014285714285714285,0.02857142857142857,0.009523809523809523,0.013888888888888888,0.027777777777777776,0.009259259259259259,108.0,0.0,0.0,0.0,0.0,0.0,0.0,0.0,31.0,0.0,0.0,0.0,38.0,0.0,0.0,0.0,18.0,0.07142857142857142,0.14285714285714285,0.047619047619047616,21.0
p_229,0.016666666666666666,0.025,0.0125,0.012345679012345678,0.018518518518518517,0.009259259259259259,108.0,0.0,0.0,0.0,0.0,0.0,0.0,0.0,38.0,0.0,0.0,0.0,17.0,0.0,0.0,0.0,37.0,0.08333333333333333,0.125,0.0625,16.0
p_230,0.05600000000000001,0.15555555555555556,0.03414634146341464,0.1062962962962963,0.2952674897119342,0.06481481481481483,108.0,0.0,0.0,0.0,0.0,0.28,0.7777777777777778,0.17073170731707318,41.0,0.0,0.0,0.0,13.0,0.0,0.0,0.0,31.0,0.0,0.0,0.0,23.0
p_231,0.016,0.02857142857142857,0.01111111111111111,0.013333333333333332,0.023809523809523808,0.009259259259259259,108.0,0.0,0.0,0.0,0.0,0.0,0.0,0.0,44.0,0.0,0.0,0.0,25.0,0.0,0.0,0.0,21.0,0.08,0.14285714285714285,0.05555555555555555,18.0
p_232,0.017391304347826087,0.02857142857142857,0.0125,0.01288244766505636,0.021164021164021163,0.009259259259259259,108.0,0.0,0.0,0.0,0.0,0.0,0.0,0.0,58.0,0.08695652173913043,0.14285714285714285,0.0625,16.0,0.0,0.0,0.0,17.0,0.0,0.0,0.0,17.0
p_233,0.0375,0.08571428571428572,0.024,0.043402777777777776,0.0992063492063492,0.027777777777777776,108.0,0.0,0.0,0.0,0.0,0.0,0.0,0.0,40.0,0.0,0.0,0.0,10.0,0.0,0.0,0.0,33.0,0.1875,0.42857142857142855,0.12,25.0
p_234,0.03809523809523809,0.05,0.03076923076923077,0.022927689594356263,0.03009259259259259,0.018518518518518517,108.0,0.0,0.0,0.0,0.0,0.0,0.0,0.0,47.0,0.19047619047619047,0.25,0.15384615384615385,13.0,0.0,0.0,0.0,31.0,0.0,0.0,0.0,17.0
p_235,0.024489795918367346,0.075,0.014634146341463414,0.046485260770975055,0.1423611111111111,0.027777777777777776,108.0,0.0,0.0,0.0,0.0,0.12244897959183673,0.375,0.07317073170731707,41.0,0.0,0.0,0.0,1.0,0.0,0.0,0.0,20.0,0.0,0.0,0.0,46.0
p_236,0.015384615384615385,0.04444444444444444,0.009302325581395349,0.03062678062678063,0.08847736625514403,0.018518518518518517,108.0,0.0,0.0,0.0,0.0,0.07692307692307693,0.2222222222222222,0.046511627906976744,43.0,0.0,0.0,0.0,12.0,0.0,0.0,0.0,24.0,0.0,0.0,0.0,29.0
p_237,0.016666666666666666,0.05714285714285714,0.00975609756097561,0.031635802469135804,0.10846560846560846,0.018518518518518517,108.0,0.0,0.0,0.0,0.0,0.0,0.0,0.0,28.0,0.0,0.0,0.0,8.0,0.08333333333333333,0.2857142857142857,0.04878048780487805,41.0,0.0,0.0,0.0,31.0
p_238,0.048,0.075,0.03529411764705882,0.03777777777777778,0.059027777777777776,0.027777777777777776,108.0,0.0,0.0,0.0,0.0,0.0,0.0,0.0,65.0,0.0,0.0,0.0,5.0,0.24,0.375,0.17647058823529413,17.0,0.0,0.0,0.0,21.0
p_239,0.0,0.0,0.0,0.0,0.0,0.0,108.0,0.0,0.0,0.0,0.0,0.0,0.0,0.0,25.0,0.0,0.0,0.0,10.0,0.0,0.0,0.0,33.0,0.0,0.0,0.0,40.0
p_240,0.027906976744186046,0.075,0.017142857142857144,0.04521963824289405,0.12152777777777778,0.027777777777777776,108.0,0.0,0.0,0.0,0.0,0.13953488372093023,0.375,0.08571428571428572,35.0,0.0,0.0,0.0,8.0,0.0,0.0,0.0,26.0,0.0,0.0,0.0,39.0
p_241,0.0,0.0,0.0,0.0,0.0,0.0,108.0,0.0,0.0,0.0,0.0,0.0,0.0,0.0,45.0,0.0,0.0,0.0,29.0,0.0,0.0,0.0,15.0,0.0,0.0,0.0,19.0
p_242,0.04444444444444444,0.08571428571428572,0.03,0.0411522633744856,0.07936507936507936,0.027777777777777776,108.0,0.0,0.0,0.0,0.0,0.0,0.0,0.0,26.0,0.2222222222222222,0.42857142857142855,0.15,20.0,0.0,0.0,0.0,24.0,0.0,0.0,0.0,38.0
p_243,0.02553191489361702,0.08571428571428572,0.015,0.04728132387706855,0.15873015873015872,0.027777777777777776,108.0,0.0,0.0,0.0,0.0,0.1276595744680851,0.42857142857142855,0.075,40.0,0.0,0.0,0.0,12.0,0.0,0.0,0.0,20.0,0.0,0.0,0.0,36.0
p_244,0.0,0.0,0.0,0.0,0.0,0.0,108.0,0.0,0.0,0.0,0.0,0.0,0.0,0.0,28.0,0.0,0.0,0.0,5.0,0.0,0.0,0.0,25.0,0.0,0.0,0.0,50.0
p_245,0.0,0.0,0.0,0.0,0.0,0.0,108.0,0.0,0.0,0.0,0.0,0.0,0.0,0.0,32.0,0.0,0.0,0.0,9.0,0.0,0.0,0.0,42.0,0.0,0.0,0.0,25.0
p_246,0.034782608695652174,0.05714285714285714,0.025,0.02576489533011272,0.042328042328042326,0.018518518518518517,108.0,0.0,0.0,0.0,0.0,0.0,0.0,0.0,49.0,0.0,0.0,0.0,16.0,0.17391304347826086,0.2857142857142857,0.125,16.0,0.0,0.0,0.0,27.0
p_247,0.0,0.0,0.0,0.0,0.0,0.0,108.0,0.0,0.0,0.0,0.0,0.0,0.0,0.0,42.0,0.0,0.0,0.0,13.0,0.0,0.0,0.0,31.0,0.0,0.0,0.0,22.0
p_248,0.011764705882352941,0.025,0.007692307692307693,0.014161220043572984,0.03009259259259259,0.009259259259259259,108.0,0.0,0.0,0.0,0.0,0.058823529411764705,0.125,0.038461538461538464,26.0,0.0,0.0,0.0,16.0,0.0,0.0,0.0,17.0,0.0,0.0,0.0,49.0
p_249,0.06,0.075,0.05,0.03333333333333333,0.041666666666666664,0.027777777777777776,108.0,0.0,0.0,0.0,0.0,0.0,0.0,0.0,44.0,0.3,0.375,0.25,12.0,0.0,0.0,0.0,19.0,0.0,0.0,0.0,33.0
p_250,0.008695652173913044,0.025,0.005263157894736842,0.015297906602254429,0.04398148148148148,0.009259259259259259,108.0,0.0,0.0,0.0,0.0,0.043478260869565216,0.125,0.02631578947368421,38.0,0.0,0.0,0.0,22.0,0.0,0.0,0.0,16.0,0.0,0.0,0.0,32.0
p_251,0.012121212121212121,0.02857142857142857,0.007692307692307693,0.014590347923681257,0.03439153439153439,0.009259259259259259,108.0,0.0,0.0,0.0,0.0,0.0,0.0,0.0,22.0,0.0,0.0,0.0,28.0,0.06060606060606061,0.14285714285714285,0.038461538461538464,26.0,0.0,0.0,0.0,32.0
p_252,0.045714285714285714,0.1,0.029629629629629627,0.057142857142857134,0.125,0.037037037037037035,108.0,0.0,0.0,0.0,0.0,0.22857142857142856,0.5,0.14814814814814814,27.0,0.0,0.0,0.0,18.0,0.0,0.0,0.0,34.0,0.0,0.0,0.0,29.0
p_253,0.041379310344827586,0.08571428571428572,0.02727272727272727,0.0421455938697318,0.08730158730158731,0.027777777777777776,108.0,0.0,0.0,0.0,0.0,0.0,0.0,0.0,25.0,0.0,0.0,0.0,35.0,0.20689655172413793,0.42857142857142855,0.13636363636363635,22.0,0.0,0.0,0.0,26.0
p_254,0.008333333333333333,0.02857142857142857,0.004878048780487805,0.015817901234567902,0.05423280423280423,0.009259259259259259,108.0,0.0,0.0,0.0,0.0,0.0,0.0,0.0,27.0,0.0,0.0,0.0,15.0,0.041666666666666664,0.14285714285714285,0.024390243902439025,41.0,0.0,0.0,0.0,25.0
p_255,0.022857142857142857,0.05,0.014814814814814814,0.028571428571428567,0.0625,0.018518518518518517,108.0,0.0,0.0,0.0,0.0,0.0,0.0,0.0,35.0,0.0,0.0,0.0,15.0,0.0,0.0,0.0,31.0,0.11428571428571428,0.25,0.07407407407407407,27.0
p_256,0.01951219512195122,0.05,0.012121212121212121,0.029810298102981032,0.0763888888888889,0.018518518518518517,108.0,0.0,0.0,0.0,0.0,0.0,0.0,0.0,22.0,0.0975609756097561,0.25,0.06060606060606061,33.0,0.0,0.0,0.0,17.0,0.0,0.0,0.0,36.0
p_257,0.027906976744186046,0.08571428571428572,0.016666666666666666,0.046511627906976744,0.14285714285714285,0.027777777777777776,108.0,0.0,0.0,0.0,0.0,0.13953488372093023,0.42857142857142855,0.08333333333333333,36.0,0.0,0.0,0.0,24.0,0.0,0.0,0.0,11.0,0.0,0.0,0.0,37.0
p_258,0.029629629629629627,0.05714285714285714,0.02,0.027434842249657063,0.0529100529100529,0.018518518518518517,108.0,0.0,0.0,0.0,0.0,0.14814814814814814,0.2857142857142857,0.1,20.0,0.0,0.0,0.0,36.0,0.0,0.0,0.0,20.0,0.0,0.0,0.0,32.0
p_259,0.048,0.08571428571428572,0.03333333333333333,0.04,0.07142857142857142,0.027777777777777776,108.0,0.0,0.0,0.0,0.0,0.24,0.42857142857142855,0.16666666666666666,18.0,0.0,0.0,0.0,50.0,0.0,0.0,0.0,22.0,0.0,0.0,0.0,18.0
p_260,0.022857142857142857,0.05714285714285714,0.014285714285714285,0.029629629629629627,0.07407407407407407,0.018518518518518517,108.0,0.0,0.0,0.0,0.0,0.0,0.0,0.0,26.0,0.0,0.0,0.0,12.0,0.0,0.0,0.0,42.0,0.11428571428571428,0.2857142857142857,0.07142857142857142,28.0
p_261,0.0,0.0,0.0,0.0,0.0,0.0,108.0,0.0,0.0,0.0,0.0,0.0,0.0,0.0,24.0,0.0,0.0,0.0,29.0,0.0,0.0,0.0,25.0,0.0,0.0,0.0,30.0
p_262,0.017777777777777778,0.05714285714285714,0.010526315789473684,0.031275720164609055,0.10052910052910052,0.018518518518518517,108.0,0.0,0.0,0.0,0.0,0.0,0.0,0.0,35.0,0.0,0.0,0.0,24.0,0.08888888888888889,0.2857142857142857,0.05263157894736842,38.0,0.0,0.0,0.0,11.0
p_263,0.05185185185185185,0.15555555555555556,0.03111111111111111,0.10802469135802469,0.32407407407407407,0.06481481481481481,108.0,0.0,0.0,0.0,0.0,0.25925925925925924,0.7777777777777778,0.15555555555555556,45.0,0.0,0.0,0.0,18.0,0.0,0.0,0.0,27.0,0.0,0.0,0.0,18.0
p_264,0.05,0.06666666666666667,0.04,0.034722222222222224,0.046296296296296294,0.027777777777777776,108.0,0.0,0.0,0.0,0.0,0.0,0.0,0.0,51.0,0.0,0.0,0.0,16.0,0.0,0.0,0.0,26.0,0.25,0.3333333333333333,0.2,15.0
p_265,0.041379310344827586,0.08571428571428572,0.02727272727272727,0.0421455938697318,0.08730158730158731,0.027777777777777776,108.0,0.0,0.0,0.0,0.0,0.0,0.0,0.0,47.0,0.0,0.0,0.0,12.0,0.0,0.0,0.0,27.0,0.20689655172413793,0.42857142857142855,0.13636363636363635,22.0
p_266,0.011940298507462687,0.05714285714285714,0.006666666666666666,0.03316749585406302,0.15873015873015872,0.018518518518518517,108.0,0.0,0.0,0.0,0.0,0.05970149253731343,0.2857142857142857,0.03333333333333333,60.0,0.0,0.0,0.0,14.0,0.0,0.0,0.0,23.0,0.0,0.0,0.0,11.0
p_267,0.02807017543859649,0.11428571428571428,0.016,0.0649772579597141,0.26455026455026454,0.037037037037037035,108.0,0.0,0.0,0.0,0.0,0.14035087719298245,0.5714285714285714,0.08,50.0,0.0,0.0,0.0,13.0,0.0,0.0,0.0,20.0,0.0,0.0,0.0,25.0
p_268,0.05,0.05714285714285714,0.04444444444444444,0.020833333333333332,0.023809523809523808,0.018518518518518517,108.0,0.0,0.0,0.0,0.0,0.0,0.0,0.0,34.0,0.0,0.0,0.0,35.0,0.0,0.0,0.0,30.0,0.25,0.2857142857142857,0.2222222222222222,9.0
p_269,0.011764705882352941,0.02857142857142857,0.007407407407407407,0.014705882352941176,0.03571428571428571,0.009259259259259259,108.0,0.0,0.0,0.0,0.0,0.058823529411764705,0.14285714285714285,0.037037037037037035,27.0,0.0,0.0,0.0,34.0,0.0,0.0,0.0,27.0,0.0,0.0,0.0,20.0
p_270,0.04,0.08571428571428572,0.02608695652173913,0.0425925925925926,0.09126984126984126,0.027777777777777776,108.0,0.0,0.0,0.0,0.0,0.0,0.0,0.0,39.0,0.0,0.0,0.0,29.0,0.0,0.0,0.0,17.0,0.2,0.42857142857142855,0.13043478260869565,23.0
p_271,0.0,0.0,0.0,0.0,0.0,0.0,108.0,0.0,0.0,0.0,0.0,0.0,0.0,0.0,21.0,0.0,0.0,0.0,16.0,0.0,0.0,0.0,32.0,0.0,0.0,0.0,39.0
p_272,0.027906976744186046,0.075,0.017142857142857144,0.04521963824289405,0.12152777777777778,0.027777777777777776,108.0,0.0,0.0,0.0,0.0,0.13953488372093023,0.375,0.08571428571428572,35.0,0.0,0.0,0.0,26.0,0.0,0.0,0.0,13.0,0.0,0.0,0.0,34.0
p_273,0.0,0.0,0.0,0.0,0.0,0.0,108.0,0.0,0.0,0.0,0.0,0.0,0.0,0.0,53.0,0.0,0.0,0.0,8.0,0.0,0.0,0.0,31.0,0.0,0.0,0.0,16.0
p_274,0.023529411764705882,0.05714285714285714,0.014814814814814814,0.029411764705882353,0.07142857142857142,0.018518518518518517,108.0,0.0,0.0,0.0,0.0,0.11764705882352941,0.2857142857142857,0.07407407407407407,27.0,0.0,0.0,0.0,44.0,0.0,0.0,0.0,17.0,0.0,0.0,0.0,20.0
p_275,0.032,0.11428571428571428,0.018604651162790697,0.0637037037037037,0.2275132275132275,0.037037037037037035,108.0,0.0,0.0,0.0,0.0,0.16,0.5714285714285714,0.09302325581395349,43.0,0.0,0.0,0.0,32.0,0.0,0.0,0.0,13.0,0.0,0.0,0.0,20.0
p_276,0.048,0.08571428571428572,0.03333333333333333,0.04,0.07142857142857142,0.027777777777777776,108.0,0.0,0.0,0.0,0.0,0.0,0.0,0.0,32.0,0.0,0.0,0.0,28.0,0.0,0.0,0.0,30.0,0.24,0.42857142857142855,0.16666666666666666,18.0
p_277,0.011267605633802818,0.05714285714285714,0.00625,0.03338549817423057,0.1693121693121693,0.018518518518518517,108.0,0.0,0.0,0.0,0.0,0.056338028169014086,0.2857142857142857,0.03125,64.0,0.0,0.0,0.0,14.0,0.0,0.0,0.0,19.0,0.0,0.0,0.0,11.0
p_278,0.0,0.0,0.0,0.0,0.0,0.0,108.0,0.0,0.0,0.0,0.0,0.0,0.0,0.0,44.0,0.0,0.0,0.0,24.0,0.0,0.0,0.0,22.0,0.0,0.0,0.0,18.0
p_279,0.01509433962264151,0.05714285714285714,0.008695652173913044,0.032145352900069875,0.12169312169312169,0.018518518518518517,108.0,0.0,0.0,0.0,0.0,0.07547169811320754,0.2857142857142857,0.043478260869565216,46.0,0.0,0.0,0.0,23.0,0.0,0.0,0.0,23.0,0.0,0.0,0.0,16.0
p_280,0.04,0.08333333333333334,0.02631578947368421,0.07037037037037037,0.14660493827160495,0.046296296296296294,108.0,0.0,0.0,0.0,0.0,0.0,0.0,0.0,33.0,0.0,0.0,0.0,12.0,0.0,0.0,0.0,25.0,0.2,0.4166666666666667,0.13157894736842105,38.0
p_281,0.03870967741935484,0.075,0.02608695652173913,0.041218637992831535,0.0798611111111111,0.027777777777777776,108.0,0.0,0.0,0.0,0.0,0.0,0.0,0.0,36.0,0.1935483870967742,0.375,0.13043478260869565,23.0,0.0,0.0,0.0,29.0,0.0,0.0,0.0,20.0
p_282,0.020512820512820513,0.04444444444444444,0.013333333333333332,0.028490028490028487,0.06172839506172839,0.018518518518518517,108.0,0.0,0.0,0.0,0.0,0.0,0.0,0.0,48.0,0.0,0.0,0.0,14.0,0.0,0.0,0.0,16.0,0.10256410256410256,0.2222222222222222,0.06666666666666667,30.0
p_283,0.02222222222222222,0.02857142857142857,0.01818181818181818,0.011316872427983538,0.01455026455026455,0.009259259259259259,108.0,0.0,0.0,0.0,0.0,0.0,0.0,0.0,67.0,0.0,0.0,0.0,10.0,0.1111111111111111,0.14285714285714285,0.09090909090909091,11.0,0.0,0.0,0.0,20.0
p_284,0.04,0.075,0.02727272727272727,0.040740740740740744,0.0763888888888889,0.027777777777777776,108.0,0.0,0.0,0.0,0.0,0.0,0.0,0.0,61.0,0.0,0.0,0.0,12.0,0.0,0.0,0.0,13.0,0.2,0.375,0.13636363636363635,22.0
p_285,0.04444444444444444,0.05714285714285714,0.03636363636363636,0.022633744855967076,0.0291005291005291,0.018518518518518517,108.0,0.0,0.0,0.0,0.0,0.0,0.0,0.0,57.0,0.0,0.0,0.0,17.0,0.2222222222222222,0.2857142857142857,0.18181818181818182,11.0,0.0,0.0,0.0,23.0
p_286,0.02857142857142857,0.05714285714285714,0.019047619047619046,0.027777777777777776,0.05555555555555555,0.018518518518518517,108.0,0.0,0.0,0.0,0.0,0.0,0.0,0.0,29.0,0.0,0.0,0.0,30.0,0.0,0.0,0.0,28.0,0.14285714285714285,0.2857142857142857,0.09523809523809523,21.0
p_287,0.0,0.0,0.0,0.0,0.0,0.0,108.0,0.0,0.0,0.0,0.0,0.0,0.0,0.0,36.0,0.0,0.0,0.0,24.0,0.0,0.0,0.0,10.0,0.0,0.0,0.0,38.0
p_288,0.017391304347826087,0.025,0.013333333333333332,0.012077294685990338,0.017361111111111112,0.009259259259259259,108.0,0.0,0.0,0.0,0.0,0.0,0.0,0.0,29.0,0.0,0.0,0.0,37.0,0.08695652173913043,0.125,0.06666666666666667,15.0,0.0,0.0,0.0,27.0
p_289,0.00851063829787234,0.02857142857142857,0.005,0.015760441292356184,0.0529100529100529,0.009259259259259259,108.0,0.0,0.0,0.0,0.0,0.0,0.0,0.0,45.0,0.0,0.0,0.0,7.0,0.0,0.0,0.0,16.0,0.0425531914893617,0.14285714285714285,0.025,40.0
p_290,0.022857142857142857,0.05,0.014814814814814814,0.028571428571428567,0.0625,0.018518518518518517,108.0,0.0,0.0,0.0,0.0,0.0,0.0,0.0,70.0,0.0,0.0,0.0,8.0,0.0,0.0,0.0,3.0,0.11428571428571428,0.25,0.07407407407407407,27.0
p_291,0.00909090909090909,0.02857142857142857,0.005405405405405406,0.015572390572390573,0.04894179894179894,0.009259259259259259,108.0,0.0,0.0,0.0,0.0,0.0,0.0,0.0,44.0,0.0,0.0,0.0,13.0,0.0,0.0,0.0,14.0,0.045454545454545456,0.14285714285714285,0.02702702702702703,37.0
p_292,0.025396825396825397,0.08888888888888888,0.014814814814814814,0.06349206349206349,0.2222222222222222,0.037037037037037035,108.0,0.0,0.0,0.0,0.0,0.12698412698412698,0.4444444444444444,0.07407407407407407,54.0,0.0,0.0,0.0,4.0,0.0,0.0,0.0,22.0,0.0,0.0,0.0,28.0
p_293,0.016,0.05714285714285714,0.009302325581395349,0.03185185185185185,0.11375661375661375,0.018518518518518517,108.0,0.0,0.0,0.0,0.0,0.08,0.2857142857142857,0.046511627906976744,43.0,0.0,0.0,0.0,13.0,0.0,0.0,0.0,11.0,0.0,0.0,0.0,41.0
p_294,0.03076923076923077,0.05,0.02222222222222222,0.02564102564102564,0.041666666666666664,0.018518518518518517,108.0,0.0,0.0,0.0,0.0,0.0,0.0,0.0,59.0,0.0,0.0,0.0,14.0,0.0,0.0,0.0,17.0,0.15384615384615385,0.25,0.1111111111111111,18.0
p_295,0.043243243243243246,0.11428571428571428,0.026666666666666665,0.060060060060060066,0.15873015873015872,0.037037037037037035,108.0,0.0,0.0,0.0,0.0,0.21621621621621623,0.5714285714285714,0.13333333333333333,30.0,0.0,0.0,0.0,20.0,0.0,0.0,0.0,18.0,0.0,0.0,0.0,40.0
p_296,0.009523809523809523,0.02857142857142857,0.005714285714285714,0.015432098765432098,0.046296296296296294,0.009259259259259259,108.0,0.0,0.0,0.0,0.0,0.0,0.0,0.0,43.0,0.0,0.0,0.0,13.0,0.0,0.0,0.0,17.0,0.047619047619047616,0.14285714285714285,0.02857142857142857,35.0
p_297,0.008333333333333333,0.025,0.005,0.015432098765432098,0.046296296296296294,0.009259259259259259,108.0,0.0,0.0,0.0,0.0,0.041666666666666664,0.125,0.025,40.0,0.0,0.0,0.0,18.0,0.0,0.0,0.0,13.0,0.0,0.0,0.0,37.0
p_298,0.023076923076923078,0.075,0.013636363636363636,0.047008547008547015,0.1527777777777778,0.027777777777777776,108.0,0.0,0.0,0.0,0.0,0.11538461538461539,0.375,0.06818181818181818,44.0,0.0,0.0,0.0,9.0,0.0,0.0,0.0,7.0,0.0,0.0,0.0,48.0
p_299,0.0,0.0,0.0,0.0,0.0,0.0,108.0,0.0,0.0,0.0,0.0,0.0,0.0,0.0,45.0,0.0,0.0,0.0,25.0,0.0,0.0,0.0,10.0,0.0,0.0,0.0,28.0
p_300,0.0,0.0,0.0,0.0,0.0,0.0,108.0,0.0,0.0,0.0,0.0,0.0,0.0,0.0,44.0,0.0,0.0,0.0,13.0,0.0,0.0,0.0,14.0,0.0,0.0,0.0,37.0
p_301,0.015384615384615385,0.02857142857142857,0.010526315789473684,0.013532763532763534,0.02513227513227513,0.009259259259259259,108.0,0.0,0.0,0.0,0.0,0.0,0.0,0.0,42.0,0.0,0.0,0.0,13.0,0.07692307692307693,0.14285714285714285,0.05263157894736842,19.0,0.0,0.0,0.0,34.0
p_302,0.0,0.0,0.0,0.0,0.0,0.0,108.0,0.0,0.0,0.0,0.0,0.0,0.0,0.0,41.0,0.0,0.0,0.0,20.0,0.0,0.0,0.0,15.0,0.0,0.0,0.0,32.0
p_303,0.0,0.0,0.0,0.0,0.0,0.0,108.0,0.0,0.0,0.0,0.0,0.0,0.0,0.0,13.0,0.0,0.0,0.0,11.0,0.0,0.0,0.0,34.0,0.0,0.0,0.0,50.0
p_304,0.012121212121212121,0.04444444444444444,0.007017543859649122,0.03198653198653199,0.11728395061728394,0.018518518518518517,108.0,0.0,0.0,0.0,0.0,0.06060606060606061,0.2222222222222222,0.03508771929824561,57.0,0.0,0.0,0.0,19.0,0.0,0.0,0.0,6.0,0.0,0.0,0.0,26.0
p_305,0.05555555555555556,0.11111111111111112,0.037037037037037035,0.06944444444444445,0.1388888888888889,0.046296296296296294,108.0,0.0,0.0,0.0,0.0,0.0,0.0,0.0,27.0,0.0,0.0,0.0,21.0,0.0,0.0,0.0,33.0,0.2777777777777778,0.5555555555555556,0.18518518518518517,27.0
p_306,0.0,0.0,0.0,0.0,0.0,0.0,108.0,0.0,0.0,0.0,0.0,0.0,0.0,0.0,31.0,0.0,0.0,0.0,28.0,0.0,0.0,0.0,19.0,0.0,0.0,0.0,30.0
p_307,0.010810810810810811,0.025,0.006896551724137931,0.014514514514514514,0.03356481481481482,0.009259259259259259,108.0,0.0,0.0,0.0,0.0,0.0,0.0,0.0,44.0,0.0,0.0,0.0,10.0,0.0,0.0,0.0,25.0,0.05405405405405406,0.125,0.034482758620689655,29.0
p_308,0.02553191489361702,0.08571428571428572,0.015,0.04728132387706855,0.15873015873015872,0.027777777777777776,108.0,0.0,0.0,0.0,0.0,0.1276595744680851,0.42857142857142855,0.075,40.0,0.0,0.0,0.0,20.0,0.0,0.0,0.0,29.0,0.0,0.0,0.0,19.0
p_309,0.0,0.0,0.0,0.0,0.0,0.0,108.0,0.0,0.0,0.0,0.0,0.0,0.0,0.0,46.0,0.0,0.0,0.0,6.0,0.0,0.0,0.0,21.0,0.0,0.0,0.0,35.0
p_310,0.019047619047619046,0.02857142857142857,0.014285714285714285,0.012345679012345678,0.018518518518518517,0.009259259259259259,108.0,0.0,0.0,0.0,0.0,0.0,0.0,0.0,29.0,0.0,0.0,0.0,30.0,0.0,0.0,0.0,35.0,0.09523809523809523,0.14285714285714285,0.07142857142857142,14.0
p_311,0.010256410256410256,0.025,0.0064516129032258064,0.014719848053181385,0.03587962962962963,0.009259259259259259,108.0,0.0,0.0,0.0,0.0,0.0,0.0,0.0,49.0,0.0,0.0,0.0,10.0,0.0,0.0,0.0,18.0,0.05128205128205128,0.125,0.03225806451612903,31.0
p_312,0.00909090909090909,0.025,0.005555555555555555,0.015151515151515152,0.041666666666666664,0.009259259259259259,108.0,0.0,0.0,0.0,0.0,0.0,0.0,0.0,23.0,0.045454545454545456,0.125,0.027777777777777776,36.0,0.0,0.0,0.0,35.0,0.0,0.0,0.0,14.0
p_313,0.0,0.0,0.0,0.0,0.0,0.0,108.0,0.0,0.0,0.0,0.0,0.0,0.0,0.0,36.0,0.0,0.0,0.0,7.0,0.0,0.0,0.0,43.0,0.0,0.0,0.0,22.0
p_314,0.025806451612903226,0.05,0.017391304347826087,0.027479091995221028,0.05324074074074074,0.018518518518518517,108.0,0.0,0.0,0.0,0.0,0.12903225806451613,0.25,0.08695652173913043,23.0,0.0,0.0,0.0,40.0,0.0,0.0,0.0,29.0,0.0,0.0,0.0,16.0
p_315,0.032432432432432434,0.075,0.020689655172413793,0.04354354354354354,0.10069444444444445,0.027777777777777776,108.0,0.0,0.0,0.0,0.0,0.16216216216216217,0.375,0.10344827586206896,29.0,0.0,0.0,0.0,3.0,0.0,0.0,0.0,39.0,0.0,0.0,0.0,37.0
p_316,0.0,0.0,0.0,0.0,0.0,0.0,108.0,0.0,0.0,0.0,0.0,0.0,0.0,0.0,27.0,0.0,0.0,0.0,20.0,0.0,0.0,0.0,23.0,0.0,0.0,0.0,38.0
p_317,0.02222222222222222,0.05714285714285714,0.013793103448275862,0.029835390946502054,0.07671957671957672,0.018518518518518517,108.0,0.0,0.0,0.0,0.0,0.0,0.0,0.0,31.0,0.0,0.0,0.0,23.0,0.1111111111111111,0.2857142857142857,0.06896551724137931,29.0,0.0,0.0,0.0,25.0
p_318,0.015384615384615385,0.05,0.00909090909090909,0.03133903133903134,0.10185185185185185,0.018518518518518517,108.0,0.0,0.0,0.0,0.0,0.07692307692307693,0.25,0.045454545454545456,44.0,0.0,0.0,0.0,17.0,0.0,0.0,0.0,23.0,0.0,0.0,0.0,24.0
p_319,0.017777777777777778,0.05714285714285714,0.010526315789473684,0.031275720164609055,0.10052910052910052,0.018518518518518517,108.0,0.0,0.0,0.0,0.0,0.08888888888888889,0.2857142857142857,0.05263157894736842,38.0,0.0,0.0,0.0,17.0,0.0,0.0,0.0,21.0,0.0,0.0,0.0,32.0
p_320,0.02857142857142857,0.05,0.02,0.02645502645502645,0.046296296296296294,0.018518518518518517,108.0,0.0,0.0,0.0,0.0,0.0,0.0,0.0,53.0,0.0,0.0,0.0,8.0,0.14285714285714285,0.25,0.1,20.0,0.0,0.0,0.0,27.0
p_321,0.03636363636363636,0.075,0.024,0.04208754208754209,0.08680555555555555,0.027777777777777776,108.0,0.0,0.0,0.0,0.0,0.18181818181818182,0.375,0.12,25.0,0.0,0.0,0.0,12.0,0.0,0.0,0.0,20.0,0.0,0.0,0.0,51.0
p_322,0.017391304347826087,0.02857142857142857,0.0125,0.01288244766505636,0.021164021164021163,0.009259259259259259,108.0,0.0,0.0,0.0,0.0,0.0,0.0,0.0,61.0,0.0,0.0,0.0,7.0,0.08695652173913043,0.14285714285714285,0.0625,16.0,0.0,0.0,0.0,24.0
p_323,0.00975609756097561,0.025,0.006060606060606061,0.014905149051490516,0.03819444444444445,0.009259259259259259,108.0,0.0,0.0,0.0,0.0,0.0,0.0,0.0,48.0,0.0,0.0,0.0,11.0,0.0,0.0,0.0,16.0,0.04878048780487805,0.125,0.030303030303030304,33.0
p_324,0.02553191489361702,0.075,0.015384615384615385,0.04609929078014184,0.13541666666666666,0.027777777777777776,108.0,0.0,0.0,0.0,0.0,0.1276595744680851,0.375,0.07692307692307693,39.0,0.0,0.0,0.0,12.0,0.0,0.0,0.0,33.0,0.0,0.0,0.0,24.0
p_325,0.01818181818181818,0.05714285714285714,0.010810810810810811,0.031144781144781145,0.09788359788359788,0.018518518518518517,108.0,0.0,0.0,0.0,0.0,0.0,0.0,0.0,39.0,0.0,0.0,0.0,15.0,0.09090909090909091,0.2857142857142857,0.05405405405405406,37.0,0.0,0.0,0.0,17.0
p_326,0.02608695652173913,0.08571428571428572,0.015384615384615385,0.04710144927536231,0.15476190476190474,0.027777777777777776,108.0,0.0,0.0,0.0,0.0,0.0,0.0,0.0,41.0,0.0,0.0,0.0,10.0,0.13043478260869565,0.42857142857142855,0.07692307692307693,39.0,0.0,0.0,0.0,18.0
p_327,0.025,0.05714285714285714,0.016,0.028935185185185185,0.06613756613756613,0.018518518518518517,108.0,0.0,0.0,0.0,0.0,0.125,0.2857142857142857,0.08,25.0,0.0,0.0,0.0,11.0,0.0,0.0,0.0,57.0,0.0,0.0,0.0,15.0
p_328,0.02,0.025,0.016666666666666666,0.011111111111111113,0.013888888888888888,0.009259259259259259,108.0,0.0,0.0,0.0,0.0,0.0,0.0,0.0,55.0,0.0,0.0,0.0,9.0,0.0,0.0,0.0,32.0,0.1,0.125,0.08333333333333333,12.0
p_329,0.008888888888888889,0.025,0.005405405405405406,0.015226337448559672,0.04282407407407408,0.009259259259259259,108.0,0.0,0.0,0.0,0.0,0.044444444444444446,0.125,0.02702702702702703,37.0,0.0,0.0,0.0,21.0,0.0,0.0,0.0,35.0,0.0,0.0,0.0,15.0
p_330,0.045454545454545456,0.125,0.02777777777777778,0.07575757575757576,0.20833333333333334,0.046296296296296294,108.0,0.0,0.0,0.0,0.0,0.22727272727272727,0.625,0.1388888888888889,36.0,0.0,0.0,0.0,17.0,0.0,0.0,0.0,38.0,0.0,0.0,0.0,17.0
p_331,0.016326530612244896,0.05714285714285714,0.009523809523809523,0.031746031746031744,0.1111111111111111,0.018518518518518517,108.0,0.0,0.0,0.0,1.0,0.08163265306122448,0.2857142857142857,0.047619047619047616,42.0,0.0,0.0,0.0,17.0,0.0,0.0,0.0,20.0,0.0,0.0,0.0,28.0
p_332,0.026666666666666665,0.05714285714285714,0.017391304347826087,0.02839506172839506,0.06084656084656084,0.018518518518518517,108.0,0.0,0.0,0.0,0.0,0.13333333333333333,0.2857142857142857,0.08695652173913043,23.0,0.0,0.0,0.0,27.0,0.0,0.0,0.0,29.0,0.0,0.0,0.0,29.0
p_333,0.029629629629629627,0.05714285714285714,0.02,0.027434842249657063,0.0529100529100529,0.018518518518518517,108.0,0.0,0.0,0.0,0.0,0.0,0.0,0.0,56.0,0.0,0.0,0.0,13.0,0.14814814814814814,0.2857142857142857,0.1,20.0,0.0,0.0,0.0,19.0
p_334,0.03,0.08571428571428572,0.01818181818181818,0.04583333333333334,0.13095238095238096,0.027777777777777776,108.0,0.0,0.0,0.0,0.0,0.0,0.0,0.0,22.0,0.0,0.0,0.0,14.0,0.15,0.42857142857142855,0.09090909090909091,33.0,0.0,0.0,0.0,39.0
p_335,0.05217391304347826,0.075,0.04,0.036231884057971016,0.052083333333333336,0.027777777777777776,108.0,0.0,0.0,0.0,0.0,0.0,0.0,0.0,54.0,0.2608695652173913,0.375,0.2,15.0,0.0,0.0,0.0,22.0,0.0,0.0,0.0,17.0
p_336,0.013333333333333332,0.02857142857142857,0.008695652173913044,0.01419753086419753,0.03042328042328042,0.009259259259259259,108.0,0.0,0.0,0.0,0.0,0.0,0.0,0.0,17.0,0.06666666666666667,0.14285714285714285,0.043478260869565216,23.0,0.0,0.0,0.0,39.0,0.0,0.0,0.0,29.0
p_337,0.010810810810810811,0.02857142857142857,0.006666666666666666,0.015015015015015017,0.03968253968253968,0.009259259259259259,108.0,0.0,0.0,0.0,0.0,0.0,0.0,0.0,31.0,0.05405405405405406,0.14285714285714285,0.03333333333333333,30.0,0.0,0.0,0.0,20.0,0.0,0.0,0.0,27.0
p_338,0.024,0.08571428571428572,0.013953488372093023,0.04777777777777778,0.1706349206349206,0.027777777777777776,108.0,0.0,0.0,0.0,0.0,0.0,0.0,0.0,32.0,0.0,0.0,0.0,9.0,0.12,0.42857142857142855,0.06976744186046512,43.0,0.0,0.0,0.0,24.0
p_339,0.014814814814814814,0.02857142857142857,0.01,0.013717421124828532,0.02645502645502645,0.009259259259259259,108.0,0.0,0.0,0.0,0.0,0.0,0.0,0.0,45.0,0.07407407407407407,0.14285714285714285,0.05,20.0,0.0,0.0,0.0,34.0,0.0,0.0,0.0,9.0
p_340,0.029629629629629627,0.05,0.021052631578947368,0.02606310013717421,0.04398148148148148,0.018518518518518517,108.0,0.0,0.0,0.0,0.0,0.0,0.0,0.0,42.0,0.0,0.0,0.0,15.0,0.0,0.0,0.0,32.0,0.14814814814814814,0.25,0.10526315789473684,19.0
p_341,0.021052631578947368,0.02857142857142857,0.016666666666666666,0.011695906432748537,0.015873015873015872,0.009259259259259259,108.0,0.0,0.0,0.0,0.0,0.0,0.0,0.0,52.0,0.10526315789473684,0.14285714285714285,0.08333333333333333,12.0,0.0,0.0,0.0,26.0,0.0,0.0,0.0,18.0
p_342,0.031578947368421054,0.08571428571428572,0.01935483870967742,0.04532163742690058,0.12301587301587301,0.027777777777777776,108.0,0.0,0.0,0.0,0.0,0.0,0.0,0.0,41.0,0.0,0.0,0.0,16.0,0.15789473684210525,0.42857142857142855,0.0967741935483871,31.0,0.0,0.0,0.0,20.0
p_343,0.015384615384615385,0.025,0.01111111111111111,0.01282051282051282,0.020833333333333332,0.009259259259259259,108.0,0.0,0.0,0.0,0.0,0.0,0.0,0.0,45.0,0.0,0.0,0.0,25.0,0.0,0.0,0.0,20.0,0.07692307692307693,0.125,0.05555555555555555,18.0
p_344,0.03137254901960784,0.1,0.018604651162790697,0.06245461147421932,0.19907407407407407,0.037037037037037035,108.0,0.0,0.0,0.0,0.0,0.1568627450980392,0.5,0.09302325581395349,43.0,0.0,0.0,0.0,8.0,0.0,0.0,0.0,42.0,0.0,0.0,0.0,15.0
p_345,0.017391304347826087,0.05714285714285714,0.010256410256410256,0.03140096618357488,0.10317460317460317,0.018518518518518517,108.0,0.0,0.0,0.0,0.0,0.08695652173913043,0.2857142857142857,0.05128205128205128,39.0,0.0,0.0,0.0,17.0,0.0,0.0,0.0,44.0,0.0,0.0,0.0,8.0
p_346,0.0064516129032258064,0.02857142857142857,0.0036363636363636364,0.016427718040621268,0.07275132275132275,0.009259259259259259,108.0,0.0,0.0,0.0,0.0,0.03225806451612903,0.14285714285714285,0.01818181818181818,55.0,0.0,0.0,0.0,17.0,0.0,0.0,0.0,21.0,0.0,0.0,0.0,15.0
p_347,0.0,0.0,0.0,0.0,0.0,0.0,108.0,0.0,0.0,0.0,0.0,0.0,0.0,0.0,39.0,0.0,0.0,0.0,13.0,0.0,0.0,0.0,45.0,0.0,0.0,0.0,11.0
p_348,0.00784313725490196,0.02857142857142857,0.004545454545454545,0.01597676107480029,0.0582010582010582,0.009259259259259259,108.0,0.0,0.0,0.0,0.0,0.0392156862745098,0.14285714285714285,0.022727272727272728,44.0,0.0,0.0,0.0,13.0,0.0,0.0,0.0,24.0,0.0,0.0,0.0,27.0
p_349,0.02222222222222222,0.025,0.02,0.0102880658436214,0.011574074074074073,0.009259259259259259,108.0,0.0,0.0,0.0,0.0,0.0,0.0,0.0,50.0,0.0,0.0,0.0,17.0,0.0,0.0,0.0,31.0,0.1111111111111111,0.125,0.1,10.0
p_350,0.012903225806451613,0.02857142857142857,0.008333333333333333,0.014336917562724014,0.031746031746031744,0.009259259259259259,108.0,0.0,0.0,0.0,0.0,0.0,0.0,0.0,41.0,0.06451612903225806,0.14285714285714285,0.041666666666666664,24.0,0.0,0.0,0.0,21.0,0.0,0.0,0.0,22.0
p_351,0.042105263157894736,0.05714285714285714,0.03333333333333333,0.023391812865497075,0.031746031746031744,0.018518518518518517,108.0,0.0,0.0,0.0,0.0,0.0,0.0,0.0,39.0,0.0,0.0,0.0,24.0,0.0,0.0,0.0,33.0,0.21052631578947367,0.2857142857142857,0.16666666666666666,12.0
p_352,0.03636363636363636,0.05,0.02857142857142857,0.02356902356902357,0.032407407407407406,0.018518518518518517,108.0,0.0,0.0,0.0,0.0,0.0,0.0,0.0,43.0,0.0,0.0,0.0,15.0,0.0,0.0,0.0,36.0,0.18181818181818182,0.25,0.14285714285714285,14.0
p_353,0.015384615384615385,0.025,0.01111111111111111,0.01282051282051282,0.020833333333333332,0.009259259259259259,108.0,0.0,0.0,0.0,0.0,0.07692307692307693,0.125,0.05555555555555555,18.0,0.0,0.0,0.0,12.0,0.0,0.0,0.0,46.0,0.0,0.0,0.0,32.0
p_354,0.0,0.0,0.0,0.0,0.0,0.0,108.0,0.0,0.0,0.0,0.0,0.0,0.0,0.0,47.0,0.0,0.0,0.0,15.0,0.0,0.0,0.0,29.0,0.0,0.0,0.0,17.0
p_355,0.05714285714285714,0.08571428571428572,0.04285714285714286,0.037037037037037035,0.05555555555555555,0.027777777777777776,108.0,0.0,0.0,0.0,0.0,0.0,0.0,0.0,31.0,0.0,0.0,0.0,19.0,0.2857142857142857,0.42857142857142855,0.21428571428571427,14.0,0.0,0.0,0.0,44.0
p_356,0.008163265306122448,0.02857142857142857,0.0047619047619047615,0.015873015873015872,0.05555555555555555,0.009259259259259259,108.0,0.0,0.0,0.0,0.0,0.0,0.0,0.0,42.0,0.0,0.0,0.0,14.0,0.04081632653061224,0.14285714285714285,0.023809523809523808,42.0,0.0,0.0,0.0,10.0
p_357,0.014814814814814814,0.025,0.010526315789473684,0.013031550068587106,0.02199074074074074,0.009259259259259259,108.0,0.0,0.0,0.0,0.0,0.0,0.0,0.0,56.0,0.07407407407407407,0.125,0.05263157894736842,19.0,0.0,0.0,0.0,10.0,0.0,0.0,0.0,23.0
p_358,0.007407407407407407,0.02857142857142857,0.00425531914893617,0.016117969821673524,0.06216931216931216,0.009259259259259259,108.0,0.0,0.0,0.0,0.0,0.037037037037037035,0.14285714285714285,0.02127659574468085,47.0,0.0,0.0,0.0,15.0,0.0,0.0,0.0,18.0,0.0,0.0,0.0,28.0
p_359,0.04,0.075,0.02727272727272727,0.040740740740740744,0.0763888888888889,0.027777777777777776,108.0,0.0,0.0,0.0,0.0,0.0,0.0,0.0,34.0,0.0,0.0,0.0,18.0,0.2,0.375,0.13636363636363635,22.0,0.0,0.0,0.0,34.0
p_360,0.012903225806451613,0.02857142857142857,0.008333333333333333,0.014336917562724014,0.031746031746031744,0.009259259259259259,108.0,0.0,0.0,0.0,0.0,0.06451612903225806,0.14285714285714285,0.041666666666666664,24.0,0.0,0.0,0.0,43.0,0.0,0.0,0.0,30.0,0.0,0.0,0.0,11.0
p_361,0.014814814814814814,0.025,0.010526315789473684,0.013031550068587106,0.02199074074074074,0.009259259259259259,108.0,0.0,0.0,0.0,0.0,0.0,0.0,0.0,27.0,0.0,0.0,0.0,30.0,0.0,0.0,0.0,32.0,0.07407407407407407,0.125,0.05263157894736842,19.0
p_362,0.025806451612903226,0.05,0.017391304347826087,0.027479091995221028,0.05324074074074074,0.018518518518518517,108.0,0.0,0.0,0.0,0.0,0.12903225806451613,0.25,0.08695652173913043,23.0,0.0,0.0,0.0,42.0,0.0,0.0,0.0,21.0,0.0,0.0,0.0,22.0
p_363,0.05517241379310345,0.2,0.032,0.1277139208173691,0.46296296296296297,0.07407407407407407,108.0,0.0,0.0,0.0,0.0,0.0,0.0,0.0,27.0,0.0,0.0,0.0,20.0,0.27586206896551724,1.0,0.16,50.0,0.0,0.0,0.0,11.0
p_364,0.0,0.0,0.0,0.0,0.0,0.0,108.0,0.0,0.0,0.0,0.0,0.0,0.0,0.0,24.0,0.0,0.0,0.0,51.0,0.0,0.0,0.0,22.0,0.0,0.0,0.0,11.0
p_365,0.025396825396825397,0.08888888888888888,0.014814814814814814,0.06349206349206349,0.2222222222222222,0.037037037037037035,108.0,0.0,0.0,0.0,0.0,0.0,0.0,0.0,17.0,0.0,0.0,0.0,25.0,0.12698412698412698,0.4444444444444444,0.07407407407407407,54.0,0.0,0.0,0.0,12.0
p_366,0.03636363636363636,0.05714285714285714,0.026666666666666665,0.025252525252525256,0.03968253968253968,0.018518518518518517,108.0,0.0,0.0,0.0,0.0,0.0,0.0,0.0,35.0,0.0,0.0,0.0,50.0,0.18181818181818182,0.2857142857142857,0.13333333333333333,15.0,0.0,0.0,0.0,8.0
p_367,0.06666666666666667,0.125,0.045454545454545456,0.06790123456790123,0.12731481481481483,0.046296296296296294,108.0,0.0,0.0,0.0,0.0,0.3333333333333333,0.625,0.22727272727272727,22.0,0.0,0.0,0.0,14.0,0.0,0.0,0.0,43.0,0.0,0.0,0.0,29.0
p_368,0.01818181818181818,0.08571428571428572,0.01016949152542373,0.049663299663299666,0.23412698412698413,0.027777777777777776,108.0,0.0,0.0,0.0,0.0,0.0,0.0,0.0,29.0,0.09090909090909091,0.42857142857142855,0.05084745762711865,59.0,0.0,0.0,0.0,17.0,0.0,0.0,0.0,3.0
p_369,0.020512820512820513,0.05714285714285714,0.0125,0.030389363722697054,0.08465608465608465,0.018518518518518517,108.0,0.0,0.0,0.0,0.0,0.0,0.0,0.0,23.0,0.0,0.0,0.0,19.0,0.10256410256410256,0.2857142857142857,0.0625,32.0,0.0,0.0,0.0,34.0
p_370,0.03137254901960784,0.1,0.018604651162790697,0.06245461147421932,0.19907407407407407,0.037037037037037035,108.0,0.0,0.0,0.0,0.0,0.0,0.0,0.0,24.0,0.0,0.0,0.0,14.0,0.1568627450980392,0.5,0.09302325581395349,43.0,0.0,0.0,0.0,27.0
p_371,0.04444444444444444,0.11428571428571428,0.027586206896551724,0.05967078189300411,0.15343915343915343,0.037037037037037035,108.0,0.0,0.0,0.0,0.0,0.0,0.0,0.0,53.0,0.0,0.0,0.0,20.0,0.2222222222222222,0.5714285714285714,0.13793103448275862,29.0,0.0,0.0,0.0,6.0
p_372,0.027906976744186046,0.06666666666666667,0.01764705882352941,0.04392764857881137,0.10493827160493827,0.027777777777777776,108.0,0.0,0.0,0.0,0.0,0.0,0.0,0.0,34.0,0.0,0.0,0.0,15.0,0.13953488372093023,0.3333333333333333,0.08823529411764706,34.0,0.0,0.0,0.0,25.0
p_373,0.035555555555555556,0.08888888888888888,0.02222222222222222,0.05925925925925926,0.14814814814814814,0.037037037037037035,108.0,0.0,0.0,0.0,0.0,0.17777777777777778,0.4444444444444444,0.1111111111111111,36.0,0.0,0.0,0.0,8.0,0.0,0.0,0.0,54.0,0.0,0.0,0.0,10.0
p_374,0.00392156862745098,0.0019801980198019802,0.2,0.00018155410312273057,9.167583425009168e-05,0.009259259259259259,108.0,0.0196078431372549,0.009900990099009901,1.0,1.0,0.0,0.0,0.0,26.0,0.0,0.0,0.0,22.0,0.0,0.0,0.0,30.0,0.0,0.0,0.0,29.0
p_375,0.0,0.0,0.0,0.0,0.0,0.0,108.0,0.0,0.0,0.0,0.0,0.0,0.0,0.0,51.0,0.0,0.0,0.0,17.0,0.0,0.0,0.0,30.0,0.0,0.0,0.0,10.0
p_376,0.029268292682926828,0.08571428571428572,0.01764705882352941,0.04607046070460705,0.1349206349206349,0.027777777777777776,108.0,0.0,0.0,0.0,0.0,0.0,0.0,0.0,20.0,0.14634146341463414,0.42857142857142855,0.08823529411764706,34.0,0.0,0.0,0.0,29.0,0.0,0.0,0.0,25.0
p_377,0.03725490196078431,0.11626591230551626,0.21951219512195125,0.06345315904139433,0.217022892765467,0.046296296296296294,108.0,0.0196078431372549,0.009900990099009901,1.0,1.0,0.0,0.0,0.0,36.0,0.0,0.0,0.0,24.0,0.16666666666666666,0.5714285714285714,0.0975609756097561,41.0,0.0,0.0,0.0,6.0
p_378,0.04,0.08888888888888888,0.025806451612903226,0.05740740740740741,0.12757201646090535,0.037037037037037035,108.0,0.0,0.0,0.0,0.0,0.0,0.0,0.0,18.0,0.0,0.0,0.0,35.0,0.2,0.4444444444444444,0.12903225806451613,31.0,0.0,0.0,0.0,24.0
p_379,0.010526315789473684,0.02857142857142857,0.0064516129032258064,0.015107212475633527,0.041005291005290996,0.009259259259259259,108.0,0.0,0.0,0.0,0.0,0.05263157894736842,0.14285714285714285,0.03225806451612903,31.0,0.0,0.0,0.0,26.0,0.0,0.0,0.0,30.0,0.0,0.0,0.0,21.0
p_380,0.04205563413484205,0.052000000000000005,0.23076923076923075,0.023111041262856444,0.030185185185185183,0.027777777777777776,108.0,0.019801980198019802,0.01,1.0,1.0,0.0,0.0,0.0,35.0,0.19047619047619047,0.25,0.15384615384615385,13.0,0.0,0.0,0.0,35.0,0.0,0.0,0.0,24.0
p_381,0.00784313725490196,0.02857142857142857,0.004545454545454545,0.01597676107480029,0.0582010582010582,0.009259259259259259,108.0,0.0,0.0,0.0,0.0,0.0,0.0,0.0,22.0,0.0,0.0,0.0,26.0,0.0392156862745098,0.14285714285714285,0.022727272727272728,44.0,0.0,0.0,0.0,16.0
p_382,0.018604651162790697,0.05714285714285714,0.01111111111111111,0.031007751937984492,0.09523809523809523,0.018518518518518517,108.0,0.0,0.0,0.0,0.0,0.0,0.0,0.0,26.0,0.09302325581395349,0.2857142857142857,0.05555555555555555,36.0,0.0,0.0,0.0,43.0,0.0,0.0,0.0,3.0
p_383,0.0,0.0,0.0,0.0,0.0,0.0,108.0,0.0,0.0,0.0,0.0,0.0,0.0,0.0,22.0,0.0,0.0,0.0,19.0,0.0,0.0,0.0,55.0,0.0,0.0,0.0,12.0
p_384,0.024615384615384615,0.1,0.014035087719298244,0.06495726495726496,0.2638888888888889,0.037037037037037035,108.0,0.0,0.0,0.0,0.0,0.0,0.0,0.0,12.0,0.0,0.0,0.0,31.0,0.12307692307692308,0.5,0.07017543859649122,57.0,0.0,0.0,0.0,8.0
p_385,0.006896551724137931,0.02857142857142857,0.00392156862745098,0.016283524904214558,0.06746031746031746,0.009259259259259259,108.0,0.0,0.0,0.0,0.0,0.034482758620689655,0.14285714285714285,0.0196078431372549,51.0,0.0,0.0,0.0,11.0,0.0,0.0,0.0,39.0,0.0,0.0,0.0,7.0
p_386,0.03249299719887955,0.05912305516265912,0.21904761904761907,0.02795933188090051,0.055647231389805644,0.027777777777777776,108.0,0.0196078431372549,0.009900990099009901,1.0,1.0,0.0,0.0,0.0,10.0,0.14285714285714285,0.2857142857142857,0.09523809523809523,21.0,0.0,0.0,0.0,50.0,0.0,0.0,0.0,26.0
p_387,0.013333333333333332,0.02857142857142857,0.008695652173913044,0.01419753086419753,0.03042328042328042,0.009259259259259259,108.0,0.0,0.0,0.0,0.0,0.0,0.0,0.0,53.0,0.06666666666666667,0.14285714285714285,0.043478260869565216,23.0,0.0,0.0,0.0,26.0,0.0,0.0,0.0,6.0
p_388,0.04444444444444444,0.075,0.031578947368421054,0.03909465020576132,0.06597222222222222,0.027777777777777776,108.0,0.0,0.0,0.0,0.0,0.2222222222222222,0.375,0.15789473684210525,19.0,0.0,0.0,0.0,19.0,0.0,0.0,0.0,46.0,0.0,0.0,0.0,24.0
p_389,0.02,0.02857142857142857,0.015384615384615385,0.012037037037037037,0.017195767195767195,0.009259259259259259,108.0,0.0,0.0,0.0,0.0,0.0,0.0,0.0,54.0,0.1,0.14285714285714285,0.07692307692307693,13.0,0.0,0.0,0.0,37.0,0.0,0.0,0.0,4.0
p_390,0.014285714285714285,0.025,0.01,0.013227513227513225,0.023148148148148147,0.009259259259259259,108.0,0.0,0.0,0.0,0.0,0.0,0.0,0.0,13.0,0.07142857142857142,0.125,0.05,20.0,0.0,0.0,0.0,59.0,0.0,0.0,0.0,16.0
p_391,0.017391304347826087,0.025,0.013333333333333332,0.012077294685990338,0.017361111111111112,0.009259259259259259,108.0,0.0,0.0,0.0,0.0,0.0,0.0,0.0,31.0,0.08695652173913043,0.125,0.06666666666666667,15.0,0.0,0.0,0.0,58.0,0.0,0.0,0.0,4.0
p_392,0.03333333333333333,0.125,0.019230769230769232,0.08024691358024691,0.30092592592592593,0.046296296296296294,108.0,0.0,0.0,0.0,0.0,0.0,0.0,0.0,19.0,0.0,0.0,0.0,8.0,0.16666666666666666,0.625,0.09615384615384616,52.0,0.0,0.0,0.0,29.0
p_393,0.03018867924528302,0.1,0.017777777777777778,0.06289308176100629,0.20833333333333334,0.037037037037037035,108.0,0.0,0.0,0.0,0.0,0.0,0.0,0.0,23.0,0.0,0.0,0.0,37.0,0.1509433962264151,0.5,0.08888888888888889,45.0,0.0,0.0,0.0,3.0
p_394,0.01702127659574468,0.05,0.010256410256410256,0.030732860520094562,0.09027777777777778,0.018518518518518517,108.0,0.0,0.0,0.0,0.0,0.0851063829787234,0.25,0.05128205128205128,39.0,0.0,0.0,0.0,21.0,0.0,0.0,0.0,45.0,0.0,0.0,0.0,3.0
p_395,0.042105263157894736,0.05714285714285714,0.03333333333333333,0.023391812865497075,0.031746031746031744,0.018518518518518517,108.0,0.0,0.0,0.0,0.0,0.21052631578947367,0.2857142857142857,0.16666666666666666,12.0,0.0,0.0,0.0,39.0,0.0,0.0,0.0,55.0,0.0,0.0,0.0,2.0
p_396,0.0,0.0,0.0,0.0,0.0,0.0,108.0,0.0,0.0,0.0,0.0,0.0,0.0,0.0,15.0,0.0,0.0,0.0,16.0,0.0,0.0,0.0,67.0,0.0,0.0,0.0,10.0
p_397,0.02,0.02857142857142857,0.015384615384615385,0.012037037037037037,0.017195767195767195,0.009259259259259259,108.0,0.0,0.0,0.0,0.0,0.1,0.14285714285714285,0.07692307692307693,13.0,0.0,0.0,0.0,35.0,0.0,0.0,0.0,52.0,0.0,0.0,0.0,8.0
p_398,0.01192156862745098,0.030551626591230552,0.20465116279069767,0.016107480029048656,0.05696998271255697,0.018518518518518517,108.0,0.0196078431372549,0.009900990099009901,1.0,1.0,0.0,0.0,0.0,13.0,0.0,0.0,0.0,38.0,0.04,0.14285714285714285,0.023255813953488372,43.0,0.0,0.0,0.0,13.0
p_399,0.029629629629629627,0.1,0.017391304347826087,0.06310013717421124,0.21296296296296297,0.037037037037037035,108.0,0.0,0.0,0.0,0.0,0.0,0.0,0.0,32.0,0.0,0.0,0.0,25.0,0.14814814814814814,0.5,0.08695652173913043,46.0,0.0,0.0,0.0,5.0
p_400,0.0,0.0,0.0,0.0,0.0,0.0,108.0,0.0,0.0,0.0,0.0,0.0,0.0,0.0,42.0,0.0,0.0,0.0,15.0,0.0,0.0,0.0,36.0,0.0,0.0,0.0,15.0
p_401,0.05581395348837209,0.15,0.03428571428571429,0.0904392764857881,0.24305555555555555,0.05555555555555555,108.0,0.0,0.0,0.0,0.0,0.0,0.0,0.0,24.0,0.0,0.0,0.0,27.0,0.27906976744186046,0.75,0.17142857142857143,35.0,0.0,0.0,0.0,22.0
p_402,0.0,0.0,0.0,0.0,0.0,0.0,108.0,0.0,0.0,0.0,0.0,0.0,0.0,0.0,44.0,0.0,0.0,0.0,15.0,0.0,0.0,0.0,35.0,0.0,0.0,0.0,14.0
p_403,0.03333333333333333,0.05714285714285714,0.023529411764705882,0.026234567901234566,0.04497354497354497,0.018518518518518517,108.0,0.0,0.0,0.0,0.0,0.0,0.0,0.0,21.0,0.0,0.0,0.0,37.0,0.0,0.0,0.0,33.0,0.16666666666666666,0.2857142857142857,0.11764705882352941,17.0
p_404,0.0625,0.14285714285714285,0.04,0.07233796296296297,0.16534391534391535,0.046296296296296294,108.0,0.0,0.0,0.0,0.0,0.3125,0.7142857142857143,0.2,25.0,0.0,0.0,0.0,35.0,0.0,0.0,0.0,36.0,0.0,0.0,0.0,12.0
p_405,0.023529411764705882,0.08571428571428572,0.013636363636363636,0.04793028322440088,0.17460317460317462,0.027777777777777776,108.0,0.0,0.0,0.0,0.0,0.0,0.0,0.0,15.0,0.11764705882352941,0.42857142857142855,0.06818181818181818,44.0,0.0,0.0,0.0,35.0,0.0,0.0,0.0,14.0
p_406,0.03076923076923077,0.02857142857142857,0.03333333333333333,0.008547008547008548,0.007936507936507936,0.009259259259259259,108.0,0.0,0.0,0.0,0.0,0.0,0.0,0.0,30.0,0.0,0.0,0.0,19.0,0.0,0.0,0.0,53.0,0.15384615384615385,0.14285714285714285,0.16666666666666666,6.0
p_407,0.037209302325581395,0.1,0.022857142857142857,0.06029285099052541,0.16203703703703703,0.037037037037037035,108.0,0.0,0.0,0.0,0.0,0.0,0.0,0.0,17.0,0.0,0.0,0.0,52.0,0.18604651162790697,0.5,0.11428571428571428,35.0,0.0,0.0,0.0,4.0
p_408,0.0,0.0,0.0,0.0,0.0,0.0,108.0,0.0,0.0,0.0,0.0,0.0,0.0,0.0,25.0,0.0,0.0,0.0,18.0,0.0,0.0,0.0,58.0,0.0,0.0,0.0,7.0
p_409,0.017777777777777778,0.05,0.010810810810810811,0.030452674897119343,0.08564814814814815,0.018518518518518517,108.0,0.0,0.0,0.0,0.0,0.0,0.0,0.0,28.0,0.0,0.0,0.0,31.0,0.08888888888888889,0.25,0.05405405405405406,37.0,0.0,0.0,0.0,12.0
p_410,0.0,0.0,0.0,0.0,0.0,0.0,108.0,0.0,0.0,0.0,0.0,0.0,0.0,0.0,35.0,0.0,0.0,0.0,20.0,0.0,0.0,0.0,47.0,0.0,0.0,0.0,6.0
p_411,0.014285714285714285,0.02857142857142857,0.009523809523809523,0.013888888888888888,0.027777777777777776,0.009259259259259259,108.0,0.0,0.0,0.0,0.0,0.0,0.0,0.0,14.0,0.0,0.0,0.0,23.0,0.0,0.0,0.0,50.0,0.07142857142857142,0.14285714285714285,0.047619047619047616,21.0
p_412,0.0,0.0,0.0,0.0,0.0,0.0,108.0,0.0,0.0,0.0,0.0,0.0,0.0,0.0,36.0,0.0,0.0,0.0,46.0,0.0,0.0,0.0,19.0,0.0,0.0,0.0,7.0
p_413,0.022857142857142857,0.05714285714285714,0.014285714285714285,0.029629629629629627,0.07407407407407407,0.018518518518518517,108.0,0.0,0.0,0.0,0.0,0.0,0.0,0.0,36.0,0.11428571428571428,0.2857142857142857,0.07142857142857142,28.0,0.0,0.0,0.0,37.0,0.0,0.0,0.0,7.0
p_414,0.013793103448275862,0.02857142857142857,0.00909090909090909,0.0140485312899106,0.0291005291005291,0.009259259259259259,108.0,0.0,0.0,0.0,0.0,0.0,0.0,0.0,27.0,0.0,0.0,0.0,43.0,0.06896551724137931,0.14285714285714285,0.045454545454545456,22.0,0.0,0.0,0.0,16.0
p_415,0.035555555555555556,0.11428571428571428,0.021052631578947368,0.06255144032921811,0.20105820105820105,0.037037037037037035,108.0,0.0,0.0,0.0,0.0,0.0,0.0,0.0,38.0,0.17777777777777778,0.5714285714285714,0.10526315789473684,38.0,0.0,0.0,0.0,22.0,0.0,0.0,0.0,10.0
p_416,0.011764705882352941,0.02857142857142857,0.007407407407407407,0.014705882352941176,0.03571428571428571,0.009259259259259259,108.0,0.0,0.0,0.0,0.0,0.0,0.0,0.0,21.0,0.0,0.0,0.0,40.0,0.058823529411764705,0.14285714285714285,0.037037037037037035,27.0,0.0,0.0,0.0,20.0
p_417,0.0,0.0,0.0,0.0,0.0,0.0,108.0,0.0,0.0,0.0,0.0,0.0,0.0,0.0,33.0,0.0,0.0,0.0,29.0,0.0,0.0,0.0,39.0,0.0,0.0,0.0,7.0
p_418,0.025,0.05714285714285714,0.016,0.028935185185185185,0.06613756613756613,0.018518518518518517,108.0,0.0,0.0,0.0,0.0,0.0,0.0,0.0,19.0,0.125,0.2857142857142857,0.08,25.0,0.0,0.0,0.0,50.0,0.0,0.0,0.0,14.0
p_419,0.045454545454545456,0.14285714285714285,0.02702702702702703,0.07786195286195285,0.24470899470899474,0.046296296296296294,108.0,0.0,0.0,0.0,0.0,0.22727272727272727,0.7142857142857143,0.13513513513513514,37.0,0.0,0.0,0.0,17.0,0.0,0.0,0.0,42.0,0.0,0.0,0.0,12.0
p_420,0.0625,0.125,0.04166666666666667,0.06944444444444445,0.1388888888888889,0.046296296296296294,108.0,0.0,0.0,0.0,0.0,0.0,0.0,0.0,41.0,0.3125,0.625,0.20833333333333334,24.0,0.0,0.0,0.0,31.0,0.0,0.0,0.0,12.0
p_421,0.05,0.14285714285714285,0.030303030303030304,0.0763888888888889,0.21825396825396826,0.046296296296296294,108.0,0.0,0.0,0.0,0.0,0.0,0.0,0.0,43.0,0.0,0.0,0.0,23.0,0.25,0.7142857142857143,0.15151515151515152,33.0,0.0,0.0,0.0,9.0
p_422,0.06060606060606061,0.11111111111111112,0.04166666666666667,0.06734006734006735,0.1234567901234568,0.046296296296296294,108.0,0.0,0.0,0.0,0.0,0.0,0.0,0.0,33.0,0.30303030303030304,0.5555555555555556,0.20833333333333334,24.0,0.0,0.0,0.0,45.0,0.0,0.0,0.0,6.0
p_423,0.0484048404840484,0.077,0.23157894736842105,0.0392780018742615,0.06606481481481481,0.037037037037037035,108.0,0.019801980198019802,0.01,1.0,1.0,0.0,0.0,0.0,33.0,0.2222222222222222,0.375,0.15789473684210525,19.0,0.0,0.0,0.0,45.0,0.0,0.0,0.0,10.0
p_424,0.07272727272727272,0.11428571428571428,0.05333333333333333,0.05050505050505051,0.07936507936507936,0.037037037037037035,108.0,0.0,0.0,0.0,0.0,0.0,0.0,0.0,32.0,0.0,0.0,0.0,11.0,0.0,0.0,0.0,50.0,0.36363636363636365,0.5714285714285714,0.26666666666666666,15.0
p_425,0.014814814814814814,0.05,0.008695652173913044,0.03155006858710562,0.10648148148148148,0.018518518518518517,108.0,0.0,0.0,0.0,0.0,0.07407407407407407,0.25,0.043478260869565216,46.0,0.0,0.0,0.0,13.0,0.0,0.0,0.0,35.0,0.0,0.0,0.0,14.0
p_426,0.017391304347826087,0.025,0.013333333333333332,0.012077294685990338,0.017361111111111112,0.009259259259259259,108.0,0.0,0.0,0.0,0.0,0.0,0.0,0.0,46.0,0.0,0.0,0.0,10.0,0.0,0.0,0.0,37.0,0.08695652173913043,0.125,0.06666666666666667,15.0
p_427,0.02142857142857143,0.08571428571428572,0.012244897959183673,0.04861111111111111,0.19444444444444445,0.027777777777777776,108.0,0.0,0.0,0.0,0.0,0.10714285714285714,0.42857142857142855,0.061224489795918366,49.0,0.0,0.0,0.0,16.0,0.0,0.0,0.0,34.0,0.0,0.0,0.0,9.0
p_428,0.013793103448275862,0.02857142857142857,0.00909090909090909,0.0140485312899106,0.0291005291005291,0.009259259259259259,108.0,0.0,0.0,0.0,0.0,0.0,0.0,0.0,23.0,0.06896551724137931,0.14285714285714285,0.045454545454545456,22.0,0.0,0.0,0.0,35.0,0.0,0.0,0.0,28.0
p_429,0.011764705882352941,0.02857142857142857,0.007407407407407407,0.014705882352941176,0.03571428571428571,0.009259259259259259,108.0,0.0,0.0,0.0,0.0,0.0,0.0,0.0,33.0,0.0,0.0,0.0,36.0,0.058823529411764705,0.14285714285714285,0.037037037037037035,27.0,0.0,0.0,0.0,12.0
p_430,0.011764705882352941,0.025,0.007692307692307693,0.014161220043572984,0.03009259259259259,0.009259259259259259,108.0,0.0,0.0,0.0,0.0,0.0,0.0,0.0,15.0,0.0,0.0,0.0,47.0,0.0,0.0,0.0,20.0,0.058823529411764705,0.125,0.038461538461538464,26.0
p_431,0.008,0.025,0.0047619047619047615,0.015555555555555555,0.04861111111111111,0.009259259259259259,108.0,0.0,0.0,0.0,0.0,0.04,0.125,0.023809523809523808,42.0,0.0,0.0,0.0,27.0,0.0,0.0,0.0,29.0,0.0,0.0,0.0,10.0
p_432,0.064,0.11428571428571428,0.04444444444444444,0.05333333333333333,0.09523809523809523,0.037037037037037035,108.0,0.0,0.0,0.0,0.0,0.32,0.5714285714285714,0.2222222222222222,18.0,0.0,0.0,0.0,37.0,0.0,0.0,0.0,28.0,0.0,0.0,0.0,25.0
p_433,0.01951219512195122,0.05,0.012121212121212121,0.029810298102981032,0.0763888888888889,0.018518518518518517,108.0,0.0,0.0,0.0,0.0,0.0975609756097561,0.25,0.06060606060606061,33.0,0.0,0.0,0.0,35.0,0.0,0.0,0.0,12.0,0.0,0.0,0.0,28.0
p_434,0.026666666666666665,0.11428571428571428,0.01509433962264151,0.0654320987654321,0.2804232804232804,0.037037037037037035,108.0,0.0,0.0,0.0,0.0,0.13333333333333333,0.5714285714285714,0.07547169811320754,53.0,0.0,0.0,0.0,15.0,0.0,0.0,0.0,29.0,0.0,0.0,0.0,11.0
p_435,0.023076923076923078,0.08571428571428572,0.013333333333333332,0.04807692307692308,0.17857142857142858,0.027777777777777776,108.0,0.0,0.0,0.0,0.0,0.11538461538461539,0.42857142857142855,0.06666666666666667,45.0,0.0,0.0,0.0,35.0,0.0,0.0,0.0,19.0,0.0,0.0,0.0,9.0
p_436,0.03636363636363636,0.08888888888888888,0.022857142857142857,0.058922558922558925,0.1440329218106996,0.037037037037037035,108.0,0.0,0.0,0.0,0.0,0.0,0.0,0.0,19.0,0.0,0.0,0.0,21.0,0.18181818181818182,0.4444444444444444,0.11428571428571428,35.0,0.0,0.0,0.0,33.0
p_437,0.02909090909090909,0.08888888888888888,0.017391304347826087,0.06195286195286195,0.18930041152263374,0.037037037037037035,108.0,0.0,0.0,0.0,0.0,0.14545454545454545,0.4444444444444444,0.08695652173913043,46.0,0.0,0.0,0.0,20.0,0.0,0.0,0.0,29.0,0.0,0.0,0.0,13.0
p_438,0.00784313725490196,0.02857142857142857,0.004545454545454545,0.01597676107480029,0.0582010582010582,0.009259259259259259,108.0,0.0,0.0,0.0,0.0,0.0,0.0,0.0,15.0,0.0392156862745098,0.14285714285714285,0.022727272727272728,44.0,0.0,0.0,0.0,17.0,0.0,0.0,0.0,32.0
p_439,0.0,0.0,0.0,0.0,0.0,0.0,108.0,0.0,0.0,0.0,0.0,0.0,0.0,0.0,23.0,0.0,0.0,0.0,20.0,0.0,0.0,0.0,39.0,0.0,0.0,0.0,26.0
p_440,0.011428571428571429,0.025,0.007407407407407407,0.014285714285714284,0.03125,0.009259259259259259,108.0,0.0,0.0,0.0,1.0,0.05714285714285714,0.125,0.037037037037037035,27.0,0.0,0.0,0.0,48.0,0.0,0.0,0.0,18.0,0.0,0.0,0.0,14.0
p_441,0.01818181818181818,0.025,0.014285714285714285,0.011784511784511785,0.016203703703703703,0.009259259259259259,108.0,0.0,0.0,0.0,0.0,0.0,0.0,0.0,23.0,0.09090909090909091,0.125,0.07142857142857142,14.0,0.0,0.0,0.0,53.0,0.0,0.0,0.0,18.0
p_442,0.026666666666666665,0.02857142857142857,0.025,0.009876543209876543,0.010582010582010581,0.009259259259259259,108.0,0.0,0.0,0.0,0.0,0.0,0.0,0.0,41.0,0.0,0.0,0.0,37.0,0.13333333333333333,0.14285714285714285,0.125,8.0,0.0,0.0,0.0,22.0
p_443,0.03,0.08571428571428572,0.01818181818181818,0.04583333333333334,0.13095238095238096,0.027777777777777776,108.0,0.0,0.0,0.0,0.0,0.15,0.42857142857142855,0.09090909090909091,33.0,0.0,0.0,0.0,24.0,0.0,0.0,0.0,37.0,0.0,0.0,0.0,14.0
p_444,0.016,0.05714285714285714,0.009302325581395349,0.03185185185185185,0.11375661375661375,0.018518518518518517,108.0,0.0,0.0,0.0,0.0,0.08,0.2857142857142857,0.046511627906976744,43.0,0.0,0.0,0.0,17.0,0.0,0.0,0.0,13.0,0.0,0.0,0.0,35.0
p_445,0.01818181818181818,0.05,0.01111111111111111,0.030303030303030304,0.08333333333333333,0.018518518518518517,108.0,0.0,0.0,0.0,0.0,0.09090909090909091,0.25,0.05555555555555555,36.0,0.0,0.0,0.0,33.0,0.0,0.0,0.0,11.0,0.0,0.0,0.0,28.0
p_446,0.020512820512820513,0.05,0.012903225806451613,0.02943969610636277,0.07175925925925926,0.018518518518518517,108.0,0.0,0.0,0.0,0.0,0.0,0.0,0.0,47.0,0.0,0.0,0.0,20.0,0.10256410256410256,0.25,0.06451612903225806,31.0,0.0,0.0,0.0,10.0
p_447,0.05,0.11428571428571428,0.032,0.05787037037037037,0.13227513227513227,0.037037037037037035,108.0,0.0,0.0,0.0,0.0,0.0,0.0,0.0,20.0,0.0,0.0,0.0,48.0,0.25,0.5714285714285714,0.16,25.0,0.0,0.0,0.0,15.0
p_448,0.02727272727272727,0.08571428571428572,0.016216216216216217,0.04671717171717171,0.1468253968253968,0.027777777777777776,108.0,0.0,0.0,0.0,0.0,0.13636363636363635,0.42857142857142855,0.08108108108108109,37.0,0.0,0.0,0.0,34.0,0.0,0.0,0.0,31.0,0.0,0.0,0.0,6.0
p_449,0.025,0.075,0.015,0.046296296296296294,0.1388888888888889,0.027777777777777776,108.0,0.0,0.0,0.0,0.0,0.125,0.375,0.075,40.0,0.0,0.0,0.0,40.0,0.0,0.0,0.0,13.0,0.0,0.0,0.0,15.0
p_450,0.01818181818181818,0.05,0.01111111111111111,0.030303030303030304,0.08333333333333333,0.018518518518518517,108.0,0.0,0.0,0.0,0.0,0.09090909090909091,0.25,0.05555555555555555,36.0,0.0,0.0,0.0,28.0,0.0,0.0,0.0,26.0,0.0,0.0,0.0,18.0
p_451,0.02807017543859649,0.11428571428571428,0.016,0.0649772579597141,0.26455026455026454,0.037037037037037035,108.0,0.0,0.0,0.0,0.0,0.14035087719298245,0.5714285714285714,0.08,50.0,0.0,0.0,0.0,14.0,0.0,0.0,0.0,21.0,0.0,0.0,0.0,23.0
p_452,0.02033898305084746,0.06666666666666667,0.012,0.04708097928436912,0.15432098765432098,0.027777777777777776,108.0,0.0,0.0,0.0,0.0,0.1016949152542373,0.3333333333333333,0.06,50.0,0.0,0.0,0.0,10.0,0.0,0.0,0.0,38.0,0.0,0.0,0.0,10.0
p_453,0.021621621621621623,0.05,0.013793103448275862,0.029029029029029027,0.06712962962962964,0.018518518518518517,108.0,0.0,0.0,0.0,0.0,0.0,0.0,0.0,24.0,0.10810810810810811,0.25,0.06896551724137931,29.0,0.0,0.0,0.0,23.0,0.0,0.0,0.0,32.0
p_454,0.05217391304347826,0.08571428571428572,0.0375,0.03864734299516908,0.06349206349206349,0.027777777777777776,108.0,0.0,0.0,0.0,0.0,0.0,0.0,0.0,43.0,0.2608695652173913,0.42857142857142855,0.1875,16.0,0.0,0.0,0.0,39.0,0.0,0.0,0.0,10.0
p_455,0.017391304347826087,0.025,0.013333333333333332,0.012077294685990338,0.017361111111111112,0.009259259259259259,108.0,0.0,0.0,0.0,0.0,0.0,0.0,0.0,26.0,0.0,0.0,0.0,44.0,0.08695652173913043,0.125,0.06666666666666667,15.0,0.0,0.0,0.0,23.0
p_456,0.0,0.0,0.0,0.0,0.0,0.0,108.0,0.0,0.0,0.0,0.0,0.0,0.0,0.0,34.0,0.0,0.0,0.0,7.0,0.0,0.0,0.0,45.0,0.0,0.0,0.0,22.0
p_457,0.0,0.0,0.0,0.0,0.0,0.0,108.0,0.0,0.0,0.0,0.0,0.0,0.0,0.0,50.0,0.0,0.0,0.0,26.0,0.0,0.0,0.0,14.0,0.0,0.0,0.0,18.0
p_458,0.025,0.02857142857142857,0.02222222222222222,0.010416666666666666,0.011904761904761904,0.009259259259259259,108.0,0.0,0.0,0.0,0.0,0.0,0.0,0.0,46.0,0.0,0.0,0.0,17.0,0.0,0.0,0.0,36.0,0.125,0.14285714285714285,0.1111111111111111,9.0
p_459,0.022857142857142857,0.1,0.012903225806451613,0.0656084656084656,0.28703703703703703,0.037037037037037035,108.0,0.0,0.0,0.0,0.0,0.11428571428571428,0.5,0.06451612903225806,62.0,0.0,0.0,0.0,12.0,0.0,0.0,0.0,21.0,0.0,0.0,0.0,13.0
p_460,0.0,0.0,0.0,0.0,0.0,0.0,108.0,0.0,0.0,0.0,0.0,0.0,0.0,0.0,49.0,0.0,0.0,0.0,24.0,0.0,0.0,0.0,19.0,0.0,0.0,0.0,16.0
p_461,0.048,0.075,0.03529411764705882,0.03777777777777778,0.059027777777777776,0.027777777777777776,108.0,0.0,0.0,0.0,0.0,0.0,0.0,0.0,49.0,0.0,0.0,0.0,20.0,0.0,0.0,0.0,22.0,0.24,0.375,0.17647058823529413,17.0
p_462,0.031507775524002704,0.05912305516265912,0.21818181818181817,0.02827861668294393,0.05829273403530829,0.027777777777777776,108.0,0.0196078431372549,0.009900990099009901,1.0,1.0,0.0,0.0,0.0,57.0,0.0,0.0,0.0,5.0,0.0,0.0,0.0,23.0,0.13793103448275862,0.2857142857142857,0.09090909090909091,22.0
p_463,0.0064516129032258064,0.025,0.0037037037037037034,0.016129032258064516,0.0625,0.009259259259259259,108.0,0.0,0.0,0.0,0.0,0.03225806451612903,0.125,0.018518518518518517,54.0,0.0,0.0,0.0,12.0,0.0,0.0,0.0,22.0,0.0,0.0,0.0,20.0
p_464,0.020512820512820513,0.05,0.012903225806451613,0.02943969610636277,0.07175925925925926,0.018518518518518517,108.0,0.0,0.0,0.0,0.0,0.0,0.0,0.0,54.0,0.0,0.0,0.0,20.0,0.10256410256410256,0.25,0.06451612903225806,31.0,0.0,0.0,0.0,3.0
p_465,0.024489795918367346,0.075,0.014634146341463414,0.046485260770975055,0.1423611111111111,0.027777777777777776,108.0,0.0,0.0,0.0,0.0,0.12244897959183673,0.375,0.07317073170731707,41.0,0.0,0.0,0.0,13.0,0.0,0.0,0.0,27.0,0.0,0.0,0.0,27.0
p_466,0.03636363636363636,0.11428571428571428,0.021621621621621623,0.06228956228956229,0.19576719576719576,0.037037037037037035,108.0,0.0,0.0,0.0,0.0,0.18181818181818182,0.5714285714285714,0.10810810810810811,37.0,0.0,0.0,0.0,28.0,0.0,0.0,0.0,25.0,0.0,0.0,0.0,18.0
p_467,0.036923076923076927,0.15,0.021052631578947368,0.09743589743589744,0.3958333333333333,0.05555555555555555,108.0,0.0,0.0,0.0,0.0,0.18461538461538463,0.75,0.10526315789473684,57.0,0.0,0.0,0.0,25.0,0.0,0.0,0.0,11.0,0.0,0.0,0.0,15.0
p_468,0.03404255319148936,0.08888888888888888,0.021052631578947368,0.0598896769109535,0.15637860082304528,0.037037037037037035,108.0,0.0,0.0,0.0,0.0,0.1702127659574468,0.4444444444444444,0.10526315789473684,38.0,0.0,0.0,0.0,31.0,0.0,0.0,0.0,26.0,0.0,0.0,0.0,13.0
p_469,0.0,0.0,0.0,0.0,0.0,0.0,108.0,0.0,0.0,0.0,0.0,0.0,0.0,0.0,53.0,0.0,0.0,0.0,13.0,0.0,0.0,0.0,35.0,0.0,0.0,0.0,7.0
p_470,0.05,0.1,0.03333333333333333,0.05555555555555555,0.1111111111111111,0.037037037037037035,108.0,0.0,0.0,0.0,0.0,0.0,0.0,0.0,34.0,0.25,0.5,0.16666666666666666,24.0,0.0,0.0,0.0,37.0,0.0,0.0,0.0,13.0
p_471,0.012903225806451613,0.02857142857142857,0.008333333333333333,0.014336917562724014,0.031746031746031744,0.009259259259259259,108.0,0.0,0.0,0.0,0.0,0.0,0.0,0.0,51.0,0.06451612903225806,0.14285714285714285,0.041666666666666664,24.0,0.0,0.0,0.0,30.0,0.0,0.0,0.0,3.0
p_472,0.00975609756097561,0.025,0.006060606060606061,0.014905149051490516,0.03819444444444445,0.009259259259259259,108.0,0.0,0.0,0.0,0.0,0.0,0.0,0.0,47.0,0.0,0.0,0.0,7.0,0.04878048780487805,0.125,0.030303030303030304,33.0,0.0,0.0,0.0,21.0
p_473,0.010256410256410256,0.025,0.0064516129032258064,0.014719848053181385,0.03587962962962963,0.009259259259259259,108.0,0.0,0.0,0.0,0.0,0.0,0.0,0.0,56.0,0.0,0.0,0.0,11.0,0.05128205128205128,0.125,0.03225806451612903,31.0,0.0,0.0,0.0,10.0
p_474,0.014285714285714285,0.05714285714285714,0.008163265306122448,0.032407407407407406,0.12962962962962962,0.018518518518518517,108.0,0.0,0.0,0.0,0.0,0.07142857142857142,0.2857142857142857,0.04081632653061224,49.0,0.0,0.0,0.0,11.0,0.0,0.0,0.0,29.0,0.0,0.0,0.0,19.0
p_475,0.017391304347826087,0.08571428571428572,0.00967741935483871,0.0499194847020934,0.24603174603174602,0.027777777777777776,108.0,0.0,0.0,0.0,0.0,0.08695652173913043,0.42857142857142855,0.04838709677419355,62.0,0.0,0.0,0.0,19.0,0.0,0.0,0.0,14.0,0.0,0.0,0.0,13.0
p_476,0.021052631578947368,0.02857142857142857,0.016666666666666666,0.011695906432748537,0.015873015873015872,0.009259259259259259,108.0,0.0,0.0,0.0,0.0,0.0,0.0,0.0,42.0,0.10526315789473684,0.14285714285714285,0.08333333333333333,12.0,0.0,0.0,0.0,27.0,0.0,0.0,0.0,27.0
p_477,0.005970149253731343,0.02222222222222222,0.0034482758620689655,0.016030956329463792,0.05967078189300411,0.009259259259259259,108.0,0.0,0.0,0.0,0.0,0.029850746268656716,0.1111111111111111,0.017241379310344827,58.0,0.0,0.0,0.0,11.0,0.0,0.0,0.0,17.0,0.0,0.0,0.0,22.0
p_478,0.034782608695652174,0.05714285714285714,0.025,0.02576489533011272,0.042328042328042326,0.018518518518518517,108.0,0.0,0.0,0.0,0.0,0.0,0.0,0.0,34.0,0.0,0.0,0.0,31.0,0.0,0.0,0.0,27.0,0.17391304347826086,0.2857142857142857,0.125,16.0
p_479,0.007017543859649122,0.02857142857142857,0.004,0.016244314489928524,0.06613756613756613,0.009259259259259259,108.0,0.0,0.0,0.0,0.0,0.03508771929824561,0.14285714285714285,0.02,50.0,0.0,0.0,0.0,19.0,0.0,0.0,0.0,23.0,0.0,0.0,0.0,16.0
p_480,0.0,0.0,0.0,0.0,0.0,0.0,108.0,0.0,0.0,0.0,0.0,0.0,0.0,0.0,28.0,0.0,0.0,0.0,37.0,0.0,0.0,0.0,31.0,0.0,0.0,0.0,12.0
p_481,0.03404255319148936,0.1,0.020512820512820513,0.061465721040189124,0.18055555555555555,0.037037037037037035,108.0,0.0,0.0,0.0,0.0,0.0,0.0,0.0,28.0,0.1702127659574468,0.5,0.10256410256410256,39.0,0.0,0.0,0.0,23.0,0.0,0.0,0.0,18.0
p_482,0.011428571428571429,0.02857142857142857,0.007142857142857143,0.014814814814814814,0.037037037037037035,0.009259259259259259,108.0,0.0,0.0,0.0,0.0,0.0,0.0,0.0,51.0,0.0,0.0,0.0,25.0,0.05714285714285714,0.14285714285714285,0.03571428571428571,28.0,0.0,0.0,0.0,4.0
p_483,0.021621621621621623,0.05714285714285714,0.013333333333333332,0.030030030030030033,0.07936507936507936,0.018518518518518517,108.0,0.0,0.0,0.0,0.0,0.0,0.0,0.0,34.0,0.10810810810810811,0.2857142857142857,0.06666666666666667,30.0,0.0,0.0,0.0,11.0,0.0,0.0,0.0,33.0
p_484,0.042105263157894736,0.05,0.03636363636363636,0.021442495126705655,0.02546296296296296,0.018518518518518517,108.0,0.0,0.0,0.0,0.0,0.0,0.0,0.0,48.0,0.0,0.0,0.0,23.0,0.0,0.0,0.0,26.0,0.21052631578947367,0.25,0.18181818181818182,11.0
p_485,0.0,0.0,0.0,0.0,0.0,0.0,108.0,0.0,0.0,0.0,0.0,0.0,0.0,0.0,50.0,0.0,0.0,0.0,13.0,0.0,0.0,0.0,16.0,0.0,0.0,0.0,29.0
p_486,0.019047619047619046,0.05,0.011764705882352941,0.02998236331569665,0.0787037037037037,0.018518518518518517,108.0,0.0,0.0,0.0,0.0,0.0,0.0,0.0,43.0,0.09523809523809523,0.25,0.058823529411764705,34.0,0.0,0.0,0.0,14.0,0.0,0.0,0.0,17.0
p_487,0.02222222222222222,0.02857142857142857,0.01818181818181818,0.011316872427983538,0.01455026455026455,0.009259259259259259,108.0,0.0,0.0,0.0,0.0,0.0,0.0,0.0,57.0,0.0,0.0,0.0,7.0,0.1111111111111111,0.14285714285714285,0.09090909090909091,11.0,0.0,0.0,0.0,33.0
p_488,0.02222222222222222,0.05714285714285714,0.013793103448275862,0.029835390946502054,0.07671957671957672,0.018518518518518517,108.0,0.0,0.0,0.0,0.0,0.1111111111111111,0.2857142857142857,0.06896551724137931,29.0,0.0,0.0,0.0,29.0,0.0,0.0,0.0,8.0,0.0,0.0,0.0,42.0
p_489,0.0,0.0,0.0,0.0,0.0,0.0,108.0,0.0,0.0,0.0,0.0,0.0,0.0,0.0,36.0,0.0,0.0,0.0,12.0,0.0,0.0,0.0,26.0,0.0,0.0,0.0,34.0
p_490,0.026666666666666665,0.1,0.015384615384615385,0.06419753086419754,0.24074074074074073,0.037037037037037035,108.0,0.0,0.0,0.0,0.0,0.13333333333333333,0.5,0.07692307692307693,52.0,0.0,0.0,0.0,20.0,0.0,0.0,0.0,17.0,0.0,0.0,0.0,19.0
p_491,0.008333333333333333,0.025,0.005,0.015432098765432098,0.046296296296296294,0.009259259259259259,108.0,0.0,0.0,0.0,0.0,0.041666666666666664,0.125,0.025,40.0,0.0,0.0,0.0,16.0,0.0,0.0,0.0,34.0,0.0,0.0,0.0,18.0
p_492,0.023529411764705882,0.02857142857142857,0.02,0.010893246187363835,0.013227513227513225,0.009259259259259259,108.0,0.0,0.0,0.0,0.0,0.0,0.0,0.0,61.0,0.0,0.0,0.0,20.0,0.0,0.0,0.0,17.0,0.11764705882352941,0.14285714285714285,0.1,10.0
p_493,0.012903225806451613,0.05714285714285714,0.007272727272727273,0.032855436081242535,0.1455026455026455,0.018518518518518517,108.0,0.0,0.0,0.0,0.0,0.06451612903225806,0.2857142857142857,0.03636363636363636,55.0,0.0,0.0,0.0,23.0,0.0,0.0,0.0,17.0,0.0,0.0,0.0,13.0
p_494,0.029268292682926828,0.075,0.01818181818181818,0.044715447154471545,0.11458333333333333,0.027777777777777776,108.0,0.0,0.0,0.0,0.0,0.0,0.0,0.0,40.0,0.0,0.0,0.0,25.0,0.0,0.0,0.0,10.0,0.14634146341463414,0.375,0.09090909090909091,33.0
p_495,0.021052631578947368,0.05,0.013333333333333332,0.029239766081871347,0.06944444444444445,0.018518518518518517,108.0,0.0,0.0,0.0,0.0,0.0,0.0,0.0,43.0,0.0,0.0,0.0,22.0,0.0,0.0,0.0,13.0,0.10526315789473684,0.25,0.06666666666666667,30.0
p_496,0.01,0.02857142857142857,0.006060606060606061,0.015277777777777779,0.043650793650793655,0.009259259259259259,108.0,0.0,0.0,0.0,0.0,0.0,0.0,0.0,30.0,0.05,0.14285714285714285,0.030303030303030304,33.0,0.0,0.0,0.0,18.0,0.0,0.0,0.0,27.0
p_497,0.00392156862745098,0.0019801980198019802,0.2,0.00018155410312273057,9.167583425009168e-05,0.009259259259259259,108.0,0.0196078431372549,0.009900990099009901,1.0,1.0,0.0,0.0,0.0,39.0,0.0,0.0,0.0,19.0,0.0,0.0,0.0,14.0,0.0,0.0,0.0,35.0
p_498,0.014545454545454545,0.05714285714285714,0.008333333333333333,0.03232323232323232,0.12698412698412698,0.018518518518518517,108.0,0.0,0.0,0.0,0.0,0.07272727272727272,0.2857142857142857,0.041666666666666664,48.0,0.0,0.0,0.0,32.0,0.0,0.0,0.0,14.0,0.0,0.0,0.0,14.0
p_499,0.025,0.05714285714285714,0.016,0.028935185185185185,0.06613756613756613,0.018518518518518517,108.0,0.0,0.0,0.0,0.0,0.0,0.0,0.0,44.0,0.0,0.0,0.0,16.0,0.0,0.0,0.0,23.0,0.125,0.2857142857142857,0.08,25.0
p_500,0.034782608695652174,0.05714285714285714,0.025,0.02576489533011272,0.042328042328042326,0.018518518518518517,108.0,0.0,0.0,0.0,0.0,0.0,0.0,0.0,49.0,0.17391304347826086,0.2857142857142857,0.125,16.0,0.0,0.0,0.0,28.0,0.0,0.0,0.0,15.0
p_501,0.0,0.0,0.0,0.0,0.0,0.0,108.0,0.0,0.0,0.0,0.0,0.0,0.0,0.0,38.0,0.0,0.0,0.0,37.0,0.0,0.0,0.0,14.0,0.0,0.0,0.0,19.0
p_502,0.006666666666666666,0.025,0.0038461538461538464,0.016049382716049384,0.06018518518518518,0.009259259259259259,108.0,0.0,0.0,0.0,0.0,0.03333333333333333,0.125,0.019230769230769232,52.0,0.0,0.0,0.0,17.0,0.0,0.0,0.0,30.0,0.0,0.0,0.0,9.0
p_503,0.048484848484848485,0.08888888888888888,0.03333333333333333,0.05387205387205388,0.09876543209876543,0.037037037037037035,108.0,0.0,0.0,0.0,0.0,0.0,0.0,0.0,17.0,0.0,0.0,0.0,52.0,0.24242424242424243,0.4444444444444444,0.16666666666666666,24.0,0.0,0.0,0.0,15.0
p_504,0.0,0.0,0.0,0.0,0.0,0.0,108.0,0.0,0.0,0.0,0.0,0.0,0.0,0.0,43.0,0.0,0.0,0.0,33.0,0.0,0.0,0.0,12.0,0.0,0.0,0.0,20.0
p_505,0.014814814814814814,0.025,0.010526315789473684,0.013031550068587106,0.02199074074074074,0.009259259259259259,108.0,0.0,0.0,0.0,0.0,0.0,0.0,0.0,32.0,0.0,0.0,0.0,9.0,0.07407407407407407,0.125,0.05263157894736842,19.0,0.0,0.0,0.0,48.0
p_506,0.0,0.0,0.0,0.0,0.0,0.0,108.0,0.0,0.0,0.0,0.0,0.0,0.0,0.0,38.0,0.0,0.0,0.0,20.0,0.0,0.0,0.0,21.0,0.0,0.0,0.0,29.0
p_507,0.01951219512195122,0.05714285714285714,0.011764705882352941,0.030713640469738034,0.08994708994708994,0.018518518518518517,108.0,0.0,0.0,0.0,0.0,0.0975609756097561,0.2857142857142857,0.058823529411764705,34.0,0.0,0.0,0.0,7.0,0.0,0.0,0.0,34.0,0.0,0.0,0.0,33.0
p_508,0.043243243243243246,0.1,0.027586206896551724,0.058058058058058054,0.13425925925925927,0.037037037037037035,108.0,0.0,0.0,0.0,1.0,0.21621621621621623,0.5,0.13793103448275862,29.0,0.0,0.0,0.0,28.0,0.0,0.0,0.0,12.0,0.0,0.0,0.0,38.0
p_509,0.024242424242424242,0.05,0.016,0.028058361391694726,0.05787037037037037,0.018518518518518517,108.0,0.0,0.0,0.0,0.0,0.0,0.0,0.0,42.0,0.0,0.0,0.0,16.0,0.12121212121212122,0.25,0.08,25.0,0.0,0.0,0.0,25.0
p_510,0.016,0.05714285714285714,0.009302325581395349,0.03185185185185185,0.11375661375661375,0.018518518518518517,108.0,0.0,0.0,0.0,0.0,0.08,0.2857142857142857,0.046511627906976744,43.0,0.0,0.0,0.0,23.0,0.0,0.0,0.0,22.0,0.0,0.0,0.0,20.0
p_511,0.013333333333333332,0.02857142857142857,0.008695652173913044,0.01419753086419753,0.03042328042328042,0.009259259259259259,108.0,0.0,0.0,0.0,0.0,0.06666666666666667,0.14285714285714285,0.043478260869565216,23.0,0.0,0.0,0.0,40.0,0.0,0.0,0.0,26.0,0.0,0.0,0.0,19.0
p_512,0.0,0.0,0.0,0.0,0.0,0.0,108.0,0.0,0.0,0.0,0.0,0.0,0.0,0.0,37.0,0.0,0.0,0.0,17.0,0.0,0.0,0.0,32.0,0.0,0.0,0.0,22.0
p_513,0.010256410256410256,0.02857142857142857,0.00625,0.015194681861348527,0.042328042328042326,0.009259259259259259,108.0,0.0,0.0,0.0,0.0,0.05128205128205128,0.14285714285714285,0.03125,32.0,0.0,0.0,0.0,22.0,0.0,0.0,0.0,29.0,0.0,0.0,0.0,25.0
p_514,0.0,0.0,0.0,0.0,0.0,0.0,108.0,0.0,0.0,0.0,0.0,0.0,0.0,0.0,29.0,0.0,0.0,0.0,28.0,0.0,0.0,0.0,34.0,0.0,0.0,0.0,17.0
p_515,0.03870967741935484,0.06666666666666667,0.02727272727272727,0.03942652329749104,0.06790123456790123,0.027777777777777776,108.0,0.0,0.0,0.0,0.0,0.0,0.0,0.0,29.0,0.0,0.0,0.0,17.0,0.1935483870967742,0.3333333333333333,0.13636363636363635,22.0,0.0,0.0,0.0,40.0
p_516,0.02,0.05714285714285714,0.012121212121212121,0.030555555555555558,0.08730158730158731,0.018518518518518517,108.0,0.0,0.0,0.0,0.0,0.0,0.0,0.0,34.0,0.0,0.0,0.0,31.0,0.0,0.0,0.0,10.0,0.1,0.2857142857142857,0.06060606060606061,33.0
p_517,0.03636363636363636,0.125,0.02127659574468085,0.07912457912457913,0.27199074074074076,0.046296296296296294,108.0,0.0,0.0,0.0,0.0,0.18181818181818182,0.625,0.10638297872340426,47.0,0.0,0.0,0.0,11.0,0.0,0.0,0.0,19.0,0.0,0.0,0.0,31.0
p_518,0.0,0.0,0.0,0.0,0.0,0.0,108.0,0.0,0.0,0.0,0.0,0.0,0.0,0.0,50.0,0.0,0.0,0.0,24.0,0.0,0.0,0.0,20.0,0.0,0.0,0.0,14.0
p_519,0.0,0.0,0.0,0.0,0.0,0.0,108.0,0.0,0.0,0.0,0.0,0.0,0.0,0.0,18.0,0.0,0.0,0.0,10.0,0.0,0.0,0.0,45.0,0.0,0.0,0.0,35.0
p_520,0.03809523809523809,0.05714285714285714,0.02857142857142857,0.024691358024691357,0.037037037037037035,0.018518518518518517,108.0,0.0,0.0,0.0,0.0,0.0,0.0,0.0,53.0,0.0,0.0,0.0,23.0,0.0,0.0,0.0,18.0,0.19047619047619047,0.2857142857142857,0.14285714285714285,14.0
p_521,0.013333333333333332,0.025,0.00909090909090909,0.013580246913580245,0.02546296296296296,0.009259259259259259,108.0,0.0,0.0,0.0,0.0,0.0,0.0,0.0,33.0,0.0,0.0,0.0,3.0,0.06666666666666667,0.125,0.045454545454545456,22.0,0.0,0.0,0.0,50.0
p_522,0.0,0.0,0.0,0.0,0.0,0.0,108.0,0.0,0.0,0.0,0.0,0.0,0.0,0.0,23.0,0.0,0.0,0.0,4.0,0.0,0.0,0.0,20.0,0.0,0.0,0.0,61.0
p_523,0.015384615384615385,0.05714285714285714,0.008888888888888889,0.032051282051282055,0.11904761904761904,0.018518518518518517,108.0,0.0,0.0,0.0,0.0,0.07692307692307693,0.2857142857142857,0.044444444444444446,45.0,0.0,0.0,0.0,20.0,0.0,0.0,0.0,25.0,0.0,0.0,0.0,18.0
p_524,0.03333333333333333,0.08571428571428572,0.020689655172413793,0.044753086419753084,0.11507936507936506,0.027777777777777776,108.0,0.0,0.0,0.0,0.0,0.16666666666666666,0.42857142857142855,0.10344827586206896,29.0,0.0,0.0,0.0,8.0,0.0,0.0,0.0,31.0,0.0,0.0,0.0,40.0
p_525,0.007017543859649122,0.02857142857142857,0.004,0.016244314489928524,0.06613756613756613,0.009259259259259259,108.0,0.0,0.0,0.0,0.0,0.03508771929824561,0.14285714285714285,0.02,50.0,0.0,0.0,0.0,11.0,0.0,0.0,0.0,32.0,0.0,0.0,0.0,15.0
p_526,0.016666666666666666,0.02857142857142857,0.011764705882352941,0.013117283950617283,0.022486772486772486,0.009259259259259259,108.0,0.0,0.0,0.0,0.0,0.0,0.0,0.0,25.0,0.08333333333333333,0.14285714285714285,0.058823529411764705,17.0,0.0,0.0,0.0,24.0,0.0,0.0,0.0,42.0
p_527,0.061103253182461105,0.10200000000000001,0.24,0.053093404578553084,0.09268518518518519,0.046296296296296294,108.0,0.019801980198019802,0.01,1.0,1.0,0.0,0.0,0.0,25.0,0.0,0.0,0.0,39.0,0.2857142857142857,0.5,0.2,20.0,0.0,0.0,0.0,23.0
p_528,0.048484848484848485,0.1,0.032,0.05611672278338945,0.11574074074074074,0.037037037037037035,108.0,0.0,0.0,0.0,0.0,0.24242424242424243,0.5,0.16,25.0,0.0,0.0,0.0,15.0,0.0,0.0,0.0,38.0,0.0,0.0,0.0,30.0
p_529,0.014814814814814814,0.025,0.010526315789473684,0.013031550068587106,0.02199074074074074,0.009259259259259259,108.0,0.0,0.0,0.0,0.0,0.0,0.0,0.0,38.0,0.0,0.0,0.0,9.0,0.0,0.0,0.0,42.0,0.07407407407407407,0.125,0.05263157894736842,19.0
p_530,0.032,0.11428571428571428,0.018604651162790697,0.0637037037037037,0.2275132275132275,0.037037037037037035,108.0,0.0,0.0,0.0,0.0,0.16,0.5714285714285714,0.09302325581395349,43.0,0.0,0.0,0.0,2.0,0.0,0.0,0.0,46.0,0.0,0.0,0.0,17.0
p_531,0.059259259259259255,0.1,0.042105263157894736,0.05212620027434842,0.08796296296296297,0.037037037037037035,108.0,0.0,0.0,0.0,0.0,0.0,0.0,0.0,37.0,0.0,0.0,0.0,7.0,0.0,0.0,0.0,45.0,0.2962962962962963,0.5,0.21052631578947367,19.0
p_532,0.03571428571428571,0.14285714285714285,0.020408163265306124,0.08101851851851852,0.32407407407407407,0.046296296296296294,108.0,0.0,0.0,0.0,0.0,0.17857142857142858,0.7142857142857143,0.10204081632653061,49.0,0.0,0.0,0.0,9.0,0.0,0.0,0.0,34.0,0.0,0.0,0.0,16.0
p_533,0.009302325581395349,0.02857142857142857,0.005555555555555555,0.015503875968992246,0.047619047619047616,0.009259259259259259,108.0,0.0,0.0,0.0,0.0,0.0,0.0,0.0,17.0,0.0,0.0,0.0,25.0,0.046511627906976744,0.14285714285714285,0.027777777777777776,36.0,0.0,0.0,0.0,30.0
p_534,0.05263157894736842,0.125,0.03333333333333333,0.07309941520467836,0.1736111111111111,0.046296296296296294,108.0,0.0,0.0,0.0,0.0,0.0,0.0,0.0,37.0,0.0,0.0,0.0,16.0,0.2631578947368421,0.625,0.16666666666666666,30.0,0.0,0.0,0.0,25.0
p_535,0.006349206349206349,0.02857142857142857,0.0035714285714285713,0.016460905349794237,0.07407407407407407,0.009259259259259259,108.0,0.0,0.0,0.0,0.0,0.031746031746031744,0.14285714285714285,0.017857142857142856,56.0,0.0,0.0,0.0,12.0,0.0,0.0,0.0,25.0,0.0,0.0,0.0,15.0
p_536,0.05106382978723404,0.17142857142857143,0.03,0.0945626477541371,0.31746031746031744,0.05555555555555555,108.0,0.0,0.0,0.0,0.0,0.2553191489361702,0.8571428571428571,0.15,40.0,0.0,0.0,0.0,6.0,0.0,0.0,0.0,49.0,0.0,0.0,0.0,13.0
p_537,0.0064516129032258064,0.02222222222222222,0.0037735849056603774,0.015830346475507767,0.05452674897119341,0.009259259259259259,108.0,0.0,0.0,0.0,0.0,0.03225806451612903,0.1111111111111111,0.018867924528301886,53.0,0.0,0.0,0.0,8.0,0.0,0.0,0.0,17.0,0.0,0.0,0.0,30.0
p_538,0.02222222222222222,0.075,0.013043478260869565,0.047325102880658436,0.1597222222222222,0.027777777777777776,108.0,0.0,0.0,0.0,0.0,0.1111111111111111,0.375,0.06521739130434782,46.0,0.0,0.0,0.0,13.0,0.0,0.0,0.0,29.0,0.0,0.0,0.0,20.0
p_539,0.009302325581395349,0.02857142857142857,0.005555555555555555,0.015503875968992246,0.047619047619047616,0.009259259259259259,108.0,0.0,0.0,0.0,0.0,0.0,0.0,0.0,36.0,0.0,0.0,0.0,9.0,0.0,0.0,0.0,27.0,0.046511627906976744,0.14285714285714285,0.027777777777777776,36.0
p_540,0.03773584905660378,0.11111111111111112,0.022727272727272728,0.07686932215234102,0.2263374485596708,0.046296296296296294,108.0,0.0,0.0,0.0,0.0,0.18867924528301888,0.5555555555555556,0.11363636363636363,44.0,0.0,0.0,0.0,6.0,0.0,0.0,0.0,23.0,0.0,0.0,0.0,35.0
p_541,0.0125,0.025,0.008333333333333333,0.013888888888888888,0.027777777777777776,0.009259259259259259,108.0,0.0,0.0,0.0,0.0,0.0,0.0,0.0,41.0,0.0625,0.125,0.041666666666666664,24.0,0.0,0.0,0.0,26.0,0.0,0.0,0.0,17.0
p_542,0.014035087719298244,0.05,0.008163265306122448,0.03183885640025991,0.11342592592592593,0.018518518518518517,108.0,0.0,0.0,0.0,0.0,0.0,0.0,0.0,45.0,0.0,0.0,0.0,5.0,0.07017543859649122,0.25,0.04081632653061224,49.0,0.0,0.0,0.0,9.0
p_543,0.03018867924528302,0.11428571428571428,0.017391304347826087,0.06429070580013975,0.24338624338624337,0.037037037037037035,108.0,0.0,0.0,0.0,0.0,0.0,0.0,0.0,28.0,0.0,0.0,0.0,12.0,0.1509433962264151,0.5714285714285714,0.08695652173913043,46.0,0.0,0.0,0.0,22.0
p_544,0.0,0.0,0.0,0.0,0.0,0.0,108.0,0.0,0.0,0.0,0.0,0.0,0.0,0.0,41.0,0.0,0.0,0.0,25.0,0.0,0.0,0.0,28.0,0.0,0.0,0.0,14.0
p_545,0.027906976744186046,0.075,0.017142857142857144,0.04521963824289405,0.12152777777777778,0.027777777777777776,108.0,0.0,0.0,0.0,0.0,0.13953488372093023,0.375,0.08571428571428572,35.0,0.0,0.0,0.0,9.0,0.0,0.0,0.0,49.0,0.0,0.0,0.0,15.0
p_546,0.05128205128205128,0.125,0.03225806451612903,0.07359924026590693,0.17939814814814814,0.046296296296296294,108.0,0.0,0.0,0.0,0.0,0.2564102564102564,0.625,0.16129032258064516,31.0,0.0,0.0,0.0,35.0,0.0,0.0,0.0,25.0,0.0,0.0,0.0,17.0
p_547,0.00909090909090909,0.025,0.005555555555555555,0.015151515151515152,0.041666666666666664,0.009259259259259259,108.0,0.0,0.0,0.0,0.0,0.0,0.0,0.0,28.0,0.0,0.0,0.0,29.0,0.045454545454545456,0.125,0.027777777777777776,36.0,0.0,0.0,0.0,15.0
p_548,0.01951219512195122,0.05714285714285714,0.011764705882352941,0.030713640469738034,0.08994708994708994,0.018518518518518517,108.0,0.0,0.0,0.0,0.0,0.0,0.0,0.0,34.0,0.0,0.0,0.0,16.0,0.0975609756097561,0.2857142857142857,0.058823529411764705,34.0,0.0,0.0,0.0,24.0
p_549,0.037037037037037035,0.125,0.021739130434782608,0.07887517146776404,0.2662037037037037,0.046296296296296294,108.0,0.0,0.0,0.0,0.0,0.18518518518518517,0.625,0.10869565217391304,46.0,0.0,0.0,0.0,18.0,0.0,0.0,0.0,27.0,0.0,0.0,0.0,17.0
p_550,0.0,0.0,0.0,0.0,0.0,0.0,108.0,0.0,0.0,0.0,0.0,0.0,0.0,0.0,59.0,0.0,0.0,0.0,10.0,0.0,0.0,0.0,23.0,0.0,0.0,0.0,16.0
p_551,0.041379310344827586,0.08571428571428572,0.02727272727272727,0.0421455938697318,0.08730158730158731,0.027777777777777776,108.0,0.0,0.0,0.0,0.0,0.0,0.0,0.0,45.0,0.0,0.0,0.0,29.0,0.20689655172413793,0.42857142857142855,0.13636363636363635,22.0,0.0,0.0,0.0,12.0
p_552,0.02222222222222222,0.025,0.02,0.0102880658436214,0.011574074074074073,0.009259259259259259,108.0,0.0,0.0,0.0,0.0,0.0,0.0,0.0,41.0,0.1111111111111111,0.125,0.1,10.0,0.0,0.0,0.0,42.0,0.0,0.0,0.0,15.0
p_553,0.045714285714285714,0.1,0.029629629629629627,0.057142857142857134,0.125,0.037037037037037035,108.0,0.0,0.0,0.0,0.0,0.0,0.0,0.0,45.0,0.0,0.0,0.0,17.0,0.0,0.0,0.0,19.0,0.22857142857142856,0.5,0.14814814814814814,27.0
p_554,0.016326530612244896,0.05,0.00975609756097561,0.030990173847316702,0.09490740740740741,0.018518518518518517,108.0,0.0,0.0,0.0,0.0,0.08163265306122448,0.25,0.04878048780487805,41.0,0.0,0.0,0.0,10.0,0.0,0.0,0.0,35.0,0.0,0.0,0.0,22.0
p_555,0.005633802816901409,0.02857142857142857,0.003125,0.016692749087115284,0.08465608465608465,0.009259259259259259,108.0,0.0,0.0,0.0,0.0,0.028169014084507043,0.14285714285714285,0.015625,64.0,0.0,0.0,0.0,14.0,0.0,0.0,0.0,9.0,0.0,0.0,0.0,21.0
p_556,0.014285714285714285,0.02857142857142857,0.009523809523809523,0.013888888888888888,0.027777777777777776,0.009259259259259259,108.0,0.0,0.0,0.0,0.0,0.0,0.0,0.0,33.0,0.0,0.0,0.0,10.0,0.07142857142857142,0.14285714285714285,0.047619047619047616,21.0,0.0,0.0,0.0,44.0
p_557,0.014035087719298244,0.05,0.008163265306122448,0.03183885640025991,0.11342592592592593,0.018518518518518517,108.0,0.0,0.0,0.0,1.0,0.07017543859649122,0.25,0.04081632653061224,49.0,0.0,0.0,0.0,14.0,0.0,0.0,0.0,30.0,0.0,0.0,0.0,14.0
p_558,0.0,0.0,0.0,0.0,0.0,0.0,108.0,0.0,0.0,0.0,0.0,0.0,0.0,0.0,44.0,0.0,0.0,0.0,11.0,0.0,0.0,0.0,11.0,0.0,0.0,0.0,42.0
p_559,0.021818181818181816,0.08571428571428572,0.0125,0.048484848484848485,0.19047619047619047,0.027777777777777776,108.0,0.0,0.0,0.0,0.0,0.10909090909090909,0.42857142857142855,0.0625,48.0,0.0,0.0,0.0,10.0,0.0,0.0,0.0,24.0,0.0,0.0,0.0,26.0
p_560,0.00784313725490196,0.02857142857142857,0.004545454545454545,0.01597676107480029,0.0582010582010582,0.009259259259259259,108.0,0.0,0.0,0.0,0.0,0.0392156862745098,0.14285714285714285,0.022727272727272728,44.0,0.0,0.0,0.0,9.0,0.0,0.0,0.0,34.0,0.0,0.0,0.0,21.0
p_561,0.019047619047619046,0.02857142857142857,0.014285714285714285,0.012345679012345678,0.018518518518518517,0.009259259259259259,108.0,0.0,0.0,0.0,0.0,0.0,0.0,0.0,41.0,0.0,0.0,0.0,10.0,0.0,0.0,0.0,43.0,0.09523809523809523,0.14285714285714285,0.07142857142857142,14.0
p_562,0.006896551724137931,0.025,0.004,0.015964240102171137,0.05787037037037037,0.009259259259259259,108.0,0.0,0.0,0.0,0.0,0.034482758620689655,0.125,0.02,50.0,0.0,0.0,0.0,7.0,0.0,0.0,0.0,29.0,0.0,0.0,0.0,22.0
p_563,0.03333333333333333,0.05714285714285714,0.023529411764705882,0.026234567901234566,0.04497354497354497,0.018518518518518517,108.0,0.0,0.0,0.0,0.0,0.0,0.0,0.0,59.0,0.0,0.0,0.0,16.0,0.0,0.0,0.0,16.0,0.16666666666666666,0.2857142857142857,0.11764705882352941,17.0
p_564,0.03636363636363636,0.11428571428571428,0.021621621621621623,0.06228956228956229,0.19576719576719576,0.037037037037037035,108.0,0.0,0.0,0.0,0.0,0.0,0.0,0.0,43.0,0.0,0.0,0.0,10.0,0.0,0.0,0.0,18.0,0.18181818181818182,0.5714285714285714,0.10810810810810811,37.0
p_565,0.012307692307692308,0.05714285714285714,0.006896551724137931,0.03304843304843305,0.15343915343915343,0.018518518518518517,108.0,0.0,0.0,0.0,0.0,0.06153846153846154,0.2857142857142857,0.034482758620689655,58.0,0.0,0.0,0.0,13.0,0.0,0.0,0.0,15.0,0.0,0.0,0.0,22.0
p_566,0.00909090909090909,0.02857142857142857,0.005405405405405406,0.015572390572390573,0.04894179894179894,0.009259259259259259,108.0,0.0,0.0,0.0,0.0,0.0,0.0,0.0,26.0,0.0,0.0,0.0,30.0,0.0,0.0,0.0,15.0,0.045454545454545456,0.14285714285714285,0.02702702702702703,37.0
p_567,0.012698412698412698,0.05,0.007272727272727273,0.03233392122281011,0.12731481481481483,0.018518518518518517,108.0,0.0,0.0,0.0,0.0,0.06349206349206349,0.25,0.03636363636363636,55.0,0.0,0.0,0.0,10.0,0.0,0.0,0.0,24.0,0.0,0.0,0.0,19.0
p_568,0.0,0.0,0.0,0.0,0.0,0.0,108.0,0.0,0.0,0.0,0.0,0.0,0.0,0.0,30.0,0.0,0.0,0.0,25.0,0.0,0.0,0.0,24.0,0.0,0.0,0.0,29.0
p_569,0.03137254901960784,0.08888888888888888,0.019047619047619046,0.061002178649237467,0.1728395061728395,0.037037037037037035,108.0,0.0,0.0,0.0,0.0,0.1568627450980392,0.4444444444444444,0.09523809523809523,42.0,0.0,0.0,0.0,8.0,0.0,0.0,0.0,32.0,0.0,0.0,0.0,26.0
p_570,0.03,0.08571428571428572,0.01818181818181818,0.04583333333333334,0.13095238095238096,0.027777777777777776,108.0,0.0,0.0,0.0,0.0,0.0,0.0,0.0,40.0,0.0,0.0,0.0,11.0,0.15,0.42857142857142855,0.09090909090909091,33.0,0.0,0.0,0.0,24.0
p_571,0.024615384615384615,0.1,0.014035087719298244,0.06495726495726496,0.2638888888888889,0.037037037037037035,108.0,0.0,0.0,0.0,0.0,0.0,0.0,0.0,22.0,0.0,0.0,0.0,9.0,0.0,0.0,0.0,20.0,0.12307692307692308,0.5,0.07017543859649122,57.0
p_572,0.012903225806451613,0.025,0.008695652173913044,0.013739545997610514,0.02662037037037037,0.009259259259259259,108.0,0.0,0.0,0.0,0.0,0.0,0.0,0.0,48.0,0.06451612903225806,0.125,0.043478260869565216,23.0,0.0,0.0,0.0,17.0,0.0,0.0,0.0,20.0
p_573,0.016,0.025,0.011764705882352941,0.012592592592592593,0.019675925925925927,0.009259259259259259,108.0,0.0,0.0,0.0,0.0,0.0,0.0,0.0,51.0,0.0,0.0,0.0,16.0,0.0,0.0,0.0,24.0,0.08,0.125,0.058823529411764705,17.0
p_574,0.0,0.0,0.0,0.0,0.0,0.0,108.0,0.0,0.0,0.0,0.0,0.0,0.0,0.0,39.0,0.0,0.0,0.0,21.0,0.0,0.0,0.0,32.0,0.0,0.0,0.0,16.0
p_575,0.02816399286987522,0.05912305516265912,0.21538461538461537,0.029362249950485243,0.06887474461731886,0.027777777777777776,108.0,0.0196078431372549,0.009900990099009901,1.0,1.0,0.12121212121212122,0.2857142857142857,0.07692307692307693,26.0,0.0,0.0,0.0,26.0,0.0,0.0,0.0,34.0,0.0,0.0,0.0,21.0
p_576,0.0,0.0,0.0,0.0,0.0,0.0,108.0,0.0,0.0,0.0,0.0,0.0,0.0,0.0,51.0,0.0,0.0,0.0,17.0,0.0,0.0,0.0,27.0,0.0,0.0,0.0,13.0
p_577,0.018604651162790697,0.05,0.011428571428571429,0.030146425495262703,0.08101851851851852,0.018518518518518517,108.0,0.0,0.0,0.0,0.0,0.0,0.0,0.0,35.0,0.0,0.0,0.0,20.0,0.0,0.0,0.0,18.0,0.09302325581395349,0.25,0.05714285714285714,35.0
p_578,0.0,0.0,0.0,0.0,0.0,0.0,108.0,0.0,0.0,0.0,0.0,0.0,0.0,0.0,44.0,0.0,0.0,0.0,13.0,0.0,0.0,0.0,21.0,0.0,0.0,0.0,30.0
p_579,0.021621621621621623,0.05714285714285714,0.013333333333333332,0.030030030030030033,0.07936507936507936,0.018518518518518517,108.0,0.0,0.0,0.0,0.0,0.0,0.0,0.0,41.0,0.0,0.0,0.0,30.0,0.0,0.0,0.0,7.0,0.10810810810810811,0.2857142857142857,0.06666666666666667,30.0
p_580,0.05405405405405406,0.11111111111111112,0.03571428571428571,0.07007007007007007,0.1440329218106996,0.046296296296296294,108.0,0.0,0.0,0.0,0.0,0.2702702702702703,0.5555555555555556,0.17857142857142858,28.0,0.0,0.0,0.0,8.0,0.0,0.0,0.0,11.0,0.0,0.0,0.0,61.0
p_581,0.03076923076923077,0.04444444444444444,0.023529411764705882,0.02421652421652422,0.03497942386831276,0.018518518518518517,108.0,0.0,0.0,0.0,0.0,0.0,0.0,0.0,35.0,0.0,0.0,0.0,14.0,0.15384615384615385,0.2222222222222222,0.11764705882352941,17.0,0.0,0.0,0.0,42.0
p_582,0.026666666666666665,0.1,0.015384615384615385,0.06419753086419754,0.24074074074074073,0.037037037037037035,108.0,0.0,0.0,0.0,0.0,0.13333333333333333,0.5,0.07692307692307693,52.0,0.0,0.0,0.0,16.0,0.0,0.0,0.0,13.0,0.0,0.0,0.0,27.0
p_583,0.0,0.0,0.0,0.0,0.0,0.0,108.0,0.0,0.0,0.0,0.0,0.0,0.0,0.0,45.0,0.0,0.0,0.0,21.0,0.0,0.0,0.0,15.0,0.0,0.0,0.0,27.0
p_584,0.012121212121212121,0.02857142857142857,0.007692307692307693,0.014590347923681257,0.03439153439153439,0.009259259259259259,108.0,0.0,0.0,0.0,0.0,0.0,0.0,0.0,41.0,0.0,0.0,0.0,15.0,0.06060606060606061,0.14285714285714285,0.038461538461538464,26.0,0.0,0.0,0.0,26.0
p_585,0.026666666666666665,0.05714285714285714,0.017391304347826087,0.02839506172839506,0.06084656084656084,0.018518518518518517,108.0,0.0,0.0,0.0,0.0,0.0,0.0,0.0,41.0,0.0,0.0,0.0,26.0,0.0,0.0,0.0,18.0,0.13333333333333333,0.2857142857142857,0.08695652173913043,23.0
p_586,0.02857142857142857,0.05,0.02,0.02645502645502645,0.046296296296296294,0.018518518518518517,108.0,0.0,0.0,0.0,0.0,0.0,0.0,0.0,40.0,0.0,0.0,0.0,13.0,0.14285714285714285,0.25,0.1,20.0,0.0,0.0,0.0,35.0
p_587,0.034782608695652174,0.05714285714285714,0.025,0.02576489533011272,0.042328042328042326,0.018518518518518517,108.0,0.0,0.0,0.0,0.0,0.0,0.0,0.0,44.0,0.0,0.0,0.0,12.0,0.17391304347826086,0.2857142857142857,0.125,16.0,0.0,0.0,0.0,36.0
p_588,0.032432432432432434,0.075,0.020689655172413793,0.04354354354354354,0.10069444444444445,0.027777777777777776,108.0,0.0,0.0,0.0,0.0,0.16216216216216217,0.375,0.10344827586206896,29.0,0.0,0.0,0.0,13.0,0.0,0.0,0.0,19.0,0.0,0.0,0.0,47.0
p_589,0.02622950819672131,0.11428571428571428,0.014814814814814814,0.06557377049180328,0.2857142857142857,0.037037037037037035,108.0,0.0,0.0,0.0,0.0,0.13114754098360656,0.5714285714285714,0.07407407407407407,54.0,0.0,0.0,0.0,13.0,0.0,0.0,0.0,6.0,0.0,0.0,0.0,35.0
p_590,0.034782608695652174,0.11428571428571428,0.020512820512820513,0.06280193236714976,0.20634920634920634,0.037037037037037035,108.0,0.0,0.0,0.0,0.0,0.0,0.0,0.0,26.0,0.0,0.0,0.0,33.0,0.0,0.0,0.0,10.0,0.17391304347826086,0.5714285714285714,0.10256410256410256,39.0
p_591,0.05,0.1,0.03333333333333333,0.05555555555555555,0.1111111111111111,0.037037037037037035,108.0,0.0,0.0,0.0,0.0,0.0,0.0,0.0,12.0,0.25,0.5,0.16666666666666666,24.0,0.0,0.0,0.0,20.0,0.0,0.0,0.0,52.0
p_592,0.032,0.05,0.023529411764705882,0.025185185185185185,0.03935185185185185,0.018518518518518517,108.0,0.0,0.0,0.0,0.0,0.0,0.0,0.0,40.0,0.0,0.0,0.0,25.0,0.16,0.25,0.11764705882352941,17.0,0.0,0.0,0.0,26.0
p_593,0.0,0.0,0.0,0.0,0.0,0.0,108.0,0.0,0.0,0.0,0.0,0.0,0.0,0.0,32.0,0.0,0.0,0.0,20.0,0.0,0.0,0.0,13.0,0.0,0.0,0.0,43.0
p_594,0.014814814814814814,0.025,0.010526315789473684,0.013031550068587106,0.02199074074074074,0.009259259259259259,108.0,0.0,0.0,0.0,0.0,0.0,0.0,0.0,40.0,0.0,0.0,0.0,19.0,0.0,0.0,0.0,30.0,0.07407407407407407,0.125,0.05263157894736842,19.0
p_595,0.03809523809523809,0.05714285714285714,0.02857142857142857,0.024691358024691357,0.037037037037037035,0.018518518518518517,108.0,0.0,0.0,0.0,0.0,0.19047619047619047,0.2857142857142857,0.14285714285714285,14.0,0.0,0.0,0.0,17.0,0.0,0.0,0.0,31.0,0.0,0.0,0.0,46.0
p_596,0.0375,0.06666666666666667,0.02608695652173913,0.03993055555555555,0.07098765432098765,0.027777777777777776,108.0,0.0,0.0,0.0,0.0,0.0,0.0,0.0,33.0,0.0,0.0,0.0,32.0,0.1875,0.3333333333333333,0.13043478260869565,23.0,0.0,0.0,0.0,20.0
p_597,0.04878048780487805,0.14285714285714285,0.029411764705882353,0.07678410117434507,0.22486772486772486,0.046296296296296294,108.0,0.0,0.0,0.0,0.0,0.0,0.0,0.0,33.0,0.0,0.0,0.0,16.0,0.24390243902439024,0.7142857142857143,0.14705882352941177,34.0,0.0,0.0,0.0,25.0
p_598,0.01,0.025,0.00625,0.014814814814814815,0.037037037037037035,0.009259259259259259,108.0,0.0,0.0,0.0,0.0,0.0,0.0,0.0,32.0,0.0,0.0,0.0,30.0,0.0,0.0,0.0,14.0,0.05,0.125,0.03125,32.0
p_599,0.008695652173913044,0.02857142857142857,0.005128205128205128,0.01570048309178744,0.051587301587301584,0.009259259259259259,108.0,0.0,0.0,0.0,0.0,0.0,0.0,0.0,26.0,0.043478260869565216,0.14285714285714285,0.02564102564102564,39.0,0.0,0.0,0.0,18.0,0.0,0.0,0.0,25.0
p_600,0.016,0.05714285714285714,0.009302325581395349,0.03185185185185185,0.11375661375661375,0.018518518518518517,108.0,0.0,0.0,0.0,0.0,0.08,0.2857142857142857,0.046511627906976744,43.0,0.0,0.0,0.0,15.0,0.0,0.0,0.0,21.0,0.0,0.0,0.0,29.0
p_601,0.064,0.11428571428571428,0.04444444444444444,0.05333333333333333,0.09523809523809523,0.037037037037037035,108.0,0.0,0.0,0.0,0.0,0.0,0.0,0.0,30.0,0.32,0.5714285714285714,0.2222222222222222,18.0,0.0,0.0,0.0,14.0,0.0,0.0,0.0,46.0
p_602,0.012121212121212121,0.025,0.008,0.014029180695847363,0.028935185185185185,0.009259259259259259,108.0,0.0,0.0,0.0,0.0,0.0,0.0,0.0,46.0,0.0,0.0,0.0,16.0,0.06060606060606061,0.125,0.04,25.0,0.0,0.0,0.0,21.0
p_603,0.03636363636363636,0.08571428571428572,0.023076923076923078,0.04377104377104377,0.10317460317460317,0.027777777777777776,108.0,0.0,0.0,0.0,0.0,0.0,0.0,0.0,25.0,0.0,0.0,0.0,42.0,0.18181818181818182,0.42857142857142855,0.11538461538461539,26.0,0.0,0.0,0.0,15.0
p_604,0.02608695652173913,0.075,0.015789473684210527,0.04589371980676328,0.13194444444444445,0.027777777777777776,108.0,0.0,0.0,0.0,0.0,0.0,0.0,0.0,25.0,0.0,0.0,0.0,24.0,0.0,0.0,0.0,21.0,0.13043478260869565,0.375,0.07894736842105263,38.0
p_605,0.04897959183673469,0.15,0.029268292682926828,0.09297052154195011,0.2847222222222222,0.05555555555555555,108.0,0.0,0.0,0.0,0.0,0.24489795918367346,0.75,0.14634146341463414,41.0,0.0,0.0,0.0,16.0,0.0,0.0,0.0,28.0,0.0,0.0,0.0,23.0
p_606,0.05333333333333333,0.13333333333333333,0.03333333333333333,0.08888888888888889,0.2222222222222222,0.05555555555555555,108.0,0.0,0.0,0.0,0.0,0.0,0.0,0.0,32.0,0.0,0.0,0.0,15.0,0.0,0.0,0.0,25.0,0.26666666666666666,0.6666666666666666,0.16666666666666666,36.0
p_607,0.045714285714285714,0.1,0.029629629629629627,0.057142857142857134,0.125,0.037037037037037035,108.0,0.0,0.0,0.0,0.0,0.0,0.0,0.0,56.0,0.22857142857142856,0.5,0.14814814814814814,27.0,0.0,0.0,0.0,17.0,0.0,0.0,0.0,8.0
p_608,0.0,0.0,0.0,0.0,0.0,0.0,108.0,0.0,0.0,0.0,0.0,0.0,0.0,0.0,27.0,0.0,0.0,0.0,23.0,0.0,0.0,0.0,27.0,0.0,0.0,0.0,31.0
p_609,0.022857142857142857,0.05714285714285714,0.014285714285714285,0.029629629629629627,0.07407407407407407,0.018518518518518517,108.0,0.0,0.0,0.0,0.0,0.0,0.0,0.0,42.0,0.11428571428571428,0.2857142857142857,0.07142857142857142,28.0,0.0,0.0,0.0,17.0,0.0,0.0,0.0,21.0
p_610,0.010810810810810811,0.02857142857142857,0.006666666666666666,0.015015015015015017,0.03968253968253968,0.009259259259259259,108.0,0.0,0.0,0.0,0.0,0.0,0.0,0.0,32.0,0.05405405405405406,0.14285714285714285,0.03333333333333333,30.0,0.0,0.0,0.0,29.0,0.0,0.0,0.0,17.0
p_611,0.01951219512195122,0.05714285714285714,0.011764705882352941,0.030713640469738034,0.08994708994708994,0.018518518518518517,108.0,0.0,0.0,0.0,0.0,0.0975609756097561,0.2857142857142857,0.058823529411764705,34.0,0.0,0.0,0.0,16.0,0.0,0.0,0.0,47.0,0.0,0.0,0.0,11.0
p_612,0.0,0.0,0.0,0.0,0.0,0.0,108.0,0.0,0.0,0.0,0.0,0.0,0.0,0.0,22.0,0.0,0.0,0.0,10.0,0.0,0.0,0.0,21.0,0.0,0.0,0.0,55.0
p_613,0.07777777777777778,0.15555555555555556,0.05185185185185185,0.09722222222222222,0.19444444444444445,0.06481481481481481,108.0,0.0,0.0,0.0,0.0,0.0,0.0,0.0,43.0,0.0,0.0,0.0,18.0,0.3888888888888889,0.7777777777777778,0.25925925925925924,27.0,0.0,0.0,0.0,20.0
p_614,0.016,0.02222222222222222,0.0125,0.011851851851851851,0.016460905349794237,0.009259259259259259,108.0,0.0,0.0,0.0,0.0,0.08,0.1111111111111111,0.0625,16.0,0.0,0.0,0.0,32.0,0.0,0.0,0.0,51.0,0.0,0.0,0.0,9.0
p_615,0.0,0.0,0.0,0.0,0.0,0.0,108.0,0.0,0.0,0.0,0.0,0.0,0.0,0.0,28.0,0.0,0.0,0.0,15.0,0.0,0.0,0.0,30.0,0.0,0.0,0.0,35.0
p_616,0.0,0.0,0.0,0.0,0.0,0.0,108.0,0.0,0.0,0.0,0.0,0.0,0.0,0.0,39.0,0.0,0.0,0.0,29.0,0.0,0.0,0.0,21.0,0.0,0.0,0.0,19.0
p_617,0.0,0.0,0.0,0.0,0.0,0.0,108.0,0.0,0.0,0.0,0.0,0.0,0.0,0.0,38.0,0.0,0.0,0.0,18.0,0.0,0.0,0.0,27.0,0.0,0.0,0.0,25.0
p_618,0.01951219512195122,0.05714285714285714,0.011764705882352941,0.030713640469738034,0.08994708994708994,0.018518518518518517,108.0,0.0,0.0,0.0,0.0,0.0975609756097561,0.2857142857142857,0.058823529411764705,34.0,0.0,0.0,0.0,36.0,0.0,0.0,0.0,17.0,0.0,0.0,0.0,21.0
p_619,0.018604651162790697,0.05,0.011428571428571429,0.030146425495262703,0.08101851851851852,0.018518518518518517,108.0,0.0,0.0,0.0,0.0,0.0,0.0,0.0,30.0,0.0,0.0,0.0,16.0,0.09302325581395349,0.25,0.05714285714285714,35.0,0.0,0.0,0.0,27.0
p_620,0.00851063829787234,0.025,0.005128205128205128,0.015366430260047281,0.04513888888888889,0.009259259259259259,108.0,0.0,0.0,0.0,0.0,0.0,0.0,0.0,39.0,0.0425531914893617,0.125,0.02564102564102564,39.0,0.0,0.0,0.0,10.0,0.0,0.0,0.0,20.0
p_621,0.0,0.0,0.0,0.0,0.0,0.0,108.0,0.0,0.0,0.0,0.0,0.0,0.0,0.0,20.0,0.0,0.0,0.0,16.0,0.0,0.0,0.0,30.0,0.0,0.0,0.0,42.0
p_622,0.04444444444444444,0.075,0.031578947368421054,0.03909465020576132,0.06597222222222222,0.027777777777777776,108.0,0.0,0.0,0.0,0.0,0.0,0.0,0.0,42.0,0.0,0.0,0.0,13.0,0.0,0.0,0.0,34.0,0.2222222222222222,0.375,0.15789473684210525,19.0
p_623,0.016666666666666666,0.025,0.0125,0.012345679012345678,0.018518518518518517,0.009259259259259259,108.0,0.0,0.0,0.0,0.0,0.0,0.0,0.0,29.0,0.08333333333333333,0.125,0.0625,16.0,0.0,0.0,0.0,33.0,0.0,0.0,0.0,30.0
p_624,0.026666666666666665,0.05,0.01818181818181818,0.02716049382716049,0.05092592592592592,0.018518518518518517,108.0,0.0,0.0,0.0,0.0,0.0,0.0,0.0,17.0,0.0,0.0,0.0,33.0,0.0,0.0,0.0,36.0,0.13333333333333333,0.25,0.09090909090909091,22.0
p_625,0.0,0.0,0.0,0.0,0.0,0.0,108.0,0.0,0.0,0.0,0.0,0.0,0.0,0.0,30.0,0.0,0.0,0.0,18.0,0.0,0.0,0.0,27.0,0.0,0.0,0.0,33.0
p_626,0.010256410256410256,0.02857142857142857,0.00625,0.015194681861348527,0.042328042328042326,0.009259259259259259,108.0,0.0,0.0,0.0,0.0,0.0,0.0,0.0,26.0,0.0,0.0,0.0,29.0,0.0,0.0,0.0,21.0,0.05128205128205128,0.14285714285714285,0.03125,32.0
p_627,0.041025641025641026,0.11428571428571428,0.025,0.06077872744539411,0.1693121693121693,0.037037037037037035,108.0,0.0,0.0,0.0,0.0,0.0,0.0,0.0,32.0,0.0,0.0,0.0,8.0,0.0,0.0,0.0,36.0,0.20512820512820512,0.5714285714285714,0.125,32.0
p_628,0.06153846153846154,0.13333333333333333,0.04,0.08547008547008549,0.18518518518518517,0.05555555555555555,108.0,0.0,0.0,0.0,0.0,0.0,0.0,0.0,18.0,0.0,0.0,0.0,32.0,0.3076923076923077,0.6666666666666666,0.2,30.0,0.0,0.0,0.0,28.0
p_629,0.03809523809523809,0.11428571428571428,0.022857142857142857,0.06172839506172839,0.18518518518518517,0.037037037037037035,108.0,0.0,0.0,0.0,0.0,0.19047619047619047,0.5714285714285714,0.11428571428571428,35.0,0.0,0.0,0.0,29.0,0.0,0.0,0.0,25.0,0.0,0.0,0.0,19.0
p_630,0.007272727272727273,0.025,0.00425531914893617,0.015824915824915825,0.05439814814814815,0.009259259259259259,108.0,0.0,0.0,0.0,0.0,0.0,0.0,0.0,25.0,0.0,0.0,0.0,12.0,0.03636363636363636,0.125,0.02127659574468085,47.0,0.0,0.0,0.0,24.0
p_631,0.0,0.0,0.0,0.0,0.0,0.0,108.0,0.0,0.0,0.0,0.0,0.0,0.0,0.0,15.0,0.0,0.0,0.0,11.0,0.0,0.0,0.0,31.0,0.0,0.0,0.0,51.0
p_632,0.008888888888888889,0.02857142857142857,0.005263157894736842,0.015637860082304528,0.05026455026455026,0.009259259259259259,108.0,0.0,0.0,0.0,0.0,0.044444444444444446,0.14285714285714285,0.02631578947368421,38.0,0.0,0.0,0.0,21.0,0.0,0.0,0.0,29.0,0.0,0.0,0.0,20.0
p_633,0.006557377049180328,0.025,0.0037735849056603774,0.016089860352155434,0.061342592592592594,0.009259259259259259,108.0,0.0,0.0,0.0,0.0,0.0,0.0,0.0,23.0,0.0,0.0,0.0,9.0,0.0,0.0,0.0,23.0,0.03278688524590164,0.125,0.018867924528301886,53.0
p_634,0.029629629629629627,0.05,0.021052631578947368,0.02606310013717421,0.04398148148148148,0.018518518518518517,108.0,0.0,0.0,0.0,0.0,0.0,0.0,0.0,26.0,0.0,0.0,0.0,41.0,0.14814814814814814,0.25,0.10526315789473684,19.0,0.0,0.0,0.0,22.0
p_635,0.019047619047619046,0.05,0.011764705882352941,0.02998236331569665,0.0787037037037037,0.018518518518518517,108.0,0.0,0.0,0.0,0.0,0.0,0.0,0.0,26.0,0.0,0.0,0.0,29.0,0.09523809523809523,0.25,0.058823529411764705,34.0,0.0,0.0,0.0,19.0
p_636,0.0125,0.02857142857142857,0.008,0.014467592592592593,0.03306878306878307,0.009259259259259259,108.0,0.0,0.0,0.0,0.0,0.0,0.0,0.0,35.0,0.0,0.0,0.0,30.0,0.0625,0.14285714285714285,0.04,25.0,0.0,0.0,0.0,18.0
p_637,0.008333333333333333,0.025,0.005,0.015432098765432098,0.046296296296296294,0.009259259259259259,108.0,0.0,0.0,0.0,0.0,0.0,0.0,0.0,23.0,0.0,0.0,0.0,30.0,0.0,0.0,0.0,15.0,0.041666666666666664,0.125,0.025,40.0
p_638,0.016666666666666666,0.025,0.0125,0.012345679012345678,0.018518518518518517,0.009259259259259259,108.0,0.0,0.0,0.0,0.0,0.0,0.0,0.0,40.0,0.0,0.0,0.0,31.0,0.0,0.0,0.0,21.0,0.08333333333333333,0.125,0.0625,16.0
p_639,0.01992156862745098,0.05912305516265912,0.20930232558139536,0.03203340595497458,0.11384828959086384,0.027777777777777776,108.0,0.0196078431372549,0.009900990099009901,1.0,1.0,0.0,0.0,0.0,22.0,0.08,0.2857142857142857,0.046511627906976744,43.0,0.0,0.0,0.0,22.0,0.0,0.0,0.0,20.0
p_640,0.015384615384615385,0.02857142857142857,0.010526315789473684,0.013532763532763534,0.02513227513227513,0.009259259259259259,108.0,0.0,0.0,0.0,0.0,0.0,0.0,0.0,21.0,0.0,0.0,0.0,30.0,0.0,0.0,0.0,38.0,0.07692307692307693,0.14285714285714285,0.05263157894736842,19.0
p_641,0.011764705882352941,0.02857142857142857,0.007407407407407407,0.014705882352941176,0.03571428571428571,0.009259259259259259,108.0,0.0,0.0,0.0,0.0,0.0,0.0,0.0,39.0,0.0,0.0,0.0,15.0,0.058823529411764705,0.14285714285714285,0.037037037037037035,27.0,0.0,0.0,0.0,27.0
p_642,0.024242424242424242,0.05714285714285714,0.015384615384615385,0.029180695847362513,0.06878306878306878,0.018518518518518517,108.0,0.0,0.0,0.0,0.0,0.12121212121212122,0.2857142857142857,0.07692307692307693,26.0,0.0,0.0,0.0,34.0,0.0,0.0,0.0,32.0,0.0,0.0,0.0,16.0
p_643,0.015384615384615385,0.02857142857142857,0.010526315789473684,0.013532763532763534,0.02513227513227513,0.009259259259259259,108.0,0.0,0.0,0.0,0.0,0.0,0.0,0.0,41.0,0.0,0.0,0.0,17.0,0.0,0.0,0.0,31.0,0.07692307692307693,0.14285714285714285,0.05263157894736842,19.0
p_644,0.03333333333333333,0.05714285714285714,0.023529411764705882,0.026234567901234566,0.04497354497354497,0.018518518518518517,108.0,0.0,0.0,0.0,0.0,0.0,0.0,0.0,25.0,0.16666666666666666,0.2857142857142857,0.11764705882352941,17.0,0.0,0.0,0.0,35.0,0.0,0.0,0.0,31.0
p_645,0.020512820512820513,0.05,0.012903225806451613,0.02943969610636277,0.07175925925925926,0.018518518518518517,108.0,0.0,0.0,0.0,0.0,0.0,0.0,0.0,34.0,0.10256410256410256,0.25,0.06451612903225806,31.0,0.0,0.0,0.0,14.0,0.0,0.0,0.0,29.0
p_646,0.0,0.0,0.0,0.0,0.0,0.0,108.0,0.0,0.0,0.0,0.0,0.0,0.0,0.0,23.0,0.0,0.0,0.0,24.0,0.0,0.0,0.0,42.0,0.0,0.0,0.0,19.0
p_647,0.02222222222222222,0.05714285714285714,0.013793103448275862,0.029835390946502054,0.07671957671957672,0.018518518518518517,108.0,0.0,0.0,0.0,0.0,0.1111111111111111,0.2857142857142857,0.06896551724137931,29.0,0.0,0.0,0.0,34.0,0.0,0.0,0.0,15.0,0.0,0.0,0.0,30.0
p_648,0.035555555555555556,0.11428571428571428,0.021052631578947368,0.06255144032921811,0.20105820105820105,0.037037037037037035,108.0,0.0,0.0,0.0,0.0,0.17777777777777778,0.5714285714285714,0.10526315789473684,38.0,0.0,0.0,0.0,22.0,0.0,0.0,0.0,33.0,0.0,0.0,0.0,15.0
p_649,0.05,0.08571428571428572,0.03529411764705882,0.03935185185185185,0.06746031746031746,0.027777777777777776,108.0,0.0,0.0,0.0,0.0,0.0,0.0,0.0,21.0,0.25,0.42857142857142855,0.17647058823529413,17.0,0.0,0.0,0.0,31.0,0.0,0.0,0.0,39.0
p_650,0.03529411764705882,0.075,0.023076923076923078,0.04248366013071896,0.09027777777777778,0.027777777777777776,108.0,0.0,0.0,0.0,0.0,0.0,0.0,0.0,39.0,0.0,0.0,0.0,32.0,0.17647058823529413,0.375,0.11538461538461539,26.0,0.0,0.0,0.0,11.0
p_651,0.0125,0.025,0.008333333333333333,0.013888888888888888,0.027777777777777776,0.009259259259259259,108.0,0.0,0.0,0.0,0.0,0.0625,0.125,0.041666666666666664,24.0,0.0,0.0,0.0,23.0,0.0,0.0,0.0,17.0,0.0,0.0,0.0,44.0
p_652,0.029629629629629627,0.05714285714285714,0.02,0.027434842249657063,0.0529100529100529,0.018518518518518517,108.0,0.0,0.0,0.0,0.0,0.0,0.0,0.0,17.0,0.0,0.0,0.0,34.0,0.14814814814814814,0.2857142857142857,0.1,20.0,0.0,0.0,0.0,37.0
p_653,0.020512820512820513,0.05714285714285714,0.0125,0.030389363722697054,0.08465608465608465,0.018518518518518517,108.0,0.0,0.0,0.0,0.0,0.10256410256410256,0.2857142857142857,0.0625,32.0,0.0,0.0,0.0,26.0,0.0,0.0,0.0,26.0,0.0,0.0,0.0,24.0
p_654,0.017391304347826087,0.02857142857142857,0.0125,0.01288244766505636,0.021164021164021163,0.009259259259259259,108.0,0.0,0.0,0.0,0.0,0.0,0.0,0.0,42.0,0.08695652173913043,0.14285714285714285,0.0625,16.0,0.0,0.0,0.0,28.0,0.0,0.0,0.0,22.0
p_655,0.007272727272727273,0.02857142857142857,0.004166666666666667,0.01616161616161616,0.06349206349206349,0.009259259259259259,108.0,0.0,0.0,0.0,0.0,0.0,0.0,0.0,35.0,0.0,0.0,0.0,14.0,0.03636363636363636,0.14285714285714285,0.020833333333333332,48.0,0.0,0.0,0.0,11.0
p_656,0.05517241379310345,0.1,0.03809523809523809,0.05363984674329502,0.09722222222222222,0.037037037037037035,108.0,0.0,0.0,0.0,0.0,0.0,0.0,0.0,43.0,0.0,0.0,0.0,18.0,0.27586206896551724,0.5,0.19047619047619047,21.0,0.0,0.0,0.0,26.0
p_657,0.0375,0.06666666666666667,0.02608695652173913,0.03993055555555555,0.07098765432098765,0.027777777777777776,108.0,0.0,0.0,0.0,0.0,0.0,0.0,0.0,41.0,0.1875,0.3333333333333333,0.13043478260869565,23.0,0.0,0.0,0.0,23.0,0.0,0.0,0.0,21.0
p_658,0.04285714285714286,0.075,0.03,0.03968253968253968,0.06944444444444445,0.027777777777777776,108.0,0.0,0.0,0.0,0.0,0.0,0.0,0.0,32.0,0.0,0.0,0.0,29.0,0.21428571428571427,0.375,0.15,20.0,0.0,0.0,0.0,27.0
p_659,0.0,0.0,0.0,0.0,0.0,0.0,108.0,0.0,0.0,0.0,0.0,0.0,0.0,0.0,45.0,0.0,0.0,0.0,25.0,0.0,0.0,0.0,25.0,0.0,0.0,0.0,13.0
p_660,0.014285714285714285,0.02857142857142857,0.009523809523809523,0.013888888888888888,0.027777777777777776,0.009259259259259259,108.0,0.0,0.0,0.0,0.0,0.0,0.0,0.0,23.0,0.07142857142857142,0.14285714285714285,0.047619047619047616,21.0,0.0,0.0,0.0,35.0,0.0,0.0,0.0,29.0
p_661,0.0,0.0,0.0,0.0,0.0,0.0,108.0,0.0,0.0,0.0,0.0,0.0,0.0,0.0,24.0,0.0,0.0,0.0,34.0,0.0,0.0,0.0,36.0,0.0,0.0,0.0,14.0
p_662,0.016666666666666666,0.02857142857142857,0.011764705882352941,0.013117283950617283,0.022486772486772486,0.009259259259259259,108.0,0.0,0.0,0.0,0.0,0.0,0.0,0.0,28.0,0.0,0.0,0.0,25.0,0.0,0.0,0.0,38.0,0.08333333333333333,0.14285714285714285,0.058823529411764705,17.0
p_663,0.009523809523809523,0.025,0.0058823529411764705,0.014991181657848325,0.03935185185185185,0.009259259259259259,108.0,0.0,0.0,0.0,0.0,0.0,0.0,0.0,16.0,0.047619047619047616,0.125,0.029411764705882353,34.0,0.0,0.0,0.0,28.0,0.0,0.0,0.0,30.0
p_664,0.0,0.0,0.0,0.0,0.0,0.0,108.0,0.0,0.0,0.0,0.0,0.0,0.0,0.0,20.0,0.0,0.0,0.0,34.0,0.0,0.0,0.0,28.0,0.0,0.0,0.0,26.0
p_665,0.0,0.0,0.0,0.0,0.0,0.0,108.0,0.0,0.0,0.0,0.0,0.0,0.0,0.0,30.0,0.0,0.0,0.0,17.0,0.0,0.0,0.0,30.0,0.0,0.0,0.0,31.0
p_666,0.05217391304347826,0.15,0.031578947368421054,0.09178743961352656,0.2638888888888889,0.05555555555555555,108.0,0.0,0.0,0.0,0.0,0.2608695652173913,0.75,0.15789473684210525,38.0,0.0,0.0,0.0,36.0,0.0,0.0,0.0,28.0,0.0,0.0,0.0,6.0
p_667,0.02807017543859649,0.11428571428571428,0.016,0.0649772579597141,0.26455026455026454,0.037037037037037035,108.0,0.0,0.0,0.0,0.0,0.14035087719298245,0.5714285714285714,0.08,50.0,0.0,0.0,0.0,17.0,0.0,0.0,0.0,17.0,0.0,0.0,0.0,24.0
p_668,0.01,0.02857142857142857,0.006060606060606061,0.015277777777777779,0.043650793650793655,0.009259259259259259,108.0,0.0,0.0,0.0,0.0,0.05,0.14285714285714285,0.030303030303030304,33.0,0.0,0.0,0.0,25.0,0.0,0.0,0.0,30.0,0.0,0.0,0.0,20.0
p_669,0.018604651162790697,0.05714285714285714,0.01111111111111111,0.031007751937984492,0.09523809523809523,0.018518518518518517,108.0,0.0,0.0,0.0,0.0,0.0,0.0,0.0,41.0,0.09302325581395349,0.2857142857142857,0.05555555555555555,36.0,0.0,0.0,0.0,19.0,0.0,0.0,0.0,12.0
p_670,0.014285714285714285,0.02857142857142857,0.009523809523809523,0.013888888888888888,0.027777777777777776,0.009259259259259259,108.0,0.0,0.0,0.0,0.0,0.0,0.0,0.0,35.0,0.0,0.0,0.0,25.0,0.07142857142857142,0.14285714285714285,0.047619047619047616,21.0,0.0,0.0,0.0,27.0
p_671,0.012121212121212121,0.02857142857142857,0.007692307692307693,0.014590347923681257,0.03439153439153439,0.009259259259259259,108.0,0.0,0.0,0.0,0.0,0.0,0.0,0.0,34.0,0.0,0.0,0.0,41.0,0.06060606060606061,0.14285714285714285,0.038461538461538464,26.0,0.0,0.0,0.0,7.0
p_672,0.03265306122448979,0.11428571428571428,0.019047619047619046,0.06349206349206349,0.2222222222222222,0.037037037037037035,108.0,0.0,0.0,0.0,0.0,0.16326530612244897,0.5714285714285714,0.09523809523809523,42.0,0.0,0.0,0.0,29.0,0.0,0.0,0.0,27.0,0.0,0.0,0.0,10.0
p_673,0.04,0.11111111111111112,0.024390243902439025,0.07592592592592594,0.2109053497942387,0.046296296296296294,108.0,0.0,0.0,0.0,0.0,0.2,0.5555555555555556,0.12195121951219512,41.0,0.0,0.0,0.0,19.0,0.0,0.0,0.0,15.0,0.0,0.0,0.0,33.0
p_674,0.05161290322580645,0.08888888888888888,0.03636363636363636,0.052568697729988054,0.0905349794238683,0.037037037037037035,108.0,0.0,0.0,0.0,0.0,0.0,0.0,0.0,37.0,0.0,0.0,0.0,43.0,0.25806451612903225,0.4444444444444444,0.18181818181818182,22.0,0.0,0.0,0.0,6.0
p_675,0.021818181818181816,0.075,0.01276595744680851,0.047474747474747475,0.16319444444444445,0.027777777777777773,108.0,0.0,0.0,0.0,0.0,0.10909090909090909,0.375,0.06382978723404255,47.0,0.0,0.0,0.0,25.0,0.0,0.0,0.0,25.0,0.0,0.0,0.0,11.0
p_676,0.0,0.0,0.0,0.0,0.0,0.0,108.0,0.0,0.0,0.0,0.0,0.0,0.0,0.0,38.0,0.0,0.0,0.0,45.0,0.0,0.0,0.0,13.0,0.0,0.0,0.0,12.0
p_677,0.012903225806451613,0.02857142857142857,0.008333333333333333,0.014336917562724014,0.031746031746031744,0.009259259259259259,108.0,0.0,0.0,0.0,0.0,0.06451612903225806,0.14285714285714285,0.041666666666666664,24.0,0.0,0.0,0.0,25.0,0.0,0.0,0.0,39.0,0.0,0.0,0.0,20.0
p_678,0.006896551724137931,0.025,0.004,0.015964240102171137,0.05787037037037037,0.009259259259259259,108.0,0.0,0.0,0.0,0.0,0.034482758620689655,0.125,0.02,50.0,0.0,0.0,0.0,22.0,0.0,0.0,0.0,24.0,0.0,0.0,0.0,12.0
p_679,0.018604651162790697,0.05714285714285714,0.01111111111111111,0.031007751937984492,0.09523809523809523,0.018518518518518517,108.0,0.0,0.0,0.0,0.0,0.09302325581395349,0.2857142857142857,0.05555555555555555,36.0,0.0,0.0,0.0,36.0,0.0,0.0,0.0,28.0,0.0,0.0,0.0,8.0
p_680,0.0,0.0,0.0,0.0,0.0,0.0,108.0,0.0,0.0,0.0,0.0,0.0,0.0,0.0,52.0,0.0,0.0,0.0,16.0,0.0,0.0,0.0,28.0,0.0,0.0,0.0,12.0
p_681,0.0,0.0,0.0,0.0,0.0,0.0,108.0,0.0,0.0,0.0,0.0,0.0,0.0,0.0,27.0,0.0,0.0,0.0,24.0,0.0,0.0,0.0,37.0,0.0,0.0,0.0,20.0
p_682,0.02,0.05,0.0125,0.02962962962962963,0.07407407407407407,0.018518518518518517,108.0,0.0,0.0,0.0,0.0,0.0,0.0,0.0,30.0,0.1,0.25,0.0625,32.0,0.0,0.0,0.0,32.0,0.0,0.0,0.0,14.0
p_683,0.02857142857142857,0.05714285714285714,0.019047619047619046,0.027777777777777776,0.05555555555555555,0.018518518518518517,108.0,0.0,0.0,0.0,0.0,0.0,0.0,0.0,27.0,0.14285714285714285,0.2857142857142857,0.09523809523809523,21.0,0.0,0.0,0.0,45.0,0.0,0.0,0.0,15.0
p_684,0.03333333333333333,0.05,0.025,0.024691358024691357,0.037037037037037035,0.018518518518518517,108.0,0.0,0.0,0.0,0.0,0.0,0.0,0.0,33.0,0.0,0.0,0.0,35.0,0.16666666666666666,0.25,0.125,16.0,0.0,0.0,0.0,24.0
p_685,0.01702127659574468,0.05714285714285714,0.01,0.03152088258471237,0.1058201058201058,0.018518518518518517,108.0,0.0,0.0,0.0,0.0,0.0,0.0,0.0,25.0,0.0,0.0,0.0,32.0,0.0851063829787234,0.2857142857142857,0.05,40.0,0.0,0.0,0.0,11.0
p_686,0.03809523809523809,0.05,0.03076923076923077,0.022927689594356263,0.03009259259259259,0.018518518518518517,108.0,0.0,0.0,0.0,0.0,0.0,0.0,0.0,34.0,0.0,0.0,0.0,28.0,0.0,0.0,0.0,33.0,0.19047619047619047,0.25,0.15384615384615385,13.0
p_687,0.008163265306122448,0.025,0.004878048780487805,0.015495086923658351,0.047453703703703706,0.009259259259259259,108.0,0.0,0.0,0.0,0.0,0.0,0.0,0.0,43.0,0.04081632653061224,0.125,0.024390243902439025,41.0,0.0,0.0,0.0,16.0,0.0,0.0,0.0,8.0
p_688,0.0,0.0,0.0,0.0,0.0,0.0,108.0,0.0,0.0,0.0,0.0,0.0,0.0,0.0,21.0,0.0,0.0,0.0,37.0,0.0,0.0,0.0,28.0,0.0,0.0,0.0,22.0
p_689,0.025,0.075,0.015,0.046296296296296294,0.1388888888888889,0.027777777777777776,108.0,0.0,0.0,0.0,0.0,0.0,0.0,0.0,25.0,0.0,0.0,0.0,15.0,0.125,0.375,0.075,40.0,0.0,0.0,0.0,28.0
p_690,0.0,0.0,0.0,0.0,0.0,0.0,108.0,0.0,0.0,0.0,0.0,0.0,0.0,0.0,44.0,0.0,0.0,0.0,24.0,0.0,0.0,0.0,24.0,0.0,0.0,0.0,16.0
p_691,0.0,0.0,0.0,0.0,0.0,0.0,108.0,0.0,0.0,0.0,0.0,0.0,0.0,0.0,41.0,0.0,0.0,0.0,14.0,0.0,0.0,0.0,29.0,0.0,0.0,0.0,24.0
p_692,0.03076923076923077,0.06666666666666667,0.02,0.04273504273504274,0.09259259259259259,0.027777777777777776,108.0,0.0,0.0,0.0,0.0,0.0,0.0,0.0,53.0,0.0,0.0,0.0,13.0,0.0,0.0,0.0,12.0,0.15384615384615385,0.3333333333333333,0.1,30.0
p_693,0.004878048780487805,0.02857142857142857,0.002666666666666667,0.01693766937669377,0.0992063492063492,0.009259259259259259,108.0,0.0,0.0,0.0,0.0,0.024390243902439025,0.14285714285714285,0.013333333333333334,75.0,0.0,0.0,0.0,10.0,0.0,0.0,0.0,16.0,0.0,0.0,0.0,7.0
p_694,0.023529411764705882,0.02857142857142857,0.02,0.010893246187363835,0.013227513227513225,0.009259259259259259,108.0,0.0,0.0,0.0,0.0,0.0,0.0,0.0,52.0,0.0,0.0,0.0,25.0,0.0,0.0,0.0,21.0,0.11764705882352941,0.14285714285714285,0.1,10.0
p_695,0.01568627450980392,0.05714285714285714,0.00909090909090909,0.03195352214960058,0.1164021164021164,0.018518518518518517,108.0,0.0,0.0,0.0,0.0,0.0784313725490196,0.2857142857142857,0.045454545454545456,44.0,0.0,0.0,0.0,13.0,0.0,0.0,0.0,29.0,0.0,0.0,0.0,22.0
p_696,0.02,0.025,0.016666666666666666,0.011111111111111113,0.013888888888888888,0.009259259259259259,108.0,0.0,0.0,0.0,0.0,0.0,0.0,0.0,54.0,0.0,0.0,0.0,28.0,0.1,0.125,0.08333333333333333,12.0,0.0,0.0,0.0,14.0
p_697,0.014285714285714285,0.05,0.008333333333333333,0.031746031746031744,0.1111111111111111,0.018518518518518517,108.0,0.0,0.0,0.0,0.0,0.07142857142857142,0.25,0.041666666666666664,48.0,0.0,0.0,0.0,14.0,0.0,0.0,0.0,40.0,0.0,0.0,0.0,6.0
p_698,0.0,0.0,0.0,0.0,0.0,0.0,108.0,0.0,0.0,0.0,0.0,0.0,0.0,0.0,41.0,0.0,0.0,0.0,16.0,0.0,0.0,0.0,31.0,0.0,0.0,0.0,20.0
p_699,0.012084833933573428,0.030551626591230552,0.20476190476190476,0.0160545699761386,0.055647231389805644,0.018518518518518517,108.0,0.0196078431372549,0.009900990099009901,1.0,1.0,0.04081632653061224,0.14285714285714285,0.023809523809523808,42.0,0.0,0.0,0.0,14.0,0.0,0.0,0.0,39.0,0.0,0.0,0.0,12.0
p_700,0.02222222222222222,0.08571428571428572,0.01276595744680851,0.04835390946502058,0.1865079365079365,0.027777777777777773,108.0,0.0,0.0,0.0,0.0,0.1111111111111111,0.42857142857142855,0.06382978723404255,47.0,0.0,0.0,0.0,16.0,0.0,0.0,0.0,22.0,0.0,0.0,0.0,23.0
p_701,0.0,0.0,0.0,0.0,0.0,0.0,108.0,0.0,0.0,0.0,0.0,0.0,0.0,0.0,56.0,0.0,0.0,0.0,15.0,0.0,0.0,0.0,24.0,0.0,0.0,0.0,13.0
p_702,0.02857142857142857,0.05714285714285714,0.019047619047619046,0.027777777777777776,0.05555555555555555,0.018518518518518517,108.0,0.0,0.0,0.0,0.0,0.0,0.0,0.0,52.0,0.0,0.0,0.0,30.0,0.14285714285714285,0.2857142857142857,0.09523809523809523,21.0,0.0,0.0,0.0,5.0
p_703,0.01,0.02222222222222222,0.0064516129032258064,0.014351851851851852,0.03189300411522634,0.009259259259259259,108.0,0.0,0.0,0.0,0.0,0.0,0.0,0.0,35.0,0.0,0.0,0.0,25.0,0.05,0.1111111111111111,0.03225806451612903,31.0,0.0,0.0,0.0,17.0
p_704,0.026666666666666665,0.05714285714285714,0.017391304347826087,0.02839506172839506,0.06084656084656084,0.018518518518518517,108.0,0.0,0.0,0.0,0.0,0.0,0.0,0.0,41.0,0.13333333333333333,0.2857142857142857,0.08695652173913043,23.0,0.0,0.0,0.0,32.0,0.0,0.0,0.0,12.0
p_705,0.008695652173913044,0.02857142857142857,0.005128205128205128,0.01570048309178744,0.051587301587301584,0.009259259259259259,108.0,0.0,0.0,0.0,0.0,0.0,0.0,0.0,37.0,0.043478260869565216,0.14285714285714285,0.02564102564102564,39.0,0.0,0.0,0.0,20.0,0.0,0.0,0.0,12.0
p_706,0.021052631578947368,0.05714285714285714,0.012903225806451613,0.030214424951267055,0.08201058201058199,0.018518518518518517,108.0,0.0,0.0,0.0,0.0,0.0,0.0,0.0,21.0,0.0,0.0,0.0,27.0,0.0,0.0,0.0,29.0,0.10526315789473684,0.2857142857142857,0.06451612903225806,31.0
p_707,0.03333333333333333,0.05,0.025,0.024691358024691357,0.037037037037037035,0.018518518518518517,108.0,0.0,0.0,0.0,0.0,0.0,0.0,0.0,35.0,0.0,0.0,0.0,18.0,0.0,0.0,0.0,39.0,0.16666666666666666,0.25,0.125,16.0
p_708,0.018604651162790697,0.05,0.011428571428571429,0.030146425495262703,0.08101851851851852,0.018518518518518517,108.0,0.0,0.0,0.0,0.0,0.0,0.0,0.0,16.0,0.09302325581395349,0.25,0.05714285714285714,35.0,0.0,0.0,0.0,23.0,0.0,0.0,0.0,34.0
p_709,0.012903225806451613,0.02857142857142857,0.008333333333333333,0.014336917562724014,0.031746031746031744,0.009259259259259259,108.0,0.0,0.0,0.0,1.0,0.06451612903225806,0.14285714285714285,0.041666666666666664,24.0,0.0,0.0,0.0,37.0,0.0,0.0,0.0,24.0,0.0,0.0,0.0,22.0
p_710,0.009302325581395349,0.02857142857142857,0.005555555555555555,0.015503875968992246,0.047619047619047616,0.009259259259259259,108.0,0.0,0.0,0.0,0.0,0.0,0.0,0.0,20.0,0.0,0.0,0.0,37.0,0.046511627906976744,0.14285714285714285,0.027777777777777776,36.0,0.0,0.0,0.0,15.0
p_711,0.0,0.0,0.0,0.0,0.0,0.0,108.0,0.0,0.0,0.0,0.0,0.0,0.0,0.0,19.0,0.0,0.0,0.0,19.0,0.0,0.0,0.0,35.0,0.0,0.0,0.0,35.0
p_712,0.0,0.0,0.0,0.0,0.0,0.0,108.0,0.0,0.0,0.0,0.0,0.0,0.0,0.0,28.0,0.0,0.0,0.0,28.0,0.0,0.0,0.0,37.0,0.0,0.0,0.0,15.0
p_713,0.0,0.0,0.0,0.0,0.0,0.0,108.0,0.0,0.0,0.0,0.0,0.0,0.0,0.0,25.0,0.0,0.0,0.0,33.0,0.0,0.0,0.0,5.0,0.0,0.0,0.0,45.0
p_714,0.01951219512195122,0.05714285714285714,0.011764705882352941,0.030713640469738034,0.08994708994708994,0.018518518518518517,108.0,0.0,0.0,0.0,0.0,0.0,0.0,0.0,28.0,0.0975609756097561,0.2857142857142857,0.058823529411764705,34.0,0.0,0.0,0.0,26.0,0.0,0.0,0.0,20.0
p_715,0.0,0.0,0.0,0.0,0.0,0.0,108.0,0.0,0.0,0.0,0.0,0.0,0.0,0.0,16.0,0.0,0.0,0.0,28.0,0.0,0.0,0.0,41.0,0.0,0.0,0.0,23.0
p_716,0.012903225806451613,0.025,0.008695652173913044,0.013739545997610514,0.02662037037037037,0.009259259259259259,108.0,0.0,0.0,0.0,0.0,0.0,0.0,0.0,30.0,0.0,0.0,0.0,23.0,0.0,0.0,0.0,32.0,0.06451612903225806,0.125,0.043478260869565216,23.0
p_717,0.02608695652173913,0.08571428571428572,0.015384615384615385,0.04710144927536231,0.15476190476190474,0.027777777777777776,108.0,0.0,0.0,0.0,0.0,0.0,0.0,0.0,12.0,0.0,0.0,0.0,33.0,0.0,0.0,0.0,24.0,0.13043478260869565,0.42857142857142855,0.07692307692307693,39.0
p_718,0.035555555555555556,0.1,0.021621621621621623,0.060905349794238686,0.1712962962962963,0.037037037037037035,108.0,0.0,0.0,0.0,0.0,0.0,0.0,0.0,40.0,0.0,0.0,0.0,20.0,0.17777777777777778,0.5,0.10810810810810811,37.0,0.0,0.0,0.0,11.0
p_719,0.0,0.0,0.0,0.0,0.0,0.0,108.0,0.0,0.0,0.0,0.0,0.0,0.0,0.0,17.0,0.0,0.0,0.0,30.0,0.0,0.0,0.0,17.0,0.0,0.0,0.0,44.0
p_720,0.010810810810810811,0.025,0.006896551724137931,0.014514514514514514,0.03356481481481482,0.009259259259259259,108.0,0.0,0.0,0.0,0.0,0.0,0.0,0.0,43.0,0.05405405405405406,0.125,0.034482758620689655,29.0,0.0,0.0,0.0,14.0,0.0,0.0,0.0,22.0
p_721,0.016,0.02857142857142857,0.01111111111111111,0.013333333333333332,0.023809523809523808,0.009259259259259259,108.0,0.0,0.0,0.0,0.0,0.0,0.0,0.0,22.0,0.0,0.0,0.0,24.0,0.08,0.14285714285714285,0.05555555555555555,18.0,0.0,0.0,0.0,44.0
p_722,0.014814814814814814,0.025,0.010526315789473684,0.013031550068587106,0.02199074074074074,0.009259259259259259,108.0,0.0,0.0,0.0,0.0,0.0,0.0,0.0,51.0,0.0,0.0,0.0,27.0,0.0,0.0,0.0,11.0,0.07407407407407407,0.125,0.05263157894736842,19.0
p_723,0.020512820512820513,0.04444444444444444,0.013333333333333332,0.028490028490028487,0.06172839506172839,0.018518518518518517,108.0,0.0,0.0,0.0,0.0,0.0,0.0,0.0,29.0,0.0,0.0,0.0,28.0,0.0,0.0,0.0,21.0,0.10256410256410256,0.2222222222222222,0.06666666666666667,30.0
p_724,0.00975609756097561,0.02222222222222222,0.00625,0.014453477868112016,0.03292181069958847,0.009259259259259259,108.0,0.0,0.0,0.0,0.0,0.04878048780487805,0.1111111111111111,0.03125,32.0,0.0,0.0,0.0,19.0,0.0,0.0,0.0,35.0,0.0,0.0,0.0,22.0
p_725,0.0,0.0,0.0,0.0,0.0,0.0,108.0,0.0,0.0,0.0,0.0,0.0,0.0,0.0,37.0,0.0,0.0,0.0,17.0,0.0,0.0,0.0,23.0,0.0,0.0,0.0,31.0
p_726,0.06153846153846154,0.1,0.04444444444444444,0.05128205128205128,0.08333333333333333,0.037037037037037035,108.0,0.0,0.0,0.0,0.0,0.0,0.0,0.0,40.0,0.0,0.0,0.0,36.0,0.3076923076923077,0.5,0.2222222222222222,18.0,0.0,0.0,0.0,14.0
p_727,0.032432432432432434,0.08571428571428572,0.02,0.04504504504504504,0.11904761904761904,0.027777777777777776,108.0,0.0,0.0,0.0,0.0,0.0,0.0,0.0,30.0,0.0,0.0,0.0,28.0,0.16216216216216217,0.42857142857142855,0.1,30.0,0.0,0.0,0.0,20.0
p_728,0.0,0.0,0.0,0.0,0.0,0.0,108.0,0.0,0.0,0.0,0.0,0.0,0.0,0.0,19.0,0.0,0.0,0.0,39.0,0.0,0.0,0.0,35.0,0.0,0.0,0.0,15.0
p_729,0.01,0.02857142857142857,0.006060606060606061,0.015277777777777779,0.043650793650793655,0.009259259259259259,108.0,0.0,0.0,0.0,0.0,0.0,0.0,0.0,22.0,0.05,0.14285714285714285,0.030303030303030304,33.0,0.0,0.0,0.0,46.0,0.0,0.0,0.0,7.0
p_730,0.0,0.0,0.0,0.0,0.0,0.0,108.0,0.0,0.0,0.0,0.0,0.0,0.0,0.0,30.0,0.0,0.0,0.0,24.0,0.0,0.0,0.0,29.0,0.0,0.0,0.0,25.0
p_731,0.012121212121212121,0.025,0.008,0.014029180695847363,0.028935185185185185,0.009259259259259259,108.0,0.0,0.0,0.0,0.0,0.0,0.0,0.0,22.0,0.0,0.0,0.0,46.0,0.0,0.0,0.0,15.0,0.06060606060606061,0.125,0.04,25.0
p_732,0.01702127659574468,0.04444444444444444,0.010526315789473684,0.02994483845547675,0.07818930041152264,0.018518518518518517,108.0,0.0,0.0,0.0,0.0,0.0,0.0,0.0,19.0,0.0,0.0,0.0,34.0,0.0,0.0,0.0,17.0,0.0851063829787234,0.2222222222222222,0.05263157894736842,38.0
p_733,0.009302325581395349,0.02857142857142857,0.005555555555555555,0.015503875968992246,0.047619047619047616,0.009259259259259259,108.0,0.0,0.0,0.0,0.0,0.0,0.0,0.0,16.0,0.0,0.0,0.0,39.0,0.0,0.0,0.0,17.0,0.046511627906976744,0.14285714285714285,0.027777777777777776,36.0
p_734,0.048,0.075,0.03529411764705882,0.03777777777777778,0.059027777777777776,0.027777777777777776,108.0,0.0,0.0,0.0,0.0,0.0,0.0,0.0,40.0,0.0,0.0,0.0,33.0,0.24,0.375,0.17647058823529413,17.0,0.0,0.0,0.0,18.0
p_735,0.019047619047619046,0.05714285714285714,0.011428571428571429,0.030864197530864196,0.09259259259259259,0.018518518518518517,108.0,0.0,0.0,0.0,0.0,0.0,0.0,0.0,13.0,0.0,0.0,0.0,39.0,0.09523809523809523,0.2857142857142857,0.05714285714285714,35.0,0.0,0.0,0.0,21.0
p_736,0.0,0.0,0.0,0.0,0.0,0.0,108.0,0.0,0.0,0.0,0.0,0.0,0.0,0.0,45.0,0.0,0.0,0.0,13.0,0.0,0.0,0.0,21.0,0.0,0.0,0.0,29.0
p_737,0.0,0.0,0.0,0.0,0.0,0.0,108.0,0.0,0.0,0.0,0.0,0.0,0.0,0.0,17.0,0.0,0.0,0.0,33.0,0.0,0.0,0.0,24.0,0.0,0.0,0.0,34.0
p_738,0.0125,0.02857142857142857,0.008,0.014467592592592593,0.03306878306878307,0.009259259259259259,108.0,0.0,0.0,0.0,0.0,0.0,0.0,0.0,41.0,0.0,0.0,0.0,27.0,0.0,0.0,0.0,15.0,0.0625,0.14285714285714285,0.04,25.0
p_739,0.017391304347826087,0.025,0.013333333333333332,0.012077294685990338,0.017361111111111112,0.009259259259259259,108.0,0.0,0.0,0.0,0.0,0.08695652173913043,0.125,0.06666666666666667,15.0,0.0,0.0,0.0,33.0,0.0,0.0,0.0,15.0,0.0,0.0,0.0,45.0
p_740,0.0,0.0,0.0,0.0,0.0,0.0,108.0,0.0,0.0,0.0,0.0,0.0,0.0,0.0,48.0,0.0,0.0,0.0,11.0,0.0,0.0,0.0,14.0,0.0,0.0,0.0,35.0
p_741,0.0625,0.125,0.04166666666666667,0.06944444444444445,0.1388888888888889,0.046296296296296294,108.0,0.0,0.0,0.0,0.0,0.3125,0.625,0.20833333333333334,24.0,0.0,0.0,0.0,22.0,0.0,0.0,0.0,24.0,0.0,0.0,0.0,38.0
p_742,0.025,0.08571428571428572,0.014634146341463414,0.047453703703703706,0.16269841269841268,0.027777777777777776,108.0,0.0,0.0,0.0,0.0,0.0,0.0,0.0,26.0,0.0,0.0,0.0,15.0,0.0,0.0,0.0,26.0,0.125,0.42857142857142855,0.07317073170731707,41.0
p_743,0.01702127659574468,0.05714285714285714,0.01,0.03152088258471237,0.1058201058201058,0.018518518518518517,108.0,0.0,0.0,0.0,0.0,0.0851063829787234,0.2857142857142857,0.05,40.0,0.0,0.0,0.0,20.0,0.0,0.0,0.0,21.0,0.0,0.0,0.0,27.0
p_744,0.0,0.0,0.0,0.0,0.0,0.0,108.0,0.0,0.0,0.0,0.0,0.0,0.0,0.0,17.0,0.0,0.0,0.0,26.0,0.0,0.0,0.0,27.0,0.0,0.0,0.0,38.0
p_745,0.012903225806451613,0.025,0.008695652173913044,0.013739545997610514,0.02662037037037037,0.009259259259259259,108.0,0.0,0.0,0.0,0.0,0.06451612903225806,0.125,0.043478260869565216,23.0,0.0,0.0,0.0,25.0,0.0,0.0,0.0,39.0,0.0,0.0,0.0,21.0
p_746,0.027906976744186046,0.075,0.017142857142857144,0.04521963824289405,0.12152777777777778,0.027777777777777776,108.0,0.0,0.0,0.0,0.0,0.0,0.0,0.0,16.0,0.0,0.0,0.0,29.0,0.0,0.0,0.0,28.0,0.13953488372093023,0.375,0.08571428571428572,35.0
p_747,0.011764705882352941,0.025,0.007692307692307693,0.014161220043572984,0.03009259259259259,0.009259259259259259,108.0,0.0,0.0,0.0,0.0,0.058823529411764705,0.125,0.038461538461538464,26.0,0.0,0.0,0.0,34.0,0.0,0.0,0.0,15.0,0.0,0.0,0.0,33.0
p_748,0.03333333333333333,0.11428571428571428,0.01951219512195122,0.06327160493827161,0.21693121693121692,0.037037037037037035,108.0,0.0,0.0,0.0,0.0,0.16666666666666666,0.5714285714285714,0.0975609756097561,41.0,0.0,0.0,0.0,11.0,0.0,0.0,0.0,26.0,0.0,0.0,0.0,30.0
p_749,0.023529411764705882,0.05,0.015384615384615385,0.02832244008714597,0.06018518518518518,0.018518518518518517,108.0,0.0,0.0,0.0,0.0,0.0,0.0,0.0,32.0,0.0,0.0,0.0,20.0,0.11764705882352941,0.25,0.07692307692307693,26.0,0.0,0.0,0.0,30.0
p_750,0.015384615384615385,0.02857142857142857,0.010526315789473684,0.013532763532763534,0.02513227513227513,0.009259259259259259,108.0,0.0,0.0,0.0,0.0,0.0,0.0,0.0,37.0,0.0,0.0,0.0,24.0,0.07692307692307693,0.14285714285714285,0.05263157894736842,19.0,0.0,0.0,0.0,28.0
p_751,0.024489795918367346,0.075,0.014634146341463414,0.046485260770975055,0.1423611111111111,0.027777777777777776,108.0,0.0,0.0,0.0,0.0,0.12244897959183673,0.375,0.07317073170731707,41.0,0.0,0.0,0.0,12.0,0.0,0.0,0.0,32.0,0.0,0.0,0.0,23.0
p_752,0.012903225806451613,0.02857142857142857,0.008333333333333333,0.014336917562724014,0.031746031746031744,0.009259259259259259,108.0,0.0,0.0,0.0,0.0,0.0,0.0,0.0,22.0,0.06451612903225806,0.14285714285714285,0.041666666666666664,24.0,0.0,0.0,0.0,34.0,0.0,0.0,0.0,28.0
p_753,0.013333333333333332,0.02857142857142857,0.008695652173913044,0.01419753086419753,0.03042328042328042,0.009259259259259259,108.0,0.0,0.0,0.0,0.0,0.0,0.0,0.0,39.0,0.0,0.0,0.0,6.0,0.0,0.0,0.0,40.0,0.06666666666666667,0.14285714285714285,0.043478260869565216,23.0
p_754,0.03076923076923077,0.05,0.02222222222222222,0.02564102564102564,0.041666666666666664,0.018518518518518517,108.0,0.0,0.0,0.0,0.0,0.15384615384615385,0.25,0.1111111111111111,18.0,0.0,0.0,0.0,17.0,0.0,0.0,0.0,45.0,0.0,0.0,0.0,28.0
p_755,0.03428571428571429,0.06666666666666667,0.023076923076923078,0.04126984126984127,0.08024691358024691,0.027777777777777776,108.0,0.0,0.0,0.0,0.0,0.17142857142857143,0.3333333333333333,0.11538461538461539,26.0,0.0,0.0,0.0,25.0,0.0,0.0,0.0,17.0,0.0,0.0,0.0,40.0
p_756,0.025,0.05714285714285714,0.016,0.028935185185185185,0.06613756613756613,0.018518518518518517,108.0,0.0,0.0,0.0,0.0,0.125,0.2857142857142857,0.08,25.0,0.0,0.0,0.0,39.0,0.0,0.0,0.0,23.0,0.0,0.0,0.0,21.0
p_757,0.0,0.0,0.0,0.0,0.0,0.0,108.0,0.0,0.0,0.0,0.0,0.0,0.0,0.0,30.0,0.0,0.0,0.0,6.0,0.0,0.0,0.0,39.0,0.0,0.0,0.0,33.0
p_758,0.0,0.0,0.0,0.0,0.0,0.0,108.0,0.0,0.0,0.0,0.0,0.0,0.0,0.0,29.0,0.0,0.0,0.0,14.0,0.0,0.0,0.0,26.0,0.0,0.0,0.0,39.0
p_759,0.0125,0.02857142857142857,0.008,0.014467592592592593,0.03306878306878307,0.009259259259259259,108.0,0.0,0.0,0.0,0.0,0.0,0.0,0.0,34.0,0.0,0.0,0.0,13.0,0.0625,0.14285714285714285,0.04,25.0,0.0,0.0,0.0,36.0
p_760,0.05333333333333333,0.13333333333333333,0.03333333333333333,0.08888888888888889,0.2222222222222222,0.05555555555555555,108.0,0.0,0.0,0.0,0.0,0.0,0.0,0.0,28.0,0.0,0.0,0.0,14.0,0.26666666666666666,0.6666666666666666,0.16666666666666666,36.0,0.0,0.0,0.0,30.0
p_761,0.045714285714285714,0.08888888888888888,0.03076923076923077,0.05502645502645503,0.10699588477366255,0.037037037037037035,108.0,0.0,0.0,0.0,0.0,0.22857142857142856,0.4444444444444444,0.15384615384615385,26.0,0.0,0.0,0.0,11.0,0.0,0.0,0.0,49.0,0.0,0.0,0.0,22.0
p_762,0.034782608695652174,0.05,0.026666666666666665,0.024154589371980676,0.034722222222222224,0.018518518518518517,108.0,0.0,0.0,0.0,0.0,0.0,0.0,0.0,35.0,0.17391304347826086,0.25,0.13333333333333333,15.0,0.0,0.0,0.0,44.0,0.0,0.0,0.0,14.0
p_763,0.025806451612903226,0.1,0.014814814814814814,0.06451612903225806,0.25,0.037037037037037035,108.0,0.0,0.0,0.0,0.0,0.12903225806451613,0.5,0.07407407407407407,54.0,0.0,0.0,0.0,11.0,0.0,0.0,0.0,12.0,0.0,0.0,0.0,31.0
p_764,0.026666666666666665,0.05714285714285714,0.017391304347826087,0.02839506172839506,0.06084656084656084,0.018518518518518517,108.0,0.0,0.0,0.0,0.0,0.0,0.0,0.0,31.0,0.0,0.0,0.0,17.0,0.0,0.0,0.0,37.0,0.13333333333333333,0.2857142857142857,0.08695652173913043,23.0
p_765,0.037037037037037035,0.125,0.021739130434782608,0.07887517146776404,0.2662037037037037,0.046296296296296294,108.0,0.0,0.0,0.0,0.0,0.18518518518518517,0.625,0.10869565217391304,46.0,0.0,0.0,0.0,23.0,0.0,0.0,0.0,16.0,0.0,0.0,0.0,23.0
p_766,0.0425531914893617,0.125,0.02564102564102564,0.0768321513002364,0.22569444444444445,0.046296296296296294,108.0,0.0,0.0,0.0,0.0,0.0,0.0,0.0,33.0,0.0,0.0,0.0,7.0,0.2127659574468085,0.625,0.1282051282051282,39.0,0.0,0.0,0.0,29.0
p_767,0.02711864406779661,0.1,0.01568627450980392,0.064030131826742,0.2361111111111111,0.037037037037037035,108.0,0.0,0.0,0.0,0.0,0.13559322033898305,0.5,0.0784313725490196,51.0,0.0,0.0,0.0,5.0,0.0,0.0,0.0,36.0,0.0,0.0,0.0,16.0
p_768,0.0273972602739726,0.125,0.015384615384615385,0.08244545915778792,0.3761574074074074,0.046296296296296294,108.0,0.0,0.0,0.0,0.0,0.136986301369863,0.625,0.07692307692307693,65.0,0.0,0.0,0.0,14.0,0.0,0.0,0.0,19.0,0.0,0.0,0.0,10.0
p_769,0.029268292682926828,0.08571428571428572,0.01764705882352941,0.04607046070460705,0.1349206349206349,0.027777777777777776,108.0,0.0,0.0,0.0,0.0,0.14634146341463414,0.42857142857142855,0.08823529411764706,34.0,0.0,0.0,0.0,12.0,0.0,0.0,0.0,21.0,0.0,0.0,0.0,41.0
p_770,0.03076923076923077,0.05,0.02222222222222222,0.02564102564102564,0.041666666666666664,0.018518518518518517,108.0,0.0,0.0,0.0,0.0,0.0,0.0,0.0,58.0,0.0,0.0,0.0,13.0,0.15384615384615385,0.25,0.1111111111111111,18.0,0.0,0.0,0.0,19.0
p_771,0.0,0.0,0.0,0.0,0.0,0.0,108.0,0.0,0.0,0.0,0.0,0.0,0.0,0.0,18.0,0.0,0.0,0.0,34.0,0.0,0.0,0.0,17.0,0.0,0.0,0.0,39.0
p_772,0.014285714285714285,0.025,0.01,0.013227513227513225,0.023148148148148147,0.009259259259259259,108.0,0.0,0.0,0.0,0.0,0.0,0.0,0.0,33.0,0.0,0.0,0.0,20.0,0.07142857142857142,0.125,0.05,20.0,0.0,0.0,0.0,35.0
p_773,0.017391304347826087,0.05714285714285714,0.010256410256410256,0.03140096618357488,0.10317460317460317,0.018518518518518517,108.0,0.0,0.0,0.0,0.0,0.08695652173913043,0.2857142857142857,0.05128205128205128,39.0,0.0,0.0,0.0,22.0,0.0,0.0,0.0,20.0,0.0,0.0,0.0,27.0
p_774,0.02,0.05714285714285714,0.012121212121212121,0.030555555555555558,0.08730158730158731,0.018518518518518517,108.0,0.0,0.0,0.0,0.0,0.0,0.0,0.0,42.0,0.0,0.0,0.0,14.0,0.0,0.0,0.0,19.0,0.1,0.2857142857142857,0.06060606060606061,33.0
p_775,0.006349206349206349,0.025,0.0036363636363636364,0.016166960611405056,0.06365740740740741,0.009259259259259259,108.0,0.0,0.0,0.0,0.0,0.031746031746031744,0.125,0.01818181818181818,55.0,0.0,0.0,0.0,16.0,0.0,0.0,0.0,21.0,0.0,0.0,0.0,16.0
p_776,0.012903225806451613,0.02857142857142857,0.008333333333333333,0.014336917562724014,0.031746031746031744,0.009259259259259259,108.0,0.0,0.0,0.0,0.0,0.0,0.0,0.0,35.0,0.06451612903225806,0.14285714285714285,0.041666666666666664,24.0,0.0,0.0,0.0,34.0,0.0,0.0,0.0,15.0
p_777,0.03076923076923077,0.05714285714285714,0.021052631578947368,0.02706552706552707,0.05026455026455026,0.018518518518518517,108.0,0.0,0.0,0.0,0.0,0.0,0.0,0.0,23.0,0.15384615384615385,0.2857142857142857,0.10526315789473684,19.0,0.0,0.0,0.0,47.0,0.0,0.0,0.0,19.0
p_778,0.025,0.04444444444444444,0.017391304347826087,0.02662037037037037,0.047325102880658436,0.018518518518518517,108.0,0.0,0.0,0.0,0.0,0.0,0.0,0.0,56.0,0.0,0.0,0.0,13.0,0.125,0.2222222222222222,0.08695652173913043,23.0,0.0,0.0,0.0,16.0
p_779,0.0,0.0,0.0,0.0,0.0,0.0,108.0,0.0,0.0,0.0,0.0,0.0,0.0,0.0,30.0,0.0,0.0,0.0,28.0,0.0,0.0,0.0,37.0,0.0,0.0,0.0,13.0
p_780,0.029629629629629627,0.05714285714285714,0.02,0.027434842249657063,0.0529100529100529,0.018518518518518517,108.0,0.0,0.0,0.0,0.0,0.0,0.0,0.0,45.0,0.14814814814814814,0.2857142857142857,0.1,20.0,0.0,0.0,0.0,18.0,0.0,0.0,0.0,25.0
p_781,0.011428571428571429,0.02857142857142857,0.007142857142857143,0.014814814814814814,0.037037037037037035,0.009259259259259259,108.0,0.0,0.0,0.0,0.0,0.0,0.0,0.0,48.0,0.0,0.0,0.0,11.0,0.0,0.0,0.0,21.0,0.05714285714285714,0.14285714285714285,0.03571428571428571,28.0
p_782,0.02,0.06666666666666667,0.011764705882352941,0.04722222222222223,0.1574074074074074,0.027777777777777776,108.0,0.0,0.0,0.0,0.0,0.1,0.3333333333333333,0.058823529411764705,51.0,0.0,0.0,0.0,29.0,0.0,0.0,0.0,20.0,0.0,0.0,0.0,8.0
p_783,0.0,0.0,0.0,0.0,0.0,0.0,108.0,0.0,0.0,0.0,0.0,0.0,0.0,0.0,50.0,0.0,0.0,0.0,25.0,0.0,0.0,0.0,16.0,0.0,0.0,0.0,17.0
p_784,0.03428571428571429,0.075,0.02222222222222222,0.042857142857142864,0.09375,0.027777777777777776,108.0,0.0,0.0,0.0,0.0,0.0,0.0,0.0,26.0,0.17142857142857143,0.375,0.1111111111111111,27.0,0.0,0.0,0.0,36.0,0.0,0.0,0.0,19.0
p_785,0.023529411764705882,0.05714285714285714,0.014814814814814814,0.029411764705882353,0.07142857142857142,0.018518518518518517,108.0,0.0,0.0,0.0,0.0,0.0,0.0,0.0,41.0,0.11764705882352941,0.2857142857142857,0.07407407407407407,27.0,0.0,0.0,0.0,27.0,0.0,0.0,0.0,13.0
p_786,0.015384615384615385,0.025,0.01111111111111111,0.01282051282051282,0.020833333333333332,0.009259259259259259,108.0,0.0,0.0,0.0,0.0,0.0,0.0,0.0,47.0,0.07692307692307693,0.125,0.05555555555555555,18.0,0.0,0.0,0.0,30.0,0.0,0.0,0.0,13.0
p_787,0.047058823529411764,0.05,0.04444444444444444,0.0196078431372549,0.020833333333333332,0.018518518518518517,108.0,0.0,0.0,0.0,0.0,0.0,0.0,0.0,40.0,0.0,0.0,0.0,21.0,0.0,0.0,0.0,38.0,0.23529411764705882,0.25,0.2222222222222222,9.0
p_788,0.0,0.0,0.0,0.0,0.0,0.0,108.0,0.0,0.0,0.0,0.0,0.0,0.0,0.0,43.0,0.0,0.0,0.0,22.0,0.0,0.0,0.0,19.0,0.0,0.0,0.0,24.0
p_789,0.02608695652173913,0.075,0.015789473684210527,0.04589371980676328,0.13194444444444445,0.027777777777777776,108.0,0.0,0.0,0.0,0.0,0.13043478260869565,0.375,0.07894736842105263,38.0,0.0,0.0,0.0,30.0,0.0,0.0,0.0,21.0,0.0,0.0,0.0,19.0
p_790,0.03389830508474576,0.14285714285714285,0.019230769230769232,0.08160703075957312,0.34391534391534395,0.046296296296296294,108.0,0.0,0.0,0.0,0.0,0.1694915254237288,0.7142857142857143,0.09615384615384616,52.0,0.0,0.0,0.0,9.0,0.0,0.0,0.0,28.0,0.0,0.0,0.0,19.0
p_791,0.03137254901960784,0.1,0.018604651162790697,0.06245461147421932,0.19907407407407407,0.037037037037037035,108.0,0.0,0.0,0.0,0.0,0.1568627450980392,0.5,0.09302325581395349,43.0,0.0,0.0,0.0,24.0,0.0,0.0,0.0,15.0,0.0,0.0,0.0,26.0
p_792,0.03076923076923077,0.1,0.01818181818181818,0.06267806267806268,0.2037037037037037,0.037037037037037035,108.0,0.0,0.0,0.0,0.0,0.15384615384615385,0.5,0.09090909090909091,44.0,0.0,0.0,0.0,22.0,0.0,0.0,0.0,15.0,0.0,0.0,0.0,27.0
p_793,0.03870967741935484,0.075,0.02608695652173913,0.041218637992831535,0.0798611111111111,0.027777777777777776,108.0,0.0,0.0,0.0,0.0,0.0,0.0,0.0,31.0,0.1935483870967742,0.375,0.13043478260869565,23.0,0.0,0.0,0.0,34.0,0.0,0.0,0.0,20.0
p_794,0.05,0.08571428571428572,0.03529411764705882,0.03935185185185185,0.06746031746031746,0.027777777777777776,108.0,0.0,0.0,0.0,0.0,0.0,0.0,0.0,47.0,0.0,0.0,0.0,30.0,0.0,0.0,0.0,14.0,0.25,0.42857142857142855,0.17647058823529413,17.0
p_795,0.03333333333333333,0.08571428571428572,0.020689655172413793,0.044753086419753084,0.11507936507936506,0.027777777777777776,108.0,0.0,0.0,0.0,0.0,0.0,0.0,0.0,30.0,0.0,0.0,0.0,22.0,0.0,0.0,0.0,27.0,0.16666666666666666,0.42857142857142855,0.10344827586206896,29.0
p_796,0.02,0.02857142857142857,0.015384615384615385,0.012037037037037037,0.017195767195767195,0.009259259259259259,108.0,0.0,0.0,0.0,0.0,0.0,0.0,0.0,41.0,0.0,0.0,0.0,20.0,0.0,0.0,0.0,34.0,0.1,0.14285714285714285,0.07692307692307693,13.0
p_797,0.0,0.0,0.0,0.0,0.0,0.0,108.0,0.0,0.0,0.0,0.0,0.0,0.0,0.0,25.0,0.0,0.0,0.0,32.0,0.0,0.0,0.0,36.0,0.0,0.0,0.0,15.0
p_798,0.03773584905660378,0.11111111111111112,0.022727272727272728,0.07686932215234102,0.2263374485596708,0.046296296296296294,108.0,0.0,0.0,0.0,0.0,0.18867924528301888,0.5555555555555556,0.11363636363636363,44.0,0.0,0.0,0.0,12.0,0.0,0.0,0.0,28.0,0.0,0.0,0.0,24.0
p_799,0.0,0.0,0.0,0.0,0.0,0.0,108.0,0.0,0.0,0.0,0.0,0.0,0.0,0.0,28.0,0.0,0.0,0.0,36.0,0.0,0.0,0.0,27.0,0.0,0.0,0.0,17.0
p_800,0.0,0.0,0.0,0.0,0.0,0.0,108.0,0.0,0.0,0.0,0.0,0.0,0.0,0.0,37.0,0.0,0.0,0.0,25.0,0.0,0.0,0.0,31.0,0.0,0.0,0.0,15.0
p_801,0.024,0.08571428571428572,0.013953488372093023,0.04777777777777778,0.1706349206349206,0.027777777777777776,108.0,0.0,0.0,0.0,0.0,0.0,0.0,0.0,35.0,0.0,0.0,0.0,11.0,0.0,0.0,0.0,19.0,0.12,0.42857142857142855,0.06976744186046512,43.0
p_802,0.011764705882352941,0.025,0.007692307692307693,0.014161220043572984,0.03009259259259259,0.009259259259259259,108.0,0.0,0.0,0.0,0.0,0.0,0.0,0.0,30.0,0.0,0.0,0.0,25.0,0.058823529411764705,0.125,0.038461538461538464,26.0,0.0,0.0,0.0,27.0
p_803,0.010810810810810811,0.02857142857142857,0.006666666666666666,0.015015015015015017,0.03968253968253968,0.009259259259259259,108.0,0.0,0.0,0.0,0.0,0.05405405405405406,0.14285714285714285,0.03333333333333333,30.0,0.0,0.0,0.0,27.0,0.0,0.0,0.0,31.0,0.0,0.0,0.0,20.0
p_804,0.029268292682926828,0.08571428571428572,0.01764705882352941,0.04607046070460705,0.1349206349206349,0.027777777777777776,108.0,0.0,0.0,0.0,0.0,0.14634146341463414,0.42857142857142855,0.08823529411764706,34.0,0.0,0.0,0.0,33.0,0.0,0.0,0.0,28.0,0.0,0.0,0.0,13.0
p_805,0.04081632653061225,0.14285714285714285,0.023809523809523808,0.07936507936507936,0.2777777777777778,0.046296296296296294,108.0,0.0,0.0,0.0,0.0,0.20408163265306123,0.7142857142857143,0.11904761904761904,42.0,0.0,0.0,0.0,30.0,0.0,0.0,0.0,27.0,0.0,0.0,0.0,9.0
p_806,0.01702127659574468,0.05,0.010256410256410256,0.030732860520094562,0.09027777777777778,0.018518518518518517,108.0,0.0,0.0,0.0,0.0,0.0851063829787234,0.25,0.05128205128205128,39.0,0.0,0.0,0.0,10.0,0.0,0.0,0.0,22.0,0.0,0.0,0.0,37.0
p_807,0.019047619047619046,0.08571428571428572,0.010714285714285714,0.04938271604938271,0.2222222222222222,0.027777777777777776,108.0,0.0,0.0,0.0,0.0,0.09523809523809523,0.42857142857142855,0.05357142857142857,56.0,0.0,0.0,0.0,26.0,0.0,0.0,0.0,15.0,0.0,0.0,0.0,11.0
p_808,0.02,0.05,0.0125,0.02962962962962963,0.07407407407407407,0.018518518518518517,108.0,0.0,0.0,0.0,0.0,0.1,0.25,0.0625,32.0,0.0,0.0,0.0,14.0,0.0,0.0,0.0,23.0,0.0,0.0,0.0,39.0
p_809,0.017391304347826087,0.025,0.013333333333333332,0.012077294685990338,0.017361111111111112,0.009259259259259259,108.0,0.0,0.0,0.0,0.0,0.0,0.0,0.0,57.0,0.0,0.0,0.0,18.0,0.0,0.0,0.0,18.0,0.08695652173913043,0.125,0.06666666666666667,15.0
p_810,0.02,0.05,0.0125,0.02962962962962963,0.07407407407407407,0.018518518518518517,108.0,0.0,0.0,0.0,0.0,0.1,0.25,0.0625,32.0,0.0,0.0,0.0,25.0,0.0,0.0,0.0,19.0,0.0,0.0,0.0,32.0
p_811,0.0,0.0,0.0,0.0,0.0,0.0,108.0,0.0,0.0,0.0,0.0,0.0,0.0,0.0,33.0,0.0,0.0,0.0,28.0,0.0,0.0,0.0,14.0,0.0,0.0,0.0,33.0
p_812,0.023529411764705882,0.025,0.02222222222222222,0.00980392156862745,0.010416666666666666,0.009259259259259259,108.0,0.0,0.0,0.0,0.0,0.0,0.0,0.0,43.0,0.0,0.0,0.0,37.0,0.11764705882352941,0.125,0.1111111111111111,9.0,0.0,0.0,0.0,19.0
p_813,0.009302325581395349,0.02857142857142857,0.005555555555555555,0.015503875968992246,0.047619047619047616,0.009259259259259259,108.0,0.0,0.0,0.0,0.0,0.046511627906976744,0.14285714285714285,0.027777777777777776,36.0,0.0,0.0,0.0,31.0,0.0,0.0,0.0,28.0,0.0,0.0,0.0,13.0
p_814,0.0,0.0,0.0,0.0,0.0,0.0,108.0,0.0,0.0,0.0,0.0,0.0,0.0,0.0,37.0,0.0,0.0,0.0,15.0,0.0,0.0,0.0,20.0,0.0,0.0,0.0,36.0
p_815,0.04,0.11428571428571428,0.024242424242424242,0.061111111111111116,0.17460317460317462,0.037037037037037035,108.0,0.0,0.0,0.0,0.0,0.0,0.0,0.0,42.0,0.0,0.0,0.0,12.0,0.2,0.5714285714285714,0.12121212121212122,33.0,0.0,0.0,0.0,21.0
p_816,0.015384615384615385,0.02857142857142857,0.010526315789473684,0.013532763532763534,0.02513227513227513,0.009259259259259259,108.0,0.0,0.0,0.0,0.0,0.0,0.0,0.0,50.0,0.07692307692307693,0.14285714285714285,0.05263157894736842,19.0,0.0,0.0,0.0,17.0,0.0,0.0,0.0,22.0
p_817,0.05454545454545454,0.08571428571428572,0.04,0.03787878787878788,0.05952380952380952,0.027777777777777776,108.0,0.0,0.0,0.0,0.0,0.0,0.0,0.0,45.0,0.2727272727272727,0.42857142857142855,0.2,15.0,0.0,0.0,0.0,20.0,0.0,0.0,0.0,28.0
p_818,0.042105263157894736,0.05714285714285714,0.03333333333333333,0.023391812865497075,0.031746031746031744,0.018518518518518517,108.0,0.0,0.0,0.0,0.0,0.0,0.0,0.0,67.0,0.0,0.0,0.0,16.0,0.21052631578947367,0.2857142857142857,0.16666666666666666,12.0,0.0,0.0,0.0,13.0
p_819,0.03333333333333333,0.05,0.025,0.024691358024691357,0.037037037037037035,0.018518518518518517,108.0,0.0,0.0,0.0,0.0,0.0,0.0,0.0,36.0,0.16666666666666666,0.25,0.125,16.0,0.0,0.0,0.0,45.0,0.0,0.0,0.0,11.0
p_820,0.012903225806451613,0.02857142857142857,0.008333333333333333,0.014336917562724014,0.031746031746031744,0.009259259259259259,108.0,0.0,0.0,0.0,0.0,0.0,0.0,0.0,38.0,0.06451612903225806,0.14285714285714285,0.041666666666666664,24.0,0.0,0.0,0.0,20.0,0.0,0.0,0.0,26.0
p_821,0.02857142857142857,0.05,0.02,0.02645502645502645,0.046296296296296294,0.018518518518518517,108.0,0.0,0.0,0.0,0.0,0.0,0.0,0.0,31.0,0.0,0.0,0.0,29.0,0.14285714285714285,0.25,0.1,20.0,0.0,0.0,0.0,28.0
p_822,0.05,0.11428571428571428,0.032,0.05787037037037037,0.13227513227513227,0.037037037037037035,108.0,0.0,0.0,0.0,0.0,0.0,0.0,0.0,23.0,0.25,0.5714285714285714,0.16,25.0,0.0,0.0,0.0,25.0,0.0,0.0,0.0,35.0
p_823,0.025,0.075,0.015,0.046296296296296294,0.1388888888888889,0.027777777777777776,108.0,0.0,0.0,0.0,0.0,0.0,0.0,0.0,35.0,0.0,0.0,0.0,11.0,0.0,0.0,0.0,22.0,0.125,0.375,0.075,40.0
p_824,0.05714285714285714,0.11111111111111112,0.038461538461538464,0.06878306878306878,0.1337448559670782,0.046296296296296294,108.0,0.0,0.0,0.0,0.0,0.0,0.0,0.0,22.0,0.2857142857142857,0.5555555555555556,0.19230769230769232,26.0,0.0,0.0,0.0,22.0,0.0,0.0,0.0,38.0
p_825,0.026666666666666665,0.02857142857142857,0.025,0.009876543209876543,0.010582010582010581,0.009259259259259259,108.0,0.0,0.0,0.0,0.0,0.0,0.0,0.0,50.0,0.13333333333333333,0.14285714285714285,0.125,8.0,0.0,0.0,0.0,29.0,0.0,0.0,0.0,21.0
p_826,0.048484848484848485,0.11428571428571428,0.03076923076923077,0.058361391694725026,0.13756613756613756,0.037037037037037035,108.0,0.0,0.0,0.0,0.0,0.24242424242424243,0.5714285714285714,0.15384615384615385,26.0,0.0,0.0,0.0,33.0,0.0,0.0,0.0,19.0,0.0,0.0,0.0,30.0
p_827,0.021052631578947368,0.05714285714285714,0.012903225806451613,0.030214424951267055,0.08201058201058199,0.018518518518518517,108.0,0.0,0.0,0.0,0.0,0.0,0.0,0.0,48.0,0.0,0.0,0.0,14.0,0.10526315789473684,0.2857142857142857,0.06451612903225806,31.0,0.0,0.0,0.0,15.0
p_828,0.05333333333333333,0.11428571428571428,0.034782608695652174,0.05679012345679012,0.12169312169312169,0.037037037037037035,108.0,0.0,0.0,0.0,0.0,0.0,0.0,0.0,41.0,0.0,0.0,0.0,15.0,0.26666666666666666,0.5714285714285714,0.17391304347826086,23.0,0.0,0.0,0.0,29.0
p_829,0.03508771929824561,0.11111111111111112,0.020833333333333336,0.07797270955165692,0.2469135802469136,0.046296296296296294,108.0,0.0,0.0,0.0,0.0,0.17543859649122806,0.5555555555555556,0.10416666666666667,48.0,0.0,0.0,0.0,13.0,0.0,0.0,0.0,43.0,0.0,0.0,0.0,4.0
p_830,0.019047619047619046,0.02857142857142857,0.014285714285714285,0.012345679012345678,0.018518518518518517,0.009259259259259259,108.0,0.0,0.0,0.0,0.0,0.0,0.0,0.0,39.0,0.09523809523809523,0.14285714285714285,0.07142857142857142,14.0,0.0,0.0,0.0,36.0,0.0,0.0,0.0,19.0
p_831,0.03076923076923077,0.05,0.02222222222222222,0.02564102564102564,0.041666666666666664,0.018518518518518517,108.0,0.0,0.0,0.0,0.0,0.0,0.0,0.0,52.0,0.0,0.0,0.0,19.0,0.0,0.0,0.0,19.0,0.15384615384615385,0.25,0.1111111111111111,18.0
p_832,0.04285714285714286,0.075,0.03,0.03968253968253968,0.06944444444444445,0.027777777777777776,108.0,0.0,0.0,0.0,0.0,0.0,0.0,0.0,36.0,0.0,0.0,0.0,12.0,0.0,0.0,0.0,40.0,0.21428571428571427,0.375,0.15,20.0
p_833,0.0,0.0,0.0,0.0,0.0,0.0,108.0,0.0,0.0,0.0,0.0,0.0,0.0,0.0,42.0,0.0,0.0,0.0,24.0,0.0,0.0,0.0,34.0,0.0,0.0,0.0,8.0
p_834,0.01111111111111111,0.02857142857142857,0.006896551724137931,0.014917695473251027,0.03835978835978836,0.009259259259259259,108.0,0.0,0.0,0.0,0.0,0.05555555555555555,0.14285714285714285,0.034482758620689655,29.0,0.0,0.0,0.0,15.0,0.0,0.0,0.0,34.0,0.0,0.0,0.0,30.0
p_835,0.01875,0.075,0.010714285714285714,0.04861111111111111,0.19444444444444445,0.027777777777777776,108.0,0.0,0.0,0.0,0.0,0.09375,0.375,0.05357142857142857,56.0,0.0,0.0,0.0,19.0,0.0,0.0,0.0,25.0,0.0,0.0,0.0,8.0
p_836,0.035555555555555556,0.08888888888888888,0.02222222222222222,0.05925925925925926,0.14814814814814814,0.037037037037037035,108.0,0.0,0.0,0.0,0.0,0.0,0.0,0.0,23.0,0.0,0.0,0.0,17.0,0.17777777777777778,0.4444444444444444,0.1111111111111111,36.0,0.0,0.0,0.0,32.0
p_837,0.03137254901960784,0.11428571428571428,0.01818181818181818,0.06390704429920116,0.2328042328042328,0.037037037037037035,108.0,0.0,0.0,0.0,0.0,0.1568627450980392,0.5714285714285714,0.09090909090909091,44.0,0.0,0.0,0.0,17.0,0.0,0.0,0.0,40.0,0.0,0.0,0.0,7.0
p_838,0.009302325581395349,0.02857142857142857,0.005555555555555555,0.015503875968992246,0.047619047619047616,0.009259259259259259,108.0,0.0,0.0,0.0,0.0,0.0,0.0,0.0,32.0,0.0,0.0,0.0,21.0,0.046511627906976744,0.14285714285714285,0.027777777777777776,36.0,0.0,0.0,0.0,19.0
p_839,0.02727272727272727,0.08571428571428572,0.016216216216216217,0.04671717171717171,0.1468253968253968,0.027777777777777776,108.0,0.0,0.0,0.0,0.0,0.0,0.0,0.0,36.0,0.0,0.0,0.0,25.0,0.13636363636363635,0.42857142857142855,0.08108108108108109,37.0,0.0,0.0,0.0,10.0
p_840,0.014285714285714285,0.05714285714285714,0.008163265306122448,0.032407407407407406,0.12962962962962962,0.018518518518518517,108.0,0.0,0.0,0.0,0.0,0.0,0.0,0.0,36.0,0.0,0.0,0.0,14.0,0.07142857142857142,0.2857142857142857,0.04081632653061224,49.0,0.0,0.0,0.0,9.0
p_841,0.03636363636363636,0.1,0.02222222222222222,0.06060606060606061,0.16666666666666666,0.037037037037037035,108.0,0.0,0.0,0.0,0.0,0.0,0.0,0.0,17.0,0.0,0.0,0.0,43.0,0.18181818181818182,0.5,0.1111111111111111,36.0,0.0,0.0,0.0,12.0
p_842,0.0,0.0,0.0,0.0,0.0,0.0,108.0,0.0,0.0,0.0,0.0,0.0,0.0,0.0,31.0,0.0,0.0,0.0,16.0,0.0,0.0,0.0,45.0,0.0,0.0,0.0,16.0
p_843,0.015384615384615385,0.02857142857142857,0.010526315789473684,0.013532763532763534,0.02513227513227513,0.009259259259259259,108.0,0.0,0.0,0.0,0.0,0.0,0.0,0.0,26.0,0.0,0.0,0.0,27.0,0.0,0.0,0.0,36.0,0.07692307692307693,0.14285714285714285,0.05263157894736842,19.0
p_844,0.06315789473684211,0.08571428571428572,0.05,0.03508771929824561,0.047619047619047616,0.027777777777777776,108.0,0.0,0.0,0.0,0.0,0.0,0.0,0.0,21.0,0.0,0.0,0.0,51.0,0.0,0.0,0.0,24.0,0.3157894736842105,0.42857142857142855,0.25,12.0
p_845,0.05517241379310345,0.08888888888888888,0.04,0.05108556832694764,0.0823045267489712,0.037037037037037035,108.0,0.0,0.0,0.0,0.0,0.27586206896551724,0.4444444444444444,0.2,20.0,0.0,0.0,0.0,20.0,0.0,0.0,0.0,37.0,0.0,0.0,0.0,31.0
p_846,0.0,0.0,0.0,0.0,0.0,0.0,108.0,0.0,0.0,0.0,0.0,0.0,0.0,0.0,27.0,0.0,0.0,0.0,27.0,0.0,0.0,0.0,40.0,0.0,0.0,0.0,14.0
p_847,0.01,0.025,0.00625,0.014814814814814815,0.037037037037037035,0.009259259259259259,108.0,0.0,0.0,0.0,0.0,0.0,0.0,0.0,16.0,0.0,0.0,0.0,40.0,0.05,0.125,0.03125,32.0,0.0,0.0,0.0,20.0
p_848,0.05,0.08571428571428572,0.03529411764705882,0.03935185185185185,0.06746031746031746,0.027777777777777776,108.0,0.0,0.0,0.0,0.0,0.0,0.0,0.0,43.0,0.0,0.0,0.0,15.0,0.0,0.0,0.0,33.0,0.25,0.42857142857142855,0.17647058823529413,17.0
p_849,0.03333333333333333,0.075,0.02142857142857143,0.043209876543209874,0.09722222222222222,0.027777777777777776,108.0,0.0,0.0,0.0,0.0,0.16666666666666666,0.375,0.10714285714285714,28.0,0.0,0.0,0.0,25.0,0.0,0.0,0.0,11.0,0.0,0.0,0.0,44.0
p_850,0.01702127659574468,0.04444444444444444,0.010526315789473684,0.02994483845547675,0.07818930041152264,0.018518518518518517,108.0,0.0,0.0,0.0,0.0,0.0,0.0,0.0,27.0,0.0851063829787234,0.2222222222222222,0.05263157894736842,38.0,0.0,0.0,0.0,21.0,0.0,0.0,0.0,22.0
p_851,0.0,0.0,0.0,0.0,0.0,0.0,108.0,0.0,0.0,0.0,0.0,0.0,0.0,0.0,23.0,0.0,0.0,0.0,35.0,0.0,0.0,0.0,34.0,0.0,0.0,0.0,16.0
p_852,0.0,0.0,0.0,0.0,0.0,0.0,108.0,0.0,0.0,0.0,0.0,0.0,0.0,0.0,30.0,0.0,0.0,0.0,26.0,0.0,0.0,0.0,29.0,0.0,0.0,0.0,23.0
p_853,0.008695652173913044,0.02857142857142857,0.005128205128205128,0.01570048309178744,0.051587301587301584,0.009259259259259259,108.0,0.0,0.0,0.0,0.0,0.043478260869565216,0.14285714285714285,0.02564102564102564,39.0,0.0,0.0,0.0,14.0,0.0,0.0,0.0,30.0,0.0,0.0,0.0,25.0
p_854,0.00392156862745098,0.0019801980198019802,0.2,0.00018155410312273057,9.167583425009168e-05,0.009259259259259259,108.0,0.0196078431372549,0.009900990099009901,1.0,1.0,0.0,0.0,0.0,29.0,0.0,0.0,0.0,10.0,0.0,0.0,0.0,50.0,0.0,0.0,0.0,18.0
p_855,0.019047619047619046,0.025,0.015384615384615385,0.011463844797178132,0.015046296296296295,0.009259259259259259,108.0,0.0,0.0,0.0,0.0,0.0,0.0,0.0,23.0,0.0,0.0,0.0,25.0,0.0,0.0,0.0,47.0,0.09523809523809523,0.125,0.07692307692307693,13.0
p_856,0.01509433962264151,0.04444444444444444,0.00909090909090909,0.030747728860936404,0.0905349794238683,0.018518518518518517,108.0,0.0,0.0,0.0,0.0,0.07547169811320754,0.2222222222222222,0.045454545454545456,44.0,0.0,0.0,0.0,6.0,0.0,0.0,0.0,32.0,0.0,0.0,0.0,26.0
p_857,0.0,0.0,0.0,0.0,0.0,0.0,108.0,0.0,0.0,0.0,0.0,0.0,0.0,0.0,42.0,0.0,0.0,0.0,20.0,0.0,0.0,0.0,33.0,0.0,0.0,0.0,13.0
p_858,0.02,0.02857142857142857,0.015384615384615385,0.012037037037037037,0.017195767195767195,0.009259259259259259,108.0,0.0,0.0,0.0,0.0,0.0,0.0,0.0,25.0,0.1,0.14285714285714285,0.07692307692307693,13.0,0.0,0.0,0.0,26.0,0.0,0.0,0.0,44.0
p_859,0.03870967741935484,0.075,0.02608695652173913,0.041218637992831535,0.0798611111111111,0.027777777777777776,108.0,0.0,0.0,0.0,0.0,0.0,0.0,0.0,30.0,0.0,0.0,0.0,24.0,0.0,0.0,0.0,31.0,0.1935483870967742,0.375,0.13043478260869565,23.0
p_860,0.009523809523809523,0.025,0.0058823529411764705,0.014991181657848325,0.03935185185185185,0.009259259259259259,108.0,0.0,0.0,0.0,0.0,0.047619047619047616,0.125,0.029411764705882353,34.0,0.0,0.0,0.0,21.0,0.0,0.0,0.0,17.0,0.0,0.0,0.0,36.0
p_861,0.029629629629629627,0.04444444444444444,0.02222222222222222,0.024691358024691357,0.037037037037037035,0.018518518518518517,108.0,0.0,0.0,0.0,0.0,0.0,0.0,0.0,35.0,0.0,0.0,0.0,12.0,0.0,0.0,0.0,43.0,0.14814814814814814,0.2222222222222222,0.1111111111111111,18.0
p_862,0.0,0.0,0.0,0.0,0.0,0.0,108.0,0.0,0.0,0.0,0.0,0.0,0.0,0.0,42.0,0.0,0.0,0.0,13.0,0.0,0.0,0.0,17.0,0.0,0.0,0.0,36.0
p_863,0.011764705882352941,0.02857142857142857,0.007407407407407407,0.014705882352941176,0.03571428571428571,0.009259259259259259,108.0,0.0,0.0,0.0,0.0,0.0,0.0,0.0,52.0,0.0,0.0,0.0,7.0,0.058823529411764705,0.14285714285714285,0.037037037037037035,27.0,0.0,0.0,0.0,22.0
p_864,0.03809523809523809,0.11428571428571428,0.022857142857142857,0.06172839506172839,0.18518518518518517,0.037037037037037035,108.0,0.0,0.0,0.0,0.0,0.0,0.0,0.0,45.0,0.0,0.0,0.0,7.0,0.19047619047619047,0.5714285714285714,0.11428571428571428,35.0,0.0,0.0,0.0,21.0
p_865,0.032,0.11428571428571428,0.018604651162790697,0.0637037037037037,0.2275132275132275,0.037037037037037035,108.0,0.0,0.0,0.0,0.0,0.0,0.0,0.0,38.0,0.0,0.0,0.0,15.0,0.16,0.5714285714285714,0.09302325581395349,43.0,0.0,0.0,0.0,12.0
p_866,0.007142857142857143,0.02857142857142857,0.004081632653061224,0.016203703703703703,0.06481481481481481,0.009259259259259259,108.0,0.0,0.0,0.0,0.0,0.0,0.0,0.0,37.0,0.0,0.0,0.0,7.0,0.03571428571428571,0.14285714285714285,0.02040816326530612,49.0,0.0,0.0,0.0,15.0
p_867,0.013333333333333332,0.02857142857142857,0.008695652173913044,0.01419753086419753,0.03042328042328042,0.009259259259259259,108.0,0.0,0.0,0.0,0.0,0.0,0.0,0.0,30.0,0.0,0.0,0.0,9.0,0.0,0.0,0.0,46.0,0.06666666666666667,0.14285714285714285,0.043478260869565216,23.0
p_868,0.04,0.05,0.03333333333333333,0.022222222222222227,0.027777777777777776,0.018518518518518517,108.0,0.0,0.0,0.0,0.0,0.0,0.0,0.0,35.0,0.2,0.25,0.16666666666666666,12.0,0.0,0.0,0.0,28.0,0.0,0.0,0.0,33.0
p_869,0.010256410256410256,0.02857142857142857,0.00625,0.015194681861348527,0.042328042328042326,0.009259259259259259,108.0,0.0,0.0,0.0,0.0,0.05128205128205128,0.14285714285714285,0.03125,32.0,0.0,0.0,0.0,20.0,0.0,0.0,0.0,34.0,0.0,0.0,0.0,22.0
p_870,0.00851063829787234,0.025,0.005128205128205128,0.015366430260047281,0.04513888888888889,0.009259259259259259,108.0,0.0,0.0,0.0,0.0,0.0,0.0,0.0,40.0,0.0,0.0,0.0,9.0,0.0,0.0,0.0,20.0,0.0425531914893617,0.125,0.02564102564102564,39.0
p_871,0.03333333333333333,0.05714285714285714,0.023529411764705882,0.026234567901234566,0.04497354497354497,0.018518518518518517,108.0,0.0,0.0,0.0,0.0,0.0,0.0,0.0,26.0,0.0,0.0,0.0,38.0,0.16666666666666666,0.2857142857142857,0.11764705882352941,17.0,0.0,0.0,0.0,27.0
p_872,0.011764705882352941,0.02857142857142857,0.007407407407407407,0.014705882352941176,0.03571428571428571,0.009259259259259259,108.0,0.0,0.0,0.0,0.0,0.0,0.0,0.0,37.0,0.0,0.0,0.0,19.0,0.058823529411764705,0.14285714285714285,0.037037037037037035,27.0,0.0,0.0,0.0,25.0
p_873,0.03333333333333333,0.05714285714285714,0.023529411764705882,0.026234567901234566,0.04497354497354497,0.018518518518518517,108.0,0.0,0.0,0.0,0.0,0.16666666666666666,0.2857142857142857,0.11764705882352941,17.0,0.0,0.0,0.0,36.0,0.0,0.0,0.0,23.0,0.0,0.0,0.0,32.0
p_874,0.026666666666666665,0.08571428571428572,0.015789473684210527,0.046913580246913576,0.15079365079365079,0.027777777777777776,108.0,0.0,0.0,0.0,0.0,0.13333333333333333,0.42857142857142855,0.07894736842105263,38.0,0.0,0.0,0.0,12.0,0.0,0.0,0.0,30.0,0.0,0.0,0.0,28.0
p_875,0.029268292682926828,0.06666666666666667,0.01875,0.04336043360433604,0.09876543209876543,0.027777777777777776,108.0,0.0,0.0,0.0,0.0,0.14634146341463414,0.3333333333333333,0.09375,32.0,0.0,0.0,0.0,13.0,0.0,0.0,0.0,7.0,0.0,0.0,0.0,56.0
p_876,0.05,0.08571428571428572,0.03529411764705882,0.03935185185185185,0.06746031746031746,0.027777777777777776,108.0,0.0,0.0,0.0,0.0,0.0,0.0,0.0,56.0,0.25,0.42857142857142855,0.17647058823529413,17.0,0.0,0.0,0.0,15.0,0.0,0.0,0.0,20.0
p_877,0.010810810810810811,0.02857142857142857,0.006666666666666666,0.015015015015015017,0.03968253968253968,0.009259259259259259,108.0,0.0,0.0,0.0,0.0,0.0,0.0,0.0,17.0,0.0,0.0,0.0,33.0,0.0,0.0,0.0,28.0,0.05405405405405406,0.14285714285714285,0.03333333333333333,30.0
p_878,0.03529411764705882,0.08571428571428572,0.02222222222222222,0.04411764705882353,0.10714285714285714,0.027777777777777776,108.0,0.0,0.0,0.0,0.0,0.0,0.0,0.0,32.0,0.0,0.0,0.0,27.0,0.0,0.0,0.0,22.0,0.17647058823529413,0.42857142857142855,0.1111111111111111,27.0
p_879,0.015384615384615385,0.02857142857142857,0.010526315789473684,0.013532763532763534,0.02513227513227513,0.009259259259259259,108.0,0.0,0.0,0.0,0.0,0.07692307692307693,0.14285714285714285,0.05263157894736842,19.0,0.0,0.0,0.0,14.0,0.0,0.0,0.0,36.0,0.0,0.0,0.0,39.0
p_880,0.012903225806451613,0.025,0.008695652173913044,0.013739545997610514,0.02662037037037037,0.009259259259259259,108.0,0.0,0.0,0.0,0.0,0.0,0.0,0.0,41.0,0.0,0.0,0.0,14.0,0.06451612903225806,0.125,0.043478260869565216,23.0,0.0,0.0,0.0,30.0
p_881,0.022857142857142857,0.05714285714285714,0.014285714285714285,0.029629629629629627,0.07407407407407407,0.018518518518518517,108.0,0.0,0.0,0.0,0.0,0.11428571428571428,0.2857142857142857,0.07142857142857142,28.0,0.0,0.0,0.0,12.0,0.0,0.0,0.0,49.0,0.0,0.0,0.0,19.0
p_882,0.02857142857142857,0.05,0.02,0.02645502645502645,0.046296296296296294,0.018518518518518517,108.0,0.0,0.0,0.0,0.0,0.0,0.0,0.0,33.0,0.14285714285714285,0.25,0.1,20.0,0.0,0.0,0.0,22.0,0.0,0.0,0.0,33.0
p_883,0.041025641025641026,0.1,0.025806451612903226,0.05887939221272554,0.14351851851851852,0.037037037037037035,108.0,0.0,0.0,0.0,0.0,0.0,0.0,0.0,47.0,0.0,0.0,0.0,19.0,0.20512820512820512,0.5,0.12903225806451613,31.0,0.0,0.0,0.0,11.0
p_884,0.025,0.02857142857142857,0.02222222222222222,0.010416666666666666,0.011904761904761904,0.009259259259259259,108.0,0.0,0.0,0.0,0.0,0.0,0.0,0.0,30.0,0.125,0.14285714285714285,0.1111111111111111,9.0,0.0,0.0,0.0,30.0,0.0,0.0,0.0,39.0
p_885,0.011764705882352941,0.02857142857142857,0.007407407407407407,0.014705882352941176,0.03571428571428571,0.009259259259259259,108.0,0.0,0.0,0.0,0.0,0.0,0.0,0.0,39.0,0.0,0.0,0.0,24.0,0.0,0.0,0.0,18.0,0.058823529411764705,0.14285714285714285,0.037037037037037035,27.0
p_886,0.03870967741935484,0.075,0.02608695652173913,0.041218637992831535,0.0798611111111111,0.027777777777777776,108.0,0.0,0.0,0.0,0.0,0.1935483870967742,0.375,0.13043478260869565,23.0,0.0,0.0,0.0,22.0,0.0,0.0,0.0,20.0,0.0,0.0,0.0,43.0
p_887,0.02857142857142857,0.05714285714285714,0.019047619047619046,0.027777777777777776,0.05555555555555555,0.018518518518518517,108.0,0.0,0.0,0.0,0.0,0.0,0.0,0.0,47.0,0.14285714285714285,0.2857142857142857,0.09523809523809523,21.0,0.0,0.0,0.0,15.0,0.0,0.0,0.0,25.0
p_888,0.03333333333333333,0.08571428571428572,0.020689655172413793,0.044753086419753084,0.11507936507936506,0.027777777777777776,108.0,0.0,0.0,0.0,0.0,0.0,0.0,0.0,38.0,0.0,0.0,0.0,12.0,0.0,0.0,0.0,29.0,0.16666666666666666,0.42857142857142855,0.10344827586206896,29.0
p_889,0.022641509433962266,0.08571428571428572,0.013043478260869565,0.04821802935010482,0.18253968253968253,0.027777777777777776,108.0,0.0,0.0,0.0,0.0,0.11320754716981132,0.42857142857142855,0.06521739130434782,46.0,0.0,0.0,0.0,5.0,0.0,0.0,0.0,37.0,0.0,0.0,0.0,20.0
p_890,0.0,0.0,0.0,0.0,0.0,0.0,108.0,0.0,0.0,0.0,0.0,0.0,0.0,0.0,28.0,0.0,0.0,0.0,13.0,0.0,0.0,0.0,52.0,0.0,0.0,0.0,15.0
p_891,0.006779661016949152,0.02857142857142857,0.0038461538461538464,0.016321406151914627,0.06878306878306878,0.009259259259259259,108.0,0.0,0.0,0.0,0.0,0.0,0.0,0.0,19.0,0.0,0.0,0.0,20.0,0.03389830508474576,0.14285714285714285,0.019230769230769232,52.0,0.0,0.0,0.0,17.0
p_892,0.011428571428571429,0.02857142857142857,0.007142857142857143,0.014814814814814814,0.037037037037037035,0.009259259259259259,108.0,0.0,0.0,0.0,1.0,0.05714285714285714,0.14285714285714285,0.03571428571428571,28.0,0.0,0.0,0.0,6.0,0.0,0.0,0.0,43.0,0.0,0.0,0.0,30.0
p_893,0.0,0.0,0.0,0.0,0.0,0.0,108.0,0.0,0.0,0.0,0.0,0.0,0.0,0.0,34.0,0.0,0.0,0.0,9.0,0.0,0.0,0.0,49.0,0.0,0.0,0.0,16.0
p_894,0.025806451612903226,0.1,0.014814814814814814,0.06451612903225806,0.25,0.037037037037037035,108.0,0.0,0.0,0.0,0.0,0.12903225806451613,0.5,0.07407407407407407,54.0,0.0,0.0,0.0,10.0,0.0,0.0,0.0,14.0,0.0,0.0,0.0,30.0
p_895,0.00784313725490196,0.02857142857142857,0.004545454545454545,0.01597676107480029,0.0582010582010582,0.009259259259259259,108.0,0.0,0.0,0.0,0.0,0.0,0.0,0.0,24.0,0.0,0.0,0.0,20.0,0.0,0.0,0.0,20.0,0.0392156862745098,0.14285714285714285,0.022727272727272728,44.0
p_896,0.06,0.08571428571428572,0.046153846153846156,0.03611111111111111,0.051587301587301584,0.027777777777777776,108.0,0.0,0.0,0.0,0.0,0.0,0.0,0.0,57.0,0.3,0.42857142857142855,0.23076923076923078,13.0,0.0,0.0,0.0,17.0,0.0,0.0,0.0,21.0
p_897,0.048,0.075,0.03529411764705882,0.03777777777777778,0.059027777777777776,0.027777777777777776,108.0,0.0,0.0,0.0,0.0,0.0,0.0,0.0,27.0,0.24,0.375,0.17647058823529413,17.0,0.0,0.0,0.0,25.0,0.0,0.0,0.0,39.0
p_898,0.020512820512820513,0.05714285714285714,0.0125,0.030389363722697054,0.08465608465608465,0.018518518518518517,108.0,0.0,0.0,0.0,0.0,0.0,0.0,0.0,43.0,0.0,0.0,0.0,16.0,0.10256410256410256,0.2857142857142857,0.0625,32.0,0.0,0.0,0.0,17.0
p_899,0.024242424242424242,0.05714285714285714,0.015384615384615385,0.029180695847362513,0.06878306878306878,0.018518518518518517,108.0,0.0,0.0,0.0,0.0,0.0,0.0,0.0,44.0,0.0,0.0,0.0,9.0,0.0,0.0,0.0,29.0,0.12121212121212122,0.2857142857142857,0.07692307692307693,26.0
p_900,0.019047619047619046,0.025,0.015384615384615385,0.011463844797178132,0.015046296296296295,0.009259259259259259,108.0,0.0,0.0,0.0,0.0,0.0,0.0,0.0,55.0,0.09523809523809523,0.125,0.07692307692307693,13.0,0.0,0.0,0.0,16.0,0.0,0.0,0.0,24.0
p_901,0.04285714285714286,0.06666666666666667,0.031578947368421054,0.037698412698412696,0.05864197530864197,0.027777777777777776,108.0,0.0,0.0,0.0,0.0,0.0,0.0,0.0,44.0,0.0,0.0,0.0,26.0,0.21428571428571427,0.3333333333333333,0.15789473684210525,19.0,0.0,0.0,0.0,19.0
p_902,0.012121212121212121,0.02857142857142857,0.007692307692307693,0.014590347923681257,0.03439153439153439,0.009259259259259259,108.0,0.0,0.0,0.0,0.0,0.0,0.0,0.0,32.0,0.06060606060606061,0.14285714285714285,0.038461538461538464,26.0,0.0,0.0,0.0,21.0,0.0,0.0,0.0,29.0
p_903,0.008695652173913044,0.02857142857142857,0.005128205128205128,0.01570048309178744,0.051587301587301584,0.009259259259259259,108.0,0.0,0.0,0.0,0.0,0.0,0.0,0.0,25.0,0.043478260869565216,0.14285714285714285,0.02564102564102564,39.0,0.0,0.0,0.0,21.0,0.0,0.0,0.0,23.0
p_904,0.021621621621621623,0.05,0.013793103448275862,0.029029029029029027,0.06712962962962964,0.018518518518518517,108.0,0.0,0.0,0.0,0.0,0.0,0.0,0.0,43.0,0.0,0.0,0.0,13.0,0.0,0.0,0.0,23.0,0.10810810810810811,0.25,0.06896551724137931,29.0
p_905,0.030666666666666665,0.046464646464646465,0.21904761904761907,0.02611111111111111,0.04330340441451552,0.027777777777777776,108.0,0.02,0.010101010101010102,1.0,1.0,0.13333333333333333,0.2222222222222222,0.09523809523809523,21.0,0.0,0.0,0.0,21.0,0.0,0.0,0.0,31.0,0.0,0.0,0.0,34.0
p_906,0.042105263157894736,0.05714285714285714,0.03333333333333333,0.023391812865497075,0.031746031746031744,0.018518518518518517,108.0,0.0,0.0,0.0,0.0,0.0,0.0,0.0,51.0,0.0,0.0,0.0,17.0,0.0,0.0,0.0,28.0,0.21052631578947367,0.2857142857142857,0.16666666666666666,12.0
p_907,0.00909090909090909,0.025,0.005555555555555555,0.015151515151515152,0.041666666666666664,0.009259259259259259,108.0,0.0,0.0,0.0,0.0,0.045454545454545456,0.125,0.027777777777777776,36.0,0.0,0.0,0.0,22.0,0.0,0.0,0.0,29.0,0.0,0.0,0.0,21.0
p_908,0.008695652173913044,0.025,0.005263157894736842,0.015297906602254429,0.04398148148148148,0.009259259259259259,108.0,0.0,0.0,0.0,0.0,0.0,0.0,0.0,39.0,0.0,0.0,0.0,14.0,0.043478260869565216,0.125,0.02631578947368421,38.0,0.0,0.0,0.0,17.0
p_909,0.01951219512195122,0.05714285714285714,0.011764705882352941,0.030713640469738034,0.08994708994708994,0.018518518518518517,108.0,0.0,0.0,0.0,0.0,0.0,0.0,0.0,25.0,0.0,0.0,0.0,36.0,0.0975609756097561,0.2857142857142857,0.058823529411764705,34.0,0.0,0.0,0.0,13.0
p_910,0.025,0.05714285714285714,0.016,0.028935185185185185,0.06613756613756613,0.018518518518518517,108.0,0.0,0.0,0.0,0.0,0.125,0.2857142857142857,0.08,25.0,0.0,0.0,0.0,12.0,0.0,0.0,0.0,44.0,0.0,0.0,0.0,27.0
p_911,0.027586206896551724,0.05,0.019047619047619046,0.02681992337164751,0.04861111111111111,0.018518518518518517,108.0,0.0,0.0,0.0,0.0,0.0,0.0,0.0,37.0,0.0,0.0,0.0,31.0,0.0,0.0,0.0,19.0,0.13793103448275862,0.25,0.09523809523809523,21.0
p_912,0.02222222222222222,0.05,0.014285714285714285,0.028806584362139915,0.06481481481481481,0.018518518518518517,108.0,0.0,0.0,0.0,0.0,0.1111111111111111,0.25,0.07142857142857142,28.0,0.0,0.0,0.0,12.0,0.0,0.0,0.0,23.0,0.0,0.0,0.0,45.0
p_913,0.0,0.0,0.0,0.0,0.0,0.0,108.0,0.0,0.0,0.0,0.0,0.0,0.0,0.0,43.0,0.0,0.0,0.0,11.0,0.0,0.0,0.0,27.0,0.0,0.0,0.0,27.0
p_914,0.05714285714285714,0.11428571428571428,0.03809523809523809,0.05555555555555555,0.1111111111111111,0.037037037037037035,108.0,0.0,0.0,0.0,0.0,0.0,0.0,0.0,42.0,0.0,0.0,0.0,27.0,0.0,0.0,0.0,18.0,0.2857142857142857,0.5714285714285714,0.19047619047619047,21.0
p_915,0.025806451612903226,0.05714285714285714,0.016666666666666666,0.02867383512544803,0.06349206349206349,0.018518518518518517,108.0,0.0,0.0,0.0,0.0,0.0,0.0,0.0,40.0,0.12903225806451613,0.2857142857142857,0.08333333333333333,24.0,0.0,0.0,0.0,12.0,0.0,0.0,0.0,32.0
p_916,0.010810810810810811,0.025,0.006896551724137931,0.014514514514514514,0.03356481481481482,0.009259259259259259,108.0,0.0,0.0,0.0,0.0,0.0,0.0,0.0,39.0,0.0,0.0,0.0,24.0,0.0,0.0,0.0,16.0,0.05405405405405406,0.125,0.034482758620689655,29.0
p_917,0.06896551724137931,0.14285714285714285,0.045454545454545456,0.070242656449553,0.14550264550264552,0.046296296296296294,108.0,0.0,0.0,0.0,0.0,0.3448275862068966,0.7142857142857143,0.22727272727272727,22.0,0.0,0.0,0.0,35.0,0.0,0.0,0.0,36.0,0.0,0.0,0.0,15.0
p_918,0.022641509433962266,0.075,0.013333333333333332,0.04716981132075472,0.15625,0.027777777777777776,108.0,0.0,0.0,0.0,0.0,0.11320754716981132,0.375,0.06666666666666667,45.0,0.0,0.0,0.0,21.0,0.0,0.0,0.0,31.0,0.0,0.0,0.0,11.0
p_919,0.017391304347826087,0.05714285714285714,0.010256410256410256,0.03140096618357488,0.10317460317460317,0.018518518518518517,108.0,0.0,0.0,0.0,0.0,0.08695652173913043,0.2857142857142857,0.05128205128205128,39.0,0.0,0.0,0.0,27.0,0.0,0.0,0.0,17.0,0.0,0.0,0.0,25.0
p_920,0.016,0.02857142857142857,0.01111111111111111,0.013333333333333332,0.023809523809523808,0.009259259259259259,108.0,0.0,0.0,0.0,0.0,0.0,0.0,0.0,37.0,0.08,0.14285714285714285,0.05555555555555555,18.0,0.0,0.0,0.0,35.0,0.0,0.0,0.0,18.0
p_921,0.0,0.0,0.0,0.0,0.0,0.0,108.0,0.0,0.0,0.0,0.0,0.0,0.0,0.0,47.0,0.0,0.0,0.0,31.0,0.0,0.0,0.0,20.0,0.0,0.0,0.0,10.0
p_922,0.00851063829787234,0.025,0.005128205128205128,0.015366430260047281,0.04513888888888889,0.009259259259259259,108.0,0.0,0.0,0.0,0.0,0.0,0.0,0.0,18.0,0.0,0.0,0.0,19.0,0.0,0.0,0.0,32.0,0.0425531914893617,0.125,0.02564102564102564,39.0
p_923,0.027906976744186046,0.075,0.017142857142857144,0.04521963824289405,0.12152777777777778,0.027777777777777776,108.0,0.0,0.0,0.0,0.0,0.13953488372093023,0.375,0.08571428571428572,35.0,0.0,0.0,0.0,29.0,0.0,0.0,0.0,16.0,0.0,0.0,0.0,28.0
p_924,0.011764705882352941,0.02857142857142857,0.007407407407407407,0.014705882352941176,0.03571428571428571,0.009259259259259259,108.0,0.0,0.0,0.0,0.0,0.0,0.0,0.0,42.0,0.0,0.0,0.0,26.0,0.058823529411764705,0.14285714285714285,0.037037037037037035,27.0,0.0,0.0,0.0,13.0
p_925,0.015384615384615385,0.02857142857142857,0.010526315789473684,0.013532763532763534,0.02513227513227513,0.009259259259259259,108.0,0.0,0.0,0.0,0.0,0.0,0.0,0.0,38.0,0.0,0.0,0.0,30.0,0.07692307692307693,0.14285714285714285,0.05263157894736842,19.0,0.0,0.0,0.0,21.0
p_926,0.0,0.0,0.0,0.0,0.0,0.0,108.0,0.0,0.0,0.0,0.0,0.0,0.0,0.0,32.0,0.0,0.0,0.0,12.0,0.0,0.0,0.0,26.0,0.0,0.0,0.0,38.0
p_927,0.022641509433962266,0.08571428571428572,0.013043478260869565,0.04821802935010482,0.18253968253968253,0.027777777777777776,108.0,0.0,0.0,0.0,0.0,0.0,0.0,0.0,28.0,0.11320754716981132,0.42857142857142855,0.06521739130434782,46.0,0.0,0.0,0.0,22.0,0.0,0.0,0.0,12.0
p_928,0.02727272727272727,0.06666666666666667,0.017142857142857144,0.04419191919191919,0.10802469135802469,0.027777777777777776,108.0,0.0,0.0,0.0,0.0,0.0,0.0,0.0,23.0,0.0,0.0,0.0,29.0,0.13636363636363635,0.3333333333333333,0.08571428571428572,35.0,0.0,0.0,0.0,21.0
p_929,0.0,0.0,0.0,0.0,0.0,0.0,108.0,0.0,0.0,0.0,0.0,0.0,0.0,0.0,25.0,0.0,0.0,0.0,39.0,0.0,0.0,0.0,21.0,0.0,0.0,0.0,23.0
p_930,0.0125,0.02857142857142857,0.008,0.014467592592592593,0.03306878306878307,0.009259259259259259,108.0,0.0,0.0,0.0,0.0,0.0,0.0,0.0,32.0,0.0,0.0,0.0,38.0,0.0625,0.14285714285714285,0.04,25.0,0.0,0.0,0.0,13.0
p_931,0.03404255319148936,0.11428571428571428,0.02,0.06304176516942474,0.2116402116402116,0.037037037037037035,108.0,0.0,0.0,0.0,0.0,0.1702127659574468,0.5714285714285714,0.1,40.0,0.0,0.0,0.0,19.0,0.0,0.0,0.0,15.0,0.0,0.0,0.0,34.0
p_932,0.024242424242424242,0.11428571428571428,0.013559322033898305,0.06621773288439955,0.31216931216931215,0.037037037037037035,108.0,0.0,0.0,0.0,0.0,0.12121212121212122,0.5714285714285714,0.06779661016949153,59.0,0.0,0.0,0.0,24.0,0.0,0.0,0.0,16.0,0.0,0.0,0.0,9.0
p_933,0.0375,0.08571428571428572,0.024,0.043402777777777776,0.0992063492063492,0.027777777777777776,108.0,0.0,0.0,0.0,0.0,0.0,0.0,0.0,33.0,0.1875,0.42857142857142855,0.12,25.0,0.0,0.0,0.0,31.0,0.0,0.0,0.0,19.0
p_934,0.021621621621621623,0.05714285714285714,0.013333333333333332,0.030030030030030033,0.07936507936507936,0.018518518518518517,108.0,0.0,0.0,0.0,0.0,0.0,0.0,0.0,33.0,0.0,0.0,0.0,39.0,0.10810810810810811,0.2857142857142857,0.06666666666666667,30.0,0.0,0.0,0.0,6.0
p_935,0.023529411764705882,0.075,0.013953488372093023,0.046840958605664486,0.14930555555555555,0.027777777777777776,108.0,0.0,0.0,0.0,0.0,0.0,0.0,0.0,36.0,0.0,0.0,0.0,14.0,0.11764705882352941,0.375,0.06976744186046512,43.0,0.0,0.0,0.0,15.0
p_936,0.02857142857142857,0.08571428571428572,0.017142857142857144,0.046296296296296294,0.1388888888888889,0.027777777777777776,108.0,0.0,0.0,0.0,0.0,0.14285714285714285,0.42857142857142855,0.08571428571428572,35.0,0.0,0.0,0.0,11.0,0.0,0.0,0.0,37.0,0.0,0.0,0.0,25.0
p_937,0.05,0.05,0.05,0.018518518518518517,0.018518518518518517,0.018518518518518517,108.0,0.0,0.0,0.0,0.0,0.0,0.0,0.0,73.0,0.0,0.0,0.0,14.0,0.0,0.0,0.0,13.0,0.25,0.25,0.25,8.0
p_938,0.026666666666666665,0.05714285714285714,0.017391304347826087,0.02839506172839506,0.06084656084656084,0.018518518518518517,108.0,0.0,0.0,0.0,0.0,0.13333333333333333,0.2857142857142857,0.08695652173913043,23.0,0.0,0.0,0.0,9.0,0.0,0.0,0.0,38.0,0.0,0.0,0.0,38.0
p_939,0.047058823529411764,0.13333333333333333,0.02857142857142857,0.09150326797385622,0.25925925925925924,0.05555555555555555,108.0,0.0,0.0,0.0,0.0,0.23529411764705882,0.6666666666666666,0.14285714285714285,42.0,0.0,0.0,0.0,20.0,0.0,0.0,0.0,23.0,0.0,0.0,0.0,23.0
p_940,0.03,0.075,0.01875,0.044444444444444446,0.1111111111111111,0.027777777777777776,108.0,0.0,0.0,0.0,0.0,0.15,0.375,0.09375,32.0,0.0,0.0,0.0,48.0,0.0,0.0,0.0,18.0,0.0,0.0,0.0,10.0
p_941,0.019047619047619046,0.02857142857142857,0.014285714285714285,0.012345679012345678,0.018518518518518517,0.009259259259259259,108.0,0.0,0.0,0.0,0.0,0.0,0.0,0.0,34.0,0.09523809523809523,0.14285714285714285,0.07142857142857142,14.0,0.0,0.0,0.0,23.0,0.0,0.0,0.0,37.0
p_942,0.027906976744186046,0.08571428571428572,0.016666666666666666,0.046511627906976744,0.14285714285714285,0.027777777777777776,108.0,0.0,0.0,0.0,0.0,0.0,0.0,0.0,48.0,0.13953488372093023,0.42857142857142855,0.08333333333333333,36.0,0.0,0.0,0.0,8.0,0.0,0.0,0.0,16.0
p_943,0.016666666666666666,0.05,0.01,0.030864197530864196,0.09259259259259259,0.018518518518518517,108.0,0.0,0.0,0.0,0.0,0.08333333333333333,0.25,0.05,40.0,0.0,0.0,0.0,23.0,0.0,0.0,0.0,24.0,0.0,0.0,0.0,21.0
p_944,0.0,0.0,0.0,0.0,0.0,0.0,108.0,0.0,0.0,0.0,0.0,0.0,0.0,0.0,54.0,0.0,0.0,0.0,24.0,0.0,0.0,0.0,21.0,0.0,0.0,0.0,9.0
p_945,0.017777777777777778,0.05714285714285714,0.010526315789473684,0.031275720164609055,0.10052910052910052,0.018518518518518517,108.0,0.0,0.0,0.0,0.0,0.08888888888888889,0.2857142857142857,0.05263157894736842,38.0,0.0,0.0,0.0,31.0,0.0,0.0,0.0,30.0,0.0,0.0,0.0,9.0
p_946,0.014545454545454545,0.05,0.00851063829787234,0.03164983164983165,0.1087962962962963,0.018518518518518517,108.0,0.0,0.0,0.0,0.0,0.0,0.0,0.0,33.0,0.0,0.0,0.0,19.0,0.07272727272727272,0.25,0.0425531914893617,47.0,0.0,0.0,0.0,9.0
p_947,0.0,0.0,0.0,0.0,0.0,0.0,108.0,0.0,0.0,0.0,0.0,0.0,0.0,0.0,37.0,0.0,0.0,0.0,42.0,0.0,0.0,0.0,20.0,0.0,0.0,0.0,9.0
p_948,0.0,0.0,0.0,0.0,0.0,0.0,108.0,0.0,0.0,0.0,0.0,0.0,0.0,0.0,42.0,0.0,0.0,0.0,18.0,0.0,0.0,0.0,33.0,0.0,0.0,0.0,15.0
p_949,0.07407407407407407,0.125,0.05263157894736842,0.06515775034293553,0.1099537037037037,0.046296296296296294,108.0,0.0,0.0,0.0,0.0,0.0,0.0,0.0,32.0,0.37037037037037035,0.625,0.2631578947368421,19.0,0.0,0.0,0.0,31.0,0.0,0.0,0.0,26.0
p_950,0.007547169811320755,0.02857142857142857,0.004347826086956522,0.016072676450034937,0.06084656084656084,0.009259259259259259,108.0,0.0,0.0,0.0,0.0,0.03773584905660377,0.14285714285714285,0.021739130434782608,46.0,0.0,0.0,0.0,18.0,0.0,0.0,0.0,24.0,0.0,0.0,0.0,20.0
p_951,0.021052631578947368,0.05714285714285714,0.012903225806451613,0.030214424951267055,0.08201058201058199,0.018518518518518517,108.0,0.0,0.0,0.0,0.0,0.10526315789473684,0.2857142857142857,0.06451612903225806,31.0,0.0,0.0,0.0,15.0,0.0,0.0,0.0,32.0,0.0,0.0,0.0,30.0
p_952,0.035555555555555556,0.1,0.021621621621621623,0.060905349794238686,0.1712962962962963,0.037037037037037035,108.0,0.0,0.0,0.0,0.0,0.17777777777777778,0.5,0.10810810810810811,37.0,0.0,0.0,0.0,26.0,0.0,0.0,0.0,34.0,0.0,0.0,0.0,11.0
p_953,0.02222222222222222,0.05714285714285714,0.013793103448275862,0.029835390946502054,0.07671957671957672,0.018518518518518517,108.0,0.0,0.0,0.0,0.0,0.0,0.0,0.0,49.0,0.0,0.0,0.0,12.0,0.1111111111111111,0.2857142857142857,0.06896551724137931,29.0,0.0,0.0,0.0,18.0
p_954,0.010526315789473684,0.02857142857142857,0.0064516129032258064,0.015107212475633527,0.041005291005290996,0.009259259259259259,108.0,0.0,0.0,0.0,0.0,0.0,0.0,0.0,44.0,0.0,0.0,0.0,28.0,0.05263157894736842,0.14285714285714285,0.03225806451612903,31.0,0.0,0.0,0.0,5.0
p_955,0.017391304347826087,0.05714285714285714,0.010256410256410256,0.03140096618357488,0.10317460317460317,0.018518518518518517,108.0,0.0,0.0,0.0,0.0,0.0,0.0,0.0,49.0,0.0,0.0,0.0,8.0,0.08695652173913043,0.2857142857142857,0.05128205128205128,39.0,0.0,0.0,0.0,12.0
p_956,0.0,0.0,0.0,0.0,0.0,0.0,108.0,0.0,0.0,0.0,0.0,0.0,0.0,0.0,49.0,0.0,0.0,0.0,26.0,0.0,0.0,0.0,21.0,0.0,0.0,0.0,12.0
p_957,0.01818181818181818,0.02857142857142857,0.013333333333333332,0.012626262626262628,0.01984126984126984,0.009259259259259259,108.0,0.0,0.0,0.0,0.0,0.0,0.0,0.0,51.0,0.09090909090909091,0.14285714285714285,0.06666666666666667,15.0,0.0,0.0,0.0,35.0,0.0,0.0,0.0,7.0
p_958,0.015384615384615385,0.02222222222222222,0.011764705882352941,0.01210826210826211,0.01748971193415638,0.009259259259259259,108.0,0.0,0.0,0.0,0.0,0.0,0.0,0.0,45.0,0.0,0.0,0.0,33.0,0.07692307692307693,0.1111111111111111,0.058823529411764705,17.0,0.0,0.0,0.0,13.0
p_959,0.014814814814814814,0.02857142857142857,0.01,0.013717421124828532,0.02645502645502645,0.009259259259259259,108.0,0.0,0.0,0.0,0.0,0.0,0.0,0.0,43.0,0.07407407407407407,0.14285714285714285,0.05,20.0,0.0,0.0,0.0,30.0,0.0,0.0,0.0,15.0
p_960,0.025,0.02857142857142857,0.02222222222222222,0.010416666666666666,0.011904761904761904,0.009259259259259259,108.0,0.0,0.0,0.0,0.0,0.0,0.0,0.0,26.0,0.0,0.0,0.0,42.0,0.0,0.0,0.0,31.0,0.125,0.14285714285714285,0.1111111111111111,9.0
p_961,0.021621621621621623,0.04444444444444444,0.014285714285714285,0.02802802802802803,0.05761316872427983,0.018518518518518517,108.0,0.0,0.0,0.0,0.0,0.0,0.0,0.0,45.0,0.0,0.0,0.0,25.0,0.10810810810810811,0.2222222222222222,0.07142857142857142,28.0,0.0,0.0,0.0,10.0
p_962,0.021052631578947368,0.05,0.013333333333333332,0.029239766081871347,0.06944444444444445,0.018518518518518517,108.0,0.0,0.0,0.0,0.0,0.0,0.0,0.0,24.0,0.10526315789473684,0.25,0.06666666666666667,30.0,0.0,0.0,0.0,37.0,0.0,0.0,0.0,17.0
p_963,0.013333333333333332,0.05,0.007692307692307693,0.03209876543209877,0.12037037037037036,0.018518518518518517,108.0,0.0,0.0,0.0,0.0,0.06666666666666667,0.25,0.038461538461538464,52.0,0.0,0.0,0.0,21.0,0.0,0.0,0.0,21.0,0.0,0.0,0.0,14.0
p_964,0.015384615384615385,0.02857142857142857,0.010526315789473684,0.013532763532763534,0.02513227513227513,0.009259259259259259,108.0,0.0,0.0,0.0,0.0,0.0,0.0,0.0,43.0,0.0,0.0,0.0,21.0,0.0,0.0,0.0,25.0,0.07692307692307693,0.14285714285714285,0.05263157894736842,19.0
p_965,0.058823529411764705,0.14285714285714285,0.037037037037037035,0.07352941176470588,0.17857142857142858,0.046296296296296294,108.0,0.0,0.0,0.0,0.0,0.0,0.0,0.0,63.0,0.29411764705882354,0.7142857142857143,0.18518518518518517,27.0,0.0,0.0,0.0,13.0,0.0,0.0,0.0,5.0
p_966,0.0,0.0,0.0,0.0,0.0,0.0,108.0,0.0,0.0,0.0,0.0,0.0,0.0,0.0,40.0,0.0,0.0,0.0,20.0,0.0,0.0,0.0,20.0,0.0,0.0,0.0,28.0
p_967,0.07272727272727272,0.08888888888888888,0.06153846153846154,0.04377104377104377,0.053497942386831275,0.037037037037037035,108.0,0.0,0.0,0.0,0.0,0.0,0.0,0.0,33.0,0.0,0.0,0.0,35.0,0.0,0.0,0.0,27.0,0.36363636363636365,0.4444444444444444,0.3076923076923077,13.0
p_968,0.05405405405405406,0.14285714285714285,0.03333333333333333,0.07507507507507508,0.19841269841269843,0.046296296296296294,108.0,0.0,0.0,0.0,0.0,0.2702702702702703,0.7142857142857143,0.16666666666666666,30.0,0.0,0.0,0.0,24.0,0.0,0.0,0.0,29.0,0.0,0.0,0.0,25.0
p_969,0.011764705882352941,0.02857142857142857,0.007407407407407407,0.014705882352941176,0.03571428571428571,0.009259259259259259,108.0,0.0,0.0,0.0,0.0,0.0,0.0,0.0,47.0,0.058823529411764705,0.14285714285714285,0.037037037037037035,27.0,0.0,0.0,0.0,24.0,0.0,0.0,0.0,10.0
p_970,0.04285714285714286,0.075,0.03,0.03968253968253968,0.06944444444444445,0.027777777777777776,108.0,0.0,0.0,0.0,0.0,0.0,0.0,0.0,55.0,0.0,0.0,0.0,16.0,0.21428571428571427,0.375,0.15,20.0,0.0,0.0,0.0,17.0
p_971,0.017391304347826087,0.05714285714285714,0.010256410256410256,0.03140096618357488,0.10317460317460317,0.018518518518518517,108.0,0.0,0.0,0.0,0.0,0.0,0.0,0.0,30.0,0.08695652173913043,0.2857142857142857,0.05128205128205128,39.0,0.0,0.0,0.0,21.0,0.0,0.0,0.0,18.0
p_972,0.018604651162790697,0.05714285714285714,0.01111111111111111,0.031007751937984492,0.09523809523809523,0.018518518518518517,108.0,0.0,0.0,0.0,0.0,0.0,0.0,0.0,31.0,0.0,0.0,0.0,30.0,0.09302325581395349,0.2857142857142857,0.05555555555555555,36.0,0.0,0.0,0.0,11.0
p_973,0.02222222222222222,0.025,0.02,0.0102880658436214,0.011574074074074073,0.009259259259259259,108.0,0.0,0.0,0.0,0.0,0.0,0.0,0.0,26.0,0.0,0.0,0.0,29.0,0.0,0.0,0.0,43.0,0.1111111111111111,0.125,0.1,10.0
p_974,0.03636363636363636,0.08888888888888888,0.022857142857142857,0.058922558922558925,0.1440329218106996,0.037037037037037035,108.0,0.0,0.0,0.0,0.0,0.18181818181818182,0.4444444444444444,0.11428571428571428,35.0,0.0,0.0,0.0,14.0,0.0,0.0,0.0,28.0,0.0,0.0,0.0,31.0
p_975,0.0,0.0,0.0,0.0,0.0,0.0,108.0,0.0,0.0,0.0,0.0,0.0,0.0,0.0,52.0,0.0,0.0,0.0,25.0,0.0,0.0,0.0,20.0,0.0,0.0,0.0,11.0
p_976,0.018604651162790697,0.05714285714285714,0.01111111111111111,0.031007751937984492,0.09523809523809523,0.018518518518518517,108.0,0.0,0.0,0.0,0.0,0.09302325581395349,0.2857142857142857,0.05555555555555555,36.0,0.0,0.0,0.0,27.0,0.0,0.0,0.0,18.0,0.0,0.0,0.0,27.0
p_977,0.022857142857142857,0.05,0.014814814814814814,0.028571428571428567,0.0625,0.018518518518518517,108.0,0.0,0.0,0.0,0.0,0.0,0.0,0.0,45.0,0.0,0.0,0.0,25.0,0.11428571428571428,0.25,0.07407407407407407,27.0,0.0,0.0,0.0,11.0
p_978,0.022857142857142857,0.05714285714285714,0.014285714285714285,0.029629629629629627,0.07407407407407407,0.018518518518518517,108.0,0.0,0.0,0.0,0.0,0.0,0.0,0.0,49.0,0.0,0.0,0.0,22.0,0.11428571428571428,0.2857142857142857,0.07142857142857142,28.0,0.0,0.0,0.0,9.0
p_979,0.024,0.06666666666666667,0.014634146341463414,0.04555555555555556,0.12654320987654322,0.027777777777777776,108.0,0.0,0.0,0.0,0.0,0.12,0.3333333333333333,0.07317073170731707,41.0,0.0,0.0,0.0,20.0,0.0,0.0,0.0,31.0,0.0,0.0,0.0,16.0
p_980,0.05128205128205128,0.125,0.03225806451612903,0.07359924026590693,0.17939814814814814,0.046296296296296294,108.0,0.0,0.0,0.0,0.0,0.2564102564102564,0.625,0.16129032258064516,31.0,0.0,0.0,0.0,17.0,0.0,0.0,0.0,40.0,0.0,0.0,0.0,20.0
p_981,0.05,0.14285714285714285,0.030303030303030304,0.0763888888888889,0.21825396825396826,0.046296296296296294,108.0,0.0,0.0,0.0,0.0,0.25,0.7142857142857143,0.15151515151515152,33.0,0.0,0.0,0.0,19.0,0.0,0.0,0.0,40.0,0.0,0.0,0.0,16.0
p_982,0.015384615384615385,0.02857142857142857,0.010526315789473684,0.013532763532763534,0.02513227513227513,0.009259259259259259,108.0,0.0,0.0,0.0,0.0,0.0,0.0,0.0,46.0,0.0,0.0,0.0,31.0,0.07692307692307693,0.14285714285714285,0.05263157894736842,19.0,0.0,0.0,0.0,12.0
p_983,0.027586206896551724,0.05714285714285714,0.01818181818181818,0.0280970625798212,0.0582010582010582,0.018518518518518517,108.0,0.0,0.0,0.0,0.0,0.0,0.0,0.0,37.0,0.13793103448275862,0.2857142857142857,0.09090909090909091,22.0,0.0,0.0,0.0,26.0,0.0,0.0,0.0,23.0
p_984,0.014285714285714285,0.05,0.008333333333333333,0.031746031746031744,0.1111111111111111,0.018518518518518517,108.0,0.0,0.0,0.0,0.0,0.0,0.0,0.0,28.0,0.07142857142857142,0.25,0.041666666666666664,48.0,0.0,0.0,0.0,23.0,0.0,0.0,0.0,9.0
p_985,0.03428571428571429,0.06666666666666667,0.023076923076923078,0.04126984126984127,0.08024691358024691,0.027777777777777776,108.0,0.0,0.0,0.0,0.0,0.0,0.0,0.0,30.0,0.17142857142857143,0.3333333333333333,0.11538461538461539,26.0,0.0,0.0,0.0,24.0,0.0,0.0,0.0,28.0
p_986,0.009302325581395349,0.025,0.005714285714285714,0.015073212747631352,0.04050925925925926,0.009259259259259259,108.0,0.0,0.0,0.0,0.0,0.046511627906976744,0.125,0.02857142857142857,35.0,0.0,0.0,0.0,39.0,0.0,0.0,0.0,22.0,0.0,0.0,0.0,12.0
p_987,0.04,0.075,0.02727272727272727,0.040740740740740744,0.0763888888888889,0.027777777777777776,108.0,0.0,0.0,0.0,0.0,0.2,0.375,0.13636363636363635,22.0,0.0,0.0,0.0,39.0,0.0,0.0,0.0,25.0,0.0,0.0,0.0,22.0
p_988,0.026666666666666665,0.08888888888888888,0.01568627450980392,0.06296296296296296,0.20987654320987653,0.037037037037037035,108.0,0.0,0.0,0.0,0.0,0.13333333333333333,0.4444444444444444,0.0784313725490196,51.0,0.0,0.0,0.0,26.0,0.0,0.0,0.0,21.0,0.0,0.0,0.0,10.0
p_989,0.010526315789473684,0.02857142857142857,0.0064516129032258064,0.015107212475633527,0.041005291005290996,0.009259259259259259,108.0,0.0,0.0,0.0,0.0,0.0,0.0,0.0,19.0,0.0,0.0,0.0,46.0,0.05263157894736842,0.14285714285714285,0.03225806451612903,31.0,0.0,0.0,0.0,12.0
p_990,0.013793103448275862,0.02857142857142857,0.00909090909090909,0.0140485312899106,0.0291005291005291,0.009259259259259259,108.0,0.0,0.0,0.0,0.0,0.0,0.0,0.0,39.0,0.06896551724137931,0.14285714285714285,0.045454545454545456,22.0,0.0,0.0,0.0,35.0,0.0,0.0,0.0,12.0
p_991,0.0,0.0,0.0,0.0,0.0,0.0,108.0,0.0,0.0,0.0,0.0,0.0,0.0,0.0,22.0,0.0,0.0,0.0,40.0,0.0,0.0,0.0,27.0,0.0,0.0,0.0,19.0
p_992,0.045454545454545456,0.125,0.02777777777777778,0.07575757575757576,0.20833333333333334,0.046296296296296294,108.0,0.0,0.0,0.0,0.0,0.0,0.0,0.0,27.0,0.0,0.0,0.0,31.0,0.22727272727272727,0.625,0.1388888888888889,36.0,0.0,0.0,0.0,14.0
p_993,0.017391304347826087,0.02857142857142857,0.0125,0.01288244766505636,0.021164021164021163,0.009259259259259259,108.0,0.0,0.0,0.0,0.0,0.0,0.0,0.0,51.0,0.08695652173913043,0.14285714285714285,0.0625,16.0,0.0,0.0,0.0,12.0,0.0,0.0,0.0,29.0
p_994,0.0,0.0,0.0,0.0,0.0,0.0,108.0,0.0,0.0,0.0,0.0,0.0,0.0,0.0,30.0,0.0,0.0,0.0,42.0,0.0,0.0,0.0,17.0,0.0,0.0,0.0,19.0
p_995,0.008695652173913044,0.02857142857142857,0.005128205128205128,0.01570048309178744,0.051587301587301584,0.009259259259259259,108.0,0.0,0.0,0.0,0.0,0.043478260869565216,0.14285714285714285,0.02564102564102564,39.0,0.0,0.0,0.0,6.0,0.0,0.0,0.0,46.0,0.0,0.0,0.0,17.0
p_996,0.01818181818181818,0.05,0.01111111111111111,0.030303030303030304,0.08333333333333333,0.018518518518518517,108.0,0.0,0.0,0.0,0.0,0.09090909090909091,0.25,0.05555555555555555,36.0,0.0,0.0,0.0,35.0,0.0,0.0,0.0,28.0,0.0,0.0,0.0,9.0
p_997,0.0,0.0,0.0,0.0,0.0,0.0,108.0,0.0,0.0,0.0,0.0,0.0,0.0,0.0,40.0,0.0,0.0,0.0,11.0,0.0,0.0,0.0,45.0,0.0,0.0,0.0,12.0
p_998,0.01818181818181818,0.02857142857142857,0.013333333333333332,0.012626262626262628,0.01984126984126984,0.009259259259259259,108.0,0.0,0.0,0.0,0.0,0.0,0.0,0.0,32.0,0.0,0.0,0.0,37.0,0.09090909090909091,0.14285714285714285,0.06666666666666667,15.0,0.0,0.0,0.0,24.0
p_999,0.008,0.02857142857142857,0.004651162790697674,0.015925925925925927,0.056878306878306875,0.009259259259259259,108.0,0.0,0.0,0.0,0.0,0.04,0.14285714285714285,0.023255813953488372,43.0,0.0,0.0,0.0,20.0,0.0,0.0,0.0,35.0,0.0,0.0,0.0,10.0
p_1000,0.05,0.11111111111111112,0.03225806451612903,0.07175925925925926,0.15946502057613168,0.046296296296296294,108.0,0.0,0.0,0.0,0.0,0.25,0.5555555555555556,0.16129032258064516,31.0,0.0,0.0,0.0,36.0,0.0,0.0,0.0,20.0,0.0,0.0,0.0,21.0
p_1001,0.026666666666666665,0.1,0.015384615384615385,0.06419753086419754,0.24074074074074073,0.037037037037037035,108.0,0.0,0.0,0.0,0.0,0.13333333333333333,0.5,0.07692307692307693,52.0,0.0,0.0,0.0,23.0,0.0,0.0,0.0,27.0,0.0,0.0,0.0,6.0
p_1002,0.0,0.0,0.0,0.0,0.0,0.0,108.0,0.0,0.0,0.0,0.0,0.0,0.0,0.0,20.0,0.0,0.0,0.0,20.0,0.0,0.0,0.0,38.0,0.0,0.0,0.0,30.0
p_1003,0.02222222222222222,0.05714285714285714,0.013793103448275862,0.029835390946502054,0.07671957671957672,0.018518518518518517,108.0,0.0,0.0,0.0,0.0,0.1111111111111111,0.2857142857142857,0.06896551724137931,29.0,0.0,0.0,0.0,30.0,0.0,0.0,0.0,32.0,0.0,0.0,0.0,17.0
p_1004,0.0,0.0,0.0,0.0,0.0,0.0,108.0,0.0,0.0,0.0,0.0,0.0,0.0,0.0,23.0,0.0,0.0,0.0,28.0,0.0,0.0,0.0,27.0,0.0,0.0,0.0,30.0
p_1005,0.048,0.075,0.03529411764705882,0.03777777777777778,0.059027777777777776,0.027777777777777776,108.0,0.0,0.0,0.0,0.0,0.0,0.0,0.0,24.0,0.0,0.0,0.0,34.0,0.0,0.0,0.0,33.0,0.24,0.375,0.17647058823529413,17.0
p_1006,0.02222222222222222,0.08571428571428572,0.01276595744680851,0.04835390946502058,0.1865079365079365,0.027777777777777773,108.0,0.0,0.0,0.0,0.0,0.1111111111111111,0.42857142857142855,0.06382978723404255,47.0,0.0,0.0,0.0,17.0,0.0,0.0,0.0,21.0,0.0,0.0,0.0,23.0
p_1007,0.05,0.1,0.03333333333333333,0.05555555555555555,0.1111111111111111,0.037037037037037035,108.0,0.0,0.0,0.0,0.0,0.0,0.0,0.0,55.0,0.0,0.0,0.0,22.0,0.25,0.5,0.16666666666666666,24.0,0.0,0.0,0.0,7.0
p_1008,0.019047619047619046,0.05714285714285714,0.011428571428571429,0.030864197530864196,0.09259259259259259,0.018518518518518517,108.0,0.0,0.0,0.0,0.0,0.09523809523809523,0.2857142857142857,0.05714285714285714,35.0,0.0,0.0,0.0,35.0,0.0,0.0,0.0,24.0,0.0,0.0,0.0,14.0
p_1009,0.06086956521739131,0.2,0.035897435897435895,0.10990338164251208,0.3611111111111111,0.06481481481481481,108.0,0.0,0.0,0.0,0.0,0.30434782608695654,1.0,0.1794871794871795,39.0,0.0,0.0,0.0,27.0,0.0,0.0,0.0,36.0,0.0,0.0,0.0,6.0
p_1010,0.023529411764705882,0.075,0.013953488372093023,0.046840958605664486,0.14930555555555555,0.027777777777777776,108.0,0.0,0.0,0.0,0.0,0.11764705882352941,0.375,0.06976744186046512,43.0,0.0,0.0,0.0,38.0,0.0,0.0,0.0,18.0,0.0,0.0,0.0,9.0
p_1011,0.0,0.0,0.0,0.0,0.0,0.0,108.0,0.0,0.0,0.0,0.0,0.0,0.0,0.0,47.0,0.0,0.0,0.0,26.0,0.0,0.0,0.0,23.0,0.0,0.0,0.0,12.0
p_1012,0.00784313725490196,0.025,0.004651162790697674,0.01561365286855483,0.04976851851851852,0.009259259259259259,108.0,0.0,0.0,0.0,0.0,0.0392156862745098,0.125,0.023255813953488372,43.0,0.0,0.0,0.0,30.0,0.0,0.0,0.0,26.0,0.0,0.0,0.0,9.0
p_1013,0.021052631578947368,0.02857142857142857,0.016666666666666666,0.011695906432748537,0.015873015873015872,0.009259259259259259,108.0,0.0,0.0,0.0,0.0,0.0,0.0,0.0,44.0,0.0,0.0,0.0,16.0,0.0,0.0,0.0,36.0,0.10526315789473684,0.14285714285714285,0.08333333333333333,12.0
p_1014,0.024242424242424242,0.1,0.013793103448275862,0.06509539842873176,0.26851851851851855,0.037037037037037035,108.0,0.0,0.0,0.0,0.0,0.12121212121212122,0.5,0.06896551724137931,58.0,0.0,0.0,0.0,12.0,0.0,0.0,0.0,9.0,0.0,0.0,0.0,29.0
p_1015,0.01935483870967742,0.075,0.01111111111111111,0.04838709677419355,0.1875,0.027777777777777776,108.0,0.0,0.0,0.0,0.0,0.0967741935483871,0.375,0.05555555555555555,54.0,0.0,0.0,0.0,21.0,0.0,0.0,0.0,18.0,0.0,0.0,0.0,15.0
p_1016,0.023529411764705882,0.025,0.02222222222222222,0.00980392156862745,0.010416666666666666,0.009259259259259259,108.0,0.0,0.0,0.0,0.0,0.0,0.0,0.0,49.0,0.0,0.0,0.0,14.0,0.0,0.0,0.0,36.0,0.11764705882352941,0.125,0.1111111111111111,9.0
p_1017,0.04444444444444444,0.11428571428571428,0.027586206896551724,0.05967078189300411,0.15343915343915343,0.037037037037037035,108.0,0.0,0.0,0.0,0.0,0.2222222222222222,0.5714285714285714,0.13793103448275862,29.0,0.0,0.0,0.0,22.0,0.0,0.0,0.0,38.0,0.0,0.0,0.0,19.0
p_1018,0.0,0.0,0.0,0.0,0.0,0.0,108.0,0.0,0.0,0.0,0.0,0.0,0.0,0.0,57.0,0.0,0.0,0.0,23.0,0.0,0.0,0.0,13.0,0.0,0.0,0.0,15.0
p_1019,0.0,0.0,0.0,0.0,0.0,0.0,108.0,0.0,0.0,0.0,0.0,0.0,0.0,0.0,41.0,0.0,0.0,0.0,13.0,0.0,0.0,0.0,40.0,0.0,0.0,0.0,14.0
p_1020,0.047058823529411764,0.11428571428571428,0.029629629629629627,0.058823529411764705,0.14285714285714285,0.037037037037037035,108.0,0.0,0.0,0.0,0.0,0.0,0.0,0.0,36.0,0.0,0.0,0.0,35.0,0.23529411764705882,0.5714285714285714,0.14814814814814814,27.0,0.0,0.0,0.0,10.0
p_1021,0.008,0.025,0.0047619047619047615,0.015555555555555555,0.04861111111111111,0.009259259259259259,108.0,0.0,0.0,0.0,0.0,0.04,0.125,0.023809523809523808,42.0,0.0,0.0,0.0,23.0,0.0,0.0,0.0,34.0,0.0,0.0,0.0,9.0
p_1022,0.02909090909090909,0.1,0.01702127659574468,0.0632996632996633,0.2175925925925926,0.037037037037037035,108.0,0.0,0.0,0.0,0.0,0.14545454545454545,0.5,0.0851063829787234,47.0,0.0,0.0,0.0,4.0,0.0,0.0,0.0,38.0,0.0,0.0,0.0,19.0
p_1023,0.01818181818181818,0.02857142857142857,0.013333333333333332,0.012626262626262628,0.01984126984126984,0.009259259259259259,108.0,0.0,0.0,0.0,0.0,0.0,0.0,0.0,48.0,0.0,0.0,0.0,11.0,0.0,0.0,0.0,34.0,0.09090909090909091,0.14285714285714285,0.06666666666666667,15.0
p_1024,0.00851063829787234,0.025,0.005128205128205128,0.015366430260047281,0.04513888888888889,0.009259259259259259,108.0,0.0,0.0,0.0,0.0,0.0425531914893617,0.125,0.02564102564102564,39.0,0.0,0.0,0.0,10.0,0.0,0.0,0.0,33.0,0.0,0.0,0.0,26.0
p_1025,0.024615384615384615,0.11428571428571428,0.013793103448275862,0.0660968660968661,0.30687830687830686,0.037037037037037035,108.0,0.0,0.0,0.0,0.0,0.12307692307692308,0.5714285714285714,0.06896551724137931,58.0,0.0,0.0,0.0,4.0,0.0,0.0,0.0,30.0,0.0,0.0,0.0,16.0
p_1026,0.034782608695652174,0.05,0.026666666666666665,0.024154589371980676,0.034722222222222224,0.018518518518518517,108.0,0.0,0.0,0.0,0.0,0.0,0.0,0.0,45.0,0.17391304347826086,0.25,0.13333333333333333,15.0,0.0,0.0,0.0,34.0,0.0,0.0,0.0,14.0
p_1027,0.012903225806451613,0.05714285714285714,0.007272727272727273,0.032855436081242535,0.1455026455026455,0.018518518518518517,108.0,0.0,0.0,0.0,0.0,0.06451612903225806,0.2857142857142857,0.03636363636363636,55.0,0.0,0.0,0.0,22.0,0.0,0.0,0.0,21.0,0.0,0.0,0.0,10.0
p_1028,0.011428571428571429,0.02857142857142857,0.007142857142857143,0.014814814814814814,0.037037037037037035,0.009259259259259259,108.0,0.0,0.0,0.0,0.0,0.0,0.0,0.0,55.0,0.0,0.0,0.0,7.0,0.05714285714285714,0.14285714285714285,0.03571428571428571,28.0,0.0,0.0,0.0,18.0
p_1029,0.0,0.0,0.0,0.0,0.0,0.0,108.0,0.0,0.0,0.0,0.0,0.0,0.0,0.0,35.0,0.0,0.0,0.0,28.0,0.0,0.0,0.0,32.0,0.0,0.0,0.0,13.0
p_1030,0.0,0.0,0.0,0.0,0.0,0.0,108.0,0.0,0.0,0.0,0.0,0.0,0.0,0.0,39.0,0.0,0.0,0.0,15.0,0.0,0.0,0.0,13.0,0.0,0.0,0.0,41.0
p_1031,0.009302325581395349,0.025,0.005714285714285714,0.015073212747631352,0.04050925925925926,0.009259259259259259,108.0,0.0,0.0,0.0,0.0,0.046511627906976744,0.125,0.02857142857142857,35.0,0.0,0.0,0.0,20.0,0.0,0.0,0.0,30.0,0.0,0.0,0.0,23.0
p_1032,0.012903225806451613,0.025,0.008695652173913044,0.013739545997610514,0.02662037037037037,0.009259259259259259,108.0,0.0,0.0,0.0,0.0,0.0,0.0,0.0,21.0,0.06451612903225806,0.125,0.043478260869565216,23.0,0.0,0.0,0.0,27.0,0.0,0.0,0.0,37.0
p_1033,0.013793103448275862,0.02857142857142857,0.00909090909090909,0.0140485312899106,0.0291005291005291,0.009259259259259259,108.0,0.0,0.0,0.0,0.0,0.0,0.0,0.0,57.0,0.06896551724137931,0.14285714285714285,0.045454545454545456,22.0,0.0,0.0,0.0,19.0,0.0,0.0,0.0,10.0
p_1034,0.0,0.0,0.0,0.0,0.0,0.0,108.0,0.0,0.0,0.0,0.0,0.0,0.0,0.0,16.0,0.0,0.0,0.0,10.0,0.0,0.0,0.0,65.0,0.0,0.0,0.0,17.0
p_1035,0.02,0.025,0.016666666666666666,0.011111111111111113,0.013888888888888888,0.009259259259259259,108.0,0.0,0.0,0.0,0.0,0.0,0.0,0.0,55.0,0.0,0.0,0.0,20.0,0.1,0.125,0.08333333333333333,12.0,0.0,0.0,0.0,21.0
p_1036,0.03508771929824561,0.11111111111111112,0.020833333333333336,0.07797270955165692,0.2469135802469136,0.046296296296296294,108.0,0.0,0.0,0.0,0.0,0.17543859649122806,0.5555555555555556,0.10416666666666667,48.0,0.0,0.0,0.0,12.0,0.0,0.0,0.0,22.0,0.0,0.0,0.0,26.0
p_1037,0.015384615384615385,0.02857142857142857,0.010526315789473684,0.013532763532763534,0.02513227513227513,0.009259259259259259,108.0,0.0,0.0,0.0,0.0,0.0,0.0,0.0,45.0,0.0,0.0,0.0,18.0,0.07692307692307693,0.14285714285714285,0.05263157894736842,19.0,0.0,0.0,0.0,26.0
p_1038,0.0,0.0,0.0,0.0,0.0,0.0,108.0,0.0,0.0,0.0,0.0,0.0,0.0,0.0,30.0,0.0,0.0,0.0,10.0,0.0,0.0,0.0,34.0,0.0,0.0,0.0,34.0
p_1039,0.016216216216216217,0.08571428571428572,0.008955223880597014,0.0503003003003003,0.26587301587301587,0.027777777777777776,108.0,0.0,0.0,0.0,0.0,0.08108108108108109,0.42857142857142855,0.04477611940298507,67.0,0.0,0.0,0.0,15.0,0.0,0.0,0.0,20.0,0.0,0.0,0.0,6.0
p_1040,0.020512820512820513,0.05,0.012903225806451613,0.02943969610636277,0.07175925925925926,0.018518518518518517,108.0,0.0,0.0,0.0,0.0,0.0,0.0,0.0,19.0,0.0,0.0,0.0,20.0,0.0,0.0,0.0,38.0,0.10256410256410256,0.25,0.06451612903225806,31.0
p_1041,0.021052631578947368,0.06666666666666667,0.0125,0.04678362573099415,0.14814814814814814,0.027777777777777776,108.0,0.0,0.0,0.0,0.0,0.10526315789473684,0.3333333333333333,0.0625,48.0,0.0,0.0,0.0,15.0,0.0,0.0,0.0,16.0,0.0,0.0,0.0,29.0
p_1042,0.016666666666666666,0.08571428571428572,0.009230769230769232,0.050154320987654315,0.2579365079365079,0.027777777777777776,108.0,0.0,0.0,0.0,0.0,0.08333333333333333,0.42857142857142855,0.046153846153846156,65.0,0.0,0.0,0.0,6.0,0.0,0.0,0.0,13.0,0.0,0.0,0.0,24.0
p_1043,0.025,0.05714285714285714,0.016,0.028935185185185185,0.06613756613756613,0.018518518518518517,108.0,0.0,0.0,0.0,0.0,0.0,0.0,0.0,32.0,0.125,0.2857142857142857,0.08,25.0,0.0,0.0,0.0,19.0,0.0,0.0,0.0,32.0
p_1044,0.013333333333333332,0.05,0.007692307692307693,0.03209876543209877,0.12037037037037036,0.018518518518518517,108.0,0.0,0.0,0.0,0.0,0.06666666666666667,0.25,0.038461538461538464,52.0,0.0,0.0,0.0,17.0,0.0,0.0,0.0,33.0,0.0,0.0,0.0,6.0
p_1045,0.0,0.0,0.0,0.0,0.0,0.0,108.0,0.0,0.0,0.0,0.0,0.0,0.0,0.0,30.0,0.0,0.0,0.0,33.0,0.0,0.0,0.0,33.0,0.0,0.0,0.0,12.0
p_1046,0.012121212121212121,0.025,0.008,0.014029180695847363,0.028935185185185185,0.009259259259259259,108.0,0.0,0.0,0.0,0.0,0.0,0.0,0.0,39.0,0.0,0.0,0.0,26.0,0.06060606060606061,0.125,0.04,25.0,0.0,0.0,0.0,18.0
p_1047,0.021052631578947368,0.05714285714285714,0.012903225806451613,0.030214424951267055,0.08201058201058199,0.018518518518518517,108.0,0.0,0.0,0.0,0.0,0.10526315789473684,0.2857142857142857,0.06451612903225806,31.0,0.0,0.0,0.0,19.0,0.0,0.0,0.0,38.0,0.0,0.0,0.0,20.0
p_1048,0.01568627450980392,0.05714285714285714,0.00909090909090909,0.03195352214960058,0.1164021164021164,0.018518518518518517,108.0,0.0,0.0,0.0,0.0,0.0784313725490196,0.2857142857142857,0.045454545454545456,44.0,0.0,0.0,0.0,21.0,0.0,0.0,0.0,19.0,0.0,0.0,0.0,24.0
p_1049,0.03529411764705882,0.06666666666666667,0.024,0.04084967320261438,0.07716049382716049,0.027777777777777776,108.0,0.0,0.0,0.0,0.0,0.0,0.0,0.0,42.0,0.0,0.0,0.0,22.0,0.17647058823529413,0.3333333333333333,0.12,25.0,0.0,0.0,0.0,19.0
p_1050,0.048,0.15,0.02857142857142857,0.09333333333333334,0.2916666666666667,0.05555555555555555,108.0,0.0,0.0,0.0,0.0,0.0,0.0,0.0,23.0,0.0,0.0,0.0,17.0,0.24,0.75,0.14285714285714285,42.0,0.0,0.0,0.0,26.0
p_1051,0.008888888888888889,0.02857142857142857,0.005263157894736842,0.015637860082304528,0.05026455026455026,0.009259259259259259,108.0,0.0,0.0,0.0,0.0,0.044444444444444446,0.14285714285714285,0.02631578947368421,38.0,0.0,0.0,0.0,31.0,0.0,0.0,0.0,22.0,0.0,0.0,0.0,17.0
p_1052,0.0125,0.025,0.008333333333333333,0.013888888888888888,0.027777777777777776,0.009259259259259259,108.0,0.0,0.0,0.0,0.0,0.0,0.0,0.0,38.0,0.0,0.0,0.0,29.0,0.0625,0.125,0.041666666666666664,24.0,0.0,0.0,0.0,17.0
p_1053,0.00851063829787234,0.025,0.005128205128205128,0.015366430260047281,0.04513888888888889,0.009259259259259259,108.0,0.0,0.0,0.0,0.0,0.0425531914893617,0.125,0.02564102564102564,39.0,0.0,0.0,0.0,30.0,0.0,0.0,0.0,16.0,0.0,0.0,0.0,23.0
p_1054,0.03333333333333333,0.05714285714285714,0.023529411764705882,0.026234567901234566,0.04497354497354497,0.018518518518518517,108.0,0.0,0.0,0.0,0.0,0.0,0.0,0.0,47.0,0.0,0.0,0.0,21.0,0.0,0.0,0.0,23.0,0.16666666666666666,0.2857142857142857,0.11764705882352941,17.0
p_1055,0.00975609756097561,0.025,0.006060606060606061,0.014905149051490516,0.03819444444444445,0.009259259259259259,108.0,0.0,0.0,0.0,0.0,0.0,0.0,0.0,52.0,0.0,0.0,0.0,15.0,0.04878048780487805,0.125,0.030303030303030304,33.0,0.0,0.0,0.0,8.0
p_1056,0.02553191489361702,0.075,0.015384615384615385,0.04609929078014184,0.13541666666666666,0.027777777777777776,108.0,0.0,0.0,0.0,0.0,0.0,0.0,0.0,28.0,0.0,0.0,0.0,26.0,0.1276595744680851,0.375,0.07692307692307693,39.0,0.0,0.0,0.0,15.0
p_1057,0.025,0.02857142857142857,0.02222222222222222,0.010416666666666666,0.011904761904761904,0.009259259259259259,108.0,0.0,0.0,0.0,0.0,0.0,0.0,0.0,33.0,0.0,0.0,0.0,47.0,0.0,0.0,0.0,19.0,0.125,0.14285714285714285,0.1111111111111111,9.0
p_1058,0.07272727272727272,0.13333333333333333,0.05,0.0808080808080808,0.14814814814814814,0.05555555555555555,108.0,0.0,0.0,0.0,0.0,0.0,0.0,0.0,32.0,0.36363636363636365,0.6666666666666666,0.25,24.0,0.0,0.0,0.0,40.0,0.0,0.0,0.0,12.0
p_1059,0.0,0.0,0.0,0.0,0.0,0.0,108.0,0.0,0.0,0.0,0.0,0.0,0.0,0.0,27.0,0.0,0.0,0.0,29.0,0.0,0.0,0.0,28.0,0.0,0.0,0.0,24.0
p_1060,0.0,0.0,0.0,0.0,0.0,0.0,108.0,0.0,0.0,0.0,0.0,0.0,0.0,0.0,48.0,0.0,0.0,0.0,15.0,0.0,0.0,0.0,20.0,0.0,0.0,0.0,25.0
p_1061,0.02222222222222222,0.02857142857142857,0.01818181818181818,0.011316872427983538,0.01455026455026455,0.009259259259259259,108.0,0.0,0.0,0.0,0.0,0.0,0.0,0.0,45.0,0.0,0.0,0.0,18.0,0.0,0.0,0.0,34.0,0.1111111111111111,0.14285714285714285,0.09090909090909091,11.0
p_1062,0.02,0.02857142857142857,0.015384615384615385,0.012037037037037037,0.017195767195767195,0.009259259259259259,108.0,0.0,0.0,0.0,0.0,0.0,0.0,0.0,30.0,0.0,0.0,0.0,22.0,0.0,0.0,0.0,43.0,0.1,0.14285714285714285,0.07692307692307693,13.0
p_1063,0.014545454545454545,0.05,0.00851063829787234,0.03164983164983165,0.1087962962962963,0.018518518518518517,108.0,0.0,0.0,0.0,0.0,0.07272727272727272,0.25,0.0425531914893617,47.0,0.0,0.0,0.0,20.0,0.0,0.0,0.0,24.0,0.0,0.0,0.0,17.0
p_1064,0.012903225806451613,0.02857142857142857,0.008333333333333333,0.014336917562724014,0.031746031746031744,0.009259259259259259,108.0,0.0,0.0,0.0,0.0,0.0,0.0,0.0,28.0,0.06451612903225806,0.14285714285714285,0.041666666666666664,24.0,0.0,0.0,0.0,36.0,0.0,0.0,0.0,20.0
p_1065,0.0,0.0,0.0,0.0,0.0,0.0,108.0,0.0,0.0,0.0,0.0,0.0,0.0,0.0,47.0,0.0,0.0,0.0,34.0,0.0,0.0,0.0,21.0,0.0,0.0,0.0,6.0
p_1066,0.06666666666666667,0.08571428571428572,0.05454545454545454,0.033950617283950615,0.043650793650793655,0.027777777777777776,108.0,0.0,0.0,0.0,0.0,0.0,0.0,0.0,54.0,0.0,0.0,0.0,14.0,0.0,0.0,0.0,29.0,0.3333333333333333,0.42857142857142855,0.2727272727272727,11.0
p_1067,0.00909090909090909,0.02857142857142857,0.005405405405405406,0.015572390572390573,0.04894179894179894,0.009259259259259259,108.0,0.0,0.0,0.0,0.0,0.045454545454545456,0.14285714285714285,0.02702702702702703,37.0,0.0,0.0,0.0,12.0,0.0,0.0,0.0,23.0,0.0,0.0,0.0,36.0
p_1068,0.02608695652173913,0.08571428571428572,0.015384615384615385,0.04710144927536231,0.15476190476190474,0.027777777777777776,108.0,0.0,0.0,0.0,0.0,0.13043478260869565,0.42857142857142855,0.07692307692307693,39.0,0.0,0.0,0.0,26.0,0.0,0.0,0.0,20.0,0.0,0.0,0.0,23.0
p_1069,0.010810810810810811,0.02857142857142857,0.006666666666666666,0.015015015015015017,0.03968253968253968,0.009259259259259259,108.0,0.0,0.0,0.0,0.0,0.0,0.0,0.0,52.0,0.0,0.0,0.0,14.0,0.05405405405405406,0.14285714285714285,0.03333333333333333,30.0,0.0,0.0,0.0,12.0
p_1070,0.04,0.1,0.025,0.05925925925925926,0.14814814814814814,0.037037037037037035,108.0,0.0,0.0,0.0,0.0,0.2,0.5,0.125,32.0,0.0,0.0,0.0,34.0,0.0,0.0,0.0,22.0,0.0,0.0,0.0,20.0
p_1071,0.021351700387430048,0.027000000000000003,0.21333333333333332,0.012260646354490522,0.017453703703703704,0.018518518518518517,108.0,0.019801980198019802,0.01,1.0,1.0,0.0,0.0,0.0,39.0,0.08695652173913043,0.125,0.06666666666666667,15.0,0.0,0.0,0.0,39.0,0.0,0.0,0.0,14.0
p_1072,0.016,0.02222222222222222,0.0125,0.011851851851851851,0.016460905349794237,0.009259259259259259,108.0,0.0,0.0,0.0,0.0,0.0,0.0,0.0,37.0,0.0,0.0,0.0,32.0,0.0,0.0,0.0,23.0,0.08,0.1111111111111111,0.0625,16.0
p_1073,0.007766990291262136,0.0039603960396039604,0.2,0.000719165767709457,0.0003667033370003667,0.018518518518518517,108.0,0.038834951456310676,0.019801980198019802,1.0,2.0,0.0,0.0,0.0,31.0,0.0,0.0,0.0,23.0,0.0,0.0,0.0,36.0,0.0,0.0,0.0,16.0
p_1074,0.034782608695652174,0.05714285714285714,0.025,0.02576489533011272,0.042328042328042326,0.018518518518518517,108.0,0.0,0.0,0.0,0.0,0.0,0.0,0.0,42.0,0.0,0.0,0.0,22.0,0.0,0.0,0.0,28.0,0.17391304347826086,0.2857142857142857,0.125,16.0
p_1075,0.013333333333333332,0.02857142857142857,0.008695652173913044,0.01419753086419753,0.03042328042328042,0.009259259259259259,108.0,0.0,0.0,0.0,0.0,0.0,0.0,0.0,32.0,0.0,0.0,0.0,23.0,0.0,0.0,0.0,30.0,0.06666666666666667,0.14285714285714285,0.043478260869565216,23.0
p_1076,0.03076923076923077,0.05,0.02222222222222222,0.02564102564102564,0.041666666666666664,0.018518518518518517,108.0,0.0,0.0,0.0,0.0,0.0,0.0,0.0,33.0,0.15384615384615385,0.25,0.1111111111111111,18.0,0.0,0.0,0.0,31.0,0.0,0.0,0.0,26.0
p_1077,0.05333333333333333,0.08888888888888888,0.03809523809523809,0.05185185185185185,0.08641975308641975,0.037037037037037035,108.0,0.0,0.0,0.0,0.0,0.0,0.0,0.0,33.0,0.26666666666666666,0.4444444444444444,0.19047619047619047,21.0,0.0,0.0,0.0,39.0,0.0,0.0,0.0,15.0
p_1078,0.012903225806451613,0.02857142857142857,0.008333333333333333,0.014336917562724014,0.031746031746031744,0.009259259259259259,108.0,0.0,0.0,0.0,0.0,0.0,0.0,0.0,17.0,0.06451612903225806,0.14285714285714285,0.041666666666666664,24.0,0.0,0.0,0.0,29.0,0.0,0.0,0.0,38.0
p_1079,0.009302325581395349,0.02857142857142857,0.005555555555555555,0.015503875968992246,0.047619047619047616,0.009259259259259259,108.0,0.0,0.0,0.0,0.0,0.0,0.0,0.0,39.0,0.0,0.0,0.0,19.0,0.046511627906976744,0.14285714285714285,0.027777777777777776,36.0,0.0,0.0,0.0,14.0
p_1080,0.010256410256410256,0.025,0.0064516129032258064,0.014719848053181385,0.03587962962962963,0.009259259259259259,108.0,0.0,0.0,0.0,0.0,0.05128205128205128,0.125,0.03225806451612903,31.0,0.0,0.0,0.0,26.0,0.0,0.0,0.0,26.0,0.0,0.0,0.0,25.0
p_1081,0.041379310344827586,0.08571428571428572,0.02727272727272727,0.0421455938697318,0.08730158730158731,0.027777777777777776,108.0,0.0,0.0,0.0,0.0,0.0,0.0,0.0,27.0,0.0,0.0,0.0,33.0,0.20689655172413793,0.42857142857142855,0.13636363636363635,22.0,0.0,0.0,0.0,26.0
p_1082,0.0,0.0,0.0,0.0,0.0,0.0,108.0,0.0,0.0,0.0,0.0,0.0,0.0,0.0,25.0,0.0,0.0,0.0,34.0,0.0,0.0,0.0,27.0,0.0,0.0,0.0,22.0
p_1083,0.014285714285714285,0.02857142857142857,0.009523809523809523,0.013888888888888888,0.027777777777777776,0.009259259259259259,108.0,0.0,0.0,0.0,0.0,0.0,0.0,0.0,20.0,0.07142857142857142,0.14285714285714285,0.047619047619047616,21.0,0.0,0.0,0.0,46.0,0.0,0.0,0.0,21.0
p_1084,0.020512820512820513,0.04444444444444444,0.013333333333333332,0.028490028490028487,0.06172839506172839,0.018518518518518517,108.0,0.0,0.0,0.0,0.0,0.10256410256410256,0.2222222222222222,0.06666666666666667,30.0,0.0,0.0,0.0,25.0,0.0,0.0,0.0,14.0,0.0,0.0,0.0,39.0
p_1085,0.02,0.05714285714285714,0.012121212121212121,0.030555555555555558,0.08730158730158731,0.018518518518518517,108.0,0.0,0.0,0.0,0.0,0.1,0.2857142857142857,0.06060606060606061,33.0,0.0,0.0,0.0,38.0,0.0,0.0,0.0,22.0,0.0,0.0,0.0,15.0
p_1086,0.015384615384615385,0.02857142857142857,0.010526315789473684,0.013532763532763534,0.02513227513227513,0.009259259259259259,108.0,0.0,0.0,0.0,0.0,0.0,0.0,0.0,45.0,0.07692307692307693,0.14285714285714285,0.05263157894736842,19.0,0.0,0.0,0.0,13.0,0.0,0.0,0.0,31.0
p_1087,0.0375,0.08571428571428572,0.024,0.043402777777777776,0.0992063492063492,0.027777777777777776,108.0,0.0,0.0,0.0,0.0,0.0,0.0,0.0,25.0,0.0,0.0,0.0,27.0,0.1875,0.42857142857142855,0.12,25.0,0.0,0.0,0.0,31.0
p_1088,0.032432432432432434,0.075,0.020689655172413793,0.04354354354354354,0.10069444444444445,0.027777777777777776,108.0,0.0,0.0,0.0,0.0,0.0,0.0,0.0,33.0,0.0,0.0,0.0,12.0,0.16216216216216217,0.375,0.10344827586206896,29.0,0.0,0.0,0.0,34.0
p_1089,0.05161290322580645,0.1,0.034782608695652174,0.054958183990442055,0.10648148148148148,0.037037037037037035,108.0,0.0,0.0,0.0,0.0,0.25806451612903225,0.5,0.17391304347826086,23.0,0.0,0.0,0.0,37.0,0.0,0.0,0.0,18.0,0.0,0.0,0.0,30.0
p_1090,0.0,0.0,0.0,0.0,0.0,0.0,108.0,0.0,0.0,0.0,0.0,0.0,0.0,0.0,43.0,0.0,0.0,0.0,22.0,0.0,0.0,0.0,21.0,0.0,0.0,0.0,22.0
p_1091,0.010810810810810811,0.025,0.006896551724137931,0.014514514514514514,0.03356481481481482,0.009259259259259259,108.0,0.0,0.0,0.0,0.0,0.0,0.0,0.0,21.0,0.0,0.0,0.0,41.0,0.0,0.0,0.0,17.0,0.05405405405405406,0.125,0.034482758620689655,29.0
p_1092,0.0,0.0,0.0,0.0,0.0,0.0,108.0,0.0,0.0,0.0,0.0,0.0,0.0,0.0,30.0,0.0,0.0,0.0,20.0,0.0,0.0,0.0,29.0,0.0,0.0,0.0,29.0
p_1093,0.016666666666666666,0.02857142857142857,0.011764705882352941,0.013117283950617283,0.022486772486772486,0.009259259259259259,108.0,0.0,0.0,0.0,0.0,0.0,0.0,0.0,41.0,0.0,0.0,0.0,35.0,0.08333333333333333,0.14285714285714285,0.058823529411764705,17.0,0.0,0.0,0.0,15.0
p_1094,0.021052631578947368,0.05,0.013333333333333332,0.029239766081871347,0.06944444444444445,0.018518518518518517,108.0,0.0,0.0,0.0,0.0,0.0,0.0,0.0,40.0,0.0,0.0,0.0,25.0,0.10526315789473684,0.25,0.06666666666666667,30.0,0.0,0.0,0.0,13.0
p_1095,0.01818181818181818,0.06666666666666667,0.010526315789473684,0.047979797979797977,0.17592592592592593,0.027777777777777776,108.0,0.0,0.0,0.0,0.0,0.09090909090909091,0.3333333333333333,0.05263157894736842,57.0,0.0,0.0,0.0,22.0,0.0,0.0,0.0,17.0,0.0,0.0,0.0,12.0
p_1096,0.03571428571428571,0.125,0.020833333333333336,0.07936507936507936,0.2777777777777778,0.046296296296296294,108.0,0.0,0.0,0.0,0.0,0.17857142857142858,0.625,0.10416666666666667,48.0,0.0,0.0,0.0,29.0,0.0,0.0,0.0,20.0,0.0,0.0,0.0,11.0
p_1097,0.03636363636363636,0.14285714285714285,0.020833333333333336,0.0808080808080808,0.31746031746031744,0.046296296296296294,108.0,0.0,0.0,0.0,0.0,0.18181818181818182,0.7142857142857143,0.10416666666666667,48.0,0.0,0.0,0.0,25.0,0.0,0.0,0.0,15.0,0.0,0.0,0.0,20.0
p_1098,0.024242424242424242,0.05714285714285714,0.015384615384615385,0.029180695847362513,0.06878306878306878,0.018518518518518517,108.0,0.0,0.0,0.0,0.0,0.12121212121212122,0.2857142857142857,0.07692307692307693,26.0,0.0,0.0,0.0,30.0,0.0,0.0,0.0,27.0,0.0,0.0,0.0,25.0
p_1099,0.0,0.0,0.0,0.0,0.0,0.0,108.0,0.0,0.0,0.0,0.0,0.0,0.0,0.0,29.0,0.0,0.0,0.0,12.0,0.0,0.0,0.0,28.0,0.0,0.0,0.0,39.0
p_1100,0.0,0.0,0.0,0.0,0.0,0.0,108.0,0.0,0.0,0.0,0.0,0.0,0.0,0.0,32.0,0.0,0.0,0.0,17.0,0.0,0.0,0.0,27.0,0.0,0.0,0.0,32.0
p_1101,0.05,0.08571428571428572,0.03529411764705882,0.03935185185185185,0.06746031746031746,0.027777777777777776,108.0,0.0,0.0,0.0,0.0,0.0,0.0,0.0,39.0,0.0,0.0,0.0,24.0,0.25,0.42857142857142855,0.17647058823529413,17.0,0.0,0.0,0.0,28.0
p_1102,0.022857142857142857,0.05714285714285714,0.014285714285714285,0.029629629629629627,0.07407407407407407,0.018518518518518517,108.0,0.0,0.0,0.0,0.0,0.11428571428571428,0.2857142857142857,0.07142857142857142,28.0,0.0,0.0,0.0,45.0,0.0,0.0,0.0,19.0,0.0,0.0,0.0,16.0
p_1103,0.03076923076923077,0.05714285714285714,0.021052631578947368,0.02706552706552707,0.05026455026455026,0.018518518518518517,108.0,0.0,0.0,0.0,0.0,0.0,0.0,0.0,32.0,0.0,0.0,0.0,39.0,0.0,0.0,0.0,18.0,0.15384615384615385,0.2857142857142857,0.10526315789473684,19.0
p_1104,0.00392156862745098,0.0019801980198019802,0.2,0.00018155410312273057,9.167583425009168e-05,0.009259259259259259,108.0,0.0196078431372549,0.009900990099009901,1.0,1.0,0.0,0.0,0.0,28.0,0.0,0.0,0.0,39.0,0.0,0.0,0.0,23.0,0.0,0.0,0.0,17.0
p_1105,0.0,0.0,0.0,0.0,0.0,0.0,108.0,0.0,0.0,0.0,0.0,0.0,0.0,0.0,29.0,0.0,0.0,0.0,30.0,0.0,0.0,0.0,26.0,0.0,0.0,0.0,23.0
p_1106,0.023076923076923078,0.08571428571428572,0.013333333333333332,0.04807692307692308,0.17857142857142858,0.027777777777777776,108.0,0.0,0.0,0.0,0.0,0.0,0.0,0.0,32.0,0.0,0.0,0.0,19.0,0.11538461538461539,0.42857142857142855,0.06666666666666667,45.0,0.0,0.0,0.0,12.0
p_1107,0.0,0.0,0.0,0.0,0.0,0.0,108.0,0.0,0.0,0.0,0.0,0.0,0.0,0.0,49.0,0.0,0.0,0.0,16.0,0.0,0.0,0.0,25.0,0.0,0.0,0.0,18.0
p_1108,0.0,0.0,0.0,0.0,0.0,0.0,108.0,0.0,0.0,0.0,0.0,0.0,0.0,0.0,35.0,0.0,0.0,0.0,8.0,0.0,0.0,0.0,37.0,0.0,0.0,0.0,28.0
p_1109,0.02857142857142857,0.05,0.02,0.02645502645502645,0.046296296296296294,0.018518518518518517,108.0,0.0,0.0,0.0,0.0,0.0,0.0,0.0,46.0,0.14285714285714285,0.25,0.1,20.0,0.0,0.0,0.0,11.0,0.0,0.0,0.0,31.0
p_1110,0.0,0.0,0.0,0.0,0.0,0.0,108.0,0.0,0.0,0.0,0.0,0.0,0.0,0.0,39.0,0.0,0.0,0.0,22.0,0.0,0.0,0.0,31.0,0.0,0.0,0.0,16.0
p_1111,0.024242424242424242,0.05,0.016,0.028058361391694726,0.05787037037037037,0.018518518518518517,108.0,0.0,0.0,0.0,0.0,0.0,0.0,0.0,65.0,0.0,0.0,0.0,11.0,0.12121212121212122,0.25,0.08,25.0,0.0,0.0,0.0,7.0
p_1112,0.0,0.0,0.0,0.0,0.0,0.0,108.0,0.0,0.0,0.0,0.0,0.0,0.0,0.0,61.0,0.0,0.0,0.0,18.0,0.0,0.0,0.0,19.0,0.0,0.0,0.0,10.0
p_1113,0.010526315789473684,0.025,0.006666666666666666,0.014619883040935673,0.034722222222222224,0.009259259259259259,108.0,0.0,0.0,0.0,0.0,0.0,0.0,0.0,28.0,0.0,0.0,0.0,34.0,0.05263157894736842,0.125,0.03333333333333333,30.0,0.0,0.0,0.0,16.0
p_1114,0.0,0.0,0.0,0.0,0.0,0.0,108.0,0.0,0.0,0.0,0.0,0.0,0.0,0.0,49.0,0.0,0.0,0.0,10.0,0.0,0.0,0.0,44.0,0.0,0.0,0.0,5.0
p_1115,0.05714285714285714,0.075,0.046153846153846156,0.03439153439153439,0.04513888888888889,0.027777777777777776,108.0,0.0,0.0,0.0,0.0,0.0,0.0,0.0,34.0,0.0,0.0,0.0,32.0,0.0,0.0,0.0,29.0,0.2857142857142857,0.375,0.23076923076923078,13.0
p_1116,0.015384615384615385,0.05714285714285714,0.008888888888888889,0.032051282051282055,0.11904761904761904,0.018518518518518517,108.0,0.0,0.0,0.0,0.0,0.0,0.0,0.0,37.0,0.0,0.0,0.0,15.0,0.07692307692307693,0.2857142857142857,0.044444444444444446,45.0,0.0,0.0,0.0,11.0
p_1117,0.05,0.08571428571428572,0.03529411764705882,0.03935185185185185,0.06746031746031746,0.027777777777777776,108.0,0.0,0.0,0.0,0.0,0.0,0.0,0.0,50.0,0.0,0.0,0.0,16.0,0.0,0.0,0.0,25.0,0.25,0.42857142857142855,0.17647058823529413,17.0
p_1118,0.0,0.0,0.0,0.0,0.0,0.0,108.0,0.0,0.0,0.0,0.0,0.0,0.0,0.0,42.0,0.0,0.0,0.0,14.0,0.0,0.0,0.0,30.0,0.0,0.0,0.0,22.0
p_1119,0.03902439024390244,0.11428571428571428,0.023529411764705882,0.06142728093947607,0.17989417989417988,0.037037037037037035,108.0,0.0,0.0,0.0,0.0,0.0,0.0,0.0,50.0,0.1951219512195122,0.5714285714285714,0.11764705882352941,34.0,0.0,0.0,0.0,12.0,0.0,0.0,0.0,12.0
p_1120,0.026666666666666665,0.08571428571428572,0.015789473684210527,0.046913580246913576,0.15079365079365079,0.027777777777777776,108.0,0.0,0.0,0.0,0.0,0.0,0.0,0.0,40.0,0.0,0.0,0.0,19.0,0.13333333333333333,0.42857142857142855,0.07894736842105263,38.0,0.0,0.0,0.0,11.0
p_1121,0.00784313725490196,0.025,0.004651162790697674,0.01561365286855483,0.04976851851851852,0.009259259259259259,108.0,0.0,0.0,0.0,0.0,0.0392156862745098,0.125,0.023255813953488372,43.0,0.0,0.0,0.0,12.0,0.0,0.0,0.0,38.0,0.0,0.0,0.0,15.0
p_1122,0.016,0.025,0.011764705882352941,0.012592592592592593,0.019675925925925927,0.009259259259259259,108.0,0.0,0.0,0.0,0.0,0.0,0.0,0.0,45.0,0.08,0.125,0.058823529411764705,17.0,0.0,0.0,0.0,38.0,0.0,0.0,0.0,8.0
p_1123,0.08888888888888888,0.13333333333333333,0.06666666666666667,0.07407407407407407,0.1111111111111111,0.05555555555555555,108.0,0.0,0.0,0.0,0.0,0.0,0.0,0.0,44.0,0.0,0.0,0.0,16.0,0.0,0.0,0.0,30.0,0.4444444444444444,0.6666666666666666,0.3333333333333333,18.0
p_1124,0.011428571428571429,0.05714285714285714,0.006349206349206349,0.03333333333333333,0.16666666666666666,0.018518518518518517,108.0,0.0,0.0,0.0,0.0,0.05714285714285714,0.2857142857142857,0.031746031746031744,63.0,0.0,0.0,0.0,22.0,0.0,0.0,0.0,12.0,0.0,0.0,0.0,11.0
p_1125,0.05333333333333333,0.11428571428571428,0.034782608695652174,0.05679012345679012,0.12169312169312169,0.037037037037037035,108.0,0.0,0.0,0.0,0.0,0.0,0.0,0.0,39.0,0.0,0.0,0.0,12.0,0.0,0.0,0.0,34.0,0.26666666666666666,0.5714285714285714,0.17391304347826086,23.0
p_1126,0.026666666666666665,0.075,0.016216216216216217,0.04567901234567901,0.1284722222222222,0.027777777777777776,108.0,0.0,0.0,0.0,0.0,0.13333333333333333,0.375,0.08108108108108109,37.0,0.0,0.0,0.0,21.0,0.0,0.0,0.0,19.0,0.0,0.0,0.0,31.0
p_1127,0.0,0.0,0.0,0.0,0.0,0.0,108.0,0.0,0.0,0.0,0.0,0.0,0.0,0.0,40.0,0.0,0.0,0.0,20.0,0.0,0.0,0.0,27.0,0.0,0.0,0.0,21.0
p_1128,0.03809523809523809,0.05714285714285714,0.02857142857142857,0.024691358024691357,0.037037037037037035,0.018518518518518517,108.0,0.0,0.0,0.0,0.0,0.0,0.0,0.0,33.0,0.19047619047619047,0.2857142857142857,0.14285714285714285,14.0,0.0,0.0,0.0,40.0,0.0,0.0,0.0,21.0
p_1129,0.022857142857142857,0.05,0.014814814814814814,0.028571428571428567,0.0625,0.018518518518518517,108.0,0.0,0.0,0.0,0.0,0.0,0.0,0.0,43.0,0.0,0.0,0.0,14.0,0.0,0.0,0.0,24.0,0.11428571428571428,0.25,0.07407407407407407,27.0
p_1130,0.05454545454545454,0.08571428571428572,0.04,0.03787878787878788,0.05952380952380952,0.027777777777777776,108.0,0.0,0.0,0.0,0.0,0.2727272727272727,0.42857142857142855,0.2,15.0,0.0,0.0,0.0,20.0,0.0,0.0,0.0,27.0,0.0,0.0,0.0,46.0
p_1131,0.016326530612244896,0.04444444444444444,0.01,0.03023431594860166,0.0823045267489712,0.018518518518518517,108.0,0.0,0.0,0.0,0.0,0.08163265306122448,0.2222222222222222,0.05,40.0,0.0,0.0,0.0,13.0,0.0,0.0,0.0,26.0,0.0,0.0,0.0,29.0
p_1132,0.022857142857142857,0.05714285714285714,0.014285714285714285,0.029629629629629627,0.07407407407407407,0.018518518518518517,108.0,0.0,0.0,0.0,0.0,0.0,0.0,0.0,38.0,0.0,0.0,0.0,29.0,0.0,0.0,0.0,13.0,0.11428571428571428,0.2857142857142857,0.07142857142857142,28.0
p_1133,0.024242424242424242,0.05714285714285714,0.015384615384615385,0.029180695847362513,0.06878306878306878,0.018518518518518517,108.0,0.0,0.0,0.0,0.0,0.0,0.0,0.0,29.0,0.0,0.0,0.0,13.0,0.0,0.0,0.0,40.0,0.12121212121212122,0.2857142857142857,0.07692307692307693,26.0
p_1134,0.014285714285714285,0.02857142857142857,0.009523809523809523,0.013888888888888888,0.027777777777777776,0.009259259259259259,108.0,0.0,0.0,0.0,0.0,0.0,0.0,0.0,41.0,0.0,0.0,0.0,31.0,0.0,0.0,0.0,15.0,0.07142857142857142,0.14285714285714285,0.047619047619047616,21.0
p_1135,0.025,0.08571428571428572,0.014634146341463414,0.047453703703703706,0.16269841269841268,0.027777777777777776,108.0,0.0,0.0,0.0,0.0,0.125,0.42857142857142855,0.07317073170731707,41.0,0.0,0.0,0.0,5.0,0.0,0.0,0.0,29.0,0.0,0.0,0.0,33.0
p_1136,0.02222222222222222,0.05714285714285714,0.013793103448275862,0.029835390946502054,0.07671957671957672,0.018518518518518517,108.0,0.0,0.0,0.0,0.0,0.1111111111111111,0.2857142857142857,0.06896551724137931,29.0,0.0,0.0,0.0,51.0,0.0,0.0,0.0,17.0,0.0,0.0,0.0,11.0
p_1137,0.0,0.0,0.0,0.0,0.0,0.0,108.0,0.0,0.0,0.0,0.0,0.0,0.0,0.0,24.0,0.0,0.0,0.0,31.0,0.0,0.0,0.0,29.0,0.0,0.0,0.0,24.0
p_1138,0.012903225806451613,0.02857142857142857,0.008333333333333333,0.014336917562724014,0.031746031746031744,0.009259259259259259,108.0,0.0,0.0,0.0,0.0,0.0,0.0,0.0,47.0,0.06451612903225806,0.14285714285714285,0.041666666666666664,24.0,0.0,0.0,0.0,30.0,0.0,0.0,0.0,7.0
p_1139,0.023880597014925373,0.08888888888888888,0.013793103448275862,0.06412382531785517,0.23868312757201643,0.037037037037037035,108.0,0.0,0.0,0.0,0.0,0.0,0.0,0.0,20.0,0.0,0.0,0.0,16.0,0.11940298507462686,0.4444444444444444,0.06896551724137931,58.0,0.0,0.0,0.0,14.0
p_1140,0.021052631578947368,0.02857142857142857,0.016666666666666666,0.011695906432748537,0.015873015873015872,0.009259259259259259,108.0,0.0,0.0,0.0,0.0,0.0,0.0,0.0,41.0,0.10526315789473684,0.14285714285714285,0.08333333333333333,12.0,0.0,0.0,0.0,34.0,0.0,0.0,0.0,21.0
p_1141,0.014285714285714285,0.02857142857142857,0.009523809523809523,0.013888888888888888,0.027777777777777776,0.009259259259259259,108.0,0.0,0.0,0.0,0.0,0.07142857142857142,0.14285714285714285,0.047619047619047616,21.0,0.0,0.0,0.0,40.0,0.0,0.0,0.0,29.0,0.0,0.0,0.0,18.0
p_1142,0.010526315789473684,0.02857142857142857,0.0064516129032258064,0.015107212475633527,0.041005291005290996,0.009259259259259259,108.0,0.0,0.0,0.0,0.0,0.05263157894736842,0.14285714285714285,0.03225806451612903,31.0,0.0,0.0,0.0,20.0,0.0,0.0,0.0,18.0,0.0,0.0,0.0,39.0
p_1143,0.0,0.0,0.0,0.0,0.0,0.0,108.0,0.0,0.0,0.0,0.0,0.0,0.0,0.0,31.0,0.0,0.0,0.0,25.0,0.0,0.0,0.0,37.0,0.0,0.0,0.0,15.0
p_1144,0.05,0.1,0.03333333333333333,0.05555555555555555,0.1111111111111111,0.037037037037037035,108.0,0.0,0.0,0.0,0.0,0.25,0.5,0.16666666666666666,24.0,0.0,0.0,0.0,26.0,0.0,0.0,0.0,12.0,0.0,0.0,0.0,46.0
p_1145,0.025806451612903226,0.05714285714285714,0.016666666666666666,0.02867383512544803,0.06349206349206349,0.018518518518518517,108.0,0.0,0.0,0.0,0.0,0.0,0.0,0.0,38.0,0.0,0.0,0.0,14.0,0.12903225806451613,0.2857142857142857,0.08333333333333333,24.0,0.0,0.0,0.0,32.0
p_1146,0.05,0.15555555555555556,0.02978723404255319,0.1087962962962963,0.3384773662551441,0.06481481481481481,108.0,0.0,0.0,0.0,0.0,0.25,0.7777777777777778,0.14893617021276595,47.0,0.0,0.0,0.0,33.0,0.0,0.0,0.0,17.0,0.0,0.0,0.0,11.0
p_1147,0.043243243243243246,0.1,0.027586206896551724,0.058058058058058054,0.13425925925925927,0.037037037037037035,108.0,0.0,0.0,0.0,0.0,0.21621621621621623,0.5,0.13793103448275862,29.0,0.0,0.0,0.0,19.0,0.0,0.0,0.0,29.0,0.0,0.0,0.0,31.0
p_1148,0.013333333333333332,0.05,0.007692307692307693,0.03209876543209877,0.12037037037037036,0.018518518518518517,108.0,0.0,0.0,0.0,0.0,0.06666666666666667,0.25,0.038461538461538464,52.0,0.0,0.0,0.0,11.0,0.0,0.0,0.0,12.0,0.0,0.0,0.0,33.0
p_1149,0.015384615384615385,0.05714285714285714,0.008888888888888889,0.032051282051282055,0.11904761904761904,0.018518518518518517,108.0,0.0,0.0,0.0,0.0,0.07692307692307693,0.2857142857142857,0.044444444444444446,45.0,0.0,0.0,0.0,32.0,0.0,0.0,0.0,13.0,0.0,0.0,0.0,18.0
p_1150,0.01818181818181818,0.05714285714285714,0.010810810810810811,0.031144781144781145,0.09788359788359788,0.018518518518518517,108.0,0.0,0.0,0.0,0.0,0.09090909090909091,0.2857142857142857,0.05405405405405406,37.0,0.0,0.0,0.0,22.0,0.0,0.0,0.0,14.0,0.0,0.0,0.0,35.0
p_1151,0.016,0.025,0.011764705882352941,0.012592592592592593,0.019675925925925927,0.009259259259259259,108.0,0.0,0.0,0.0,0.0,0.0,0.0,0.0,53.0,0.0,0.0,0.0,13.0,0.08,0.125,0.058823529411764705,17.0,0.0,0.0,0.0,25.0
p_1152,0.027586206896551724,0.05714285714285714,0.01818181818181818,0.0280970625798212,0.0582010582010582,0.018518518518518517,108.0,0.0,0.0,0.0,0.0,0.13793103448275862,0.2857142857142857,0.09090909090909091,22.0,0.0,0.0,0.0,18.0,0.0,0.0,0.0,32.0,0.0,0.0,0.0,36.0
p_1153,0.026666666666666665,0.08571428571428572,0.015789473684210527,0.046913580246913576,0.15079365079365079,0.027777777777777776,108.0,0.0,0.0,0.0,0.0,0.0,0.0,0.0,38.0,0.0,0.0,0.0,12.0,0.0,0.0,0.0,20.0,0.13333333333333333,0.42857142857142855,0.07894736842105263,38.0
p_1154,0.03333333333333333,0.075,0.02142857142857143,0.043209876543209874,0.09722222222222222,0.027777777777777776,108.0,0.0,0.0,0.0,0.0,0.16666666666666666,0.375,0.10714285714285714,28.0,0.0,0.0,0.0,17.0,0.0,0.0,0.0,34.0,0.0,0.0,0.0,29.0
p_1155,0.014814814814814814,0.02857142857142857,0.01,0.013717421124828532,0.02645502645502645,0.009259259259259259,108.0,0.0,0.0,0.0,0.0,0.0,0.0,0.0,31.0,0.0,0.0,0.0,41.0,0.07407407407407407,0.14285714285714285,0.05,20.0,0.0,0.0,0.0,16.0
p_1156,0.016666666666666666,0.02857142857142857,0.011764705882352941,0.013117283950617283,0.022486772486772486,0.009259259259259259,108.0,0.0,0.0,0.0,0.0,0.0,0.0,0.0,50.0,0.08333333333333333,0.14285714285714285,0.058823529411764705,17.0,0.0,0.0,0.0,12.0,0.0,0.0,0.0,29.0
p_1157,0.05128205128205128,0.125,0.03225806451612903,0.07359924026590693,0.17939814814814814,0.046296296296296294,108.0,0.0,0.0,0.0,0.0,0.0,0.0,0.0,35.0,0.0,0.0,0.0,21.0,0.0,0.0,0.0,21.0,0.2564102564102564,0.625,0.16129032258064516,31.0
p_1158,0.04,0.1,0.025,0.05925925925925926,0.14814814814814814,0.037037037037037035,108.0,0.0,0.0,0.0,0.0,0.0,0.0,0.0,36.0,0.0,0.0,0.0,22.0,0.0,0.0,0.0,18.0,0.2,0.5,0.125,32.0
p_1159,0.046153846153846156,0.075,0.03333333333333333,0.038461538461538464,0.0625,0.027777777777777776,108.0,0.0,0.0,0.0,0.0,0.23076923076923078,0.375,0.16666666666666666,18.0,0.0,0.0,0.0,23.0,0.0,0.0,0.0,23.0,0.0,0.0,0.0,44.0
p_1160,0.0,0.0,0.0,0.0,0.0,0.0,108.0,0.0,0.0,0.0,0.0,0.0,0.0,0.0,34.0,0.0,0.0,0.0,25.0,0.0,0.0,0.0,12.0,0.0,0.0,0.0,37.0
p_1161,0.02,0.025,0.016666666666666666,0.011111111111111113,0.013888888888888888,0.009259259259259259,108.0,0.0,0.0,0.0,0.0,0.0,0.0,0.0,39.0,0.1,0.125,0.08333333333333333,12.0,0.0,0.0,0.0,23.0,0.0,0.0,0.0,34.0
p_1162,0.012903225806451613,0.02857142857142857,0.008333333333333333,0.014336917562724014,0.031746031746031744,0.009259259259259259,108.0,0.0,0.0,0.0,0.0,0.0,0.0,0.0,48.0,0.0,0.0,0.0,23.0,0.0,0.0,0.0,13.0,0.06451612903225806,0.14285714285714285,0.041666666666666664,24.0
p_1163,0.006896551724137931,0.02857142857142857,0.00392156862745098,0.016283524904214558,0.06746031746031746,0.009259259259259259,108.0,0.0,0.0,0.0,0.0,0.034482758620689655,0.14285714285714285,0.0196078431372549,51.0,0.0,0.0,0.0,16.0,0.0,0.0,0.0,23.0,0.0,0.0,0.0,18.0
p_1164,0.022641509433962266,0.075,0.013333333333333332,0.04716981132075472,0.15625,0.027777777777777776,108.0,0.0,0.0,0.0,0.0,0.11320754716981132,0.375,0.06666666666666667,45.0,0.0,0.0,0.0,33.0,0.0,0.0,0.0,18.0,0.0,0.0,0.0,12.0
p_1165,0.0,0.0,0.0,0.0,0.0,0.0,108.0,0.0,0.0,0.0,0.0,0.0,0.0,0.0,39.0,0.0,0.0,0.0,30.0,0.0,0.0,0.0,18.0,0.0,0.0,0.0,21.0
p_1166,0.021621621621621623,0.05,0.013793103448275862,0.029029029029029027,0.06712962962962964,0.018518518518518517,108.0,0.0,0.0,0.0,0.0,0.10810810810810811,0.25,0.06896551724137931,29.0,0.0,0.0,0.0,28.0,0.0,0.0,0.0,35.0,0.0,0.0,0.0,16.0
p_1167,0.020512820512820513,0.05,0.012903225806451613,0.02943969610636277,0.07175925925925926,0.018518518518518517,108.0,0.0,0.0,0.0,0.0,0.0,0.0,0.0,44.0,0.10256410256410256,0.25,0.06451612903225806,31.0,0.0,0.0,0.0,10.0,0.0,0.0,0.0,23.0
p_1168,0.032786885245901634,0.125,0.01886792452830189,0.08044930176077715,0.30671296296296297,0.046296296296296294,108.0,0.0,0.0,0.0,0.0,0.16393442622950818,0.625,0.09433962264150944,53.0,0.0,0.0,0.0,12.0,0.0,0.0,0.0,12.0,0.0,0.0,0.0,31.0
p_1169,0.024242424242424242,0.05,0.016,0.028058361391694726,0.05787037037037037,0.018518518518518517,108.0,0.0,0.0,0.0,0.0,0.0,0.0,0.0,46.0,0.0,0.0,0.0,26.0,0.12121212121212122,0.25,0.08,25.0,0.0,0.0,0.0,11.0
p_1170,0.03529411764705882,0.06666666666666667,0.024,0.04084967320261438,0.07716049382716049,0.027777777777777776,108.0,0.0,0.0,0.0,0.0,0.17647058823529413,0.3333333333333333,0.12,25.0,0.0,0.0,0.0,8.0,0.0,0.0,0.0,30.0,0.0,0.0,0.0,45.0
p_1171,0.022857142857142857,0.1,0.012903225806451613,0.0656084656084656,0.28703703703703703,0.037037037037037035,108.0,0.0,0.0,0.0,0.0,0.11428571428571428,0.5,0.06451612903225806,62.0,0.0,0.0,0.0,14.0,0.0,0.0,0.0,12.0,0.0,0.0,0.0,20.0
p_1172,0.007692307692307693,0.02857142857142857,0.0044444444444444444,0.016025641025641028,0.05952380952380952,0.009259259259259259,108.0,0.0,0.0,0.0,0.0,0.0,0.0,0.0,24.0,0.0,0.0,0.0,5.0,0.038461538461538464,0.14285714285714285,0.022222222222222223,45.0,0.0,0.0,0.0,34.0
p_1173,0.05517241379310345,0.1,0.03809523809523809,0.05363984674329502,0.09722222222222222,0.037037037037037035,108.0,0.0,0.0,0.0,0.0,0.0,0.0,0.0,51.0,0.0,0.0,0.0,13.0,0.0,0.0,0.0,23.0,0.27586206896551724,0.5,0.19047619047619047,21.0
p_1174,0.012307692307692308,0.05714285714285714,0.006896551724137931,0.03304843304843305,0.15343915343915343,0.018518518518518517,108.0,0.0,0.0,0.0,0.0,0.06153846153846154,0.2857142857142857,0.034482758620689655,58.0,0.0,0.0,0.0,7.0,0.0,0.0,0.0,26.0,0.0,0.0,0.0,17.0
p_1175,0.0,0.0,0.0,0.0,0.0,0.0,108.0,0.0,0.0,0.0,0.0,0.0,0.0,0.0,49.0,0.0,0.0,0.0,28.0,0.0,0.0,0.0,14.0,0.0,0.0,0.0,17.0
p_1176,0.02,0.05,0.0125,0.02962962962962963,0.07407407407407407,0.018518518518518517,108.0,0.0,0.0,0.0,0.0,0.1,0.25,0.0625,32.0,0.0,0.0,0.0,17.0,0.0,0.0,0.0,32.0,0.0,0.0,0.0,27.0
p_1177,0.025316455696202535,0.11111111111111112,0.014285714285714285,0.08204406938584155,0.360082304526749,0.046296296296296294,108.0,0.0,0.0,0.0,0.0,0.12658227848101267,0.5555555555555556,0.07142857142857142,70.0,0.0,0.0,0.0,13.0,0.0,0.0,0.0,11.0,0.0,0.0,0.0,14.0
p_1178,0.019047619047619046,0.02857142857142857,0.014285714285714285,0.012345679012345678,0.018518518518518517,0.009259259259259259,108.0,0.0,0.0,0.0,0.0,0.0,0.0,0.0,47.0,0.0,0.0,0.0,16.0,0.0,0.0,0.0,31.0,0.09523809523809523,0.14285714285714285,0.07142857142857142,14.0
p_1179,0.021052631578947368,0.05714285714285714,0.012903225806451613,0.030214424951267055,0.08201058201058199,0.018518518518518517,108.0,0.0,0.0,0.0,0.0,0.0,0.0,0.0,47.0,0.0,0.0,0.0,11.0,0.0,0.0,0.0,19.0,0.10526315789473684,0.2857142857142857,0.06451612903225806,31.0
p_1180,0.04,0.05,0.03333333333333333,0.022222222222222227,0.027777777777777776,0.018518518518518517,108.0,0.0,0.0,0.0,0.0,0.0,0.0,0.0,47.0,0.2,0.25,0.16666666666666666,12.0,0.0,0.0,0.0,5.0,0.0,0.0,0.0,44.0
p_1181,0.013793103448275862,0.02222222222222222,0.01,0.01277139208173691,0.0205761316872428,0.009259259259259259,108.0,0.0,0.0,0.0,0.0,0.0,0.0,0.0,46.0,0.0,0.0,0.0,25.0,0.0,0.0,0.0,17.0,0.06896551724137931,0.1111111111111111,0.05,20.0
p_1182,0.019047619047619046,0.05714285714285714,0.011428571428571429,0.030864197530864196,0.09259259259259259,0.018518518518518517,108.0,0.0,0.0,0.0,0.0,0.0,0.0,0.0,29.0,0.0,0.0,0.0,18.0,0.0,0.0,0.0,26.0,0.09523809523809523,0.2857142857142857,0.05714285714285714,35.0
p_1183,0.04878048780487805,0.11111111111111112,0.03125,0.07226738934056007,0.1646090534979424,0.046296296296296294,108.0,0.0,0.0,0.0,0.0,0.24390243902439024,0.5555555555555556,0.15625,32.0,0.0,0.0,0.0,18.0,0.0,0.0,0.0,22.0,0.0,0.0,0.0,36.0
p_1184,0.032,0.05714285714285714,0.02222222222222222,0.026666666666666665,0.047619047619047616,0.018518518518518517,108.0,0.0,0.0,0.0,0.0,0.0,0.0,0.0,32.0,0.16,0.2857142857142857,0.1111111111111111,18.0,0.0,0.0,0.0,21.0,0.0,0.0,0.0,37.0
p_1185,0.00975609756097561,0.02222222222222222,0.00625,0.014453477868112016,0.03292181069958847,0.009259259259259259,108.0,0.0,0.0,0.0,0.0,0.0,0.0,0.0,37.0,0.0,0.0,0.0,15.0,0.04878048780487805,0.1111111111111111,0.03125,32.0,0.0,0.0,0.0,24.0
p_1186,0.06153846153846154,0.05,0.08,0.014245014245014245,0.011574074074074073,0.018518518518518517,108.0,0.0,0.0,0.0,0.0,0.0,0.0,0.0,36.0,0.0,0.0,0.0,40.0,0.0,0.0,0.0,27.0,0.3076923076923077,0.25,0.4,5.0
p_1187,0.0,0.0,0.0,0.0,0.0,0.0,108.0,0.0,0.0,0.0,0.0,0.0,0.0,0.0,22.0,0.0,0.0,0.0,29.0,0.0,0.0,0.0,31.0,0.0,0.0,0.0,26.0
p_1188,0.02222222222222222,0.05714285714285714,0.013793103448275862,0.029835390946502054,0.07671957671957672,0.018518518518518517,108.0,0.0,0.0,0.0,0.0,0.0,0.0,0.0,38.0,0.0,0.0,0.0,28.0,0.1111111111111111,0.2857142857142857,0.06896551724137931,29.0,0.0,0.0,0.0,13.0
p_1189,0.038461538461538464,0.125,0.022727272727272728,0.07834757834757834,0.25462962962962965,0.046296296296296294,108.0,0.0,0.0,0.0,0.0,0.19230769230769232,0.625,0.11363636363636363,44.0,0.0,0.0,0.0,10.0,0.0,0.0,0.0,32.0,0.0,0.0,0.0,22.0
p_1190,0.025,0.05,0.016666666666666666,0.027777777777777776,0.05555555555555555,0.018518518518518517,108.0,0.0,0.0,0.0,0.0,0.0,0.0,0.0,47.0,0.0,0.0,0.0,18.0,0.125,0.25,0.08333333333333333,24.0,0.0,0.0,0.0,19.0
p_1191,0.019047619047619046,0.08571428571428572,0.010714285714285714,0.04938271604938271,0.2222222222222222,0.027777777777777776,108.0,0.0,0.0,0.0,0.0,0.09523809523809523,0.42857142857142855,0.05357142857142857,56.0,0.0,0.0,0.0,14.0,0.0,0.0,0.0,24.0,0.0,0.0,0.0,14.0
p_1192,0.008333333333333333,0.02857142857142857,0.004878048780487805,0.015817901234567902,0.05423280423280423,0.009259259259259259,108.0,0.0,0.0,0.0,0.0,0.0,0.0,0.0,19.0,0.0,0.0,0.0,23.0,0.0,0.0,0.0,25.0,0.041666666666666664,0.14285714285714285,0.024390243902439025,41.0
p_1193,0.05,0.15555555555555556,0.02978723404255319,0.1087962962962963,0.3384773662551441,0.06481481481481481,108.0,0.0,0.0,0.0,0.0,0.25,0.7777777777777778,0.14893617021276595,47.0,0.0,0.0,0.0,25.0,0.0,0.0,0.0,13.0,0.0,0.0,0.0,23.0
p_1194,0.025,0.075,0.015,0.046296296296296294,0.1388888888888889,0.027777777777777776,108.0,0.0,0.0,0.0,0.0,0.0,0.0,0.0,25.0,0.0,0.0,0.0,26.0,0.125,0.375,0.075,40.0,0.0,0.0,0.0,17.0
p_1195,0.012903225806451613,0.02857142857142857,0.008333333333333333,0.014336917562724014,0.031746031746031744,0.009259259259259259,108.0,0.0,0.0,0.0,0.0,0.0,0.0,0.0,52.0,0.0,0.0,0.0,17.0,0.0,0.0,0.0,15.0,0.06451612903225806,0.14285714285714285,0.041666666666666664,24.0
p_1196,0.03076923076923077,0.05,0.02222222222222222,0.02564102564102564,0.041666666666666664,0.018518518518518517,108.0,0.0,0.0,0.0,0.0,0.0,0.0,0.0,35.0,0.15384615384615385,0.25,0.1111111111111111,18.0,0.0,0.0,0.0,34.0,0.0,0.0,0.0,21.0
p_1197,0.039344262295081964,0.15,0.022641509433962266,0.0965391621129326,0.3680555555555556,0.05555555555555555,108.0,0.0,0.0,0.0,0.0,0.19672131147540983,0.75,0.11320754716981132,53.0,0.0,0.0,0.0,23.0,0.0,0.0,0.0,12.0,0.0,0.0,0.0,20.0
p_1198,0.00851063829787234,0.02857142857142857,0.005,0.015760441292356184,0.0529100529100529,0.009259259259259259,108.0,0.0,0.0,0.0,0.0,0.0,0.0,0.0,34.0,0.0,0.0,0.0,23.0,0.0,0.0,0.0,11.0,0.0425531914893617,0.14285714285714285,0.025,40.0
p_1199,0.052830188679245285,0.15555555555555556,0.031818181818181815,0.10761705101327743,0.3168724279835391,0.06481481481481481,108.0,0.0,0.0,0.0,0.0,0.2641509433962264,0.7777777777777778,0.1590909090909091,44.0,0.0,0.0,0.0,21.0,0.0,0.0,0.0,26.0,0.0,0.0,0.0,17.0
p_1200,0.011764705882352941,0.02857142857142857,0.007407407407407407,0.014705882352941176,0.03571428571428571,0.009259259259259259,108.0,0.0,0.0,0.0,0.0,0.0,0.0,0.0,23.0,0.058823529411764705,0.14285714285714285,0.037037037037037035,27.0,0.0,0.0,0.0,28.0,0.0,0.0,0.0,30.0
p_1201,0.012903225806451613,0.02857142857142857,0.008333333333333333,0.014336917562724014,0.031746031746031744,0.009259259259259259,108.0,0.0,0.0,0.0,0.0,0.0,0.0,0.0,48.0,0.0,0.0,0.0,18.0,0.0,0.0,0.0,18.0,0.06451612903225806,0.14285714285714285,0.041666666666666664,24.0
p_1202,0.01111111111111111,0.02857142857142857,0.006896551724137931,0.014917695473251027,0.03835978835978836,0.009259259259259259,108.0,0.0,0.0,0.0,0.0,0.05555555555555555,0.14285714285714285,0.034482758620689655,29.0,0.0,0.0,0.0,34.0,0.0,0.0,0.0,39.0,0.0,0.0,0.0,6.0
p_1203,0.012121212121212121,0.02857142857142857,0.007692307692307693,0.014590347923681257,0.03439153439153439,0.009259259259259259,108.0,0.0,0.0,0.0,0.0,0.0,0.0,0.0,33.0,0.06060606060606061,0.14285714285714285,0.038461538461538464,26.0,0.0,0.0,0.0,29.0,0.0,0.0,0.0,20.0
p_1204,0.013793103448275862,0.025,0.009523809523809523,0.013409961685823755,0.024305555555555556,0.009259259259259259,108.0,0.0,0.0,0.0,0.0,0.0,0.0,0.0,40.0,0.0,0.0,0.0,24.0,0.0,0.0,0.0,23.0,0.06896551724137931,0.125,0.047619047619047616,21.0
p_1205,0.03137254901960784,0.1,0.018604651162790697,0.06245461147421932,0.19907407407407407,0.037037037037037035,108.0,0.0,0.0,0.0,0.0,0.1568627450980392,0.5,0.09302325581395349,43.0,0.0,0.0,0.0,20.0,0.0,0.0,0.0,25.0,0.0,0.0,0.0,20.0
p_1206,0.03809523809523809,0.05714285714285714,0.02857142857142857,0.024691358024691357,0.037037037037037035,0.018518518518518517,108.0,0.0,0.0,0.0,0.0,0.0,0.0,0.0,28.0,0.19047619047619047,0.2857142857142857,0.14285714285714285,14.0,0.0,0.0,0.0,33.0,0.0,0.0,0.0,33.0
p_1207,0.013793103448275862,0.025,0.009523809523809523,0.013409961685823755,0.024305555555555556,0.009259259259259259,108.0,0.0,0.0,0.0,0.0,0.06896551724137931,0.125,0.047619047619047616,21.0,0.0,0.0,0.0,32.0,0.0,0.0,0.0,24.0,0.0,0.0,0.0,31.0
p_1208,0.011428571428571429,0.02857142857142857,0.007142857142857143,0.014814814814814814,0.037037037037037035,0.009259259259259259,108.0,0.0,0.0,0.0,0.0,0.0,0.0,0.0,24.0,0.0,0.0,0.0,23.0,0.05714285714285714,0.14285714285714285,0.03571428571428571,28.0,0.0,0.0,0.0,33.0
p_1209,0.03333333333333333,0.06666666666666667,0.02222222222222222,0.041666666666666664,0.08333333333333333,0.027777777777777776,108.0,0.0,0.0,0.0,0.0,0.0,0.0,0.0,11.0,0.0,0.0,0.0,30.0,0.16666666666666666,0.3333333333333333,0.1111111111111111,27.0,0.0,0.0,0.0,40.0
p_1210,0.023529411764705882,0.075,0.013953488372093023,0.046840958605664486,0.14930555555555555,0.027777777777777776,108.0,0.0,0.0,0.0,0.0,0.11764705882352941,0.375,0.06976744186046512,43.0,0.0,0.0,0.0,28.0,0.0,0.0,0.0,21.0,0.0,0.0,0.0,16.0
p_1211,0.011428571428571429,0.02857142857142857,0.007142857142857143,0.014814814814814814,0.037037037037037035,0.009259259259259259,108.0,0.0,0.0,0.0,0.0,0.0,0.0,0.0,28.0,0.0,0.0,0.0,37.0,0.05714285714285714,0.14285714285714285,0.03571428571428571,28.0,0.0,0.0,0.0,15.0
p_1212,0.011428571428571429,0.025,0.007407407407407407,0.014285714285714284,0.03125,0.009259259259259259,108.0,0.0,0.0,0.0,0.0,0.0,0.0,0.0,28.0,0.05714285714285714,0.125,0.037037037037037035,27.0,0.0,0.0,0.0,25.0,0.0,0.0,0.0,28.0
p_1213,0.04,0.1,0.025,0.05925925925925926,0.14814814814814814,0.037037037037037035,108.0,0.0,0.0,0.0,0.0,0.0,0.0,0.0,28.0,0.0,0.0,0.0,34.0,0.2,0.5,0.125,32.0,0.0,0.0,0.0,14.0
p_1214,0.010256410256410256,0.025,0.0064516129032258064,0.014719848053181385,0.03587962962962963,0.009259259259259259,108.0,0.0,0.0,0.0,0.0,0.0,0.0,0.0,22.0,0.0,0.0,0.0,43.0,0.05128205128205128,0.125,0.03225806451612903,31.0,0.0,0.0,0.0,12.0
p_1215,0.015384615384615385,0.025,0.01111111111111111,0.01282051282051282,0.020833333333333332,0.009259259259259259,108.0,0.0,0.0,0.0,0.0,0.07692307692307693,0.125,0.05555555555555555,18.0,0.0,0.0,0.0,20.0,0.0,0.0,0.0,57.0,0.0,0.0,0.0,13.0
p_1216,0.022535211267605635,0.08888888888888888,0.012903225806451613,0.06468440271257173,0.2551440329218107,0.037037037037037035,108.0,0.0,0.0,0.0,0.0,0.11267605633802817,0.4444444444444444,0.06451612903225806,62.0,0.0,0.0,0.0,13.0,0.0,0.0,0.0,26.0,0.0,0.0,0.0,7.0
p_1217,0.019047619047619046,0.025,0.015384615384615385,0.011463844797178132,0.015046296296296295,0.009259259259259259,108.0,0.0,0.0,0.0,0.0,0.0,0.0,0.0,22.0,0.0,0.0,0.0,20.0,0.0,0.0,0.0,53.0,0.09523809523809523,0.125,0.07692307692307693,13.0
p_1218,0.03333333333333333,0.02857142857142857,0.04,0.007716049382716049,0.0066137566137566125,0.009259259259259259,108.0,0.0,0.0,0.0,0.0,0.0,0.0,0.0,60.0,0.0,0.0,0.0,22.0,0.0,0.0,0.0,21.0,0.16666666666666666,0.14285714285714285,0.2,5.0
p_1219,0.032432432432432434,0.075,0.020689655172413793,0.04354354354354354,0.10069444444444445,0.027777777777777776,108.0,0.0,0.0,0.0,0.0,0.16216216216216217,0.375,0.10344827586206896,29.0,0.0,0.0,0.0,20.0,0.0,0.0,0.0,35.0,0.0,0.0,0.0,24.0
p_1220,0.0039603960396039604,0.002,0.2,0.00018335166850018335,9.259259259259259e-05,0.009259259259259259,108.0,0.019801980198019802,0.01,1.0,1.0,0.0,0.0,0.0,47.0,0.0,0.0,0.0,22.0,0.0,0.0,0.0,15.0,0.0,0.0,0.0,23.0
p_1221,0.00851063829787234,0.025,0.005128205128205128,0.015366430260047281,0.04513888888888889,0.009259259259259259,108.0,0.0,0.0,0.0,0.0,0.0,0.0,0.0,25.0,0.0,0.0,0.0,33.0,0.0425531914893617,0.125,0.02564102564102564,39.0,0.0,0.0,0.0,11.0
p_1222,0.02222222222222222,0.08571428571428572,0.01276595744680851,0.04835390946502058,0.1865079365079365,0.027777777777777773,108.0,0.0,0.0,0.0,0.0,0.1111111111111111,0.42857142857142855,0.06382978723404255,47.0,0.0,0.0,0.0,21.0,0.0,0.0,0.0,15.0,0.0,0.0,0.0,25.0
p_1223,0.0,0.0,0.0,0.0,0.0,0.0,108.0,0.0,0.0,0.0,0.0,0.0,0.0,0.0,28.0,0.0,0.0,0.0,33.0,0.0,0.0,0.0,30.0,0.0,0.0,0.0,17.0
p_1224,0.018461538461538463,0.06666666666666667,0.010714285714285714,0.04786324786324787,0.1728395061728395,0.027777777777777776,108.0,0.0,0.0,0.0,0.0,0.09230769230769231,0.3333333333333333,0.05357142857142857,56.0,0.0,0.0,0.0,14.0,0.0,0.0,0.0,25.0,0.0,0.0,0.0,13.0
p_1225,0.013793103448275862,0.02857142857142857,0.00909090909090909,0.0140485312899106,0.0291005291005291,0.009259259259259259,108.0,0.0,0.0,0.0,0.0,0.0,0.0,0.0,15.0,0.0,0.0,0.0,41.0,0.0,0.0,0.0,30.0,0.06896551724137931,0.14285714285714285,0.045454545454545456,22.0
p_1226,0.027586206896551724,0.05,0.019047619047619046,0.02681992337164751,0.04861111111111111,0.018518518518518517,108.0,0.0,0.0,0.0,0.0,0.0,0.0,0.0,30.0,0.13793103448275862,0.25,0.09523809523809523,21.0,0.0,0.0,0.0,22.0,0.0,0.0,0.0,35.0
p_1227,0.019047619047619046,0.05714285714285714,0.011428571428571429,0.030864197530864196,0.09259259259259259,0.018518518518518517,108.0,0.0,0.0,0.0,0.0,0.0,0.0,0.0,22.0,0.09523809523809523,0.2857142857142857,0.05714285714285714,35.0,0.0,0.0,0.0,33.0,0.0,0.0,0.0,18.0
p_1228,0.01111111111111111,0.025,0.007142857142857143,0.014403292181069957,0.032407407407407406,0.009259259259259259,108.0,0.0,0.0,0.0,0.0,0.0,0.0,0.0,29.0,0.0,0.0,0.0,24.0,0.05555555555555555,0.125,0.03571428571428571,28.0,0.0,0.0,0.0,27.0
p_1229,0.0,0.0,0.0,0.0,0.0,0.0,108.0,0.0,0.0,0.0,0.0,0.0,0.0,0.0,38.0,0.0,0.0,0.0,23.0,0.0,0.0,0.0,40.0,0.0,0.0,0.0,7.0
p_1230,0.03018867924528302,0.1,0.017777777777777778,0.06289308176100629,0.20833333333333334,0.037037037037037035,108.0,0.0,0.0,0.0,0.0,0.1509433962264151,0.5,0.08888888888888889,45.0,0.0,0.0,0.0,38.0,0.0,0.0,0.0,20.0,0.0,0.0,0.0,5.0
p_1231,0.05263157894736842,0.125,0.03333333333333333,0.07309941520467836,0.1736111111111111,0.046296296296296294,108.0,0.0,0.0,0.0,0.0,0.0,0.0,0.0,27.0,0.0,0.0,0.0,41.0,0.2631578947368421,0.625,0.16666666666666666,30.0,0.0,0.0,0.0,10.0
p_1232,0.017391304347826087,0.025,0.013333333333333332,0.012077294685990338,0.017361111111111112,0.009259259259259259,108.0,0.0,0.0,0.0,0.0,0.0,0.0,0.0,52.0,0.0,0.0,0.0,13.0,0.0,0.0,0.0,28.0,0.08695652173913043,0.125,0.06666666666666667,15.0
p_1233,0.021621621621621623,0.05714285714285714,0.013333333333333332,0.030030030030030033,0.07936507936507936,0.018518518518518517,108.0,0.0,0.0,0.0,0.0,0.0,0.0,0.0,29.0,0.10810810810810811,0.2857142857142857,0.06666666666666667,30.0,0.0,0.0,0.0,43.0,0.0,0.0,0.0,6.0
p_1234,0.08421052631578947,0.11428571428571428,0.06666666666666667,0.04678362573099415,0.06349206349206349,0.037037037037037035,108.0,0.0,0.0,0.0,0.0,0.0,0.0,0.0,45.0,0.42105263157894735,0.5714285714285714,0.3333333333333333,12.0,0.0,0.0,0.0,43.0,0.0,0.0,0.0,8.0
p_1235,0.0,0.0,0.0,0.0,0.0,0.0,108.0,0.0,0.0,0.0,0.0,0.0,0.0,0.0,32.0,0.0,0.0,0.0,18.0,0.0,0.0,0.0,44.0,0.0,0.0,0.0,14.0
p_1236,0.07058823529411765,0.17142857142857143,0.04444444444444444,0.08823529411764706,0.21428571428571427,0.05555555555555555,108.0,0.0,0.0,0.0,0.0,0.35294117647058826,0.8571428571428571,0.2222222222222222,27.0,0.0,0.0,0.0,15.0,0.0,0.0,0.0,52.0,0.0,0.0,0.0,14.0
p_1237,0.012903225806451613,0.02222222222222222,0.00909090909090909,0.013142174432497013,0.022633744855967076,0.009259259259259259,108.0,0.0,0.0,0.0,0.0,0.0,0.0,0.0,50.0,0.0,0.0,0.0,4.0,0.0,0.0,0.0,32.0,0.06451612903225806,0.1111111111111111,0.045454545454545456,22.0
p_1238,0.0,0.0,0.0,0.0,0.0,0.0,108.0,0.0,0.0,0.0,0.0,0.0,0.0,0.0,14.0,0.0,0.0,0.0,13.0,0.0,0.0,0.0,60.0,0.0,0.0,0.0,21.0
p_1239,0.0,0.0,0.0,0.0,0.0,0.0,108.0,0.0,0.0,0.0,0.0,0.0,0.0,0.0,23.0,0.0,0.0,0.0,45.0,0.0,0.0,0.0,27.0,0.0,0.0,0.0,13.0
p_1240,0.03076923076923077,0.1,0.01818181818181818,0.06267806267806268,0.2037037037037037,0.037037037037037035,108.0,0.0,0.0,0.0,0.0,0.0,0.0,0.0,32.0,0.0,0.0,0.0,17.0,0.15384615384615385,0.5,0.09090909090909091,44.0,0.0,0.0,0.0,15.0
p_1241,0.015384615384615385,0.05,0.00909090909090909,0.03133903133903134,0.10185185185185185,0.018518518518518517,108.0,0.0,0.0,0.0,0.0,0.0,0.0,0.0,19.0,0.07692307692307693,0.25,0.045454545454545456,44.0,0.0,0.0,0.0,30.0,0.0,0.0,0.0,15.0
p_1242,0.03870967741935484,0.075,0.02608695652173913,0.041218637992831535,0.0798611111111111,0.027777777777777776,108.0,0.0,0.0,0.0,0.0,0.0,0.0,0.0,42.0,0.1935483870967742,0.375,0.13043478260869565,23.0,0.0,0.0,0.0,37.0,0.0,0.0,0.0,6.0
p_1243,0.012903225806451613,0.025,0.008695652173913044,0.013739545997610514,0.02662037037037037,0.009259259259259259,108.0,0.0,0.0,0.0,0.0,0.0,0.0,0.0,58.0,0.0,0.0,0.0,7.0,0.0,0.0,0.0,20.0,0.06451612903225806,0.125,0.043478260869565216,23.0
p_1244,0.014285714285714285,0.05714285714285714,0.008163265306122448,0.032407407407407406,0.12962962962962962,0.018518518518518517,108.0,0.0,0.0,0.0,0.0,0.07142857142857142,0.2857142857142857,0.04081632653061224,49.0,0.0,0.0,0.0,13.0,0.0,0.0,0.0,14.0,0.0,0.0,0.0,32.0
p_1245,0.03571428571428571,0.14285714285714285,0.020408163265306124,0.08101851851851852,0.32407407407407407,0.046296296296296294,108.0,0.0,0.0,0.0,0.0,0.17857142857142858,0.7142857142857143,0.10204081632653061,49.0,0.0,0.0,0.0,10.0,0.0,0.0,0.0,19.0,0.0,0.0,0.0,30.0
p_1246,0.046511627906976744,0.14285714285714285,0.02777777777777778,0.07751937984496125,0.2380952380952381,0.046296296296296294,108.0,0.0,0.0,0.0,0.0,0.0,0.0,0.0,46.0,0.0,0.0,0.0,16.0,0.23255813953488372,0.7142857142857143,0.1388888888888889,36.0,0.0,0.0,0.0,10.0
p_1247,0.03809523809523809,0.08888888888888888,0.024242424242424242,0.0582010582010582,0.13580246913580246,0.037037037037037035,108.0,0.0,0.0,0.0,0.0,0.19047619047619047,0.4444444444444444,0.12121212121212122,33.0,0.0,0.0,0.0,22.0,0.0,0.0,0.0,38.0,0.0,0.0,0.0,15.0
p_1248,0.010526315789473684,0.02857142857142857,0.0064516129032258064,0.015107212475633527,0.041005291005290996,0.009259259259259259,108.0,0.0,0.0,0.0,0.0,0.05263157894736842,0.14285714285714285,0.03225806451612903,31.0,0.0,0.0,0.0,20.0,0.0,0.0,0.0,43.0,0.0,0.0,0.0,14.0
p_1249,0.014814814814814814,0.05,0.008695652173913044,0.03155006858710562,0.10648148148148148,0.018518518518518517,108.0,0.0,0.0,0.0,0.0,0.07407407407407407,0.25,0.043478260869565216,46.0,0.0,0.0,0.0,16.0,0.0,0.0,0.0,15.0,0.0,0.0,0.0,31.0
p_1250,0.02222222222222222,0.05,0.014285714285714285,0.028806584362139915,0.06481481481481481,0.018518518518518517,108.0,0.0,0.0,0.0,0.0,0.0,0.0,0.0,30.0,0.0,0.0,0.0,27.0,0.1111111111111111,0.25,0.07142857142857142,28.0,0.0,0.0,0.0,23.0
p_1251,0.024242424242424242,0.05714285714285714,0.015384615384615385,0.029180695847362513,0.06878306878306878,0.018518518518518517,108.0,0.0,0.0,0.0,0.0,0.0,0.0,0.0,36.0,0.0,0.0,0.0,27.0,0.12121212121212122,0.2857142857142857,0.07692307692307693,26.0,0.0,0.0,0.0,19.0
p_1252,0.021621621621621623,0.05714285714285714,0.013333333333333332,0.030030030030030033,0.07936507936507936,0.018518518518518517,108.0,0.0,0.0,0.0,0.0,0.10810810810810811,0.2857142857142857,0.06666666666666667,30.0,0.0,0.0,0.0,34.0,0.0,0.0,0.0,26.0,0.0,0.0,0.0,18.0
p_1253,0.03428571428571429,0.075,0.02222222222222222,0.042857142857142864,0.09375,0.027777777777777776,108.0,0.0,0.0,0.0,0.0,0.17142857142857143,0.375,0.1111111111111111,27.0,0.0,0.0,0.0,9.0,0.0,0.0,0.0,34.0,0.0,0.0,0.0,38.0
p_1254,0.032432432432432434,0.075,0.020689655172413793,0.04354354354354354,0.10069444444444445,0.027777777777777776,108.0,0.0,0.0,0.0,0.0,0.0,0.0,0.0,44.0,0.0,0.0,0.0,26.0,0.16216216216216217,0.375,0.10344827586206896,29.0,0.0,0.0,0.0,9.0
p_1255,0.019047619047619046,0.02857142857142857,0.014285714285714285,0.012345679012345678,0.018518518518518517,0.009259259259259259,108.0,0.0,0.0,0.0,0.0,0.0,0.0,0.0,47.0,0.09523809523809523,0.14285714285714285,0.07142857142857142,14.0,0.0,0.0,0.0,31.0,0.0,0.0,0.0,16.0
p_1256,0.025,0.05714285714285714,0.016,0.028935185185185185,0.06613756613756613,0.018518518518518517,108.0,0.0,0.0,0.0,0.0,0.0,0.0,0.0,42.0,0.125,0.2857142857142857,0.08,25.0,0.0,0.0,0.0,18.0,0.0,0.0,0.0,23.0
p_1257,0.0,0.0,0.0,0.0,0.0,0.0,108.0,0.0,0.0,0.0,0.0,0.0,0.0,0.0,45.0,0.0,0.0,0.0,25.0,0.0,0.0,0.0,13.0,0.0,0.0,0.0,25.0
p_1258,0.042105263157894736,0.05714285714285714,0.03333333333333333,0.023391812865497075,0.031746031746031744,0.018518518518518517,108.0,0.0,0.0,0.0,0.0,0.0,0.0,0.0,34.0,0.0,0.0,0.0,27.0,0.0,0.0,0.0,35.0,0.21052631578947367,0.2857142857142857,0.16666666666666666,12.0
p_1259,0.0,0.0,0.0,0.0,0.0,0.0,108.0,0.0,0.0,0.0,0.0,0.0,0.0,0.0,36.0,0.0,0.0,0.0,20.0,0.0,0.0,0.0,26.0,0.0,0.0,0.0,26.0
p_1260,0.00851063829787234,0.025,0.005128205128205128,0.015366430260047281,0.04513888888888889,0.009259259259259259,108.0,0.0,0.0,0.0,0.0,0.0,0.0,0.0,32.0,0.0425531914893617,0.125,0.02564102564102564,39.0,0.0,0.0,0.0,24.0,0.0,0.0,0.0,13.0
p_1261,0.06153846153846154,0.11428571428571428,0.042105263157894736,0.05413105413105414,0.10052910052910052,0.037037037037037035,108.0,0.0,0.0,0.0,0.0,0.0,0.0,0.0,32.0,0.3076923076923077,0.5714285714285714,0.21052631578947367,19.0,0.0,0.0,0.0,32.0,0.0,0.0,0.0,25.0
p_1262,0.05405405405405406,0.125,0.034482758620689655,0.07257257257257257,0.16782407407407407,0.046296296296296294,108.0,0.0,0.0,0.0,0.0,0.0,0.0,0.0,35.0,0.0,0.0,0.0,16.0,0.2702702702702703,0.625,0.1724137931034483,29.0,0.0,0.0,0.0,28.0
p_1263,0.019047619047619046,0.05,0.011764705882352941,0.02998236331569665,0.0787037037037037,0.018518518518518517,108.0,0.0,0.0,0.0,0.0,0.0,0.0,0.0,34.0,0.0,0.0,0.0,36.0,0.09523809523809523,0.25,0.058823529411764705,34.0,0.0,0.0,0.0,4.0
p_1264,0.01111111111111111,0.025,0.007142857142857143,0.014403292181069957,0.032407407407407406,0.009259259259259259,108.0,0.0,0.0,0.0,0.0,0.0,0.0,0.0,27.0,0.0,0.0,0.0,10.0,0.0,0.0,0.0,43.0,0.05555555555555555,0.125,0.03571428571428571,28.0
p_1265,0.034782608695652174,0.05,0.026666666666666665,0.024154589371980676,0.034722222222222224,0.018518518518518517,108.0,0.0,0.0,0.0,0.0,0.0,0.0,0.0,21.0,0.0,0.0,0.0,24.0,0.0,0.0,0.0,48.0,0.17391304347826086,0.25,0.13333333333333333,15.0
p_1266,0.01568627450980392,0.05,0.009302325581395349,0.03122730573710966,0.09953703703703703,0.018518518518518517,108.0,0.0,0.0,0.0,0.0,0.0784313725490196,0.25,0.046511627906976744,43.0,0.0,0.0,0.0,22.0,0.0,0.0,0.0,33.0,0.0,0.0,0.0,10.0
p_1267,0.04166666666666667,0.14285714285714285,0.024390243902439025,0.07908950617283951,0.27116402116402116,0.046296296296296294,108.0,0.0,0.0,0.0,0.0,0.20833333333333334,0.7142857142857143,0.12195121951219512,41.0,0.0,0.0,0.0,26.0,0.0,0.0,0.0,30.0,0.0,0.0,0.0,11.0
p_1268,0.014285714285714285,0.02857142857142857,0.009523809523809523,0.013888888888888888,0.027777777777777776,0.009259259259259259,108.0,0.0,0.0,0.0,0.0,0.07142857142857142,0.14285714285714285,0.047619047619047616,21.0,0.0,0.0,0.0,27.0,0.0,0.0,0.0,36.0,0.0,0.0,0.0,24.0
p_1269,0.03428571428571429,0.06666666666666667,0.023076923076923078,0.04126984126984127,0.08024691358024691,0.027777777777777776,108.0,0.0,0.0,0.0,1.0,0.0,0.0,0.0,33.0,0.17142857142857143,0.3333333333333333,0.11538461538461539,26.0,0.0,0.0,0.0,36.0,0.0,0.0,0.0,12.0
p_1270,0.032432432432432434,0.06666666666666667,0.02142857142857143,0.04204204204204204,0.08641975308641975,0.027777777777777776,108.0,0.0,0.0,0.0,0.0,0.0,0.0,0.0,36.0,0.0,0.0,0.0,35.0,0.16216216216216217,0.3333333333333333,0.10714285714285714,28.0,0.0,0.0,0.0,9.0
p_1271,0.027586206896551724,0.05714285714285714,0.01818181818181818,0.0280970625798212,0.0582010582010582,0.018518518518518517,108.0,0.0,0.0,0.0,0.0,0.0,0.0,0.0,37.0,0.13793103448275862,0.2857142857142857,0.09090909090909091,22.0,0.0,0.0,0.0,41.0,0.0,0.0,0.0,8.0
p_1272,0.0125,0.025,0.008333333333333333,0.013888888888888888,0.027777777777777776,0.009259259259259259,108.0,0.0,0.0,0.0,0.0,0.0,0.0,0.0,50.0,0.0625,0.125,0.041666666666666664,24.0,0.0,0.0,0.0,21.0,0.0,0.0,0.0,13.0
p_1273,0.026666666666666665,0.08571428571428572,0.015789473684210527,0.046913580246913576,0.15079365079365079,0.027777777777777776,108.0,0.0,0.0,0.0,0.0,0.13333333333333333,0.42857142857142855,0.07894736842105263,38.0,0.0,0.0,0.0,22.0,0.0,0.0,0.0,36.0,0.0,0.0,0.0,12.0
p_1274,0.027586206896551724,0.05,0.019047619047619046,0.02681992337164751,0.04861111111111111,0.018518518518518517,108.0,0.0,0.0,0.0,0.0,0.0,0.0,0.0,46.0,0.0,0.0,0.0,20.0,0.13793103448275862,0.25,0.09523809523809523,21.0,0.0,0.0,0.0,21.0
p_1275,0.00909090909090909,0.025,0.005555555555555555,0.015151515151515152,0.041666666666666664,0.009259259259259259,108.0,0.0,0.0,0.0,0.0,0.045454545454545456,0.125,0.027777777777777776,36.0,0.0,0.0,0.0,25.0,0.0,0.0,0.0,30.0,0.0,0.0,0.0,17.0
p_1276,0.0,0.0,0.0,0.0,0.0,0.0,108.0,0.0,0.0,0.0,0.0,0.0,0.0,0.0,45.0,0.0,0.0,0.0,12.0,0.0,0.0,0.0,32.0,0.0,0.0,0.0,19.0
p_1277,0.017777777777777778,0.05,0.010810810810810811,0.030452674897119343,0.08564814814814815,0.018518518518518517,108.0,0.0,0.0,0.0,0.0,0.08888888888888889,0.25,0.05405405405405406,37.0,0.0,0.0,0.0,23.0,0.0,0.0,0.0,42.0,0.0,0.0,0.0,6.0
p_1278,0.016666666666666666,0.025,0.0125,0.012345679012345678,0.018518518518518517,0.009259259259259259,108.0,0.0,0.0,0.0,0.0,0.0,0.0,0.0,39.0,0.0,0.0,0.0,8.0,0.0,0.0,0.0,45.0,0.08333333333333333,0.125,0.0625,16.0
p_1279,0.00975609756097561,0.025,0.006060606060606061,0.014905149051490516,0.03819444444444445,0.009259259259259259,108.0,0.0,0.0,0.0,0.0,0.04878048780487805,0.125,0.030303030303030304,33.0,0.0,0.0,0.0,20.0,0.0,0.0,0.0,40.0,0.0,0.0,0.0,15.0
p_1280,0.027906976744186046,0.075,0.017142857142857144,0.04521963824289405,0.12152777777777778,0.027777777777777776,108.0,0.0,0.0,0.0,0.0,0.13953488372093023,0.375,0.08571428571428572,35.0,0.0,0.0,0.0,12.0,0.0,0.0,0.0,26.0,0.0,0.0,0.0,35.0
p_1281,0.012903225806451613,0.025,0.008695652173913044,0.013739545997610514,0.02662037037037037,0.009259259259259259,108.0,0.0,0.0,0.0,0.0,0.0,0.0,0.0,31.0,0.0,0.0,0.0,10.0,0.0,0.0,0.0,44.0,0.06451612903225806,0.125,0.043478260869565216,23.0
p_1282,0.021052631578947368,0.05714285714285714,0.012903225806451613,0.030214424951267055,0.08201058201058199,0.018518518518518517,108.0,0.0,0.0,0.0,0.0,0.10526315789473684,0.2857142857142857,0.06451612903225806,31.0,0.0,0.0,0.0,6.0,0.0,0.0,0.0,41.0,0.0,0.0,0.0,30.0
p_1283,0.014814814814814814,0.02857142857142857,0.01,0.013717421124828532,0.02645502645502645,0.009259259259259259,108.0,0.0,0.0,0.0,0.0,0.07407407407407407,0.14285714285714285,0.05,20.0,0.0,0.0,0.0,41.0,0.0,0.0,0.0,22.0,0.0,0.0,0.0,25.0
p_1284,0.015384615384615385,0.02857142857142857,0.010526315789473684,0.013532763532763534,0.02513227513227513,0.009259259259259259,108.0,0.0,0.0,0.0,0.0,0.0,0.0,0.0,32.0,0.07692307692307693,0.14285714285714285,0.05263157894736842,19.0,0.0,0.0,0.0,31.0,0.0,0.0,0.0,26.0
p_1285,0.027586206896551724,0.05,0.019047619047619046,0.02681992337164751,0.04861111111111111,0.018518518518518517,108.0,0.0,0.0,0.0,0.0,0.0,0.0,0.0,38.0,0.0,0.0,0.0,35.0,0.13793103448275862,0.25,0.09523809523809523,21.0,0.0,0.0,0.0,14.0
p_1286,0.022641509433962266,0.075,0.013333333333333332,0.04716981132075472,0.15625,0.027777777777777776,108.0,0.0,0.0,0.0,0.0,0.11320754716981132,0.375,0.06666666666666667,45.0,0.0,0.0,0.0,26.0,0.0,0.0,0.0,22.0,0.0,0.0,0.0,15.0
p_1287,0.01111111111111111,0.02857142857142857,0.006896551724137931,0.014917695473251027,0.03835978835978836,0.009259259259259259,108.0,0.0,0.0,0.0,0.0,0.0,0.0,0.0,31.0,0.0,0.0,0.0,26.0,0.05555555555555555,0.14285714285714285,0.034482758620689655,29.0,0.0,0.0,0.0,22.0
p_1288,0.01818181818181818,0.05714285714285714,0.010810810810810811,0.031144781144781145,0.09788359788359788,0.018518518518518517,108.0,0.0,0.0,0.0,0.0,0.0,0.0,0.0,25.0,0.0,0.0,0.0,23.0,0.09090909090909091,0.2857142857142857,0.05405405405405406,37.0,0.0,0.0,0.0,23.0
p_1289,0.006060606060606061,0.02857142857142857,0.003389830508474576,0.01655443322109989,0.07804232804232804,0.009259259259259259,108.0,0.0,0.0,0.0,0.0,0.0,0.0,0.0,28.0,0.0,0.0,0.0,14.0,0.030303030303030304,0.14285714285714285,0.01694915254237288,59.0,0.0,0.0,0.0,7.0
p_1290,0.008888888888888889,0.02857142857142857,0.005263157894736842,0.015637860082304528,0.05026455026455026,0.009259259259259259,108.0,0.0,0.0,0.0,0.0,0.0,0.0,0.0,36.0,0.0,0.0,0.0,23.0,0.044444444444444446,0.14285714285714285,0.02631578947368421,38.0,0.0,0.0,0.0,11.0
p_1291,0.02222222222222222,0.04444444444444444,0.014814814814814814,0.027777777777777776,0.05555555555555555,0.018518518518518517,108.0,0.0,0.0,0.0,0.0,0.1111111111111111,0.2222222222222222,0.07407407407407407,27.0,0.0,0.0,0.0,16.0,0.0,0.0,0.0,40.0,0.0,0.0,0.0,25.0
p_1292,0.012903225806451613,0.025,0.008695652173913044,0.013739545997610514,0.02662037037037037,0.009259259259259259,108.0,0.0,0.0,0.0,0.0,0.0,0.0,0.0,38.0,0.0,0.0,0.0,13.0,0.06451612903225806,0.125,0.043478260869565216,23.0,0.0,0.0,0.0,34.0
p_1293,0.016,0.02857142857142857,0.01111111111111111,0.013333333333333332,0.023809523809523808,0.009259259259259259,108.0,0.0,0.0,0.0,0.0,0.0,0.0,0.0,40.0,0.0,0.0,0.0,18.0,0.0,0.0,0.0,32.0,0.08,0.14285714285714285,0.05555555555555555,18.0
p_1294,0.0,0.0,0.0,0.0,0.0,0.0,108.0,0.0,0.0,0.0,0.0,0.0,0.0,0.0,47.0,0.0,0.0,0.0,35.0,0.0,0.0,0.0,12.0,0.0,0.0,0.0,14.0
p_1295,0.03773584905660378,0.11111111111111112,0.022727272727272728,0.07686932215234102,0.2263374485596708,0.046296296296296294,108.0,0.0,0.0,0.0,0.0,0.18867924528301888,0.5555555555555556,0.11363636363636363,44.0,0.0,0.0,0.0,6.0,0.0,0.0,0.0,36.0,0.0,0.0,0.0,22.0
p_1296,0.024242424242424242,0.05714285714285714,0.015384615384615385,0.029180695847362513,0.06878306878306878,0.018518518518518517,108.0,0.0,0.0,0.0,0.0,0.12121212121212122,0.2857142857142857,0.07692307692307693,26.0,0.0,0.0,0.0,42.0,0.0,0.0,0.0,22.0,0.0,0.0,0.0,18.0
p_1297,0.013793103448275862,0.02857142857142857,0.00909090909090909,0.0140485312899106,0.0291005291005291,0.009259259259259259,108.0,0.0,0.0,0.0,0.0,0.06896551724137931,0.14285714285714285,0.045454545454545456,22.0,0.0,0.0,0.0,16.0,0.0,0.0,0.0,55.0,0.0,0.0,0.0,15.0
p_1298,0.012121212121212121,0.025,0.008,0.014029180695847363,0.028935185185185185,0.009259259259259259,108.0,0.0,0.0,0.0,0.0,0.06060606060606061,0.125,0.04,25.0,0.0,0.0,0.0,32.0,0.0,0.0,0.0,14.0,0.0,0.0,0.0,37.0
p_1299,0.01,0.025,0.00625,0.014814814814814815,0.037037037037037035,0.009259259259259259,108.0,0.0,0.0,0.0,0.0,0.0,0.0,0.0,25.0,0.0,0.0,0.0,34.0,0.05,0.125,0.03125,32.0,0.0,0.0,0.0,17.0
p_1300,0.0,0.0,0.0,0.0,0.0,0.0,108.0,0.0,0.0,0.0,0.0,0.0,0.0,0.0,24.0,0.0,0.0,0.0,20.0,0.0,0.0,0.0,22.0,0.0,0.0,0.0,42.0
p_1301,0.00851063829787234,0.025,0.005128205128205128,0.015366430260047281,0.04513888888888889,0.009259259259259259,108.0,0.0,0.0,0.0,0.0,0.0425531914893617,0.125,0.02564102564102564,39.0,0.0,0.0,0.0,18.0,0.0,0.0,0.0,36.0,0.0,0.0,0.0,15.0
p_1302,0.04285714285714286,0.06666666666666667,0.031578947368421054,0.037698412698412696,0.05864197530864197,0.027777777777777776,108.0,0.0,0.0,0.0,0.0,0.0,0.0,0.0,36.0,0.21428571428571427,0.3333333333333333,0.15789473684210525,19.0,0.0,0.0,0.0,38.0,0.0,0.0,0.0,15.0
p_1303,0.008695652173913044,0.02857142857142857,0.005128205128205128,0.01570048309178744,0.051587301587301584,0.009259259259259259,108.0,0.0,0.0,0.0,0.0,0.0,0.0,0.0,21.0,0.0,0.0,0.0,19.0,0.043478260869565216,0.14285714285714285,0.02564102564102564,39.0,0.0,0.0,0.0,29.0
p_1304,0.008888888888888889,0.025,0.005405405405405406,0.015226337448559672,0.04282407407407408,0.009259259259259259,108.0,0.0,0.0,0.0,0.0,0.0,0.0,0.0,37.0,0.0,0.0,0.0,13.0,0.044444444444444446,0.125,0.02702702702702703,37.0,0.0,0.0,0.0,21.0
p_1305,0.011764705882352941,0.025,0.007692307692307693,0.014161220043572984,0.03009259259259259,0.009259259259259259,108.0,0.0,0.0,0.0,0.0,0.0,0.0,0.0,42.0,0.0,0.0,0.0,8.0,0.0,0.0,0.0,32.0,0.058823529411764705,0.125,0.038461538461538464,26.0
p_1306,0.024242424242424242,0.05714285714285714,0.015384615384615385,0.029180695847362513,0.06878306878306878,0.018518518518518517,108.0,0.0,0.0,0.0,0.0,0.0,0.0,0.0,27.0,0.0,0.0,0.0,17.0,0.0,0.0,0.0,38.0,0.12121212121212122,0.2857142857142857,0.07692307692307693,26.0
p_1307,0.0,0.0,0.0,0.0,0.0,0.0,108.0,0.0,0.0,0.0,0.0,0.0,0.0,0.0,31.0,0.0,0.0,0.0,14.0,0.0,0.0,0.0,23.0,0.0,0.0,0.0,40.0
p_1308,0.014285714285714285,0.025,0.01,0.013227513227513225,0.023148148148148147,0.009259259259259259,108.0,0.0,0.0,0.0,0.0,0.0,0.0,0.0,16.0,0.07142857142857142,0.125,0.05,20.0,0.0,0.0,0.0,35.0,0.0,0.0,0.0,37.0
p_1309,0.06153846153846154,0.08888888888888888,0.047058823529411764,0.04843304843304844,0.06995884773662552,0.037037037037037035,108.0,0.0,0.0,0.0,0.0,0.0,0.0,0.0,35.0,0.3076923076923077,0.4444444444444444,0.23529411764705882,17.0,0.0,0.0,0.0,30.0,0.0,0.0,0.0,26.0
p_1310,0.014285714285714285,0.02857142857142857,0.009523809523809523,0.013888888888888888,0.027777777777777776,0.009259259259259259,108.0,0.0,0.0,0.0,0.0,0.0,0.0,0.0,32.0,0.07142857142857142,0.14285714285714285,0.047619047619047616,21.0,0.0,0.0,0.0,25.0,0.0,0.0,0.0,30.0
p_1311,0.0125,0.02857142857142857,0.008,0.014467592592592593,0.03306878306878307,0.009259259259259259,108.0,0.0,0.0,0.0,0.0,0.0,0.0,0.0,29.0,0.0625,0.14285714285714285,0.04,25.0,0.0,0.0,0.0,27.0,0.0,0.0,0.0,27.0
p_1312,0.014545454545454545,0.05714285714285714,0.008333333333333333,0.03232323232323232,0.12698412698412698,0.018518518518518517,108.0,0.0,0.0,0.0,0.0,0.0,0.0,0.0,18.0,0.0,0.0,0.0,18.0,0.07272727272727272,0.2857142857142857,0.041666666666666664,48.0,0.0,0.0,0.0,24.0
p_1313,0.023529411764705882,0.05714285714285714,0.014814814814814814,0.029411764705882353,0.07142857142857142,0.018518518518518517,108.0,0.0,0.0,0.0,0.0,0.0,0.0,0.0,56.0,0.0,0.0,0.0,14.0,0.11764705882352941,0.2857142857142857,0.07407407407407407,27.0,0.0,0.0,0.0,11.0
p_1314,0.02222222222222222,0.1,0.0125,0.06584362139917695,0.2962962962962963,0.037037037037037035,108.0,0.0,0.0,0.0,0.0,0.0,0.0,0.0,23.0,0.0,0.0,0.0,8.0,0.1111111111111111,0.5,0.0625,64.0,0.0,0.0,0.0,13.0
p_1315,0.0,0.0,0.0,0.0,0.0,0.0,108.0,0.0,0.0,0.0,0.0,0.0,0.0,0.0,38.0,0.0,0.0,0.0,4.0,0.0,0.0,0.0,44.0,0.0,0.0,0.0,22.0
p_1316,0.016,0.05714285714285714,0.009302325581395349,0.03185185185185185,0.11375661375661375,0.018518518518518517,108.0,0.0,0.0,0.0,0.0,0.0,0.0,0.0,40.0,0.0,0.0,0.0,17.0,0.08,0.2857142857142857,0.046511627906976744,43.0,0.0,0.0,0.0,8.0
p_1317,0.03333333333333333,0.05714285714285714,0.023529411764705882,0.026234567901234566,0.04497354497354497,0.018518518518518517,108.0,0.0,0.0,0.0,0.0,0.16666666666666666,0.2857142857142857,0.11764705882352941,17.0,0.0,0.0,0.0,12.0,0.0,0.0,0.0,52.0,0.0,0.0,0.0,27.0
p_1318,0.042105263157894736,0.1,0.026666666666666665,0.058479532163742694,0.1388888888888889,0.037037037037037035,108.0,0.0,0.0,0.0,0.0,0.0,0.0,0.0,35.0,0.0,0.0,0.0,6.0,0.0,0.0,0.0,37.0,0.21052631578947367,0.5,0.13333333333333333,30.0
p_1319,0.0,0.0,0.0,0.0,0.0,0.0,108.0,0.0,0.0,0.0,0.0,0.0,0.0,0.0,32.0,0.0,0.0,0.0,13.0,0.0,0.0,0.0,43.0,0.0,0.0,0.0,20.0
p_1320,0.0,0.0,0.0,0.0,0.0,0.0,108.0,0.0,0.0,0.0,0.0,0.0,0.0,0.0,27.0,0.0,0.0,0.0,18.0,0.0,0.0,0.0,19.0,0.0,0.0,0.0,44.0
p_1321,0.041379310344827586,0.075,0.02857142857142857,0.040229885057471264,0.07291666666666667,0.027777777777777776,108.0,0.0,0.0,0.0,0.0,0.20689655172413793,0.375,0.14285714285714285,21.0,0.0,0.0,0.0,14.0,0.0,0.0,0.0,52.0,0.0,0.0,0.0,21.0
p_1322,0.041025641025641026,0.08888888888888888,0.026666666666666665,0.056980056980056974,0.12345679012345678,0.037037037037037035,108.0,0.0,0.0,0.0,0.0,0.0,0.0,0.0,48.0,0.0,0.0,0.0,18.0,0.20512820512820512,0.4444444444444444,0.13333333333333333,30.0,0.0,0.0,0.0,12.0
p_1323,0.0,0.0,0.0,0.0,0.0,0.0,108.0,0.0,0.0,0.0,0.0,0.0,0.0,0.0,48.0,0.0,0.0,0.0,15.0,0.0,0.0,0.0,28.0,0.0,0.0,0.0,17.0
p_1324,0.014285714285714285,0.02857142857142857,0.009523809523809523,0.013888888888888888,0.027777777777777776,0.009259259259259259,108.0,0.0,0.0,0.0,0.0,0.0,0.0,0.0,23.0,0.0,0.0,0.0,19.0,0.0,0.0,0.0,45.0,0.07142857142857142,0.14285714285714285,0.047619047619047616,21.0
p_1325,0.042105263157894736,0.11428571428571428,0.025806451612903226,0.06042884990253411,0.16402116402116398,0.037037037037037035,108.0,0.0,0.0,0.0,0.0,0.0,0.0,0.0,34.0,0.21052631578947367,0.5714285714285714,0.12903225806451613,31.0,0.0,0.0,0.0,23.0,0.0,0.0,0.0,20.0
p_1326,0.03333333333333333,0.11428571428571428,0.01951219512195122,0.06327160493827161,0.21693121693121692,0.037037037037037035,108.0,0.0,0.0,0.0,0.0,0.0,0.0,0.0,34.0,0.0,0.0,0.0,25.0,0.16666666666666666,0.5714285714285714,0.0975609756097561,41.0,0.0,0.0,0.0,8.0
p_1327,0.048484848484848485,0.1,0.032,0.05611672278338945,0.11574074074074074,0.037037037037037035,108.0,0.0,0.0,0.0,0.0,0.0,0.0,0.0,33.0,0.0,0.0,0.0,36.0,0.24242424242424243,0.5,0.16,25.0,0.0,0.0,0.0,14.0
p_1328,0.021818181818181816,0.075,0.01276595744680851,0.047474747474747475,0.16319444444444445,0.027777777777777773,108.0,0.0,0.0,0.0,0.0,0.0,0.0,0.0,21.0,0.0,0.0,0.0,22.0,0.10909090909090909,0.375,0.06382978723404255,47.0,0.0,0.0,0.0,18.0
p_1329,0.029629629629629627,0.05714285714285714,0.02,0.027434842249657063,0.0529100529100529,0.018518518518518517,108.0,0.0,0.0,0.0,0.0,0.14814814814814814,0.2857142857142857,0.1,20.0,0.0,0.0,0.0,38.0,0.0,0.0,0.0,38.0,0.0,0.0,0.0,12.0
p_1330,0.013793103448275862,0.02222222222222222,0.01,0.01277139208173691,0.0205761316872428,0.009259259259259259,108.0,0.0,0.0,0.0,0.0,0.0,0.0,0.0,26.0,0.06896551724137931,0.1111111111111111,0.05,20.0,0.0,0.0,0.0,35.0,0.0,0.0,0.0,27.0
p_1331,0.03076923076923077,0.08571428571428572,0.01875,0.045584045584045586,0.12698412698412698,0.027777777777777776,108.0,0.0,0.0,0.0,0.0,0.0,0.0,0.0,24.0,0.15384615384615385,0.42857142857142855,0.09375,32.0,0.0,0.0,0.0,34.0,0.0,0.0,0.0,18.0
p_1332,0.025806451612903226,0.05,0.017391304347826087,0.027479091995221028,0.05324074074074074,0.018518518518518517,108.0,0.0,0.0,0.0,0.0,0.0,0.0,0.0,27.0,0.12903225806451613,0.25,0.08695652173913043,23.0,0.0,0.0,0.0,26.0,0.0,0.0,0.0,32.0
p_1333,0.03508771929824561,0.125,0.020408163265306124,0.07959714100064977,0.2835648148148148,0.046296296296296294,108.0,0.0,0.0,0.0,0.0,0.0,0.0,0.0,14.0,0.17543859649122806,0.625,0.10204081632653061,49.0,0.0,0.0,0.0,26.0,0.0,0.0,0.0,19.0
p_1334,0.012903225806451613,0.02857142857142857,0.008333333333333333,0.014336917562724014,0.031746031746031744,0.009259259259259259,108.0,0.0,0.0,0.0,0.0,0.0,0.0,0.0,31.0,0.0,0.0,0.0,25.0,0.06451612903225806,0.14285714285714285,0.041666666666666664,24.0,0.0,0.0,0.0,28.0
p_1335,0.04878048780487805,0.14285714285714285,0.029411764705882353,0.07678410117434507,0.22486772486772486,0.046296296296296294,108.0,0.0,0.0,0.0,0.0,0.0,0.0,0.0,13.0,0.0,0.0,0.0,30.0,0.24390243902439024,0.7142857142857143,0.14705882352941177,34.0,0.0,0.0,0.0,31.0
p_1336,0.010256410256410256,0.02857142857142857,0.00625,0.015194681861348527,0.042328042328042326,0.009259259259259259,108.0,0.0,0.0,0.0,0.0,0.05128205128205128,0.14285714285714285,0.03125,32.0,0.0,0.0,0.0,30.0,0.0,0.0,0.0,33.0,0.0,0.0,0.0,13.0
p_1337,0.03333333333333333,0.075,0.02142857142857143,0.043209876543209874,0.09722222222222222,0.027777777777777776,108.0,0.0,0.0,0.0,0.0,0.0,0.0,0.0,29.0,0.16666666666666666,0.375,0.10714285714285714,28.0,0.0,0.0,0.0,31.0,0.0,0.0,0.0,20.0
p_1338,0.0,0.0,0.0,0.0,0.0,0.0,108.0,0.0,0.0,0.0,0.0,0.0,0.0,0.0,33.0,0.0,0.0,0.0,38.0,0.0,0.0,0.0,24.0,0.0,0.0,0.0,13.0
p_1339,0.0125,0.02857142857142857,0.008,0.014467592592592593,0.03306878306878307,0.009259259259259259,108.0,0.0,0.0,0.0,0.0,0.0,0.0,0.0,31.0,0.0625,0.14285714285714285,0.04,25.0,0.0,0.0,0.0,29.0,0.0,0.0,0.0,23.0
p_1340,0.0,0.0,0.0,0.0,0.0,0.0,108.0,0.0,0.0,0.0,0.0,0.0,0.0,0.0,37.0,0.0,0.0,0.0,14.0,0.0,0.0,0.0,37.0,0.0,0.0,0.0,20.0
p_1341,0.015384615384615385,0.02222222222222222,0.011764705882352941,0.01210826210826211,0.01748971193415638,0.009259259259259259,108.0,0.0,0.0,0.0,0.0,0.0,0.0,0.0,14.0,0.07692307692307693,0.1111111111111111,0.058823529411764705,17.0,0.0,0.0,0.0,63.0,0.0,0.0,0.0,14.0
p_1342,0.021052631578947368,0.05714285714285714,0.012903225806451613,0.030214424951267055,0.08201058201058199,0.018518518518518517,108.0,0.0,0.0,0.0,0.0,0.0,0.0,0.0,30.0,0.0,0.0,0.0,30.0,0.10526315789473684,0.2857142857142857,0.06451612903225806,31.0,0.0,0.0,0.0,17.0
p_1343,0.042105263157894736,0.13333333333333333,0.025,0.0935672514619883,0.2962962962962963,0.05555555555555555,108.0,0.0,0.0,0.0,0.0,0.0,0.0,0.0,16.0,0.0,0.0,0.0,19.0,0.21052631578947367,0.6666666666666666,0.125,48.0,0.0,0.0,0.0,25.0
p_1344,0.00975609756097561,0.02857142857142857,0.0058823529411764705,0.015356820234869017,0.04497354497354497,0.009259259259259259,108.0,0.0,0.0,0.0,0.0,0.0,0.0,0.0,36.0,0.0,0.0,0.0,29.0,0.04878048780487805,0.14285714285714285,0.029411764705882353,34.0,0.0,0.0,0.0,9.0
p_1345,0.0,0.0,0.0,0.0,0.0,0.0,108.0,0.0,0.0,0.0,0.0,0.0,0.0,0.0,3.0,0.0,0.0,0.0,26.0,0.0,0.0,0.0,44.0,0.0,0.0,0.0,35.0
p_1346,0.0,0.0,0.0,0.0,0.0,0.0,108.0,0.0,0.0,0.0,0.0,0.0,0.0,0.0,45.0,0.0,0.0,0.0,24.0,0.0,0.0,0.0,25.0,0.0,0.0,0.0,14.0
p_1347,0.01818181818181818,0.05,0.01111111111111111,0.030303030303030304,0.08333333333333333,0.018518518518518517,108.0,0.0,0.0,0.0,0.0,0.0,0.0,0.0,15.0,0.0,0.0,0.0,23.0,0.09090909090909091,0.25,0.05555555555555555,36.0,0.0,0.0,0.0,34.0
p_1348,0.008695652173913044,0.02857142857142857,0.005128205128205128,0.01570048309178744,0.051587301587301584,0.009259259259259259,108.0,0.0,0.0,0.0,0.0,0.043478260869565216,0.14285714285714285,0.02564102564102564,39.0,0.0,0.0,0.0,19.0,0.0,0.0,0.0,23.0,0.0,0.0,0.0,27.0
p_1349,0.016,0.04444444444444444,0.00975609756097561,0.030370370370370374,0.08436213991769546,0.018518518518518517,108.0,0.0,0.0,0.0,0.0,0.0,0.0,0.0,24.0,0.0,0.0,0.0,30.0,0.08,0.2222222222222222,0.04878048780487805,41.0,0.0,0.0,0.0,13.0
p_1350,0.03076923076923077,0.1,0.01818181818181818,0.06267806267806268,0.2037037037037037,0.037037037037037035,108.0,0.0,0.0,0.0,0.0,0.0,0.0,0.0,12.0,0.15384615384615385,0.5,0.09090909090909091,44.0,0.0,0.0,0.0,22.0,0.0,0.0,0.0,30.0
p_1351,0.025,0.075,0.015,0.046296296296296294,0.1388888888888889,0.027777777777777776,108.0,0.0,0.0,0.0,0.0,0.0,0.0,0.0,15.0,0.0,0.0,0.0,29.0,0.125,0.375,0.075,40.0,0.0,0.0,0.0,24.0
p_1352,0.01509433962264151,0.05,0.008888888888888889,0.031446540880503145,0.10416666666666667,0.018518518518518517,108.0,0.0,0.0,0.0,0.0,0.0,0.0,0.0,13.0,0.07547169811320754,0.25,0.044444444444444446,45.0,0.0,0.0,0.0,34.0,0.0,0.0,0.0,16.0
p_1353,0.047058823529411764,0.1,0.03076923076923077,0.05664488017429194,0.12037037037037036,0.037037037037037035,108.0,0.0,0.0,0.0,0.0,0.0,0.0,0.0,9.0,0.23529411764705882,0.5,0.15384615384615385,26.0,0.0,0.0,0.0,44.0,0.0,0.0,0.0,29.0
p_1354,0.016666666666666666,0.025,0.0125,0.012345679012345678,0.018518518518518517,0.009259259259259259,108.0,0.0,0.0,0.0,0.0,0.0,0.0,0.0,30.0,0.0,0.0,0.0,28.0,0.0,0.0,0.0,34.0,0.08333333333333333,0.125,0.0625,16.0
p_1355,0.016,0.02857142857142857,0.01111111111111111,0.013333333333333332,0.023809523809523808,0.009259259259259259,108.0,0.0,0.0,0.0,0.0,0.08,0.14285714285714285,0.05555555555555555,18.0,0.0,0.0,0.0,29.0,0.0,0.0,0.0,39.0,0.0,0.0,0.0,22.0
p_1356,0.023529411764705882,0.02857142857142857,0.02,0.010893246187363835,0.013227513227513225,0.009259259259259259,108.0,0.0,0.0,0.0,0.0,0.0,0.0,0.0,31.0,0.0,0.0,0.0,39.0,0.0,0.0,0.0,28.0,0.11764705882352941,0.14285714285714285,0.1,10.0
p_1357,0.032,0.05,0.023529411764705882,0.025185185185185185,0.03935185185185185,0.018518518518518517,108.0,0.0,0.0,0.0,0.0,0.16,0.25,0.11764705882352941,17.0,0.0,0.0,0.0,40.0,0.0,0.0,0.0,36.0,0.0,0.0,0.0,15.0
p_1358,0.008695652173913044,0.02857142857142857,0.005128205128205128,0.01570048309178744,0.051587301587301584,0.009259259259259259,108.0,0.0,0.0,0.0,0.0,0.0,0.0,0.0,21.0,0.043478260869565216,0.14285714285714285,0.02564102564102564,39.0,0.0,0.0,0.0,25.0,0.0,0.0,0.0,23.0
p_1359,0.0,0.0,0.0,0.0,0.0,0.0,108.0,0.0,0.0,0.0,0.0,0.0,0.0,0.0,15.0,0.0,0.0,0.0,46.0,0.0,0.0,0.0,33.0,0.0,0.0,0.0,14.0
p_1360,0.06315789473684211,0.08571428571428572,0.05,0.03508771929824561,0.047619047619047616,0.027777777777777776,108.0,0.0,0.0,0.0,0.0,0.3157894736842105,0.42857142857142855,0.25,12.0,0.0,0.0,0.0,50.0,0.0,0.0,0.0,35.0,0.0,0.0,0.0,11.0
p_1361,0.03333333333333333,0.05714285714285714,0.023529411764705882,0.026234567901234566,0.04497354497354497,0.018518518518518517,108.0,0.0,0.0,0.0,0.0,0.16666666666666666,0.2857142857142857,0.11764705882352941,17.0,0.0,0.0,0.0,31.0,0.0,0.0,0.0,50.0,0.0,0.0,0.0,10.0
p_1362,0.024489795918367346,0.08571428571428572,0.014285714285714285,0.047619047619047616,0.16666666666666666,0.027777777777777776,108.0,0.0,0.0,0.0,0.0,0.0,0.0,0.0,17.0,0.12244897959183673,0.42857142857142855,0.07142857142857142,42.0,0.0,0.0,0.0,42.0,0.0,0.0,0.0,7.0
p_1363,0.02,0.05714285714285714,0.012121212121212121,0.030555555555555558,0.08730158730158731,0.018518518518518517,108.0,0.0,0.0,0.0,0.0,0.1,0.2857142857142857,0.06060606060606061,33.0,0.0,0.0,0.0,20.0,0.0,0.0,0.0,37.0,0.0,0.0,0.0,18.0
p_1364,0.02222222222222222,0.05,0.014285714285714285,0.028806584362139915,0.06481481481481481,0.018518518518518517,108.0,0.0,0.0,0.0,0.0,0.0,0.0,0.0,11.0,0.0,0.0,0.0,44.0,0.1111111111111111,0.25,0.07142857142857142,28.0,0.0,0.0,0.0,25.0
p_1365,0.03,0.08571428571428572,0.01818181818181818,0.04583333333333334,0.13095238095238096,0.027777777777777776,108.0,0.0,0.0,0.0,0.0,0.0,0.0,0.0,35.0,0.0,0.0,0.0,14.0,0.15,0.42857142857142855,0.09090909090909091,33.0,0.0,0.0,0.0,26.0
p_1366,0.0,0.0,0.0,0.0,0.0,0.0,108.0,0.0,0.0,0.0,0.0,0.0,0.0,0.0,13.0,0.0,0.0,0.0,36.0,0.0,0.0,0.0,31.0,0.0,0.0,0.0,28.0
p_1367,0.009523809523809523,0.025,0.0058823529411764705,0.014991181657848325,0.03935185185185185,0.009259259259259259,108.0,0.0,0.0,0.0,0.0,0.047619047619047616,0.125,0.029411764705882353,34.0,0.0,0.0,0.0,27.0,0.0,0.0,0.0,13.0,0.0,0.0,0.0,34.0
p_1368,0.05517241379310345,0.1,0.03809523809523809,0.05363984674329502,0.09722222222222222,0.037037037037037035,108.0,0.0,0.0,0.0,0.0,0.27586206896551724,0.5,0.19047619047619047,21.0,0.0,0.0,0.0,37.0,0.0,0.0,0.0,32.0,0.0,0.0,0.0,18.0
p_1369,0.014814814814814814,0.05714285714285714,0.00851063829787234,0.03223593964334705,0.12433862433862432,0.018518518518518517,108.0,0.0,0.0,0.0,0.0,0.0,0.0,0.0,28.0,0.0,0.0,0.0,22.0,0.07407407407407407,0.2857142857142857,0.0425531914893617,47.0,0.0,0.0,0.0,11.0
p_1370,0.010256410256410256,0.02857142857142857,0.00625,0.015194681861348527,0.042328042328042326,0.009259259259259259,108.0,0.0,0.0,0.0,0.0,0.0,0.0,0.0,36.0,0.0,0.0,0.0,26.0,0.05128205128205128,0.14285714285714285,0.03125,32.0,0.0,0.0,0.0,14.0
p_1371,0.024242424242424242,0.05,0.016,0.028058361391694726,0.05787037037037037,0.018518518518518517,108.0,0.0,0.0,0.0,0.0,0.0,0.0,0.0,24.0,0.0,0.0,0.0,13.0,0.0,0.0,0.0,46.0,0.12121212121212122,0.25,0.08,25.0
p_1372,0.010526315789473684,0.02857142857142857,0.0064516129032258064,0.015107212475633527,0.041005291005290996,0.009259259259259259,108.0,0.0,0.0,0.0,0.0,0.0,0.0,0.0,37.0,0.05263157894736842,0.14285714285714285,0.03225806451612903,31.0,0.0,0.0,0.0,28.0,0.0,0.0,0.0,12.0
p_1373,0.013333333333333332,0.025,0.00909090909090909,0.013580246913580245,0.02546296296296296,0.009259259259259259,108.0,0.0,0.0,0.0,0.0,0.0,0.0,0.0,21.0,0.0,0.0,0.0,12.0,0.0,0.0,0.0,53.0,0.06666666666666667,0.125,0.045454545454545456,22.0
p_1374,0.014814814814814814,0.02857142857142857,0.01,0.013717421124828532,0.02645502645502645,0.009259259259259259,108.0,0.0,0.0,0.0,0.0,0.0,0.0,0.0,23.0,0.07407407407407407,0.14285714285714285,0.05,20.0,0.0,0.0,0.0,48.0,0.0,0.0,0.0,17.0
p_1375,0.0,0.0,0.0,0.0,0.0,0.0,108.0,0.0,0.0,0.0,0.0,0.0,0.0,0.0,35.0,0.0,0.0,0.0,38.0,0.0,0.0,0.0,25.0,0.0,0.0,0.0,10.0
p_1376,0.0,0.0,0.0,0.0,0.0,0.0,108.0,0.0,0.0,0.0,0.0,0.0,0.0,0.0,14.0,0.0,0.0,0.0,29.0,0.0,0.0,0.0,47.0,0.0,0.0,0.0,18.0
p_1377,0.012903225806451613,0.025,0.008695652173913044,0.013739545997610514,0.02662037037037037,0.009259259259259259,108.0,0.0,0.0,0.0,0.0,0.06451612903225806,0.125,0.043478260869565216,23.0,0.0,0.0,0.0,48.0,0.0,0.0,0.0,19.0,0.0,0.0,0.0,18.0
p_1378,0.014814814814814814,0.025,0.010526315789473684,0.013031550068587106,0.02199074074074074,0.009259259259259259,108.0,0.0,0.0,0.0,0.0,0.0,0.0,0.0,26.0,0.0,0.0,0.0,32.0,0.0,0.0,0.0,31.0,0.07407407407407407,0.125,0.05263157894736842,19.0
p_1379,0.02553191489361702,0.075,0.015384615384615385,0.04609929078014184,0.13541666666666666,0.027777777777777776,108.0,0.0,0.0,0.0,0.0,0.0,0.0,0.0,17.0,0.0,0.0,0.0,34.0,0.0,0.0,0.0,18.0,0.1276595744680851,0.375,0.07692307692307693,39.0
p_1380,0.010810810810810811,0.025,0.006896551724137931,0.014514514514514514,0.03356481481481482,0.009259259259259259,108.0,0.0,0.0,0.0,0.0,0.05405405405405406,0.125,0.034482758620689655,29.0,0.0,0.0,0.0,46.0,0.0,0.0,0.0,20.0,0.0,0.0,0.0,13.0
p_1381,0.046153846153846156,0.08571428571428572,0.031578947368421054,0.0405982905982906,0.07539682539682539,0.027777777777777776,108.0,0.0,0.0,0.0,0.0,0.0,0.0,0.0,24.0,0.0,0.0,0.0,23.0,0.23076923076923078,0.42857142857142855,0.15789473684210525,19.0,0.0,0.0,0.0,42.0
p_1382,0.016,0.025,0.011764705882352941,0.012592592592592593,0.019675925925925927,0.009259259259259259,108.0,0.0,0.0,0.0,0.0,0.0,0.0,0.0,58.0,0.0,0.0,0.0,16.0,0.08,0.125,0.058823529411764705,17.0,0.0,0.0,0.0,17.0
p_1383,0.02,0.05,0.0125,0.02962962962962963,0.07407407407407407,0.018518518518518517,108.0,0.0,0.0,0.0,0.0,0.0,0.0,0.0,29.0,0.1,0.25,0.0625,32.0,0.0,0.0,0.0,18.0,0.0,0.0,0.0,29.0
p_1384,0.014814814814814814,0.02857142857142857,0.01,0.013717421124828532,0.02645502645502645,0.009259259259259259,108.0,0.0,0.0,0.0,0.0,0.0,0.0,0.0,35.0,0.07407407407407407,0.14285714285714285,0.05,20.0,0.0,0.0,0.0,29.0,0.0,0.0,0.0,24.0
p_1385,0.014285714285714285,0.05714285714285714,0.008163265306122448,0.032407407407407406,0.12962962962962962,0.018518518518518517,108.0,0.0,0.0,0.0,0.0,0.0,0.0,0.0,28.0,0.07142857142857142,0.2857142857142857,0.04081632653061224,49.0,0.0,0.0,0.0,13.0,0.0,0.0,0.0,18.0
p_1386,0.014285714285714285,0.02857142857142857,0.009523809523809523,0.013888888888888888,0.027777777777777776,0.009259259259259259,108.0,0.0,0.0,0.0,0.0,0.0,0.0,0.0,22.0,0.07142857142857142,0.14285714285714285,0.047619047619047616,21.0,0.0,0.0,0.0,33.0,0.0,0.0,0.0,32.0
p_1387,0.02857142857142857,0.08888888888888888,0.01702127659574468,0.06216931216931216,0.1934156378600823,0.037037037037037035,108.0,0.0,0.0,0.0,0.0,0.0,0.0,0.0,25.0,0.14285714285714285,0.4444444444444444,0.0851063829787234,47.0,0.0,0.0,0.0,26.0,0.0,0.0,0.0,10.0
p_1388,0.03,0.075,0.01875,0.044444444444444446,0.1111111111111111,0.027777777777777776,108.0,0.0,0.0,0.0,0.0,0.0,0.0,0.0,36.0,0.0,0.0,0.0,22.0,0.15,0.375,0.09375,32.0,0.0,0.0,0.0,18.0
p_1389,0.021052631578947368,0.05,0.013333333333333332,0.029239766081871347,0.06944444444444445,0.018518518518518517,108.0,0.0,0.0,0.0,0.0,0.0,0.0,0.0,20.0,0.0,0.0,0.0,35.0,0.10526315789473684,0.25,0.06666666666666667,30.0,0.0,0.0,0.0,23.0
p_1390,0.01702127659574468,0.05,0.010256410256410256,0.030732860520094562,0.09027777777777778,0.018518518518518517,108.0,0.0,0.0,0.0,0.0,0.0,0.0,0.0,32.0,0.0,0.0,0.0,16.0,0.0851063829787234,0.25,0.05128205128205128,39.0,0.0,0.0,0.0,21.0
p_1391,0.00392156862745098,0.0019801980198019802,0.2,0.00018155410312273057,9.167583425009168e-05,0.009259259259259259,108.0,0.0196078431372549,0.009900990099009901,1.0,1.0,0.0,0.0,0.0,33.0,0.0,0.0,0.0,27.0,0.0,0.0,0.0,33.0,0.0,0.0,0.0,14.0
p_1392,0.0,0.0,0.0,0.0,0.0,0.0,108.0,0.0,0.0,0.0,0.0,0.0,0.0,0.0,38.0,0.0,0.0,0.0,17.0,0.0,0.0,0.0,41.0,0.0,0.0,0.0,12.0
p_1393,0.0,0.0,0.0,0.0,0.0,0.0,108.0,0.0,0.0,0.0,0.0,0.0,0.0,0.0,41.0,0.0,0.0,0.0,26.0,0.0,0.0,0.0,16.0,0.0,0.0,0.0,25.0
p_1394,0.013559322033898305,0.05714285714285714,0.007692307692307693,0.032642812303829254,0.13756613756613756,0.018518518518518517,108.0,0.0,0.0,0.0,0.0,0.06779661016949153,0.2857142857142857,0.038461538461538464,52.0,0.0,0.0,0.0,19.0,0.0,0.0,0.0,24.0,0.0,0.0,0.0,13.0
p_1395,0.01,0.02857142857142857,0.006060606060606061,0.015277777777777779,0.043650793650793655,0.009259259259259259,108.0,0.0,0.0,0.0,0.0,0.0,0.0,0.0,35.0,0.05,0.14285714285714285,0.030303030303030304,33.0,0.0,0.0,0.0,22.0,0.0,0.0,0.0,18.0
p_1396,0.05,0.08571428571428572,0.03529411764705882,0.03935185185185185,0.06746031746031746,0.027777777777777776,108.0,0.0,0.0,0.0,0.0,0.0,0.0,0.0,26.0,0.0,0.0,0.0,30.0,0.0,0.0,0.0,35.0,0.25,0.42857142857142855,0.17647058823529413,17.0
p_1397,0.04444444444444444,0.1,0.02857142857142857,0.05761316872427983,0.12962962962962962,0.037037037037037035,108.0,0.0,0.0,0.0,0.0,0.0,0.0,0.0,15.0,0.2222222222222222,0.5,0.14285714285714285,28.0,0.0,0.0,0.0,47.0,0.0,0.0,0.0,18.0
p_1398,0.03636363636363636,0.075,0.024,0.04208754208754209,0.08680555555555555,0.027777777777777776,108.0,0.0,0.0,0.0,0.0,0.18181818181818182,0.375,0.12,25.0,0.0,0.0,0.0,22.0,0.0,0.0,0.0,27.0,0.0,0.0,0.0,34.0
p_1399,0.03404255319148936,0.08888888888888888,0.021052631578947368,0.0598896769109535,0.15637860082304528,0.037037037037037035,108.0,0.0,0.0,0.0,0.0,0.0,0.0,0.0,29.0,0.1702127659574468,0.4444444444444444,0.10526315789473684,38.0,0.0,0.0,0.0,18.0,0.0,0.0,0.0,23.0
p_1400,0.045714285714285714,0.11428571428571428,0.02857142857142857,0.059259259259259255,0.14814814814814814,0.037037037037037035,108.0,0.0,0.0,0.0,0.0,0.0,0.0,0.0,33.0,0.0,0.0,0.0,20.0,0.22857142857142856,0.5714285714285714,0.14285714285714285,28.0,0.0,0.0,0.0,27.0
p_1401,0.016666666666666666,0.025,0.0125,0.012345679012345678,0.018518518518518517,0.009259259259259259,108.0,0.0,0.0,0.0,0.0,0.0,0.0,0.0,16.0,0.0,0.0,0.0,44.0,0.08333333333333333,0.125,0.0625,16.0,0.0,0.0,0.0,32.0
p_1402,0.03636363636363636,0.05714285714285714,0.026666666666666665,0.025252525252525256,0.03968253968253968,0.018518518518518517,108.0,0.0,0.0,0.0,0.0,0.0,0.0,0.0,27.0,0.0,0.0,0.0,31.0,0.18181818181818182,0.2857142857142857,0.13333333333333333,15.0,0.0,0.0,0.0,35.0
p_1403,0.0,0.0,0.0,0.0,0.0,0.0,108.0,0.0,0.0,0.0,0.0,0.0,0.0,0.0,21.0,0.0,0.0,0.0,23.0,0.0,0.0,0.0,23.0,0.0,0.0,0.0,41.0
p_1404,0.0,0.0,0.0,0.0,0.0,0.0,108.0,0.0,0.0,0.0,0.0,0.0,0.0,0.0,32.0,0.0,0.0,0.0,30.0,0.0,0.0,0.0,28.0,0.0,0.0,0.0,18.0
p_1405,0.012121212121212121,0.02857142857142857,0.007692307692307693,0.014590347923681257,0.03439153439153439,0.009259259259259259,108.0,0.0,0.0,0.0,0.0,0.0,0.0,0.0,34.0,0.06060606060606061,0.14285714285714285,0.038461538461538464,26.0,0.0,0.0,0.0,20.0,0.0,0.0,0.0,28.0
p_1406,0.010810810810810811,0.025,0.006896551724137931,0.014514514514514514,0.03356481481481482,0.009259259259259259,108.0,0.0,0.0,0.0,0.0,0.0,0.0,0.0,19.0,0.0,0.0,0.0,22.0,0.05405405405405406,0.125,0.034482758620689655,29.0,0.0,0.0,0.0,38.0
p_1407,0.046153846153846156,0.08571428571428572,0.031578947368421054,0.0405982905982906,0.07539682539682539,0.027777777777777776,108.0,0.0,0.0,0.0,0.0,0.0,0.0,0.0,26.0,0.0,0.0,0.0,28.0,0.0,0.0,0.0,35.0,0.23076923076923078,0.42857142857142855,0.15789473684210525,19.0
p_1408,0.03076923076923077,0.08571428571428572,0.01875,0.045584045584045586,0.12698412698412698,0.027777777777777776,108.0,0.0,0.0,0.0,0.0,0.0,0.0,0.0,32.0,0.15384615384615385,0.42857142857142855,0.09375,32.0,0.0,0.0,0.0,28.0,0.0,0.0,0.0,16.0
p_1409,0.011428571428571429,0.025,0.007407407407407407,0.014285714285714284,0.03125,0.009259259259259259,108.0,0.0,0.0,0.0,0.0,0.0,0.0,0.0,29.0,0.05714285714285714,0.125,0.037037037037037035,27.0,0.0,0.0,0.0,39.0,0.0,0.0,0.0,13.0
p_1410,0.012698412698412698,0.05,0.007272727272727273,0.03233392122281011,0.12731481481481483,0.018518518518518517,108.0,0.0,0.0,0.0,0.0,0.0,0.0,0.0,29.0,0.06349206349206349,0.25,0.03636363636363636,55.0,0.0,0.0,0.0,18.0,0.0,0.0,0.0,6.0
p_1411,0.0,0.0,0.0,0.0,0.0,0.0,108.0,0.0,0.0,0.0,0.0,0.0,0.0,0.0,15.0,0.0,0.0,0.0,48.0,0.0,0.0,0.0,29.0,0.0,0.0,0.0,16.0
p_1412,0.0,0.0,0.0,0.0,0.0,0.0,108.0,0.0,0.0,0.0,0.0,0.0,0.0,0.0,20.0,0.0,0.0,0.0,61.0,0.0,0.0,0.0,15.0,0.0,0.0,0.0,12.0
p_1413,0.01,0.025,0.00625,0.014814814814814815,0.037037037037037035,0.009259259259259259,108.0,0.0,0.0,0.0,0.0,0.0,0.0,0.0,20.0,0.0,0.0,0.0,35.0,0.05,0.125,0.03125,32.0,0.0,0.0,0.0,21.0
p_1414,0.008695652173913044,0.025,0.005263157894736842,0.015297906602254429,0.04398148148148148,0.009259259259259259,108.0,0.0,0.0,0.0,0.0,0.0,0.0,0.0,18.0,0.043478260869565216,0.125,0.02631578947368421,38.0,0.0,0.0,0.0,27.0,0.0,0.0,0.0,25.0
p_1415,0.0,0.0,0.0,0.0,0.0,0.0,108.0,0.0,0.0,0.0,0.0,0.0,0.0,0.0,28.0,0.0,0.0,0.0,33.0,0.0,0.0,0.0,37.0,0.0,0.0,0.0,10.0
p_1416,0.01818181818181818,0.05714285714285714,0.010810810810810811,0.031144781144781145,0.09788359788359788,0.018518518518518517,108.0,0.0,0.0,0.0,0.0,0.0,0.0,0.0,21.0,0.0,0.0,0.0,37.0,0.09090909090909091,0.2857142857142857,0.05405405405405406,37.0,0.0,0.0,0.0,13.0
p_1417,0.047619047619047616,0.14285714285714285,0.02857142857142857,0.07716049382716049,0.23148148148148148,0.046296296296296294,108.0,0.0,0.0,0.0,0.0,0.0,0.0,0.0,41.0,0.0,0.0,0.0,14.0,0.23809523809523808,0.7142857142857143,0.14285714285714285,35.0,0.0,0.0,0.0,18.0
p_1418,0.026666666666666665,0.075,0.016216216216216217,0.04567901234567901,0.1284722222222222,0.027777777777777776,108.0,0.0,0.0,0.0,0.0,0.0,0.0,0.0,13.0,0.0,0.0,0.0,26.0,0.13333333333333333,0.375,0.08108108108108109,37.0,0.0,0.0,0.0,32.0
p_1419,0.029629629629629627,0.05714285714285714,0.02,0.027434842249657063,0.0529100529100529,0.018518518518518517,108.0,0.0,0.0,0.0,0.0,0.0,0.0,0.0,34.0,0.14814814814814814,0.2857142857142857,0.1,20.0,0.0,0.0,0.0,29.0,0.0,0.0,0.0,25.0
p_1420,0.00909090909090909,0.025,0.005555555555555555,0.015151515151515152,0.041666666666666664,0.009259259259259259,108.0,0.0,0.0,0.0,0.0,0.0,0.0,0.0,29.0,0.0,0.0,0.0,27.0,0.0,0.0,0.0,16.0,0.045454545454545456,0.125,0.027777777777777776,36.0
p_1421,0.0,0.0,0.0,0.0,0.0,0.0,108.0,0.0,0.0,0.0,0.0,0.0,0.0,0.0,45.0,0.0,0.0,0.0,23.0,0.0,0.0,0.0,20.0,0.0,0.0,0.0,20.0
p_1422,0.029629629629629627,0.05,0.021052631578947368,0.02606310013717421,0.04398148148148148,0.018518518518518517,108.0,0.0,0.0,0.0,0.0,0.0,0.0,0.0,13.0,0.0,0.0,0.0,54.0,0.0,0.0,0.0,22.0,0.14814814814814814,0.25,0.10526315789473684,19.0
p_1423,0.0,0.0,0.0,0.0,0.0,0.0,108.0,0.0,0.0,0.0,0.0,0.0,0.0,0.0,24.0,0.0,0.0,0.0,26.0,0.0,0.0,0.0,25.0,0.0,0.0,0.0,33.0
p_1424,0.021917808219178082,0.11428571428571428,0.012121212121212121,0.0669710806697108,0.34920634920634924,0.037037037037037035,108.0,0.0,0.0,0.0,0.0,0.0,0.0,0.0,8.0,0.1095890410958904,0.5714285714285714,0.06060606060606061,66.0,0.0,0.0,0.0,23.0,0.0,0.0,0.0,11.0
p_1425,0.01818181818181818,0.05714285714285714,0.010810810810810811,0.031144781144781145,0.09788359788359788,0.018518518518518517,108.0,0.0,0.0,0.0,0.0,0.0,0.0,0.0,27.0,0.0,0.0,0.0,25.0,0.09090909090909091,0.2857142857142857,0.05405405405405406,37.0,0.0,0.0,0.0,19.0
p_1426,0.05714285714285714,0.15555555555555556,0.034999999999999996,0.1058201058201058,0.2880658436213992,0.06481481481481481,108.0,0.0,0.0,0.0,0.0,0.0,0.0,0.0,15.0,0.0,0.0,0.0,43.0,0.2857142857142857,0.7777777777777778,0.175,40.0,0.0,0.0,0.0,10.0
p_1427,0.06451612903225806,0.11111111111111112,0.045454545454545456,0.06571087216248507,0.1131687242798354,0.046296296296296294,108.0,0.0,0.0,0.0,0.0,0.3225806451612903,0.5555555555555556,0.22727272727272727,22.0,0.0,0.0,0.0,21.0,0.0,0.0,0.0,56.0,0.0,0.0,0.0,9.0
p_1428,0.03809523809523809,0.05714285714285714,0.02857142857142857,0.024691358024691357,0.037037037037037035,0.018518518518518517,108.0,0.0,0.0,0.0,0.0,0.0,0.0,0.0,13.0,0.0,0.0,0.0,34.0,0.0,0.0,0.0,47.0,0.19047619047619047,0.2857142857142857,0.14285714285714285,14.0
p_1429,0.02711864406779661,0.11428571428571428,0.015384615384615385,0.06528562460765851,0.2751322751322751,0.037037037037037035,108.0,0.0,0.0,0.0,0.0,0.0,0.0,0.0,11.0,0.13559322033898305,0.5714285714285714,0.07692307692307693,52.0,0.0,0.0,0.0,35.0,0.0,0.0,0.0,10.0
p_1430,0.03076923076923077,0.05714285714285714,0.021052631578947368,0.02706552706552707,0.05026455026455026,0.018518518518518517,108.0,0.0,0.0,0.0,0.0,0.15384615384615385,0.2857142857142857,0.10526315789473684,19.0,0.0,0.0,0.0,20.0,0.0,0.0,0.0,41.0,0.0,0.0,0.0,28.0
p_1431,0.019047619047619046,0.04444444444444444,0.012121212121212121,0.0291005291005291,0.06790123456790123,0.018518518518518517,108.0,0.0,0.0,0.0,0.0,0.0,0.0,0.0,25.0,0.09523809523809523,0.2222222222222222,0.06060606060606061,33.0,0.0,0.0,0.0,22.0,0.0,0.0,0.0,28.0
p_1432,0.0,0.0,0.0,0.0,0.0,0.0,108.0,0.0,0.0,0.0,0.0,0.0,0.0,0.0,23.0,0.0,0.0,0.0,45.0,0.0,0.0,0.0,33.0,0.0,0.0,0.0,7.0
p_1433,0.032,0.05714285714285714,0.02222222222222222,0.026666666666666665,0.047619047619047616,0.018518518518518517,108.0,0.0,0.0,0.0,0.0,0.16,0.2857142857142857,0.1111111111111111,18.0,0.0,0.0,0.0,25.0,0.0,0.0,0.0,53.0,0.0,0.0,0.0,12.0
p_1434,0.04,0.08571428571428572,0.02608695652173913,0.0425925925925926,0.09126984126984126,0.027777777777777776,108.0,0.0,0.0,0.0,0.0,0.2,0.42857142857142855,0.13043478260869565,23.0,0.0,0.0,0.0,40.0,0.0,0.0,0.0,18.0,0.0,0.0,0.0,27.0
p_1435,0.0,0.0,0.0,0.0,0.0,0.0,108.0,0.0,0.0,0.0,0.0,0.0,0.0,0.0,21.0,0.0,0.0,0.0,44.0,0.0,0.0,0.0,22.0,0.0,0.0,0.0,21.0
p_1436,0.023529411764705882,0.05714285714285714,0.014814814814814814,0.029411764705882353,0.07142857142857142,0.018518518518518517,108.0,0.0,0.0,0.0,0.0,0.11764705882352941,0.2857142857142857,0.07407407407407407,27.0,0.0,0.0,0.0,32.0,0.0,0.0,0.0,18.0,0.0,0.0,0.0,31.0
p_1437,0.010256410256410256,0.02857142857142857,0.00625,0.015194681861348527,0.042328042328042326,0.009259259259259259,108.0,0.0,0.0,0.0,0.0,0.0,0.0,0.0,33.0,0.05128205128205128,0.14285714285714285,0.03125,32.0,0.0,0.0,0.0,29.0,0.0,0.0,0.0,14.0
p_1438,0.0,0.0,0.0,0.0,0.0,0.0,108.0,0.0,0.0,0.0,0.0,0.0,0.0,0.0,21.0,0.0,0.0,0.0,35.0,0.0,0.0,0.0,32.0,0.0,0.0,0.0,20.0
p_1439,0.0,0.0,0.0,0.0,0.0,0.0,108.0,0.0,0.0,0.0,0.0,0.0,0.0,0.0,26.0,0.0,0.0,0.0,36.0,0.0,0.0,0.0,23.0,0.0,0.0,0.0,23.0
p_1440,0.042105263157894736,0.11428571428571428,0.025806451612903226,0.06042884990253411,0.16402116402116398,0.037037037037037035,108.0,0.0,0.0,0.0,0.0,0.0,0.0,0.0,15.0,0.21052631578947367,0.5714285714285714,0.12903225806451613,31.0,0.0,0.0,0.0,51.0,0.0,0.0,0.0,11.0
p_1441,0.0,0.0,0.0,0.0,0.0,0.0,108.0,0.0,0.0,0.0,0.0,0.0,0.0,0.0,20.0,0.0,0.0,0.0,31.0,0.0,0.0,0.0,44.0,0.0,0.0,0.0,13.0
p_1442,0.013333333333333332,0.02857142857142857,0.008695652173913044,0.01419753086419753,0.03042328042328042,0.009259259259259259,108.0,0.0,0.0,0.0,0.0,0.06666666666666667,0.14285714285714285,0.043478260869565216,23.0,0.0,0.0,0.0,28.0,0.0,0.0,0.0,48.0,0.0,0.0,0.0,9.0
p_1443,0.02857142857142857,0.02857142857142857,0.02857142857142857,0.009259259259259259,0.009259259259259259,0.009259259259259259,108.0,0.0,0.0,0.0,0.0,0.0,0.0,0.0,29.0,0.0,0.0,0.0,28.0,0.0,0.0,0.0,44.0,0.14285714285714285,0.14285714285714285,0.14285714285714285,7.0
p_1444,0.010810810810810811,0.02857142857142857,0.006666666666666666,0.015015015015015017,0.03968253968253968,0.009259259259259259,108.0,0.0,0.0,0.0,0.0,0.05405405405405406,0.14285714285714285,0.03333333333333333,30.0,0.0,0.0,0.0,34.0,0.0,0.0,0.0,37.0,0.0,0.0,0.0,7.0
p_1445,0.017777777777777778,0.05,0.010810810810810811,0.030452674897119343,0.08564814814814815,0.018518518518518517,108.0,0.0,0.0,0.0,0.0,0.0,0.0,0.0,19.0,0.0,0.0,0.0,42.0,0.08888888888888889,0.25,0.05405405405405406,37.0,0.0,0.0,0.0,10.0
p_1446,0.02727272727272727,0.075,0.016666666666666666,0.04545454545454545,0.125,0.027777777777777776,108.0,0.0,0.0,0.0,0.0,0.0,0.0,0.0,20.0,0.0,0.0,0.0,43.0,0.13636363636363635,0.375,0.08333333333333333,36.0,0.0,0.0,0.0,9.0
p_1447,0.0,0.0,0.0,0.0,0.0,0.0,108.0,0.0,0.0,0.0,0.0,0.0,0.0,0.0,21.0,0.0,0.0,0.0,29.0,0.0,0.0,0.0,25.0,0.0,0.0,0.0,33.0
p_1448,0.03333333333333333,0.08571428571428572,0.020689655172413793,0.044753086419753084,0.11507936507936506,0.027777777777777776,108.0,0.0,0.0,0.0,0.0,0.0,0.0,0.0,26.0,0.0,0.0,0.0,41.0,0.16666666666666666,0.42857142857142855,0.10344827586206896,29.0,0.0,0.0,0.0,12.0
p_1449,0.024,0.075,0.014285714285714285,0.04666666666666667,0.14583333333333334,0.027777777777777776,108.0,0.0,0.0,0.0,0.0,0.0,0.0,0.0,26.0,0.12,0.375,0.07142857142857142,42.0,0.0,0.0,0.0,18.0,0.0,0.0,0.0,22.0
p_1450,0.042105263157894736,0.11428571428571428,0.025806451612903226,0.06042884990253411,0.16402116402116398,0.037037037037037035,108.0,0.0,0.0,0.0,0.0,0.0,0.0,0.0,41.0,0.21052631578947367,0.5714285714285714,0.12903225806451613,31.0,0.0,0.0,0.0,27.0,0.0,0.0,0.0,9.0
p_1451,0.017391304347826087,0.025,0.013333333333333332,0.012077294685990338,0.017361111111111112,0.009259259259259259,108.0,0.0,0.0,0.0,0.0,0.08695652173913043,0.125,0.06666666666666667,15.0,0.0,0.0,0.0,43.0,0.0,0.0,0.0,34.0,0.0,0.0,0.0,16.0
p_1452,0.029629629629629627,0.05714285714285714,0.02,0.027434842249657063,0.0529100529100529,0.018518518518518517,108.0,0.0,0.0,0.0,0.0,0.0,0.0,0.0,43.0,0.14814814814814814,0.2857142857142857,0.1,20.0,0.0,0.0,0.0,26.0,0.0,0.0,0.0,19.0
p_1453,0.0,0.0,0.0,0.0,0.0,0.0,108.0,0.0,0.0,0.0,0.0,0.0,0.0,0.0,28.0,0.0,0.0,0.0,22.0,0.0,0.0,0.0,31.0,0.0,0.0,0.0,27.0
p_1454,0.0,0.0,0.0,0.0,0.0,0.0,108.0,0.0,0.0,0.0,0.0,0.0,0.0,0.0,36.0,0.0,0.0,0.0,21.0,0.0,0.0,0.0,27.0,0.0,0.0,0.0,24.0
p_1455,0.012903225806451613,0.025,0.008695652173913044,0.013739545997610514,0.02662037037037037,0.009259259259259259,108.0,0.0,0.0,0.0,0.0,0.0,0.0,0.0,38.0,0.06451612903225806,0.125,0.043478260869565216,23.0,0.0,0.0,0.0,18.0,0.0,0.0,0.0,29.0
p_1456,0.016,0.02857142857142857,0.01111111111111111,0.013333333333333332,0.023809523809523808,0.009259259259259259,108.0,0.0,0.0,0.0,0.0,0.0,0.0,0.0,29.0,0.0,0.0,0.0,50.0,0.0,0.0,0.0,11.0,0.08,0.14285714285714285,0.05555555555555555,18.0
p_1457,0.023529411764705882,0.08571428571428572,0.013636363636363636,0.04793028322440088,0.17460317460317462,0.027777777777777776,108.0,0.0,0.0,0.0,0.0,0.11764705882352941,0.42857142857142855,0.06818181818181818,44.0,0.0,0.0,0.0,34.0,0.0,0.0,0.0,22.0,0.0,0.0,0.0,8.0
p_1458,0.01818181818181818,0.02857142857142857,0.013333333333333332,0.012626262626262628,0.01984126984126984,0.009259259259259259,108.0,0.0,0.0,0.0,0.0,0.0,0.0,0.0,37.0,0.0,0.0,0.0,41.0,0.0,0.0,0.0,15.0,0.09090909090909091,0.14285714285714285,0.06666666666666667,15.0
p_1459,0.017777777777777778,0.05,0.010810810810810811,0.030452674897119343,0.08564814814814815,0.018518518518518517,108.0,0.0,0.0,0.0,0.0,0.08888888888888889,0.25,0.05405405405405406,37.0,0.0,0.0,0.0,12.0,0.0,0.0,0.0,41.0,0.0,0.0,0.0,18.0
p_1460,0.06666666666666667,0.14285714285714285,0.043478260869565216,0.07098765432098765,0.15211640211640212,0.046296296296296294,108.0,0.0,0.0,0.0,0.0,0.0,0.0,0.0,50.0,0.3333333333333333,0.7142857142857143,0.21739130434782608,23.0,0.0,0.0,0.0,19.0,0.0,0.0,0.0,16.0
p_1461,0.015384615384615385,0.02857142857142857,0.010526315789473684,0.013532763532763534,0.02513227513227513,0.009259259259259259,108.0,0.0,0.0,0.0,0.0,0.0,0.0,0.0,54.0,0.0,0.0,0.0,27.0,0.07692307692307693,0.14285714285714285,0.05263157894736842,19.0,0.0,0.0,0.0,8.0
p_1462,0.041379310344827586,0.075,0.02857142857142857,0.040229885057471264,0.07291666666666667,0.027777777777777776,108.0,0.0,0.0,0.0,0.0,0.0,0.0,0.0,32.0,0.0,0.0,0.0,45.0,0.20689655172413793,0.375,0.14285714285714285,21.0,0.0,0.0,0.0,10.0
p_1463,0.014035087719298244,0.05,0.008163265306122448,0.03183885640025991,0.11342592592592593,0.018518518518518517,108.0,0.0,0.0,0.0,0.0,0.07017543859649122,0.25,0.04081632653061224,49.0,0.0,0.0,0.0,17.0,0.0,0.0,0.0,31.0,0.0,0.0,0.0,11.0
p_1464,0.010256410256410256,0.025,0.0064516129032258064,0.014719848053181385,0.03587962962962963,0.009259259259259259,108.0,0.0,0.0,0.0,0.0,0.0,0.0,0.0,26.0,0.05128205128205128,0.125,0.03225806451612903,31.0,0.0,0.0,0.0,45.0,0.0,0.0,0.0,6.0
p_1465,0.048484848484848485,0.1,0.032,0.05611672278338945,0.11574074074074074,0.037037037037037035,108.0,0.0,0.0,0.0,0.0,0.24242424242424243,0.5,0.16,25.0,0.0,0.0,0.0,19.0,0.0,0.0,0.0,34.0,0.0,0.0,0.0,30.0
p_1466,0.0,0.0,0.0,0.0,0.0,0.0,108.0,0.0,0.0,0.0,0.0,0.0,0.0,0.0,35.0,0.0,0.0,0.0,41.0,0.0,0.0,0.0,11.0,0.0,0.0,0.0,21.0
p_1467,0.025806451612903226,0.05,0.017391304347826087,0.027479091995221028,0.05324074074074074,0.018518518518518517,108.0,0.0,0.0,0.0,0.0,0.0,0.0,0.0,31.0,0.0,0.0,0.0,42.0,0.12903225806451613,0.25,0.08695652173913043,23.0,0.0,0.0,0.0,12.0
p_1468,0.0,0.0,0.0,0.0,0.0,0.0,108.0,0.0,0.0,0.0,0.0,0.0,0.0,0.0,10.0,0.0,0.0,0.0,45.0,0.0,0.0,0.0,24.0,0.0,0.0,0.0,29.0
p_1469,0.016326530612244896,0.05714285714285714,0.009523809523809523,0.031746031746031744,0.1111111111111111,0.018518518518518517,108.0,0.0,0.0,0.0,0.0,0.08163265306122448,0.2857142857142857,0.047619047619047616,42.0,0.0,0.0,0.0,26.0,0.0,0.0,0.0,27.0,0.0,0.0,0.0,13.0
p_1470,0.008,0.025,0.0047619047619047615,0.015555555555555555,0.04861111111111111,0.009259259259259259,108.0,0.0,0.0,0.0,0.0,0.0,0.0,0.0,22.0,0.04,0.125,0.023809523809523808,42.0,0.0,0.0,0.0,31.0,0.0,0.0,0.0,13.0
p_1471,0.020512820512820513,0.05714285714285714,0.0125,0.030389363722697054,0.08465608465608465,0.018518518518518517,108.0,0.0,0.0,0.0,0.0,0.0,0.0,0.0,39.0,0.0,0.0,0.0,25.0,0.10256410256410256,0.2857142857142857,0.0625,32.0,0.0,0.0,0.0,12.0
p_1472,0.014814814814814814,0.02857142857142857,0.01,0.013717421124828532,0.02645502645502645,0.009259259259259259,108.0,0.0,0.0,0.0,0.0,0.07407407407407407,0.14285714285714285,0.05,20.0,0.0,0.0,0.0,30.0,0.0,0.0,0.0,42.0,0.0,0.0,0.0,16.0
p_1473,0.026666666666666665,0.075,0.016216216216216217,0.04567901234567901,0.1284722222222222,0.027777777777777776,108.0,0.0,0.0,0.0,0.0,0.13333333333333333,0.375,0.08108108108108109,37.0,0.0,0.0,0.0,21.0,0.0,0.0,0.0,37.0,0.0,0.0,0.0,13.0
p_1474,0.03809523809523809,0.05,0.03076923076923077,0.022927689594356263,0.03009259259259259,0.018518518518518517,108.0,0.0,0.0,0.0,0.0,0.0,0.0,0.0,39.0,0.0,0.0,0.0,41.0,0.0,0.0,0.0,15.0,0.19047619047619047,0.25,0.15384615384615385,13.0
p_1475,0.018604651162790697,0.05,0.011428571428571429,0.030146425495262703,0.08101851851851852,0.018518518518518517,108.0,0.0,0.0,0.0,0.0,0.0,0.0,0.0,23.0,0.09302325581395349,0.25,0.05714285714285714,35.0,0.0,0.0,0.0,40.0,0.0,0.0,0.0,10.0
p_1476,0.013793103448275862,0.025,0.009523809523809523,0.013409961685823755,0.024305555555555556,0.009259259259259259,108.0,0.0,0.0,0.0,0.0,0.0,0.0,0.0,25.0,0.0,0.0,0.0,32.0,0.0,0.0,0.0,30.0,0.06896551724137931,0.125,0.047619047619047616,21.0
p_1477,0.016,0.02857142857142857,0.01111111111111111,0.013333333333333332,0.023809523809523808,0.009259259259259259,108.0,0.0,0.0,0.0,0.0,0.08,0.14285714285714285,0.05555555555555555,18.0,0.0,0.0,0.0,43.0,0.0,0.0,0.0,16.0,0.0,0.0,0.0,31.0
p_1478,0.019047619047619046,0.02857142857142857,0.014285714285714285,0.012345679012345678,0.018518518518518517,0.009259259259259259,108.0,0.0,0.0,0.0,0.0,0.0,0.0,0.0,21.0,0.0,0.0,0.0,35.0,0.0,0.0,0.0,38.0,0.09523809523809523,0.14285714285714285,0.07142857142857142,14.0
p_1479,0.03076923076923077,0.05714285714285714,0.021052631578947368,0.02706552706552707,0.05026455026455026,0.018518518518518517,108.0,0.0,0.0,0.0,0.0,0.0,0.0,0.0,27.0,0.0,0.0,0.0,42.0,0.15384615384615385,0.2857142857142857,0.10526315789473684,19.0,0.0,0.0,0.0,20.0
p_1480,0.0,0.0,0.0,0.0,0.0,0.0,108.0,0.0,0.0,0.0,0.0,0.0,0.0,0.0,28.0,0.0,0.0,0.0,26.0,0.0,0.0,0.0,26.0,0.0,0.0,0.0,28.0
p_1481,0.03137254901960784,0.11428571428571428,0.01818181818181818,0.06390704429920116,0.2328042328042328,0.037037037037037035,108.0,0.0,0.0,0.0,0.0,0.1568627450980392,0.5714285714285714,0.09090909090909091,44.0,0.0,0.0,0.0,24.0,0.0,0.0,0.0,35.0,0.0,0.0,0.0,5.0
p_1482,0.0,0.0,0.0,0.0,0.0,0.0,108.0,0.0,0.0,0.0,0.0,0.0,0.0,0.0,60.0,0.0,0.0,0.0,30.0,0.0,0.0,0.0,11.0,0.0,0.0,0.0,7.0
p_1483,0.0,0.0,0.0,0.0,0.0,0.0,108.0,0.0,0.0,0.0,0.0,0.0,0.0,0.0,26.0,0.0,0.0,0.0,27.0,0.0,0.0,0.0,19.0,0.0,0.0,0.0,36.0
p_1484,0.0,0.0,0.0,0.0,0.0,0.0,108.0,0.0,0.0,0.0,0.0,0.0,0.0,0.0,50.0,0.0,0.0,0.0,29.0,0.0,0.0,0.0,20.0,0.0,0.0,0.0,9.0
p_1485,0.0,0.0,0.0,0.0,0.0,0.0,108.0,0.0,0.0,0.0,0.0,0.0,0.0,0.0,23.0,0.0,0.0,0.0,29.0,0.0,0.0,0.0,27.0,0.0,0.0,0.0,29.0
p_1486,0.007692307692307693,0.025,0.004545454545454545,0.01566951566951567,0.05092592592592592,0.009259259259259259,108.0,0.0,0.0,0.0,0.0,0.038461538461538464,0.125,0.022727272727272728,44.0,0.0,0.0,0.0,13.0,0.0,0.0,0.0,34.0,0.0,0.0,0.0,17.0
p_1487,0.037209302325581395,0.1,0.022857142857142857,0.06029285099052541,0.16203703703703703,0.037037037037037035,108.0,0.0,0.0,0.0,0.0,0.0,0.0,0.0,27.0,0.18604651162790697,0.5,0.11428571428571428,35.0,0.0,0.0,0.0,27.0,0.0,0.0,0.0,19.0
p_1488,0.025806451612903226,0.05,0.017391304347826087,0.027479091995221028,0.05324074074074074,0.018518518518518517,108.0,0.0,0.0,0.0,0.0,0.0,0.0,0.0,25.0,0.0,0.0,0.0,26.0,0.0,0.0,0.0,34.0,0.12903225806451613,0.25,0.08695652173913043,23.0
p_1489,0.016,0.02857142857142857,0.01111111111111111,0.013333333333333332,0.023809523809523808,0.009259259259259259,108.0,0.0,0.0,0.0,0.0,0.08,0.14285714285714285,0.05555555555555555,18.0,0.0,0.0,0.0,45.0,0.0,0.0,0.0,31.0,0.0,0.0,0.0,14.0
p_1490,0.016,0.02857142857142857,0.01111111111111111,0.013333333333333332,0.023809523809523808,0.009259259259259259,108.0,0.0,0.0,0.0,0.0,0.0,0.0,0.0,49.0,0.0,0.0,0.0,16.0,0.0,0.0,0.0,25.0,0.08,0.14285714285714285,0.05555555555555555,18.0
p_1491,0.010810810810810811,0.025,0.006896551724137931,0.014514514514514514,0.03356481481481482,0.009259259259259259,108.0,0.0,0.0,0.0,1.0,0.0,0.0,0.0,33.0,0.05405405405405406,0.125,0.034482758620689655,29.0,0.0,0.0,0.0,29.0,0.0,0.0,0.0,16.0
p_1492,0.0125,0.02857142857142857,0.008,0.014467592592592593,0.03306878306878307,0.009259259259259259,108.0,0.0,0.0,0.0,0.0,0.0,0.0,0.0,48.0,0.0,0.0,0.0,22.0,0.0625,0.14285714285714285,0.04,25.0,0.0,0.0,0.0,13.0
p_1493,0.031578947368421054,0.075,0.02,0.043859649122807015,0.10416666666666667,0.027777777777777776,108.0,0.0,0.0,0.0,0.0,0.0,0.0,0.0,29.0,0.15789473684210525,0.375,0.1,30.0,0.0,0.0,0.0,35.0,0.0,0.0,0.0,14.0
p_1494,0.034782608695652174,0.04444444444444444,0.02857142857142857,0.022544283413848634,0.028806584362139915,0.018518518518518517,108.0,0.0,0.0,0.0,0.0,0.0,0.0,0.0,20.0,0.0,0.0,0.0,42.0,0.0,0.0,0.0,32.0,0.17391304347826086,0.2222222222222222,0.14285714285714285,14.0
p_1495,0.021621621621621623,0.05,0.013793103448275862,0.029029029029029027,0.06712962962962964,0.018518518518518517,108.0,0.0,0.0,0.0,0.0,0.0,0.0,0.0,37.0,0.10810810810810811,0.25,0.06896551724137931,29.0,0.0,0.0,0.0,17.0,0.0,0.0,0.0,25.0
p_1496,0.021052631578947368,0.05,0.013333333333333332,0.029239766081871347,0.06944444444444445,0.018518518518518517,108.0,0.0,0.0,0.0,0.0,0.0,0.0,0.0,52.0,0.0,0.0,0.0,13.0,0.10526315789473684,0.25,0.06666666666666667,30.0,0.0,0.0,0.0,13.0
p_1497,0.03809523809523809,0.11428571428571428,0.022857142857142857,0.06172839506172839,0.18518518518518517,0.037037037037037035,108.0,0.0,0.0,0.0,0.0,0.0,0.0,0.0,38.0,0.19047619047619047,0.5714285714285714,0.11428571428571428,35.0,0.0,0.0,0.0,15.0,0.0,0.0,0.0,20.0
p_1498,0.0,0.0,0.0,0.0,0.0,0.0,108.0,0.0,0.0,0.0,0.0,0.0,0.0,0.0,41.0,0.0,0.0,0.0,23.0,0.0,0.0,0.0,26.0,0.0,0.0,0.0,18.0
p_1499,0.02,0.05714285714285714,0.012121212121212121,0.030555555555555558,0.08730158730158731,0.018518518518518517,108.0,0.0,0.0,0.0,0.0,0.0,0.0,0.0,44.0,0.1,0.2857142857142857,0.06060606060606061,33.0,0.0,0.0,0.0,9.0,0.0,0.0,0.0,22.0
p_1500,0.0,0.0,0.0,0.0,0.0,0.0,108.0,0.0,0.0,0.0,0.0,0.0,0.0,0.0,37.0,0.0,0.0,0.0,42.0,0.0,0.0,0.0,11.0,0.0,0.0,0.0,18.0
p_1501,0.03529411764705882,0.08571428571428572,0.02222222222222222,0.04411764705882353,0.10714285714285714,0.027777777777777776,108.0,0.0,0.0,0.0,0.0,0.17647058823529413,0.42857142857142855,0.1111111111111111,27.0,0.0,0.0,0.0,43.0,0.0,0.0,0.0,9.0,0.0,0.0,0.0,29.0
p_1502,0.022857142857142857,0.05,0.014814814814814814,0.028571428571428567,0.0625,0.018518518518518517,108.0,0.0,0.0,0.0,0.0,0.0,0.0,0.0,32.0,0.0,0.0,0.0,36.0,0.0,0.0,0.0,13.0,0.11428571428571428,0.25,0.07407407407407407,27.0
p_1503,0.05,0.08888888888888888,0.034782608695652174,0.05324074074074074,0.09465020576131687,0.037037037037037035,108.0,0.0,0.0,0.0,0.0,0.0,0.0,0.0,39.0,0.25,0.4444444444444444,0.17391304347826086,23.0,0.0,0.0,0.0,15.0,0.0,0.0,0.0,31.0
p_1504,0.031578947368421054,0.075,0.02,0.043859649122807015,0.10416666666666667,0.027777777777777776,108.0,0.0,0.0,0.0,0.0,0.15789473684210525,0.375,0.1,30.0,0.0,0.0,0.0,31.0,0.0,0.0,0.0,24.0,0.0,0.0,0.0,23.0
p_1505,0.021621621621621623,0.05,0.013793103448275862,0.029029029029029027,0.06712962962962964,0.018518518518518517,108.0,0.0,0.0,0.0,0.0,0.0,0.0,0.0,20.0,0.0,0.0,0.0,24.0,0.10810810810810811,0.25,0.06896551724137931,29.0,0.0,0.0,0.0,35.0
p_1506,0.025,0.04444444444444444,0.017391304347826087,0.02662037037037037,0.047325102880658436,0.018518518518518517,108.0,0.0,0.0,0.0,0.0,0.0,0.0,0.0,31.0,0.125,0.2222222222222222,0.08695652173913043,23.0,0.0,0.0,0.0,30.0,0.0,0.0,0.0,24.0
p_1507,0.03529411764705882,0.08571428571428572,0.02222222222222222,0.04411764705882353,0.10714285714285714,0.027777777777777776,108.0,0.0,0.0,0.0,0.0,0.17647058823529413,0.42857142857142855,0.1111111111111111,27.0,0.0,0.0,0.0,34.0,0.0,0.0,0.0,26.0,0.0,0.0,0.0,21.0
p_1508,0.014285714285714285,0.02857142857142857,0.009523809523809523,0.013888888888888888,0.027777777777777776,0.009259259259259259,108.0,0.0,0.0,0.0,0.0,0.0,0.0,0.0,38.0,0.07142857142857142,0.14285714285714285,0.047619047619047616,21.0,0.0,0.0,0.0,12.0,0.0,0.0,0.0,37.0
p_1509,0.0,0.0,0.0,0.0,0.0,0.0,108.0,0.0,0.0,0.0,0.0,0.0,0.0,0.0,34.0,0.0,0.0,0.0,19.0,0.0,0.0,0.0,46.0,0.0,0.0,0.0,9.0
p_1510,0.04285714285714286,0.06666666666666667,0.031578947368421054,0.037698412698412696,0.05864197530864197,0.027777777777777776,108.0,0.0,0.0,0.0,0.0,0.21428571428571427,0.3333333333333333,0.15789473684210525,19.0,0.0,0.0,0.0,33.0,0.0,0.0,0.0,20.0,0.0,0.0,0.0,36.0
p_1511,0.016,0.05714285714285714,0.009302325581395349,0.03185185185185185,0.11375661375661375,0.018518518518518517,108.0,0.0,0.0,0.0,0.0,0.0,0.0,0.0,34.0,0.0,0.0,0.0,14.0,0.08,0.2857142857142857,0.046511627906976744,43.0,0.0,0.0,0.0,17.0
p_1512,0.018604651162790697,0.04444444444444444,0.011764705882352941,0.02928509905254091,0.06995884773662552,0.018518518518518517,108.0,0.0,0.0,0.0,0.0,0.0,0.0,0.0,31.0,0.09302325581395349,0.2222222222222222,0.058823529411764705,34.0,0.0,0.0,0.0,16.0,0.0,0.0,0.0,27.0
p_1513,0.0,0.0,0.0,0.0,0.0,0.0,108.0,0.0,0.0,0.0,0.0,0.0,0.0,0.0,26.0,0.0,0.0,0.0,22.0,0.0,0.0,0.0,14.0,0.0,0.0,0.0,46.0
p_1514,0.016,0.025,0.011764705882352941,0.012592592592592593,0.019675925925925927,0.009259259259259259,108.0,0.0,0.0,0.0,0.0,0.0,0.0,0.0,33.0,0.0,0.0,0.0,43.0,0.08,0.125,0.058823529411764705,17.0,0.0,0.0,0.0,15.0
p_1515,0.014814814814814814,0.025,0.010526315789473684,0.013031550068587106,0.02199074074074074,0.009259259259259259,108.0,0.0,0.0,0.0,0.0,0.0,0.0,0.0,19.0,0.0,0.0,0.0,29.0,0.07407407407407407,0.125,0.05263157894736842,19.0,0.0,0.0,0.0,41.0
p_1516,0.0,0.0,0.0,0.0,0.0,0.0,108.0,0.0,0.0,0.0,0.0,0.0,0.0,0.0,29.0,0.0,0.0,0.0,40.0,0.0,0.0,0.0,21.0,0.0,0.0,0.0,18.0
p_1517,0.034782608695652174,0.05714285714285714,0.025,0.02576489533011272,0.042328042328042326,0.018518518518518517,108.0,0.0,0.0,0.0,0.0,0.17391304347826086,0.2857142857142857,0.125,16.0,0.0,0.0,0.0,24.0,0.0,0.0,0.0,20.0,0.0,0.0,0.0,48.0
p_1518,0.007142857142857143,0.02857142857142857,0.004081632653061224,0.016203703703703703,0.06481481481481481,0.009259259259259259,108.0,0.0,0.0,0.0,0.0,0.0,0.0,0.0,24.0,0.03571428571428571,0.14285714285714285,0.02040816326530612,49.0,0.0,0.0,0.0,20.0,0.0,0.0,0.0,15.0
p_1519,0.0,0.0,0.0,0.0,0.0,0.0,108.0,0.0,0.0,0.0,0.0,0.0,0.0,0.0,26.0,0.0,0.0,0.0,20.0,0.0,0.0,0.0,30.0,0.0,0.0,0.0,32.0
p_1520,0.021621621621621623,0.05714285714285714,0.013333333333333332,0.030030030030030033,0.07936507936507936,0.018518518518518517,108.0,0.0,0.0,0.0,0.0,0.0,0.0,0.0,25.0,0.0,0.0,0.0,39.0,0.10810810810810811,0.2857142857142857,0.06666666666666667,30.0,0.0,0.0,0.0,14.0
p_1521,0.04,0.11428571428571428,0.024242424242424242,0.061111111111111116,0.17460317460317462,0.037037037037037035,108.0,0.0,0.0,0.0,0.0,0.0,0.0,0.0,27.0,0.2,0.5714285714285714,0.12121212121212122,33.0,0.0,0.0,0.0,17.0,0.0,0.0,0.0,31.0
p_1522,0.024242424242424242,0.05714285714285714,0.015384615384615385,0.029180695847362513,0.06878306878306878,0.018518518518518517,108.0,0.0,0.0,0.0,0.0,0.0,0.0,0.0,24.0,0.0,0.0,0.0,45.0,0.12121212121212122,0.2857142857142857,0.07692307692307693,26.0,0.0,0.0,0.0,13.0
p_1523,0.0,0.0,0.0,0.0,0.0,0.0,108.0,0.0,0.0,0.0,0.0,0.0,0.0,0.0,18.0,0.0,0.0,0.0,25.0,0.0,0.0,0.0,42.0,0.0,0.0,0.0,23.0
p_1524,0.03333333333333333,0.05714285714285714,0.023529411764705882,0.026234567901234566,0.04497354497354497,0.018518518518518517,108.0,0.0,0.0,0.0,0.0,0.0,0.0,0.0,44.0,0.0,0.0,0.0,27.0,0.0,0.0,0.0,20.0,0.16666666666666666,0.2857142857142857,0.11764705882352941,17.0
p_1525,0.013333333333333332,0.02857142857142857,0.008695652173913044,0.01419753086419753,0.03042328042328042,0.009259259259259259,108.0,0.0,0.0,0.0,0.0,0.06666666666666667,0.14285714285714285,0.043478260869565216,23.0,0.0,0.0,0.0,21.0,0.0,0.0,0.0,42.0,0.0,0.0,0.0,22.0
p_1526,0.0,0.0,0.0,0.0,0.0,0.0,108.0,0.0,0.0,0.0,0.0,0.0,0.0,0.0,24.0,0.0,0.0,0.0,41.0,0.0,0.0,0.0,27.0,0.0,0.0,0.0,16.0
p_1527,0.016326530612244896,0.05,0.00975609756097561,0.030990173847316702,0.09490740740740741,0.018518518518518517,108.0,0.0,0.0,0.0,0.0,0.0,0.0,0.0,10.0,0.08163265306122448,0.25,0.04878048780487805,41.0,0.0,0.0,0.0,22.0,0.0,0.0,0.0,35.0
p_1528,0.03333333333333333,0.08571428571428572,0.020689655172413793,0.044753086419753084,0.11507936507936506,0.027777777777777776,108.0,0.0,0.0,0.0,0.0,0.16666666666666666,0.42857142857142855,0.10344827586206896,29.0,0.0,0.0,0.0,18.0,0.0,0.0,0.0,47.0,0.0,0.0,0.0,14.0
p_1529,0.03076923076923077,0.08571428571428572,0.01875,0.045584045584045586,0.12698412698412698,0.027777777777777776,108.0,0.0,0.0,0.0,0.0,0.0,0.0,0.0,14.0,0.15384615384615385,0.42857142857142855,0.09375,32.0,0.0,0.0,0.0,25.0,0.0,0.0,0.0,37.0
p_1530,0.0,0.0,0.0,0.0,0.0,0.0,108.0,0.0,0.0,0.0,0.0,0.0,0.0,0.0,33.0,0.0,0.0,0.0,41.0,0.0,0.0,0.0,20.0,0.0,0.0,0.0,14.0
p_1531,0.0,0.0,0.0,0.0,0.0,0.0,108.0,0.0,0.0,0.0,0.0,0.0,0.0,0.0,45.0,0.0,0.0,0.0,38.0,0.0,0.0,0.0,21.0,0.0,0.0,0.0,4.0
p_1532,0.009523809523809523,0.02857142857142857,0.005714285714285714,0.015432098765432098,0.046296296296296294,0.009259259259259259,108.0,0.0,0.0,0.0,0.0,0.0,0.0,0.0,17.0,0.047619047619047616,0.14285714285714285,0.02857142857142857,35.0,0.0,0.0,0.0,43.0,0.0,0.0,0.0,13.0
p_1533,0.016666666666666666,0.05714285714285714,0.00975609756097561,0.031635802469135804,0.10846560846560846,0.018518518518518517,108.0,0.0,0.0,0.0,0.0,0.0,0.0,0.0,20.0,0.08333333333333333,0.2857142857142857,0.04878048780487805,41.0,0.0,0.0,0.0,37.0,0.0,0.0,0.0,10.0
p_1534,0.009302325581395349,0.02857142857142857,0.005555555555555555,0.015503875968992246,0.047619047619047616,0.009259259259259259,108.0,0.0,0.0,0.0,0.0,0.0,0.0,0.0,30.0,0.0,0.0,0.0,16.0,0.046511627906976744,0.14285714285714285,0.027777777777777776,36.0,0.0,0.0,0.0,26.0
p_1535,0.012121212121212121,0.02857142857142857,0.007692307692307693,0.014590347923681257,0.03439153439153439,0.009259259259259259,108.0,0.0,0.0,0.0,0.0,0.0,0.0,0.0,34.0,0.0,0.0,0.0,44.0,0.06060606060606061,0.14285714285714285,0.038461538461538464,26.0,0.0,0.0,0.0,4.0
p_1536,0.03773584905660378,0.125,0.02222222222222222,0.07861635220125786,0.2604166666666667,0.046296296296296294,108.0,0.0,0.0,0.0,0.0,0.0,0.0,0.0,16.0,0.0,0.0,0.0,39.0,0.18867924528301888,0.625,0.1111111111111111,45.0,0.0,0.0,0.0,8.0
p_1537,0.0,0.0,0.0,0.0,0.0,0.0,108.0,0.0,0.0,0.0,0.0,0.0,0.0,0.0,32.0,0.0,0.0,0.0,37.0,0.0,0.0,0.0,31.0,0.0,0.0,0.0,8.0
p_1538,0.016326530612244896,0.05,0.00975609756097561,0.030990173847316702,0.09490740740740741,0.018518518518518517,108.0,0.0,0.0,0.0,0.0,0.0,0.0,0.0,20.0,0.0,0.0,0.0,27.0,0.08163265306122448,0.25,0.04878048780487805,41.0,0.0,0.0,0.0,20.0
p_1539,0.027906976744186046,0.075,0.017142857142857144,0.04521963824289405,0.12152777777777778,0.027777777777777776,108.0,0.0,0.0,0.0,0.0,0.0,0.0,0.0,32.0,0.13953488372093023,0.375,0.08571428571428572,35.0,0.0,0.0,0.0,21.0,0.0,0.0,0.0,20.0
p_1540,0.0,0.0,0.0,0.0,0.0,0.0,108.0,0.0,0.0,0.0,0.0,0.0,0.0,0.0,22.0,0.0,0.0,0.0,22.0,0.0,0.0,0.0,49.0,0.0,0.0,0.0,15.0
p_1541,0.026666666666666665,0.025,0.02857142857142857,0.008641975308641976,0.008101851851851851,0.009259259259259259,108.0,0.0,0.0,0.0,0.0,0.13333333333333333,0.125,0.14285714285714285,7.0,0.0,0.0,0.0,39.0,0.0,0.0,0.0,32.0,0.0,0.0,0.0,30.0
p_1542,0.010256410256410256,0.02857142857142857,0.00625,0.015194681861348527,0.042328042328042326,0.009259259259259259,108.0,0.0,0.0,0.0,0.0,0.0,0.0,0.0,27.0,0.05128205128205128,0.14285714285714285,0.03125,32.0,0.0,0.0,0.0,40.0,0.0,0.0,0.0,9.0
p_1543,0.047058823529411764,0.1,0.03076923076923077,0.05664488017429194,0.12037037037037036,0.037037037037037035,108.0,0.0,0.0,0.0,0.0,0.0,0.0,0.0,22.0,0.0,0.0,0.0,44.0,0.23529411764705882,0.5,0.15384615384615385,26.0,0.0,0.0,0.0,16.0
p_1544,0.02711864406779661,0.1,0.01568627450980392,0.064030131826742,0.2361111111111111,0.037037037037037035,108.0,0.0,0.0,0.0,0.0,0.0,0.0,0.0,21.0,0.0,0.0,0.0,27.0,0.13559322033898305,0.5,0.0784313725490196,51.0,0.0,0.0,0.0,9.0
p_1545,0.009302325581395349,0.025,0.005714285714285714,0.015073212747631352,0.04050925925925926,0.009259259259259259,108.0,0.0,0.0,0.0,0.0,0.0,0.0,0.0,19.0,0.046511627906976744,0.125,0.02857142857142857,35.0,0.0,0.0,0.0,40.0,0.0,0.0,0.0,14.0
p_1546,0.015384615384615385,0.02857142857142857,0.010526315789473684,0.013532763532763534,0.02513227513227513,0.009259259259259259,108.0,0.0,0.0,0.0,0.0,0.0,0.0,0.0,24.0,0.0,0.0,0.0,43.0,0.07692307692307693,0.14285714285714285,0.05263157894736842,19.0,0.0,0.0,0.0,22.0
p_1547,0.03529411764705882,0.08571428571428572,0.02222222222222222,0.04411764705882353,0.10714285714285714,0.027777777777777776,108.0,0.0,0.0,0.0,0.0,0.0,0.0,0.0,15.0,0.0,0.0,0.0,26.0,0.0,0.0,0.0,40.0,0.17647058823529413,0.42857142857142855,0.1111111111111111,27.0
p_1548,0.045454545454545456,0.125,0.02777777777777778,0.07575757575757576,0.20833333333333334,0.046296296296296294,108.0,0.0,0.0,0.0,0.0,0.22727272727272727,0.625,0.1388888888888889,36.0,0.0,0.0,0.0,35.0,0.0,0.0,0.0,16.0,0.0,0.0,0.0,21.0
p_1549,0.0,0.0,0.0,0.0,0.0,0.0,108.0,0.0,0.0,0.0,0.0,0.0,0.0,0.0,22.0,0.0,0.0,0.0,24.0,0.0,0.0,0.0,35.0,0.0,0.0,0.0,27.0
p_1550,0.01951219512195122,0.05714285714285714,0.011764705882352941,0.030713640469738034,0.08994708994708994,0.018518518518518517,108.0,0.0,0.0,0.0,0.0,0.0,0.0,0.0,44.0,0.0,0.0,0.0,26.0,0.0975609756097561,0.2857142857142857,0.058823529411764705,34.0,0.0,0.0,0.0,4.0
p_1551,0.008695652173913044,0.02857142857142857,0.005128205128205128,0.01570048309178744,0.051587301587301584,0.009259259259259259,108.0,0.0,0.0,0.0,0.0,0.0,0.0,0.0,21.0,0.0,0.0,0.0,16.0,0.0,0.0,0.0,32.0,0.043478260869565216,0.14285714285714285,0.02564102564102564,39.0
p_1552,0.02222222222222222,0.02857142857142857,0.01818181818181818,0.011316872427983538,0.01455026455026455,0.009259259259259259,108.0,0.0,0.0,0.0,0.0,0.0,0.0,0.0,34.0,0.0,0.0,0.0,38.0,0.0,0.0,0.0,25.0,0.1111111111111111,0.14285714285714285,0.09090909090909091,11.0
p_1553,0.008888888888888889,0.025,0.005405405405405406,0.015226337448559672,0.04282407407407408,0.009259259259259259,108.0,0.0,0.0,0.0,0.0,0.0,0.0,0.0,18.0,0.0,0.0,0.0,38.0,0.044444444444444446,0.125,0.02702702702702703,37.0,0.0,0.0,0.0,15.0
p_1554,0.0,0.0,0.0,0.0,0.0,0.0,108.0,0.0,0.0,0.0,0.0,0.0,0.0,0.0,14.0,0.0,0.0,0.0,52.0,0.0,0.0,0.0,20.0,0.0,0.0,0.0,22.0
p_1555,0.013793103448275862,0.02857142857142857,0.00909090909090909,0.0140485312899106,0.0291005291005291,0.009259259259259259,108.0,0.0,0.0,0.0,0.0,0.0,0.0,0.0,32.0,0.06896551724137931,0.14285714285714285,0.045454545454545456,22.0,0.0,0.0,0.0,39.0,0.0,0.0,0.0,15.0
p_1556,0.012121212121212121,0.02857142857142857,0.007692307692307693,0.014590347923681257,0.03439153439153439,0.009259259259259259,108.0,0.0,0.0,0.0,0.0,0.06060606060606061,0.14285714285714285,0.038461538461538464,26.0,0.0,0.0,0.0,42.0,0.0,0.0,0.0,13.0,0.0,0.0,0.0,27.0
p_1557,0.05714285714285714,0.125,0.037037037037037035,0.07142857142857142,0.15625,0.046296296296296294,108.0,0.0,0.0,0.0,0.0,0.0,0.0,0.0,32.0,0.0,0.0,0.0,16.0,0.2857142857142857,0.625,0.18518518518518517,27.0,0.0,0.0,0.0,33.0
p_1558,0.023076923076923078,0.08571428571428572,0.013333333333333332,0.04807692307692308,0.17857142857142858,0.027777777777777776,108.0,0.0,0.0,0.0,0.0,0.0,0.0,0.0,20.0,0.11538461538461539,0.42857142857142855,0.06666666666666667,45.0,0.0,0.0,0.0,28.0,0.0,0.0,0.0,15.0
p_1559,0.07058823529411765,0.15,0.046153846153846156,0.08496732026143793,0.18055555555555555,0.05555555555555555,108.0,0.0,0.0,0.0,0.0,0.0,0.0,0.0,28.0,0.0,0.0,0.0,44.0,0.35294117647058826,0.75,0.23076923076923078,26.0,0.0,0.0,0.0,10.0
p_1560,0.024,0.075,0.014285714285714285,0.04666666666666667,0.14583333333333334,0.027777777777777776,108.0,0.0,0.0,0.0,0.0,0.0,0.0,0.0,24.0,0.0,0.0,0.0,38.0,0.12,0.375,0.07142857142857142,42.0,0.0,0.0,0.0,4.0
p_1561,0.05161290322580645,0.08888888888888888,0.03636363636363636,0.052568697729988054,0.0905349794238683,0.037037037037037035,108.0,0.0,0.0,0.0,0.0,0.0,0.0,0.0,14.0,0.25806451612903225,0.4444444444444444,0.18181818181818182,22.0,0.0,0.0,0.0,58.0,0.0,0.0,0.0,14.0
p_1562,0.03333333333333333,0.05714285714285714,0.023529411764705882,0.026234567901234566,0.04497354497354497,0.018518518518518517,108.0,0.0,0.0,0.0,0.0,0.0,0.0,0.0,38.0,0.16666666666666666,0.2857142857142857,0.11764705882352941,17.0,0.0,0.0,0.0,42.0,0.0,0.0,0.0,11.0
p_1563,0.006060606060606061,0.02857142857142857,0.003389830508474576,0.01655443322109989,0.07804232804232804,0.009259259259259259,108.0,0.0,0.0,0.0,0.0,0.0,0.0,0.0,19.0,0.0,0.0,0.0,21.0,0.030303030303030304,0.14285714285714285,0.01694915254237288,59.0,0.0,0.0,0.0,9.0
p_1564,0.04444444444444444,0.05714285714285714,0.03636363636363636,0.022633744855967076,0.0291005291005291,0.018518518518518517,108.0,0.0,0.0,0.0,0.0,0.0,0.0,0.0,29.0,0.0,0.0,0.0,37.0,0.0,0.0,0.0,31.0,0.2222222222222222,0.2857142857142857,0.18181818181818182,11.0
p_1565,0.022421934501142424,0.077,0.21052631578947367,0.0489013003864489,0.19800925925925927,0.037037037037037035,108.0,0.019801980198019802,0.01,1.0,1.0,0.09230769230769231,0.375,0.05263157894736842,57.0,0.0,0.0,0.0,18.0,0.0,0.0,0.0,18.0,0.0,0.0,0.0,14.0
p_1566,0.017777777777777778,0.05,0.010810810810810811,0.030452674897119343,0.08564814814814815,0.018518518518518517,108.0,0.0,0.0,0.0,0.0,0.0,0.0,0.0,42.0,0.0,0.0,0.0,14.0,0.08888888888888889,0.25,0.05405405405405406,37.0,0.0,0.0,0.0,15.0
p_1567,0.015384615384615385,0.05714285714285714,0.008888888888888889,0.032051282051282055,0.11904761904761904,0.018518518518518517,108.0,0.0,0.0,0.0,0.0,0.07692307692307693,0.2857142857142857,0.044444444444444446,45.0,0.0,0.0,0.0,16.0,0.0,0.0,0.0,22.0,0.0,0.0,0.0,25.0
p_1568,0.010810810810810811,0.02857142857142857,0.006666666666666666,0.015015015015015017,0.03968253968253968,0.009259259259259259,108.0,0.0,0.0,0.0,0.0,0.05405405405405406,0.14285714285714285,0.03333333333333333,30.0,0.0,0.0,0.0,21.0,0.0,0.0,0.0,26.0,0.0,0.0,0.0,31.0
p_1569,0.02,0.05,0.0125,0.02962962962962963,0.07407407407407407,0.018518518518518517,108.0,0.0,0.0,0.0,0.0,0.0,0.0,0.0,36.0,0.0,0.0,0.0,11.0,0.1,0.25,0.0625,32.0,0.0,0.0,0.0,29.0
p_1570,0.03076923076923077,0.05,0.02222222222222222,0.02564102564102564,0.041666666666666664,0.018518518518518517,108.0,0.0,0.0,0.0,0.0,0.0,0.0,0.0,55.0,0.15384615384615385,0.25,0.1111111111111111,18.0,0.0,0.0,0.0,13.0,0.0,0.0,0.0,22.0
p_1571,0.021621621621621623,0.05714285714285714,0.013333333333333332,0.030030030030030033,0.07936507936507936,0.018518518518518517,108.0,0.0,0.0,0.0,0.0,0.0,0.0,0.0,39.0,0.0,0.0,0.0,9.0,0.0,0.0,0.0,30.0,0.10810810810810811,0.2857142857142857,0.06666666666666667,30.0
p_1572,0.016901408450704224,0.08571428571428572,0.009375,0.050078247261345854,0.25396825396825395,0.027777777777777776,108.0,0.0,0.0,0.0,0.0,0.08450704225352113,0.42857142857142855,0.046875,64.0,0.0,0.0,0.0,11.0,0.0,0.0,0.0,17.0,0.0,0.0,0.0,16.0
p_1573,0.03333333333333333,0.05,0.025,0.024691358024691357,0.037037037037037035,0.018518518518518517,108.0,0.0,0.0,0.0,0.0,0.0,0.0,0.0,46.0,0.0,0.0,0.0,20.0,0.16666666666666666,0.25,0.125,16.0,0.0,0.0,0.0,26.0
p_1574,0.026666666666666665,0.05714285714285714,0.017391304347826087,0.02839506172839506,0.06084656084656084,0.018518518518518517,108.0,0.0,0.0,0.0,0.0,0.0,0.0,0.0,45.0,0.0,0.0,0.0,29.0,0.13333333333333333,0.2857142857142857,0.08695652173913043,23.0,0.0,0.0,0.0,11.0
p_1575,0.03529411764705882,0.075,0.023076923076923078,0.04248366013071896,0.09027777777777778,0.027777777777777776,108.0,0.0,0.0,0.0,0.0,0.0,0.0,0.0,27.0,0.17647058823529413,0.375,0.11538461538461539,26.0,0.0,0.0,0.0,20.0,0.0,0.0,0.0,35.0
p_1576,0.021351700387430048,0.027000000000000003,0.21333333333333332,0.012260646354490522,0.017453703703703704,0.018518518518518517,108.0,0.019801980198019802,0.01,1.0,1.0,0.0,0.0,0.0,48.0,0.0,0.0,0.0,20.0,0.0,0.0,0.0,24.0,0.08695652173913043,0.125,0.06666666666666667,15.0
p_1577,0.0,0.0,0.0,0.0,0.0,0.0,108.0,0.0,0.0,0.0,0.0,0.0,0.0,0.0,48.0,0.0,0.0,0.0,5.0,0.0,0.0,0.0,18.0,0.0,0.0,0.0,37.0
p_1578,0.08,0.1,0.06666666666666667,0.04444444444444445,0.05555555555555555,0.037037037037037035,108.0,0.0,0.0,0.0,0.0,0.0,0.0,0.0,46.0,0.0,0.0,0.0,19.0,0.4,0.5,0.3333333333333333,12.0,0.0,0.0,0.0,31.0
p_1579,0.023453264801066055,0.061103253182461105,0.20909090909090908,0.03267268791731004,0.11676881973911676,0.037037037037037035,108.0,0.038834951456310676,0.019801980198019802,1.0,2.0,0.0784313725490196,0.2857142857142857,0.045454545454545456,44.0,0.0,0.0,0.0,17.0,0.0,0.0,0.0,19.0,0.0,0.0,0.0,26.0
p_1580,0.01367766618842659,0.030551626591230552,0.20588235294117646,0.015538374337991746,0.04506522080779506,0.018518518518518517,108.0,0.0196078431372549,0.009900990099009901,1.0,1.0,0.0,0.0,0.0,26.0,0.04878048780487805,0.14285714285714285,0.029411764705882353,34.0,0.0,0.0,0.0,30.0,0.0,0.0,0.0,17.0
p_1581,0.016666666666666666,0.025,0.0125,0.012345679012345678,0.018518518518518517,0.009259259259259259,108.0,0.0,0.0,0.0,0.0,0.0,0.0,0.0,42.0,0.08333333333333333,0.125,0.0625,16.0,0.0,0.0,0.0,33.0,0.0,0.0,0.0,17.0
p_1582,0.0375,0.15,0.02142857142857143,0.09722222222222222,0.3888888888888889,0.05555555555555555,108.0,0.0,0.0,0.0,0.0,0.1875,0.75,0.10714285714285714,56.0,0.0,0.0,0.0,24.0,0.0,0.0,0.0,14.0,0.0,0.0,0.0,14.0
p_1583,0.03018867924528302,0.11428571428571428,0.017391304347826087,0.06429070580013975,0.24338624338624337,0.037037037037037035,108.0,0.0,0.0,0.0,0.0,0.1509433962264151,0.5714285714285714,0.08695652173913043,46.0,0.0,0.0,0.0,12.0,0.0,0.0,0.0,33.0,0.0,0.0,0.0,17.0
p_1584,0.026666666666666665,0.05,0.01818181818181818,0.02716049382716049,0.05092592592592592,0.018518518518518517,108.0,0.0,0.0,0.0,0.0,0.0,0.0,0.0,47.0,0.0,0.0,0.0,22.0,0.13333333333333333,0.25,0.09090909090909091,22.0,0.0,0.0,0.0,17.0
p_1585,0.017777777777777778,0.05714285714285714,0.010526315789473684,0.031275720164609055,0.10052910052910052,0.018518518518518517,108.0,0.0,0.0,0.0,0.0,0.0,0.0,0.0,34.0,0.0,0.0,0.0,22.0,0.0,0.0,0.0,14.0,0.08888888888888889,0.2857142857142857,0.05263157894736842,38.0
p_1586,0.010810810810810811,0.02222222222222222,0.007142857142857143,0.014014014014014016,0.028806584362139915,0.009259259259259259,108.0,0.0,0.0,0.0,0.0,0.0,0.0,0.0,47.0,0.0,0.0,0.0,13.0,0.0,0.0,0.0,20.0,0.05405405405405406,0.1111111111111111,0.03571428571428571,28.0
p_1587,0.007017543859649122,0.02857142857142857,0.004,0.016244314489928524,0.06613756613756613,0.009259259259259259,108.0,0.0,0.0,0.0,0.0,0.03508771929824561,0.14285714285714285,0.02,50.0,0.0,0.0,0.0,17.0,0.0,0.0,0.0,29.0,0.0,0.0,0.0,12.0
p_1588,0.016666666666666666,0.025,0.0125,0.012345679012345678,0.018518518518518517,0.009259259259259259,108.0,0.0,0.0,0.0,0.0,0.0,0.0,0.0,31.0,0.08333333333333333,0.125,0.0625,16.0,0.0,0.0,0.0,45.0,0.0,0.0,0.0,16.0
p_1589,0.01568627450980392,0.05714285714285714,0.00909090909090909,0.03195352214960058,0.1164021164021164,0.018518518518518517,108.0,0.0,0.0,0.0,0.0,0.0784313725490196,0.2857142857142857,0.045454545454545456,44.0,0.0,0.0,0.0,15.0,0.0,0.0,0.0,31.0,0.0,0.0,0.0,18.0
p_1590,0.05161290322580645,0.11428571428571428,0.03333333333333333,0.05734767025089606,0.12698412698412698,0.037037037037037035,108.0,0.0,0.0,0.0,0.0,0.0,0.0,0.0,30.0,0.0,0.0,0.0,35.0,0.25806451612903225,0.5714285714285714,0.16666666666666666,24.0,0.0,0.0,0.0,19.0
p_1591,0.01,0.02857142857142857,0.006060606060606061,0.015277777777777779,0.043650793650793655,0.009259259259259259,108.0,0.0,0.0,0.0,0.0,0.0,0.0,0.0,35.0,0.05,0.14285714285714285,0.030303030303030304,33.0,0.0,0.0,0.0,22.0,0.0,0.0,0.0,18.0
p_1592,0.013559322033898305,0.05714285714285714,0.007692307692307693,0.032642812303829254,0.13756613756613756,0.018518518518518517,108.0,0.0,0.0,0.0,0.0,0.06779661016949153,0.2857142857142857,0.038461538461538464,52.0,0.0,0.0,0.0,11.0,0.0,0.0,0.0,25.0,0.0,0.0,0.0,20.0
p_1593,0.011764705882352941,0.02857142857142857,0.007407407407407407,0.014705882352941176,0.03571428571428571,0.009259259259259259,108.0,0.0,0.0,0.0,0.0,0.0,0.0,0.0,30.0,0.0,0.0,0.0,14.0,0.0,0.0,0.0,37.0,0.058823529411764705,0.14285714285714285,0.037037037037037035,27.0
p_1594,0.0625,0.125,0.04166666666666667,0.06944444444444445,0.1388888888888889,0.046296296296296294,108.0,0.0,0.0,0.0,0.0,0.0,0.0,0.0,46.0,0.0,0.0,0.0,15.0,0.3125,0.625,0.20833333333333334,24.0,0.0,0.0,0.0,23.0
p_1595,0.02857142857142857,0.05714285714285714,0.019047619047619046,0.027777777777777776,0.05555555555555555,0.018518518518518517,108.0,0.0,0.0,0.0,0.0,0.0,0.0,0.0,52.0,0.0,0.0,0.0,12.0,0.14285714285714285,0.2857142857142857,0.09523809523809523,21.0,0.0,0.0,0.0,23.0
p_1596,0.0,0.0,0.0,0.0,0.0,0.0,108.0,0.0,0.0,0.0,0.0,0.0,0.0,0.0,38.0,0.0,0.0,0.0,7.0,0.0,0.0,0.0,40.0,0.0,0.0,0.0,23.0
p_1597,0.017391304347826087,0.05,0.010526315789473684,0.030595813204508857,0.08796296296296297,0.018518518518518517,108.0,0.0,0.0,0.0,0.0,0.08695652173913043,0.25,0.05263157894736842,38.0,0.0,0.0,0.0,31.0,0.0,0.0,0.0,24.0,0.0,0.0,0.0,15.0
p_1598,0.025,0.075,0.015,0.046296296296296294,0.1388888888888889,0.027777777777777776,108.0,0.0,0.0,0.0,0.0,0.125,0.375,0.075,40.0,0.0,0.0,0.0,16.0,0.0,0.0,0.0,18.0,0.0,0.0,0.0,34.0
p_1599,0.014814814814814814,0.05714285714285714,0.00851063829787234,0.03223593964334705,0.12433862433862432,0.018518518518518517,108.0,0.0,0.0,0.0,0.0,0.07407407407407407,0.2857142857142857,0.0425531914893617,47.0,0.0,0.0,0.0,22.0,0.0,0.0,0.0,14.0,0.0,0.0,0.0,25.0
p_1600,0.02,0.05714285714285714,0.012121212121212121,0.030555555555555558,0.08730158730158731,0.018518518518518517,108.0,0.0,0.0,0.0,0.0,0.1,0.2857142857142857,0.06060606060606061,33.0,0.0,0.0,0.0,17.0,0.0,0.0,0.0,35.0,0.0,0.0,0.0,23.0
p_1601,0.01111111111111111,0.02857142857142857,0.006896551724137931,0.014917695473251027,0.03835978835978836,0.009259259259259259,108.0,0.0,0.0,0.0,0.0,0.05555555555555555,0.14285714285714285,0.034482758620689655,29.0,0.0,0.0,0.0,20.0,0.0,0.0,0.0,42.0,0.0,0.0,0.0,17.0
p_1602,0.02222222222222222,0.05,0.014285714285714285,0.028806584362139915,0.06481481481481481,0.018518518518518517,108.0,0.0,0.0,0.0,0.0,0.0,0.0,0.0,29.0,0.0,0.0,0.0,33.0,0.0,0.0,0.0,18.0,0.1111111111111111,0.25,0.07142857142857142,28.0
p_1603,0.019047619047619046,0.02222222222222222,0.016666666666666666,0.010582010582010581,0.012345679012345678,0.009259259259259259,108.0,0.0,0.0,0.0,0.0,0.0,0.0,0.0,31.0,0.09523809523809523,0.1111111111111111,0.08333333333333333,12.0,0.0,0.0,0.0,27.0,0.0,0.0,0.0,38.0
p_1604,0.0125,0.025,0.008333333333333333,0.013888888888888888,0.027777777777777776,0.009259259259259259,108.0,0.0,0.0,0.0,0.0,0.0625,0.125,0.041666666666666664,24.0,0.0,0.0,0.0,10.0,0.0,0.0,0.0,49.0,0.0,0.0,0.0,25.0
p_1605,0.03076923076923077,0.05,0.02222222222222222,0.02564102564102564,0.041666666666666664,0.018518518518518517,108.0,0.0,0.0,0.0,0.0,0.0,0.0,0.0,44.0,0.15384615384615385,0.25,0.1111111111111111,18.0,0.0,0.0,0.0,36.0,0.0,0.0,0.0,10.0
p_1606,0.014814814814814814,0.025,0.010526315789473684,0.013031550068587106,0.02199074074074074,0.009259259259259259,108.0,0.0,0.0,0.0,0.0,0.0,0.0,0.0,39.0,0.0,0.0,0.0,19.0,0.07407407407407407,0.125,0.05263157894736842,19.0,0.0,0.0,0.0,31.0
p_1607,0.05714285714285714,0.1,0.04,0.0529100529100529,0.09259259259259259,0.037037037037037035,108.0,0.0,0.0,0.0,0.0,0.0,0.0,0.0,37.0,0.0,0.0,0.0,27.0,0.0,0.0,0.0,24.0,0.2857142857142857,0.5,0.2,20.0
p_1608,0.017777777777777778,0.05,0.010810810810810811,0.030452674897119343,0.08564814814814815,0.018518518518518517,108.0,0.0,0.0,0.0,0.0,0.0,0.0,0.0,28.0,0.08888888888888889,0.25,0.05405405405405406,37.0,0.0,0.0,0.0,20.0,0.0,0.0,0.0,23.0
p_1609,0.014814814814814814,0.05714285714285714,0.00851063829787234,0.03223593964334705,0.12433862433862432,0.018518518518518517,108.0,0.0,0.0,0.0,0.0,0.07407407407407407,0.2857142857142857,0.0425531914893617,47.0,0.0,0.0,0.0,24.0,0.0,0.0,0.0,26.0,0.0,0.0,0.0,11.0
p_1610,0.04285714285714286,0.075,0.03,0.03968253968253968,0.06944444444444445,0.027777777777777776,108.0,0.0,0.0,0.0,0.0,0.0,0.0,0.0,53.0,0.0,0.0,0.0,4.0,0.0,0.0,0.0,31.0,0.21428571428571427,0.375,0.15,20.0
p_1611,0.009523809523809523,0.025,0.0058823529411764705,0.014991181657848325,0.03935185185185185,0.009259259259259259,108.0,0.0,0.0,0.0,0.0,0.0,0.0,0.0,21.0,0.0,0.0,0.0,15.0,0.0,0.0,0.0,38.0,0.047619047619047616,0.125,0.029411764705882353,34.0
p_1612,0.03809523809523809,0.05,0.03076923076923077,0.022927689594356263,0.03009259259259259,0.018518518518518517,108.0,0.0,0.0,0.0,0.0,0.0,0.0,0.0,28.0,0.19047619047619047,0.25,0.15384615384615385,13.0,0.0,0.0,0.0,31.0,0.0,0.0,0.0,36.0
p_1613,0.041379310344827586,0.075,0.02857142857142857,0.040229885057471264,0.07291666666666667,0.027777777777777776,108.0,0.0,0.0,0.0,0.0,0.0,0.0,0.0,32.0,0.0,0.0,0.0,12.0,0.20689655172413793,0.375,0.14285714285714285,21.0,0.0,0.0,0.0,43.0
p_1614,0.014285714285714285,0.025,0.01,0.013227513227513225,0.023148148148148147,0.009259259259259259,108.0,0.0,0.0,0.0,0.0,0.0,0.0,0.0,44.0,0.07142857142857142,0.125,0.05,20.0,0.0,0.0,0.0,33.0,0.0,0.0,0.0,11.0
p_1615,0.05128205128205128,0.125,0.03225806451612903,0.07359924026590693,0.17939814814814814,0.046296296296296294,108.0,0.0,0.0,0.0,0.0,0.0,0.0,0.0,28.0,0.0,0.0,0.0,32.0,0.2564102564102564,0.625,0.16129032258064516,31.0,0.0,0.0,0.0,17.0
p_1616,0.006896551724137931,0.025,0.004,0.015964240102171137,0.05787037037037037,0.009259259259259259,108.0,0.0,0.0,0.0,0.0,0.034482758620689655,0.125,0.02,50.0,0.0,0.0,0.0,15.0,0.0,0.0,0.0,22.0,0.0,0.0,0.0,21.0
p_1617,0.006896551724137931,0.025,0.004,0.015964240102171137,0.05787037037037037,0.009259259259259259,108.0,0.0,0.0,0.0,0.0,0.0,0.0,0.0,27.0,0.0,0.0,0.0,10.0,0.034482758620689655,0.125,0.02,50.0,0.0,0.0,0.0,21.0
p_1618,0.04444444444444444,0.075,0.031578947368421054,0.03909465020576132,0.06597222222222222,0.027777777777777776,108.0,0.0,0.0,0.0,0.0,0.0,0.0,0.0,26.0,0.0,0.0,0.0,51.0,0.0,0.0,0.0,12.0,0.2222222222222222,0.375,0.15789473684210525,19.0
p_1619,0.02857142857142857,0.075,0.01764705882352941,0.04497354497354497,0.11805555555555555,0.027777777777777776,108.0,0.0,0.0,0.0,0.0,0.0,0.0,0.0,38.0,0.0,0.0,0.0,8.0,0.0,0.0,0.0,28.0,0.14285714285714285,0.375,0.08823529411764706,34.0
p_1620,0.007142857142857143,0.02857142857142857,0.004081632653061224,0.016203703703703703,0.06481481481481481,0.009259259259259259,108.0,0.0,0.0,0.0,1.0,0.0,0.0,0.0,27.0,0.0,0.0,0.0,15.0,0.0,0.0,0.0,16.0,0.03571428571428571,0.14285714285714285,0.02040816326530612,49.0
p_1621,0.029268292682926828,0.075,0.01818181818181818,0.044715447154471545,0.11458333333333333,0.027777777777777776,108.0,0.0,0.0,0.0,0.0,0.0,0.0,0.0,19.0,0.0,0.0,0.0,9.0,0.0,0.0,0.0,47.0,0.14634146341463414,0.375,0.09090909090909091,33.0
p_1622,0.024242424242424242,0.08888888888888888,0.014035087719298244,0.06397306397306397,0.2345679012345679,0.037037037037037035,108.0,0.0,0.0,0.0,1.0,0.0,0.0,0.0,13.0,0.0,0.0,0.0,15.0,0.12121212121212122,0.4444444444444444,0.07017543859649122,57.0,0.0,0.0,0.0,22.0
p_1623,0.021621621621621623,0.05714285714285714,0.013333333333333332,0.030030030030030033,0.07936507936507936,0.018518518518518517,108.0,0.0,0.0,0.0,0.0,0.0,0.0,0.0,23.0,0.10810810810810811,0.2857142857142857,0.06666666666666667,30.0,0.0,0.0,0.0,28.0,0.0,0.0,0.0,27.0
p_1624,0.01,0.02857142857142857,0.006060606060606061,0.015277777777777779,0.043650793650793655,0.009259259259259259,108.0,0.0,0.0,0.0,0.0,0.0,0.0,0.0,37.0,0.0,0.0,0.0,17.0,0.0,0.0,0.0,21.0,0.05,0.14285714285714285,0.030303030303030304,33.0
p_1625,0.027906976744186046,0.06666666666666667,0.01764705882352941,0.04392764857881137,0.10493827160493827,0.027777777777777776,108.0,0.0,0.0,0.0,0.0,0.0,0.0,0.0,36.0,0.0,0.0,0.0,20.0,0.0,0.0,0.0,18.0,0.13953488372093023,0.3333333333333333,0.08823529411764706,34.0
p_1626,0.010256410256410256,0.02857142857142857,0.00625,0.015194681861348527,0.042328042328042326,0.009259259259259259,108.0,0.0,0.0,0.0,0.0,0.05128205128205128,0.14285714285714285,0.03125,32.0,0.0,0.0,0.0,29.0,0.0,0.0,0.0,30.0,0.0,0.0,0.0,17.0
p_1627,0.017777777777777778,0.05,0.010810810810810811,0.030452674897119343,0.08564814814814815,0.018518518518518517,108.0,0.0,0.0,0.0,0.0,0.08888888888888889,0.25,0.05405405405405406,37.0,0.0,0.0,0.0,22.0,0.0,0.0,0.0,25.0,0.0,0.0,0.0,24.0
p_1628,0.027586206896551724,0.05714285714285714,0.01818181818181818,0.0280970625798212,0.0582010582010582,0.018518518518518517,108.0,0.0,0.0,0.0,0.0,0.0,0.0,0.0,37.0,0.0,0.0,0.0,18.0,0.13793103448275862,0.2857142857142857,0.09090909090909091,22.0,0.0,0.0,0.0,31.0
p_1629,0.013333333333333332,0.02857142857142857,0.008695652173913044,0.01419753086419753,0.03042328042328042,0.009259259259259259,108.0,0.0,0.0,0.0,0.0,0.0,0.0,0.0,16.0,0.0,0.0,0.0,15.0,0.06666666666666667,0.14285714285714285,0.043478260869565216,23.0,0.0,0.0,0.0,54.0
p_1630,0.06315789473684211,0.13333333333333333,0.041379310344827586,0.0847953216374269,0.17901234567901234,0.05555555555555555,108.0,0.0,0.0,0.0,0.0,0.3157894736842105,0.6666666666666666,0.20689655172413793,29.0,0.0,0.0,0.0,35.0,0.0,0.0,0.0,18.0,0.0,0.0,0.0,26.0
p_1631,0.04878048780487805,0.125,0.030303030303030304,0.07452574525745258,0.1909722222222222,0.046296296296296294,108.0,0.0,0.0,0.0,0.0,0.0,0.0,0.0,46.0,0.0,0.0,0.0,4.0,0.0,0.0,0.0,25.0,0.24390243902439024,0.625,0.15151515151515152,33.0
p_1632,0.029268292682926828,0.075,0.01818181818181818,0.044715447154471545,0.11458333333333333,0.027777777777777776,108.0,0.0,0.0,0.0,0.0,0.0,0.0,0.0,19.0,0.0,0.0,0.0,37.0,0.14634146341463414,0.375,0.09090909090909091,33.0,0.0,0.0,0.0,19.0
p_1633,0.011764705882352941,0.02857142857142857,0.007407407407407407,0.014705882352941176,0.03571428571428571,0.009259259259259259,108.0,0.0,0.0,0.0,0.0,0.0,0.0,0.0,19.0,0.058823529411764705,0.14285714285714285,0.037037037037037035,27.0,0.0,0.0,0.0,44.0,0.0,0.0,0.0,18.0
p_1634,0.04285714285714286,0.075,0.03,0.03968253968253968,0.06944444444444445,0.027777777777777776,108.0,0.0,0.0,0.0,0.0,0.0,0.0,0.0,22.0,0.21428571428571427,0.375,0.15,20.0,0.0,0.0,0.0,23.0,0.0,0.0,0.0,43.0
p_1635,0.04444444444444444,0.08888888888888888,0.029629629629629627,0.05555555555555555,0.1111111111111111,0.037037037037037035,108.0,0.0,0.0,0.0,0.0,0.2222222222222222,0.4444444444444444,0.14814814814814814,27.0,0.0,0.0,0.0,34.0,0.0,0.0,0.0,24.0,0.0,0.0,0.0,23.0
p_1636,0.01702127659574468,0.05,0.010256410256410256,0.030732860520094562,0.09027777777777778,0.018518518518518517,108.0,0.0,0.0,0.0,0.0,0.0851063829787234,0.25,0.05128205128205128,39.0,0.0,0.0,0.0,13.0,0.0,0.0,0.0,36.0,0.0,0.0,0.0,20.0
p_1637,0.02553191489361702,0.06666666666666667,0.015789473684210527,0.044917257683215125,0.11728395061728394,0.027777777777777776,108.0,0.0,0.0,0.0,0.0,0.1276595744680851,0.3333333333333333,0.07894736842105263,38.0,0.0,0.0,0.0,11.0,0.0,0.0,0.0,19.0,0.0,0.0,0.0,40.0
p_1638,0.029629629629629627,0.04444444444444444,0.02222222222222222,0.024691358024691357,0.037037037037037035,0.018518518518518517,108.0,0.0,0.0,0.0,0.0,0.14814814814814814,0.2222222222222222,0.1111111111111111,18.0,0.0,0.0,0.0,12.0,0.0,0.0,0.0,31.0,0.0,0.0,0.0,47.0
p_1639,0.014285714285714285,0.02857142857142857,0.009523809523809523,0.013888888888888888,0.027777777777777776,0.009259259259259259,108.0,0.0,0.0,0.0,0.0,0.0,0.0,0.0,26.0,0.0,0.0,0.0,33.0,0.07142857142857142,0.14285714285714285,0.047619047619047616,21.0,0.0,0.0,0.0,28.0
p_1640,0.023529411764705882,0.05,0.015384615384615385,0.02832244008714597,0.06018518518518518,0.018518518518518517,108.0,0.0,0.0,0.0,0.0,0.11764705882352941,0.25,0.07692307692307693,26.0,0.0,0.0,0.0,8.0,0.0,0.0,0.0,56.0,0.0,0.0,0.0,18.0
p_1641,0.011764705882352941,0.025,0.007692307692307693,0.014161220043572984,0.03009259259259259,0.009259259259259259,108.0,0.0,0.0,0.0,0.0,0.058823529411764705,0.125,0.038461538461538464,26.0,0.0,0.0,0.0,30.0,0.0,0.0,0.0,18.0,0.0,0.0,0.0,34.0
p_1642,0.02396039603960396,0.077,0.21153846153846154,0.04833149981664833,0.18064814814814817,0.037037037037037035,108.0,0.019801980198019802,0.01,1.0,1.0,0.0,0.0,0.0,21.0,0.0,0.0,0.0,12.0,0.1,0.375,0.057692307692307696,52.0,0.0,0.0,0.0,22.0
p_1643,0.017391304347826087,0.025,0.013333333333333332,0.012077294685990338,0.017361111111111112,0.009259259259259259,108.0,0.0,0.0,0.0,0.0,0.0,0.0,0.0,44.0,0.08695652173913043,0.125,0.06666666666666667,15.0,0.0,0.0,0.0,32.0,0.0,0.0,0.0,17.0
p_1644,0.029629629629629627,0.05,0.021052631578947368,0.02606310013717421,0.04398148148148148,0.018518518518518517,108.0,0.0,0.0,0.0,0.0,0.0,0.0,0.0,39.0,0.0,0.0,0.0,18.0,0.0,0.0,0.0,32.0,0.14814814814814814,0.25,0.10526315789473684,19.0
p_1645,0.007692307692307693,0.02222222222222222,0.004651162790697674,0.015313390313390315,0.044238683127572016,0.009259259259259259,108.0,0.0,0.0,0.0,1.0,0.038461538461538464,0.1111111111111111,0.023255813953488372,43.0,0.0,0.0,0.0,4.0,0.0,0.0,0.0,23.0,0.0,0.0,0.0,37.0
p_1646,0.012121212121212121,0.02857142857142857,0.007692307692307693,0.014590347923681257,0.03439153439153439,0.009259259259259259,108.0,0.0,0.0,0.0,0.0,0.0,0.0,0.0,36.0,0.0,0.0,0.0,17.0,0.06060606060606061,0.14285714285714285,0.038461538461538464,26.0,0.0,0.0,0.0,29.0
p_1647,0.022857142857142857,0.05,0.014814814814814814,0.028571428571428567,0.0625,0.018518518518518517,108.0,0.0,0.0,0.0,1.0,0.0,0.0,0.0,30.0,0.0,0.0,0.0,15.0,0.11428571428571428,0.25,0.07407407407407407,27.0,0.0,0.0,0.0,35.0
p_1648,0.02553191489361702,0.08571428571428572,0.015,0.04728132387706855,0.15873015873015872,0.027777777777777776,108.0,0.0,0.0,0.0,0.0,0.0,0.0,0.0,37.0,0.0,0.0,0.0,10.0,0.0,0.0,0.0,21.0,0.1276595744680851,0.42857142857142855,0.075,40.0
p_1649,0.01818181818181818,0.02857142857142857,0.013333333333333332,0.012626262626262628,0.01984126984126984,0.009259259259259259,108.0,0.0,0.0,0.0,0.0,0.0,0.0,0.0,27.0,0.0,0.0,0.0,18.0,0.0,0.0,0.0,48.0,0.09090909090909091,0.14285714285714285,0.06666666666666667,15.0
p_1650,0.03333333333333333,0.075,0.02142857142857143,0.043209876543209874,0.09722222222222222,0.027777777777777776,108.0,0.0,0.0,0.0,0.0,0.16666666666666666,0.375,0.10714285714285714,28.0,0.0,0.0,0.0,32.0,0.0,0.0,0.0,32.0,0.0,0.0,0.0,16.0
p_1651,0.016326530612244896,0.05,0.00975609756097561,0.030990173847316702,0.09490740740740741,0.018518518518518517,108.0,0.0,0.0,0.0,0.0,0.0,0.0,0.0,20.0,0.0,0.0,0.0,27.0,0.0,0.0,0.0,20.0,0.08163265306122448,0.25,0.04878048780487805,41.0
p_1652,0.013333333333333332,0.02857142857142857,0.008695652173913044,0.01419753086419753,0.03042328042328042,0.009259259259259259,108.0,0.0,0.0,0.0,0.0,0.0,0.0,0.0,20.0,0.06666666666666667,0.14285714285714285,0.043478260869565216,23.0,0.0,0.0,0.0,23.0,0.0,0.0,0.0,42.0
p_1653,0.0,0.0,0.0,0.0,0.0,0.0,108.0,0.0,0.0,0.0,0.0,0.0,0.0,0.0,43.0,0.0,0.0,0.0,25.0,0.0,0.0,0.0,18.0,0.0,0.0,0.0,22.0
p_1654,0.05217391304347826,0.08571428571428572,0.0375,0.03864734299516908,0.06349206349206349,0.027777777777777776,108.0,0.0,0.0,0.0,0.0,0.0,0.0,0.0,51.0,0.2608695652173913,0.42857142857142855,0.1875,16.0,0.0,0.0,0.0,19.0,0.0,0.0,0.0,22.0
p_1655,0.021818181818181816,0.075,0.01276595744680851,0.047474747474747475,0.16319444444444445,0.027777777777777773,108.0,0.0,0.0,0.0,0.0,0.0,0.0,0.0,35.0,0.0,0.0,0.0,5.0,0.10909090909090909,0.375,0.06382978723404255,47.0,0.0,0.0,0.0,21.0
p_1656,0.03404255319148936,0.1,0.020512820512820513,0.061465721040189124,0.18055555555555555,0.037037037037037035,108.0,0.0,0.0,0.0,0.0,0.1702127659574468,0.5,0.10256410256410256,39.0,0.0,0.0,0.0,13.0,0.0,0.0,0.0,41.0,0.0,0.0,0.0,15.0
p_1657,0.0,0.0,0.0,0.0,0.0,0.0,108.0,0.0,0.0,0.0,0.0,0.0,0.0,0.0,51.0,0.0,0.0,0.0,11.0,0.0,0.0,0.0,33.0,0.0,0.0,0.0,13.0
p_1658,0.025,0.02857142857142857,0.02222222222222222,0.010416666666666666,0.011904761904761904,0.009259259259259259,108.0,0.0,0.0,0.0,0.0,0.0,0.0,0.0,21.0,0.125,0.14285714285714285,0.1111111111111111,9.0,0.0,0.0,0.0,29.0,0.0,0.0,0.0,49.0
p_1659,0.038461538461538464,0.125,0.022727272727272728,0.07834757834757834,0.25462962962962965,0.046296296296296294,108.0,0.0,0.0,0.0,0.0,0.0,0.0,0.0,26.0,0.0,0.0,0.0,10.0,0.19230769230769232,0.625,0.11363636363636363,44.0,0.0,0.0,0.0,28.0
p_1660,0.05,0.11428571428571428,0.032,0.05787037037037037,0.13227513227513227,0.037037037037037035,108.0,0.0,0.0,0.0,0.0,0.0,0.0,0.0,16.0,0.0,0.0,0.0,39.0,0.0,0.0,0.0,28.0,0.25,0.5714285714285714,0.16,25.0
p_1661,0.0,0.0,0.0,0.0,0.0,0.0,108.0,0.0,0.0,0.0,0.0,0.0,0.0,0.0,40.0,0.0,0.0,0.0,24.0,0.0,0.0,0.0,29.0,0.0,0.0,0.0,15.0
p_1662,0.014545454545454545,0.05714285714285714,0.008333333333333333,0.03232323232323232,0.12698412698412698,0.018518518518518517,108.0,0.0,0.0,0.0,0.0,0.07272727272727272,0.2857142857142857,0.041666666666666664,48.0,0.0,0.0,0.0,17.0,0.0,0.0,0.0,19.0,0.0,0.0,0.0,24.0
p_1663,0.0039603960396039604,0.002,0.2,0.00018335166850018335,9.259259259259259e-05,0.009259259259259259,108.0,0.019801980198019802,0.01,1.0,1.0,0.0,0.0,0.0,32.0,0.0,0.0,0.0,15.0,0.0,0.0,0.0,38.0,0.0,0.0,0.0,22.0
p_1664,0.017956656346749224,0.05912305516265912,0.20800000000000002,0.03267018308297978,0.13236680810938234,0.027777777777777776,108.0,0.0196078431372549,0.009900990099009901,1.0,1.0,0.07017543859649122,0.2857142857142857,0.04,50.0,0.0,0.0,0.0,11.0,0.0,0.0,0.0,19.0,0.0,0.0,0.0,27.0
p_1665,0.021621621621621623,0.05714285714285714,0.013333333333333332,0.030030030030030033,0.07936507936507936,0.018518518518518517,108.0,0.0,0.0,0.0,0.0,0.0,0.0,0.0,25.0,0.0,0.0,0.0,21.0,0.10810810810810811,0.2857142857142857,0.06666666666666667,30.0,0.0,0.0,0.0,32.0
p_1666,0.018604651162790697,0.05,0.011428571428571429,0.030146425495262703,0.08101851851851852,0.018518518518518517,108.0,0.0,0.0,0.0,0.0,0.0,0.0,0.0,17.0,0.0,0.0,0.0,18.0,0.0,0.0,0.0,38.0,0.09302325581395349,0.25,0.05714285714285714,35.0
p_1667,0.05161290322580645,0.11428571428571428,0.03333333333333333,0.05734767025089606,0.12698412698412698,0.037037037037037035,108.0,0.0,0.0,0.0,0.0,0.0,0.0,0.0,37.0,0.25806451612903225,0.5714285714285714,0.16666666666666666,24.0,0.0,0.0,0.0,18.0,0.0,0.0,0.0,29.0
p_1668,0.023529411764705882,0.02857142857142857,0.02,0.010893246187363835,0.013227513227513225,0.009259259259259259,108.0,0.0,0.0,0.0,0.0,0.0,0.0,0.0,36.0,0.11764705882352941,0.14285714285714285,0.1,10.0,0.0,0.0,0.0,30.0,0.0,0.0,0.0,32.0
p_1669,0.0,0.0,0.0,0.0,0.0,0.0,108.0,0.0,0.0,0.0,0.0,0.0,0.0,0.0,21.0,0.0,0.0,0.0,9.0,0.0,0.0,0.0,40.0,0.0,0.0,0.0,38.0
p_1670,0.01111111111111111,0.02222222222222222,0.007407407407407407,0.013888888888888888,0.027777777777777776,0.009259259259259259,108.0,0.0,0.0,0.0,0.0,0.05555555555555555,0.1111111111111111,0.037037037037037035,27.0,0.0,0.0,0.0,27.0,0.0,0.0,0.0,30.0,0.0,0.0,0.0,24.0
p_1671,0.04444444444444444,0.08571428571428572,0.03,0.0411522633744856,0.07936507936507936,0.027777777777777776,108.0,0.0,0.0,0.0,0.0,0.0,0.0,0.0,28.0,0.0,0.0,0.0,15.0,0.2222222222222222,0.42857142857142855,0.15,20.0,0.0,0.0,0.0,45.0
p_1672,0.008888888888888889,0.02857142857142857,0.005263157894736842,0.015637860082304528,0.05026455026455026,0.009259259259259259,108.0,0.0,0.0,0.0,0.0,0.0,0.0,0.0,47.0,0.0,0.0,0.0,8.0,0.0,0.0,0.0,15.0,0.044444444444444446,0.14285714285714285,0.02631578947368421,38.0
p_1673,0.03404255319148936,0.11428571428571428,0.02,0.06304176516942474,0.2116402116402116,0.037037037037037035,108.0,0.0,0.0,0.0,0.0,0.1702127659574468,0.5714285714285714,0.1,40.0,0.0,0.0,0.0,17.0,0.0,0.0,0.0,35.0,0.0,0.0,0.0,16.0
p_1674,0.010256410256410256,0.02857142857142857,0.00625,0.015194681861348527,0.042328042328042326,0.009259259259259259,108.0,0.0,0.0,0.0,0.0,0.05128205128205128,0.14285714285714285,0.03125,32.0,0.0,0.0,0.0,7.0,0.0,0.0,0.0,52.0,0.0,0.0,0.0,17.0
p_1675,0.0,0.0,0.0,0.0,0.0,0.0,108.0,0.0,0.0,0.0,0.0,0.0,0.0,0.0,39.0,0.0,0.0,0.0,10.0,0.0,0.0,0.0,15.0,0.0,0.0,0.0,44.0
p_1676,0.014814814814814814,0.05714285714285714,0.00851063829787234,0.03223593964334705,0.12433862433862432,0.018518518518518517,108.0,0.0,0.0,0.0,0.0,0.0,0.0,0.0,25.0,0.0,0.0,0.0,5.0,0.0,0.0,0.0,31.0,0.07407407407407407,0.2857142857142857,0.0425531914893617,47.0
p_1677,0.0,0.0,0.0,0.0,0.0,0.0,108.0,0.0,0.0,0.0,0.0,0.0,0.0,0.0,37.0,0.0,0.0,0.0,13.0,0.0,0.0,0.0,34.0,0.0,0.0,0.0,24.0
p_1678,0.05,0.08571428571428572,0.03529411764705882,0.03935185185185185,0.06746031746031746,0.027777777777777776,108.0,0.0,0.0,0.0,0.0,0.0,0.0,0.0,37.0,0.0,0.0,0.0,19.0,0.25,0.42857142857142855,0.17647058823529413,17.0,0.0,0.0,0.0,35.0
p_1679,0.010810810810810811,0.02857142857142857,0.006666666666666666,0.015015015015015017,0.03968253968253968,0.009259259259259259,108.0,0.0,0.0,0.0,0.0,0.0,0.0,0.0,26.0,0.05405405405405406,0.14285714285714285,0.03333333333333333,30.0,0.0,0.0,0.0,30.0,0.0,0.0,0.0,22.0
p_1680,0.035555555555555556,0.1,0.021621621621621623,0.060905349794238686,0.1712962962962963,0.037037037037037035,108.0,0.0,0.0,0.0,0.0,0.0,0.0,0.0,36.0,0.0,0.0,0.0,12.0,0.17777777777777778,0.5,0.10810810810810811,37.0,0.0,0.0,0.0,23.0
p_1681,0.0,0.0,0.0,0.0,0.0,0.0,108.0,0.0,0.0,0.0,0.0,0.0,0.0,0.0,11.0,0.0,0.0,0.0,31.0,0.0,0.0,0.0,25.0,0.0,0.0,0.0,41.0
p_1682,0.007692307692307693,0.025,0.004545454545454545,0.01566951566951567,0.05092592592592592,0.009259259259259259,108.0,0.0,0.0,0.0,0.0,0.038461538461538464,0.125,0.022727272727272728,44.0,0.0,0.0,0.0,20.0,0.0,0.0,0.0,26.0,0.0,0.0,0.0,18.0
p_1683,0.013333333333333332,0.025,0.00909090909090909,0.013580246913580245,0.02546296296296296,0.009259259259259259,108.0,0.0,0.0,0.0,0.0,0.0,0.0,0.0,38.0,0.0,0.0,0.0,20.0,0.06666666666666667,0.125,0.045454545454545456,22.0,0.0,0.0,0.0,28.0
p_1684,0.029629629629629627,0.05714285714285714,0.02,0.027434842249657063,0.0529100529100529,0.018518518518518517,108.0,0.0,0.0,0.0,0.0,0.0,0.0,0.0,33.0,0.0,0.0,0.0,18.0,0.0,0.0,0.0,37.0,0.14814814814814814,0.2857142857142857,0.1,20.0
p_1685,0.022857142857142857,0.05714285714285714,0.014285714285714285,0.029629629629629627,0.07407407407407407,0.018518518518518517,108.0,0.0,0.0,0.0,0.0,0.0,0.0,0.0,31.0,0.0,0.0,0.0,28.0,0.0,0.0,0.0,21.0,0.11428571428571428,0.2857142857142857,0.07142857142857142,28.0
p_1686,0.027586206896551724,0.05714285714285714,0.01818181818181818,0.0280970625798212,0.0582010582010582,0.018518518518518517,108.0,0.0,0.0,0.0,0.0,0.0,0.0,0.0,17.0,0.13793103448275862,0.2857142857142857,0.09090909090909091,22.0,0.0,0.0,0.0,56.0,0.0,0.0,0.0,13.0
p_1687,0.03,0.075,0.01875,0.044444444444444446,0.1111111111111111,0.027777777777777776,108.0,0.0,0.0,0.0,0.0,0.0,0.0,0.0,25.0,0.0,0.0,0.0,18.0,0.15,0.375,0.09375,32.0,0.0,0.0,0.0,33.0
p_1688,0.0,0.0,0.0,0.0,0.0,0.0,108.0,0.0,0.0,0.0,0.0,0.0,0.0,0.0,34.0,0.0,0.0,0.0,11.0,0.0,0.0,0.0,33.0,0.0,0.0,0.0,30.0
p_1689,0.014285714285714285,0.05,0.008333333333333333,0.031746031746031744,0.1111111111111111,0.018518518518518517,108.0,0.0,0.0,0.0,0.0,0.07142857142857142,0.25,0.041666666666666664,48.0,0.0,0.0,0.0,17.0,0.0,0.0,0.0,26.0,0.0,0.0,0.0,17.0
p_1690,0.0125,0.025,0.008333333333333333,0.013888888888888888,0.027777777777777776,0.009259259259259259,108.0,0.0,0.0,0.0,0.0,0.0,0.0,0.0,26.0,0.0,0.0,0.0,29.0,0.0625,0.125,0.041666666666666664,24.0,0.0,0.0,0.0,29.0
p_1691,0.047058823529411764,0.1,0.03076923076923077,0.05664488017429194,0.12037037037037036,0.037037037037037035,108.0,0.0,0.0,0.0,0.0,0.0,0.0,0.0,33.0,0.0,0.0,0.0,21.0,0.0,0.0,0.0,28.0,0.23529411764705882,0.5,0.15384615384615385,26.0
p_1692,0.026666666666666665,0.05714285714285714,0.017391304347826087,0.02839506172839506,0.06084656084656084,0.018518518518518517,108.0,0.0,0.0,0.0,0.0,0.0,0.0,0.0,28.0,0.13333333333333333,0.2857142857142857,0.08695652173913043,23.0,0.0,0.0,0.0,23.0,0.0,0.0,0.0,34.0
p_1693,0.02909090909090909,0.1,0.01702127659574468,0.0632996632996633,0.2175925925925926,0.037037037037037035,108.0,0.0,0.0,0.0,0.0,0.0,0.0,0.0,22.0,0.0,0.0,0.0,10.0,0.0,0.0,0.0,29.0,0.14545454545454545,0.5,0.0851063829787234,47.0
p_1694,0.03809523809523809,0.1,0.023529411764705882,0.0599647266313933,0.1574074074074074,0.037037037037037035,108.0,0.0,0.0,0.0,0.0,0.0,0.0,0.0,15.0,0.0,0.0,0.0,32.0,0.0,0.0,0.0,27.0,0.19047619047619047,0.5,0.11764705882352941,34.0
p_1695,0.0,0.0,0.0,0.0,0.0,0.0,108.0,0.0,0.0,0.0,0.0,0.0,0.0,0.0,23.0,0.0,0.0,0.0,35.0,0.0,0.0,0.0,32.0,0.0,0.0,0.0,18.0
p_1696,0.032432432432432434,0.08571428571428572,0.02,0.04504504504504504,0.11904761904761904,0.027777777777777776,108.0,0.0,0.0,0.0,0.0,0.0,0.0,0.0,24.0,0.0,0.0,0.0,15.0,0.0,0.0,0.0,39.0,0.16216216216216217,0.42857142857142855,0.1,30.0
p_1697,0.023529411764705882,0.05714285714285714,0.014814814814814814,0.029411764705882353,0.07142857142857142,0.018518518518518517,108.0,0.0,0.0,0.0,0.0,0.0,0.0,0.0,32.0,0.0,0.0,0.0,18.0,0.0,0.0,0.0,31.0,0.11764705882352941,0.2857142857142857,0.07407407407407407,27.0
p_1698,0.02,0.02857142857142857,0.015384615384615385,0.012037037037037037,0.017195767195767195,0.009259259259259259,108.0,0.0,0.0,0.0,0.0,0.0,0.0,0.0,17.0,0.1,0.14285714285714285,0.07692307692307693,13.0,0.0,0.0,0.0,53.0,0.0,0.0,0.0,25.0
p_1699,0.05714285714285714,0.11111111111111112,0.038461538461538464,0.06878306878306878,0.1337448559670782,0.046296296296296294,108.0,0.0,0.0,0.0,0.0,0.0,0.0,0.0,17.0,0.0,0.0,0.0,21.0,0.2857142857142857,0.5555555555555556,0.19230769230769232,26.0,0.0,0.0,0.0,44.0
p_1700,0.0,0.0,0.0,0.0,0.0,0.0,108.0,0.0,0.0,0.0,0.0,0.0,0.0,0.0,28.0,0.0,0.0,0.0,19.0,0.0,0.0,0.0,39.0,0.0,0.0,0.0,22.0
p_1701,0.032432432432432434,0.075,0.020689655172413793,0.04354354354354354,0.10069444444444445,0.027777777777777776,108.0,0.0,0.0,0.0,0.0,0.0,0.0,0.0,39.0,0.0,0.0,0.0,19.0,0.16216216216216217,0.375,0.10344827586206896,29.0,0.0,0.0,0.0,21.0
p_1702,0.02222222222222222,0.05,0.014285714285714285,0.028806584362139915,0.06481481481481481,0.018518518518518517,108.0,0.0,0.0,0.0,0.0,0.1111111111111111,0.25,0.07142857142857142,28.0,0.0,0.0,0.0,11.0,0.0,0.0,0.0,46.0,0.0,0.0,0.0,23.0
p_1703,0.047058823529411764,0.11428571428571428,0.029629629629629627,0.058823529411764705,0.14285714285714285,0.037037037037037035,108.0,0.0,0.0,0.0,0.0,0.23529411764705882,0.5714285714285714,0.14814814814814814,27.0,0.0,0.0,0.0,19.0,0.0,0.0,0.0,19.0,0.0,0.0,0.0,43.0
p_1704,0.0,0.0,0.0,0.0,0.0,0.0,108.0,0.0,0.0,0.0,0.0,0.0,0.0,0.0,22.0,0.0,0.0,0.0,32.0,0.0,0.0,0.0,28.0,0.0,0.0,0.0,26.0
p_1705,0.03018867924528302,0.11428571428571428,0.017391304347826087,0.06429070580013975,0.24338624338624337,0.037037037037037035,108.0,0.0,0.0,0.0,0.0,0.0,0.0,0.0,35.0,0.0,0.0,0.0,11.0,0.1509433962264151,0.5714285714285714,0.08695652173913043,46.0,0.0,0.0,0.0,16.0
p_1706,0.009302325581395349,0.02857142857142857,0.005555555555555555,0.015503875968992246,0.047619047619047616,0.009259259259259259,108.0,0.0,0.0,0.0,0.0,0.0,0.0,0.0,27.0,0.046511627906976744,0.14285714285714285,0.027777777777777776,36.0,0.0,0.0,0.0,16.0,0.0,0.0,0.0,29.0
p_1707,0.008163265306122448,0.02857142857142857,0.0047619047619047615,0.015873015873015872,0.05555555555555555,0.009259259259259259,108.0,0.0,0.0,0.0,0.0,0.0,0.0,0.0,22.0,0.0,0.0,0.0,21.0,0.04081632653061224,0.14285714285714285,0.023809523809523808,42.0,0.0,0.0,0.0,23.0
p_1708,0.0125,0.02857142857142857,0.008,0.014467592592592593,0.03306878306878307,0.009259259259259259,108.0,0.0,0.0,0.0,0.0,0.0,0.0,0.0,26.0,0.0625,0.14285714285714285,0.04,25.0,0.0,0.0,0.0,25.0,0.0,0.0,0.0,32.0
p_1709,0.024489795918367346,0.08571428571428572,0.014285714285714285,0.047619047619047616,0.16666666666666666,0.027777777777777776,108.0,0.0,0.0,0.0,0.0,0.12244897959183673,0.42857142857142855,0.07142857142857142,42.0,0.0,0.0,0.0,24.0,0.0,0.0,0.0,20.0,0.0,0.0,0.0,22.0
p_1710,0.026778711484593837,0.05912305516265912,0.21428571428571427,0.029811183732752357,0.07416574990832416,0.027777777777777776,108.0,0.0196078431372549,0.009900990099009901,1.0,1.0,0.11428571428571428,0.2857142857142857,0.07142857142857142,28.0,0.0,0.0,0.0,21.0,0.0,0.0,0.0,39.0,0.0,0.0,0.0,19.0
p_1711,0.061103253182461105,0.10200000000000001,0.24,0.053093404578553084,0.09268518518518519,0.046296296296296294,108.0,0.019801980198019802,0.01,1.0,1.0,0.2857142857142857,0.5,0.2,20.0,0.0,0.0,0.0,15.0,0.0,0.0,0.0,36.0,0.0,0.0,0.0,36.0
p_1712,0.0,0.0,0.0,0.0,0.0,0.0,108.0,0.0,0.0,0.0,0.0,0.0,0.0,0.0,18.0,0.0,0.0,0.0,17.0,0.0,0.0,0.0,37.0,0.0,0.0,0.0,36.0
p_1713,0.02,0.05714285714285714,0.012121212121212121,0.030555555555555558,0.08730158730158731,0.018518518518518517,108.0,0.0,0.0,0.0,0.0,0.1,0.2857142857142857,0.06060606060606061,33.0,0.0,0.0,0.0,26.0,0.0,0.0,0.0,20.0,0.0,0.0,0.0,29.0
p_1714,0.017391304347826087,0.025,0.013333333333333332,0.012077294685990338,0.017361111111111112,0.009259259259259259,108.0,0.0,0.0,0.0,0.0,0.08695652173913043,0.125,0.06666666666666667,15.0,0.0,0.0,0.0,20.0,0.0,0.0,0.0,51.0,0.0,0.0,0.0,22.0
p_1715,0.0,0.0,0.0,0.0,0.0,0.0,108.0,0.0,0.0,0.0,0.0,0.0,0.0,0.0,30.0,0.0,0.0,0.0,24.0,0.0,0.0,0.0,23.0,0.0,0.0,0.0,31.0
p_1716,0.0,0.0,0.0,0.0,0.0,0.0,108.0,0.0,0.0,0.0,0.0,0.0,0.0,0.0,34.0,0.0,0.0,0.0,16.0,0.0,0.0,0.0,34.0,0.0,0.0,0.0,24.0
p_1717,0.04,0.075,0.02727272727272727,0.040740740740740744,0.0763888888888889,0.027777777777777776,108.0,0.0,0.0,0.0,0.0,0.0,0.0,0.0,25.0,0.0,0.0,0.0,12.0,0.0,0.0,0.0,49.0,0.2,0.375,0.13636363636363635,22.0
p_1718,0.019047619047619046,0.05714285714285714,0.011428571428571429,0.030864197530864196,0.09259259259259259,0.018518518518518517,108.0,0.0,0.0,0.0,0.0,0.0,0.0,0.0,20.0,0.0,0.0,0.0,19.0,0.09523809523809523,0.2857142857142857,0.05714285714285714,35.0,0.0,0.0,0.0,34.0
p_1719,0.035555555555555556,0.11428571428571428,0.021052631578947368,0.06255144032921811,0.20105820105820105,0.037037037037037035,108.0,0.0,0.0,0.0,0.0,0.0,0.0,0.0,18.0,0.0,0.0,0.0,26.0,0.17777777777777778,0.5714285714285714,0.10526315789473684,38.0,0.0,0.0,0.0,26.0
p_1720,0.0,0.0,0.0,0.0,0.0,0.0,108.0,0.0,0.0,0.0,0.0,0.0,0.0,0.0,22.0,0.0,0.0,0.0,24.0,0.0,0.0,0.0,30.0,0.0,0.0,0.0,32.0
p_1721,0.026666666666666665,0.05714285714285714,0.017391304347826087,0.02839506172839506,0.06084656084656084,0.018518518518518517,108.0,0.0,0.0,0.0,0.0,0.13333333333333333,0.2857142857142857,0.08695652173913043,23.0,0.0,0.0,0.0,17.0,0.0,0.0,0.0,37.0,0.0,0.0,0.0,31.0
p_1722,0.042105263157894736,0.1,0.026666666666666665,0.058479532163742694,0.1388888888888889,0.037037037037037035,108.0,0.0,0.0,0.0,0.0,0.0,0.0,0.0,33.0,0.0,0.0,0.0,21.0,0.21052631578947367,0.5,0.13333333333333333,30.0,0.0,0.0,0.0,24.0
p_1723,0.019047619047619046,0.05714285714285714,0.011428571428571429,0.030864197530864196,0.09259259259259259,0.018518518518518517,108.0,0.0,0.0,0.0,0.0,0.0,0.0,0.0,25.0,0.0,0.0,0.0,16.0,0.09523809523809523,0.2857142857142857,0.05714285714285714,35.0,0.0,0.0,0.0,32.0
p_1724,0.008695652173913044,0.025,0.005263157894736842,0.015297906602254429,0.04398148148148148,0.009259259259259259,108.0,0.0,0.0,0.0,0.0,0.0,0.0,0.0,28.0,0.0,0.0,0.0,15.0,0.0,0.0,0.0,27.0,0.043478260869565216,0.125,0.02631578947368421,38.0
p_1725,0.048484848484848485,0.08888888888888888,0.03333333333333333,0.05387205387205388,0.09876543209876543,0.037037037037037035,108.0,0.0,0.0,0.0,0.0,0.0,0.0,0.0,29.0,0.0,0.0,0.0,33.0,0.0,0.0,0.0,22.0,0.24242424242424243,0.4444444444444444,0.16666666666666666,24.0
p_1726,0.01818181818181818,0.05,0.01111111111111111,0.030303030303030304,0.08333333333333333,0.018518518518518517,108.0,0.0,0.0,0.0,0.0,0.09090909090909091,0.25,0.05555555555555555,36.0,0.0,0.0,0.0,7.0,0.0,0.0,0.0,41.0,0.0,0.0,0.0,24.0
p_1727,0.05161290322580645,0.1,0.034782608695652174,0.054958183990442055,0.10648148148148148,0.037037037037037035,108.0,0.0,0.0,0.0,0.0,0.0,0.0,0.0,39.0,0.0,0.0,0.0,18.0,0.0,0.0,0.0,28.0,0.25806451612903225,0.5,0.17391304347826086,23.0
p_1728,0.01111111111111111,0.025,0.007142857142857143,0.014403292181069957,0.032407407407407406,0.009259259259259259,108.0,0.0,0.0,0.0,0.0,0.05555555555555555,0.125,0.03571428571428571,28.0,0.0,0.0,0.0,13.0,0.0,0.0,0.0,41.0,0.0,0.0,0.0,26.0
p_1729,0.010256410256410256,0.02857142857142857,0.00625,0.015194681861348527,0.042328042328042326,0.009259259259259259,108.0,0.0,0.0,0.0,0.0,0.05128205128205128,0.14285714285714285,0.03125,32.0,0.0,0.0,0.0,28.0,0.0,0.0,0.0,17.0,0.0,0.0,0.0,31.0
p_1730,0.008163265306122448,0.025,0.004878048780487805,0.015495086923658351,0.047453703703703706,0.009259259259259259,108.0,0.0,0.0,0.0,0.0,0.04081632653061224,0.125,0.024390243902439025,41.0,0.0,0.0,0.0,15.0,0.0,0.0,0.0,30.0,0.0,0.0,0.0,22.0
p_1731,0.016666666666666666,0.02857142857142857,0.011764705882352941,0.013117283950617283,0.022486772486772486,0.009259259259259259,108.0,0.0,0.0,0.0,0.0,0.0,0.0,0.0,30.0,0.0,0.0,0.0,22.0,0.0,0.0,0.0,39.0,0.08333333333333333,0.14285714285714285,0.058823529411764705,17.0
p_1732,0.01818181818181818,0.025,0.014285714285714285,0.011784511784511785,0.016203703703703703,0.009259259259259259,108.0,0.0,0.0,0.0,0.0,0.0,0.0,0.0,24.0,0.0,0.0,0.0,15.0,0.0,0.0,0.0,55.0,0.09090909090909091,0.125,0.07142857142857142,14.0
p_1733,0.012121212121212121,0.02857142857142857,0.007692307692307693,0.014590347923681257,0.03439153439153439,0.009259259259259259,108.0,0.0,0.0,0.0,0.0,0.06060606060606061,0.14285714285714285,0.038461538461538464,26.0,0.0,0.0,0.0,27.0,0.0,0.0,0.0,43.0,0.0,0.0,0.0,12.0
p_1734,0.021052631578947368,0.025,0.01818181818181818,0.010721247563352828,0.01273148148148148,0.009259259259259259,108.0,0.0,0.0,0.0,0.0,0.0,0.0,0.0,17.0,0.10526315789473684,0.125,0.09090909090909091,11.0,0.0,0.0,0.0,47.0,0.0,0.0,0.0,33.0
p_1735,0.027586206896551724,0.05714285714285714,0.01818181818181818,0.0280970625798212,0.0582010582010582,0.018518518518518517,108.0,0.0,0.0,0.0,0.0,0.0,0.0,0.0,31.0,0.0,0.0,0.0,31.0,0.13793103448275862,0.2857142857142857,0.09090909090909091,22.0,0.0,0.0,0.0,24.0
p_1736,0.022857142857142857,0.05714285714285714,0.014285714285714285,0.029629629629629627,0.07407407407407407,0.018518518518518517,108.0,0.0,0.0,0.0,0.0,0.0,0.0,0.0,46.0,0.0,0.0,0.0,7.0,0.11428571428571428,0.2857142857142857,0.07142857142857142,28.0,0.0,0.0,0.0,27.0
p_1737,0.011428571428571429,0.02857142857142857,0.007142857142857143,0.014814814814814814,0.037037037037037035,0.009259259259259259,108.0,0.0,0.0,0.0,0.0,0.05714285714285714,0.14285714285714285,0.03571428571428571,28.0,0.0,0.0,0.0,22.0,0.0,0.0,0.0,26.0,0.0,0.0,0.0,32.0
p_1738,0.014035087719298244,0.05,0.008163265306122448,0.03183885640025991,0.11342592592592593,0.018518518518518517,108.0,0.0,0.0,0.0,0.0,0.07017543859649122,0.25,0.04081632653061224,49.0,0.0,0.0,0.0,9.0,0.0,0.0,0.0,32.0,0.0,0.0,0.0,18.0
p_1739,0.01,0.02857142857142857,0.006060606060606061,0.015277777777777779,0.043650793650793655,0.009259259259259259,108.0,0.0,0.0,0.0,0.0,0.0,0.0,0.0,28.0,0.0,0.0,0.0,25.0,0.05,0.14285714285714285,0.030303030303030304,33.0,0.0,0.0,0.0,22.0
p_1740,0.012121212121212121,0.02857142857142857,0.007692307692307693,0.014590347923681257,0.03439153439153439,0.009259259259259259,108.0,0.0,0.0,0.0,0.0,0.0,0.0,0.0,45.0,0.0,0.0,0.0,11.0,0.0,0.0,0.0,26.0,0.06060606060606061,0.14285714285714285,0.038461538461538464,26.0
p_1741,0.0,0.0,0.0,0.0,0.0,0.0,108.0,0.0,0.0,0.0,0.0,0.0,0.0,0.0,37.0,0.0,0.0,0.0,6.0,0.0,0.0,0.0,38.0,0.0,0.0,0.0,27.0
p_1742,0.02222222222222222,0.05714285714285714,0.013793103448275862,0.029835390946502054,0.07671957671957672,0.018518518518518517,108.0,0.0,0.0,0.0,0.0,0.0,0.0,0.0,31.0,0.0,0.0,0.0,27.0,0.1111111111111111,0.2857142857142857,0.06896551724137931,29.0,0.0,0.0,0.0,21.0
p_1743,0.03809523809523809,0.04444444444444444,0.03333333333333333,0.021164021164021163,0.024691358024691357,0.018518518518518517,108.0,0.0,0.0,0.0,0.0,0.0,0.0,0.0,33.0,0.19047619047619047,0.2222222222222222,0.16666666666666666,12.0,0.0,0.0,0.0,28.0,0.0,0.0,0.0,35.0
p_1744,0.011764705882352941,0.02857142857142857,0.007407407407407407,0.014705882352941176,0.03571428571428571,0.009259259259259259,108.0,0.0,0.0,0.0,0.0,0.058823529411764705,0.14285714285714285,0.037037037037037035,27.0,0.0,0.0,0.0,26.0,0.0,0.0,0.0,29.0,0.0,0.0,0.0,26.0
p_1745,0.045714285714285714,0.11428571428571428,0.02857142857142857,0.059259259259259255,0.14814814814814814,0.037037037037037035,108.0,0.0,0.0,0.0,0.0,0.0,0.0,0.0,31.0,0.0,0.0,0.0,6.0,0.0,0.0,0.0,43.0,0.22857142857142856,0.5714285714285714,0.14285714285714285,28.0
p_1746,0.01818181818181818,0.05714285714285714,0.010810810810810811,0.031144781144781145,0.09788359788359788,0.018518518518518517,108.0,0.0,0.0,0.0,0.0,0.0,0.0,0.0,27.0,0.0,0.0,0.0,14.0,0.09090909090909091,0.2857142857142857,0.05405405405405406,37.0,0.0,0.0,0.0,30.0
p_1747,0.014814814814814814,0.02857142857142857,0.01,0.013717421124828532,0.02645502645502645,0.009259259259259259,108.0,0.0,0.0,0.0,0.0,0.0,0.0,0.0,40.0,0.0,0.0,0.0,8.0,0.0,0.0,0.0,40.0,0.07407407407407407,0.14285714285714285,0.05,20.0
p_1748,0.007692307692307693,0.025,0.004545454545454545,0.01566951566951567,0.05092592592592592,0.009259259259259259,108.0,0.0,0.0,0.0,0.0,0.038461538461538464,0.125,0.022727272727272728,44.0,0.0,0.0,0.0,26.0,0.0,0.0,0.0,22.0,0.0,0.0,0.0,16.0
p_1749,0.0,0.0,0.0,0.0,0.0,0.0,108.0,0.0,0.0,0.0,0.0,0.0,0.0,0.0,22.0,0.0,0.0,0.0,11.0,0.0,0.0,0.0,56.0,0.0,0.0,0.0,19.0
p_1750,0.014035087719298244,0.05,0.008163265306122448,0.03183885640025991,0.11342592592592593,0.018518518518518517,108.0,0.0,0.0,0.0,0.0,0.0,0.0,0.0,20.0,0.0,0.0,0.0,15.0,0.07017543859649122,0.25,0.04081632653061224,49.0,0.0,0.0,0.0,24.0
p_1751,0.0,0.0,0.0,0.0,0.0,0.0,108.0,0.0,0.0,0.0,0.0,0.0,0.0,0.0,32.0,0.0,0.0,0.0,17.0,0.0,0.0,0.0,22.0,0.0,0.0,0.0,37.0
p_1752,0.023529411764705882,0.05714285714285714,0.014814814814814814,0.029411764705882353,0.07142857142857142,0.018518518518518517,108.0,0.0,0.0,0.0,0.0,0.0,0.0,0.0,41.0,0.0,0.0,0.0,9.0,0.0,0.0,0.0,31.0,0.11764705882352941,0.2857142857142857,0.07407407407407407,27.0
p_1753,0.021052631578947368,0.05,0.013333333333333332,0.029239766081871347,0.06944444444444445,0.018518518518518517,108.0,0.0,0.0,0.0,0.0,0.0,0.0,0.0,45.0,0.0,0.0,0.0,8.0,0.10526315789473684,0.25,0.06666666666666667,30.0,0.0,0.0,0.0,25.0
p_1754,0.042105263157894736,0.05,0.03636363636363636,0.021442495126705655,0.02546296296296296,0.018518518518518517,108.0,0.0,0.0,0.0,0.0,0.0,0.0,0.0,28.0,0.21052631578947367,0.25,0.18181818181818182,11.0,0.0,0.0,0.0,20.0,0.0,0.0,0.0,49.0
p_1755,0.009302325581395349,0.02857142857142857,0.005555555555555555,0.015503875968992246,0.047619047619047616,0.009259259259259259,108.0,0.0,0.0,0.0,0.0,0.046511627906976744,0.14285714285714285,0.027777777777777776,36.0,0.0,0.0,0.0,11.0,0.0,0.0,0.0,31.0,0.0,0.0,0.0,30.0
p_1756,0.04,0.1,0.025,0.05925925925925926,0.14814814814814814,0.037037037037037035,108.0,0.0,0.0,0.0,0.0,0.0,0.0,0.0,41.0,0.0,0.0,0.0,10.0,0.2,0.5,0.125,32.0,0.0,0.0,0.0,25.0
p_1757,0.03333333333333333,0.05714285714285714,0.023529411764705882,0.026234567901234566,0.04497354497354497,0.018518518518518517,108.0,0.0,0.0,0.0,0.0,0.0,0.0,0.0,53.0,0.16666666666666666,0.2857142857142857,0.11764705882352941,17.0,0.0,0.0,0.0,15.0,0.0,0.0,0.0,23.0
p_1758,0.06060606060606061,0.11111111111111112,0.04166666666666667,0.06734006734006735,0.1234567901234568,0.046296296296296294,108.0,0.0,0.0,0.0,0.0,0.0,0.0,0.0,33.0,0.0,0.0,0.0,7.0,0.30303030303030304,0.5555555555555556,0.20833333333333334,24.0,0.0,0.0,0.0,44.0
p_1759,0.032432432432432434,0.08571428571428572,0.02,0.04504504504504504,0.11904761904761904,0.027777777777777776,108.0,0.0,0.0,0.0,0.0,0.0,0.0,0.0,20.0,0.0,0.0,0.0,8.0,0.16216216216216217,0.42857142857142855,0.1,30.0,0.0,0.0,0.0,50.0
p_1760,0.027906976744186046,0.08571428571428572,0.016666666666666666,0.046511627906976744,0.14285714285714285,0.027777777777777776,108.0,0.0,0.0,0.0,0.0,0.13953488372093023,0.42857142857142855,0.08333333333333333,36.0,0.0,0.0,0.0,12.0,0.0,0.0,0.0,35.0,0.0,0.0,0.0,25.0
p_1761,0.04444444444444444,0.075,0.031578947368421054,0.03909465020576132,0.06597222222222222,0.027777777777777776,108.0,0.0,0.0,0.0,0.0,0.0,0.0,0.0,18.0,0.0,0.0,0.0,32.0,0.0,0.0,0.0,39.0,0.2222222222222222,0.375,0.15789473684210525,19.0
p_1762,0.013793103448275862,0.02857142857142857,0.00909090909090909,0.0140485312899106,0.0291005291005291,0.009259259259259259,108.0,0.0,0.0,0.0,0.0,0.0,0.0,0.0,27.0,0.06896551724137931,0.14285714285714285,0.045454545454545456,22.0,0.0,0.0,0.0,46.0,0.0,0.0,0.0,13.0
p_1763,0.011764705882352941,0.02222222222222222,0.008,0.013616557734204792,0.025720164609053495,0.009259259259259259,108.0,0.0,0.0,0.0,0.0,0.058823529411764705,0.1111111111111111,0.04,25.0,0.0,0.0,0.0,17.0,0.0,0.0,0.0,52.0,0.0,0.0,0.0,14.0
p_1764,0.009302325581395349,0.02857142857142857,0.005555555555555555,0.015503875968992246,0.047619047619047616,0.009259259259259259,108.0,0.0,0.0,0.0,0.0,0.0,0.0,0.0,41.0,0.0,0.0,0.0,15.0,0.046511627906976744,0.14285714285714285,0.027777777777777776,36.0,0.0,0.0,0.0,16.0
p_1765,0.032432432432432434,0.075,0.020689655172413793,0.04354354354354354,0.10069444444444445,0.027777777777777776,108.0,0.0,0.0,0.0,0.0,0.0,0.0,0.0,27.0,0.0,0.0,0.0,11.0,0.0,0.0,0.0,41.0,0.16216216216216217,0.375,0.10344827586206896,29.0
p_1766,0.0,0.0,0.0,0.0,0.0,0.0,108.0,0.0,0.0,0.0,0.0,0.0,0.0,0.0,25.0,0.0,0.0,0.0,24.0,0.0,0.0,0.0,41.0,0.0,0.0,0.0,18.0
p_1767,0.02608695652173913,0.075,0.015789473684210527,0.04589371980676328,0.13194444444444445,0.027777777777777776,108.0,0.0,0.0,0.0,0.0,0.0,0.0,0.0,31.0,0.0,0.0,0.0,9.0,0.13043478260869565,0.375,0.07894736842105263,38.0,0.0,0.0,0.0,30.0
p_1768,0.008695652173913044,0.02222222222222222,0.005405405405405406,0.014895330112721417,0.03806584362139917,0.009259259259259259,108.0,0.0,0.0,0.0,0.0,0.0,0.0,0.0,27.0,0.043478260869565216,0.1111111111111111,0.02702702702702703,37.0,0.0,0.0,0.0,26.0,0.0,0.0,0.0,18.0
p_1769,0.0,0.0,0.0,0.0,0.0,0.0,108.0,0.0,0.0,0.0,0.0,0.0,0.0,0.0,42.0,0.0,0.0,0.0,9.0,0.0,0.0,0.0,43.0,0.0,0.0,0.0,14.0
p_1770,0.013793103448275862,0.025,0.009523809523809523,0.013409961685823755,0.024305555555555556,0.009259259259259259,108.0,0.0,0.0,0.0,0.0,0.06896551724137931,0.125,0.047619047619047616,21.0,0.0,0.0,0.0,23.0,0.0,0.0,0.0,46.0,0.0,0.0,0.0,18.0
p_1771,0.03529411764705882,0.08571428571428572,0.02222222222222222,0.04411764705882353,0.10714285714285714,0.027777777777777776,108.0,0.0,0.0,0.0,0.0,0.0,0.0,0.0,39.0,0.0,0.0,0.0,14.0,0.17647058823529413,0.42857142857142855,0.1111111111111111,27.0,0.0,0.0,0.0,28.0
p_1772,0.011428571428571429,0.02857142857142857,0.007142857142857143,0.014814814814814814,0.037037037037037035,0.009259259259259259,108.0,0.0,0.0,0.0,0.0,0.05714285714285714,0.14285714285714285,0.03571428571428571,28.0,0.0,0.0,0.0,14.0,0.0,0.0,0.0,30.0,0.0,0.0,0.0,36.0
p_1773,0.006779661016949152,0.02857142857142857,0.0038461538461538464,0.016321406151914627,0.06878306878306878,0.009259259259259259,108.0,0.0,0.0,0.0,0.0,0.0,0.0,0.0,15.0,0.0,0.0,0.0,25.0,0.03389830508474576,0.14285714285714285,0.019230769230769232,52.0,0.0,0.0,0.0,16.0
p_1774,0.01111111111111111,0.025,0.007142857142857143,0.014403292181069957,0.032407407407407406,0.009259259259259259,108.0,0.0,0.0,0.0,0.0,0.0,0.0,0.0,38.0,0.0,0.0,0.0,9.0,0.05555555555555555,0.125,0.03571428571428571,28.0,0.0,0.0,0.0,33.0
p_1775,0.0,0.0,0.0,0.0,0.0,0.0,108.0,0.0,0.0,0.0,0.0,0.0,0.0,0.0,37.0,0.0,0.0,0.0,17.0,0.0,0.0,0.0,20.0,0.0,0.0,0.0,34.0
p_1776,0.0,0.0,0.0,0.0,0.0,0.0,108.0,0.0,0.0,0.0,0.0,0.0,0.0,0.0,25.0,0.0,0.0,0.0,33.0,0.0,0.0,0.0,29.0,0.0,0.0,0.0,21.0
p_1777,0.013793103448275862,0.02857142857142857,0.00909090909090909,0.0140485312899106,0.0291005291005291,0.009259259259259259,108.0,0.0,0.0,0.0,0.0,0.06896551724137931,0.14285714285714285,0.045454545454545456,22.0,0.0,0.0,0.0,9.0,0.0,0.0,0.0,47.0,0.0,0.0,0.0,30.0
p_1778,0.012121212121212121,0.025,0.008,0.014029180695847363,0.028935185185185185,0.009259259259259259,108.0,0.0,0.0,0.0,0.0,0.0,0.0,0.0,25.0,0.0,0.0,0.0,11.0,0.0,0.0,0.0,47.0,0.06060606060606061,0.125,0.04,25.0
p_1779,0.02727272727272727,0.075,0.016666666666666666,0.04545454545454545,0.125,0.027777777777777776,108.0,0.0,0.0,0.0,0.0,0.0,0.0,0.0,29.0,0.0,0.0,0.0,31.0,0.0,0.0,0.0,12.0,0.13636363636363635,0.375,0.08333333333333333,36.0
p_1780,0.015384615384615385,0.025,0.01111111111111111,0.01282051282051282,0.020833333333333332,0.009259259259259259,108.0,0.0,0.0,0.0,0.0,0.0,0.0,0.0,20.0,0.0,0.0,0.0,15.0,0.0,0.0,0.0,55.0,0.07692307692307693,0.125,0.05555555555555555,18.0
p_1781,0.03076923076923077,0.075,0.01935483870967742,0.04415954415954416,0.1076388888888889,0.027777777777777776,108.0,0.0,0.0,0.0,0.0,0.0,0.0,0.0,7.0,0.0,0.0,0.0,30.0,0.0,0.0,0.0,40.0,0.15384615384615385,0.375,0.0967741935483871,31.0
p_1782,0.02857142857142857,0.075,0.01764705882352941,0.04497354497354497,0.11805555555555555,0.027777777777777776,108.0,0.0,0.0,0.0,0.0,0.0,0.0,0.0,32.0,0.14285714285714285,0.375,0.08823529411764706,34.0,0.0,0.0,0.0,24.0,0.0,0.0,0.0,18.0
p_1783,0.06666666666666667,0.11428571428571428,0.047058823529411764,0.05246913580246913,0.08994708994708994,0.037037037037037035,108.0,0.0,0.0,0.0,0.0,0.0,0.0,0.0,27.0,0.0,0.0,0.0,14.0,0.0,0.0,0.0,50.0,0.3333333333333333,0.5714285714285714,0.23529411764705882,17.0
p_1784,0.08421052631578947,0.11428571428571428,0.06666666666666667,0.04678362573099415,0.06349206349206349,0.037037037037037035,108.0,0.0,0.0,0.0,0.0,0.0,0.0,0.0,18.0,0.0,0.0,0.0,39.0,0.0,0.0,0.0,39.0,0.42105263157894735,0.5714285714285714,0.3333333333333333,12.0
p_1785,0.042105263157894736,0.05,0.03636363636363636,0.021442495126705655,0.02546296296296296,0.018518518518518517,108.0,0.0,0.0,0.0,0.0,0.0,0.0,0.0,29.0,0.0,0.0,0.0,14.0,0.0,0.0,0.0,54.0,0.21052631578947367,0.25,0.18181818181818182,11.0
p_1786,0.0,0.0,0.0,0.0,0.0,0.0,108.0,0.0,0.0,0.0,0.0,0.0,0.0,0.0,28.0,0.0,0.0,0.0,11.0,0.0,0.0,0.0,45.0,0.0,0.0,0.0,24.0
p_1787,0.021052631578947368,0.025,0.01818181818181818,0.010721247563352828,0.01273148148148148,0.009259259259259259,108.0,0.0,0.0,0.0,0.0,0.0,0.0,0.0,38.0,0.10526315789473684,0.125,0.09090909090909091,11.0,0.0,0.0,0.0,35.0,0.0,0.0,0.0,24.0
p_1788,0.0,0.0,0.0,0.0,0.0,0.0,108.0,0.0,0.0,0.0,0.0,0.0,0.0,0.0,18.0,0.0,0.0,0.0,19.0,0.0,0.0,0.0,23.0,0.0,0.0,0.0,48.0
p_1789,0.0,0.0,0.0,0.0,0.0,0.0,108.0,0.0,0.0,0.0,0.0,0.0,0.0,0.0,46.0,0.0,0.0,0.0,22.0,0.0,0.0,0.0,18.0,0.0,0.0,0.0,22.0
p_1790,0.02807017543859649,0.11428571428571428,0.016,0.0649772579597141,0.26455026455026454,0.037037037037037035,108.0,0.0,0.0,0.0,0.0,0.14035087719298245,0.5714285714285714,0.08,50.0,0.0,0.0,0.0,8.0,0.0,0.0,0.0,29.0,0.0,0.0,0.0,21.0
p_1791,0.014285714285714285,0.05,0.008333333333333333,0.031746031746031744,0.1111111111111111,0.018518518518518517,108.0,0.0,0.0,0.0,0.0,0.0,0.0,0.0,30.0,0.0,0.0,0.0,10.0,0.07142857142857142,0.25,0.041666666666666664,48.0,0.0,0.0,0.0,20.0
p_1792,0.03428571428571429,0.08571428571428572,0.02142857142857143,0.044444444444444446,0.1111111111111111,0.027777777777777776,108.0,0.0,0.0,0.0,0.0,0.17142857142857143,0.42857142857142855,0.10714285714285714,28.0,0.0,0.0,0.0,13.0,0.0,0.0,0.0,27.0,0.0,0.0,0.0,40.0
p_1793,0.03809523809523809,0.05,0.03076923076923077,0.022927689594356263,0.03009259259259259,0.018518518518518517,108.0,0.0,0.0,0.0,0.0,0.0,0.0,0.0,10.0,0.19047619047619047,0.25,0.15384615384615385,13.0,0.0,0.0,0.0,56.0,0.0,0.0,0.0,29.0
p_1794,0.0,0.0,0.0,0.0,0.0,0.0,108.0,0.0,0.0,0.0,0.0,0.0,0.0,0.0,30.0,0.0,0.0,0.0,9.0,0.0,0.0,0.0,40.0,0.0,0.0,0.0,29.0
p_1795,0.02857142857142857,0.05714285714285714,0.019047619047619046,0.027777777777777776,0.05555555555555555,0.018518518518518517,108.0,0.0,0.0,0.0,0.0,0.0,0.0,0.0,27.0,0.0,0.0,0.0,37.0,0.14285714285714285,0.2857142857142857,0.09523809523809523,21.0,0.0,0.0,0.0,23.0
p_1796,0.06060606060606061,0.11111111111111112,0.04166666666666667,0.06734006734006735,0.1234567901234568,0.046296296296296294,108.0,0.0,0.0,0.0,0.0,0.0,0.0,0.0,29.0,0.0,0.0,0.0,25.0,0.0,0.0,0.0,30.0,0.30303030303030304,0.5555555555555556,0.20833333333333334,24.0
p_1797,0.04,0.125,0.023809523809523808,0.07777777777777778,0.24305555555555555,0.046296296296296294,108.0,0.0,0.0,0.0,0.0,0.2,0.625,0.11904761904761904,42.0,0.0,0.0,0.0,14.0,0.0,0.0,0.0,18.0,0.0,0.0,0.0,34.0
p_1798,0.02,0.05714285714285714,0.012121212121212121,0.030555555555555558,0.08730158730158731,0.018518518518518517,108.0,0.0,0.0,0.0,0.0,0.0,0.0,0.0,21.0,0.0,0.0,0.0,17.0,0.1,0.2857142857142857,0.06060606060606061,33.0,0.0,0.0,0.0,37.0
p_1799,0.058536585365853655,0.15,0.03636363636363636,0.08943089430894309,0.22916666666666666,0.05555555555555555,108.0,0.0,0.0,0.0,0.0,0.0,0.0,0.0,39.0,0.0,0.0,0.0,9.0,0.0,0.0,0.0,27.0,0.2926829268292683,0.75,0.18181818181818182,33.0
p_1800,0.0375,0.08571428571428572,0.024,0.043402777777777776,0.0992063492063492,0.027777777777777776,108.0,0.0,0.0,0.0,0.0,0.1875,0.42857142857142855,0.12,25.0,0.0,0.0,0.0,7.0,0.0,0.0,0.0,42.0,0.0,0.0,0.0,34.0
p_1801,0.0,0.0,0.0,0.0,0.0,0.0,108.0,0.0,0.0,0.0,0.0,0.0,0.0,0.0,35.0,0.0,0.0,0.0,25.0,0.0,0.0,0.0,38.0,0.0,0.0,0.0,10.0
p_1802,0.023529411764705882,0.05714285714285714,0.014814814814814814,0.029411764705882353,0.07142857142857142,0.018518518518518517,108.0,0.0,0.0,0.0,0.0,0.0,0.0,0.0,30.0,0.0,0.0,0.0,12.0,0.0,0.0,0.0,39.0,0.11764705882352941,0.2857142857142857,0.07407407407407407,27.0
p_1803,0.04285714285714286,0.075,0.03,0.03968253968253968,0.06944444444444445,0.027777777777777776,108.0,0.0,0.0,0.0,0.0,0.21428571428571427,0.375,0.15,20.0,0.0,0.0,0.0,20.0,0.0,0.0,0.0,45.0,0.0,0.0,0.0,23.0
p_1804,0.0,0.0,0.0,0.0,0.0,0.0,108.0,0.0,0.0,0.0,2.0,0.0,0.0,0.0,41.0,0.0,0.0,0.0,14.0,0.0,0.0,0.0,22.0,0.0,0.0,0.0,29.0
p_1805,0.012735042735042734,0.027000000000000003,0.05540540540540541,0.015938588160810382,0.043194444444444445,0.018518518518518517,108.0,0.019230769230769232,0.01,0.25,4.0,0.0,0.0,0.0,23.0,0.0,0.0,0.0,10.0,0.0,0.0,0.0,34.0,0.044444444444444446,0.125,0.02702702702702703,37.0
p_1806,0.04996336996336996,0.0876944837340877,0.08157894736842106,0.04130375797042464,0.07576352873382576,0.037037037037037035,108.0,0.01904761904761905,0.009900990099009901,0.25,4.0,0.0,0.0,0.0,30.0,0.0,0.0,0.0,16.0,0.23076923076923078,0.42857142857142855,0.15789473684210525,19.0,0.0,0.0,0.0,39.0
p_1807,0.01596736596736597,0.027000000000000003,0.057999999999999996,0.014741431408098074,0.029305555555555557,0.018518518518518517,108.0,0.019230769230769232,0.01,0.25,4.0,0.0,0.0,0.0,35.0,0.0,0.0,0.0,12.0,0.06060606060606061,0.125,0.04,25.0,0.0,0.0,0.0,32.0
p_1808,0.013111849390919158,0.030551626591230552,0.05555555555555556,0.016209343341126285,0.047985750956047984,0.018518518518518517,108.0,0.01904761904761905,0.009900990099009901,0.25,4.0,0.0,0.0,0.0,26.0,0.0,0.0,0.0,7.0,0.046511627906976744,0.14285714285714285,0.027777777777777776,36.0,0.0,0.0,0.0,35.0
p_1809,0.0451888341543514,0.0876944837340877,0.07727272727272727,0.042851061241865836,0.08766829063858766,0.037037037037037035,108.0,0.01904761904761905,0.009900990099009901,0.25,4.0,0.0,0.0,0.0,23.0,0.0,0.0,0.0,32.0,0.20689655172413793,0.42857142857142855,0.13636363636363635,22.0,0.0,0.0,0.0,27.0
p_1810,0.0375,0.06666666666666667,0.02608695652173913,0.03993055555555555,0.07098765432098765,0.027777777777777776,108.0,0.0,0.0,0.0,4.0,0.0,0.0,0.0,23.0,0.0,0.0,0.0,17.0,0.1875,0.3333333333333333,0.13043478260869565,23.0,0.0,0.0,0.0,41.0
p_1811,0.00380952380952381,0.0019801980198019802,0.05,0.0007054673721340388,0.0003667033370003667,0.009259259259259259,108.0,0.01904761904761905,0.009900990099009901,0.25,4.0,0.0,0.0,0.0,29.0,0.0,0.0,0.0,9.0,0.0,0.0,0.0,14.0,0.0,0.0,0.0,52.0
p_1812,0.015239477503628446,0.03253182461103253,0.08444444444444445,0.017772671074557867,0.060440567866310434,0.027777777777777776,108.0,0.03773584905660377,0.019801980198019802,0.4,5.0,0.0,0.0,0.0,24.0,0.0,0.0,0.0,9.0,0.0,0.0,0.0,25.0,0.038461538461538464,0.14285714285714285,0.022222222222222223,45.0
p_1813,0.03241758241758241,0.046464646464646465,0.06105263157894737,0.02602258852258852,0.03956228956228956,0.027777777777777776,108.0,0.019230769230769232,0.010101010101010102,0.2,5.0,0.0,0.0,0.0,35.0,0.14285714285714285,0.2222222222222222,0.10526315789473684,19.0,0.0,0.0,0.0,19.0,0.0,0.0,0.0,30.0
p_1814,0.031789594053745,0.061103253182461105,0.09538461538461539,0.030927725896279352,0.0696998271255697,0.037037037037037035,108.0,0.03773584905660377,0.019801980198019802,0.4,5.0,0.12121212121212122,0.2857142857142857,0.07692307692307693,26.0,0.0,0.0,0.0,26.0,0.0,0.0,0.0,23.0,0.0,0.0,0.0,28.0
p_1815,0.03261904761904762,0.054000000000000006,0.09666666666666666,0.029541446208112877,0.05648148148148148,0.037037037037037035,108.0,0.0380952380952381,0.02,0.4,5.0,0.125,0.25,0.08333333333333333,24.0,0.0,0.0,0.0,10.0,0.0,0.0,0.0,51.0,0.0,0.0,0.0,18.0
p_1816,0.031833575229801646,0.05600000000000001,0.1129032258064516,0.03258435019441309,0.07342592592592592,0.046296296296296294,108.0,0.05660377358490566,0.03,0.5,6.0,0.0,0.0,0.0,34.0,0.0,0.0,0.0,1.0,0.10256410256410256,0.25,0.06451612903225806,31.0,0.0,0.0,0.0,36.0
p_1817,0.03283657489264966,0.06308345120226308,0.11333333333333333,0.03314529482753782,0.08101524438158102,0.046296296296296294,108.0,0.056074766355140186,0.0297029702970297,0.5,6.0,0.0,0.0,0.0,42.0,0.0,0.0,0.0,6.0,0.10810810810810811,0.2857142857142857,0.06666666666666667,30.0,0.0,0.0,0.0,24.0
p_1818,0.011214953271028037,0.005940594059405941,0.1,0.003115264797507788,0.0016501650165016502,0.027777777777777776,108.0,0.056074766355140186,0.0297029702970297,0.5,6.0,0.0,0.0,0.0,46.0,0.0,0.0,0.0,7.0,0.0,0.0,0.0,30.0,0.0,0.0,0.0,19.0
p_1819,0.011214953271028037,0.005940594059405941,0.1,0.003115264797507788,0.0016501650165016502,0.027777777777777776,108.0,0.056074766355140186,0.0297029702970297,0.5,6.0,0.0,0.0,0.0,32.0,0.0,0.0,0.0,8.0,0.0,0.0,0.0,32.0,0.0,0.0,0.0,30.0
p_1820,0.03343717549325026,0.06308345120226308,0.11379310344827587,0.03295065574400984,0.07836974173607836,0.046296296296296294,108.0,0.056074766355140186,0.0297029702970297,0.5,6.0,0.1111111111111111,0.2857142857142857,0.06896551724137931,29.0,0.0,0.0,0.0,21.0,0.0,0.0,0.0,23.0,0.0,0.0,0.0,29.0
p_1821,0.032373386295928494,0.05600000000000001,0.11333333333333333,0.03238442016992166,0.07111111111111111,0.046296296296296294,108.0,0.05660377358490566,0.03,0.5,6.0,0.0,0.0,0.0,33.0,0.0,0.0,0.0,6.0,0.10526315789473684,0.25,0.06666666666666667,30.0,0.0,0.0,0.0,33.0
p_1822,0.011214953271028037,0.005940594059405941,0.1,0.003115264797507788,0.0016501650165016502,0.027777777777777776,108.0,0.056074766355140186,0.0297029702970297,0.5,6.0,0.0,0.0,0.0,22.0,0.0,0.0,0.0,5.0,0.0,0.0,0.0,38.0,0.0,0.0,0.0,37.0
p_1823,0.03343717549325026,0.03451202263083451,0.1181818181818182,0.014432137225491326,0.0162004295667662,0.037037037037037035,108.0,0.056074766355140186,0.0297029702970297,0.5,6.0,0.0,0.0,0.0,21.0,0.1111111111111111,0.14285714285714285,0.09090909090909091,11.0,0.0,0.0,0.0,23.0,0.0,0.0,0.0,47.0
p_1824,0.03978638184245661,0.06308345120226308,0.11904761904761904,0.030893042575285565,0.05720572057205721,0.046296296296296294,108.0,0.056074766355140186,0.0297029702970297,0.5,6.0,0.0,0.0,0.0,29.0,0.0,0.0,0.0,11.0,0.14285714285714285,0.2857142857142857,0.09523809523809523,21.0,0.0,0.0,0.0,41.0
p_1825,0.041320754716981135,0.081,0.11875,0.04758909853249476,0.11277777777777777,0.05555555555555555,108.0,0.05660377358490566,0.03,0.5,6.0,0.15,0.375,0.09375,32.0,0.0,0.0,0.0,7.0,0.0,0.0,0.0,42.0,0.0,0.0,0.0,21.0
p_1826,0.07699059561128527,0.12616690240452616,0.16969696969696968,0.06528503425055149,0.12135261145162135,0.09259259259259259,108.0,0.10909090909090909,0.0594059405940594,0.6666666666666666,9.0,0.27586206896551724,0.5714285714285714,0.18181818181818182,22.0,0.0,0.0,0.0,8.0,0.0,0.0,0.0,29.0,0.0,0.0,0.0,40.0
p_1827,0.047018348623853214,0.062,0.15,0.03695208970438329,0.06055555555555556,0.07407407407407407,108.0,0.11009174311926606,0.06,0.6666666666666666,9.0,0.0,0.0,0.0,48.0,0.0,0.0,0.0,7.0,0.125,0.25,0.08333333333333333,24.0,0.0,0.0,0.0,20.0
p_1828,0.032074592074592075,0.04045261669024045,0.13958333333333334,0.02428559095225762,0.04727853737754728,0.06481481481481481,108.0,0.10909090909090909,0.0594059405940594,0.6666666666666666,9.0,0.0,0.0,0.0,44.0,0.0,0.0,0.0,5.0,0.0,0.0,0.0,18.0,0.05128205128205128,0.14285714285714285,0.03125,32.0
p_1829,0.042018348623853216,0.037,0.15,0.02028542303771662,0.01888888888888889,0.06481481481481481,108.0,0.11009174311926606,0.06,0.6666666666666666,9.0,0.0,0.0,0.0,21.0,0.1,0.125,0.08333333333333333,12.0,0.0,0.0,0.0,22.0,0.0,0.0,0.0,44.0
p_1830,0.021818181818181816,0.011881188118811881,0.13333333333333333,0.00909090909090909,0.0049504950495049506,0.05555555555555555,108.0,0.10909090909090909,0.0594059405940594,0.6666666666666666,9.0,0.0,0.0,0.0,46.0,0.0,0.0,0.0,10.0,0.0,0.0,0.0,17.0,0.0,0.0,0.0,26.0
p_1831,0.032628992628992624,0.04045261669024045,0.13999999999999999,0.024105924105924107,0.04463303473204463,0.06481481481481481,108.0,0.10909090909090909,0.0594059405940594,0.6666666666666666,9.0,0.0,0.0,0.0,35.0,0.05405405405405406,0.14285714285714285,0.03333333333333333,30.0,0.0,0.0,0.0,13.0,0.0,0.0,0.0,21.0
p_1832,0.030707070707070704,0.04045261669024045,0.13859649122807016,0.024728769173213618,0.0552150453140552,0.06481481481481481,108.0,0.10909090909090909,0.0594059405940594,0.6666666666666666,9.0,0.044444444444444446,0.14285714285714285,0.02631578947368421,38.0,0.0,0.0,0.0,25.0,0.0,0.0,0.0,17.0,0.0,0.0,0.0,19.0
p_1833,0.021818181818181816,0.011881188118811881,0.13333333333333333,0.00909090909090909,0.0049504950495049506,0.05555555555555555,108.0,0.10909090909090909,0.0594059405940594,0.6666666666666666,9.0,0.0,0.0,0.0,22.0,0.0,0.0,0.0,12.0,0.0,0.0,0.0,37.0,0.0,0.0,0.0,28.0
p_1834,0.025225225225225224,0.013861386138613863,0.13999999999999999,0.011678345011678345,0.006417308397506418,0.06481481481481481,108.0,0.12612612612612611,0.06930693069306931,0.7,10.0,0.0,0.0,0.0,34.0,0.0,0.0,0.0,11.0,0.0,0.0,0.0,37.0,0.0,0.0,0.0,16.0
p_1835,0.036304062909567496,0.03434343434343434,0.13052631578947368,0.022759817484588128,0.025158997381219603,0.06481481481481481,108.0,0.11009174311926606,0.06060606060606061,0.6,10.0,0.0,0.0,0.0,24.0,0.0,0.0,0.0,11.0,0.0,0.0,0.0,44.0,0.07142857142857142,0.1111111111111111,0.05263157894736842,19.0
p_1836,0.025454545454545452,0.014000000000000002,0.13999999999999999,0.011784511784511783,0.006481481481481482,0.06481481481481481,108.0,0.12727272727272726,0.07,0.7,10.0,0.0,0.0,0.0,22.0,0.0,0.0,0.0,6.0,0.0,0.0,0.0,45.0,0.0,0.0,0.0,25.0
p_1837,0.025225225225225224,0.013861386138613863,0.13999999999999999,0.011678345011678345,0.006417308397506418,0.06481481481481481,108.0,0.12612612612612611,0.06930693069306931,0.7,10.0,0.0,0.0,0.0,36.0,0.0,0.0,0.0,11.0,0.0,0.0,0.0,39.0,0.0,0.0,0.0,12.0
p_1838,0.03835777126099706,0.039,0.14869565217391303,0.025524057782122297,0.033101851851851855,0.07407407407407407,108.0,0.12727272727272726,0.07,0.7,10.0,0.06451612903225806,0.125,0.043478260869565216,23.0,0.0,0.0,0.0,10.0,0.0,0.0,0.0,34.0,0.0,0.0,0.0,31.0
p_1839,0.03832752613240418,0.044413012729844416,0.15133689839572192,0.02990708478513357,0.053041018387553034,0.08333333333333333,108.0,0.14285714285714285,0.07920792079207921,0.7272727272727273,11.0,0.0,0.0,0.0,29.0,0.0,0.0,0.0,7.0,0.0,0.0,0.0,27.0,0.04878048780487805,0.14285714285714285,0.029411764705882353,34.0
p_1840,0.038584926389804444,0.041,0.15151515151515152,0.029586497066171866,0.046342592592592595,0.08333333333333333,108.0,0.14414414414414414,0.08,0.7272727272727273,11.0,0.0,0.0,0.0,26.0,0.0,0.0,0.0,7.0,0.0,0.0,0.0,31.0,0.04878048780487805,0.125,0.030303030303030304,33.0
p_1841,0.039999999999999994,0.044413012729844416,0.1525974025974026,0.029365079365079365,0.045104510451045104,0.08333333333333333,108.0,0.14285714285714285,0.07920792079207921,0.7272727272727273,11.0,0.0,0.0,0.0,33.0,0.0,0.0,0.0,15.0,0.05714285714285714,0.14285714285714285,0.03571428571428571,28.0,0.0,0.0,0.0,21.0
p_1842,0.04364364364364364,0.041,0.15598086124401914,0.02771289808326845,0.03013888888888889,0.08333333333333333,108.0,0.14414414414414414,0.08,0.7272727272727273,11.0,0.0,0.0,0.0,54.0,0.0,0.0,0.0,7.0,0.07407407407407407,0.125,0.05263157894736842,19.0,0.0,0.0,0.0,17.0
p_1843,0.0419047619047619,0.044413012729844416,0.1541501976284585,0.02874779541446208,0.03849075383728849,0.08333333333333333,108.0,0.14285714285714285,0.07920792079207921,0.7272727272727273,11.0,0.06666666666666667,0.14285714285714285,0.043478260869565216,23.0,0.0,0.0,0.0,15.0,0.0,0.0,0.0,39.0,0.0,0.0,0.0,20.0
p_1844,0.05210084033613445,0.07298444130127299,0.16026936026936028,0.0439620292561469,0.0794960448425795,0.09259259259259259,108.0,0.14285714285714285,0.07920792079207921,0.7272727272727273,11.0,0.11764705882352941,0.2857142857142857,0.07407407407407407,27.0,0.0,0.0,0.0,16.0,0.0,0.0,0.0,29.0,0.0,0.0,0.0,25.0
p_1845,0.05878787878787879,0.0808080808080808,0.1494949494949495,0.05462962962962963,0.09053497942386832,0.09259259259259259,108.0,0.12727272727272726,0.0707070707070707,0.6363636363636364,11.0,0.0,0.0,0.0,15.0,0.0,0.0,0.0,26.0,0.16666666666666666,0.3333333333333333,0.1111111111111111,27.0,0.0,0.0,0.0,29.0
p_1846,0.044571428571428574,0.07298444130127299,0.1547568710359408,0.0464021164021164,0.12182408717062182,0.09259259259259259,108.0,0.14285714285714285,0.07920792079207921,0.7272727272727273,11.0,0.0,0.0,0.0,20.0,0.0,0.0,0.0,16.0,0.08,0.2857142857142857,0.046511627906976744,43.0,0.0,0.0,0.0,18.0
p_1847,0.03908523908523909,0.041,0.15190615835777127,0.029401196067862734,0.04402777777777778,0.08333333333333333,108.0,0.14414414414414414,0.08,0.7272727272727273,11.0,0.05128205128205128,0.125,0.03225806451612903,31.0,0.0,0.0,0.0,16.0,0.0,0.0,0.0,34.0,0.0,0.0,0.0,16.0
p_1848,0.0419047619047619,0.044413012729844416,0.1541501976284585,0.02874779541446208,0.03849075383728849,0.08333333333333333,108.0,0.14285714285714285,0.07920792079207921,0.7272727272727273,11.0,0.0,0.0,0.0,17.0,0.0,0.0,0.0,11.0,0.0,0.0,0.0,46.0,0.06666666666666667,0.14285714285714285,0.043478260869565216,23.0
p_1849,0.04962406015037594,0.044413012729844416,0.16212121212121214,0.02624617098301309,0.02394048928702394,0.08333333333333333,108.0,0.14285714285714285,0.07920792079207921,0.7272727272727273,11.0,0.0,0.0,0.0,40.0,0.10526315789473684,0.14285714285714285,0.08333333333333333,12.0,0.0,0.0,0.0,16.0,0.0,0.0,0.0,29.0
p_1850,0.07859649122807018,0.097,0.18441558441558442,0.06575698505523067,0.09064814814814814,0.12962962962962962,108.0,0.19298245614035087,0.11,0.7857142857142857,14.0,0.2,0.375,0.13636363636363635,22.0,0.0,0.0,0.0,36.0,0.0,0.0,0.0,16.0,0.0,0.0,0.0,20.0
p_1851,0.04756319514661274,0.05035360678925035,0.1626984126984127,0.04030258772422574,0.06173712609356173,0.1111111111111111,108.0,0.19130434782608696,0.10891089108910891,0.7857142857142857,14.0,0.0,0.0,0.0,16.0,0.0,0.0,0.0,24.0,0.046511627906976744,0.14285714285714285,0.027777777777777776,36.0,0.0,0.0,0.0,18.0
p_1852,0.056194125159642394,0.0809052333804809,0.16851063829787233,0.06097157182725509,0.1408402745036408,0.12962962962962962,108.0,0.20689655172413793,0.1188118811881188,0.8,15.0,0.07407407407407407,0.2857142857142857,0.0425531914893617,47.0,0.0,0.0,0.0,12.0,0.0,0.0,0.0,21.0,0.0,0.0,0.0,13.0
p_1853,0.05042016806722689,0.0297029702970297,0.16666666666666669,0.04201680672268907,0.02475247524752475,0.1388888888888889,108.0,0.25210084033613445,0.1485148514851485,0.8333333333333334,18.0,0.0,0.0,0.0,46.0,0.0,0.0,0.0,14.0,0.0,0.0,0.0,19.0,0.0,0.0,0.0,11.0
p_1854,0.06267040149393091,0.05700000000000001,0.17382645803698432,0.06253414946225404,0.07097222222222223,0.1574074074074074,108.0,0.2689075630252101,0.16,0.8421052631578947,19.0,0.0,0.0,0.0,24.0,0.0,0.0,0.0,9.0,0.044444444444444446,0.125,0.02702702702702703,37.0,0.0,0.0,0.0,19.0
p_1855,0.056666666666666664,0.034,0.16999999999999998,0.05246913580246913,0.031481481481481485,0.1574074074074074,108.0,0.2833333333333333,0.17,0.85,20.0,0.0,0.0,0.0,31.0,0.0,0.0,0.0,13.0,0.0,0.0,0.0,22.0,0.0,0.0,0.0,22.0
p_1856,0.05619834710743802,0.033663366336633666,0.16999999999999998,0.05203550658096113,0.031169783645031174,0.1574074074074074,108.0,0.2809917355371901,0.16831683168316833,0.85,20.0,0.0,0.0,0.0,27.0,0.0,0.0,0.0,25.0,0.0,0.0,0.0,24.0,0.0,0.0,0.0,12.0
p_1857,0.06869834710743802,0.06223479490806223,0.178,0.06650309917355372,0.06423856671381424,0.16666666666666666,108.0,0.2809917355371901,0.16831683168316833,0.85,20.0,0.0625,0.14285714285714285,0.04,25.0,0.0,0.0,0.0,4.0,0.0,0.0,0.0,47.0,0.0,0.0,0.0,12.0
p_1858,0.09149246475449684,0.11937765205091937,0.1922222222222222,0.09615315363978466,0.13831264078788832,0.18518518518518517,108.0,0.2809917355371901,0.16831683168316833,0.85,20.0,0.0,0.0,0.0,27.0,0.0,0.0,0.0,23.0,0.17647058823529413,0.42857142857142855,0.1111111111111111,27.0,0.0,0.0,0.0,11.0
p_1859,0.06360575451484543,0.06223479490806223,0.17425531914893616,0.06815347640263465,0.09333909581434334,0.16666666666666666,108.0,0.2809917355371901,0.16831683168316833,0.85,20.0,0.037037037037037035,0.14285714285714285,0.02127659574468085,47.0,0.0,0.0,0.0,11.0,0.0,0.0,0.0,23.0,0.0,0.0,0.0,7.0
p_1860,0.06517730496453901,0.05900000000000001,0.17512820512820512,0.06783556606251641,0.07662037037037038,0.16666666666666666,108.0,0.2833333333333333,0.17,0.85,20.0,0.0,0.0,0.0,24.0,0.0,0.0,0.0,5.0,0.0425531914893617,0.125,0.02564102564102564,39.0,0.0,0.0,0.0,20.0
p_1861,0.08010322580645161,0.07015558698727016,0.18333333333333332,0.08900358422939068,0.07795065220807794,0.2037037037037037,108.0,0.336,0.2079207920792079,0.875,24.0,0.0,0.0,0.0,21.0,0.0,0.0,0.0,26.0,0.06451612903225806,0.14285714285714285,0.041666666666666664,24.0,0.0,0.0,0.0,13.0
p_1862,0.08373333333333333,0.06899999999999999,0.18509090909090908,0.09506172839506172,0.0763888888888889,0.21296296296296297,108.0,0.352,0.22,0.88,25.0,0.06666666666666667,0.125,0.045454545454545456,22.0,0.0,0.0,0.0,5.0,0.0,0.0,0.0,24.0,0.0,0.0,0.0,32.0
p_1863,0.09882232462877624,0.096,0.194314381270903,0.11536856877358669,0.10861111111111112,0.23148148148148148,108.0,0.36507936507936506,0.23,0.8846153846153846,26.0,0.0,0.0,0.0,18.0,0.0,0.0,0.0,24.0,0.12903225806451613,0.25,0.08695652173913043,23.0,0.0,0.0,0.0,17.0
p_1864,0.08355205599300089,0.07411598302687412,0.18381962864721485,0.10211512912737761,0.09318193724134317,0.2222222222222222,108.0,0.36220472440944884,0.22772277227722773,0.8846153846153846,26.0,0.05555555555555555,0.14285714285714285,0.034482758620689655,29.0,0.0,0.0,0.0,6.0,0.0,0.0,0.0,16.0,0.0,0.0,0.0,31.0
p_1865,0.09159055118110236,0.073,0.1895424836601307,0.10708078156897054,0.07967592592592593,0.23148148148148148,108.0,0.3779527559055118,0.24,0.8888888888888888,27.0,0.0,0.0,0.0,25.0,0.0,0.0,0.0,12.0,0.0,0.0,0.0,27.0,0.08,0.125,0.058823529411764705,17.0
p_1866,0.08552631578947369,0.07609618104667609,0.18422939068100358,0.10885721247563353,0.1004112315993504,0.23148148148148148,108.0,0.375,0.2376237623762376,0.8888888888888888,27.0,0.0,0.0,0.0,12.0,0.0,0.0,0.0,16.0,0.0,0.0,0.0,22.0,0.05263157894736842,0.14285714285714285,0.03225806451612903,31.0
p_1867,0.075,0.047524752475247525,0.17777777777777776,0.09375,0.0594059405940594,0.2222222222222222,108.0,0.375,0.2376237623762376,0.8888888888888888,27.0,0.0,0.0,0.0,16.0,0.0,0.0,0.0,33.0,0.0,0.0,0.0,19.0,0.0,0.0,0.0,13.0
p_1868,0.075,0.047524752475247525,0.17777777777777776,0.09375,0.0594059405940594,0.2222222222222222,108.0,0.375,0.2376237623762376,0.8888888888888888,27.0,0.0,0.0,0.0,23.0,0.0,0.0,0.0,9.0,0.0,0.0,0.0,37.0,0.0,0.0,0.0,12.0
p_1869,0.135,0.13323903818953325,0.22393162393162394,0.12986111111111112,0.11099324218136099,0.25,108.0,0.375,0.2376237623762376,0.8888888888888888,27.0,0.0,0.0,0.0,23.0,0.0,0.0,0.0,16.0,0.0,0.0,0.0,29.0,0.3,0.42857142857142855,0.23076923076923078,13.0
p_1870,0.11499999999999999,0.10466760961810466,0.20854700854700853,0.11782407407407407,0.09379747498559379,0.24074074074074073,108.0,0.375,0.2376237623762376,0.8888888888888888,27.0,0.0,0.0,0.0,38.0,0.0,0.0,0.0,9.0,0.0,0.0,0.0,21.0,0.2,0.2857142857142857,0.15384615384615385,13.0
p_1871,0.09145833333333334,0.075,0.18766233766233767,0.1148533950617284,0.09027777777777778,0.24074074074074073,108.0,0.390625,0.25,0.8928571428571429,28.0,0.0,0.0,0.0,33.0,0.0,0.0,0.0,10.0,0.0,0.0,0.0,15.0,0.06666666666666667,0.125,0.045454545454545456,22.0
p_1872,0.09351937984496125,0.07807637906647807,0.1896825396825397,0.11382141831754236,0.08798260778458798,0.24074074074074073,108.0,0.3875968992248062,0.24752475247524752,0.8928571428571429,28.0,0.08,0.14285714285714285,0.05555555555555555,18.0,0.0,0.0,0.0,16.0,0.0,0.0,0.0,31.0,0.0,0.0,0.0,15.0
p_1873,0.12622779519331245,0.14115983026874118,0.20791788856304985,0.16391888230968693,0.16687621143066686,0.28703703703703703,108.0,0.42424242424242425,0.27722772277227725,0.9032258064516129,31.0,0.20689655172413793,0.42857142857142855,0.13636363636363635,22.0,0.0,0.0,0.0,6.0,0.0,0.0,0.0,36.0,0.0,0.0,0.0,13.0
p_1874,0.0909533863894754,0.079,0.1793217535153019,0.13368704094707018,0.1226388888888889,0.25925925925925924,108.0,0.4122137404580153,0.27,0.8709677419354839,31.0,0.0425531914893617,0.125,0.02564102564102564,39.0,0.0,0.0,0.0,14.0,0.0,0.0,0.0,13.0,0.0,0.0,0.0,11.0
p_1875,0.12859659424544923,0.1391796322489392,0.21157894736842103,0.15510210739218375,0.14965425113939967,0.2777777777777778,108.0,0.4122137404580153,0.26732673267326734,0.9,30.0,0.23076923076923078,0.42857142857142855,0.15789473684210525,19.0,0.0,0.0,0.0,9.0,0.0,0.0,0.0,23.0,0.0,0.0,0.0,27.0
p_1876,0.09739130434782609,0.077,0.18666666666666668,0.12318840579710146,0.08958333333333333,0.25,108.0,0.4,0.26,0.8666666666666667,30.0,0.0,0.0,0.0,24.0,0.0,0.0,0.0,20.0,0.0,0.0,0.0,19.0,0.08695652173913043,0.125,0.06666666666666667,15.0
p_1877,0.0938713195201745,0.079,0.1816009557945042,0.1326063249727372,0.10875000000000001,0.25925925925925924,108.0,0.4122137404580153,0.27,0.8709677419354839,31.0,0.05714285714285714,0.125,0.037037037037037035,27.0,0.0,0.0,0.0,12.0,0.0,0.0,0.0,16.0,0.0,0.0,0.0,22.0
p_1878,0.10023310023310024,0.081,0.18611111111111112,0.1385219718553052,0.1037962962962963,0.26851851851851855,108.0,0.42424242424242425,0.28,0.875,32.0,0.07692307692307693,0.125,0.05555555555555555,18.0,0.0,0.0,0.0,6.0,0.0,0.0,0.0,33.0,0.0,0.0,0.0,19.0
p_1879,0.10137566137566138,0.08995756718528995,0.1880672268907563,0.16001371742112483,0.14292262559589292,0.2962962962962963,108.0,0.45925925925925926,0.3069306930693069,0.9117647058823529,34.0,0.047619047619047616,0.14285714285714285,0.02857142857142857,35.0,0.0,0.0,0.0,6.0,0.0,0.0,0.0,22.0,0.0,0.0,0.0,11.0
p_1880,0.12433484750162234,0.11000000000000001,0.20313725490196077,0.16511644675174852,0.12916666666666665,0.2962962962962963,108.0,0.44776119402985076,0.3,0.8823529411764706,34.0,0.17391304347826086,0.25,0.13333333333333333,15.0,0.0,0.0,0.0,8.0,0.0,0.0,0.0,26.0,0.0,0.0,0.0,25.0
p_1881,0.10464396284829722,0.09193776520509193,0.18930875576036865,0.1676126590987272,0.14368222536539368,0.3055555555555556,108.0,0.47058823529411764,0.31683168316831684,0.9142857142857143,35.0,0.05263157894736842,0.14285714285714285,0.03225806451612903,31.0,0.0,0.0,0.0,4.0,0.0,0.0,0.0,20.0,0.0,0.0,0.0,18.0
p_1882,0.12301703163017033,0.12248939179632248,0.20072463768115942,0.18897900333423448,0.16975745193566974,0.32407407407407407,108.0,0.48175182481751827,0.32673267326732675,0.9166666666666666,36.0,0.13333333333333333,0.2857142857142857,0.08695652173913043,23.0,0.0,0.0,0.0,17.0,0.0,0.0,0.0,10.0,0.0,0.0,0.0,22.0
p_1883,0.09411764705882353,0.064,0.17777777777777776,0.1568627450980392,0.10666666666666666,0.2962962962962963,108.0,0.47058823529411764,0.32,0.8888888888888888,36.0,0.0,0.0,0.0,19.0,0.0,0.0,0.0,17.0,0.0,0.0,0.0,15.0,0.0,0.0,0.0,21.0
p_1884,0.09185185185185185,0.06262626262626263,0.17222222222222222,0.1530864197530864,0.10437710437710439,0.28703703703703703,108.0,0.45925925925925926,0.31313131313131315,0.8611111111111112,36.0,0.0,0.0,0.0,26.0,0.0,0.0,0.0,10.0,0.0,0.0,0.0,10.0,0.0,0.0,0.0,26.0
p_1885,0.11453218314532183,0.09391796322489392,0.19666666666666666,0.17321020423210204,0.12875216093037875,0.3148148148148148,108.0,0.48175182481751827,0.32673267326732675,0.9166666666666666,36.0,0.0,0.0,0.0,26.0,0.0,0.0,0.0,14.0,0.09090909090909091,0.14285714285714285,0.06666666666666667,15.0,0.0,0.0,0.0,17.0
p_1886,0.09635036496350366,0.06534653465346535,0.18333333333333332,0.16058394160583941,0.10891089108910891,0.3055555555555556,108.0,0.48175182481751827,0.32673267326732675,0.9166666666666666,36.0,0.0,0.0,0.0,31.0,0.0,0.0,0.0,7.0,0.0,0.0,0.0,10.0,0.0,0.0,0.0,24.0
p_1887,0.09635036496350366,0.06534653465346535,0.18333333333333332,0.16058394160583941,0.10891089108910891,0.3055555555555556,108.0,0.48175182481751827,0.32673267326732675,0.9166666666666666,36.0,0.0,0.0,0.0,26.0,0.0,0.0,0.0,10.0,0.0,0.0,0.0,23.0,0.0,0.0,0.0,13.0
p_1888,0.11911764705882352,0.089,0.20277777777777778,0.1661220043572985,0.11592592592592592,0.3055555555555556,108.0,0.47058823529411764,0.32,0.8888888888888888,36.0,0.0,0.0,0.0,27.0,0.125,0.125,0.125,8.0,0.0,0.0,0.0,21.0,0.0,0.0,0.0,16.0
p_1889,0.10635036496350365,0.09391796322489392,0.1893939393939394,0.17586171938361717,0.15256168473990256,0.3148148148148148,108.0,0.48175182481751827,0.32673267326732675,0.9166666666666666,36.0,0.05,0.14285714285714285,0.030303030303030304,33.0,0.0,0.0,0.0,5.0,0.0,0.0,0.0,18.0,0.0,0.0,0.0,16.0
p_1890,0.11911764705882352,0.089,0.20277777777777778,0.1661220043572985,0.11592592592592592,0.3055555555555556,108.0,0.47058823529411764,0.32,0.8888888888888888,36.0,0.0,0.0,0.0,26.0,0.125,0.125,0.125,8.0,0.0,0.0,0.0,19.0,0.0,0.0,0.0,19.0
p_1891,0.11635036496350366,0.09391796322489392,0.19871794871794873,0.17262097864287645,0.1261066582848761,0.3148148148148148,108.0,0.48175182481751827,0.32673267326732675,0.9166666666666666,36.0,0.0,0.0,0.0,32.0,0.1,0.14285714285714285,0.07692307692307693,13.0,0.0,0.0,0.0,13.0,0.0,0.0,0.0,14.0
p_1892,0.11283643892339545,0.0958981612446959,0.1933075933075933,0.1827026301663983,0.1431059772643931,0.32407407407407407,108.0,0.4927536231884058,0.33663366336633666,0.918918918918919,37.0,0.0,0.0,0.0,27.0,0.0,0.0,0.0,8.0,0.07142857142857142,0.14285714285714285,0.047619047619047616,21.0,0.0,0.0,0.0,15.0
p_1893,0.109683698296837,0.091,0.18746928746928745,0.1786248535640263,0.1385185185185185,0.3148148148148148,108.0,0.48175182481751827,0.33,0.8918918918918919,37.0,0.06666666666666667,0.125,0.045454545454545456,22.0,0.0,0.0,0.0,10.0,0.0,0.0,0.0,14.0,0.0,0.0,0.0,25.0
p_1894,0.09855072463768116,0.06732673267326733,0.1837837837837838,0.1688137412775094,0.11532819948661534,0.3148148148148148,108.0,0.4927536231884058,0.33663366336633666,0.918918918918919,37.0,0.0,0.0,0.0,21.0,0.0,0.0,0.0,10.0,0.0,0.0,0.0,15.0,0.0,0.0,0.0,25.0
p_1895,0.13635036496350367,0.11600000000000002,0.21171171171171171,0.18726682887266827,0.14083333333333334,0.32407407407407407,108.0,0.48175182481751827,0.33,0.8918918918918919,37.0,0.0,0.0,0.0,35.0,0.0,0.0,0.0,6.0,0.2,0.25,0.16666666666666666,12.0,0.0,0.0,0.0,18.0
p_1896,0.1271195957327344,0.11600000000000002,0.20060060060060061,0.1906856322914717,0.15472222222222223,0.32407407407407407,108.0,0.48175182481751827,0.33,0.8918918918918919,37.0,0.0,0.0,0.0,20.0,0.0,0.0,0.0,8.0,0.0,0.0,0.0,25.0,0.15384615384615385,0.25,0.1111111111111111,18.0
p_1897,0.09635036496350366,0.066,0.1783783783783784,0.16504460665044607,0.11305555555555556,0.3055555555555556,108.0,0.48175182481751827,0.33,0.8918918918918919,37.0,0.0,0.0,0.0,25.0,0.0,0.0,0.0,6.0,0.0,0.0,0.0,13.0,0.0,0.0,0.0,27.0
p_1898,0.09855072463768116,0.068,0.17894736842105263,0.1733762748255502,0.11962962962962964,0.3148148148148148,108.0,0.4927536231884058,0.34,0.8947368421052632,38.0,0.0,0.0,0.0,29.0,0.0,0.0,0.0,6.0,0.0,0.0,0.0,18.0,0.0,0.0,0.0,17.0
p_1899,0.10830682219865677,0.093,0.18500797448165868,0.18828142387704072,0.1578240740740741,0.32407407407407407,108.0,0.4927536231884058,0.34,0.8947368421052632,38.0,0.0,0.0,0.0,24.0,0.0,0.0,0.0,6.0,0.04878048780487805,0.125,0.030303030303030304,33.0,0.0,0.0,0.0,7.0
p_1900,0.12571942446043166,0.095,0.20448717948717948,0.19111377564614976,0.13564814814814813,0.3333333333333333,108.0,0.5035971223021583,0.35,0.8974358974358975,39.0,0.0,0.0,0.0,42.0,0.0,0.0,0.0,1.0,0.125,0.125,0.125,8.0,0.0,0.0,0.0,18.0
p_1901,0.11284063658164376,0.09787835926449787,0.19190283400809716,0.19178192799295915,0.1563203939441563,0.3333333333333333,108.0,0.5035971223021583,0.3465346534653465,0.9210526315789473,38.0,0.06060606060606061,0.14285714285714285,0.038461538461538464,26.0,0.0,0.0,0.0,7.0,0.0,0.0,0.0,13.0,0.0,0.0,0.0,24.0
p_1902,0.11890124264224984,0.12644978783592645,0.19502133712660027,0.20833636121405905,0.21981245743621983,0.3425925925925926,108.0,0.5035971223021583,0.3465346534653465,0.9210526315789473,38.0,0.09090909090909091,0.2857142857142857,0.05405405405405406,37.0,0.0,0.0,0.0,7.0,0.0,0.0,0.0,13.0,0.0,0.0,0.0,13.0
p_1903,0.13550203315608383,0.12,0.2061538461538462,0.20600910575887119,0.1611111111111111,0.3425925925925926,108.0,0.5035971223021583,0.35,0.8974358974358975,39.0,0.17391304347826086,0.25,0.13333333333333333,15.0,0.0,0.0,0.0,8.0,0.0,0.0,0.0,19.0,0.0,0.0,0.0,27.0
p_1904,0.16071942446043166,0.145,0.22948717948717948,0.21518784972022384,0.16805555555555554,0.35185185185185186,108.0,0.5035971223021583,0.35,0.8974358974358975,39.0,0.0,0.0,0.0,30.0,0.0,0.0,0.0,5.0,0.3,0.375,0.25,12.0,0.0,0.0,0.0,22.0
p_1905,0.12866359447004608,0.12842998585572843,0.2012820512820513,0.21438812083973374,0.1922049347791922,0.35185185185185186,108.0,0.5142857142857142,0.3564356435643564,0.9230769230769231,39.0,0.12903225806451613,0.2857142857142857,0.08333333333333333,24.0,0.0,0.0,0.0,8.0,0.0,0.0,0.0,11.0,0.0,0.0,0.0,26.0
p_1906,0.11738609112709833,0.095,0.1919871794871795,0.19420019539923616,0.1449074074074074,0.3333333333333333,108.0,0.5035971223021583,0.35,0.8974358974358975,39.0,0.0,0.0,0.0,26.0,0.0,0.0,0.0,9.0,0.0,0.0,0.0,18.0,0.08333333333333333,0.125,0.0625,16.0
p_1907,0.1295238095238095,0.12842998585572843,0.2020066889632107,0.21410934744268076,0.18955943213368956,0.35185185185185186,108.0,0.5142857142857142,0.3564356435643564,0.9230769230769231,39.0,0.0,0.0,0.0,22.0,0.0,0.0,0.0,12.0,0.0,0.0,0.0,12.0,0.13333333333333333,0.2857142857142857,0.08695652173913043,23.0
p_1908,0.11284063658164376,0.095,0.1874871794871795,0.19588369708273787,0.15532407407407406,0.3333333333333333,108.0,0.5035971223021583,0.35,0.8974358974358975,39.0,0.06060606060606061,0.125,0.04,25.0,0.0,0.0,0.0,16.0,0.0,0.0,0.0,5.0,0.0,0.0,0.0,23.0
p_1909,0.1146218487394958,0.09985855728429985,0.19202279202279202,0.2004201680672269,0.16442715700141441,0.3425925925925926,108.0,0.5142857142857142,0.3564356435643564,0.9230769230769231,39.0,0.0,0.0,0.0,24.0,0.0,0.0,0.0,8.0,0.058823529411764705,0.14285714285714285,0.037037037037037035,27.0,0.0,0.0,0.0,10.0
p_1910,0.13405275779376497,0.12,0.20448717948717948,0.20654587441158187,0.16342592592592592,0.3425925925925926,108.0,0.5035971223021583,0.35,0.8974358974358975,39.0,0.16666666666666666,0.25,0.125,16.0,0.0,0.0,0.0,11.0,0.0,0.0,0.0,19.0,0.0,0.0,0.0,23.0
p_1911,0.11952380952380952,0.09985855728429985,0.19638009049773758,0.198831569664903,0.1511996437739012,0.3425925925925926,108.0,0.5142857142857142,0.3564356435643564,0.9230769230769231,39.0,0.0,0.0,0.0,32.0,0.0,0.0,0.0,7.0,0.08333333333333333,0.14285714285714285,0.058823529411764705,17.0,0.0,0.0,0.0,13.0
p_1912,0.11767195767195766,0.09985855728429985,0.19461538461538463,0.19943170683911424,0.15516789774215514,0.3425925925925926,108.0,0.5142857142857142,0.3564356435643564,0.9230769230769231,39.0,0.07407407407407407,0.14285714285714285,0.05,20.0,0.0,0.0,0.0,9.0,0.0,0.0,0.0,21.0,0.0,0.0,0.0,19.0
p_1913,0.10285714285714284,0.07128712871287128,0.18461538461538463,0.18571428571428572,0.12871287128712872,0.3333333333333333,108.0,0.5142857142857142,0.3564356435643564,0.9230769230769231,39.0,0.0,0.0,0.0,11.0,0.0,0.0,0.0,7.0,0.0,0.0,0.0,25.0,0.0,0.0,0.0,26.0
p_1914,0.11890124264224984,0.095,0.19377289377289378,0.19363902817140227,0.14259259259259258,0.3333333333333333,108.0,0.5035971223021583,0.35,0.8974358974358975,39.0,0.0,0.0,0.0,30.0,0.0,0.0,0.0,10.0,0.0,0.0,0.0,15.0,0.09090909090909091,0.125,0.07142857142857142,14.0
p_1915,0.15999999999999998,0.15700141442715698,0.22747252747252747,0.22275132275132276,0.1842684268426843,0.3611111111111111,108.0,0.5142857142857142,0.3564356435643564,0.9230769230769231,39.0,0.0,0.0,0.0,14.0,0.0,0.0,0.0,22.0,0.0,0.0,0.0,19.0,0.2857142857142857,0.42857142857142855,0.21428571428571427,14.0
p_1916,0.14285714285714285,0.12842998585572843,0.21538461538461542,0.2097883597883598,0.1631044056786631,0.35185185185185186,108.0,0.5142857142857142,0.3564356435643564,0.9230769230769231,39.0,0.0,0.0,0.0,28.0,0.2,0.2857142857142857,0.15384615384615385,13.0,0.0,0.0,0.0,18.0,0.0,0.0,0.0,10.0
p_1917,0.10285714285714284,0.072,0.18,0.19047619047619047,0.13333333333333333,0.3333333333333333,108.0,0.5142857142857142,0.36,0.9,40.0,0.0,0.0,0.0,22.0,0.0,0.0,0.0,21.0,0.0,0.0,0.0,12.0,0.0,0.0,0.0,13.0
p_1918,0.12190476190476189,0.097,0.1953846153846154,0.20194003527336857,0.1483796296296296,0.3425925925925926,108.0,0.5142857142857142,0.36,0.9,40.0,0.0,0.0,0.0,15.0,0.0,0.0,0.0,24.0,0.0,0.0,0.0,16.0,0.09523809523809523,0.125,0.07692307692307693,13.0
p_1919,0.12879432624113474,0.097,0.20418118466898955,0.20249540320462303,0.14476851851851852,0.3425925925925926,108.0,0.5106382978723404,0.36,0.8780487804878049,41.0,0.0,0.0,0.0,28.0,0.13333333333333333,0.125,0.14285714285714285,7.0,0.0,0.0,0.0,22.0,0.0,0.0,0.0,10.0
p_1920,0.12117527862208713,0.097,0.19099437148217638,0.2053172726931592,0.15171296296296294,0.3425925925925926,108.0,0.5106382978723404,0.36,0.8780487804878049,41.0,0.0,0.0,0.0,28.0,0.0,0.0,0.0,17.0,0.09523809523809523,0.125,0.07692307692307693,13.0,0.0,0.0,0.0,9.0
p_1921,0.10422535211267606,0.07326732673267326,0.18048780487804877,0.19783515910276475,0.13907224055738907,0.3425925925925926,108.0,0.5211267605633803,0.36633663366336633,0.9024390243902439,41.0,0.0,0.0,0.0,26.0,0.0,0.0,0.0,6.0,0.0,0.0,0.0,13.0,0.0,0.0,0.0,22.0
p_1922,0.10212765957446808,0.072,0.17560975609756097,0.19385342789598106,0.13666666666666666,0.3333333333333333,108.0,0.5106382978723404,0.36,0.8780487804878049,41.0,0.0,0.0,0.0,13.0,0.0,0.0,0.0,6.0,0.0,0.0,0.0,29.0,0.0,0.0,0.0,19.0
p_1923,0.10422535211267606,0.07326732673267326,0.18048780487804877,0.19783515910276475,0.13907224055738907,0.3425925925925926,108.0,0.5211267605633803,0.36633663366336633,0.9024390243902439,41.0,0.0,0.0,0.0,25.0,0.0,0.0,0.0,11.0,0.0,0.0,0.0,10.0,0.0,0.0,0.0,21.0
p_1924,0.10212765957446808,0.07272727272727272,0.17142857142857143,0.19858156028368792,0.1414141414141414,0.3333333333333333,108.0,0.5106382978723404,0.36363636363636365,0.8571428571428571,42.0,0.0,0.0,0.0,9.0,0.0,0.0,0.0,16.0,0.0,0.0,0.0,21.0,0.0,0.0,0.0,20.0
p_1925,0.10758620689655171,0.07722772277227723,0.17727272727272728,0.21915708812260537,0.1573157315731573,0.3611111111111111,108.0,0.5379310344827586,0.38613861386138615,0.8863636363636364,44.0,0.0,0.0,0.0,15.0,0.0,0.0,0.0,12.0,0.0,0.0,0.0,13.0,0.0,0.0,0.0,24.0
p_1926,0.12094017094017095,0.101,0.18383838383838386,0.22784108895220004,0.17564814814814814,0.3611111111111111,108.0,0.5277777777777778,0.38,0.8636363636363636,44.0,0.0,0.0,0.0,17.0,0.07692307692307693,0.125,0.05555555555555555,18.0,0.0,0.0,0.0,16.0,0.0,0.0,0.0,13.0
p_1927,0.10758620689655171,0.07722772277227723,0.17727272727272728,0.21915708812260537,0.1573157315731573,0.3611111111111111,108.0,0.5379310344827586,0.38613861386138615,0.8863636363636364,44.0,0.0,0.0,0.0,11.0,0.0,0.0,0.0,23.0,0.0,0.0,0.0,23.0,0.0,0.0,0.0,7.0
p_1928,0.1095890410958904,0.07920792079207921,0.17777777777777776,0.228310502283105,0.16501650165016504,0.37037037037037035,108.0,0.547945205479452,0.39603960396039606,0.8888888888888888,45.0,0.0,0.0,0.0,27.0,0.0,0.0,0.0,12.0,0.0,0.0,0.0,19.0,0.0,0.0,0.0,5.0
p_1929,0.15169430425378513,0.13635077793493636,0.2111111111111111,0.2517023151486021,0.19676253339619676,0.3888888888888889,108.0,0.547945205479452,0.39603960396039606,0.8888888888888888,45.0,0.0,0.0,0.0,20.0,0.0,0.0,0.0,18.0,0.21052631578947367,0.2857142857142857,0.16666666666666666,12.0,0.0,0.0,0.0,13.0
p_1930,0.11156462585034013,0.08118811881188119,0.1782608695652174,0.23759133282942807,0.17290062339567291,0.37962962962962965,108.0,0.5578231292517006,0.40594059405940597,0.8913043478260869,46.0,0.0,0.0,0.0,18.0,0.0,0.0,0.0,28.0,0.0,0.0,0.0,10.0,0.0,0.0,0.0,6.0
p_1931,0.10555555555555556,0.07676767676767676,0.1688888888888889,0.2199074074074074,0.1599326599326599,0.35185185185185186,108.0,0.5277777777777778,0.3838383838383838,0.8444444444444444,45.0,0.0,0.0,0.0,9.0,0.0,0.0,0.0,11.0,0.0,0.0,0.0,23.0,0.0,0.0,0.0,20.0
p_1932,0.13181126331811263,0.10500000000000001,0.19391304347826085,0.24367213484412872,0.18194444444444446,0.37962962962962965,108.0,0.547945205479452,0.4,0.8695652173913043,46.0,0.0,0.0,0.0,22.0,0.1111111111111111,0.125,0.1,10.0,0.0,0.0,0.0,8.0,0.0,0.0,0.0,22.0
p_1933,0.152276295133438,0.13719943422913722,0.23063858695652173,0.2527860146907766,0.21522866572371524,0.3888888888888889,108.0,0.5578231292517006,0.40594059405940597,0.8913043478260869,46.0,0.0,0.0,0.0,15.0,0.0,0.0,0.0,15.0,,,,,0.05128205128205128,0.14285714285714285,0.03125,32.0
p_1934,0.11156462585034013,0.08118811881188119,0.1782608695652174,0.23759133282942807,0.17290062339567291,0.37962962962962965,108.0,0.5578231292517006,0.40594059405940597,0.8913043478260869,46.0,0.0,0.0,0.0,3.0,0.0,0.0,0.0,16.0,0.0,0.0,0.0,21.0,0.0,0.0,0.0,22.0
p_1935,0.14489795918367346,0.10975954738330977,0.21826086956521737,0.2453073822121441,0.17951438000942954,0.3888888888888889,108.0,0.5578231292517006,0.40594059405940597,0.8913043478260869,46.0,0.0,0.0,0.0,17.0,0.16666666666666666,0.14285714285714285,0.2,5.0,0.0,0.0,0.0,17.0,0.0,0.0,0.0,23.0
p_1936,0.1229708222811671,0.101010101010101,0.1813299232736573,0.24122703605462223,0.18527871305649082,0.37037037037037035,108.0,0.5379310344827586,0.3939393939393939,0.8478260869565217,46.0,0.0,0.0,0.0,7.0,0.07692307692307693,0.1111111111111111,0.058823529411764705,17.0,0.0,0.0,0.0,21.0,0.0,0.0,0.0,17.0
p_1937,0.11156462585034013,0.08118811881188119,0.1782608695652174,0.23759133282942807,0.17290062339567291,0.37962962962962965,108.0,0.5578231292517006,0.40594059405940597,0.8913043478260869,46.0,0.0,0.0,0.0,13.0,0.0,0.0,0.0,11.0,0.0,0.0,0.0,24.0,0.0,0.0,0.0,14.0
p_1938,0.11156462585034013,0.08118811881188119,0.1782608695652174,0.23759133282942807,0.17290062339567291,0.37962962962962965,108.0,0.5578231292517006,0.40594059405940597,0.8913043478260869,46.0,0.0,0.0,0.0,19.0,0.0,0.0,0.0,8.0,0.0,0.0,0.0,22.0,0.0,0.0,0.0,13.0
p_1939,0.12440385591070521,0.10500000000000001,0.18443935926773455,0.24641561906909445,0.19236111111111112,0.37962962962962965,108.0,0.547945205479452,0.4,0.8695652173913043,46.0,0.07407407407407407,0.125,0.05263157894736842,19.0,0.0,0.0,0.0,13.0,0.0,0.0,0.0,18.0,0.0,0.0,0.0,12.0
p_1940,0.11156462585034013,0.08118811881188119,0.1782608695652174,0.23759133282942807,0.17290062339567291,0.37962962962962965,108.0,0.5578231292517006,0.40594059405940597,0.8913043478260869,46.0,0.0,0.0,0.0,20.0,0.0,0.0,0.0,14.0,0.0,0.0,0.0,14.0,0.0,0.0,0.0,14.0
p_1941,0.12974644403215832,0.10975954738330977,0.19159420289855073,0.25021759545569067,0.19274189323694274,0.3888888888888889,108.0,0.5578231292517006,0.40594059405940597,0.8913043478260869,46.0,0.0,0.0,0.0,12.0,0.0,0.0,0.0,12.0,0.09090909090909091,0.14285714285714285,0.06666666666666667,15.0,0.0,0.0,0.0,23.0
p_1942,0.1135135135135135,0.08399999999999999,0.175,0.25225225225225223,0.18666666666666668,0.3888888888888889,108.0,0.5675675675675675,0.42,0.875,48.0,0.0,0.0,0.0,28.0,0.0,0.0,0.0,11.0,0.0,0.0,0.0,2.0,0.0,0.0,0.0,19.0
p_1943,0.14233333333333334,0.1157001414427157,0.2018140589569161,0.2765895061728395,0.20955786054795955,0.4166666666666667,108.0,0.5866666666666667,0.43564356435643564,0.8979591836734694,49.0,0.125,0.14285714285714285,0.1111111111111111,9.0,0.0,0.0,0.0,21.0,0.0,0.0,0.0,11.0,0.0,0.0,0.0,18.0
p_1944,0.13967866585316252,0.13599999999999998,0.19151020408163263,0.2899276131938325,0.25296296296296295,0.4166666666666667,108.0,0.5771812080536913,0.43,0.8775510204081632,49.0,0.0,0.0,0.0,17.0,0.0,0.0,0.0,4.0,0.0,0.0,0.0,13.0,0.12121212121212122,0.25,0.08,25.0
p_1945,0.15741626794258373,0.14823196605374825,0.2070588235294118,0.31107123870281767,0.25475404683325475,0.4444444444444444,108.0,0.6052631578947368,0.45544554455445546,0.9019607843137255,51.0,0.18181818181818182,0.2857142857142857,0.13333333333333333,15.0,0.0,0.0,0.0,3.0,0.0,0.0,0.0,6.0,0.0,0.0,0.0,33.0
p_1946,0.1662641215426568,0.13999999999999999,0.22091503267973858,0.30106479677963904,0.23333333333333334,0.4351851851851852,108.0,0.5960264900662252,0.45,0.8823529411764706,51.0,0.0,0.0,0.0,13.0,0.0,0.0,0.0,18.0,0.23529411764705882,0.25,0.2222222222222222,9.0,0.0,0.0,0.0,17.0
p_1947,0.13520529801324505,0.11499999999999999,0.18823529411764706,0.2940495462349767,0.23217592592592592,0.42592592592592593,108.0,0.5960264900662252,0.45,0.8823529411764706,51.0,0.08,0.125,0.058823529411764705,17.0,0.0,0.0,0.0,9.0,0.0,0.0,0.0,21.0,0.0,0.0,0.0,10.0
p_1948,0.12287581699346406,0.09306930693069307,0.18076923076923077,0.29581215202130234,0.22405573890722405,0.4351851851851852,108.0,0.6143790849673203,0.46534653465346537,0.9038461538461539,52.0,0.0,0.0,0.0,10.0,0.0,0.0,0.0,8.0,0.0,0.0,0.0,21.0,0.0,0.0,0.0,17.0
p_1949,0.12287581699346406,0.09306930693069307,0.18076923076923077,0.29581215202130234,0.22405573890722405,0.4351851851851852,108.0,0.6143790849673203,0.46534653465346537,0.9038461538461539,52.0,0.0,0.0,0.0,23.0,0.0,0.0,0.0,11.0,0.0,0.0,0.0,5.0,0.0,0.0,0.0,17.0
p_1950,0.12467532467532468,0.096,0.17777777777777776,0.3116883116883117,0.24,0.4444444444444444,108.0,0.6233766233766234,0.48,0.8888888888888888,54.0,0.0,0.0,0.0,16.0,0.0,0.0,0.0,17.0,0.0,0.0,0.0,11.0,0.0,0.0,0.0,10.0
p_1951,0.1435897435897436,0.12758132956152757,0.1923444976076555,0.33998100664767333,0.27724081932002725,0.4722222222222222,108.0,0.6410256410256411,0.49504950495049505,0.9090909090909091,55.0,0.0,0.0,0.0,19.0,0.0,0.0,0.0,8.0,0.0,0.0,0.0,7.0,0.07692307692307693,0.14285714285714285,0.05263157894736842,19.0
p_1952,0.14449853943524832,0.12956152758132955,0.18947368421052632,0.3542500631108226,0.29163392529729165,0.48148148148148145,108.0,0.6455696202531646,0.504950495049505,0.8947368421052632,57.0,0.0,0.0,0.0,14.0,0.0,0.0,0.0,13.0,0.0,0.0,0.0,5.0,0.07692307692307693,0.14285714285714285,0.05263157894736842,19.0
p_1953,0.1291139240506329,0.100990099009901,0.17894736842105263,0.3407172995780591,0.26650165016501653,0.4722222222222222,108.0,0.6455696202531646,0.504950495049505,0.8947368421052632,57.0,0.0,0.0,0.0,6.0,0.0,0.0,0.0,25.0,0.0,0.0,0.0,5.0,0.0,0.0,0.0,15.0
p_1954,0.15238853503184713,0.125,0.20043859649122808,0.3454234489266336,0.27314814814814814,0.4722222222222222,108.0,0.6369426751592356,0.5,0.8771929824561403,57.0,0.0,0.0,0.0,15.0,0.0,0.0,0.0,6.0,0.125,0.125,0.125,8.0,0.0,0.0,0.0,22.0
p_1955,0.13416149068322983,0.10693069306930694,0.18,0.3726708074534162,0.297029702970297,0.5,108.0,0.6708074534161491,0.5346534653465347,0.9,60.0,0.0,0.0,0.0,12.0,0.0,0.0,0.0,12.0,0.0,0.0,0.0,6.0,0.0,0.0,0.0,18.0
p_1956,0.13416149068322983,0.10800000000000001,0.17704918032786884,0.37888198757763975,0.30500000000000005,0.5,108.0,0.6708074534161491,0.54,0.8852459016393442,61.0,0.0,0.0,0.0,14.0,0.0,0.0,0.0,5.0,0.0,0.0,0.0,20.0,0.0,0.0,0.0,8.0
p_1957,0.1374233128834356,0.11200000000000002,0.17777777777777776,0.40081799591002043,0.32666666666666666,0.5185185185185185,108.0,0.6871165644171779,0.56,0.8888888888888888,63.0,0.0,0.0,0.0,7.0,0.0,0.0,0.0,1.0,0.0,0.0,0.0,17.0,0.0,0.0,0.0,20.0
p_1958,0.1406060606060606,0.11485148514851484,0.18125,0.41661054994388325,0.3403006967363403,0.5370370370370371,108.0,0.703030303030303,0.5742574257425742,0.90625,64.0,0.0,0.0,0.0,18.0,0.0,0.0,0.0,11.0,0.0,0.0,0.0,7.0,0.0,0.0,0.0,8.0
p_1959,0.1406060606060606,0.11485148514851484,0.18125,0.41661054994388325,0.3403006967363403,0.5370370370370371,108.0,0.703030303030303,0.5742574257425742,0.90625,64.0,0.0,0.0,0.0,9.0,0.0,0.0,0.0,8.0,0.0,0.0,0.0,14.0,0.0,0.0,0.0,13.0
p_1960,0.1374233128834356,0.11313131313131312,0.175,0.40718018632129066,0.3352038907594463,0.5185185185185185,108.0,0.6871165644171779,0.5656565656565656,0.875,64.0,0.0,0.0,0.0,9.0,0.0,0.0,0.0,12.0,0.0,0.0,0.0,5.0,0.0,0.0,0.0,18.0
p_1961,0.1406060606060606,0.11485148514851484,0.18125,0.41661054994388325,0.3403006967363403,0.5370370370370371,108.0,0.703030303030303,0.5742574257425742,0.90625,64.0,0.0,0.0,0.0,14.0,0.0,0.0,0.0,1.0,0.0,0.0,0.0,11.0,0.0,0.0,0.0,18.0
p_1962,0.1406060606060606,0.11485148514851484,0.18125,0.41661054994388325,0.3403006967363403,0.5370370370370371,108.0,0.703030303030303,0.5742574257425742,0.90625,64.0,0.0,0.0,0.0,15.0,0.0,0.0,0.0,19.0,0.0,0.0,0.0,0.0,0.0,0.0,0.0,10.0
p_1963,0.1662907268170426,0.14936350777934937,0.19875621890547263,0.4622029611064699,0.39055215045314057,0.5740740740740741,108.0,0.7261904761904762,0.6039603960396039,0.9104477611940298,67.0,0.10526315789473684,0.14285714285714285,0.08333333333333333,12.0,0.0,0.0,0.0,8.0,0.0,0.0,0.0,4.0,0.0,0.0,0.0,17.0
p_1964,0.1437125748502994,0.12,0.17910447761194032,0.4457751164337991,0.3722222222222222,0.5555555555555556,108.0,0.718562874251497,0.6,0.8955223880597015,67.0,0.0,0.0,0.0,16.0,0.0,0.0,0.0,8.0,0.0,0.0,0.0,5.0,0.0,0.0,0.0,12.0
p_1965,0.1595238095238095,0.14936350777934937,0.1916133617626155,0.4643959435626102,0.40245691235790243,0.5740740740740741,108.0,0.7261904761904762,0.6039603960396039,0.9104477611940298,67.0,0.07142857142857142,0.14285714285714285,0.047619047619047616,21.0,0.0,0.0,0.0,2.0,0.0,0.0,0.0,10.0,0.0,0.0,0.0,8.0
p_1966,0.14523809523809522,0.12079207920792079,0.18208955223880596,0.4505070546737213,0.37467913458012464,0.5648148148148148,108.0,0.7261904761904762,0.6039603960396039,0.9104477611940298,67.0,0.0,0.0,0.0,14.0,0.0,0.0,0.0,5.0,0.0,0.0,0.0,4.0,0.0,0.0,0.0,18.0
p_1967,0.19491525423728814,0.1597222222222222,0.25,0.49811676082862527,0.408179012345679,0.6388888888888888,108.0,0.7796610169491526,0.6388888888888888,1.0,69.0,0.0,0.0,0.0,17.0,,,,,0.0,0.0,0.0,12.0,0.0,0.0,0.0,10.0
p_1968,0.15454545454545454,0.12592592592592594,0.2,0.48653198653198654,0.39643347050754457,0.6296296296296297,108.0,0.7727272727272727,0.6296296296296297,1.0,68.0,0.0,0.0,0.0,11.0,0.0,0.0,0.0,2.0,0.0,0.0,0.0,19.0,0.0,0.0,0.0,8.0
p_1969,0.15454545454545454,0.12592592592592594,0.2,0.48653198653198654,0.39643347050754457,0.6296296296296297,108.0,0.7727272727272727,0.6296296296296297,1.0,68.0,0.0,0.0,0.0,10.0,0.0,0.0,0.0,4.0,0.0,0.0,0.0,5.0,0.0,0.0,0.0,21.0
p_1970,0.15593220338983052,0.12777777777777777,0.2,0.49811676082862527,0.408179012345679,0.6388888888888888,108.0,0.7796610169491526,0.6388888888888888,1.0,69.0,0.0,0.0,0.0,21.0,0.0,0.0,0.0,5.0,0.0,0.0,0.0,4.0,0.0,0.0,0.0,9.0
p_1971,0.15454545454545454,0.12592592592592594,0.2,0.48653198653198654,0.39643347050754457,0.6296296296296297,108.0,0.7727272727272727,0.6296296296296297,1.0,68.0,0.0,0.0,0.0,9.0,0.0,0.0,0.0,13.0,0.0,0.0,0.0,11.0,0.0,0.0,0.0,7.0
p_1972,0.15593220338983052,0.12777777777777777,0.2,0.49811676082862527,0.408179012345679,0.6388888888888888,108.0,0.7796610169491526,0.6388888888888888,1.0,69.0,0.0,0.0,0.0,11.0,0.0,0.0,0.0,5.0,0.0,0.0,0.0,11.0,0.0,0.0,0.0,12.0
p_1973,0.15593220338983052,0.12777777777777777,0.2,0.49811676082862527,0.408179012345679,0.6388888888888888,108.0,0.7796610169491526,0.6388888888888888,1.0,69.0,0.0,0.0,0.0,25.0,0.0,0.0,0.0,3.0,0.0,0.0,0.0,10.0,0.0,0.0,0.0,1.0
p_1974,0.15593220338983052,0.12777777777777777,0.2,0.49811676082862527,0.408179012345679,0.6388888888888888,108.0,0.7796610169491526,0.6388888888888888,1.0,69.0,0.0,0.0,0.0,18.0,0.0,0.0,0.0,12.0,0.0,0.0,0.0,3.0,0.0,0.0,0.0,6.0
p_1975,0.15593220338983052,0.12777777777777777,0.2,0.49811676082862527,0.408179012345679,0.6388888888888888,108.0,0.7796610169491526,0.6388888888888888,1.0,69.0,0.0,0.0,0.0,20.0,0.0,0.0,0.0,11.0,0.0,0.0,0.0,5.0,0.0,0.0,0.0,3.0
p_1976,0.15593220338983052,0.12777777777777777,0.2,0.49811676082862527,0.408179012345679,0.6388888888888888,108.0,0.7796610169491526,0.6388888888888888,1.0,69.0,0.0,0.0,0.0,10.0,0.0,0.0,0.0,5.0,0.0,0.0,0.0,9.0,0.0,0.0,0.0,15.0
p_1977,0.15865921787709497,0.13148148148148148,0.2,0.52151872542934,0.432184499314129,0.6574074074074074,108.0,0.7932960893854749,0.6574074074074074,1.0,71.0,0.0,0.0,0.0,6.0,0.0,0.0,0.0,4.0,0.0,0.0,0.0,16.0,0.0,0.0,0.0,11.0
p_1978,0.16132596685082873,0.13518518518518519,0.2,0.5452220175977082,0.4568758573388203,0.6759259259259259,108.0,0.8066298342541437,0.6759259259259259,1.0,73.0,0.0,0.0,0.0,13.0,0.0,0.0,0.0,3.0,0.0,0.0,0.0,14.0,0.0,0.0,0.0,5.0
p_1979,0.15865921787709497,0.13148148148148148,0.2,0.52151872542934,0.432184499314129,0.6574074074074074,108.0,0.7932960893854749,0.6574074074074074,1.0,71.0,0.0,0.0,0.0,6.0,0.0,0.0,0.0,5.0,0.0,0.0,0.0,15.0,0.0,0.0,0.0,11.0
p_1980,0.15865921787709497,0.13148148148148148,0.2,0.52151872542934,0.432184499314129,0.6574074074074074,108.0,0.7932960893854749,0.6574074074074074,1.0,71.0,0.0,0.0,0.0,14.0,0.0,0.0,0.0,2.0,0.0,0.0,0.0,13.0,0.0,0.0,0.0,8.0
p_1981,0.15865921787709497,0.13148148148148148,0.2,0.52151872542934,0.432184499314129,0.6574074074074074,108.0,0.7932960893854749,0.6574074074074074,1.0,71.0,0.0,0.0,0.0,8.0,0.0,0.0,0.0,8.0,0.0,0.0,0.0,9.0,0.0,0.0,0.0,12.0
p_1982,0.15865921787709497,0.13148148148148148,0.2,0.52151872542934,0.432184499314129,0.6574074074074074,108.0,0.7932960893854749,0.6574074074074074,1.0,71.0,0.0,0.0,0.0,18.0,0.0,0.0,0.0,5.0,0.0,0.0,0.0,12.0,0.0,0.0,0.0,2.0
p_1983,0.16,0.13333333333333333,0.2,0.5333333333333333,0.4444444444444444,0.6666666666666666,108.0,0.8,0.6666666666666666,1.0,72.0,0.0,0.0,0.0,11.0,0.0,0.0,0.0,5.0,0.0,0.0,0.0,13.0,0.0,0.0,0.0,7.0
p_1984,0.16132596685082873,0.13518518518518519,0.2,0.5452220175977082,0.4568758573388203,0.6759259259259259,108.0,0.8066298342541437,0.6759259259259259,1.0,73.0,0.0,0.0,0.0,17.0,0.0,0.0,0.0,11.0,0.0,0.0,0.0,5.0,0.0,0.0,0.0,2.0
p_1985,0.16132596685082873,0.13518518518518519,0.2,0.5452220175977082,0.4568758573388203,0.6759259259259259,108.0,0.8066298342541437,0.6759259259259259,1.0,73.0,0.0,0.0,0.0,10.0,0.0,0.0,0.0,5.0,0.0,0.0,0.0,17.0,0.0,0.0,0.0,3.0
p_1986,0.16132596685082873,0.13518518518518519,0.2,0.5452220175977082,0.4568758573388203,0.6759259259259259,108.0,0.8066298342541437,0.6759259259259259,1.0,73.0,0.0,0.0,0.0,16.0,0.0,0.0,0.0,5.0,0.0,0.0,0.0,7.0,0.0,0.0,0.0,7.0
p_1987,0.16263736263736264,0.13703703703703704,0.2,0.5571835571835572,0.4694787379972566,0.6851851851851852,108.0,0.8131868131868132,0.6851851851851852,1.0,74.0,0.0,0.0,0.0,13.0,0.0,0.0,0.0,9.0,0.0,0.0,0.0,8.0,0.0,0.0,0.0,4.0
p_1988,0.16263736263736264,0.13703703703703704,0.2,0.5571835571835572,0.4694787379972566,0.6851851851851852,108.0,0.8131868131868132,0.6851851851851852,1.0,74.0,0.0,0.0,0.0,1.0,0.0,0.0,0.0,9.0,0.0,0.0,0.0,11.0,0.0,0.0,0.0,13.0
p_1989,0.16263736263736264,0.13703703703703704,0.2,0.5571835571835572,0.4694787379972566,0.6851851851851852,108.0,0.8131868131868132,0.6851851851851852,1.0,74.0,0.0,0.0,0.0,6.0,0.0,0.0,0.0,6.0,0.0,0.0,0.0,14.0,0.0,0.0,0.0,8.0
p_1990,0.16263736263736264,0.13703703703703704,0.2,0.5571835571835572,0.4694787379972566,0.6851851851851852,108.0,0.8131868131868132,0.6851851851851852,1.0,74.0,0.0,0.0,0.0,16.0,0.0,0.0,0.0,8.0,0.0,0.0,0.0,3.0,0.0,0.0,0.0,7.0
p_1991,0.16521739130434782,0.14074074074074075,0.2,0.5813204508856683,0.49519890260631,0.7037037037037037,108.0,0.8260869565217391,0.7037037037037037,1.0,76.0,0.0,0.0,0.0,8.0,0.0,0.0,0.0,8.0,0.0,0.0,0.0,9.0,0.0,0.0,0.0,7.0
p_1992,0.16774193548387098,0.14444444444444443,0.2,0.6057347670250897,0.5216049382716049,0.7222222222222222,108.0,0.8387096774193549,0.7222222222222222,1.0,78.0,0.0,0.0,0.0,13.0,0.0,0.0,0.0,6.0,0.0,0.0,0.0,7.0,0.0,0.0,0.0,4.0
p_1993,0.16774193548387098,0.14444444444444443,0.2,0.6057347670250897,0.5216049382716049,0.7222222222222222,108.0,0.8387096774193549,0.7222222222222222,1.0,78.0,0.0,0.0,0.0,14.0,0.0,0.0,0.0,2.0,0.0,0.0,0.0,13.0,0.0,0.0,0.0,1.0
p_1994,0.16774193548387098,0.14444444444444443,0.2,0.6057347670250897,0.5216049382716049,0.7222222222222222,108.0,0.8387096774193549,0.7222222222222222,1.0,78.0,0.0,0.0,0.0,13.0,0.0,0.0,0.0,9.0,0.0,0.0,0.0,7.0,0.0,0.0,0.0,1.0
p_1995,0.16774193548387098,0.14444444444444443,0.2,0.6057347670250897,0.5216049382716049,0.7222222222222222,108.0,0.8387096774193549,0.7222222222222222,1.0,78.0,0.0,0.0,0.0,11.0,0.0,0.0,0.0,6.0,0.0,0.0,0.0,9.0,0.0,0.0,0.0,4.0
p_1996,0.16898395721925136,0.1462962962962963,0.2,0.6180431768667063,0.5350651577503429,0.7314814814814815,108.0,0.8449197860962567,0.7314814814814815,1.0,79.0,0.0,0.0,0.0,12.0,0.0,0.0,0.0,6.0,0.0,0.0,0.0,3.0,0.0,0.0,0.0,8.0
p_1997,0.1702127659574468,0.14814814814814814,0.2,0.6304176516942475,0.5486968449931412,0.7407407407407407,108.0,0.851063829787234,0.7407407407407407,1.0,80.0,0.0,0.0,0.0,14.0,0.0,0.0,0.0,10.0,0.0,0.0,0.0,1.0,0.0,0.0,0.0,3.0
p_1998,0.1702127659574468,0.14814814814814814,0.2,0.6304176516942475,0.5486968449931412,0.7407407407407407,108.0,0.851063829787234,0.7407407407407407,1.0,80.0,0.0,0.0,0.0,4.0,0.0,0.0,0.0,8.0,0.0,0.0,0.0,6.0,0.0,0.0,0.0,10.0
p_1999,0.1702127659574468,0.14814814814814814,0.2,0.6304176516942475,0.5486968449931412,0.7407407407407407,108.0,0.851063829787234,0.7407407407407407,1.0,80.0,0.0,0.0,0.0,7.0,0.0,0.0,0.0,8.0,0.0,0.0,0.0,9.0,0.0,0.0,0.0,4.0
p_2000,0.1761658031088083,0.1574074074074074,0.2,0.6932450585300326,0.6194272976680385,0.7870370370370371,108.0,0.8808290155440415,0.7870370370370371,1.0,85.0,0.0,0.0,0.0,4.0,0.0,0.0,0.0,7.0,0.0,0.0,0.0,11.0,0.0,0.0,0.0,1.0
p_2001,0.22164948453608246,0.19907407407407407,0.25,0.7059946544482627,0.6340877914951989,0.7962962962962963,108.0,0.8865979381443299,0.7962962962962963,1.0,86.0,0.0,0.0,0.0,8.0,0.0,0.0,0.0,3.0,0.0,0.0,0.0,11.0,,,,
p_2002,0.22164948453608246,0.19907407407407407,0.25,0.7059946544482627,0.6340877914951989,0.7962962962962963,108.0,0.8865979381443299,0.7962962962962963,1.0,86.0,0.0,0.0,0.0,12.0,0.0,0.0,0.0,4.0,0.0,0.0,0.0,6.0,,,,
p_2003,0.22448979591836735,0.2037037037037037,0.25,0.7316704459561602,0.6639231824417009,0.8148148148148148,108.0,0.8979591836734694,0.8148148148148148,1.0,88.0,0.0,0.0,0.0,6.0,0.0,0.0,0.0,13.0,0.0,0.0,0.0,1.0,,,,
p_2004,0.17959183673469387,0.16296296296296295,0.2,0.7316704459561602,0.6639231824417009,0.8148148148148148,108.0,0.8979591836734694,0.8148148148148148,1.0,88.0,0.0,0.0,0.0,2.0,0.0,0.0,0.0,7.0,0.0,0.0,0.0,8.0,0.0,0.0,0.0,3.0
p_2005,0.17959183673469387,0.16296296296296295,0.2,0.7316704459561602,0.6639231824417009,0.8148148148148148,108.0,0.8979591836734694,0.8148148148148148,1.0,88.0,0.0,0.0,0.0,1.0,0.0,0.0,0.0,5.0,0.0,0.0,0.0,8.0,0.0,0.0,0.0,6.0
p_2006,0.228643216080402,0.21064814814814814,0.25,0.7706123208635771,0.7099622770919067,0.8425925925925926,108.0,0.914572864321608,0.8425925925925926,1.0,91.0,0.0,0.0,0.0,5.0,0.0,0.0,0.0,9.0,,,,,0.0,0.0,0.0,3.0
p_2007,0.18507462686567164,0.17222222222222222,0.2,0.796849087893864,0.7415123456790125,0.8611111111111112,108.0,0.9253731343283582,0.8611111111111112,1.0,93.0,0.0,0.0,0.0,6.0,0.0,0.0,0.0,1.0,0.0,0.0,0.0,7.0,0.0,0.0,0.0,1.0
p_2008,0.23267326732673269,0.2175925925925926,0.25,0.8100476714338101,0.7575445816186557,0.8703703703703703,108.0,0.9306930693069307,0.8703703703703703,1.0,94.0,0.0,0.0,0.0,1.0,,,,,0.0,0.0,0.0,1.0,0.0,0.0,0.0,12.0
p_2009,0.23267326732673269,0.2175925925925926,0.25,0.8100476714338101,0.7575445816186557,0.8703703703703703,108.0,0.9306930693069307,0.8703703703703703,1.0,94.0,0.0,0.0,0.0,5.0,0.0,0.0,0.0,8.0,,,,,0.0,0.0,0.0,1.0
p_2010,0.23267326732673269,0.2175925925925926,0.25,0.8100476714338101,0.7575445816186557,0.8703703703703703,108.0,0.9306930693069307,0.8703703703703703,1.0,94.0,0.0,0.0,0.0,2.0,0.0,0.0,0.0,1.0,0.0,0.0,0.0,11.0,,,,
p_2011,0.23267326732673269,0.2175925925925926,0.25,0.8100476714338101,0.7575445816186557,0.8703703703703703,108.0,0.9306930693069307,0.8703703703703703,1.0,94.0,,,,,0.0,0.0,0.0,7.0,0.0,0.0,0.0,6.0,0.0,0.0,0.0,1.0
p_2012,0.23267326732673269,0.2175925925925926,0.25,0.8100476714338101,0.7575445816186557,0.8703703703703703,108.0,0.9306930693069307,0.8703703703703703,1.0,94.0,0.0,0.0,0.0,2.0,0.0,0.0,0.0,11.0,0.0,0.0,0.0,1.0,,,,
p_2013,0.23267326732673269,0.2175925925925926,0.25,0.8100476714338101,0.7575445816186557,0.8703703703703703,108.0,0.9306930693069307,0.8703703703703703,1.0,94.0,0.0,0.0,0.0,1.0,0.0,0.0,0.0,5.0,0.0,0.0,0.0,8.0,,,,
p_2014,0.18823529411764706,0.17777777777777776,0.2,0.8366013071895424,0.7901234567901234,0.8888888888888888,108.0,0.9411764705882353,0.8888888888888888,1.0,96.0,0.0,0.0,0.0,7.0,0.0,0.0,0.0,1.0,0.0,0.0,0.0,1.0,0.0,0.0,0.0,3.0
p_2015,0.23529411764705882,0.2222222222222222,0.25,0.8366013071895424,0.7901234567901234,0.8888888888888888,108.0,0.9411764705882353,0.8888888888888888,1.0,96.0,0.0,0.0,0.0,7.0,0.0,0.0,0.0,4.0,,,,,0.0,0.0,0.0,1.0
