position,macro_f1,macro_precision,macro_recall,weighted_f1,weighted_precision,weighted_recall,support,f1_1,precision_1,recall_1,support_1,f1_2,precision_2,recall_2,support_2,f1_3,precision_3,recall_3,support_3,f1_4,precision_4,recall_4,support_4,f1_0,precision_0,recall_0,support_0
p_1,0.3486375855327468,0.35187567713976164,0.35171903460837883,0.5307555845190254,0.5133722563300028,0.5555555555555556,108.0,0.696969696969697,0.647887323943662,0.7540983606557377,61.0,0.3225806451612903,0.38461538461538464,0.2777777777777778,18.0,0.375,0.375,0.375,24.0,0.0,0.0,0.0,5.0,,,,
p_2,0.3599960780468673,0.37023809523809526,0.3984962406015037,0.40340120491115683,0.391358024691358,0.46296296296296297,108.0,0.5957446808510638,0.5,0.7368421052631579,38.0,0.0,0.0,0.0,21.0,0.45714285714285713,0.38095238095238093,0.5714285714285714,28.0,0.3870967741935484,0.6,0.2857142857142857,21.0,,,,
p_3,0.489319411615323,0.6119110914192881,0.47811942959001785,0.5236644606944073,0.5537969663652724,0.5648148148148148,108.0,0.5714285714285714,1.0,0.4,10.0,0.5633802816901409,0.5405405405405406,0.5882352941176471,34.0,0.14285714285714285,0.3333333333333333,0.09090909090909091,22.0,0.6796116504854369,0.5737704918032787,0.8333333333333334,42.0,,,,
p_4,0.39663350833563604,0.39038461538461533,0.4128415300546448,0.5687770989189429,0.5261396011396011,0.6296296296296297,108.0,0.42857142857142855,0.46153846153846156,0.4,15.0,0.7943262411347518,0.7,0.9180327868852459,61.0,0.0,0.0,0.0,14.0,0.36363636363636365,0.4,0.3333333333333333,18.0,,,,
p_5,0.3055258467023173,0.31862745098039214,0.33694083694083693,0.4863141216082393,0.42247639796659403,0.6111111111111112,108.0,0.0,0.0,0.0,15.0,0.0,0.0,0.0,19.0,0.7515151515151515,0.6078431372549019,0.9841269841269841,63.0,0.47058823529411764,0.6666666666666666,0.36363636363636365,11.0,,,,
p_6,0.38097643097643097,0.38048000496770995,0.3977643140589569,0.519933906970944,0.5137681459402771,0.5462962962962963,108.0,0.3333333333333333,0.2916666666666667,0.3888888888888889,18.0,0.7090909090909091,0.639344262295082,0.7959183673469388,49.0,0.48148148148148145,0.5909090909090909,0.40625,32.0,0.0,0.0,0.0,9.0,,,,
p_7,0.2964101501335544,0.2744252873563218,0.35251958689458684,0.42525175769856616,0.3636653895274585,0.5370370370370371,108.0,0.0,0.0,0.0,25.0,0.7375886524822695,0.5977011494252874,0.9629629629629629,54.0,0.09090909090909091,0.16666666666666666,0.0625,16.0,0.35714285714285715,0.3333333333333333,0.38461538461538464,13.0,,,,
p_8,0.29603242263088814,0.29320492241840557,0.30694444444444446,0.5655030664976672,0.5239432851792403,0.6203703703703703,108.0,0.7701863354037267,0.6966292134831461,0.8611111111111112,72.0,0.11764705882352941,0.14285714285714285,0.1,10.0,0.0,0.0,0.0,11.0,0.2962962962962963,0.3333333333333333,0.26666666666666666,15.0,,,,
p_9,0.4040348196694946,0.4305964052287582,0.39187107112042396,0.5448205332106261,0.5356284797869765,0.5648148148148148,108.0,0.4117647058823529,0.4666666666666667,0.3684210526315789,19.0,0.18181818181818182,0.25,0.14285714285714285,7.0,0.706766917293233,0.6527777777777778,0.7704918032786885,61.0,0.3157894736842105,0.35294117647058826,0.2857142857142857,21.0,,,,
p_10,0.33407317729351627,0.27903167091372405,0.4235739750445633,0.4861123566396636,0.415722876134234,0.5925925925925926,108.0,0.0,0.0,0.0,22.0,0.7966101694915254,0.7014925373134329,0.9215686274509803,51.0,0.5396825396825397,0.4146341463414634,0.7727272727272727,22.0,0.0,0.0,0.0,13.0,,,,
p_11,0.5211910851297041,0.5517809396485867,0.5180534242682581,0.5691078363712635,0.5673550986050986,0.6018518518518519,108.0,0.5217391304347826,0.5714285714285714,0.48,25.0,0.5882352941176471,0.625,0.5555555555555556,9.0,0.23529411764705882,0.36363636363636365,0.17391304347826086,23.0,0.7394957983193278,0.6470588235294118,0.8627450980392157,51.0,,,,
p_12,0.45223833543505676,0.4769480519480519,0.4497710622710622,0.617772406706833,0.6167147667147667,0.6481481481481481,108.0,0.5,0.6,0.42857142857142855,21.0,0.7704918032786885,0.6714285714285714,0.9038461538461539,52.0,0.0,0.0,0.0,5.0,0.5384615384615384,0.6363636363636364,0.4666666666666667,30.0,,,,
p_13,0.466260970113852,0.6396103896103896,0.4372609620771385,0.5254126146426313,0.6063011063011062,0.5555555555555556,108.0,0.671875,0.5584415584415584,0.8431372549019608,51.0,0.47058823529411764,1.0,0.3076923076923077,13.0,0.4,0.6666666666666666,0.2857142857142857,28.0,0.3225806451612903,0.3333333333333333,0.3125,16.0,,,,
p_14,0.31188524590163935,0.30140541525012143,0.33409926470588236,0.4664845173041894,0.4331862824456316,0.5185185185185185,108.0,0.4918032786885246,0.5172413793103449,0.46875,32.0,0.0,0.0,0.0,13.0,0.1,0.125,0.08333333333333333,12.0,0.6557377049180327,0.5633802816901409,0.7843137254901961,51.0,,,,
p_15,0.3487680187730473,0.37613636363636366,0.3496376811594203,0.5967054047007115,0.5751262626262627,0.6481481481481481,108.0,0.5,0.7,0.3888888888888889,18.0,0.0,0.0,0.0,12.0,0.7898089171974523,0.7045454545454546,0.8985507246376812,69.0,0.10526315789473684,0.1,0.1111111111111111,9.0,,,,
p_16,0.4697614442295293,0.5290697674418605,0.46709956709956707,0.5299854335315328,0.5036606373815676,0.6111111111111112,108.0,0.4,0.5,0.3333333333333333,27.0,0.75177304964539,0.6162790697674418,0.9636363636363636,55.0,0.0,0.0,0.0,19.0,0.7272727272727273,1.0,0.5714285714285714,7.0,,,,
p_17,0.5026171485543369,0.5096876695342167,0.5186074429771909,0.6161330822347771,0.6100253745181282,0.6574074074074074,108.0,0.5,0.6363636363636364,0.4117647058823529,34.0,0.7647058823529411,0.7647058823529411,0.7647058823529411,17.0,0.7457627118644068,0.6376811594202898,0.8979591836734694,49.0,0.0,0.0,0.0,8.0,,,,
p_18,0.39339019189765456,0.3933111603843311,0.43669871794871795,0.47721708915738764,0.4470504503024828,0.5648148148148148,108.0,0.2857142857142857,0.45454545454545453,0.20833333333333334,24.0,0.5714285714285714,0.5333333333333333,0.6153846153846154,13.0,0.7164179104477612,0.5853658536585366,0.9230769230769231,52.0,0.0,0.0,0.0,19.0,,,,
p_19,0.4339591155611181,0.5455128205128205,0.41898656898656894,0.6354470866360729,0.6506410256410257,0.6759259259259259,108.0,0.8652482269503546,0.782051282051282,0.9682539682539683,63.0,0.47058823529411764,1.0,0.3076923076923077,13.0,0.0,0.0,0.0,12.0,0.4,0.4,0.4,20.0,,,,
p_20,0.34118651835187264,0.30756222943722944,0.4011363636363636,0.4187169505046437,0.3641198693282026,0.5092592592592593,108.0,0.0,0.0,0.0,27.0,0.37037037037037035,0.3125,0.45454545454545453,11.0,0.2857142857142857,0.3333333333333333,0.25,20.0,0.7086614173228346,0.5844155844155844,0.9,50.0,,,,
p_21,0.40995670995670996,0.43919172932330824,0.40730284208545076,0.550376783710117,0.5373538011695906,0.5833333333333334,108.0,0.36363636363636365,0.4,0.3333333333333333,18.0,0.38095238095238093,0.42105263157894735,0.34782608695652173,23.0,0.13333333333333333,0.25,0.09090909090909091,11.0,0.7619047619047619,0.6857142857142857,0.8571428571428571,56.0,,,,
p_22,0.42355371900826444,0.5224474474474474,0.4195947315096251,0.49655647382920115,0.5540957624290958,0.5370370370370371,108.0,0.3333333333333333,0.5555555555555556,0.23809523809523808,21.0,0.4,0.7,0.28,25.0,0.6942148760330579,0.5675675675675675,0.8936170212765957,47.0,0.26666666666666666,0.26666666666666666,0.26666666666666666,15.0,,,,
p_23,0.30567545963229414,0.2636144578313253,0.36517857142857146,0.4710305829410546,0.4000892458723784,0.5740740740740741,108.0,0.7338129496402878,0.6144578313253012,0.9107142857142857,56.0,0.4888888888888889,0.44,0.55,20.0,0.0,0.0,0.0,15.0,0.0,0.0,0.0,17.0,,,,
p_24,0.29869281045751633,0.453125,0.32530364372469633,0.4573226821592834,0.5607638888888888,0.5555555555555556,108.0,0.0,0.0,0.0,15.0,0.26666666666666666,1.0,0.15384615384615385,26.0,0.2222222222222222,0.25,0.2,10.0,0.7058823529411765,0.5625,0.9473684210526315,57.0,,,,
p_25,0.3645238095238095,0.4230263157894737,0.39095547309833023,0.5167019400352734,0.4982699805068226,0.5925925925925926,108.0,0.72,0.5921052631578947,0.9183673469387755,49.0,0.0,0.0,0.0,16.0,0.5714285714285714,0.6,0.5454545454545454,33.0,0.16666666666666666,0.5,0.1,10.0,,,,
p_26,0.35942728442728444,0.3666666666666667,0.374890350877193,0.550961675961676,0.5185185185185185,0.6111111111111112,108.0,0.7567567567567568,0.6666666666666666,0.875,64.0,0.21428571428571427,0.3333333333333333,0.15789473684210525,19.0,0.4666666666666667,0.4666666666666667,0.4666666666666667,15.0,0.0,0.0,0.0,10.0,,,,
p_27,0.3865826352668458,0.44410235358511224,0.39604498115136416,0.4809449800677871,0.5520738308094629,0.48148148148148145,108.0,0.4864864864864865,0.6666666666666666,0.3829787234042553,47.0,0.37037037037037035,0.5555555555555556,0.2777777777777778,18.0,0.5894736842105263,0.4827586206896552,0.7567567567567568,37.0,0.1,0.07142857142857142,0.16666666666666666,6.0,,,,
p_28,0.3221494457793969,0.34667065390749596,0.3347222222222222,0.41281956322650837,0.4198151101659873,0.4444444444444444,108.0,0.5773195876288659,0.49122807017543857,0.7,40.0,0.34285714285714286,0.5454545454545454,0.25,24.0,0.3684210526315789,0.35,0.3888888888888889,36.0,0.0,0.0,0.0,8.0,,,,
p_29,0.35264187866927593,0.33232931726907633,0.38037518037518037,0.5237128844434781,0.471731369924141,0.5925925925925926,108.0,0.7534246575342466,0.6626506024096386,0.873015873015873,63.0,0.19047619047619047,0.2,0.18181818181818182,11.0,0.4666666666666667,0.4666666666666667,0.4666666666666667,15.0,0.0,0.0,0.0,19.0,,,,
p_30,0.32967229157850186,0.3828488372093023,0.34626572327044025,0.47927638281531637,0.4871662360034453,0.5555555555555556,108.0,0.0,0.0,0.0,11.0,0.1875,0.25,0.15,20.0,0.4117647058823529,0.7,0.2916666666666667,24.0,0.7194244604316546,0.5813953488372093,0.9433962264150944,53.0,,,,
p_31,0.47540669667535335,0.5006944444444444,0.4610581622678397,0.6210642115700159,0.613940329218107,0.6388888888888888,108.0,0.7910447761194029,0.7361111111111112,0.8548387096774194,62.0,0.5142857142857142,0.6,0.45,20.0,0.2962962962962963,0.3333333333333333,0.26666666666666666,15.0,0.3,0.3333333333333333,0.2727272727272727,11.0,,,,
p_32,0.34448160535117056,0.296875,0.4126984126984127,0.5501672240802676,0.484375,0.6388888888888888,108.0,0.0,0.0,0.0,16.0,0.6086956521739131,0.5,0.7777777777777778,18.0,0.7692307692307693,0.6875,0.873015873015873,63.0,0.0,0.0,0.0,11.0,,,,
p_33,0.40324473180076625,0.3965277777777778,0.41246498599439774,0.5259964346530439,0.5087962962962963,0.5462962962962963,108.0,0.5777777777777777,0.5416666666666666,0.6190476190476191,42.0,0.5977011494252874,0.5777777777777777,0.6190476190476191,42.0,0.4375,0.4666666666666667,0.4117647058823529,17.0,0.0,0.0,0.0,7.0,,,,
p_34,0.5346402076625201,0.553030303030303,0.5288341543513957,0.5920722279748649,0.5959315375982043,0.6018518518518519,108.0,0.3076923076923077,0.36363636363636365,0.26666666666666666,15.0,0.6909090909090909,0.6333333333333333,0.76,50.0,0.5882352941176471,0.6818181818181818,0.5172413793103449,29.0,0.5517241379310345,0.5333333333333333,0.5714285714285714,14.0,,,,
p_35,0.2733333333333333,0.3158388003748829,0.3142485361093038,0.44765432098765434,0.4583637057863862,0.5555555555555556,108.0,0.0,0.0,0.0,8.0,0.6933333333333334,0.5360824742268041,0.9811320754716981,53.0,0.0,0.0,0.0,18.0,0.4,0.7272727272727273,0.27586206896551724,29.0,,,,
p_36,0.3696753566158386,0.36361692665571976,0.39222873900293254,0.47923703339345247,0.4536321180238804,0.5277777777777778,108.0,0.3684210526315789,0.4375,0.3181818181818182,22.0,0.4,0.41379310344827586,0.3870967741935484,31.0,0.0,0.0,0.0,11.0,0.7102803738317757,0.6031746031746031,0.8636363636363636,44.0,,,,
p_37,0.4140567765567766,0.42997198879551823,0.41765350877192986,0.5272588522588523,0.5285299304907147,0.5462962962962963,108.0,0.5128205128205128,0.6666666666666666,0.4166666666666667,24.0,0.5934065934065934,0.5294117647058824,0.675,40.0,0.55,0.5238095238095238,0.5789473684210527,38.0,0.0,0.0,0.0,6.0,,,,
p_38,0.4052187615869484,0.3886363636363636,0.4289583333333333,0.5363469698842336,0.5024130190796858,0.5833333333333334,108.0,0.7068965517241379,0.6212121212121212,0.82,50.0,0.5806451612903226,0.6,0.5625,32.0,0.3333333333333333,0.3333333333333333,0.3333333333333333,12.0,0.0,0.0,0.0,14.0,,,,
p_39,0.251251155624037,0.23618233618233617,0.27978764628381,0.347534383381841,0.3267120396750027,0.3888888888888889,108.0,0.4772727272727273,0.3888888888888889,0.6176470588235294,34.0,0.3389830508474576,0.38461538461538464,0.30303030303030304,33.0,0.0,0.0,0.0,17.0,0.44,0.4074074074074074,0.4782608695652174,23.0,0.0,0.0,0.0,1.0
p_40,0.337297127186081,0.48550194931773877,0.35862658846529816,0.4220466363949707,0.5210002887878131,0.48148148148148145,108.0,0.0,0.0,0.0,13.0,0.5932203389830508,0.4605263157894737,0.8333333333333334,42.0,0.4482758620689655,0.48148148148148145,0.41935483870967744,31.0,0.3076923076923077,1.0,0.18181818181818182,22.0,,,,
p_41,0.37022645327800086,0.349671669793621,0.41009424603174605,0.4315318732182329,0.4129316934194983,0.4722222222222222,108.0,0.3548387096774194,0.4230769230769231,0.3055555555555556,36.0,0.5753424657534246,0.5121951219512195,0.65625,32.0,0.0,0.0,0.0,12.0,0.5507246376811594,0.4634146341463415,0.6785714285714286,28.0,,,,
p_42,0.4336287813423275,0.46904761904761905,0.42762561512561514,0.5218136208213862,0.5215608465608466,0.5555555555555556,108.0,0.3333333333333333,0.4666666666666667,0.25925925925925924,27.0,0.24242424242424243,0.26666666666666666,0.2222222222222222,18.0,0.7377049180327869,0.6428571428571429,0.8653846153846154,52.0,0.42105263157894735,0.5,0.36363636363636365,11.0,,,,
p_43,0.2794849282996781,0.25148809523809523,0.33185185185185184,0.4256983058563392,0.3681106701940035,0.5277777777777778,108.0,0.0,0.0,0.0,24.0,0.43137254901960786,0.4583333333333333,0.4074074074074074,27.0,0.6865671641791045,0.5476190476190477,0.92,50.0,0.0,0.0,0.0,7.0,,,,
p_44,0.44595591305073895,0.4683048433048433,0.44164169164169165,0.47633346837332474,0.4930357708135486,0.48148148148148145,108.0,0.5376344086021505,0.46296296296296297,0.6410256410256411,39.0,0.42105263157894735,0.5,0.36363636363636365,22.0,0.4918032786885246,0.5769230769230769,0.42857142857142855,35.0,0.3333333333333333,0.3333333333333333,0.3333333333333333,12.0,,,,
p_45,0.2790646853146853,0.24963235294117647,0.32219827586206895,0.4536389536389536,0.3904139433551198,0.5462962962962963,108.0,0.7412587412587412,0.6235294117647059,0.9137931034482759,58.0,0.0,0.0,0.0,18.0,0.375,0.375,0.375,16.0,0.0,0.0,0.0,16.0,,,,
p_46,0.4521186440677966,0.43978494623655917,0.4685567623275726,0.6031230382925299,0.5734966148944644,0.6388888888888888,108.0,0.0,0.0,0.0,10.0,0.5084745762711864,0.4838709677419355,0.5357142857142857,28.0,0.8,0.7419354838709677,0.8679245283018868,53.0,0.5,0.5333333333333333,0.47058823529411764,17.0,,,,
p_47,0.47543059777102326,0.5781526657485737,0.4497960372960373,0.5354797553379114,0.5477663380476679,0.5648148148148148,108.0,0.17142857142857143,0.23076923076923078,0.13636363636363635,22.0,0.425531914893617,0.43478260869565216,0.4166666666666667,24.0,0.5714285714285714,1.0,0.4,10.0,0.7333333333333333,0.6470588235294118,0.8461538461538461,52.0,,,,
p_48,0.338881299332119,0.36250000000000004,0.36103801169590644,0.48268878319728353,0.4873148148148148,0.5370370370370371,108.0,0.5573770491803278,0.68,0.4722222222222222,36.0,0.65,0.52,0.8666666666666667,45.0,0.14814814814814814,0.25,0.10526315789473684,19.0,0.0,0.0,0.0,8.0,,,,
p_49,0.3268953268953269,0.28792569659442724,0.3782738095238095,0.4958868292201626,0.4366280625310553,0.5740740740740741,108.0,0.6813186813186813,0.6078431372549019,0.775,40.0,0.6262626262626263,0.543859649122807,0.7380952380952381,42.0,0.0,0.0,0.0,14.0,0.0,0.0,0.0,12.0,,,,
p_50,0.49549010217113665,0.5012445887445887,0.4961568711568712,0.5149191736436309,0.5184824434824434,0.5185185185185185,108.0,0.5925925925925926,0.5454545454545454,0.6486486486486487,37.0,0.4583333333333333,0.5238095238095238,0.4074074074074074,27.0,0.5172413793103449,0.5357142857142857,0.5,30.0,0.41379310344827586,0.4,0.42857142857142855,14.0,,,,
p_51,0.28379109561268345,0.30713725490196075,0.2906666666666667,0.36365507588522755,0.37625012968150223,0.37962962962962965,108.0,0.4406779661016949,0.38235294117647056,0.52,25.0,0.24,0.42857142857142855,0.16666666666666666,18.0,0.2909090909090909,0.32,0.26666666666666666,30.0,0.4473684210526316,0.40476190476190477,0.5,34.0,0.0,0.0,0.0,1.0
p_52,0.4706585645120482,0.5423196517412936,0.46613910422049953,0.488940095166804,0.5402374700571217,0.5092592592592593,108.0,0.46511627906976744,0.625,0.37037037037037035,27.0,0.5818181818181818,0.47761194029850745,0.7441860465116279,43.0,0.4827586206896552,0.4666666666666667,0.5,14.0,0.35294117647058826,0.6,0.25,24.0,,,,
p_53,0.23555555555555557,0.20857142857142857,0.276875,0.49794238683127573,0.417989417989418,0.6203703703703703,108.0,0.0,0.0,0.0,18.0,0.7777777777777778,0.6428571428571429,0.984375,64.0,0.0,0.0,0.0,15.0,0.4,0.4,0.4,10.0,0.0,0.0,0.0,1.0
p_54,0.40948106388255434,0.5383986928104575,0.4013550135501355,0.5433833533507497,0.5958908254659888,0.5740740740740741,108.0,0.6194690265486725,0.5147058823529411,0.7777777777777778,45.0,0.5974025974025974,0.6388888888888888,0.5609756097560976,41.0,0.0,0.0,0.0,7.0,0.42105263157894735,1.0,0.26666666666666666,15.0,,,,
p_55,0.4006650207072316,0.43308823529411766,0.407347775175644,0.6119783370500158,0.6113289760348585,0.6666666666666666,108.0,0.7945205479452054,0.6823529411764706,0.9508196721311475,61.0,0.5581395348837209,0.8,0.42857142857142855,28.0,0.25,0.25,0.25,8.0,0.0,0.0,0.0,11.0,,,,
p_56,0.42806041335453104,0.43801759834368525,0.437900641025641,0.5297709474180062,0.5362414692124837,0.5462962962962963,108.0,0.5176470588235295,0.4782608695652174,0.5641025641025641,39.0,0.6,0.75,0.5,30.0,0.0,0.0,0.0,7.0,0.5945945945945946,0.5238095238095238,0.6875,32.0,,,,
p_57,0.4103603603603604,0.36970862470862476,0.4642857142857143,0.43535201868535195,0.393645860312527,0.49074074074074076,108.0,0.0,0.0,0.0,23.0,0.5333333333333333,0.48,0.6,20.0,0.4864864864864865,0.4090909090909091,0.6,30.0,0.6216216216216216,0.5897435897435898,0.6571428571428571,35.0,,,,
p_58,0.3271130541494094,0.35374493927125505,0.3418335419274092,0.45481384897706423,0.4693169890538312,0.5,108.0,0.2,0.23076923076923078,0.17647058823529413,17.0,0.6178861788617886,0.5,0.8085106382978723,47.0,0.49056603773584906,0.6842105263157895,0.38235294117647056,34.0,0.0,0.0,0.0,10.0,,,,
p_59,0.3767199796902767,0.3901504532286702,0.38767873978629797,0.47147142064633807,0.455361561917024,0.5092592592592593,108.0,0.5128205128205128,0.4878048780487805,0.5405405405405406,37.0,0.594059405940594,0.5172413793103449,0.6976744186046512,43.0,0.4,0.5555555555555556,0.3125,16.0,0.0,0.0,0.0,12.0,,,,
p_60,0.37424136321195145,0.3923160173160173,0.3830192165558019,0.4709643116505862,0.5073352573352573,0.4722222222222222,108.0,0.38095238095238093,0.5454545454545454,0.2926829268292683,41.0,0.5882352941176471,0.5714285714285714,0.6060606060606061,33.0,0.5277777777777778,0.4523809523809524,0.6333333333333333,30.0,0.0,0.0,0.0,4.0,,,,
p_61,0.3408882879134595,0.3810071154898741,0.36660772178013556,0.4395985021843145,0.4677775750572686,0.49074074074074076,108.0,0.509090909090909,0.4827586206896552,0.5384615384615384,26.0,0.591304347826087,0.4857142857142857,0.7555555555555555,45.0,0.2631578947368421,0.5555555555555556,0.1724137931034483,29.0,0.0,0.0,0.0,8.0,,,,
p_62,0.3262604070305273,0.3435672514619883,0.3245583717357911,0.5655650061100261,0.5583170890188434,0.5925925925925926,108.0,0.46808510638297873,0.5789473684210527,0.39285714285714285,28.0,0.7536231884057971,0.6842105263157895,0.8387096774193549,62.0,0.08333333333333333,0.1111111111111111,0.06666666666666667,15.0,0.0,0.0,0.0,3.0,,,,
p_63,0.5319609042485409,0.5641796799691536,0.5418233082706767,0.5446388943164946,0.577491449421274,0.5555555555555556,108.0,0.43902439024390244,0.6923076923076923,0.32142857142857145,28.0,0.6,0.5714285714285714,0.631578947368421,38.0,0.4827586206896552,0.4666666666666667,0.5,14.0,0.6060606060606061,0.5263157894736842,0.7142857142857143,28.0,,,,
p_64,0.388401559454191,0.3756837606837607,0.4174919807538091,0.4728900440401415,0.4428996517885407,0.5277777777777778,108.0,0.5185185185185185,0.56,0.4827586206896552,29.0,0.6666666666666666,0.5538461538461539,0.8372093023255814,43.0,0.0,0.0,0.0,16.0,0.3684210526315789,0.3888888888888889,0.35,20.0,,,,
p_65,0.2768116820498691,0.3946704067321178,0.2754285714285714,0.4698388207742113,0.5614383668380863,0.5,108.0,0.6050420168067226,0.5217391304347826,0.72,50.0,0.45901639344262296,0.45161290322580644,0.4666666666666667,30.0,0.32,1.0,0.19047619047619047,21.0,0.0,0.0,0.0,6.0,0.0,0.0,0.0,1.0
p_66,0.36530299667036625,0.36488253126184156,0.3729166666666666,0.5644871952974062,0.5521381555864315,0.5833333333333334,108.0,0.752,0.7230769230769231,0.7833333333333333,60.0,0.29411764705882354,0.35714285714285715,0.25,20.0,0.41509433962264153,0.3793103448275862,0.4583333333333333,24.0,0.0,0.0,0.0,4.0,,,,
p_67,0.24346170730060107,0.2325036075036075,0.2730859527846615,0.32965623741523653,0.30409919298808186,0.37962962962962965,108.0,0.29850746268656714,0.30303030303030304,0.29411764705882354,34.0,0.11764705882352941,0.16666666666666666,0.09090909090909091,22.0,0.0,0.0,0.0,11.0,0.5576923076923077,0.4603174603174603,0.7073170731707317,41.0,,,,
p_68,0.3846442282610877,0.45397509578544065,0.3734217171717172,0.4122448413379637,0.4488009081878814,0.42592592592592593,108.0,0.5192307692307693,0.45,0.6136363636363636,44.0,0.33962264150943394,0.3103448275862069,0.375,24.0,0.35714285714285715,0.5,0.2777777777777778,18.0,0.3225806451612903,0.5555555555555556,0.22727272727272727,22.0,,,,
p_69,0.36884920634920637,0.35035607196401797,0.39107833655706,0.5264844209288654,0.4946415681048364,0.5648148148148148,108.0,0.5777777777777777,0.5652173913043478,0.5909090909090909,44.0,0.0,0.0,0.0,13.0,0.6476190476190476,0.5862068965517241,0.723404255319149,47.0,0.25,0.25,0.25,4.0,,,,
p_70,0.3507859637980311,0.34168949076891864,0.3672426607209216,0.4303820730861061,0.41748617404176336,0.4537037037037037,108.0,0.425531914893617,0.4166666666666667,0.43478260869565216,23.0,0.5,0.4339622641509434,0.5897435897435898,39.0,0.47761194029850745,0.5161290322580645,0.4444444444444444,36.0,0.0,0.0,0.0,10.0,,,,
p_71,0.2733974358974359,0.3276315789473684,0.2960382513661202,0.5172127255460589,0.5392787524366471,0.6018518518518519,108.0,0.35,0.7,0.23333333333333334,30.0,0.7435897435897436,0.6105263157894737,0.9508196721311475,61.0,0.0,0.0,0.0,9.0,0.0,0.0,0.0,8.0,,,,
p_72,0.30896277635408065,0.48585473515248795,0.31851851851851853,0.44293025814764947,0.5520666131621188,0.5185185185185185,108.0,0.2857142857142857,1.0,0.16666666666666666,24.0,0.6853146853146853,0.550561797752809,0.9074074074074074,54.0,0.17391304347826086,0.25,0.13333333333333333,15.0,0.09090909090909091,0.14285714285714285,0.06666666666666667,15.0,,,,
p_73,0.37439332362729605,0.40992957746478875,0.3797489275430452,0.5110161155121608,0.502642149191445,0.5555555555555556,108.0,0.49056603773584906,0.52,0.4642857142857143,28.0,0.7154471544715447,0.6197183098591549,0.8461538461538461,52.0,0.17391304347826086,0.3333333333333333,0.11764705882352941,17.0,0.11764705882352941,0.16666666666666666,0.09090909090909091,11.0,,,,
p_74,0.28933356234970803,0.2616794795978711,0.34283876500857635,0.4419348066720104,0.37770221433734147,0.5555555555555556,108.0,0.43902439024390244,0.47368421052631576,0.4090909090909091,22.0,0.7183098591549296,0.5730337078651685,0.9622641509433962,53.0,0.0,0.0,0.0,12.0,0.0,0.0,0.0,21.0,,,,
p_75,0.2733333333333333,0.30765306122448977,0.32,0.4264197530864198,0.4175170068027211,0.5462962962962963,108.0,0.4,0.7,0.28,25.0,0.6933333333333334,0.5306122448979592,1.0,52.0,0.0,0.0,0.0,14.0,0.0,0.0,0.0,17.0,,,,
p_76,0.3661519607843138,0.3962136243386244,0.3704960430968726,0.3819535221496006,0.40350039192631787,0.39814814814814814,108.0,0.5,0.42592592592592593,0.6052631578947368,38.0,0.2916666666666667,0.4375,0.21875,32.0,0.35294117647058826,0.32142857142857145,0.391304347826087,23.0,0.32,0.4,0.26666666666666666,15.0,,,,
p_77,0.28777665995975854,0.39539676425269643,0.31666666666666665,0.3774591996422982,0.4910653141585345,0.4166666666666667,108.0,0.5,0.4406779661016949,0.5777777777777777,45.0,0.4225352112676056,0.3409090909090909,0.5555555555555556,27.0,0.22857142857142856,0.8,0.13333333333333333,30.0,0.0,0.0,0.0,6.0,,,,
p_78,0.35654761904761906,0.35221437740693196,0.38738296587133797,0.40656966490299823,0.3876883944278039,0.4537037037037037,108.0,0.47619047619047616,0.4878048780487805,0.46511627906976744,43.0,0.5333333333333333,0.42105263157894735,0.7272727272727273,33.0,0.0,0.0,0.0,18.0,0.4166666666666667,0.5,0.35714285714285715,14.0,,,,
p_79,0.3873477297895903,0.38770162158669996,0.39400394279604384,0.4052438374143801,0.408093536942921,0.4074074074074074,108.0,0.4666666666666667,0.44680851063829785,0.4883720930232558,43.0,0.4,0.4230769230769231,0.3793103448275862,29.0,0.35714285714285715,0.3125,0.4166666666666667,12.0,0.32558139534883723,0.3684210526315789,0.2916666666666667,24.0,,,,
p_80,0.44221939859367365,0.4692857142857143,0.4291666666666667,0.4521440202018771,0.4571957671957672,0.4537037037037037,108.0,0.5098039215686274,0.52,0.5,26.0,0.4225352112676056,0.42857142857142855,0.4166666666666667,36.0,0.46153846153846156,0.42857142857142855,0.5,36.0,0.375,0.5,0.3,10.0,,,,
p_81,0.3199346405228758,0.33112244897959187,0.33476307189542487,0.6268215928346648,0.5774376417233561,0.7129629629629629,108.0,0.8352941176470589,0.7244897959183674,0.9861111111111112,72.0,0.4444444444444444,0.6,0.35294117647058826,17.0,0.0,0.0,0.0,8.0,0.0,0.0,0.0,11.0,,,,
p_82,0.40317819454510107,0.5134510869565218,0.44084611245628197,0.5402691769598245,0.5793126006441224,0.6111111111111112,108.0,0.4864864864864865,0.391304347826087,0.6428571428571429,14.0,0.36363636363636365,1.0,0.2222222222222222,18.0,0.762589928057554,0.6625,0.8983050847457628,59.0,0.0,0.0,0.0,17.0,,,,
p_83,0.3259518259518259,0.4807017543859649,0.3267304189435337,0.5031511698178365,0.5551656920077972,0.5833333333333334,108.0,0.717948717948718,0.5894736842105263,0.9180327868852459,61.0,0.0,0.0,0.0,11.0,0.2222222222222222,0.3333333333333333,0.16666666666666666,18.0,0.36363636363636365,1.0,0.2222222222222222,18.0,,,,
p_84,0.3727124183006536,0.4211583174804481,0.38524144774144775,0.5590474461389495,0.5822373313918442,0.6203703703703703,108.0,0.5,0.7368421052631579,0.3783783783783784,37.0,0.23529411764705882,0.3333333333333333,0.18181818181818182,11.0,0.7555555555555555,0.6144578313253012,0.9807692307692307,52.0,0.0,0.0,0.0,8.0,,,,
p_85,0.26508561512186013,0.25904088050314467,0.2934027777777778,0.37245476390094,0.3492458653622176,0.4166666666666667,108.0,0.43010752688172044,0.4166666666666667,0.4444444444444444,45.0,0.0,0.0,0.0,11.0,0.09090909090909091,0.16666666666666666,0.0625,16.0,0.5393258426966292,0.4528301886792453,0.6666666666666666,36.0,,,,
p_86,0.4098620936412135,0.5668520578420467,0.3742239467849224,0.4020390214427219,0.4816236147159395,0.39814814814814814,108.0,0.40404040404040403,0.3448275862068966,0.4878048780487805,41.0,0.42105263157894735,1.0,0.26666666666666666,15.0,0.32786885245901637,0.3225806451612903,0.3333333333333333,30.0,0.4864864864864865,0.6,0.4090909090909091,22.0,,,,
p_87,0.3364703771954143,0.33275974025974026,0.35951339995457643,0.40585147858838766,0.4010545935545935,0.4351851851851852,108.0,0.49056603773584906,0.52,0.4642857142857143,28.0,0.0,0.0,0.0,9.0,0.5168539325842697,0.41818181818181815,0.6764705882352942,34.0,0.3384615384615385,0.39285714285714285,0.2972972972972973,37.0,,,,
p_88,0.33403954802259883,0.435,0.3235930735930736,0.6517053776940782,0.6387037037037037,0.7222222222222222,108.0,0.8361581920903954,0.74,0.961038961038961,77.0,0.5,1.0,0.3333333333333333,12.0,0.0,0.0,0.0,8.0,0.0,0.0,0.0,11.0,,,,
p_89,0.3722575658928483,0.39097744360902253,0.40371589195118607,0.40250409614013044,0.4091884804604103,0.4351851851851852,108.0,0.5882352941176471,0.47619047619047616,0.7692307692307693,26.0,0.4507042253521127,0.42105263157894735,0.48484848484848486,33.0,0.3448275862068966,0.4166666666666667,0.29411764705882354,34.0,0.10526315789473684,0.25,0.06666666666666667,15.0,,,,
p_90,0.3108274704019385,0.3146511627906977,0.31985294117647056,0.4062635551997254,0.39993109388458226,0.42592592592592593,108.0,0.46808510638297873,0.44,0.5,44.0,0.0,0.0,0.0,6.0,0.3076923076923077,0.4,0.25,24.0,0.4675324675324675,0.4186046511627907,0.5294117647058824,34.0,,,,
p_91,0.38559176268231193,0.4169225318847426,0.4435207991242474,0.5472748661104262,0.5698686995923651,0.6203703703703703,108.0,0.17142857142857143,0.5,0.10344827586206896,29.0,0.7751937984496124,0.684931506849315,0.8928571428571429,56.0,0.5957446808510638,0.4827586206896552,0.7777777777777778,18.0,0.0,0.0,0.0,5.0,,,,
p_92,0.33703996248117885,0.487312030075188,0.35318082788671024,0.489411720609114,0.6003724589250905,0.5462962962962963,108.0,0.36363636363636365,0.35714285714285715,0.37037037037037035,27.0,0.0,0.0,0.0,5.0,0.27586206896551724,1.0,0.16,25.0,0.7086614173228346,0.5921052631578947,0.8823529411764706,51.0,,,,
p_93,0.39559539260220633,0.4039522058823529,0.41663183890577504,0.5538515153700099,0.5295649509803921,0.6111111111111112,108.0,0.5671641791044776,0.59375,0.5428571428571428,35.0,0.7652173913043478,0.6470588235294118,0.9361702127659575,47.0,0.0,0.0,0.0,10.0,0.25,0.375,0.1875,16.0,,,,
p_94,0.367364941596366,0.3641591251885369,0.39070197044334976,0.48564093782296247,0.47547623037819114,0.5185185185185185,108.0,0.6875,0.6346153846153846,0.75,44.0,0.0,0.0,0.0,7.0,0.47761194029850745,0.41025641025641024,0.5714285714285714,28.0,0.30434782608695654,0.4117647058823529,0.2413793103448276,29.0,,,,
p_95,0.28364632237871673,0.29482281284606865,0.30629208754208753,0.4525010143163508,0.4266519010705057,0.5277777777777778,108.0,0.6901408450704225,0.5697674418604651,0.875,56.0,0.3333333333333333,0.4666666666666667,0.25925925925925924,27.0,0.1111111111111111,0.14285714285714285,0.09090909090909091,11.0,0.0,0.0,0.0,14.0,,,,
p_96,0.3143454790823212,0.37184343434343436,0.3102350129355647,0.3645504073574249,0.4090207631874299,0.3611111111111111,108.0,0.5128205128205128,0.5555555555555556,0.47619047619047616,42.0,0.3466666666666667,0.29545454545454547,0.41935483870967744,31.0,0.24,0.5,0.15789473684210525,19.0,0.15789473684210525,0.13636363636363635,0.1875,16.0,,,,
p_97,0.3096003958926141,0.3444272445820433,0.3341346153846154,0.5397702539852731,0.5756220616901732,0.6018518518518519,108.0,0.5084745762711864,0.7894736842105263,0.375,40.0,0.0,0.0,0.0,12.0,0.7299270072992701,0.5882352941176471,0.9615384615384616,52.0,0.0,0.0,0.0,4.0,,,,
p_98,0.33253042596348886,0.42703651685393257,0.35074721377912865,0.4206718127864172,0.4651191219309197,0.5,108.0,0.6323529411764706,0.48314606741573035,0.9148936170212766,47.0,0.0,0.0,0.0,16.0,0.35294117647058826,0.6,0.25,24.0,0.3448275862068966,0.625,0.23809523809523808,21.0,,,,
p_99,0.4022673260543144,0.5224887556221889,0.39452798663324984,0.3903279477961238,0.4476095285690488,0.39814814814814814,108.0,0.40816326530612246,0.3448275862068966,0.5,20.0,0.4878048780487805,0.43478260869565216,0.5555555555555556,36.0,0.26865671641791045,0.3103448275862069,0.23684210526315788,38.0,0.4444444444444444,1.0,0.2857142857142857,14.0,,,,
p_100,0.3781517094017094,0.3921052631578947,0.3779411764705882,0.4750019784742007,0.46936786410470616,0.49074074074074076,108.0,0.3888888888888889,0.3684210526315789,0.4117647058823529,17.0,0.375,0.42857142857142855,0.3333333333333333,27.0,0.6153846153846154,0.5714285714285714,0.6666666666666666,54.0,0.13333333333333333,0.2,0.1,10.0,,,,
p_101,0.32954545454545453,0.3443627450980392,0.3580043859649123,0.45033670033670037,0.4358206245461147,0.5092592592592593,108.0,0.18181818181818182,0.3333333333333333,0.125,16.0,0.6363636363636364,0.5147058823529411,0.8333333333333334,42.0,0.5,0.5294117647058824,0.47368421052631576,38.0,0.0,0.0,0.0,12.0,,,,
p_102,0.1920138888888889,0.1846264367816092,0.20562214611872145,0.49394290123456797,0.4613665389527458,0.5370370370370371,108.0,0.05555555555555555,0.08333333333333333,0.041666666666666664,24.0,0.0,0.0,0.0,6.0,0.7125,0.6551724137931034,0.7808219178082192,73.0,0.0,0.0,0.0,5.0,,,,
p_103,0.3334906592606462,0.3873887143231212,0.3547619047619048,0.4131321063933559,0.46663975444415345,0.4444444444444444,108.0,0.25,0.5,0.16666666666666666,30.0,0.6055045871559633,0.4925373134328358,0.7857142857142857,42.0,0.3673469387755102,0.47368421052631576,0.3,30.0,0.1111111111111111,0.08333333333333333,0.16666666666666666,6.0,,,,
p_104,0.37257053291536046,0.38898448043184886,0.3768627450980392,0.48481945895739,0.4889101314539911,0.5092592592592593,108.0,0.3448275862068966,0.4166666666666667,0.29411764705882354,34.0,0.5454545454545454,0.631578947368421,0.48,25.0,0.6,0.5076923076923077,0.7333333333333333,45.0,0.0,0.0,0.0,4.0,,,,
p_105,0.29759746415452065,0.32976190476190476,0.3077756327756328,0.37628405155955813,0.3789241622574956,0.4074074074074074,108.0,0.3,0.5,0.21428571428571427,14.0,0.4367816091954023,0.4523809523809524,0.4222222222222222,45.0,0.4536082474226804,0.36666666666666664,0.5945945945945946,37.0,0.0,0.0,0.0,12.0,,,,
p_106,0.4478710166098577,0.6240074441687344,0.4446428571428571,0.4573785854602461,0.559011120301443,0.49074074074074076,108.0,0.2222222222222222,0.5,0.14285714285714285,28.0,0.5901639344262295,0.5806451612903226,0.6,30.0,0.5346534653465347,0.4153846153846154,0.75,36.0,0.4444444444444444,1.0,0.2857142857142857,14.0,,,,
p_107,0.3907052213503826,0.40079365079365076,0.3950892857142857,0.507908446080489,0.49647266313932975,0.5370370370370371,108.0,0.6846846846846847,0.6031746031746031,0.7916666666666666,48.0,0.5555555555555556,0.6666666666666666,0.47619047619047616,21.0,0.3225806451612903,0.3333333333333333,0.3125,32.0,0.0,0.0,0.0,7.0,,,,
p_108,0.4302786962683042,0.5797682709447416,0.42756410256410254,0.4338380657464266,0.5393510266059286,0.4444444444444444,108.0,0.4666666666666667,0.38181818181818183,0.6,35.0,0.4827586206896552,0.4666666666666667,0.5,14.0,0.4383561643835616,0.47058823529411764,0.41025641025641024,39.0,0.3333333333333333,1.0,0.2,20.0,,,,
p_109,0.31187104930467763,0.34186507936507937,0.33637386830257754,0.4150634452404364,0.4412624926513815,0.46296296296296297,108.0,0.6017699115044248,0.4722222222222222,0.8292682926829268,41.0,0.36,0.42857142857142855,0.3103448275862069,29.0,0.2857142857142857,0.4666666666666667,0.20588235294117646,34.0,0.0,0.0,0.0,4.0,,,,
p_110,0.39548640313989347,0.44110360360360357,0.39732893157262905,0.5432773676395768,0.5583917250583917,0.5833333333333334,108.0,0.6991869918699187,0.581081081081081,0.8775510204081632,49.0,0.4,0.6,0.3,20.0,0.4827586206896552,0.5833333333333334,0.4117647058823529,34.0,0.0,0.0,0.0,5.0,,,,
p_111,0.34076054664289956,0.35565476190476186,0.35377846790890266,0.4244899980194098,0.4289021164021164,0.4537037037037037,108.0,0.45454545454545453,0.625,0.35714285714285715,28.0,0.35294117647058826,0.32142857142857145,0.391304347826087,23.0,0.5555555555555556,0.47619047619047616,0.6666666666666666,45.0,0.0,0.0,0.0,12.0,,,,
p_112,0.3559272300469484,0.35335791925465837,0.37406517094017094,0.5002282211789254,0.4781422532781228,0.5462962962962963,108.0,0.5070422535211268,0.5625,0.46153846153846156,39.0,0.25,0.2857142857142857,0.2222222222222222,9.0,0.6666666666666666,0.5652173913043478,0.8125,48.0,0.0,0.0,0.0,12.0,,,,
p_113,0.30266975972959614,0.35,0.3276654796816087,0.32425462084587414,0.36568462401795726,0.3611111111111111,108.0,0.34782608695652173,0.5333333333333333,0.25806451612903225,31.0,0.45544554455445546,0.3484848484848485,0.6571428571428571,35.0,0.07407407407407407,0.2,0.045454545454545456,22.0,0.3333333333333333,0.3181818181818182,0.35,20.0,,,,
p_114,0.3572612817157957,0.34162645102386857,0.37937476647154067,0.430558821796732,0.41481650556256006,0.4537037037037037,108.0,0.4722222222222222,0.4146341463414634,0.5483870967741935,31.0,0.0,0.0,0.0,12.0,0.39344262295081966,0.36363636363636365,0.42857142857142855,28.0,0.5633802816901409,0.5882352941176471,0.5405405405405406,37.0,,,,
p_115,0.4567795429208472,0.6461847389558233,0.4323775932036257,0.5096342231305999,0.6038524468243344,0.5555555555555556,108.0,0.6615384615384615,0.5180722891566265,0.9148936170212766,47.0,0.17391304347826086,0.3333333333333333,0.11764705882352941,17.0,0.4583333333333333,0.7333333333333333,0.3333333333333333,33.0,0.5333333333333333,1.0,0.36363636363636365,11.0,,,,
p_116,0.3627077510336114,0.38464628268172746,0.3908371040723982,0.3631088076584194,0.3974633623837577,0.37962962962962965,108.0,0.3111111111111111,0.3684210526315789,0.2692307692307692,26.0,0.5070422535211268,0.3829787234042553,0.75,24.0,0.37735849056603776,0.5263157894736842,0.29411764705882354,34.0,0.2553191489361702,0.2608695652173913,0.25,24.0,,,,
p_117,0.33840722384411703,0.32509589385650506,0.36760975609756097,0.4952348981475195,0.46228990104359535,0.5555555555555556,108.0,0.6990291262135923,0.5806451612903226,0.8780487804878049,41.0,0.5384615384615384,0.5185185185185185,0.56,25.0,0.45454545454545453,0.5263157894736842,0.4,25.0,0.0,0.0,0.0,16.0,0.0,0.0,0.0,1.0
p_118,0.30269432873206453,0.31925647451963246,0.311039159253445,0.39285828233417336,0.38812153841393604,0.4166666666666667,108.0,0.09090909090909091,0.1111111111111111,0.07692307692307693,13.0,0.4126984126984127,0.37142857142857144,0.4642857142857143,28.0,0.5471698113207547,0.5087719298245614,0.5918367346938775,49.0,0.16,0.2857142857142857,0.1111111111111111,18.0,,,,
p_119,0.31549976700838767,0.33591269841269844,0.3266944210458109,0.5321776517897208,0.5122060552616108,0.5925925925925926,108.0,0.7586206896551724,0.6547619047619048,0.9016393442622951,61.0,0.3783783783783784,0.4666666666666667,0.3181818181818182,22.0,0.125,0.2222222222222222,0.08695652173913043,23.0,0.0,0.0,0.0,2.0,,,,
p_120,0.267938116831155,0.3918269230769231,0.3026315789473684,0.45666992679529356,0.4858440170940171,0.5833333333333334,108.0,0.34782608695652173,1.0,0.21052631578947367,19.0,0.0,0.0,0.0,18.0,0.7239263803680982,0.5673076923076923,1.0,59.0,0.0,0.0,0.0,12.0,,,,
p_121,0.4363167908672903,0.5770833333333334,0.44340538847117794,0.5128661667322414,0.6013117283950616,0.5370370370370371,108.0,0.7238095238095238,0.6666666666666666,0.7916666666666666,48.0,0.23529411764705882,0.26666666666666666,0.21052631578947367,19.0,0.4528301886792453,0.375,0.5714285714285714,21.0,0.3333333333333333,1.0,0.2,20.0,,,,
p_122,0.3066798614547254,0.3156647663646544,0.30272435897435895,0.3220765297707406,0.32552427975160336,0.32407407407407407,108.0,0.4186046511627907,0.47368421052631576,0.375,24.0,0.2,0.2,0.2,20.0,0.3953488372093023,0.3617021276595745,0.4358974358974359,39.0,0.2127659574468085,0.22727272727272727,0.2,25.0,,,,
p_123,0.30805737985968246,0.31934523809523807,0.35412593678722715,0.372911941059591,0.39355158730158735,0.42592592592592593,108.0,0.20833333333333334,0.4166666666666667,0.1388888888888889,36.0,0.5168539325842697,0.4107142857142857,0.696969696969697,33.0,0.5070422535211268,0.45,0.5806451612903226,31.0,0.0,0.0,0.0,8.0,,,,
p_124,0.3466323466323466,0.3492330659797436,0.403943377148635,0.39037450148561254,0.4109954313543096,0.42592592592592593,108.0,0.0,0.0,0.0,19.0,0.4444444444444444,0.3103448275862069,0.782608695652174,23.0,0.5135135135135135,0.6129032258064516,0.4418604651162791,43.0,0.42857142857142855,0.47368421052631576,0.391304347826087,23.0,,,,
p_125,0.35087471202896164,0.36408199643493755,0.3891664774017715,0.41217045219071297,0.42902885059747803,0.46296296296296297,108.0,0.3125,0.3333333333333333,0.29411764705882354,17.0,0.5825242718446602,0.4411764705882353,0.8571428571428571,35.0,0.5084745762711864,0.6818181818181818,0.40540540540540543,37.0,0.0,0.0,0.0,19.0,,,,
p_126,0.3080354188848585,0.4598115299334812,0.3224578527062999,0.41204653362751037,0.5129239549971257,0.4722222222222222,108.0,0.2962962962962963,1.0,0.17391304347826086,23.0,0.3404255319148936,0.36363636363636365,0.32,25.0,0.5954198473282443,0.47560975609756095,0.7959183673469388,49.0,0.0,0.0,0.0,11.0,,,,
p_127,0.44662563667232597,0.5615079365079364,0.43709150326797386,0.5300808023643337,0.5533509700176367,0.5648148148148148,108.0,0.5,1.0,0.3333333333333333,12.0,0.7192982456140351,0.6507936507936508,0.803921568627451,51.0,0.4838709677419355,0.42857142857142855,0.5555555555555556,27.0,0.08333333333333333,0.16666666666666666,0.05555555555555555,18.0,,,,
p_128,0.21632751937984496,0.22123015873015872,0.26111111111111107,0.3107773471145564,0.2884700176366843,0.39814814814814814,108.0,0.08333333333333333,0.16666666666666666,0.05555555555555555,18.0,0.20833333333333334,0.2777777777777778,0.16666666666666666,30.0,0.5736434108527132,0.44047619047619047,0.8222222222222222,45.0,0.0,0.0,0.0,15.0,,,,
p_129,0.2716543937162494,0.3231007751937985,0.29510135135135135,0.37274132256950127,0.3817542348550101,0.4351851851851852,108.0,0.0,0.0,0.0,22.0,0.4,0.3488372093023256,0.46875,32.0,0.5773195876288659,0.4666666666666667,0.7567567567567568,37.0,0.38095238095238093,0.8,0.25,16.0,0.0,0.0,0.0,1.0
p_130,0.39200841869382475,0.42027511961722486,0.4062049062049062,0.38220314584017323,0.4155081516923622,0.3888888888888889,108.0,0.410958904109589,0.39473684210526316,0.42857142857142855,35.0,0.3157894736842105,0.5454545454545454,0.2222222222222222,27.0,0.379746835443038,0.3409090909090909,0.42857142857142855,35.0,0.46153846153846156,0.4,0.5454545454545454,11.0,,,,
p_131,0.24441964285714285,0.2069548872180451,0.298469387755102,0.3570601851851852,0.302729044834308,0.4351851851851852,108.0,0.40625,0.34210526315789475,0.5,26.0,0.0,0.0,0.0,14.0,0.5714285714285714,0.4857142857142857,0.6938775510204082,49.0,0.0,0.0,0.0,19.0,,,,
p_132,0.3305808080808081,0.4759984639016897,0.3688428688428689,0.4134193789749345,0.5522060078511691,0.4722222222222222,108.0,0.5066666666666667,0.4523809523809524,0.5757575757575758,33.0,0.25,1.0,0.14285714285714285,28.0,0.5656565656565656,0.45161290322580644,0.7567567567567568,37.0,0.0,0.0,0.0,10.0,,,,
p_133,0.38633401482238694,0.36929223744292233,0.4109898492049522,0.5236658905263556,0.4864070691696263,0.5740740740740741,108.0,0.46511627906976744,0.5,0.43478260869565216,23.0,0.0,0.0,0.0,15.0,0.7230769230769231,0.6438356164383562,0.8245614035087719,57.0,0.35714285714285715,0.3333333333333333,0.38461538461538464,13.0,,,,
p_134,0.32815598149372105,0.32430555555555557,0.34311224489795916,0.4495728378742258,0.4593364197530864,0.4537037037037037,108.0,0.23529411764705882,0.2222222222222222,0.25,24.0,0.47058823529411764,0.4,0.5714285714285714,28.0,0.6067415730337079,0.675,0.5510204081632653,49.0,0.0,0.0,0.0,7.0,,,,
p_135,0.2800883327199116,0.24204545454545456,0.33838383838383834,0.42630079472184734,0.35601851851851857,0.5370370370370371,108.0,0.0,0.0,0.0,18.0,0.0,0.0,0.0,17.0,0.6993006993006993,0.5681818181818182,0.9090909090909091,55.0,0.42105263157894735,0.4,0.4444444444444444,18.0,,,,
p_136,0.33272785398744475,0.3430082559339525,0.34618161508282475,0.4150554637020963,0.42423938386270693,0.4351851851851852,108.0,0.43137254901960786,0.5789473684210527,0.34375,32.0,0.37681159420289856,0.34210526315789475,0.41935483870967744,31.0,0.5227272727272727,0.45098039215686275,0.6216216216216216,37.0,0.0,0.0,0.0,8.0,,,,
p_137,0.420363466915191,0.4688815060908085,0.4300435227854582,0.5571053812433123,0.5486485377958247,0.6203703703703703,108.0,0.0,0.0,0.0,14.0,0.5517241379310345,0.5333333333333333,0.5714285714285714,14.0,0.7297297297297297,0.627906976744186,0.8709677419354839,62.0,0.4,0.7142857142857143,0.2777777777777778,18.0,,,,
p_138,0.28879781420765027,0.24483306836248012,0.3533653846153846,0.4183566079740943,0.3513807925572631,0.5185185185185185,108.0,0.0,0.0,0.0,23.0,0.6885245901639344,0.5675675675675675,0.875,48.0,0.4666666666666667,0.4117647058823529,0.5384615384615384,26.0,0.0,0.0,0.0,11.0,,,,
p_139,0.3795995670995671,0.3868084495206736,0.3797355769230769,0.3869749078082411,0.3921299710301785,0.3888888888888889,108.0,0.36363636363636365,0.42105263157894735,0.32,25.0,0.5,0.4722222222222222,0.53125,32.0,0.3333333333333333,0.36363636363636365,0.3076923076923077,26.0,0.32142857142857145,0.2903225806451613,0.36,25.0,,,,
p_140,0.42998187552961115,0.46825136937366035,0.4342177559282822,0.4324720068906115,0.4669571532316631,0.4444444444444444,108.0,0.5116279069767442,0.43137254901960786,0.6285714285714286,35.0,0.38461538461538464,0.38461538461538464,0.38461538461538464,26.0,0.35,0.5833333333333334,0.25,28.0,0.47368421052631576,0.47368421052631576,0.47368421052631576,19.0,,,,
p_141,0.24191176470588235,0.2361111111111111,0.2746503496503497,0.36544117647058827,0.3292181069958848,0.4444444444444444,108.0,0.0,0.0,0.0,20.0,0.1,0.1111111111111111,0.09090909090909091,11.0,0.6176470588235294,0.5,0.8076923076923077,52.0,0.25,0.3333333333333333,0.2,25.0,,,,
p_142,0.33399422268907564,0.33020320197044334,0.35119047619047616,0.41073325163398694,0.39679118773946365,0.4444444444444444,108.0,0.46875,0.5172413793103449,0.42857142857142855,35.0,0.35294117647058826,0.375,0.3333333333333333,18.0,0.5142857142857142,0.42857142857142855,0.6428571428571429,42.0,0.0,0.0,0.0,13.0,,,,
p_143,0.37765678172095285,0.42123205741626796,0.39742063492063495,0.48524496299897374,0.4995281765018607,0.5462962962962963,108.0,0.48,0.5454545454545454,0.42857142857142855,28.0,0.35294117647058826,0.6,0.25,24.0,0.6776859504132231,0.5394736842105263,0.9111111111111111,45.0,0.0,0.0,0.0,11.0,,,,
p_144,0.22918948521358162,0.215,0.2667748917748918,0.4726988763133342,0.40518518518518515,0.5833333333333334,108.0,0.18181818181818182,0.25,0.14285714285714285,14.0,0.0,0.0,0.0,14.0,0.7349397590361446,0.61,0.9242424242424242,66.0,0.0,0.0,0.0,14.0,,,,
p_145,0.4256102845587173,0.4041666666666667,0.4746863799283154,0.47050937740186144,0.44486531986531996,0.5277777777777778,108.0,0.627906976744186,0.4909090909090909,0.8709677419354839,31.0,0.0,0.0,0.0,19.0,0.5507246376811594,0.5757575757575758,0.5277777777777778,36.0,0.5238095238095238,0.55,0.5,22.0,,,,
p_146,0.3126963200733692,0.31267287479255024,0.3318452380952381,0.3538327792426153,0.3344294875735038,0.39814814814814814,108.0,0.39344262295081966,0.41379310344827586,0.375,32.0,0.0,0.0,0.0,19.0,0.4727272727272727,0.38235294117647056,0.6190476190476191,42.0,0.38461538461538464,0.45454545454545453,0.3333333333333333,15.0,,,,
p_147,0.2743137498447398,0.2328141783029001,0.33382352941176474,0.37292353836882475,0.3165652225802602,0.4537037037037037,108.0,0.6024096385542169,0.5102040816326531,0.7352941176470589,34.0,0.0,0.0,0.0,22.0,0.4948453608247423,0.42105263157894735,0.6,40.0,0.0,0.0,0.0,12.0,,,,
p_148,0.36137566137566135,0.3332204155374887,0.400462962962963,0.396031746031746,0.3671333935561578,0.4351851851851852,108.0,0.5714285714285714,0.5365853658536586,0.6111111111111112,36.0,0.4666666666666667,0.3888888888888889,0.5833333333333334,24.0,0.0,0.0,0.0,21.0,0.4074074074074074,0.4074074074074074,0.4074074074074074,27.0,,,,
p_149,0.34748803827751196,0.34479166666666666,0.3672619047619048,0.45534290271132377,0.45632716049382716,0.4722222222222222,108.0,0.631578947368421,0.6666666666666666,0.6,50.0,0.36363636363636365,0.4,0.3333333333333333,18.0,0.39473684210526316,0.3125,0.5357142857142857,28.0,0.0,0.0,0.0,12.0,,,,
p_150,0.31115731115731116,0.46463815789473684,0.3055018267784225,0.42637509304175975,0.5344480994152047,0.4444444444444444,108.0,0.3076923076923077,1.0,0.18181818181818182,22.0,0.43243243243243246,0.42105263157894735,0.4444444444444444,36.0,0.5045045045045045,0.4375,0.5957446808510638,47.0,0.0,0.0,0.0,3.0,,,,
p_151,0.35292032670673446,0.40821812596006146,0.34087796041003887,0.3857690792965874,0.41133299197815326,0.39814814814814814,108.0,0.4,0.42857142857142855,0.375,32.0,0.2222222222222222,0.3333333333333333,0.16666666666666666,12.0,0.44660194174757284,0.3709677419354839,0.5609756097560976,41.0,0.34285714285714286,0.5,0.2608695652173913,23.0,,,,
p_152,0.35110984414488,0.48003072196620583,0.365175132954337,0.43489631079331376,0.5000995619275189,0.48148148148148145,108.0,0.34782608695652173,1.0,0.21052631578947367,19.0,0.4935064935064935,0.4523809523809524,0.5428571428571428,35.0,0.5631067961165048,0.46774193548387094,0.7073170731707317,41.0,0.0,0.0,0.0,13.0,,,,
p_153,0.2798365917712285,0.25510204081632654,0.34615384615384615,0.3756011628786651,0.30593348450491314,0.5185185185185185,108.0,0.0,0.0,0.0,20.0,0.43478260869565216,0.5,0.38461538461538464,13.0,0.6845637583892618,0.5204081632653061,1.0,51.0,0.0,0.0,0.0,24.0,,,,
p_154,0.29769756387403445,0.32342105263157894,0.368673835125448,0.30164444004313284,0.333167641325536,0.37037037037037035,108.0,0.4090909090909091,0.47368421052631576,0.36,25.0,0.47058823529411764,0.32,0.8888888888888888,27.0,0.3111111111111111,0.5,0.22580645161290322,31.0,0.0,0.0,0.0,25.0,,,,
p_155,0.42574502545808146,0.48894064872325743,0.4853272298118876,0.4406344320261107,0.5162174424251719,0.48148148148148145,108.0,0.2926829268292683,0.6,0.1935483870967742,31.0,0.32432432432432434,0.5,0.24,25.0,0.6153846153846154,0.5079365079365079,0.7804878048780488,41.0,0.47058823529411764,0.34782608695652173,0.7272727272727273,11.0,,,,
p_156,0.3530177420000801,0.5219780219780219,0.3528050108932462,0.49331986478047596,0.5717338217338218,0.5648148148148148,108.0,0.38095238095238093,1.0,0.23529411764705882,17.0,0.34146341463414637,0.5384615384615384,0.25,28.0,0.6896551724137931,0.5494505494505495,0.9259259259259259,54.0,0.0,0.0,0.0,9.0,,,,
p_157,0.379525571222486,0.5681114551083591,0.3921080368906456,0.3917984308940147,0.5788900355463823,0.39814814814814814,108.0,0.46153846153846156,0.35294117647058826,0.6666666666666666,27.0,0.2807017543859649,0.23529411764705882,0.34782608695652173,23.0,0.5,0.6842105263157895,0.3939393939393939,33.0,0.27586206896551724,1.0,0.16,25.0,,,,
p_158,0.2904936760505916,0.24702380952380953,0.3666666666666667,0.352577179382565,0.28670634920634924,0.4722222222222222,108.0,0.0,0.0,0.0,17.0,0.0,0.0,0.0,28.0,0.6356589147286822,0.4880952380952381,0.9111111111111111,45.0,0.5263157894736842,0.5,0.5555555555555556,18.0,,,,
p_159,0.32419441865631965,0.31016995614035087,0.3455513784461153,0.41923798515838323,0.39606176900584794,0.4537037037037037,108.0,0.44776119402985076,0.46875,0.42857142857142855,35.0,0.0,0.0,0.0,12.0,0.5858585858585859,0.5087719298245614,0.6904761904761905,42.0,0.2631578947368421,0.2631578947368421,0.2631578947368421,19.0,,,,
p_160,0.5214194556257016,0.5573809523809524,0.514823991797676,0.5311773036236276,0.5496296296296296,0.5370370370370371,108.0,0.41379310344827586,0.6,0.3157894736842105,19.0,0.49056603773584906,0.52,0.4642857142857143,28.0,0.6428571428571429,0.6428571428571429,0.6428571428571429,28.0,0.5384615384615384,0.4666666666666667,0.6363636363636364,33.0,,,,
p_161,0.43340909090909097,0.45846560846560847,0.4201388888888889,0.49688552188552193,0.5036596119929453,0.5,108.0,0.5858585858585859,0.5370370370370371,0.6444444444444445,45.0,0.1111111111111111,0.1111111111111111,0.1111111111111111,9.0,0.4533333333333333,0.4857142857142857,0.425,40.0,0.5833333333333334,0.7,0.5,14.0,,,,
p_162,0.27245670995670995,0.4262939958592133,0.3060995903737839,0.32792207792207795,0.478444904531861,0.37962962962962965,108.0,0.25,1.0,0.14285714285714285,28.0,0.36363636363636365,0.34285714285714286,0.3870967741935484,31.0,0.47619047619047616,0.36231884057971014,0.6944444444444444,36.0,0.0,0.0,0.0,13.0,,,,
p_163,0.36933760683760686,0.3449283559577677,0.4281746815443863,0.40684156378600816,0.3838123568515725,0.46296296296296297,108.0,0.5384615384615384,0.40384615384615385,0.8076923076923077,26.0,0.55,0.5641025641025641,0.5365853658536586,41.0,0.3888888888888889,0.4117647058823529,0.3684210526315789,19.0,0.0,0.0,0.0,22.0,,,,
p_164,0.32796451914098973,0.4688995215311005,0.35357142857142854,0.41026040045647894,0.5159489633173844,0.46296296296296297,108.0,0.47058823529411764,0.42105263157894735,0.5333333333333333,30.0,0.2857142857142857,1.0,0.16666666666666666,24.0,0.5555555555555556,0.45454545454545453,0.7142857142857143,42.0,0.0,0.0,0.0,12.0,,,,
p_165,0.3427544677544677,0.3732255244755245,0.3492387505670238,0.3633018216351549,0.3985266122766123,0.37037037037037035,108.0,0.15384615384615385,0.13636363636363635,0.17647058823529413,17.0,0.2727272727272727,0.46153846153846156,0.1935483870967742,31.0,0.5,0.52,0.48148148148148145,27.0,0.4444444444444444,0.375,0.5454545454545454,33.0,,,,
p_166,0.3911607576493443,0.41349742599742595,0.39651622718052737,0.41285773388735997,0.42345619428952763,0.42592592592592593,108.0,0.20689655172413793,0.3333333333333333,0.15,20.0,0.4225352112676056,0.35714285714285715,0.5172413793103449,29.0,0.5352112676056338,0.5135135135135135,0.5588235294117647,34.0,0.4,0.45,0.36,25.0,,,,
p_167,0.30342128801431123,0.36585365853658536,0.31361145574855254,0.4241916782614457,0.46985094850948517,0.4722222222222222,108.0,0.35,0.5,0.2692307692307692,26.0,0.27906976744186046,0.5,0.1935483870967742,31.0,0.5846153846153846,0.4634146341463415,0.7916666666666666,48.0,0.0,0.0,0.0,3.0,,,,
p_168,0.31875874669569276,0.34049641845743794,0.3476449275362319,0.38894108110598546,0.38978041843275896,0.4444444444444444,108.0,0.25,0.4444444444444444,0.17391304347826086,23.0,0.4745762711864407,0.4827586206896552,0.4666666666666667,30.0,0.5504587155963303,0.43478260869565216,0.75,40.0,0.0,0.0,0.0,15.0,,,,
p_169,0.5026238617070535,0.647339593114241,0.47590051457975985,0.57712024032058,0.6297571436851562,0.6018518518518519,108.0,0.7258064516129032,0.6338028169014085,0.8490566037735849,53.0,0.42105263157894735,1.0,0.26666666666666666,15.0,0.5,0.5555555555555556,0.45454545454545453,22.0,0.36363636363636365,0.4,0.3333333333333333,18.0,,,,
p_170,0.40729166666666666,0.43253012048192774,0.4318427370948379,0.46508487654320985,0.44607318161535037,0.5462962962962963,108.0,0.0,0.0,0.0,22.0,0.4,0.6,0.3,20.0,0.6666666666666666,0.5301204819277109,0.8979591836734694,49.0,0.5625,0.6,0.5294117647058824,17.0,,,,
p_171,0.3861795292829776,0.5585416666666667,0.350997425997426,0.3938474325447506,0.46699074074074076,0.39814814814814814,108.0,0.37777777777777777,0.3541666666666667,0.40476190476190477,42.0,0.4444444444444444,1.0,0.2857142857142857,14.0,0.2857142857142857,0.5,0.2,15.0,0.4367816091954023,0.38,0.5135135135135135,37.0,,,,
p_172,0.39146968597650234,0.40443075117370886,0.40171356421356424,0.5237600222898272,0.5084083202921231,0.5648148148148148,108.0,0.7619047619047619,0.676056338028169,0.8727272727272727,55.0,0.1111111111111111,0.16666666666666666,0.08333333333333333,12.0,0.27906976744186046,0.375,0.2222222222222222,27.0,0.41379310344827586,0.4,0.42857142857142855,14.0,,,,
p_173,0.3610502910170308,0.5001523165072205,0.35912698412698413,0.3688030245672317,0.49832955962885184,0.3611111111111111,108.0,0.46511627906976744,0.7692307692307693,0.3333333333333333,30.0,0.3283582089552239,0.2391304347826087,0.5238095238095238,21.0,0.2962962962962963,0.6666666666666666,0.19047619047619047,21.0,0.35443037974683544,0.32558139534883723,0.3888888888888889,36.0,,,,
p_174,0.25603103406473515,0.22711670480549198,0.299025974025974,0.37613986880564654,0.33064242732434945,0.4444444444444444,108.0,0.5309734513274337,0.43478260869565216,0.6818181818181818,44.0,0.0,0.0,0.0,13.0,0.4931506849315068,0.47368421052631576,0.5142857142857142,35.0,0.0,0.0,0.0,16.0,,,,
p_175,0.3547077922077922,0.4337617897400506,0.3953655898699002,0.3592171717171717,0.4307099830449267,0.4074074074074074,108.0,0.07142857142857142,0.5,0.038461538461538464,26.0,0.39285714285714285,0.4074074074074074,0.3793103448275862,29.0,0.5,0.39285714285714285,0.6875,32.0,0.45454545454545453,0.43478260869565216,0.47619047619047616,21.0,,,,
p_176,0.3126468769325912,0.5241228070175439,0.30620120011567376,0.32677798392084106,0.5003248862897985,0.3425925925925926,108.0,0.30303030303030304,0.2631578947368421,0.35714285714285715,28.0,0.26666666666666666,1.0,0.15384615384615385,26.0,0.40816326530612246,0.3333333333333333,0.5263157894736842,38.0,0.2727272727272727,0.5,0.1875,16.0,,,,
p_177,0.2268770502318251,0.251984126984127,0.2694033935413246,0.31998990028568347,0.31297766019988243,0.4074074074074074,108.0,0.1702127659574468,0.2222222222222222,0.13793103448275862,29.0,0.0,0.0,0.0,13.0,0.5891472868217055,0.4523809523809524,0.8444444444444444,45.0,0.14814814814814814,0.3333333333333333,0.09523809523809523,21.0,,,,
p_178,0.2588888888888889,0.22916666666666669,0.32371794871794873,0.3585185185185185,0.3194444444444444,0.4444444444444444,108.0,0.48,0.5,0.46153846153846156,39.0,0.0,0.0,0.0,19.0,0.5555555555555556,0.4166666666666667,0.8333333333333334,36.0,0.0,0.0,0.0,14.0,,,,
p_179,0.32485264227642274,0.2912781954887218,0.37932692307692306,0.31173121800662457,0.2893984962406015,0.35185185185185186,108.0,0.3902439024390244,0.32,0.5,32.0,0.5625,0.47368421052631576,0.6923076923076923,13.0,0.0,0.0,0.0,23.0,0.3466666666666667,0.37142857142857144,0.325,40.0,,,,
p_180,0.3214962121212121,0.28223085629707023,0.37799261083743846,0.32433712121212116,0.285699198828797,0.37962962962962965,108.0,0.5151515151515151,0.4473684210526316,0.6071428571428571,28.0,0.4375,0.358974358974359,0.56,25.0,0.3333333333333333,0.3225806451612903,0.3448275862068966,29.0,0.0,0.0,0.0,26.0,,,,
p_181,0.36518838304552587,0.37637362637362637,0.3816053511705686,0.49111866969009826,0.4922669922669923,0.5185185185185185,108.0,0.6530612244897959,0.6153846153846154,0.6956521739130435,46.0,0.0,0.0,0.0,6.0,0.5,0.42857142857142855,0.6,30.0,0.3076923076923077,0.46153846153846156,0.23076923076923078,26.0,,,,
p_182,0.24943556361239289,0.23135198135198135,0.29361111111111116,0.298534510119876,0.27333160666494,0.35185185185185186,108.0,0.475,0.4318181818181818,0.5277777777777778,36.0,0.4146341463414634,0.3269230769230769,0.5666666666666667,30.0,0.0,0.0,0.0,17.0,0.10810810810810811,0.16666666666666666,0.08,25.0,,,,
p_183,0.30701307522499577,0.3118279569892473,0.3369252873563218,0.49806607422501464,0.45997610513739545,0.5925925925925926,108.0,0.5128205128205128,0.6666666666666666,0.4166666666666667,24.0,0.0,0.0,0.0,5.0,0.7152317880794702,0.5806451612903226,0.9310344827586207,58.0,0.0,0.0,0.0,21.0,,,,
p_184,0.36477620167882185,0.3794246646026832,0.38713559968939604,0.43030288601476446,0.44772149600580974,0.4537037037037037,108.0,0.4931506849315068,0.6,0.4186046511627907,43.0,0.6341463414634146,0.5098039215686274,0.8387096774193549,31.0,0.17391304347826086,0.25,0.13333333333333333,15.0,0.15789473684210525,0.15789473684210525,0.15789473684210525,19.0,,,,
p_185,0.24696858811543043,0.2451576884513718,0.2675178598571211,0.3283754502274456,0.3138387567222678,0.3611111111111111,108.0,0.14814814814814814,0.2222222222222222,0.1111111111111111,18.0,0.0,0.0,0.0,13.0,0.367816091954023,0.3018867924528302,0.47058823529411764,34.0,0.47191011235955055,0.45652173913043476,0.4883720930232558,43.0,,,,
p_186,0.258656330749354,0.27279953145917,0.28044871794871795,0.3869142182665008,0.3686272869254797,0.4537037037037037,108.0,0.6074074074074074,0.4939759036144578,0.7884615384615384,52.0,0.27906976744186046,0.375,0.2222222222222222,27.0,0.0,0.0,0.0,11.0,0.14814814814814814,0.2222222222222222,0.1111111111111111,18.0,,,,
p_187,0.3415789473684211,0.36363636363636365,0.37602124183006536,0.39446393762183235,0.42924031986531985,0.42592592592592593,108.0,0.5263157894736842,0.45454545454545453,0.625,32.0,0.0,0.0,0.0,15.0,0.44,0.6875,0.3235294117647059,34.0,0.4,0.3125,0.5555555555555556,27.0,,,,
p_188,0.3366300366300366,0.37606837606837606,0.3307658790011731,0.344932844932845,0.3641342196897753,0.35185185185185186,108.0,0.42857142857142855,0.4,0.46153846153846156,39.0,0.38461538461538464,0.5555555555555556,0.29411764705882354,17.0,0.2,0.26666666666666666,0.16,25.0,0.3333333333333333,0.28205128205128205,0.4074074074074074,27.0,,,,
p_189,0.2620160069219122,0.2483903420523139,0.2941492628992629,0.35932735677490163,0.33123928757731574,0.4166666666666667,108.0,0.5565217391304348,0.4507042253521127,0.7272727272727273,44.0,0.13333333333333333,0.14285714285714285,0.125,8.0,0.0,0.0,0.0,19.0,0.3582089552238806,0.4,0.32432432432432434,37.0,,,,
p_190,0.39386369932588416,0.44933217189314745,0.3801406926406926,0.47660978921483127,0.4967952854131716,0.48148148148148145,108.0,0.5510204081632653,0.5,0.6136363636363636,44.0,0.15384615384615385,0.14285714285714285,0.16666666666666666,6.0,0.4,0.6666666666666666,0.2857142857142857,14.0,0.47058823529411764,0.4878048780487805,0.45454545454545453,44.0,,,,
p_191,0.3736229080817425,0.3651913984360793,0.38885836385836386,0.5516933130254129,0.5273172563361689,0.5833333333333334,108.0,0.6170212765957447,0.5576923076923077,0.6904761904761905,42.0,0.0,0.0,0.0,8.0,0.18181818181818182,0.2222222222222222,0.15384615384615385,13.0,0.6956521739130435,0.6808510638297872,0.7111111111111111,45.0,,,,
p_192,0.270997442455243,0.35705128205128206,0.297752079002079,0.38107606327555177,0.42571225071225066,0.46296296296296297,108.0,0.6086956521739131,0.4666666666666667,0.875,48.0,0.0,0.0,0.0,10.0,0.23529411764705882,0.5,0.15384615384615385,13.0,0.24,0.46153846153846156,0.16216216216216217,37.0,,,,
p_193,0.39096780412569887,0.46703590785907856,0.39921270589875235,0.4608365643453362,0.5315551289772157,0.4722222222222222,108.0,0.5714285714285714,0.5853658536585366,0.5581395348837209,43.0,0.48717948717948717,0.38,0.6785714285714286,28.0,0.4,0.7777777777777778,0.2692307692307692,26.0,0.10526315789473684,0.125,0.09090909090909091,11.0,,,,
p_194,0.2820735090152566,0.26587301587301587,0.31988636363636364,0.3901089022448246,0.3784538506760729,0.42592592592592593,108.0,0.5,0.5555555555555556,0.45454545454545453,44.0,0.14285714285714285,0.1111111111111111,0.2,5.0,0.4854368932038835,0.3968253968253968,0.625,40.0,0.0,0.0,0.0,19.0,,,,
p_195,0.3990712074303405,0.4000989935654183,0.4524350649350649,0.4286435041852999,0.4449592720917585,0.4722222222222222,108.0,0.631578947368421,0.8181818181818182,0.5142857142857142,35.0,0.47058823529411764,0.41379310344827586,0.5454545454545454,22.0,0.49411764705882355,0.3684210526315789,0.75,28.0,0.0,0.0,0.0,23.0,,,,
p_196,0.36779970760233915,0.49325980392156865,0.4047931235431236,0.41226445743989604,0.5206517792302107,0.46296296296296297,108.0,0.2,0.75,0.11538461538461539,26.0,0.3684210526315789,0.2916666666666667,0.5,14.0,0.2777777777777778,0.4166666666666667,0.20833333333333334,24.0,0.625,0.5147058823529411,0.7954545454545454,44.0,,,,
p_197,0.4016025641025641,0.404615822719271,0.421289260385005,0.48360636277302943,0.45889136262699487,0.5277777777777778,108.0,0.6666666666666666,0.603448275862069,0.7446808510638298,47.0,0.0,0.0,0.0,18.0,0.5230769230769231,0.4594594594594595,0.6071428571428571,28.0,0.4166666666666667,0.5555555555555556,0.3333333333333333,15.0,,,,
p_198,0.4848290598290598,0.684375,0.4596311858076564,0.5259180120291231,0.6290895061728394,0.5648148148148148,108.0,0.6615384615384615,0.5375,0.86,50.0,0.4444444444444444,1.0,0.2857142857142857,14.0,0.5,0.5333333333333333,0.47058823529411764,17.0,0.3333333333333333,0.6666666666666666,0.2222222222222222,27.0,,,,
p_199,0.29435736677115987,0.3107142857142857,0.31402199528672425,0.5465343086032741,0.5043650793650793,0.6388888888888888,108.0,0.7636363636363637,0.6428571428571429,0.9402985074626866,67.0,0.0,0.0,0.0,5.0,0.0,0.0,0.0,17.0,0.41379310344827586,0.6,0.3157894736842105,19.0,,,,
p_200,0.24195725124015172,0.4068483063328424,0.2773008241758242,0.3814506803272487,0.5137184312442045,0.48148148148148145,108.0,0.6308724832214765,0.4845360824742268,0.9038461538461539,52.0,0.0,0.0,0.0,12.0,0.08695652173913043,0.14285714285714285,0.0625,16.0,0.25,1.0,0.14285714285714285,28.0,,,,
p_201,0.2761286332714904,0.3170454545454545,0.28795136330140014,0.4619780572161524,0.459469696969697,0.5277777777777778,108.0,0.6802721088435374,0.5681818181818182,0.847457627118644,59.0,0.0,0.0,0.0,17.0,0.0,0.0,0.0,9.0,0.42424242424242425,0.7,0.30434782608695654,23.0,,,,
p_202,0.40809859154929573,0.41495983935742975,0.4213193752077102,0.5343635889410537,0.4956529822995686,0.6018518518518519,108.0,0.7323943661971831,0.6265060240963856,0.8813559322033898,59.0,0.5,0.5333333333333333,0.47058823529411764,17.0,0.4,0.5,0.3333333333333333,15.0,0.0,0.0,0.0,17.0,,,,
p_203,0.3173771760154739,0.3623584277148567,0.33423913043478265,0.4136302027365857,0.4281701088163446,0.4722222222222222,108.0,0.608,0.4810126582278481,0.8260869565217391,46.0,0.2978723404255319,0.3684210526315789,0.25,28.0,0.0,0.0,0.0,11.0,0.36363636363636365,0.6,0.2608695652173913,23.0,,,,
p_204,0.30324967824967825,0.43025362318840576,0.3177521008403361,0.43848610515277175,0.46953837895866884,0.5277777777777778,108.0,0.6891891891891891,0.5543478260869565,0.9107142857142857,56.0,0.14285714285714285,0.16666666666666666,0.125,16.0,0.0,0.0,0.0,19.0,0.38095238095238093,1.0,0.23529411764705882,17.0,,,,
p_205,0.22493276988090663,0.22176759410801966,0.29255813953488374,0.3055946841962977,0.2762623507304358,0.42592592592592593,108.0,0.583941605839416,0.425531914893617,0.9302325581395349,43.0,0.0,0.0,0.0,12.0,0.0,0.0,0.0,28.0,0.3157894736842105,0.46153846153846156,0.24,25.0,,,,
p_206,0.3069359697720136,0.4538152610441767,0.31741652518392754,0.4098872833107815,0.4857950319797709,0.4722222222222222,108.0,0.6106870229007634,0.4819277108433735,0.8333333333333334,48.0,0.0,0.0,0.0,10.0,0.2692307692307692,0.3333333333333333,0.22580645161290322,31.0,0.34782608695652173,1.0,0.21052631578947367,19.0,,,,
p_207,0.3928590355060943,0.5089026915113871,0.40882034632034636,0.4682491314844256,0.5056475730388774,0.5277777777777778,108.0,0.6126126126126126,0.4927536231884058,0.8095238095238095,42.0,0.4,1.0,0.25,16.0,0.0,0.0,0.0,17.0,0.5588235294117647,0.5428571428571428,0.5757575757575758,33.0,,,,
p_208,0.3523036487322202,0.34468876672774723,0.39298489666136727,0.43245321697702654,0.4318494045158491,0.4722222222222222,108.0,0.6122448979591837,0.5172413793103449,0.75,40.0,0.36363636363636365,0.2962962962962963,0.47058823529411764,17.0,0.0,0.0,0.0,14.0,0.43333333333333335,0.5652173913043478,0.35135135135135137,37.0,,,,
p_209,0.3685973406561642,0.38675181726168567,0.36550653594771243,0.37819985761162234,0.39180391976444606,0.37962962962962965,108.0,0.40540540540540543,0.3409090909090909,0.5,30.0,0.5454545454545454,0.631578947368421,0.48,25.0,0.2,0.23076923076923078,0.17647058823529413,17.0,0.3235294117647059,0.34375,0.3055555555555556,36.0,,,,
p_210,0.3840332996529455,0.3504471964224286,0.44807692307692304,0.5064204256094604,0.48790913376396694,0.5370370370370371,108.0,0.6990291262135923,0.7058823529411765,0.6923076923076923,52.0,0.0,0.0,0.0,18.0,0.3076923076923077,0.2222222222222222,0.5,8.0,0.5294117647058824,0.47368421052631576,0.6,30.0,,,,
p_211,0.2856044723969252,0.2722567287784679,0.32401960784313727,0.44408727385666585,0.4043593282723717,0.5277777777777778,108.0,0.6518518518518519,0.5238095238095238,0.8627450980392157,51.0,0.0,0.0,0.0,16.0,0.0,0.0,0.0,11.0,0.49056603773584906,0.5652173913043478,0.43333333333333335,30.0,,,,
p_212,0.2571428571428571,0.2424698795180723,0.3011968085106383,0.38809523809523805,0.35263275323516285,0.4722222222222222,108.0,0.6,0.46987951807228917,0.8297872340425532,47.0,0.0,0.0,0.0,15.0,0.42857142857142855,0.5,0.375,32.0,0.0,0.0,0.0,14.0,,,,
p_213,0.46373812867843767,0.6244252873563217,0.4623595095606481,0.48017761775954665,0.5798957002979991,0.5,108.0,0.53125,0.5666666666666667,0.5,34.0,0.38095238095238093,0.5,0.3076923076923077,26.0,0.38095238095238093,1.0,0.23529411764705882,17.0,0.5617977528089888,0.43103448275862066,0.8064516129032258,31.0,,,,
p_214,0.32201780913978495,0.31302059669847043,0.338049424636861,0.5118344907407407,0.47802556077203967,0.5555555555555556,108.0,0.703125,0.6338028169014085,0.7894736842105263,57.0,0.45161290322580644,0.45161290322580644,0.45161290322580644,31.0,0.0,0.0,0.0,11.0,0.13333333333333333,0.16666666666666666,0.1111111111111111,9.0,,,,
p_215,0.30771051571313457,0.2907608695652174,0.33097572362278244,0.37705665980242925,0.35456924315619964,0.4074074074074074,108.0,0.5205479452054794,0.5,0.5428571428571428,35.0,0.23529411764705882,0.25,0.2222222222222222,27.0,0.475,0.41304347826086957,0.5588235294117647,34.0,0.0,0.0,0.0,12.0,,,,
p_216,0.25702060485211037,0.2675925925925926,0.30659880659880656,0.2785024555961744,0.26762688614540464,0.3611111111111111,108.0,0.0,0.0,0.0,28.0,0.35294117647058826,0.5,0.2727272727272727,22.0,0.5084745762711864,0.37037037037037035,0.8108108108108109,37.0,0.16666666666666666,0.2,0.14285714285714285,21.0,,,,
p_217,0.3524882024882025,0.519281045751634,0.3516316001072099,0.36369146924702483,0.4679617526022755,0.4166666666666667,108.0,0.5238095238095238,0.38823529411764707,0.8048780487804879,41.0,0.4444444444444444,0.8,0.3076923076923077,13.0,0.2702702702702703,0.5555555555555556,0.17857142857142858,28.0,0.17142857142857143,0.3333333333333333,0.11538461538461539,26.0,,,,
p_218,0.38068331478192896,0.40800940873776614,0.39005068207654414,0.3830097143901938,0.4079948112273307,0.39814814814814814,108.0,0.4186046511627907,0.4090909090909091,0.42857142857142855,21.0,0.2857142857142857,0.375,0.23076923076923078,26.0,0.34782608695652173,0.47058823529411764,0.27586206896551724,29.0,0.47058823529411764,0.37735849056603776,0.625,32.0,,,,
p_219,0.36156002353185457,0.5071161048689139,0.37095006670478364,0.48327520862732126,0.537425440421695,0.5648148148148148,108.0,0.704225352112676,0.5617977528089888,0.9433962264150944,53.0,0.36363636363636365,1.0,0.2222222222222222,18.0,0.3783783783783784,0.4666666666666667,0.3181818181818182,22.0,0.0,0.0,0.0,15.0,,,,
p_220,0.3633804464047046,0.33032407407407405,0.41703869047619047,0.3813968338828002,0.34272976680384093,0.4444444444444444,108.0,0.4583333333333333,0.4583333333333333,0.4583333333333333,24.0,0.5813953488372093,0.46296296296296297,0.78125,32.0,0.0,0.0,0.0,24.0,0.41379310344827586,0.4,0.42857142857142855,28.0,,,,
p_221,0.44046918767507004,0.44136087316938377,0.453863108274873,0.4617216516236124,0.4676441210483764,0.4722222222222222,108.0,0.32142857142857145,0.4090909090909091,0.2647058823529412,34.0,0.5714285714285714,0.5106382978723404,0.6486486486486487,37.0,0.5490196078431373,0.56,0.5384615384615384,26.0,0.32,0.2857142857142857,0.36363636363636365,11.0,,,,
p_222,0.4107142857142857,0.4721684017736649,0.4057806324110672,0.4212962962962963,0.46153596241315537,0.4351851851851852,108.0,0.39285714285714285,0.39285714285714285,0.39285714285714285,28.0,0.25,0.4,0.18181818181818182,22.0,0.5,0.40350877192982454,0.6571428571428571,35.0,0.5,0.6923076923076923,0.391304347826087,23.0,,,,
p_223,0.3281667047967666,0.3551282051282051,0.34863483436853004,0.4231212452443292,0.42972459639126304,0.48148148148148145,108.0,0.6129032258064516,0.48717948717948717,0.8260869565217391,46.0,0.2553191489361702,0.4,0.1875,32.0,0.0,0.0,0.0,9.0,0.4444444444444444,0.5333333333333333,0.38095238095238093,21.0,,,,
p_224,0.3931722251946971,0.5559941718622933,0.4121376811594203,0.3977493961472322,0.5383227663825387,0.42592592592592593,108.0,0.4943820224719101,0.39285714285714285,0.6666666666666666,33.0,0.2857142857142857,1.0,0.16666666666666666,24.0,0.3111111111111111,0.4117647058823529,0.25,28.0,0.48148148148148145,0.41935483870967744,0.5652173913043478,23.0,,,,
p_225,0.25394889663182346,0.22570214338507022,0.30175109443402126,0.3753968253968254,0.3345959595959596,0.4444444444444444,108.0,0.5523809523809524,0.4393939393939394,0.7435897435897436,39.0,0.0,0.0,0.0,16.0,0.0,0.0,0.0,12.0,0.4634146341463415,0.4634146341463415,0.4634146341463415,41.0,,,,
p_226,0.29430496828752645,0.2918834822906322,0.30952380952380953,0.43406570550465906,0.42482744247060705,0.46296296296296297,108.0,0.53125,0.5666666666666667,0.5,34.0,0.5681818181818182,0.4716981132075472,0.7142857142857143,35.0,0.37209302325581395,0.42105263157894735,0.3333333333333333,24.0,0.0,0.0,0.0,15.0,0.0,0.0,0.0,0.0
p_227,0.26136913401064343,0.2563852813852814,0.28513416348007975,0.3835029594987666,0.3603294853294854,0.4351851851851852,108.0,0.3018867924528302,0.36363636363636365,0.25806451612903225,31.0,0.0,0.0,0.0,9.0,0.1111111111111111,0.13333333333333333,0.09523809523809523,21.0,0.6324786324786325,0.5285714285714286,0.7872340425531915,47.0,,,,
p_228,0.4444015858256614,0.49797458638922054,0.4648684884253645,0.47268406404913094,0.5234505783286271,0.49074074074074076,108.0,0.3181818181818182,0.5384615384615384,0.22580645161290322,31.0,0.6829268292682927,0.6363636363636364,0.7368421052631579,38.0,0.35714285714285715,0.5,0.2777777777777778,18.0,0.41935483870967744,0.3170731707317073,0.6190476190476191,21.0,,,,
p_229,0.3252608311229001,0.3192439577456999,0.3438088339887876,0.4208229361102924,0.39964757357324143,0.4537037037037037,108.0,0.5287356321839081,0.46938775510204084,0.6052631578947368,38.0,0.07692307692307693,0.1111111111111111,0.058823529411764705,17.0,0.6153846153846154,0.5853658536585366,0.6486486486486487,37.0,0.08,0.1111111111111111,0.0625,16.0,,,,
p_230,0.392839308898432,0.4111208236208236,0.4181404577019122,0.4743000765671294,0.4729664882442661,0.5185185185185185,108.0,0.5806451612903226,0.5192307692307693,0.6585365853658537,41.0,0.0,0.0,0.0,13.0,0.5789473684210527,0.4888888888888889,0.7096774193548387,31.0,0.4117647058823529,0.6363636363636364,0.30434782608695654,23.0,,,,
p_231,0.35958274063537216,0.45193503635667814,0.3728499278499279,0.406850885973693,0.46505985032104435,0.4444444444444444,108.0,0.5765765765765766,0.47761194029850745,0.7272727272727273,44.0,0.3684210526315789,0.5384615384615384,0.28,25.0,0.16,0.5,0.09523809523809523,21.0,0.3333333333333333,0.2916666666666667,0.3888888888888889,18.0,,,,
p_232,0.2806763285024155,0.3,0.30210446247464506,0.5033995348005009,0.4796296296296297,0.5740740740740741,108.0,0.7536231884057971,0.65,0.896551724137931,58.0,0.3888888888888889,0.35,0.4375,16.0,0.0,0.0,0.0,17.0,0.2608695652173913,0.5,0.17647058823529413,17.0,0.0,0.0,0.0,0.0
p_233,0.26557271557271556,0.22754092120289304,0.3287878787878788,0.36195957862624534,0.30731788126154325,0.4537037037037037,108.0,0.5765765765765766,0.4507042253521127,0.8,40.0,0.0,0.0,0.0,10.0,0.4857142857142857,0.4594594594594595,0.5151515151515151,33.0,0.0,0.0,0.0,25.0,,,,
p_234,0.2994314381270903,0.3230553794123864,0.32956518228430703,0.42596680292332467,0.42249211270031395,0.5,108.0,0.6307692307692307,0.4939759036144578,0.8723404255319149,47.0,0.0,0.0,0.0,13.0,0.48,0.631578947368421,0.3870967741935484,31.0,0.08695652173913043,0.16666666666666666,0.058823529411764705,17.0,,,,
p_235,0.22485714285714287,0.21649934526407683,0.25861611876988333,0.36589417989417994,0.3480972242430121,0.42592592592592593,108.0,0.37142857142857144,0.4482758620689655,0.3170731707317073,41.0,0.0,0.0,0.0,1.0,0.0,0.0,0.0,20.0,0.528,0.4177215189873418,0.717391304347826,46.0,,,,
p_236,0.36127298627298626,0.41095157657657655,0.41146251002405776,0.38345707790152234,0.41840590590590593,0.4537037037037037,108.0,0.5982905982905983,0.47297297297297297,0.813953488372093,43.0,0.5,0.4375,0.5833333333333334,12.0,0.07407407407407407,0.3333333333333333,0.041666666666666664,24.0,0.2727272727272727,0.4,0.20689655172413793,29.0,,,,
p_237,0.3306530168486014,0.3185483870967742,0.3441609531302686,0.417296216926063,0.401284348864994,0.4351851851851852,108.0,0.4067796610169492,0.3870967741935484,0.42857142857142855,28.0,0.0,0.0,0.0,8.0,0.5287356321839081,0.5,0.5609756097560976,41.0,0.3870967741935484,0.3870967741935484,0.3870967741935484,31.0,,,,
p_238,0.3601867615952123,0.4318181818181818,0.3519392372333549,0.5944260052241274,0.6136363636363638,0.6203703703703703,108.0,0.7887323943661971,0.7272727272727273,0.8615384615384616,65.0,0.0,0.0,0.0,5.0,0.19047619047619047,0.5,0.11764705882352941,17.0,0.46153846153846156,0.5,0.42857142857142855,21.0,,,,
p_239,0.28784222553578204,0.32827119883040934,0.35375,0.3804065515678464,0.4441594920944336,0.4537037037037037,108.0,0.058823529411764705,0.1111111111111111,0.04,25.0,0.0,0.0,0.0,10.0,0.584070796460177,0.4125,1.0,33.0,0.5084745762711864,0.7894736842105263,0.375,40.0,,,,
p_240,0.3738308292826631,0.3998855835240275,0.38745421245421247,0.4725734166925801,0.5217921010255107,0.4722222222222222,108.0,0.4657534246575342,0.4473684210526316,0.4857142857142857,35.0,0.0,0.0,0.0,8.0,0.4166666666666667,0.32608695652173914,0.5769230769230769,26.0,0.6129032258064516,0.8260869565217391,0.48717948717948717,39.0,,,,
p_241,0.2962743129073774,0.33032773386034253,0.3361060697721314,0.35697820996880136,0.38270537500609964,0.4166666666666667,108.0,0.6126126126126126,0.5151515151515151,0.7555555555555555,45.0,0.0625,0.3333333333333333,0.034482758620689655,29.0,0.12903225806451613,0.125,0.13333333333333333,15.0,0.38095238095238093,0.34782608695652173,0.42105263157894735,19.0,,,,
p_242,0.3989463601532567,0.4307055030739241,0.3987516869095816,0.42082446431105436,0.43643752464415236,0.4351851851851852,108.0,0.4888888888888889,0.5789473684210527,0.4230769230769231,26.0,0.20689655172413793,0.3333333333333333,0.15,20.0,0.4,0.38461538461538464,0.4166666666666667,24.0,0.5,0.42592592592592593,0.6052631578947368,38.0,,,,
p_243,0.3144230769230769,0.30078125,0.34791666666666665,0.3954415954415954,0.36226851851851855,0.4537037037037037,108.0,0.5576923076923077,0.453125,0.725,40.0,0.2,0.25,0.16666666666666666,12.0,0.0,0.0,0.0,20.0,0.5,0.5,0.5,36.0,,,,
p_244,0.28968314709934184,0.27956830277942046,0.3382142857142857,0.4410996025874336,0.39978535602426785,0.5462962962962963,108.0,0.46808510638297873,0.5789473684210527,0.39285714285714285,28.0,0.0,0.0,0.0,5.0,0.0,0.0,0.0,25.0,0.6906474820143885,0.5393258426966292,0.96,50.0,,,,
p_245,0.36844827586206896,0.3703846153846154,0.37065476190476193,0.4466794380587484,0.44527065527065524,0.4537037037037037,108.0,0.41379310344827586,0.46153846153846156,0.375,32.0,0.0,0.0,0.0,9.0,0.5,0.46,0.5476190476190477,42.0,0.56,0.56,0.56,25.0,,,,
p_246,0.2937381380004331,0.3002450980392157,0.3218773620559335,0.4040578594312656,0.37713326071169206,0.46296296296296297,108.0,0.6324786324786325,0.5441176470588235,0.7551020408163265,49.0,0.0,0.0,0.0,16.0,0.18181818181818182,0.3333333333333333,0.125,16.0,0.36065573770491804,0.3235294117647059,0.4074074074074074,27.0,,,,
p_247,0.41652556349642655,0.4651990553306342,0.4154984800146091,0.463745647791827,0.4901715649522667,0.49074074074074076,108.0,0.6355140186915887,0.5230769230769231,0.8095238095238095,42.0,0.24,0.25,0.23076923076923078,13.0,0.32,0.42105263157894735,0.25806451612903225,31.0,0.47058823529411764,0.6666666666666666,0.36363636363636365,22.0,,,,
p_248,0.2490079365079365,0.23103354978354979,0.2872379721119217,0.3575470311581423,0.3136503928170595,0.4351851851851852,108.0,0.09523809523809523,0.125,0.07692307692307693,26.0,0.0,0.0,0.0,16.0,0.25,0.26666666666666666,0.23529411764705882,17.0,0.6507936507936508,0.5324675324675324,0.8367346938775511,49.0,,,,
p_249,0.3865243408502965,0.4216899085320138,0.40709728867623607,0.4472932351201969,0.4558730833097305,0.48148148148148145,108.0,0.6326530612244898,0.5740740740740741,0.7045454545454546,44.0,0.4,0.38461538461538464,0.4166666666666667,12.0,0.09090909090909091,0.3333333333333333,0.05263157894736842,19.0,0.4225352112676056,0.39473684210526316,0.45454545454545453,33.0,,,,
p_250,0.37815756933403993,0.41666666666666663,0.36558014354066987,0.406949433093224,0.43765432098765433,0.39814814814814814,108.0,0.4864864864864865,0.5,0.47368421052631576,38.0,0.47058823529411764,0.6666666666666666,0.36363636363636365,22.0,0.16666666666666666,0.15,0.1875,16.0,0.3888888888888889,0.35,0.4375,32.0,,,,
p_251,0.2485576923076923,0.22214366515837103,0.28868006993006995,0.25092592592592594,0.22712418300653597,0.28703703703703703,108.0,0.25,0.20588235294117646,0.3181818181818182,22.0,0.0,0.0,0.0,28.0,0.36923076923076925,0.3076923076923077,0.46153846153846156,26.0,0.375,0.375,0.375,32.0,,,,
p_252,0.4482166687917038,0.46767438682790186,0.4527646307565172,0.4638551795026783,0.4808259889321582,0.4722222222222222,108.0,0.5483870967741935,0.4857142857142857,0.6296296296296297,27.0,0.30303030303030304,0.3333333333333333,0.2777777777777778,18.0,0.5066666666666667,0.4634146341463415,0.5588235294117647,34.0,0.43478260869565216,0.5882352941176471,0.3448275862068966,29.0,,,,
p_253,0.4013251957246062,0.4195774886181863,0.4135214785214785,0.40897901866746544,0.4321766664843754,0.4166666666666667,108.0,0.4230769230769231,0.4074074074074074,0.44,25.0,0.4406779661016949,0.5416666666666666,0.37142857142857144,35.0,0.2777777777777778,0.35714285714285715,0.22727272727272727,22.0,0.463768115942029,0.37209302325581395,0.6153846153846154,26.0,,,,
p_254,0.3357016210739615,0.3644467511655012,0.34386630532971996,0.3732246050508462,0.3794141333203833,0.4074074074074074,108.0,0.2,0.3076923076923077,0.14814814814814814,27.0,0.25,0.3333333333333333,0.2,15.0,0.5523809523809524,0.453125,0.7073170731707317,41.0,0.3404255319148936,0.36363636363636365,0.32,25.0,,,,
p_255,0.4196211132854968,0.46235418875927886,0.41540365250042666,0.44392390052587916,0.4591924904756294,0.4537037037037037,108.0,0.5205479452054794,0.5,0.5428571428571428,35.0,0.2857142857142857,0.5,0.2,15.0,0.4722222222222222,0.4146341463414634,0.5483870967741935,31.0,0.4,0.43478260869565216,0.37037037037037035,27.0,,,,
p_256,0.4200720750475897,0.4421945193171608,0.42327688651218065,0.441275470502292,0.4458757612059499,0.46296296296296297,108.0,0.3783783783783784,0.4666666666666667,0.3181818181818182,22.0,0.32786885245901637,0.35714285714285715,0.30303030303030304,33.0,0.3448275862068966,0.4166666666666667,0.29411764705882354,17.0,0.6292134831460674,0.5283018867924528,0.7777777777777778,36.0,,,,
p_257,0.37364843991350016,0.3755858772741289,0.3911411411411411,0.45819174132427143,0.4465541165587419,0.49074074074074076,108.0,0.4819277108433735,0.425531914893617,0.5555555555555556,36.0,0.41025641025641024,0.5333333333333333,0.3333333333333333,24.0,0.0,0.0,0.0,11.0,0.6024096385542169,0.5434782608695652,0.6756756756756757,37.0,,,,
p_258,0.33346433400946585,0.37239583333333337,0.36979166666666663,0.34205419076953897,0.38024691358024687,0.3888888888888889,108.0,0.20689655172413793,0.3333333333333333,0.15,20.0,0.23529411764705882,0.4,0.16666666666666666,36.0,0.35,0.35,0.35,20.0,0.5416666666666666,0.40625,0.8125,32.0,,,,
p_259,0.38270689655172413,0.36924242424242426,0.4244444444444444,0.4732120051085568,0.4278900112233445,0.5555555555555556,108.0,0.45,0.4090909090909091,0.5,18.0,0.736,0.6133333333333333,0.92,50.0,0.0,0.0,0.0,22.0,0.3448275862068966,0.45454545454545453,0.2777777777777778,18.0,,,,
p_260,0.29412832929782085,0.2987711213517665,0.3166208791208791,0.37354048964218456,0.36362860556408944,0.4166666666666667,108.0,0.3,0.42857142857142855,0.23076923076923078,26.0,0.0,0.0,0.0,12.0,0.5714285714285714,0.47619047619047616,0.7142857142857143,42.0,0.3050847457627119,0.2903225806451613,0.32142857142857145,28.0,,,,
p_261,0.41948421975452954,0.4396551724137931,0.4229022988505747,0.41474419334588825,0.4343550446998723,0.4166666666666667,108.0,0.4745762711864407,0.4,0.5833333333333334,24.0,0.4482758620689655,0.4482758620689655,0.4482758620689655,29.0,0.45,0.6,0.36,25.0,0.3050847457627119,0.3103448275862069,0.3,30.0,,,,
p_262,0.3457983193277311,0.3865303983228512,0.3582550125313283,0.4221910986616869,0.4433884618370991,0.4537037037037037,108.0,0.4,0.35555555555555557,0.45714285714285713,35.0,0.4117647058823529,0.7,0.2916666666666667,24.0,0.5714285714285714,0.49056603773584906,0.6842105263157895,38.0,0.0,0.0,0.0,11.0,,,,
p_263,0.412715925938696,0.40804358180519174,0.44814814814814813,0.4975031318599225,0.49250813685798206,0.5277777777777778,108.0,0.7010309278350515,0.6538461538461539,0.7555555555555555,45.0,0.38461538461538464,0.29411764705882354,0.5555555555555556,18.0,0.5652173913043478,0.6842105263157895,0.48148148148148145,27.0,0.0,0.0,0.0,18.0,,,,
p_264,0.4239820565907523,0.4430035425101214,0.4169353318250377,0.4824393579224498,0.4788128842405158,0.5,108.0,0.6260869565217392,0.5625,0.7058823529411765,51.0,0.21428571428571427,0.25,0.1875,16.0,0.35555555555555557,0.42105263157894735,0.3076923076923077,26.0,0.5,0.5384615384615384,0.4666666666666667,15.0,,,,
p_265,0.35148238576909663,0.37378205128205133,0.36500644745325594,0.44832513015282466,0.44268043684710356,0.5,108.0,0.6229508196721312,0.5066666666666667,0.8085106382978723,47.0,0.0,0.0,0.0,12.0,0.3829787234042553,0.45,0.3333333333333333,27.0,0.4,0.5384615384615384,0.3181818181818182,22.0,,,,
p_266,0.36977084706054614,0.5244845360824743,0.36518445322793147,0.5088564587722652,0.5405211912943871,0.6018518518518519,108.0,0.7388535031847133,0.5979381443298969,0.9666666666666667,60.0,0.0,0.0,0.0,14.0,0.20689655172413793,0.5,0.13043478260869565,23.0,0.5333333333333333,1.0,0.36363636363636365,11.0,,,,
p_267,0.31936257212835734,0.3520398108001576,0.35250000000000004,0.4251854234989691,0.43228733266179065,0.4722222222222222,108.0,0.6055045871559633,0.559322033898305,0.66,50.0,0.0,0.0,0.0,13.0,0.23076923076923078,0.5,0.15,20.0,0.4411764705882353,0.3488372093023256,0.6,25.0,,,,
p_268,0.3686220402604685,0.37821637426900584,0.3670634920634921,0.4195862457598418,0.4174139051332033,0.42592592592592593,108.0,0.4722222222222222,0.4473684210526316,0.5,34.0,0.4383561643835616,0.42105263157894735,0.45714285714285713,35.0,0.42105263157894735,0.4444444444444444,0.4,30.0,0.14285714285714285,0.2,0.1111111111111111,9.0,,,,
p_269,0.40899948888320986,0.45782190635451503,0.4165305010893246,0.4280563364284295,0.4522129319955407,0.4537037037037037,108.0,0.32,0.34782608695652173,0.2962962962962963,27.0,0.6511627906976745,0.5384615384615384,0.8235294117647058,34.0,0.3076923076923077,0.32,0.2962962962962963,27.0,0.35714285714285715,0.625,0.25,20.0,,,,
p_270,0.31744417862838914,0.33633746926000446,0.3542651751047553,0.3792582255301553,0.3769877495425226,0.4444444444444444,108.0,0.5636363636363636,0.43661971830985913,0.7948717948717948,39.0,0.45614035087719296,0.4642857142857143,0.4482758620689655,29.0,0.0,0.0,0.0,17.0,0.25,0.4444444444444444,0.17391304347826086,23.0,,,,
p_271,0.31131469979296067,0.32402103283173733,0.3754864926739927,0.34783030442450735,0.39032258575264733,0.3888888888888889,108.0,0.43478260869565216,0.3125,0.7142857142857143,21.0,0.0,0.0,0.0,16.0,0.4533333333333333,0.3953488372093023,0.53125,32.0,0.35714285714285715,0.5882352941176471,0.2564102564102564,39.0,,,,
p_272,0.30680399500624217,0.30839219901719905,0.32865223012281836,0.3657696398020992,0.35994232869232873,0.39814814814814814,108.0,0.4444444444444444,0.43243243243243246,0.45714285714285713,35.0,0.3333333333333333,0.4375,0.2692307692307692,26.0,0.0,0.0,0.0,13.0,0.449438202247191,0.36363636363636365,0.5882352941176471,34.0,,,,
p_273,0.33641887626262623,0.4268452380952381,0.34410187157638467,0.44453417274597834,0.47114858906525575,0.49074074074074076,108.0,0.640625,0.5466666666666666,0.7735849056603774,53.0,0.26666666666666666,0.2857142857142857,0.25,8.0,0.32727272727272727,0.375,0.2903225806451613,31.0,0.1111111111111111,0.5,0.0625,16.0,,,,
p_274,0.36122084873199944,0.4768018018018018,0.3879481085363438,0.43266436650320084,0.46929429429429426,0.5092592592592593,108.0,0.38596491228070173,0.36666666666666664,0.4074074074074074,27.0,0.6779661016949152,0.5405405405405406,0.9090909090909091,44.0,0.38095238095238093,1.0,0.23529411764705882,17.0,0.0,0.0,0.0,20.0,,,,
p_275,0.3910815451293028,0.4861111111111111,0.4017777280858676,0.43920456471417446,0.45113168724279834,0.49074074074074076,108.0,0.5742574257425742,0.5,0.6744186046511628,43.0,0.5194805194805194,0.4444444444444444,0.625,32.0,0.47058823529411764,1.0,0.3076923076923077,13.0,0.0,0.0,0.0,20.0,,,,
p_276,0.43818999287749294,0.4573317307692308,0.4476934523809524,0.46353012556716255,0.468482905982906,0.48148148148148145,108.0,0.53125,0.53125,0.53125,32.0,0.4074074074074074,0.4230769230769231,0.39285714285714285,28.0,0.5833333333333334,0.5,0.7,30.0,0.23076923076923078,0.375,0.16666666666666666,18.0,,,,
p_277,0.3046398913832844,0.4472789115646259,0.3136401016746411,0.5194476311428728,0.5617598891408415,0.6111111111111112,108.0,0.7530864197530864,0.6224489795918368,0.953125,64.0,0.0,0.0,0.0,14.0,0.34782608695652173,1.0,0.21052631578947367,19.0,0.11764705882352941,0.16666666666666666,0.09090909090909091,11.0,,,,
p_278,0.2520833333333334,0.259193657219973,0.2948232323232323,0.3112654320987655,0.28729944519418205,0.3888888888888889,108.0,0.55,0.4342105263157895,0.75,44.0,0.0,0.0,0.0,24.0,0.2916666666666667,0.2692307692307692,0.3181818181818182,22.0,0.16666666666666666,0.3333333333333333,0.1111111111111111,18.0,,,,
p_279,0.23629169022046353,0.19323308270676692,0.30434782608695654,0.3187823210434856,0.2619604566972988,0.4074074074074074,108.0,0.5517241379310345,0.45714285714285713,0.6956521739130435,46.0,0.0,0.0,0.0,23.0,0.39344262295081966,0.3157894736842105,0.5217391304347826,23.0,0.0,0.0,0.0,16.0,,,,
p_280,0.31719187675070026,0.3159963970982034,0.33690590111642743,0.3790681087249715,0.3805565022639855,0.39814814814814814,108.0,0.4642857142857143,0.5652173913043478,0.3939393939393939,33.0,0.0,0.0,0.0,12.0,0.38095238095238093,0.3157894736842105,0.48,25.0,0.4235294117647059,0.3829787234042553,0.47368421052631576,38.0,,,,
p_281,0.3836399108138238,0.45296835839599,0.40798350824587704,0.3881972831248194,0.460845400538383,0.4166666666666667,108.0,0.34615384615384615,0.5625,0.25,36.0,0.3333333333333333,0.3684210526315789,0.30434782608695654,23.0,0.5217391304347826,0.38095238095238093,0.8275862068965517,29.0,0.3333333333333333,0.5,0.25,20.0,,,,
p_282,0.373015873015873,0.4903846153846154,0.3745535714285714,0.451793062904174,0.48005698005698005,0.5092592592592593,108.0,0.6190476190476191,0.5,0.8125,48.0,0.4444444444444444,1.0,0.2857142857142857,14.0,0.0,0.0,0.0,16.0,0.42857142857142855,0.46153846153846156,0.4,30.0,,,,
p_283,0.28496503496503495,0.35076530612244894,0.29903324287652644,0.537572304238971,0.5231953892668179,0.6296296296296297,108.0,0.7757575757575758,0.6530612244897959,0.9552238805970149,67.0,0.0,0.0,0.0,10.0,0.13333333333333333,0.25,0.09090909090909091,11.0,0.23076923076923078,0.5,0.15,20.0,,,,
p_284,0.44048878544223447,0.5416666666666667,0.4386965493522871,0.6054724847572922,0.6126543209876544,0.6574074074074074,108.0,0.7913669064748201,0.7051282051282052,0.9016393442622951,61.0,0.0,0.0,0.0,12.0,0.47058823529411764,1.0,0.3076923076923077,13.0,0.5,0.46153846153846156,0.5454545454545454,22.0,,,,
p_285,0.2957207207207207,0.323489010989011,0.32040080438249774,0.4625709042375709,0.4311406186406187,0.5555555555555556,108.0,0.7162162162162162,0.5824175824175825,0.9298245614035088,57.0,0.0,0.0,0.0,17.0,0.13333333333333333,0.25,0.09090909090909091,11.0,0.3333333333333333,0.46153846153846156,0.2608695652173913,23.0,,,,
p_286,0.5667499075101738,0.5878274804905239,0.5673645320197045,0.5788688151710718,0.5953899830711425,0.5833333333333334,108.0,0.5588235294117647,0.48717948717948717,0.6551724137931034,29.0,0.6415094339622641,0.7391304347826086,0.5666666666666667,30.0,0.6666666666666666,0.625,0.7142857142857143,28.0,0.4,0.5,0.3333333333333333,21.0,,,,
p_287,0.2588151413015297,0.3765384615384615,0.2883771929824561,0.31972651936354296,0.4198290598290598,0.37037037037037035,108.0,0.47368421052631576,0.34615384615384615,0.75,36.0,0.27586206896551724,0.8,0.16666666666666666,24.0,0.0,0.0,0.0,10.0,0.2857142857142857,0.36,0.23684210526315788,38.0,,,,
p_288,0.39877005347593586,0.39962386841769726,0.42524420972696836,0.46505380603419827,0.4562112475857216,0.5092592592592593,108.0,0.5490196078431373,0.6363636363636364,0.4827586206896552,29.0,0.6060606060606061,0.4838709677419355,0.8108108108108109,37.0,0.0,0.0,0.0,15.0,0.44,0.4782608695652174,0.4074074074074074,27.0,,,,
p_289,0.43187203537255936,0.43205641318848864,0.4976686507936508,0.42738399283236767,0.4791688725126881,0.4351851851851852,108.0,0.3880597014925373,0.5909090909090909,0.28888888888888886,45.0,0.45454545454545453,0.3333333333333333,0.7142857142857143,7.0,0.4117647058823529,0.3888888888888889,0.4375,16.0,0.4731182795698925,0.41509433962264153,0.55,40.0,,,,
p_290,0.19428571428571428,0.1619047619047619,0.24285714285714285,0.5037037037037037,0.4197530864197531,0.6296296296296297,108.0,0.7771428571428571,0.6476190476190476,0.9714285714285714,70.0,0.0,0.0,0.0,8.0,0.0,0.0,0.0,3.0,0.0,0.0,0.0,27.0,,,,
p_291,0.34157608695652175,0.3487871674491393,0.35905310905310905,0.40753824476650563,0.39606879962905,0.4537037037037037,108.0,0.5565217391304348,0.4507042253521127,0.7272727272727273,44.0,0.43478260869565216,0.5,0.38461538461538464,13.0,0.0,0.0,0.0,14.0,0.375,0.4444444444444444,0.32432432432432434,37.0,,,,
p_292,0.4176552165564327,0.40967261904761904,0.42712842712842713,0.5530537578329343,0.5428350970017637,0.5648148148148148,108.0,0.6055045871559633,0.6,0.6111111111111112,54.0,0.0,0.0,0.0,4.0,0.46511627906976744,0.47619047619047616,0.45454545454545453,22.0,0.6,0.5625,0.6428571428571429,28.0,,,,
p_293,0.40865384615384615,0.4111387587822014,0.42467642963956065,0.5397079772079771,0.5152924147801197,0.5833333333333334,108.0,0.6346153846153846,0.5409836065573771,0.7674418604651163,43.0,0.0,0.0,0.0,13.0,0.3333333333333333,0.42857142857142855,0.2727272727272727,11.0,0.6666666666666666,0.675,0.6585365853658537,41.0,,,,
p_294,0.21741678387248006,0.1994949494949495,0.2693032015065913,0.4188545085169557,0.3515712682379349,0.5462962962962963,108.0,0.7215189873417721,0.5757575757575758,0.9661016949152542,59.0,0.0,0.0,0.0,14.0,0.0,0.0,0.0,17.0,0.14814814814814814,0.2222222222222222,0.1111111111111111,18.0,,,,
p_295,0.3263773388773389,0.35977704678362576,0.38402777777777775,0.37169220502553835,0.3957927225471085,0.46296296296296297,108.0,0.2564102564102564,0.5555555555555556,0.16666666666666666,30.0,0.0,0.0,0.0,20.0,0.43243243243243246,0.42105263157894735,0.4444444444444444,18.0,0.6166666666666667,0.4625,0.925,40.0,,,,
p_296,0.2771782047907344,0.2258522727272727,0.37298747763864043,0.30733233891959877,0.23816287878787876,0.4444444444444444,108.0,0.6259541984732825,0.4659090909090909,0.9534883720930233,43.0,0.4827586206896552,0.4375,0.5384615384615384,13.0,0.0,0.0,0.0,17.0,0.0,0.0,0.0,35.0,,,,
p_297,0.24791666666666667,0.2267361111111111,0.3123310810810811,0.35686728395061734,0.323559670781893,0.4537037037037037,108.0,0.6166666666666667,0.4625,0.925,40.0,0.0,0.0,0.0,18.0,0.0,0.0,0.0,13.0,0.375,0.4444444444444444,0.32432432432432434,37.0,,,,
p_298,0.32092198581560283,0.3010513186029936,0.349905303030303,0.5458366167586026,0.5139515852274227,0.5925925925925926,108.0,0.6666666666666666,0.5737704918032787,0.7954545454545454,44.0,0.0,0.0,0.0,9.0,0.0,0.0,0.0,7.0,0.6170212765957447,0.6304347826086957,0.6041666666666666,48.0,,,,
p_299,0.31160253575114255,0.2956896551724138,0.3555555555555555,0.3988047460699679,0.3520114942528736,0.48148148148148145,108.0,0.6218487394957983,0.5,0.8222222222222222,45.0,0.0,0.0,0.0,25.0,0.13333333333333333,0.2,0.1,10.0,0.49122807017543857,0.4827586206896552,0.5,28.0,,,,
p_300,0.4326315789473684,0.45042212689271516,0.42899330399330404,0.5212085769980507,0.5144383575756125,0.5370370370370371,108.0,0.631578947368421,0.5882352941176471,0.6818181818181818,44.0,0.2,0.2857142857142857,0.15384615384615385,13.0,0.32,0.36363636363636365,0.2857142857142857,14.0,0.5789473684210527,0.5641025641025641,0.5945945945945946,37.0,,,,
p_301,0.31017624116060366,0.3244949494949495,0.32734409553295,0.3737073353151942,0.36948185559296676,0.4074074074074074,108.0,0.4186046511627907,0.4090909090909091,0.42857142857142855,42.0,0.0,0.0,0.0,13.0,0.3448275862068966,0.5,0.2631578947368421,19.0,0.4772727272727273,0.3888888888888889,0.6176470588235294,34.0,,,,
p_302,0.3314772415560203,0.353575225943647,0.3358358739837398,0.39771850819015914,0.4127670466851754,0.4166666666666667,108.0,0.5544554455445545,0.4666666666666667,0.6829268292682927,41.0,0.2631578947368421,0.2777777777777778,0.25,20.0,0.07692307692307693,0.09090909090909091,0.06666666666666667,15.0,0.43137254901960786,0.5789473684210527,0.34375,32.0,,,,
p_303,0.27315608919382506,0.25155730897009965,0.2994117647058824,0.42503652881011367,0.3934954472745171,0.46296296296296297,108.0,0.0,0.0,0.0,13.0,0.0,0.0,0.0,11.0,0.5454545454545454,0.4883720930232558,0.6176470588235294,34.0,0.5471698113207547,0.5178571428571429,0.58,50.0,,,,
p_304,0.2668067226890756,0.24060240963855423,0.3058367071524966,0.4619514472455649,0.4046050870147256,0.5462962962962963,108.0,0.7142857142857143,0.6024096385542169,0.8771929824561403,57.0,0.0,0.0,0.0,19.0,0.0,0.0,0.0,6.0,0.35294117647058826,0.36,0.34615384615384615,26.0,,,,
p_305,0.39942580856067234,0.4165252160608197,0.3952621452621452,0.417888632286654,0.43198184916451166,0.4166666666666667,108.0,0.5217391304347826,0.631578947368421,0.4444444444444444,27.0,0.21052631578947367,0.23529411764705882,0.19047619047619047,21.0,0.5428571428571428,0.5135135135135135,0.5757575757575758,33.0,0.3225806451612903,0.2857142857142857,0.37037037037037035,27.0,,,,
p_306,0.45970787741373803,0.5070264948084497,0.4931188859244886,0.4637984240950563,0.5243880203153386,0.49074074074074076,108.0,0.37209302325581395,0.6666666666666666,0.25806451612903225,31.0,0.3829787234042553,0.47368421052631576,0.32142857142857145,28.0,0.425531914893617,0.35714285714285715,0.5263157894736842,19.0,0.6582278481012658,0.5306122448979592,0.8666666666666667,30.0,,,,
p_307,0.40376658860265424,0.4187158469945355,0.41406739811912224,0.4971672882875069,0.49562335559603315,0.5277777777777778,108.0,0.5904761904761905,0.5081967213114754,0.7045454545454546,44.0,0.0,0.0,0.0,10.0,0.5,0.6666666666666666,0.4,25.0,0.5245901639344263,0.5,0.5517241379310345,29.0,,,,
p_308,0.5082671957671958,0.6129658847344607,0.48799909255898366,0.5417891436409955,0.6114826722411862,0.5555555555555556,108.0,0.5925925925925926,0.47058823529411764,0.8,40.0,0.35714285714285715,0.625,0.25,20.0,0.7083333333333334,0.8947368421052632,0.5862068965517241,29.0,0.375,0.46153846153846156,0.3157894736842105,19.0,,,,
p_309,0.40526200579241595,0.3955844155844156,0.4300724637681159,0.49513899802678685,0.4887205387205387,0.5185185185185185,108.0,0.5346534653465347,0.4909090909090909,0.5869565217391305,46.0,0.0,0.0,0.0,6.0,0.6530612244897959,0.5714285714285714,0.7619047619047619,21.0,0.43333333333333335,0.52,0.37142857142857144,35.0,,,,
p_310,0.4223634405745269,0.446780303030303,0.4248357963875205,0.45847561904815026,0.48439955106621774,0.46296296296296297,108.0,0.5161290322580645,0.48484848484848486,0.5517241379310345,29.0,0.43478260869565216,0.625,0.3333333333333333,30.0,0.5316455696202531,0.4772727272727273,0.6,35.0,0.20689655172413793,0.2,0.21428571428571427,14.0,,,,
p_311,0.49249883907463693,0.65895305907173,0.4540706605222734,0.5102275765507149,0.5704919714017814,0.5462962962962963,108.0,0.65625,0.5316455696202531,0.8571428571428571,49.0,0.5714285714285714,1.0,0.4,10.0,0.4444444444444444,0.6666666666666666,0.3333333333333333,18.0,0.2978723404255319,0.4375,0.22580645161290322,31.0,,,,
p_312,0.31677489177489176,0.3052083333333333,0.3611887508626639,0.3738175404842071,0.36712962962962964,0.4166666666666667,108.0,0.38095238095238093,0.3,0.5217391304347826,23.0,0.5952380952380952,0.5208333333333334,0.6944444444444444,36.0,0.2909090909090909,0.4,0.22857142857142856,35.0,0.0,0.0,0.0,14.0,,,,
p_313,0.3500109903116176,0.34378306878306875,0.35846840498003285,0.44884752022874885,0.44586027826768565,0.4537037037037037,108.0,0.4507042253521127,0.45714285714285713,0.4444444444444444,36.0,0.0,0.0,0.0,7.0,0.5411764705882353,0.5476190476190477,0.5348837209302325,43.0,0.40816326530612246,0.37037037037037035,0.45454545454545453,22.0,,,,
p_314,0.38151801029159516,0.3701298701298701,0.42153298350824586,0.4600771869639794,0.4323793490460157,0.5277777777777778,108.0,0.4090909090909091,0.42857142857142855,0.391304347826087,23.0,0.7169811320754716,0.5757575757575758,0.95,40.0,0.4,0.47619047619047616,0.3448275862068966,29.0,0.0,0.0,0.0,16.0,,,,
p_315,0.33676470588235297,0.3437749454526103,0.3412729705833154,0.44199346405228757,0.443660233326829,0.4537037037037037,108.0,0.375,0.47368421052631576,0.3103448275862069,29.0,0.0,0.0,0.0,3.0,0.4470588235294118,0.41304347826086957,0.48717948717948717,39.0,0.525,0.4883720930232558,0.5675675675675675,37.0,,,,
p_316,0.37453703703703706,0.3628968253968254,0.42210038986354775,0.39924554183813443,0.37380952380952376,0.4722222222222222,108.0,0.35555555555555557,0.4444444444444444,0.2962962962962963,27.0,0.55,0.55,0.55,20.0,0.0,0.0,0.0,23.0,0.5925925925925926,0.45714285714285713,0.8421052631578947,38.0,,,,
p_317,0.39561109518664694,0.4024064171122995,0.40875900759297773,0.3889030303574729,0.3980821284742853,0.39814814814814814,108.0,0.2909090909090909,0.3333333333333333,0.25806451612903225,31.0,0.49122807017543857,0.4117647058823529,0.6086956521739131,23.0,0.41935483870967744,0.3939393939393939,0.4482758620689655,29.0,0.38095238095238093,0.47058823529411764,0.32,25.0,,,,
p_318,0.4850065690366946,0.5139318885448916,0.46981079981399676,0.47875618838500184,0.49094140580208684,0.48148148148148145,108.0,0.49504950495049505,0.43859649122807015,0.5681818181818182,44.0,0.625,0.6666666666666666,0.5882352941176471,17.0,0.38095238095238093,0.42105263157894735,0.34782608695652173,23.0,0.43902439024390244,0.5294117647058824,0.375,24.0,,,,
p_319,0.4979726845924029,0.5405303030303029,0.4875562066932036,0.4995317019964907,0.528956228956229,0.5,108.0,0.5070422535211268,0.5454545454545454,0.47368421052631576,38.0,0.5,0.5333333333333333,0.47058823529411764,17.0,0.48484848484848486,0.6666666666666666,0.38095238095238093,21.0,0.5,0.4166666666666667,0.625,32.0,,,,
p_320,0.2811023622047244,0.23873873873873874,0.3419811320754717,0.42957130358705164,0.3667834501167834,0.5185185185185185,108.0,0.7244094488188977,0.6216216216216216,0.8679245283018868,53.0,0.0,0.0,0.0,8.0,0.4,0.3333333333333333,0.5,20.0,0.0,0.0,0.0,27.0,,,,
p_321,0.3628991488691645,0.34421182266009853,0.3840686274509804,0.47029667261221264,0.44414796569968984,0.5,108.0,0.37037037037037035,0.3448275862068966,0.4,25.0,0.0,0.0,0.0,12.0,0.43902439024390244,0.42857142857142855,0.45,20.0,0.6422018348623854,0.603448275862069,0.6862745098039216,51.0,,,,
p_322,0.3313378684807256,0.32007507507507504,0.34964139344262296,0.5474443604602335,0.5123918362807252,0.5925925925925926,108.0,0.7555555555555555,0.6891891891891891,0.8360655737704918,61.0,0.0,0.0,0.0,7.0,0.08,0.1111111111111111,0.0625,16.0,0.4897959183673469,0.48,0.5,24.0,,,,
p_323,0.34917803970223327,0.32350035919540227,0.3868371212121212,0.4352311368440401,0.40344295444870154,0.48148148148148145,108.0,0.625,0.546875,0.7291666666666666,48.0,0.38461538461538464,0.3333333333333333,0.45454545454545453,11.0,0.0,0.0,0.0,16.0,0.3870967741935484,0.41379310344827586,0.36363636363636365,33.0,,,,
p_324,0.41859821968714894,0.4312660875160875,0.4223484848484848,0.49102449610616583,0.487751144001144,0.5092592592592593,108.0,0.5977011494252874,0.5416666666666666,0.6666666666666666,39.0,0.10526315789473684,0.14285714285714285,0.08333333333333333,12.0,0.5714285714285714,0.5405405405405406,0.6060606060606061,33.0,0.4,0.5,0.3333333333333333,24.0,,,,
p_325,0.4001639344262295,0.4284231820092476,0.4069035098446863,0.44170613236187006,0.45222617268382287,0.4722222222222222,108.0,0.64,0.5245901639344263,0.8205128205128205,39.0,0.4,0.5,0.3333333333333333,15.0,0.36065573770491804,0.4583333333333333,0.2972972972972973,37.0,0.2,0.23076923076923078,0.17647058823529413,17.0,,,,
p_326,0.23316551744035083,0.3918367346938776,0.29242234730039607,0.2668927185747243,0.37524565381708236,0.37962962962962965,108.0,0.043478260869565216,0.2,0.024390243902439025,41.0,0.0,0.0,0.0,10.0,0.5255474452554745,0.3673469387755102,0.9230769230769231,39.0,0.36363636363636365,1.0,0.2222222222222222,18.0,,,,
p_327,0.3430006066992368,0.36765832482124616,0.36473684210526314,0.4787959799375325,0.4546187530738092,0.5648148148148148,108.0,0.12121212121212122,0.25,0.08,25.0,0.0,0.0,0.0,11.0,0.7123287671232876,0.5842696629213483,0.9122807017543859,57.0,0.5384615384615384,0.6363636363636364,0.4666666666666667,15.0,,,,
p_328,0.22535917139993317,0.2707570207570208,0.25724431818181814,0.40712279268911405,0.433229322118211,0.49074074074074076,108.0,0.6575342465753424,0.5274725274725275,0.8727272727272727,55.0,0.0,0.0,0.0,9.0,0.24390243902439024,0.5555555555555556,0.15625,32.0,0.0,0.0,0.0,12.0,,,,
p_329,0.3054491926453058,0.3251303780964798,0.324002574002574,0.3629085773994202,0.3651974986720749,0.39814814814814814,108.0,0.47368421052631576,0.46153846153846156,0.4864864864864865,37.0,0.3225806451612903,0.5,0.23809523809523808,21.0,0.425531914893617,0.3389830508474576,0.5714285714285714,35.0,0.0,0.0,0.0,15.0,,,,
p_330,0.29910328435609335,0.2785014005602241,0.32746388028895773,0.3652265597490317,0.3334993256561884,0.4074074074074074,108.0,0.38461538461538464,0.35714285714285715,0.4166666666666667,36.0,0.0,0.0,0.0,17.0,0.5617977528089888,0.49019607843137253,0.6578947368421053,38.0,0.25,0.26666666666666666,0.23529411764705882,17.0,,,,
p_331,0.26473633531577456,0.32906882591093123,0.2876190476190476,0.3945855229344326,0.42913480281901334,0.4537037037037037,108.0,0.5794392523364486,0.47692307692307695,0.7380952380952381,42.0,0.0,0.0,0.0,17.0,0.32,0.8,0.2,20.0,0.42424242424242425,0.3684210526315789,0.5,28.0,0.0,0.0,0.0,1.0
p_332,0.3470007253229845,0.39420426065162906,0.35900105502804147,0.3459732060230399,0.39218764503852227,0.3611111111111111,108.0,0.4090909090909091,0.42857142857142855,0.391304347826087,23.0,0.21621621621621623,0.4,0.14814814814814814,27.0,0.3953488372093023,0.2982456140350877,0.5862068965517241,29.0,0.3673469387755102,0.45,0.3103448275862069,29.0,,,,
p_333,0.3642466541561591,0.37948717948717947,0.3860902255639098,0.4753473099720217,0.4704178537511871,0.5092592592592593,108.0,0.628099173553719,0.5846153846153846,0.6785714285714286,56.0,0.0,0.0,0.0,13.0,0.41509433962264153,0.3333333333333333,0.55,20.0,0.41379310344827586,0.6,0.3157894736842105,19.0,,,,
p_334,0.3179595065990578,0.41312056737588654,0.3814102564102564,0.3765918253996795,0.5001970055161544,0.4351851851851852,108.0,0.43478260869565216,0.3191489361702128,0.6818181818181818,22.0,0.0,0.0,0.0,14.0,0.2564102564102564,0.8333333333333334,0.15151515151515152,33.0,0.5806451612903226,0.5,0.6923076923076923,39.0,,,,
p_335,0.21264170388182754,0.18151913875598086,0.26557239057239057,0.38192297415931903,0.3162546517809676,0.49074074074074076,108.0,0.704225352112676,0.5681818181818182,0.9259259259259259,54.0,0.0,0.0,0.0,15.0,0.14634146341463414,0.15789473684210525,0.13636363636363635,22.0,0.0,0.0,0.0,17.0,,,,
p_336,0.4186646391259047,0.50625,0.46076170059766497,0.47042053740259926,0.5201388888888888,0.5185185185185185,108.0,0.10526315789473684,0.5,0.058823529411764705,17.0,0.5396825396825397,0.425,0.7391304347826086,23.0,0.6741573033707865,0.6,0.7692307692307693,39.0,0.35555555555555557,0.5,0.27586206896551724,29.0,,,,
p_337,0.3834496260966849,0.349548412048412,0.4300776583034648,0.4199125596184419,0.3818250068250068,0.4722222222222222,108.0,0.5588235294117647,0.5135135135135135,0.6129032258064516,31.0,0.5675675675675675,0.4772727272727273,0.7,30.0,0.0,0.0,0.0,20.0,0.4074074074074074,0.4074074074074074,0.4074074074074074,27.0,,,,
p_338,0.2806473829201102,0.31036324786324787,0.3096535852713178,0.36516681971227427,0.3834283000949668,0.42592592592592593,108.0,0.22727272727272727,0.4166666666666667,0.15625,32.0,0.0,0.0,0.0,9.0,0.5619834710743802,0.4358974358974359,0.7906976744186046,43.0,0.3333333333333333,0.3888888888888889,0.2916666666666667,24.0,,,,
p_339,0.3272892490329465,0.3341608738828203,0.3294934640522876,0.41904477840518917,0.4117106182647394,0.4351851851851852,108.0,0.5918367346938775,0.5471698113207547,0.6444444444444445,45.0,0.4117647058823529,0.5,0.35,20.0,0.3055555555555556,0.2894736842105263,0.3235294117647059,34.0,0.0,0.0,0.0,9.0,,,,
p_340,0.28636695906432746,0.4353448275862069,0.337640977443609,0.3627693848819579,0.533205619412516,0.4351851851851852,108.0,0.631578947368421,0.5,0.8571428571428571,42.0,0.0,0.0,0.0,15.0,0.2222222222222222,1.0,0.125,32.0,0.2916666666666667,0.2413793103448276,0.3684210526315789,19.0,,,,
p_341,0.34775297541254985,0.3430059523809524,0.3819444444444444,0.45072441880952524,0.4603725749559083,0.4722222222222222,108.0,0.574468085106383,0.6428571428571429,0.5192307692307693,52.0,0.0,0.0,0.0,12.0,0.5135135135135135,0.3958333333333333,0.7307692307692307,26.0,0.30303030303030304,0.3333333333333333,0.2777777777777778,18.0,,,,
p_342,0.3391812865497076,0.33175908521303255,0.37406569630212433,0.41474442278535845,0.40728093381602154,0.4537037037037037,108.0,0.5789473684210527,0.6285714285714286,0.5365853658536586,41.0,0.0,0.0,0.0,16.0,0.5,0.38596491228070173,0.7096774193548387,31.0,0.2777777777777778,0.3125,0.25,20.0,,,,
p_343,0.24470423661071145,0.2681334622823984,0.2977777777777778,0.33582393344583594,0.3290439859588796,0.4444444444444444,108.0,0.5899280575539568,0.43617021276595747,0.9111111111111111,45.0,0.3888888888888889,0.6363636363636364,0.28,25.0,0.0,0.0,0.0,20.0,0.0,0.0,0.0,18.0,,,,
p_344,0.31506410256410255,0.3215114858260019,0.34952934662236984,0.4294159544159544,0.4530961496687303,0.46296296296296297,108.0,0.36923076923076925,0.5454545454545454,0.27906976744186046,43.0,0.0,0.0,0.0,8.0,0.6346153846153846,0.532258064516129,0.7857142857142857,42.0,0.2564102564102564,0.20833333333333334,0.3333333333333333,15.0,,,,
p_345,0.23795782463928966,0.21072931276297335,0.2744755244755245,0.36817527849714304,0.32529478988104515,0.42592592592592593,108.0,0.4235294117647059,0.391304347826087,0.46153846153846156,39.0,0.0,0.0,0.0,17.0,0.5283018867924528,0.45161290322580644,0.6363636363636364,44.0,0.0,0.0,0.0,8.0,,,,
p_346,0.3923529411764706,0.4020670890188434,0.4159791189202954,0.5416448801742919,0.504819898683609,0.6203703703703703,108.0,0.7794117647058824,0.654320987654321,0.9636363636363636,55.0,0.24,0.375,0.17647058823529413,17.0,0.55,0.5789473684210527,0.5238095238095238,21.0,0.0,0.0,0.0,15.0,,,,
p_347,0.2805150139854812,0.26082251082251084,0.3333333333333333,0.3318168790790987,0.3311087061087061,0.35185185185185186,108.0,0.3614457831325301,0.3409090909090909,0.38461538461538464,39.0,0.3902439024390244,0.2857142857142857,0.6153846153846154,13.0,0.37037037037037035,0.4166666666666667,0.3333333333333333,45.0,0.0,0.0,0.0,11.0,,,,
p_348,0.46200830145351646,0.4836736004108886,0.46120661745661745,0.5340144973432075,0.5370163499400787,0.5555555555555556,108.0,0.7184466019417476,0.6271186440677966,0.8409090909090909,44.0,0.24,0.25,0.23076923076923078,13.0,0.358974358974359,0.4666666666666667,0.2916666666666667,24.0,0.5306122448979592,0.5909090909090909,0.48148148148148145,27.0,,,,
p_349,0.26668233082706766,0.2385542168674699,0.31823529411764706,0.3792728348649401,0.31954484605087013,0.48148148148148145,108.0,0.6917293233082706,0.5542168674698795,0.92,50.0,0.375,0.4,0.35294117647058826,17.0,0.0,0.0,0.0,31.0,0.0,0.0,0.0,10.0,,,,
p_350,0.292957177957178,0.30177977267144546,0.3079070319923979,0.3372363922363923,0.330739020434427,0.37037037037037035,108.0,0.56,0.4745762711864407,0.6829268292682927,41.0,0.11428571428571428,0.18181818181818182,0.08333333333333333,24.0,0.22727272727272727,0.21739130434782608,0.23809523809523808,21.0,0.2702702702702703,0.3333333333333333,0.22727272727272727,22.0,,,,
p_351,0.37045326381377636,0.44093352883675463,0.3669871794871795,0.40925622907762294,0.4407760399695884,0.4351851851851852,108.0,0.5544554455445545,0.45161290322580644,0.717948717948718,39.0,0.34285714285714286,0.5454545454545454,0.25,24.0,0.3492063492063492,0.36666666666666664,0.3333333333333333,33.0,0.23529411764705882,0.4,0.16666666666666666,12.0,,,,
p_352,0.29873290900518623,0.3062957157784744,0.32112403100775194,0.39721043532924727,0.37486938349007315,0.4444444444444444,108.0,0.5544554455445545,0.4827586206896552,0.6511627906976745,43.0,0.19047619047619047,0.3333333333333333,0.13333333333333333,15.0,0.45,0.4090909090909091,0.5,36.0,0.0,0.0,0.0,14.0,,,,
p_353,0.32763658861602896,0.34100877192982454,0.3351071859903382,0.3945428009391459,0.40460526315789475,0.4074074074074074,108.0,0.3333333333333333,0.2916666666666667,0.3888888888888889,18.0,0.1,0.125,0.08333333333333333,12.0,0.5242718446601942,0.47368421052631576,0.5869565217391305,46.0,0.35294117647058826,0.47368421052631576,0.28125,32.0,,,,
p_354,0.35707417582417583,0.3526315789473684,0.4117496007940961,0.3893645706145707,0.3860623781676414,0.4351851851851852,108.0,0.5961538461538461,0.543859649122807,0.6595744680851063,47.0,0.4,0.3,0.6,15.0,0.05714285714285714,0.16666666666666666,0.034482758620689655,29.0,0.375,0.4,0.35294117647058826,17.0,,,,
p_355,0.3249734888653234,0.30402711323763953,0.37653793574846206,0.35549664192294095,0.30816202965325773,0.4444444444444444,108.0,0.0,0.0,0.0,31.0,0.43902439024390244,0.4090909090909091,0.47368421052631576,19.0,0.2608695652173913,0.3333333333333333,0.21428571428571427,14.0,0.6,0.47368421052631576,0.8181818181818182,44.0,,,,
p_356,0.5353396603396603,0.5988095238095238,0.5428571428571429,0.5761368261368262,0.6166666666666666,0.5740740740740741,108.0,0.5974025974025974,0.6571428571428571,0.5476190476190477,42.0,0.5,0.8333333333333334,0.35714285714285715,14.0,0.6153846153846154,0.5714285714285714,0.6666666666666666,42.0,0.42857142857142855,0.3333333333333333,0.6,10.0,,,,
p_357,0.39202734711455645,0.40806962025316457,0.3999223602484472,0.49704078540211183,0.4653481012658228,0.5555555555555556,108.0,0.6814814814814815,0.5822784810126582,0.8214285714285714,56.0,0.0,0.0,0.0,19.0,0.375,0.5,0.3,10.0,0.5116279069767442,0.55,0.4782608695652174,23.0,,,,
p_358,0.4366413573090243,0.6150432900432901,0.42018321513002366,0.47347085087770263,0.5718654801988136,0.5092592592592593,108.0,0.6129032258064516,0.4935064935064935,0.8085106382978723,47.0,0.4444444444444444,0.5,0.4,15.0,0.36363636363636365,1.0,0.2222222222222222,18.0,0.32558139534883723,0.4666666666666667,0.25,28.0,,,,
p_359,0.3345336833708927,0.3151489982885332,0.3602941176470588,0.3644170930992636,0.33865323594005764,0.39814814814814814,108.0,0.358974358974359,0.3181818181818182,0.4117647058823529,34.0,0.0,0.0,0.0,18.0,0.5116279069767442,0.5238095238095238,0.5,22.0,0.4675324675324675,0.4186046511627907,0.5294117647058824,34.0,,,,
p_360,0.32958154288770447,0.3210038986354776,0.3453488372093023,0.40757646235948797,0.3890062089379828,0.4351851851851852,108.0,0.37209302325581395,0.42105263157894735,0.3333333333333333,24.0,0.5154639175257731,0.46296296296296297,0.5813953488372093,43.0,0.4307692307692308,0.4,0.4666666666666667,30.0,0.0,0.0,0.0,11.0,,,,
p_361,0.24293785310734467,0.2248168498168498,0.2740162037037037,0.2651136766833156,0.247371455704789,0.2962962962962963,108.0,0.37681159420289856,0.30952380952380953,0.48148148148148145,27.0,0.2898550724637681,0.2564102564102564,0.3333333333333333,30.0,0.3050847457627119,0.3333333333333333,0.28125,32.0,0.0,0.0,0.0,19.0,,,,
p_362,0.33143378540914936,0.33657292528260274,0.34954357236965933,0.3789778601130266,0.37162638237907053,0.4074074074074074,108.0,0.4074074074074074,0.3548387096774194,0.4782608695652174,23.0,0.574468085106383,0.5192307692307693,0.6428571428571429,42.0,0.13333333333333333,0.2222222222222222,0.09523809523809523,21.0,0.21052631578947367,0.25,0.18181818181818182,22.0,,,,
p_363,0.34259654471544715,0.3538688703593409,0.35435185185185186,0.4539287865100874,0.43772013029507567,0.5,108.0,0.44,0.4782608695652174,0.4074074074074074,27.0,0.3125,0.4166666666666667,0.25,20.0,0.6178861788617886,0.5205479452054794,0.76,50.0,0.0,0.0,0.0,11.0,,,,
p_364,0.408531746031746,0.4744070512820513,0.39700311942959,0.5023809523809524,0.5182977207977207,0.5370370370370371,108.0,0.45,0.5625,0.375,24.0,0.6507936507936508,0.5466666666666666,0.803921568627451,51.0,0.4,0.5384615384615384,0.3181818181818182,22.0,0.13333333333333333,0.25,0.09090909090909091,11.0,,,,
p_365,0.2469252601702933,0.26159793814432986,0.2953703703703704,0.41713094362100983,0.3889366170294006,0.5370370370370371,108.0,0.0,0.0,0.0,17.0,0.2857142857142857,0.5,0.2,25.0,0.7019867549668874,0.5463917525773195,0.9814814814814815,54.0,0.0,0.0,0.0,12.0,,,,
p_366,0.30282786885245905,0.3361111111111111,0.31285714285714283,0.44644049787492407,0.4588477366255144,0.49074074074074076,108.0,0.24,0.4,0.17142857142857143,35.0,0.7213114754098361,0.6111111111111112,0.88,50.0,0.25,0.3333333333333333,0.2,15.0,0.0,0.0,0.0,8.0,,,,
p_367,0.36182578033172264,0.33369047619047615,0.39893927243566374,0.41564726539259644,0.3860626102292769,0.4537037037037037,108.0,0.6153846153846154,0.5333333333333333,0.7272727272727273,22.0,0.0,0.0,0.0,14.0,0.5161290322580645,0.48,0.5581395348837209,43.0,0.3157894736842105,0.32142857142857145,0.3103448275862069,29.0,,,,
p_368,0.46721877156659763,0.5936597823673108,0.5020828319638785,0.5497661222298904,0.6185691020800947,0.5833333333333334,108.0,0.3333333333333333,0.42105263157894735,0.27586206896551724,29.0,0.7101449275362319,0.620253164556962,0.8305084745762712,59.0,0.38095238095238093,1.0,0.23529411764705882,17.0,0.4444444444444444,0.3333333333333333,0.6666666666666666,3.0,,,,
p_369,0.33614063994938487,0.33097527472527477,0.35101355330461703,0.3611900369804695,0.3505112942612943,0.37962962962962965,108.0,0.4489795918367347,0.4230769230769231,0.4782608695652174,23.0,0.07407407407407407,0.125,0.05263157894736842,19.0,0.3283582089552239,0.3142857142857143,0.34375,32.0,0.4931506849315068,0.46153846153846156,0.5294117647058824,34.0,,,,
p_370,0.43164844177145983,0.47422462406015037,0.4774247877445552,0.42254055039183525,0.4707228139793929,0.46296296296296297,108.0,0.576271186440678,0.4857142857142857,0.7083333333333334,24.0,0.3,0.5,0.21428571428571427,14.0,0.2903225806451613,0.47368421052631576,0.20930232558139536,43.0,0.56,0.4375,0.7777777777777778,27.0,,,,
p_371,0.2368421052631579,0.2702020202020202,0.2883864671437866,0.40643274853801165,0.40693976805087917,0.5277777777777778,108.0,0.6842105263157895,0.5252525252525253,0.9811320754716981,53.0,0.0,0.0,0.0,20.0,0.2631578947368421,0.5555555555555556,0.1724137931034483,29.0,0.0,0.0,0.0,6.0,,,,
p_372,0.3668693009118541,0.35578282828282826,0.38735294117647057,0.41588427333108186,0.3987803965581743,0.4444444444444444,108.0,0.42857142857142855,0.36,0.5294117647058824,34.0,0.0,0.0,0.0,15.0,0.4857142857142857,0.4722222222222222,0.5,34.0,0.5531914893617021,0.5909090909090909,0.52,25.0,,,,
p_373,0.2521481178396072,0.2430147058823529,0.2939814814814815,0.4177577741407528,0.4198529411764706,0.46296296296296297,108.0,0.5192307692307693,0.39705882352941174,0.75,36.0,0.0,0.0,0.0,8.0,0.48936170212765956,0.575,0.42592592592592593,54.0,0.0,0.0,0.0,10.0,,,,
p_374,0.2604684020440888,0.28844932844932847,0.2703142834177317,0.3330118838885642,0.3555114638447972,0.35185185185185186,108.0,0.2692307692307692,0.2692307692307692,0.2692307692307692,26.0,0.20689655172413793,0.42857142857142855,0.13636363636363635,22.0,0.4533333333333333,0.37777777777777777,0.5666666666666667,30.0,0.3728813559322034,0.36666666666666664,0.3793103448275862,29.0,0.0,0.0,0.0,1.0
p_375,0.23266187050359713,0.21136363636363636,0.2852941176470588,0.3928057553956834,0.3409090909090909,0.5,108.0,0.6906474820143885,0.5454545454545454,0.9411764705882353,51.0,0.0,0.0,0.0,17.0,0.24,0.3,0.2,30.0,0.0,0.0,0.0,10.0,,,,
p_376,0.3982075471698113,0.38716672875312647,0.465131845841785,0.4301502445842068,0.4304429622534034,0.49074074074074076,108.0,0.0,0.0,0.0,20.0,0.4528301886792453,0.631578947368421,0.35294117647058826,34.0,0.64,0.5217391304347826,0.8275862068965517,29.0,0.5,0.3953488372093023,0.68,25.0,,,,
p_377,0.3303648648648648,0.34348416289592765,0.35040650406504065,0.5442017017017017,0.5538712921065861,0.5833333333333334,108.0,0.6875,0.55,0.9166666666666666,36.0,0.32432432432432434,0.46153846153846156,0.25,24.0,0.64,0.7058823529411765,0.5853658536585366,41.0,0.0,0.0,0.0,6.0,0.0,0.0,0.0,1.0
p_378,0.4132742752365439,0.44642857142857145,0.43198284690220173,0.4550039081958047,0.46318342151675485,0.49074074074074076,108.0,0.16666666666666666,0.3333333333333333,0.1111111111111111,18.0,0.5679012345679012,0.5,0.6571428571428571,35.0,0.6027397260273972,0.5238095238095238,0.7096774193548387,31.0,0.3157894736842105,0.42857142857142855,0.25,24.0,,,,
p_379,0.41104080041580043,0.4185049019607843,0.40931998109417467,0.4137243974743975,0.41580428467683367,0.4166666666666667,108.0,0.36923076923076925,0.35294117647058826,0.3870967741935484,31.0,0.28,0.2916666666666667,0.2692307692307692,26.0,0.5625,0.5294117647058824,0.6,30.0,0.43243243243243246,0.5,0.38095238095238093,21.0,,,,
p_380,0.4109126645712012,0.41696282440963295,0.41388278388278393,0.509847800498207,0.5150216706067771,0.5185185185185185,108.0,0.5853658536585366,0.5106382978723404,0.6857142857142857,35.0,0.5384615384615384,0.5384615384615384,0.5384615384615384,13.0,0.47619047619047616,0.5357142857142857,0.42857142857142855,35.0,0.45454545454545453,0.5,0.4166666666666667,24.0,0.0,0.0,0.0,1.0
p_381,0.40335854664089466,0.5747747747747748,0.38155594405594406,0.4277637703846881,0.5156823490156823,0.4537037037037037,108.0,0.3783783783783784,0.4666666666666667,0.3181818181818182,22.0,0.2926829268292683,0.4,0.23076923076923078,26.0,0.5423728813559322,0.43243243243243246,0.7272727272727273,44.0,0.4,1.0,0.25,16.0,,,,
p_382,0.37926199029432156,0.38901484480431847,0.3826525541641821,0.5008899206132458,0.5081776378267606,0.5092592592592593,108.0,0.4444444444444444,0.5263157894736842,0.38461538461538464,26.0,0.5116279069767442,0.44,0.6111111111111112,36.0,0.5609756097560976,0.5897435897435898,0.5348837209302325,43.0,0.0,0.0,0.0,3.0,,,,
p_383,0.3969207757375697,0.3968266253869969,0.4138755980861244,0.5427765551811353,0.5096577227382182,0.6018518518518519,108.0,0.32432432432432434,0.4,0.2727272727272727,22.0,0.5,0.5294117647058824,0.47368421052631576,19.0,0.7633587786259542,0.6578947368421053,0.9090909090909091,55.0,0.0,0.0,0.0,12.0,,,,
p_384,0.3391812865497076,0.31414473684210525,0.3718166383701188,0.5631981187536743,0.5127314814814815,0.6296296296296297,108.0,0.0,0.0,0.0,12.0,0.6349206349206349,0.625,0.6451612903225806,31.0,0.7218045112781954,0.631578947368421,0.8421052631578947,57.0,0.0,0.0,0.0,8.0,,,,
p_385,0.35163398692810455,0.3526021080368906,0.36661867544220483,0.5588961510530138,0.5369577416678866,0.6018518518518519,108.0,0.7333333333333333,0.6376811594202898,0.8627450980392157,51.0,0.11764705882352941,0.16666666666666666,0.09090909090909091,11.0,0.5555555555555556,0.6060606060606061,0.5128205128205128,39.0,0.0,0.0,0.0,7.0,,,,
p_386,0.29398845598845597,0.28023809523809523,0.32042490842490845,0.45808174335952107,0.4471119929453262,0.48148148148148145,108.0,0.0,0.0,0.0,10.0,0.4642857142857143,0.37142857142857144,0.6190476190476191,21.0,0.5656565656565656,0.5714285714285714,0.56,50.0,0.44,0.4583333333333333,0.4230769230769231,26.0,0.0,0.0,0.0,1.0
p_387,0.5129500580720092,0.5631265664160401,0.49403672619423233,0.5525401127027143,0.5494755407036108,0.5833333333333334,108.0,0.7317073170731707,0.6428571428571429,0.8490566037735849,53.0,0.47619047619047616,0.5263157894736842,0.43478260869565216,23.0,0.24390243902439024,0.3333333333333333,0.19230769230769232,26.0,0.6,0.75,0.5,6.0,,,,
p_388,0.4215660052963328,0.643287037037037,0.4087766971777269,0.46466845896181136,0.6019890260631001,0.5092592592592593,108.0,0.4117647058823529,0.4666666666666667,0.3684210526315789,19.0,0.34782608695652173,1.0,0.21052631578947367,19.0,0.6141732283464567,0.48148148148148145,0.8478260869565217,46.0,0.3125,0.625,0.20833333333333334,24.0,,,,
p_389,0.32816742081447964,0.3144100169779287,0.35523023023023026,0.5683718786659964,0.532344526190027,0.6296296296296297,108.0,0.7538461538461538,0.6447368421052632,0.9074074074074074,54.0,0.0,0.0,0.0,13.0,0.5588235294117647,0.6129032258064516,0.5135135135135135,37.0,0.0,0.0,0.0,4.0,,,,
p_390,0.2823809523809524,0.3759868421052632,0.30228161668839637,0.4609347442680776,0.47947124756335285,0.5555555555555556,108.0,0.09523809523809523,0.125,0.07692307692307693,13.0,0.32,0.8,0.2,20.0,0.7142857142857143,0.5789473684210527,0.9322033898305084,59.0,0.0,0.0,0.0,16.0,,,,
p_391,0.29112726704190117,0.28456510809451985,0.3019836855765666,0.4845131795335047,0.4641081503826602,0.5092592592592593,108.0,0.4307692307692308,0.4117647058823529,0.45161290322580644,31.0,0.08333333333333333,0.1111111111111111,0.06666666666666667,15.0,0.6504065040650406,0.6153846153846154,0.6896551724137931,58.0,0.0,0.0,0.0,4.0,,,,
p_392,0.3121139809096013,0.2983375959079284,0.35046419098143233,0.47824515981450283,0.43568722174860286,0.5648148148148148,108.0,0.0,0.0,0.0,19.0,0.0,0.0,0.0,8.0,0.6715328467153284,0.5411764705882353,0.8846153846153846,52.0,0.5769230769230769,0.6521739130434783,0.5172413793103449,29.0,,,,
p_393,0.3922127255460589,0.39583333333333337,0.39695782739261,0.540325700819528,0.5335648148148148,0.5555555555555556,108.0,0.358974358974359,0.4375,0.30434782608695654,23.0,0.5432098765432098,0.5,0.5945945945945946,37.0,0.6666666666666666,0.6458333333333334,0.6888888888888889,45.0,0.0,0.0,0.0,3.0,,,,
p_394,0.3909396451052437,0.40669449598021024,0.3844322344322344,0.5040128995097807,0.5069487390915962,0.5092592592592593,108.0,0.43373493975903615,0.4090909090909091,0.46153846153846156,39.0,0.5555555555555556,0.6666666666666666,0.47619047619047616,21.0,0.574468085106383,0.5510204081632653,0.6,45.0,0.0,0.0,0.0,3.0,,,,
p_395,0.322130190081767,0.30981717011128773,0.3437062937062937,0.5709552070919811,0.5396057822528411,0.6203703703703703,108.0,0.0,0.0,0.0,12.0,0.5753424657534246,0.6176470588235294,0.5384615384615384,39.0,0.7131782945736435,0.6216216216216216,0.8363636363636363,55.0,0.0,0.0,0.0,2.0,,,,
p_396,0.32590725806451615,0.30268817204301074,0.36007462686567165,0.5650052270011947,0.49926324173635994,0.6574074074074074,108.0,0.0,0.0,0.0,15.0,0.5161290322580645,0.5333333333333333,0.5,16.0,0.7875,0.6774193548387096,0.9402985074626866,67.0,0.0,0.0,0.0,10.0,,,,
p_397,0.318100862392201,0.32458333333333333,0.3331043956043956,0.4995434598452971,0.4855401234567901,0.5462962962962963,108.0,0.09523809523809523,0.125,0.07692307692307693,13.0,0.5,0.6,0.42857142857142855,35.0,0.6771653543307087,0.5733333333333334,0.8269230769230769,52.0,0.0,0.0,0.0,8.0,,,,
p_398,0.1855572998430141,0.1625,0.21995104039167684,0.3457759172044886,0.30420524691358025,0.4074074074074074,108.0,0.0,0.0,0.0,13.0,0.5102040816326531,0.4166666666666667,0.6578947368421053,38.0,0.4175824175824176,0.3958333333333333,0.4418604651162791,43.0,0.0,0.0,0.0,13.0,0.0,0.0,0.0,1.0
p_399,0.4818704676169042,0.5395622895622896,0.48494565217391306,0.39813348398828097,0.4267988527247787,0.42592592592592593,108.0,0.46511627906976744,0.37037037037037035,0.625,32.0,0.12903225806451613,0.3333333333333333,0.08,25.0,0.4444444444444444,0.45454545454545453,0.43478260869565216,46.0,0.8888888888888888,1.0,0.8,5.0,,,,
p_400,0.37515527950310557,0.4322678843226789,0.39107142857142857,0.46188175753393146,0.4748858447488585,0.5185185185185185,108.0,0.6434782608695652,0.5068493150684932,0.8809523809523809,42.0,0.38095238095238093,0.6666666666666666,0.26666666666666666,15.0,0.47619047619047616,0.5555555555555556,0.4166666666666667,36.0,0.0,0.0,0.0,15.0,,,,
p_401,0.3724683918232305,0.5479242286751361,0.4047799422799423,0.38709633655870207,0.5245996336627008,0.4351851851851852,108.0,0.45161290322580644,0.3684210526315789,0.5833333333333334,24.0,0.17142857142857143,0.375,0.1111111111111111,27.0,0.5591397849462365,0.4482758620689655,0.7428571428571429,35.0,0.3076923076923077,1.0,0.18181818181818182,22.0,,,,
p_402,0.34324735890358804,0.32625462772521596,0.3656926406926407,0.44467180609752227,0.4149622164328047,0.48148148148148145,108.0,0.631578947368421,0.5882352941176471,0.6818181818181818,44.0,0.2857142857142857,0.3076923076923077,0.26666666666666666,15.0,0.45569620253164556,0.4090909090909091,0.5142857142857142,35.0,0.0,0.0,0.0,14.0,,,,
p_403,0.3580606945796819,0.38461734045258067,0.3523613376554553,0.37310931996586,0.384144607358439,0.37962962962962965,108.0,0.5,0.6,0.42857142857142855,21.0,0.37333333333333335,0.3684210526315789,0.3783783783783784,37.0,0.4050632911392405,0.34782608695652173,0.48484848484848486,33.0,0.15384615384615385,0.2222222222222222,0.11764705882352941,17.0,,,,
p_404,0.3772705143701316,0.43491852508245954,0.40214285714285714,0.4554942188696889,0.49627131685419484,0.5000000000000001,108.0,0.4117647058823529,0.7777777777777778,0.28,25.0,0.6041666666666666,0.47540983606557374,0.8285714285714286,35.0,0.4931506849315068,0.4864864864864865,0.5,36.0,0.0,0.0,0.0,12.0,,,,
p_405,0.3529166666666667,0.35024424573604906,0.3821428571428571,0.4410956790123457,0.43423917376558546,0.48148148148148145,108.0,0.0,0.0,0.0,15.0,0.55,0.6111111111111112,0.5,44.0,0.5416666666666666,0.4262295081967213,0.7428571428571429,35.0,0.32,0.36363636363636365,0.2857142857142857,14.0,,,,
p_406,0.45915337099413966,0.5212126517273576,0.44032605097649785,0.5631173840013922,0.6007484784037073,0.5740740740740741,108.0,0.5106382978723404,0.7058823529411765,0.4,30.0,0.5161290322580645,0.6666666666666666,0.42105263157894735,19.0,0.656,0.5694444444444444,0.7735849056603774,53.0,0.15384615384615385,0.14285714285714285,0.16666666666666666,6.0,,,,
p_407,0.3845977485842676,0.5199652777777778,0.3775048480930834,0.5467690562378413,0.6035558127572016,0.5833333333333334,108.0,0.38095238095238093,1.0,0.23529411764705882,17.0,0.7096774193548387,0.6111111111111112,0.8461538461538461,52.0,0.44776119402985076,0.46875,0.42857142857142855,35.0,0.0,0.0,0.0,4.0,,,,
p_408,0.41207403707403706,0.41615067079463364,0.4168773946360153,0.5716870577981689,0.561432175209265,0.5925925925925926,108.0,0.5909090909090909,0.6842105263157895,0.52,25.0,0.358974358974359,0.3333333333333333,0.3888888888888889,18.0,0.6984126984126984,0.6470588235294118,0.7586206896551724,58.0,0.0,0.0,0.0,7.0,,,,
p_409,0.26755226188075554,0.3300599895670318,0.2824215344376635,0.3206182673229121,0.3775101914642864,0.35185185185185186,108.0,0.3684210526315789,0.7,0.25,28.0,0.27586206896551724,0.2962962962962963,0.25806451612903225,31.0,0.42592592592592593,0.323943661971831,0.6216216216216216,37.0,0.0,0.0,0.0,12.0,,,,
p_410,0.323015873015873,0.35913654618473895,0.4241134751773049,0.383098177542622,0.44615127175368136,0.46296296296296297,108.0,0.3111111111111111,0.7,0.2,35.0,0.0,0.0,0.0,20.0,0.6,0.46987951807228917,0.8297872340425532,47.0,0.38095238095238093,0.26666666666666666,0.6666666666666666,6.0,,,,
p_411,0.24790236460717008,0.23882575757575758,0.2910869565217391,0.36697318981834615,0.32560325476992147,0.46296296296296297,108.0,0.0,0.0,0.0,14.0,0.3684210526315789,0.4666666666666667,0.30434782608695654,23.0,0.6231884057971014,0.48863636363636365,0.86,50.0,0.0,0.0,0.0,21.0,,,,
p_412,0.310339861751152,0.3164335664335664,0.3246249682176455,0.45465309779825913,0.4475848225848225,0.49074074074074076,108.0,0.45161290322580644,0.5384615384615384,0.3888888888888889,36.0,0.6607142857142857,0.5606060606060606,0.8043478260869565,46.0,0.12903225806451613,0.16666666666666666,0.10526315789473684,19.0,0.0,0.0,0.0,7.0,,,,
p_413,0.29874517374517373,0.3499122807017544,0.32451201201201196,0.3769424186090853,0.43438596491228065,0.4166666666666667,108.0,0.5045045045045045,0.37333333333333335,0.7777777777777778,36.0,0.3333333333333333,0.5,0.25,28.0,0.35714285714285715,0.5263157894736842,0.2702702702702703,37.0,0.0,0.0,0.0,7.0,,,,
p_414,0.4490388381692729,0.6317401960784313,0.43070726646308044,0.4782702434876348,0.5844226579520697,0.5,108.0,0.41025641025641024,0.6666666666666666,0.2962962962962963,27.0,0.5945945945945946,0.4852941176470588,0.7674418604651163,43.0,0.391304347826087,0.375,0.4090909090909091,22.0,0.4,1.0,0.25,16.0,,,,
p_415,0.3330448412157557,0.33291245791245794,0.36961722488038273,0.39330890110500305,0.4056927297668039,0.42592592592592593,108.0,0.3448275862068966,0.5,0.2631578947368421,38.0,0.4782608695652174,0.4074074074074074,0.5789473684210527,38.0,0.509090909090909,0.42424242424242425,0.6363636363636364,22.0,0.0,0.0,0.0,10.0,,,,
p_416,0.3762420718816068,0.3840460526315789,0.40922619047619047,0.4278413984809334,0.4179154483430799,0.49074074074074076,108.0,0.45,0.47368421052631576,0.42857142857142855,21.0,0.6363636363636364,0.5,0.875,40.0,0.4186046511627907,0.5625,0.3333333333333333,27.0,0.0,0.0,0.0,20.0,,,,
p_417,0.3269084332762231,0.3606060606060606,0.34332047263081744,0.4210028132072678,0.4533670033670034,0.4537037037037037,108.0,0.3333333333333333,0.5333333333333333,0.24242424242424243,33.0,0.35294117647058826,0.4090909090909091,0.3103448275862069,29.0,0.6213592233009708,0.5,0.8205128205128205,39.0,0.0,0.0,0.0,7.0,,,,
p_418,0.33034179391242796,0.31697486960644855,0.3592857142857143,0.4126264498900762,0.3784135012205187,0.4722222222222222,108.0,0.0,0.0,0.0,19.0,0.36363636363636365,0.42105263157894735,0.32,25.0,0.6129032258064516,0.5135135135135135,0.76,50.0,0.3448275862068966,0.3333333333333333,0.35714285714285715,14.0,,,,
p_419,0.28214285714285714,0.25274725274725274,0.3248069498069498,0.41574074074074074,0.3706077872744539,0.48148148148148145,108.0,0.5,0.48717948717948717,0.5135135135135135,37.0,0.0,0.0,0.0,17.0,0.6285714285714286,0.5238095238095238,0.7857142857142857,42.0,0.0,0.0,0.0,12.0,,,,
p_420,0.179359243697479,0.1491244765892653,0.22915027537372148,0.25057384064737004,0.20642825924516064,0.32407407407407407,108.0,0.48214285714285715,0.38028169014084506,0.6585365853658537,41.0,0.0,0.0,0.0,24.0,0.23529411764705882,0.21621621621621623,0.25806451612903225,31.0,0.0,0.0,0.0,12.0,,,,
p_421,0.34427870319971565,0.3426724137931034,0.3749808499555719,0.4748442510463374,0.4531449553001277,0.5277777777777778,108.0,0.7128712871287128,0.6206896551724138,0.8372093023255814,43.0,0.12903225806451613,0.25,0.08695652173913043,23.0,0.5352112676056338,0.5,0.5757575757575758,33.0,0.0,0.0,0.0,9.0,,,,
p_422,0.3546645314937998,0.41865079365079366,0.3672348484848485,0.4786870511802761,0.5209435626102293,0.5277777777777778,108.0,0.48148148148148145,0.6190476190476191,0.3939393939393939,33.0,0.30303030303030304,0.5555555555555556,0.20833333333333334,24.0,0.6341463414634146,0.5,0.8666666666666667,45.0,0.0,0.0,0.0,6.0,,,,
p_423,0.22571112515802785,0.2311827956989247,0.24329611908559276,0.3839219869363675,0.3655416168857029,0.4351851851851852,108.0,0.3125,0.3225806451612903,0.30303030303030304,33.0,0.21428571428571427,0.3333333333333333,0.15789473684210525,19.0,0.6017699115044248,0.5,0.7555555555555555,45.0,0.0,0.0,0.0,10.0,0.0,0.0,0.0,1.0
p_424,0.32870150644237023,0.3485976669148672,0.3469791666666666,0.4514600557420786,0.4492912495518601,0.5092592592592593,108.0,0.3673469387755102,0.5294117647058824,0.28125,32.0,0.0,0.0,0.0,11.0,0.6511627906976745,0.5316455696202531,0.84,50.0,0.2962962962962963,0.3333333333333333,0.26666666666666666,15.0,,,,
p_425,0.2756140350877193,0.24227941176470585,0.3225155279503106,0.42339181286549704,0.3694852941176471,0.5,108.0,0.6491228070175439,0.5441176470588235,0.8043478260869565,46.0,0.0,0.0,0.0,13.0,0.4533333333333333,0.425,0.4857142857142857,35.0,0.0,0.0,0.0,14.0,,,,
p_426,0.29037010843941535,0.2836395873629916,0.31352330591461025,0.4296693558244713,0.40171036607206817,0.4722222222222222,108.0,0.6138613861386139,0.5636363636363636,0.6739130434782609,46.0,0.0,0.0,0.0,10.0,0.4523809523809524,0.40425531914893614,0.5135135135135135,37.0,0.09523809523809523,0.16666666666666666,0.06666666666666667,15.0,,,,
p_427,0.2930327868852459,0.2654109589041096,0.33418367346938777,0.4623557984213722,0.41222729578893963,0.5370370370370371,108.0,0.6721311475409836,0.5616438356164384,0.8367346938775511,49.0,0.0,0.0,0.0,16.0,0.5,0.5,0.5,34.0,0.0,0.0,0.0,9.0,,,,
p_428,0.466711895070104,0.49822650850611383,0.46937464709203836,0.457802737155971,0.481936660710418,0.46296296296296297,108.0,0.6,0.5555555555555556,0.6521739130434783,23.0,0.42424242424242425,0.6363636363636364,0.3181818181818182,22.0,0.3880597014925373,0.40625,0.37142857142857144,35.0,0.45454545454545453,0.39473684210526316,0.5357142857142857,28.0,,,,
p_429,0.4112620254680452,0.5929559891107078,0.40593434343434337,0.3996939576597075,0.5247088626739261,0.42592592592592593,108.0,0.24390243902439024,0.625,0.15151515151515152,33.0,0.5319148936170213,0.43103448275862066,0.6944444444444444,36.0,0.36923076923076925,0.3157894736842105,0.4444444444444444,27.0,0.5,1.0,0.3333333333333333,12.0,,,,
p_430,0.3704269073220686,0.4035149061464851,0.36495499181669394,0.4315441817905976,0.43853105958369104,0.4537037037037037,108.0,0.21428571428571427,0.23076923076923078,0.2,15.0,0.5892857142857143,0.5076923076923077,0.7021276595744681,47.0,0.3225806451612903,0.45454545454545453,0.25,20.0,0.35555555555555557,0.42105263157894735,0.3076923076923077,26.0,,,,
p_431,0.36981835037605515,0.35300586510263926,0.3963236635650429,0.4608125181844538,0.4346556967524709,0.5,108.0,0.6185567010309279,0.5454545454545454,0.7142857142857143,42.0,0.5862068965517241,0.5483870967741935,0.6296296296296297,27.0,0.27450980392156865,0.3181818181818182,0.2413793103448276,29.0,0.0,0.0,0.0,10.0,,,,
p_432,0.4160546899908602,0.4261283043197937,0.41365937365937366,0.42747753297398683,0.42825775485349954,0.4351851851851852,108.0,0.48484848484848486,0.5333333333333333,0.4444444444444444,18.0,0.5476190476190477,0.48936170212765956,0.6216216216216216,37.0,0.46153846153846156,0.5,0.42857142857142855,28.0,0.1702127659574468,0.18181818181818182,0.16,25.0,,,,
p_433,0.45404761904761903,0.4552884615384616,0.45470779220779217,0.4516754850088184,0.45201210826210825,0.4537037037037037,108.0,0.47619047619047616,0.5,0.45454545454545453,33.0,0.5066666666666667,0.475,0.5428571428571428,35.0,0.5,0.5,0.5,12.0,0.3333333333333333,0.34615384615384615,0.32142857142857145,28.0,,,,
p_434,0.36432129514321293,0.3587092731829574,0.39751680763391883,0.5172339836723399,0.49249280608929735,0.5648148148148148,108.0,0.6727272727272727,0.6491228070175439,0.6981132075471698,53.0,0.18181818181818182,0.2857142857142857,0.13333333333333333,15.0,0.6027397260273972,0.5,0.7586206896551724,29.0,0.0,0.0,0.0,11.0,,,,
p_435,0.21055375347544023,0.1840572033898305,0.24603174603174605,0.3174557203171661,0.27782682046453233,0.37037037037037035,108.0,0.4807692307692308,0.423728813559322,0.5555555555555556,45.0,0.3614457831325301,0.3125,0.42857142857142855,35.0,0.0,0.0,0.0,19.0,0.0,0.0,0.0,9.0,,,,
p_436,0.2697212890381983,0.3059223492313757,0.3006493506493506,0.31206019382577793,0.3239992554635834,0.3611111111111111,108.0,0.0,0.0,0.0,19.0,0.2222222222222222,0.5,0.14285714285714285,21.0,0.3829787234042553,0.3050847457627119,0.5142857142857142,35.0,0.47368421052631576,0.4186046511627907,0.5454545454545454,33.0,,,,
p_437,0.3864750381197749,0.3698268106162843,0.41522748241263985,0.36977047075731284,0.366059379217274,0.37962962962962965,108.0,0.43956043956043955,0.4444444444444444,0.43478260869565216,46.0,0.2631578947368421,0.2777777777777778,0.25,20.0,0.21818181818181817,0.23076923076923078,0.20689655172413793,29.0,0.625,0.5263157894736842,0.7692307692307693,13.0,,,,
p_438,0.3891177787729512,0.38863340765514676,0.4174715909090909,0.46651324409945094,0.44659495987998404,0.5277777777777778,108.0,0.42857142857142855,0.46153846153846156,0.4,15.0,0.6551724137931034,0.5277777777777778,0.8636363636363636,44.0,0.0,0.0,0.0,17.0,0.4727272727272727,0.5652173913043478,0.40625,32.0,,,,
p_439,0.34152476283804234,0.38847462061747773,0.35664715719063544,0.3675085410228477,0.40063618039808513,0.3888888888888889,108.0,0.20689655172413793,0.5,0.13043478260869565,23.0,0.3829787234042553,0.3333333333333333,0.45,20.0,0.5454545454545454,0.4897959183673469,0.6153846153846154,39.0,0.23076923076923078,0.23076923076923078,0.23076923076923078,26.0,,,,
p_440,0.2951001540832049,0.28695652173913044,0.3157407407407407,0.4769902413970211,0.4420289855072464,0.5370370370370371,108.0,0.4,0.43478260869565216,0.37037037037037035,27.0,0.711864406779661,0.6,0.875,48.0,0.36363636363636365,0.4,0.3333333333333333,18.0,0.0,0.0,0.0,14.0,0.0,0.0,0.0,1.0
p_441,0.33205463601147056,0.3607558139534884,0.35935485761162544,0.46746751782723,0.4512058570198105,0.5555555555555556,108.0,0.36363636363636365,0.6,0.2608695652173913,23.0,0.23076923076923078,0.25,0.21428571428571427,14.0,0.7338129496402878,0.5930232558139535,0.9622641509433962,53.0,0.0,0.0,0.0,18.0,,,,
p_442,0.3467268143893338,0.3600046750818139,0.37799259902918436,0.38313562635000936,0.430564645992416,0.37962962962962965,108.0,0.375,0.5217391304347826,0.2926829268292683,41.0,0.4117647058823529,0.45161290322580644,0.3783783783783784,37.0,0.17391304347826086,0.13333333333333333,0.25,8.0,0.4262295081967213,0.3333333333333333,0.5909090909090909,22.0,,,,
p_443,0.28649237472766886,0.3067434210526316,0.34927825552825553,0.3622851609779715,0.3633345516569201,0.4444444444444444,108.0,0.5777777777777777,0.45614035087719296,0.7878787878787878,33.0,0.07407407407407407,0.3333333333333333,0.041666666666666664,24.0,0.49411764705882355,0.4375,0.5675675675675675,37.0,0.0,0.0,0.0,14.0,,,,
p_444,0.2736175115207373,0.26443877551020406,0.2962688474316381,0.3493414689651249,0.3229761904761905,0.3888888888888889,108.0,0.45161290322580644,0.42,0.4883720930232558,43.0,0.0,0.0,0.0,17.0,0.19047619047619047,0.25,0.15384615384615385,13.0,0.4523809523809524,0.3877551020408163,0.5428571428571428,35.0,,,,
p_445,0.35111894810170674,0.3642063492063492,0.3689574314574315,0.4238844382522544,0.43301587301587297,0.4537037037037037,108.0,0.5050505050505051,0.3968253968253968,0.6944444444444444,36.0,0.4827586206896552,0.56,0.42424242424242425,33.0,0.0,0.0,0.0,11.0,0.4166666666666667,0.5,0.35714285714285715,28.0,,,,
p_446,0.23536036036036034,0.3613861386138614,0.2893617021276596,0.326368034701368,0.37907957462412906,0.4537037037037037,108.0,0.6081081081081081,0.44554455445544555,0.9574468085106383,47.0,0.3333333333333333,1.0,0.2,20.0,0.0,0.0,0.0,31.0,0.0,0.0,0.0,10.0,,,,
p_447,0.40934908041831947,0.40426136363636367,0.43125,0.5074795314607792,0.4760521885521885,0.5648148148148148,108.0,0.5,0.5625,0.45,20.0,0.711864406779661,0.6,0.875,48.0,0.425531914893617,0.45454545454545453,0.4,25.0,0.0,0.0,0.0,15.0,,,,
p_448,0.335402397260274,0.32774864024864026,0.3442227806554182,0.42466546169457126,0.41559649198538084,0.4351851851851852,108.0,0.5205479452054794,0.5277777777777778,0.5135135135135135,37.0,0.3835616438356164,0.358974358974359,0.4117647058823529,34.0,0.4375,0.42424242424242425,0.45161290322580644,31.0,0.0,0.0,0.0,6.0,,,,
p_449,0.27314181486548106,0.23772791023842915,0.325,0.40465454054145344,0.3521894966495247,0.48148148148148145,108.0,0.46511627906976744,0.43478260869565216,0.5,40.0,0.6274509803921569,0.5161290322580645,0.8,40.0,0.0,0.0,0.0,13.0,0.0,0.0,0.0,15.0,,,,
p_450,0.3128781504187202,0.3070516948656402,0.33821733821733824,0.35090874823214446,0.336774453746528,0.3888888888888889,108.0,0.46808510638297873,0.3793103448275862,0.6111111111111112,36.0,0.3389830508474576,0.3225806451612903,0.35714285714285715,28.0,0.4444444444444444,0.5263157894736842,0.38461538461538464,26.0,0.0,0.0,0.0,18.0,,,,
p_451,0.3527645292351175,0.49127906976744184,0.3475155279503106,0.4105249039889563,0.451442721791559,0.4722222222222222,108.0,0.5882352941176471,0.46511627906976744,0.8,50.0,0.4444444444444444,1.0,0.2857142857142857,14.0,0.0,0.0,0.0,21.0,0.3783783783783784,0.5,0.30434782608695654,23.0,,,,
p_452,0.22142857142857142,0.22777777777777777,0.26263157894736844,0.37830687830687826,0.3724279835390946,0.46296296296296297,108.0,0.6,0.4666666666666667,0.84,50.0,0.0,0.0,0.0,10.0,0.2857142857142857,0.4444444444444444,0.21052631578947367,38.0,0.0,0.0,0.0,10.0,,,,
p_453,0.5136453123759624,0.5598631239935588,0.5086597326336831,0.5138085787621391,0.5614510645911612,0.5092592592592593,108.0,0.5098039215686274,0.48148148148148145,0.5416666666666666,24.0,0.48,0.391304347826087,0.6206896551724138,29.0,0.5263157894736842,0.6666666666666666,0.43478260869565216,23.0,0.5384615384615384,0.7,0.4375,32.0,,,,
p_454,0.31046501046501046,0.35531135531135527,0.3153548002385212,0.5071262339780858,0.5195021028354362,0.5462962962962963,108.0,0.6481481481481481,0.5384615384615384,0.813953488372093,43.0,0.36363636363636365,0.6666666666666666,0.25,16.0,0.5405405405405406,0.5714285714285714,0.5128205128205128,39.0,0.0,0.0,0.0,10.0,0.0,0.0,0.0,0.0
p_455,0.4282407407407407,0.5662213938076007,0.455249822641127,0.5067729766803841,0.6038567302935118,0.5555555555555556,108.0,0.6666666666666666,0.5675675675675675,0.8076923076923077,26.0,0.6666666666666666,0.5862068965517241,0.7727272727272727,44.0,0.08333333333333333,0.1111111111111111,0.06666666666666667,15.0,0.2962962962962963,1.0,0.17391304347826086,23.0,,,,
p_456,0.3411679748822606,0.5520833333333333,0.33744800950683307,0.4573568230711088,0.6324845679012346,0.49074074074074076,108.0,0.4489795918367347,0.7333333333333333,0.3235294117647059,34.0,0.0,0.0,0.0,7.0,0.608,0.475,0.8444444444444444,45.0,0.3076923076923077,1.0,0.18181818181818182,22.0,,,,
p_457,0.4203296703296703,0.41744700929152145,0.4445299145299145,0.5256649668414375,0.5376002817567858,0.5370370370370371,108.0,0.6813186813186813,0.7560975609756098,0.62,50.0,0.5882352941176471,0.47619047619047616,0.7692307692307693,26.0,0.0,0.0,0.0,14.0,0.4117647058823529,0.4375,0.3888888888888889,18.0,,,,
p_458,0.4045451604554865,0.5537008281573499,0.39185493037794833,0.5007054673721341,0.576278659611993,0.5277777777777778,108.0,0.6434782608695652,0.5362318840579711,0.8043478260869565,46.0,0.38095238095238093,1.0,0.23529411764705882,17.0,0.46875,0.5357142857142857,0.4166666666666667,36.0,0.125,0.14285714285714285,0.1111111111111111,9.0,,,,
p_459,0.3117469879518072,0.39903846153846156,0.3333333333333333,0.48438197233377955,0.45334757834757833,0.6111111111111112,108.0,0.7469879518072289,0.5961538461538461,1.0,62.0,0.5,1.0,0.3333333333333333,12.0,0.0,0.0,0.0,21.0,0.0,0.0,0.0,13.0,,,,
p_460,0.3555616342001915,0.3884615384615384,0.361640708915145,0.430684274473962,0.42720797720797715,0.48148148148148145,108.0,0.5984251968503937,0.48717948717948717,0.7755102040816326,49.0,0.3076923076923077,0.4,0.25,24.0,0.5161290322580645,0.6666666666666666,0.42105263157894735,19.0,0.0,0.0,0.0,16.0,,,,
p_461,0.3642892580500608,0.5511374590321958,0.3550174615300666,0.4365616857174696,0.5389203064641661,0.48148148148148145,108.0,0.6299212598425197,0.5128205128205128,0.8163265306122449,49.0,0.3333333333333333,1.0,0.2,20.0,0.24390243902439024,0.2631578947368421,0.22727272727272727,22.0,0.25,0.42857142857142855,0.17647058823529413,17.0,,,,
p_462,0.26799634923426024,0.26521052631578945,0.27355245822065044,0.4907504320786074,0.4765667641325536,0.5092592592592593,108.0,0.6611570247933884,0.625,0.7017543859649122,57.0,0.0,0.0,0.0,5.0,0.38095238095238093,0.42105263157894735,0.34782608695652173,23.0,0.2978723404255319,0.28,0.3181818181818182,22.0,0.0,0.0,0.0,1.0
p_463,0.26806398234969664,0.2537634408602151,0.31565656565656564,0.42401585258728114,0.36925527678215847,0.5370370370370371,108.0,0.6938775510204082,0.5483870967741935,0.9444444444444444,54.0,0.0,0.0,0.0,12.0,0.3783783783783784,0.4666666666666667,0.3181818181818182,22.0,0.0,0.0,0.0,20.0,,,,
p_464,0.34523809523809523,0.48958333333333337,0.3412186379928316,0.5044091710758377,0.5844907407407407,0.5370370370370371,108.0,0.6666666666666666,0.5833333333333334,0.7777777777777778,54.0,0.3333333333333333,1.0,0.2,20.0,0.38095238095238093,0.375,0.3870967741935484,31.0,0.0,0.0,0.0,3.0,,,,
p_465,0.23412698412698413,0.2321078431372549,0.28891320964491696,0.28145208700764257,0.25307734204793025,0.37962962962962965,108.0,0.5555555555555556,0.4117647058823529,0.8536585365853658,41.0,0.19047619047619047,0.25,0.15384615384615385,13.0,0.19047619047619047,0.26666666666666666,0.14814814814814814,27.0,0.0,0.0,0.0,27.0,,,,
p_466,0.37297337498140704,0.3730972564032449,0.428035178035178,0.4006864219566882,0.37895360495852703,0.4722222222222222,108.0,0.5783132530120482,0.5217391304347826,0.6486486486486487,37.0,0.5432098765432098,0.41509433962264153,0.7857142857142857,28.0,0.0,0.0,0.0,25.0,0.37037037037037035,0.5555555555555556,0.2777777777777778,18.0,,,,
p_467,0.2802631578947368,0.3859223300970874,0.31228070175438594,0.42792397660818715,0.4258360302049623,0.5555555555555556,108.0,0.7,0.5436893203883495,0.9824561403508771,57.0,0.0,0.0,0.0,25.0,0.0,0.0,0.0,11.0,0.42105263157894735,1.0,0.26666666666666666,15.0,,,,
p_468,0.3434640522875817,0.3392857142857143,0.392516651430064,0.40728637133865886,0.40211640211640215,0.46296296296296297,108.0,0.5777777777777777,0.5,0.6842105263157895,38.0,0.26666666666666666,0.42857142857142855,0.1935483870967742,31.0,0.5294117647058824,0.42857142857142855,0.6923076923076923,26.0,0.0,0.0,0.0,13.0,,,,
p_469,0.42908510275224887,0.4859234234234234,0.45099523118391044,0.5065368505923343,0.5634175842509176,0.5277777777777778,108.0,0.6141732283464567,0.527027027027027,0.7358490566037735,53.0,0.21052631578947367,0.3333333333333333,0.15384615384615385,13.0,0.47058823529411764,0.75,0.34285714285714286,35.0,0.42105263157894735,0.3333333333333333,0.5714285714285714,7.0,,,,
p_470,0.34955223880597014,0.3344155844155844,0.38605234193469484,0.3579546710889994,0.326960076960077,0.4166666666666667,108.0,0.3582089552238806,0.36363636363636365,0.35294117647058826,34.0,0.0,0.0,0.0,24.0,0.54,0.42857142857142855,0.7297297297297297,37.0,0.5,0.5454545454545454,0.46153846153846156,13.0,,,,
p_471,0.29346622369878184,0.3001113895850738,0.3174019607843137,0.39196505475575244,0.41591323988984813,0.4074074074074074,108.0,0.4186046511627907,0.5142857142857142,0.35294117647058826,51.0,0.27906976744186046,0.3157894736842105,0.25,24.0,0.47619047619047616,0.37037037037037035,0.6666666666666666,30.0,0.0,0.0,0.0,3.0,,,,
p_472,0.3247461267065501,0.4967105263157895,0.32018513401492127,0.4393449347491379,0.559088693957115,0.4722222222222222,108.0,0.6016260162601627,0.4868421052631579,0.7872340425531915,47.0,0.0,0.0,0.0,7.0,0.37735849056603776,0.5,0.30303030303030304,33.0,0.32,1.0,0.19047619047619047,21.0,,,,
p_473,0.26684373978424325,0.28908730158730156,0.28148041474654384,0.4281040766166625,0.4288065843621399,0.48148148148148145,108.0,0.6142857142857143,0.5119047619047619,0.7678571428571429,56.0,0.0,0.0,0.0,11.0,0.34782608695652173,0.5333333333333333,0.25806451612903225,31.0,0.10526315789473684,0.1111111111111111,0.1,10.0,,,,
p_474,0.4358267364916982,0.6217532467532467,0.41778735912777915,0.5034767873869891,0.5952982202982203,0.5462962962962963,108.0,0.6825396825396826,0.5584415584415584,0.8775510204081632,49.0,0.35294117647058826,0.5,0.2727272727272727,11.0,0.36,0.42857142857142855,0.3103448275862069,29.0,0.34782608695652173,1.0,0.21052631578947367,19.0,,,,
p_475,0.28556107249255214,0.363573883161512,0.3003274314819306,0.48154179999264407,0.48055237367952136,0.5740740740740741,108.0,0.7169811320754716,0.5876288659793815,0.9193548387096774,62.0,0.32,0.6666666666666666,0.21052631578947367,19.0,0.10526315789473684,0.2,0.07142857142857142,14.0,0.0,0.0,0.0,13.0,,,,
p_476,0.301638046522957,0.3041885015569226,0.33399470899470896,0.3498795653527111,0.3310443617461162,0.4166666666666667,108.0,0.5378151260504201,0.4155844155844156,0.7619047619047619,42.0,0.19047619047619047,0.2222222222222222,0.16666666666666666,12.0,0.0,0.0,0.0,27.0,0.4782608695652174,0.5789473684210527,0.4074074074074074,27.0,,,,
p_477,0.3343449896673285,0.36896551724137927,0.34876913147704225,0.5080558819689255,0.4882716049382716,0.5833333333333334,108.0,0.7310344827586207,0.6091954022988506,0.9137931034482759,58.0,0.0,0.0,0.0,11.0,0.17391304347826086,0.3333333333333333,0.11764705882352941,17.0,0.43243243243243246,0.5333333333333333,0.36363636363636365,22.0,,,,
p_478,0.3505009775171065,0.5322098508117595,0.3621378434886499,0.37041239326185565,0.5329172964100564,0.39814814814814814,108.0,0.44155844155844154,0.3953488372093023,0.5,34.0,0.4523809523809524,0.3584905660377358,0.6129032258064516,31.0,0.25806451612903225,1.0,0.14814814814814814,27.0,0.25,0.375,0.1875,16.0,,,,
p_479,0.33320838753775933,0.3628514056224899,0.3583423913043478,0.42459031253598317,0.4170087758441172,0.5,108.0,0.6466165413533834,0.5180722891566265,0.86,50.0,0.0,0.0,0.0,19.0,0.36363636363636365,0.6,0.2608695652173913,23.0,0.3225806451612903,0.3333333333333333,0.3125,16.0,,,,
p_480,0.38847177128427124,0.37444789510006904,0.422491904346743,0.45707362981668537,0.447293791375917,0.49074074074074076,108.0,0.5396825396825397,0.4857142857142857,0.6071428571428571,28.0,0.46875,0.5555555555555556,0.40540540540540543,37.0,0.5454545454545454,0.45652173913043476,0.6774193548387096,31.0,0.0,0.0,0.0,12.0,,,,
p_481,0.39021115226276726,0.4108748778103617,0.4207576843446409,0.4463175825779299,0.44595507041743593,0.5,108.0,0.6229508196721312,0.5757575757575758,0.6785714285714286,28.0,0.5742574257425742,0.46774193548387094,0.7435897435897436,39.0,0.36363636363636365,0.6,0.2608695652173913,23.0,0.0,0.0,0.0,18.0,,,,
p_482,0.2763037964650868,0.2862863680941484,0.2805672268907563,0.4038800530736015,0.4264843872967443,0.39814814814814814,108.0,0.5806451612903226,0.6428571428571429,0.5294117647058824,51.0,0.22727272727272727,0.2631578947368421,0.2,25.0,0.2972972972972973,0.2391304347826087,0.39285714285714285,28.0,0.0,0.0,0.0,4.0,,,,
p_483,0.36496678794784476,0.3621531100478469,0.3827985739750446,0.44292255508606454,0.44124756335282656,0.46296296296296297,108.0,0.5423728813559322,0.64,0.47058823529411764,34.0,0.29411764705882354,0.2631578947368421,0.3333333333333333,30.0,0.0,0.0,0.0,11.0,0.6233766233766234,0.5454545454545454,0.7272727272727273,33.0,,,,
p_484,0.2622383670645217,0.26559139784946234,0.3104967948717949,0.3767706471390955,0.3499402628434886,0.48148148148148145,108.0,0.6099290780141844,0.46236559139784944,0.8958333333333334,48.0,0.0,0.0,0.0,23.0,0.43902439024390244,0.6,0.34615384615384615,26.0,0.0,0.0,0.0,11.0,,,,
p_485,0.21200980392156862,0.19291754756871035,0.2553448275862069,0.3392338416848221,0.2953860308511471,0.42592592592592593,108.0,0.5735294117647058,0.45348837209302323,0.78,50.0,0.0,0.0,0.0,13.0,0.0,0.0,0.0,16.0,0.27450980392156865,0.3181818181818182,0.2413793103448276,29.0,,,,
p_486,0.36033711730306156,0.4682315233785822,0.36383623216728556,0.415312973792506,0.44450379867046536,0.4537037037037037,108.0,0.5263157894736842,0.4807692307692308,0.5813953488372093,43.0,0.47058823529411764,0.39215686274509803,0.5882352941176471,34.0,0.4444444444444444,1.0,0.2857142857142857,14.0,0.0,0.0,0.0,17.0,,,,
p_487,0.19807692307692307,0.16414141414141414,0.2595693779904306,0.37556980056980055,0.2991956603067714,0.5092592592592593,108.0,0.6923076923076923,0.5454545454545454,0.9473684210526315,57.0,0.0,0.0,0.0,7.0,0.1,0.1111111111111111,0.09090909090909091,11.0,0.0,0.0,0.0,33.0,,,,
p_488,0.3492461817036687,0.3506446039340776,0.36904761904761907,0.43045896825813373,0.4301162206863961,0.4537037037037037,108.0,0.4166666666666667,0.5263157894736842,0.3448275862068966,29.0,0.5205479452054794,0.4318181818181818,0.6551724137931034,29.0,0.0,0.0,0.0,8.0,0.45977011494252873,0.4444444444444444,0.47619047619047616,42.0,,,,
p_489,0.33128342245989306,0.3005952380952381,0.39036576168929116,0.2897207367795603,0.2484567901234568,0.3611111111111111,108.0,0.0,0.0,0.0,36.0,0.45454545454545453,0.5,0.4166666666666667,12.0,0.47058823529411764,0.38095238095238093,0.6153846153846154,26.0,0.4,0.32142857142857145,0.5294117647058824,34.0,,,,
p_490,0.383202318454117,0.5113252197430697,0.3992081447963801,0.48643436173412186,0.5212668720106178,0.5740740740740741,108.0,0.7194244604316546,0.5747126436781609,0.9615384615384616,52.0,0.43243243243243246,0.47058823529411764,0.4,20.0,0.38095238095238093,1.0,0.23529411764705882,17.0,0.0,0.0,0.0,19.0,,,,
p_491,0.32671361804477406,0.30222861842105264,0.40351307189542485,0.3469198567177057,0.33294286062378164,0.42592592592592593,108.0,0.2033898305084746,0.3157894736842105,0.15,40.0,0.0,0.0,0.0,16.0,0.5918367346938775,0.453125,0.8529411764705882,34.0,0.5116279069767442,0.44,0.6111111111111112,18.0,,,,
p_492,0.20479641131815046,0.17375,0.2586065573770492,0.4102190527311301,0.3335185185185185,0.5370370370370371,108.0,0.7080745341614907,0.57,0.9344262295081968,61.0,0.0,0.0,0.0,20.0,0.0,0.0,0.0,17.0,0.1111111111111111,0.125,0.1,10.0,,,,
p_493,0.3473880780382328,0.5102040816326531,0.35742492801316333,0.45079656293966575,0.49300831443688586,0.5555555555555556,108.0,0.6928104575163399,0.5408163265306123,0.9636363636363636,55.0,0.0,0.0,0.0,23.0,0.38095238095238093,1.0,0.23529411764705882,17.0,0.3157894736842105,0.5,0.23076923076923078,13.0,,,,
p_494,0.3076144397629079,0.3182418411620449,0.33166666666666667,0.3688874209494791,0.38268111537306027,0.39814814814814814,108.0,0.3582089552238806,0.4444444444444444,0.3,40.0,0.4090909090909091,0.47368421052631576,0.36,25.0,0.0,0.0,0.0,10.0,0.4631578947368421,0.3548387096774194,0.6666666666666666,33.0,,,,
p_495,0.21630434782608693,0.25263157894736843,0.27674418604651163,0.3083735909822866,0.3301169590643274,0.4166666666666667,108.0,0.5652173913043478,0.4105263157894737,0.9069767441860465,43.0,0.0,0.0,0.0,22.0,0.0,0.0,0.0,13.0,0.3,0.6,0.2,30.0,,,,
p_496,0.3384375671609714,0.500487900078064,0.33375420875420875,0.33676600520572153,0.4437180154393269,0.35185185185185186,108.0,0.2222222222222222,0.3333333333333333,0.16666666666666666,30.0,0.40425531914893614,0.3114754098360656,0.5757575757575758,33.0,0.36363636363636365,1.0,0.2222222222222222,18.0,0.36363636363636365,0.35714285714285715,0.37037037037037035,27.0,,,,
p_497,0.3471863323921166,0.35398948877209746,0.35940235203393095,0.42565747844761564,0.43813188287825966,0.4444444444444444,108.0,0.3225806451612903,0.43478260869565216,0.2564102564102564,39.0,0.5,0.47619047619047616,0.5263157894736842,19.0,0.38461538461538464,0.4166666666666667,0.35714285714285715,14.0,0.5287356321839081,0.4423076923076923,0.6571428571428571,35.0,0.0,0.0,0.0,1.0
p_498,0.34394810468781356,0.3662748643761302,0.37276785714285715,0.4296653073288378,0.44057330386444316,0.49074074074074076,108.0,0.6141732283464567,0.4936708860759494,0.8125,48.0,0.34782608695652173,0.5714285714285714,0.25,32.0,0.41379310344827586,0.4,0.42857142857142855,14.0,0.0,0.0,0.0,14.0,,,,
p_499,0.3254034261173341,0.3550214822771214,0.33854249011857707,0.3778363279068373,0.38893364363289173,0.39814814814814814,108.0,0.5591397849462365,0.5306122448979592,0.5909090909090909,44.0,0.18181818181818182,0.3333333333333333,0.125,16.0,0.36065573770491804,0.2894736842105263,0.4782608695652174,23.0,0.2,0.26666666666666666,0.16,25.0,,,,
p_500,0.31386405801990214,0.30634920634920637,0.3346938775510204,0.3801871529144256,0.3559670781893004,0.42592592592592593,108.0,0.5289256198347108,0.4444444444444444,0.6530612244897959,49.0,0.0,0.0,0.0,16.0,0.32653061224489793,0.38095238095238093,0.2857142857142857,28.0,0.4,0.4,0.4,15.0,,,,
p_501,0.3960914564362841,0.4378664188845379,0.40080776264986795,0.43255327402836985,0.4817160305368531,0.4444444444444444,108.0,0.5252525252525253,0.4262295081967213,0.6842105263157895,38.0,0.4642857142857143,0.6842105263157895,0.35135135135135137,37.0,0.3448275862068966,0.3333333333333333,0.35714285714285715,14.0,0.25,0.3076923076923077,0.21052631578947367,19.0,,,,
p_502,0.3465604707792208,0.4406189083820663,0.396738310708899,0.47358255170755165,0.565608981300989,0.5462962962962963,108.0,0.703125,0.5921052631578947,0.8653846153846154,52.0,0.45454545454545453,0.37037037037037035,0.5882352941176471,17.0,0.22857142857142856,0.8,0.13333333333333333,30.0,0.0,0.0,0.0,9.0,,,,
p_503,0.3929653679653679,0.5684027777777778,0.3835030165912519,0.47915664582331247,0.5640432098765432,0.5277777777777778,108.0,0.38095238095238093,1.0,0.23529411764705882,17.0,0.6818181818181818,0.5625,0.8653846153846154,52.0,0.24242424242424243,0.4444444444444444,0.16666666666666666,24.0,0.26666666666666666,0.26666666666666666,0.26666666666666666,15.0,,,,
p_504,0.3075702075702076,0.35307966886914255,0.35108350951374206,0.34814136480803143,0.3874690936094445,0.42592592592592593,108.0,0.5666666666666667,0.44155844155844154,0.7906976744186046,43.0,0.05555555555555555,0.3333333333333333,0.030303030303030304,33.0,0.09523809523809523,0.1111111111111111,0.08333333333333333,12.0,0.5128205128205128,0.5263157894736842,0.5,20.0,,,,
p_505,0.23651445966514462,0.41156462585034015,0.2891995614035088,0.3660668583347427,0.5387692113882591,0.48148148148148145,108.0,0.2222222222222222,1.0,0.125,32.0,0.0,0.0,0.0,9.0,0.08,0.16666666666666666,0.05263157894736842,19.0,0.6438356164383562,0.47959183673469385,0.9791666666666666,48.0,,,,
p_506,0.4016041993720565,0.45421401515151516,0.3955222106991617,0.40305468341182626,0.4562675364758699,0.3888888888888889,108.0,0.37142857142857144,0.40625,0.34210526315789475,38.0,0.4375,0.5833333333333334,0.35,20.0,0.3076923076923077,0.22727272727272727,0.47619047619047616,21.0,0.4897959183673469,0.6,0.41379310344827586,29.0,,,,
p_507,0.34894527483124393,0.3437600644122383,0.36341354723707664,0.4355999321404336,0.42917934037096683,0.4537037037037037,108.0,0.525,0.45652173913043476,0.6176470588235294,34.0,0.0,0.0,0.0,7.0,0.45901639344262296,0.5185185185185185,0.4117647058823529,34.0,0.4117647058823529,0.4,0.42424242424242425,33.0,,,,
p_508,0.28295652173913044,0.26153972153972155,0.33521303258145363,0.34682769726247986,0.31673795007128336,0.4166666666666667,108.0,0.0,0.0,0.0,29.0,0.5,0.36666666666666664,0.7857142857142857,28.0,0.43478260869565216,0.45454545454545453,0.4166666666666667,12.0,0.48,0.4864864864864865,0.47368421052631576,38.0,0.0,0.0,0.0,1.0
p_509,0.23422077922077922,0.2677637130801688,0.2864285714285714,0.3027296777296777,0.31368182528520083,0.3888888888888889,108.0,0.5454545454545454,0.4177215189873418,0.7857142857142857,42.0,0.0,0.0,0.0,16.0,0.32,0.32,0.32,25.0,0.07142857142857142,0.3333333333333333,0.04,25.0,,,,
p_510,0.36585373690636847,0.43595157657657657,0.3732512179428256,0.4147629282132207,0.44564356022689355,0.46296296296296297,108.0,0.5982905982905983,0.47297297297297297,0.813953488372093,43.0,0.34285714285714286,0.5,0.2608695652173913,23.0,0.3684210526315789,0.4375,0.3181818181818182,22.0,0.15384615384615385,0.3333333333333333,0.1,20.0,,,,
p_511,0.38208811337125226,0.38726708074534155,0.4202341137123746,0.4407078919274041,0.4275132275132275,0.5092592592592593,108.0,0.43478260869565216,0.43478260869565216,0.43478260869565216,23.0,0.6545454545454545,0.5142857142857142,0.9,40.0,0.43902439024390244,0.6,0.34615384615384615,26.0,0.0,0.0,0.0,19.0,,,,
p_512,0.2191122901488755,0.2138888888888889,0.23093903562653562,0.24083136827039264,0.22983539094650207,0.25925925925925924,108.0,0.2926829268292683,0.26666666666666666,0.32432432432432434,37.0,0.0,0.0,0.0,17.0,0.23376623376623376,0.2,0.28125,32.0,0.35,0.3888888888888889,0.3181818181818182,22.0,,,,
p_513,0.41506974998436097,0.4576130452180872,0.4111128526645768,0.42316741051718915,0.4564885213344598,0.42592592592592593,108.0,0.5161290322580645,0.5333333333333333,0.5,32.0,0.35294117647058826,0.5,0.2727272727272727,22.0,0.41025641025641024,0.32653061224489793,0.5517241379310345,29.0,0.38095238095238093,0.47058823529411764,0.32,25.0,,,,
p_514,0.49645267013688066,0.49107142857142855,0.5101782092147205,0.4849566937286236,0.4857804232804233,0.49074074074074076,108.0,0.45614035087719296,0.4642857142857143,0.4482758620689655,29.0,0.4,0.45454545454545453,0.35714285714285715,28.0,0.5142857142857142,0.5,0.5294117647058824,34.0,0.6153846153846154,0.5454545454545454,0.7058823529411765,17.0,,,,
p_515,0.2632418054454137,0.27683178534571723,0.2660266457680251,0.3089990185136233,0.31377326759163704,0.32407407407407407,108.0,0.2916666666666667,0.3684210526315789,0.2413793103448276,29.0,0.0,0.0,0.0,17.0,0.3076923076923077,0.35294117647058826,0.2727272727272727,22.0,0.4536082474226804,0.38596491228070173,0.55,40.0,,,,
p_516,0.35766694884191785,0.3960283251231527,0.36893076878845377,0.3832053847958932,0.4346481025360336,0.3888888888888889,108.0,0.43478260869565216,0.3448275862068966,0.5882352941176471,34.0,0.2553191489361702,0.375,0.1935483870967742,31.0,0.25,0.21428571428571427,0.3,10.0,0.49056603773584906,0.65,0.3939393939393939,33.0,,,,
p_517,0.3508385385471036,0.3936147186147186,0.35874905176462085,0.43997524948581684,0.44726230559563895,0.49074074074074076,108.0,0.6129032258064516,0.4935064935064935,0.8085106382978723,47.0,0.0,0.0,0.0,11.0,0.4827586206896552,0.7,0.3684210526315789,19.0,0.3076923076923077,0.38095238095238093,0.25806451612903225,31.0,,,,
p_518,0.28707915273132667,0.3888257575757576,0.30666666666666664,0.39335645567529626,0.43362794612794614,0.4722222222222222,108.0,0.6231884057971014,0.48863636363636365,0.86,50.0,0.20512820512820512,0.26666666666666666,0.16666666666666666,24.0,0.32,0.8,0.2,20.0,0.0,0.0,0.0,14.0,,,,
p_519,0.3621396334162292,0.36666666666666664,0.3599206349206349,0.4578229099505695,0.45476190476190476,0.46296296296296297,108.0,0.42424242424242425,0.4666666666666667,0.3888888888888889,18.0,0.0,0.0,0.0,10.0,0.5957446808510638,0.5714285714285714,0.6222222222222222,45.0,0.42857142857142855,0.42857142857142855,0.42857142857142855,35.0,,,,
p_520,0.28555075371713745,0.27109604875998317,0.3246806515879527,0.3694209592624986,0.34215862562857097,0.4166666666666667,108.0,0.5087719298245614,0.47540983606557374,0.5471698113207547,53.0,0.45161290322580644,0.358974358974359,0.6086956521739131,23.0,0.0,0.0,0.0,18.0,0.18181818181818182,0.25,0.14285714285714285,14.0,,,,
p_521,0.3227232537577365,0.3323172905525847,0.3253030303030303,0.46059698071192323,0.45729781474879516,0.48148148148148145,108.0,0.4482758620689655,0.52,0.3939393939393939,33.0,0.0,0.0,0.0,3.0,0.2564102564102564,0.29411764705882354,0.22727272727272727,22.0,0.5862068965517241,0.5151515151515151,0.68,50.0,,,,
p_522,0.2497086247086247,0.23218623481781378,0.29180327868852457,0.47212509712509715,0.40775978407557356,0.5833333333333334,108.0,0.0,0.0,0.0,23.0,0.0,0.0,0.0,4.0,0.24242424242424243,0.3076923076923077,0.2,20.0,0.7564102564102564,0.6210526315789474,0.9672131147540983,61.0,,,,
p_523,0.36059301769488283,0.3879922161172161,0.3738888888888889,0.4199213560763059,0.42013252950752955,0.4722222222222222,108.0,0.5528455284552846,0.4358974358974359,0.7555555555555555,45.0,0.35294117647058826,0.42857142857142855,0.3,20.0,0.5365853658536586,0.6875,0.44,25.0,0.0,0.0,0.0,18.0,,,,
p_524,0.38780425963488846,0.393078349996856,0.4097956062291435,0.4947302356447049,0.48860860168475084,0.5370370370370371,108.0,0.4166666666666667,0.5263157894736842,0.3448275862068966,29.0,0.0,0.0,0.0,8.0,0.4482758620689655,0.48148148148148145,0.41935483870967744,31.0,0.6862745098039216,0.5645161290322581,0.875,40.0,,,,
p_525,0.30172534924825656,0.34339080459770116,0.32979166666666665,0.4569644634095636,0.4707854406130268,0.5370370370370371,108.0,0.6861313868613139,0.5402298850574713,0.94,50.0,0.0,0.0,0.0,11.0,0.425531914893617,0.6666666666666666,0.3125,32.0,0.09523809523809523,0.16666666666666666,0.06666666666666667,15.0,,,,
p_526,0.47671220129531755,0.6599917987971569,0.48917366946778706,0.5249622267991211,0.6204412449628415,0.5648148148148148,108.0,0.6428571428571429,0.5806451612903226,0.72,25.0,0.21052631578947367,1.0,0.11764705882352941,17.0,0.4,0.5,0.3333333333333333,24.0,0.6534653465346535,0.559322033898305,0.7857142857142857,42.0,,,,
p_527,0.2600294204177699,0.22999999999999998,0.3081025641025641,0.3562540180663158,0.30787037037037035,0.4351851851851852,108.0,0.13333333333333333,0.15,0.12,25.0,0.6213592233009708,0.5,0.8205128205128205,39.0,0.5454545454545454,0.5,0.6,20.0,0.0,0.0,0.0,23.0,0.0,0.0,0.0,1.0
p_528,0.37522799165432763,0.5737734487734487,0.35929824561403506,0.3823298210715763,0.5040350595906152,0.4074074074074074,108.0,0.23529411764705882,0.4444444444444444,0.16,25.0,0.42105263157894735,1.0,0.26666666666666666,15.0,0.46956521739130436,0.35064935064935066,0.7105263157894737,38.0,0.375,0.5,0.3,30.0,,,,
p_529,0.23460393772893773,0.2053633822501747,0.27380952380952384,0.3494734432234432,0.3061767217951704,0.4074074074074074,108.0,0.4175824175824176,0.3584905660377358,0.5,38.0,0.0,0.0,0.0,9.0,0.5208333333333334,0.46296296296296297,0.5952380952380952,42.0,0.0,0.0,0.0,19.0,,,,
p_530,0.25623931623931623,0.2482394366197183,0.2832406471183013,0.4247040202595758,0.409037558685446,0.4722222222222222,108.0,0.4266666666666667,0.5,0.37209302325581395,43.0,0.0,0.0,0.0,2.0,0.5982905982905983,0.49295774647887325,0.7608695652173914,46.0,0.0,0.0,0.0,17.0,,,,
p_531,0.2940848214285714,0.320862396956246,0.3291291291291291,0.45045882936507936,0.4762911294300007,0.5185185185185185,108.0,0.5357142857142857,0.7894736842105263,0.40540540540540543,37.0,0.0,0.0,0.0,7.0,0.640625,0.4939759036144578,0.9111111111111111,45.0,0.0,0.0,0.0,19.0,,,,
p_532,0.2689807290457395,0.23940914158305462,0.3086734693877551,0.42346223632501784,0.37394194640571454,0.49074074074074076,108.0,0.6101694915254238,0.5217391304347826,0.7346938775510204,49.0,0.0,0.0,0.0,9.0,0.4657534246575342,0.4358974358974359,0.5,34.0,0.0,0.0,0.0,16.0,,,,
p_533,0.40746852183664267,0.5579416769348119,0.41679738562091506,0.40146644157596,0.5359450279358746,0.4166666666666667,108.0,0.5,0.47368421052631576,0.5294117647058824,17.0,0.27586206896551724,1.0,0.16,25.0,0.3902439024390244,0.34782608695652173,0.4444444444444444,36.0,0.463768115942029,0.41025641025641024,0.5333333333333333,30.0,,,,
p_534,0.33512759170653905,0.3291438722253663,0.3640990990990991,0.38877813219918483,0.3720113954739497,0.4351851851851852,108.0,0.5454545454545454,0.43548387096774194,0.7297297297297297,37.0,0.0,0.0,0.0,16.0,0.38596491228070173,0.4074074074074074,0.36666666666666664,30.0,0.4090909090909091,0.47368421052631576,0.36,25.0,,,,
p_535,0.2353307254623044,0.23697916666666669,0.27767857142857144,0.4105157789368316,0.3719135802469136,0.5185185185185185,108.0,0.6710526315789473,0.53125,0.9107142857142857,56.0,0.0,0.0,0.0,12.0,0.2702702702702703,0.4166666666666667,0.2,25.0,0.0,0.0,0.0,15.0,,,,
p_536,0.38069053708439904,0.5597378277153557,0.3752649136577708,0.5006867481292034,0.6213760577056456,0.5555555555555556,108.0,0.4,0.7333333333333333,0.275,40.0,0.0,0.0,0.0,6.0,0.6521739130434783,0.5056179775280899,0.9183673469387755,49.0,0.47058823529411764,1.0,0.3076923076923077,13.0,,,,
p_537,0.3012589928057554,0.290169133192389,0.33946540880503145,0.48487876365574206,0.44374951060997575,0.5740740740740741,108.0,0.7050359712230215,0.5697674418604651,0.9245283018867925,53.0,0.0,0.0,0.0,8.0,0.0,0.0,0.0,17.0,0.5,0.5909090909090909,0.43333333333333335,30.0,,,,
p_538,0.33243486073674755,0.4760416666666667,0.34816341829085456,0.4267245682340022,0.5047067901234568,0.49074074074074076,108.0,0.6190476190476191,0.4875,0.8478260869565217,46.0,0.0,0.0,0.0,13.0,0.37735849056603776,0.4166666666666667,0.3448275862068966,29.0,0.3333333333333333,1.0,0.2,20.0,,,,
p_539,0.34286286164034085,0.3372572547721505,0.36342592592592593,0.43178816334654146,0.4189745853102358,0.46296296296296297,108.0,0.5393258426966292,0.4528301886792453,0.6666666666666666,36.0,0.0,0.0,0.0,9.0,0.30434782608695654,0.3684210526315789,0.25925925925925924,27.0,0.5277777777777778,0.5277777777777778,0.5277777777777778,36.0,,,,
p_540,0.33126680978113354,0.3261155445655839,0.34522162619988706,0.4283520634163416,0.4321381739163013,0.4351851851851852,108.0,0.4810126582278481,0.5428571428571428,0.4318181818181818,44.0,0.0,0.0,0.0,6.0,0.37037037037037035,0.3225806451612903,0.43478260869565216,23.0,0.47368421052631576,0.43902439024390244,0.5142857142857142,35.0,,,,
p_541,0.28818876159301693,0.30667038275733927,0.3016706213442225,0.3219322705138308,0.3151726605832886,0.3611111111111111,108.0,0.5384615384615384,0.4444444444444444,0.6829268292682927,41.0,0.2553191489361702,0.2608695652173913,0.25,24.0,0.05128205128205128,0.07692307692307693,0.038461538461538464,26.0,0.3076923076923077,0.4444444444444444,0.23529411764705882,17.0,,,,
p_542,0.32567395151664813,0.3104707792207792,0.3465986394557823,0.5083848181226459,0.4923190235690236,0.5277777777777778,108.0,0.5393258426966292,0.5454545454545454,0.5333333333333333,45.0,0.15384615384615385,0.125,0.2,5.0,0.6095238095238096,0.5714285714285714,0.6530612244897959,49.0,0.0,0.0,0.0,9.0,,,,
p_543,0.3594877049180328,0.4,0.3729178430265387,0.4557938676381299,0.46481481481481485,0.5092592592592593,108.0,0.44,0.5,0.39285714285714285,28.0,0.0,0.0,0.0,12.0,0.6229508196721312,0.5,0.8260869565217391,46.0,0.375,0.6,0.2727272727272727,22.0,,,,
p_544,0.3121669855755078,0.333048433048433,0.3440156794425087,0.36363437510221436,0.389622243325947,0.3888888888888889,108.0,0.425,0.4358974358974359,0.4146341463414634,41.0,0.4050632911392405,0.2962962962962963,0.64,25.0,0.4186046511627907,0.6,0.32142857142857145,28.0,0.0,0.0,0.0,14.0,,,,
p_545,0.264765662362506,0.242014742014742,0.3010204081632653,0.42331110402607297,0.38028938028938025,0.49074074074074076,108.0,0.4411764705882353,0.45454545454545453,0.42857142857142855,35.0,0.0,0.0,0.0,9.0,0.6178861788617886,0.5135135135135135,0.7755102040816326,49.0,0.0,0.0,0.0,15.0,,,,
p_546,0.4575398352002167,0.4970238095238095,0.4858172946597994,0.492095277107753,0.5290343915343915,0.5185185185185185,108.0,0.676056338028169,0.6,0.7741935483870968,31.0,0.4727272727272727,0.65,0.37142857142857144,35.0,0.5074626865671642,0.40476190476190477,0.68,25.0,0.17391304347826086,0.3333333333333333,0.11764705882352941,17.0,,,,
p_547,0.44861363178060093,0.49827369742623984,0.4675150519978106,0.4554134644828333,0.4964979888865639,0.49074074074074076,108.0,0.2222222222222222,0.5,0.14285714285714285,28.0,0.5,0.5185185185185185,0.4827586206896552,29.0,0.5894736842105263,0.4745762711864407,0.7777777777777778,36.0,0.4827586206896552,0.5,0.4666666666666667,15.0,,,,
p_548,0.2717203682393556,0.25778423772609815,0.2935049019607843,0.31270511017346464,0.29220978084027177,0.3425925925925926,108.0,0.36363636363636365,0.32558139534883723,0.4117647058823529,34.0,0.0,0.0,0.0,16.0,0.4050632911392405,0.35555555555555557,0.47058823529411764,34.0,0.3181818181818182,0.35,0.2916666666666667,24.0,,,,
p_549,0.3495527318129376,0.4890092879256966,0.36498294970161976,0.4244009351598686,0.48127508313266826,0.5,108.0,0.6259541984732825,0.4823529411764706,0.8913043478260869,46.0,0.0,0.0,0.0,18.0,0.391304347826087,0.47368421052631576,0.3333333333333333,27.0,0.38095238095238093,1.0,0.23529411764705882,17.0,,,,
p_550,0.2756756756756757,0.2381726788882318,0.3297139830508474,0.4431431431431431,0.37376524957837787,0.5462962962962963,108.0,0.7027027027027027,0.5842696629213483,0.8813559322033898,59.0,0.0,0.0,0.0,10.0,0.0,0.0,0.0,23.0,0.4,0.3684210526315789,0.4375,16.0,,,,
p_551,0.35723084503572305,0.3396922737955347,0.39467084639498434,0.4199264551568075,0.4087463822518171,0.4537037037037037,108.0,0.43902439024390244,0.4864864864864865,0.4,45.0,0.5454545454545454,0.4375,0.7241379310344828,29.0,0.4444444444444444,0.43478260869565216,0.45454545454545453,22.0,0.0,0.0,0.0,12.0,,,,
p_552,0.3487938596491228,0.4884920634920635,0.3315040650406504,0.39734405458089667,0.4573192239858906,0.4166666666666667,108.0,0.3157894736842105,0.34285714285714286,0.2926829268292683,41.0,0.125,0.16666666666666666,0.1,10.0,0.5333333333333333,0.4444444444444444,0.6666666666666666,42.0,0.42105263157894735,1.0,0.26666666666666666,15.0,,,,
p_553,0.34395278683924374,0.369047619047619,0.3762469900240798,0.38279042485608833,0.3619929453262787,0.4722222222222222,108.0,0.6201550387596899,0.47619047619047616,0.8888888888888888,45.0,0.46153846153846156,0.6666666666666666,0.35294117647058826,17.0,0.29411764705882354,0.3333333333333333,0.2631578947368421,19.0,0.0,0.0,0.0,27.0,,,,
p_554,0.43582729468599035,0.4820887445887446,0.4504117833386126,0.4731235462515656,0.5247093955427289,0.48148148148148145,108.0,0.4927536231884058,0.6071428571428571,0.4146341463414634,41.0,0.32,0.26666666666666666,0.4,10.0,0.5555555555555556,0.45454545454545453,0.7142857142857143,35.0,0.375,0.6,0.2727272727272727,22.0,,,,
p_555,0.2920647558386412,0.24193548387096775,0.3693576388888889,0.4801102854446804,0.4037236160892075,0.5925925925925926,108.0,0.7515923566878981,0.6344086021505376,0.921875,64.0,0.0,0.0,0.0,14.0,0.4166666666666667,0.3333333333333333,0.5555555555555556,9.0,0.0,0.0,0.0,21.0,,,,
p_556,0.30291353383458647,0.26833234772324066,0.38095238095238093,0.37650724032302985,0.31398799745931627,0.5092592592592593,108.0,0.0,0.0,0.0,33.0,0.0,0.0,0.0,10.0,0.55,0.5789473684210527,0.5238095238095238,21.0,0.6616541353383458,0.4943820224719101,1.0,44.0,,,,
p_557,0.20371597292236787,0.18939554612937431,0.23809523809523808,0.39574631523356857,0.35315777070814186,0.48148148148148145,108.0,0.6412213740458015,0.5121951219512195,0.8571428571428571,49.0,0.0,0.0,0.0,14.0,0.37735849056603776,0.43478260869565216,0.3333333333333333,30.0,0.0,0.0,0.0,14.0,0.0,0.0,0.0,1.0
p_558,0.32306675479180436,0.3504856614246068,0.3133116883116883,0.40864850309661943,0.4089277760646863,0.4166666666666667,108.0,0.4,0.391304347826087,0.4090909090909091,44.0,0.0,0.0,0.0,11.0,0.35294117647058826,0.5,0.2727272727272727,11.0,0.5393258426966292,0.5106382978723404,0.5714285714285714,42.0,,,,
p_559,0.3669788586635127,0.3803701326486949,0.382051282051282,0.38155403333552357,0.40694781216818016,0.37962962962962965,108.0,0.4044943820224719,0.43902439024390244,0.375,48.0,0.32,0.26666666666666666,0.4,10.0,0.3684210526315789,0.5,0.2916666666666667,24.0,0.375,0.3157894736842105,0.46153846153846156,26.0,,,,
p_560,0.2837219631356873,0.27654873543620345,0.29648905016552074,0.36881297242167776,0.3551140370265121,0.3888888888888889,108.0,0.4666666666666667,0.45652173913043476,0.4772727272727273,44.0,0.0,0.0,0.0,9.0,0.4050632911392405,0.35555555555555557,0.47058823529411764,34.0,0.2631578947368421,0.29411764705882354,0.23809523809523808,21.0,,,,
p_561,0.3348909657320872,0.32734956575682383,0.36043472976258,0.46544363678320066,0.4498107366050914,0.5092592592592593,108.0,0.4444444444444444,0.5161290322580645,0.3902439024390244,41.0,0.0,0.0,0.0,10.0,0.6728971962616822,0.5625,0.8372093023255814,43.0,0.2222222222222222,0.23076923076923078,0.21428571428571427,14.0,,,,
p_562,0.3836252392402125,0.3999359795134443,0.388871473354232,0.5195792129838476,0.5131811068430786,0.5555555555555556,108.0,0.6611570247933884,0.5633802816901409,0.8,50.0,0.0,0.0,0.0,7.0,0.5490196078431373,0.6363636363636364,0.4827586206896552,29.0,0.32432432432432434,0.4,0.2727272727272727,22.0,,,,
p_563,0.27430633882246785,0.2680555555555556,0.29953888334995016,0.4368331787686626,0.3931584362139918,0.5092592592592593,108.0,0.6853146853146853,0.5833333333333334,0.8305084745762712,59.0,0.0,0.0,0.0,16.0,0.25806451612903225,0.26666666666666666,0.25,16.0,0.15384615384615385,0.2222222222222222,0.11764705882352941,17.0,,,,
p_564,0.2581196581196581,0.23106060606060608,0.309710873664362,0.38885723330167776,0.34441638608305275,0.4722222222222222,108.0,0.6324786324786325,0.5,0.8604651162790697,43.0,0.0,0.0,0.0,10.0,0.0,0.0,0.0,18.0,0.4,0.42424242424242425,0.3783783783783784,37.0,,,,
p_565,0.3342209961853258,0.333993870217713,0.35543766578249336,0.49523477628704377,0.4550414132162177,0.5648148148148148,108.0,0.6950354609929078,0.5903614457831325,0.8448275862068966,58.0,0.10526315789473684,0.16666666666666666,0.07692307692307693,13.0,0.0,0.0,0.0,15.0,0.5365853658536586,0.5789473684210527,0.5,22.0,,,,
p_566,0.2710080770425598,0.33186749958901857,0.31971586971586974,0.32341680761220987,0.3807073142516181,0.39814814814814814,108.0,0.3333333333333333,0.36363636363636365,0.3076923076923077,26.0,0.21621621621621623,0.5714285714285714,0.13333333333333333,30.0,0.0,0.0,0.0,15.0,0.5344827586206896,0.3924050632911392,0.8378378378378378,37.0,,,,
p_567,0.3062569213732005,0.2996903153153153,0.32335526315789476,0.44951806734752475,0.4168074324324324,0.5,108.0,0.6821705426356589,0.5945945945945946,0.8,55.0,0.0,0.0,0.0,10.0,0.14285714285714285,0.16666666666666666,0.125,24.0,0.4,0.4375,0.3684210526315789,19.0,,,,
p_568,0.31389877089242507,0.38120755517826826,0.3067528735632184,0.3212167654570263,0.3831686631453185,0.3148148148148148,108.0,0.45901639344262296,0.45161290322580644,0.4666666666666667,30.0,0.30303030303030304,0.625,0.2,25.0,0.1935483870967742,0.15789473684210525,0.25,24.0,0.3,0.2903225806451613,0.3103448275862069,29.0,,,,
p_569,0.25699337007748224,0.2794871794871795,0.27320856227106227,0.3355066225263525,0.34463437796771124,0.37037037037037035,108.0,0.4672897196261682,0.38461538461538464,0.5952380952380952,42.0,0.0,0.0,0.0,8.0,0.3384615384615385,0.3333333333333333,0.34375,32.0,0.2222222222222222,0.4,0.15384615384615385,26.0,,,,
p_570,0.24398111723052712,0.2386904761904762,0.29090909090909095,0.3195180231372206,0.3040784832451499,0.37962962962962965,108.0,0.4146341463414634,0.40476190476190477,0.425,40.0,0.0,0.0,0.0,11.0,0.4946236559139785,0.38333333333333336,0.696969696969697,33.0,0.06666666666666667,0.16666666666666666,0.041666666666666664,24.0,,,,
p_571,0.260351966873706,0.3870192307692308,0.3,0.4354343992025151,0.47444800569800566,0.5648148148148148,108.0,0.0,0.0,0.0,22.0,0.0,0.0,0.0,9.0,0.3333333333333333,1.0,0.2,20.0,0.7080745341614907,0.5480769230769231,1.0,57.0,,,,
p_572,0.26935564435564435,0.3570574162679426,0.3204044117647059,0.35277222777222783,0.3746677299308878,0.4722222222222222,108.0,0.6293706293706294,0.47368421052631576,0.9375,48.0,0.0,0.0,0.0,23.0,0.35714285714285715,0.45454545454545453,0.29411764705882354,17.0,0.09090909090909091,0.5,0.05,20.0,,,,
p_573,0.278968253968254,0.23728562980484919,0.3480392156862745,0.3870223398001176,0.315652583393565,0.5092592592592593,108.0,0.6714285714285714,0.5280898876404494,0.9215686274509803,51.0,0.0,0.0,0.0,16.0,0.0,0.0,0.0,24.0,0.4444444444444444,0.42105263157894735,0.47058823529411764,17.0,,,,
p_574,0.39047122379118526,0.42410714285714285,0.3916552197802198,0.41649629946591865,0.45056216931216936,0.42592592592592593,108.0,0.5263157894736842,0.44642857142857145,0.6410256410256411,39.0,0.24390243902439024,0.25,0.23809523809523808,21.0,0.4166666666666667,0.625,0.3125,32.0,0.375,0.375,0.375,16.0,,,,
p_575,0.19980812280140708,0.16313131313131313,0.2683257918552036,0.27684800246360847,0.22311073699962589,0.37962962962962965,108.0,0.5084745762711864,0.45454545454545453,0.5769230769230769,26.0,0.0,0.0,0.0,26.0,0.49056603773584906,0.3611111111111111,0.7647058823529411,34.0,0.0,0.0,0.0,21.0,0.0,0.0,0.0,1.0
p_576,0.3439593228595786,0.4846749226006192,0.3485838779956427,0.45247680392607925,0.5071150097465887,0.5185185185185185,108.0,0.6470588235294118,0.5176470588235295,0.8627450980392157,51.0,0.38095238095238093,1.0,0.23529411764705882,17.0,0.34782608695652173,0.42105263157894735,0.2962962962962963,27.0,0.0,0.0,0.0,13.0,,,,
p_577,0.30930490607909966,0.44992690058479534,0.33412698412698416,0.3437117469375534,0.42583116742473465,0.39814814814814814,108.0,0.3870967741935484,0.4444444444444444,0.34285714285714286,35.0,0.0,0.0,0.0,20.0,0.36363636363636365,1.0,0.2222222222222222,18.0,0.4864864864864865,0.35526315789473684,0.7714285714285715,35.0,,,,
p_578,0.32537386855568673,0.41168831168831166,0.34247835497835494,0.41961279461279455,0.466931216931217,0.48148148148148145,108.0,0.6776859504132231,0.5324675324675324,0.9318181818181818,44.0,0.0,0.0,0.0,13.0,0.35714285714285715,0.7142857142857143,0.23809523809523808,21.0,0.26666666666666666,0.4,0.2,30.0,,,,
p_579,0.3049797775530839,0.37378286270691335,0.316260162601626,0.3897923454293525,0.4539922103213243,0.42592592592592593,108.0,0.5,0.379746835443038,0.7317073170731707,41.0,0.37209302325581395,0.6153846153846154,0.26666666666666666,30.0,0.0,0.0,0.0,7.0,0.34782608695652173,0.5,0.26666666666666666,30.0,,,,
p_580,0.3158071447757185,0.3030690537084399,0.34148126463700235,0.5577167954954686,0.5120062517760728,0.6296296296296297,108.0,0.5098039215686274,0.5652173913043478,0.4642857142857143,28.0,0.0,0.0,0.0,8.0,0.0,0.0,0.0,11.0,0.7534246575342466,0.6470588235294118,0.9016393442622951,61.0,,,,
p_581,0.36677992240776885,0.3899122807017544,0.3806022408963585,0.4228477616149608,0.43970110461338524,0.4537037037037037,108.0,0.37037037037037035,0.5263157894736842,0.2857142857142857,35.0,0.3448275862068966,0.3333333333333333,0.35714285714285715,14.0,0.14814814814814814,0.2,0.11764705882352941,17.0,0.6037735849056604,0.5,0.7619047619047619,42.0,,,,
p_582,0.5599627954170718,0.6788667069973786,0.5616096866096866,0.626458471323816,0.6859059099430141,0.6388888888888888,108.0,0.7522935779816514,0.7192982456140351,0.7884615384615384,52.0,0.4,1.0,0.25,16.0,0.5161290322580645,0.4444444444444444,0.6153846153846154,13.0,0.5714285714285714,0.5517241379310345,0.5925925925925926,27.0,,,,
p_583,0.34222873900293255,0.4087912087912088,0.35555555555555557,0.3947539915281851,0.40195360195360197,0.4444444444444444,108.0,0.5818181818181818,0.49230769230769234,0.7111111111111111,45.0,0.0,0.0,0.0,21.0,0.4,0.8,0.26666666666666666,15.0,0.3870967741935484,0.34285714285714286,0.4444444444444444,27.0,,,,
p_584,0.3252689006697602,0.3790775401069518,0.3527986241400875,0.3620029951858235,0.40270598138245195,0.4074074074074074,108.0,0.5607476635514018,0.45454545454545453,0.7317073170731707,41.0,0.2857142857142857,0.25,0.3333333333333333,15.0,0.32558139534883723,0.4117647058823529,0.2692307692307692,26.0,0.12903225806451613,0.4,0.07692307692307693,26.0,,,,
p_585,0.35538072150214206,0.5591683535762483,0.3699232310048853,0.39464458173464734,0.514883853151397,0.42592592592592593,108.0,0.5102040816326531,0.43859649122807015,0.6097560975609756,41.0,0.4230769230769231,0.4230769230769231,0.4230769230769231,26.0,0.10526315789473684,1.0,0.05555555555555555,18.0,0.3829787234042553,0.375,0.391304347826087,23.0,,,,
p_586,0.2421957671957672,0.26085526315789476,0.2875,0.3203507740544777,0.32309941520467833,0.39814814814814814,108.0,0.5666666666666667,0.425,0.85,40.0,0.0,0.0,0.0,13.0,0.14285714285714285,0.25,0.1,20.0,0.25925925925925924,0.3684210526315789,0.2,35.0,,,,
p_587,0.3770833333333333,0.3933823529411764,0.3977272727272727,0.4776455026455026,0.4537037037037037,0.5370370370370371,108.0,0.6607142857142857,0.5441176470588235,0.8409090909090909,44.0,0.3333333333333333,0.5,0.25,12.0,0.0,0.0,0.0,16.0,0.5142857142857142,0.5294117647058824,0.5,36.0,,,,
p_588,0.3596642820780752,0.41346153846153844,0.35530325757958303,0.4249149814283914,0.44907407407407407,0.4537037037037037,108.0,0.2727272727272727,0.4,0.20689655172413793,29.0,0.15384615384615385,0.15384615384615385,0.15384615384615385,13.0,0.41379310344827586,0.6,0.3157894736842105,19.0,0.5982905982905983,0.5,0.7446808510638298,47.0,,,,
p_589,0.3074052812858783,0.2886513157894737,0.33690476190476193,0.520283199387677,0.47834429824561403,0.5833333333333334,108.0,0.6923076923076923,0.5921052631578947,0.8333333333333334,54.0,0.0,0.0,0.0,13.0,0.0,0.0,0.0,6.0,0.5373134328358209,0.5625,0.5142857142857142,35.0,,,,
p_590,0.34108466190790643,0.5429951404527675,0.33793706293706294,0.38490044765266723,0.45066923033024725,0.4074074074074074,108.0,0.3333333333333333,0.36363636363636365,0.3076923076923077,26.0,0.3389830508474576,0.38461538461538464,0.30303030303030304,33.0,0.18181818181818182,1.0,0.1,10.0,0.5102040816326531,0.423728813559322,0.6410256410256411,39.0,,,,
p_591,0.24776286353467564,0.25128865979381443,0.2980769230769231,0.37840749026431353,0.3358151966399389,0.5,108.0,0.0,0.0,0.0,12.0,0.0,0.0,0.0,24.0,0.3333333333333333,0.5,0.25,20.0,0.6577181208053692,0.5051546391752577,0.9423076923076923,52.0,,,,
p_592,0.42950232724668813,0.451806377765457,0.426408371040724,0.45587646364588724,0.4606041396322726,0.4722222222222222,108.0,0.6105263157894737,0.5272727272727272,0.725,40.0,0.38095238095238093,0.47058823529411764,0.32,25.0,0.4,0.46153846153846156,0.35294117647058826,17.0,0.32653061224489793,0.34782608695652173,0.3076923076923077,26.0,,,,
p_593,0.3057997557997558,0.30763546798029556,0.3300872093023256,0.36873106317550763,0.3696314541142127,0.39814814814814814,108.0,0.4444444444444444,0.3448275862068966,0.625,32.0,0.34285714285714286,0.4,0.3,20.0,0.0,0.0,0.0,13.0,0.4358974358974359,0.4857142857142857,0.3953488372093023,43.0,,,,
p_594,0.20902888534467481,0.1959797297297297,0.2569078947368421,0.27506711034976145,0.24381256256256256,0.35185185185185186,108.0,0.543859649122807,0.4189189189189189,0.775,40.0,0.0,0.0,0.0,19.0,0.21818181818181817,0.24,0.2,30.0,0.07407407407407407,0.125,0.05263157894736842,19.0,,,,
p_595,0.4671740649591347,0.5165229885057472,0.44876365693542497,0.5145848595230299,0.5262239250744998,0.5277777777777778,108.0,0.2608695652173913,0.3333333333333333,0.21428571428571427,14.0,0.5185185185185185,0.7,0.4117647058823529,17.0,0.4666666666666667,0.4827586206896552,0.45161290322580644,31.0,0.6226415094339622,0.55,0.717391304347826,46.0,,,,
p_596,0.3728717573986116,0.35061959733012366,0.412693511198946,0.4112186903747006,0.3801709097761729,0.46296296296296297,108.0,0.5411764705882353,0.4423076923076923,0.696969696969697,33.0,0.5217391304347826,0.4864864864864865,0.5625,32.0,0.42857142857142855,0.47368421052631576,0.391304347826087,23.0,0.0,0.0,0.0,20.0,,,,
p_597,0.33372789626845434,0.3478513356562137,0.33849598930481284,0.3579137778521296,0.3585731492235557,0.37037037037037035,108.0,0.4864864864864865,0.43902439024390244,0.5454545454545454,33.0,0.17391304347826086,0.2857142857142857,0.125,16.0,0.3283582089552239,0.3333333333333333,0.3235294117647059,34.0,0.34615384615384615,0.3333333333333333,0.36,25.0,,,,
p_598,0.30784664684315366,0.3116473616473617,0.35052083333333334,0.3576689943790611,0.36285332951999616,0.4074074074074074,108.0,0.2978723404255319,0.4666666666666667,0.21875,32.0,0.3880597014925373,0.35135135135135137,0.43333333333333335,30.0,0.0,0.0,0.0,14.0,0.5454545454545454,0.42857142857142855,0.75,32.0,,,,
p_599,0.3710847649045734,0.44544633642930853,0.3801282051282051,0.4109651334406292,0.4478896724381761,0.4537037037037037,108.0,0.3902439024390244,0.5333333333333333,0.3076923076923077,26.0,0.616822429906542,0.4852941176470588,0.8461538461538461,39.0,0.25,0.5,0.16666666666666666,18.0,0.22727272727272727,0.2631578947368421,0.2,25.0,,,,
p_600,0.3805984094654037,0.5830246913580247,0.3715507694657655,0.41599199288485134,0.5229652491998171,0.46296296296296297,108.0,0.5645161290322581,0.43209876543209874,0.813953488372093,43.0,0.42105263157894735,1.0,0.26666666666666666,15.0,0.15384615384615385,0.4,0.09523809523809523,21.0,0.3829787234042553,0.5,0.3103448275862069,29.0,,,,
p_601,0.30811317677756034,0.2919622914203127,0.3515700483091787,0.42621040805972304,0.3887465510445408,0.49074074074074076,108.0,0.5205479452054794,0.4418604651162791,0.6333333333333333,30.0,0.08333333333333333,0.16666666666666666,0.05555555555555555,18.0,0.0,0.0,0.0,14.0,0.6285714285714286,0.559322033898305,0.717391304347826,46.0,,,,
p_602,0.39782193380351477,0.51090973702914,0.3898473084886128,0.43138589884857054,0.5000684408644608,0.4537037037037037,108.0,0.5486725663716814,0.4626865671641791,0.6739130434782609,46.0,0.3870967741935484,0.4,0.375,16.0,0.34782608695652173,0.38095238095238093,0.32,25.0,0.3076923076923077,0.8,0.19047619047619047,21.0,,,,
p_603,0.31756915008427056,0.3157486586183769,0.35120879120879117,0.39749258284649625,0.3756994125245299,0.46296296296296297,108.0,0.2926829268292683,0.375,0.24,25.0,0.6371681415929203,0.5070422535211268,0.8571428571428571,42.0,0.3404255319148936,0.38095238095238093,0.3076923076923077,26.0,0.0,0.0,0.0,15.0,,,,
p_604,0.40859909713120723,0.506924882629108,0.40194862155388467,0.42062683041276316,0.4924621804903495,0.4444444444444444,108.0,0.34285714285714286,0.6,0.24,25.0,0.3333333333333333,0.5,0.25,24.0,0.4444444444444444,0.5333333333333333,0.38095238095238093,21.0,0.5137614678899083,0.39436619718309857,0.7368421052631579,38.0,,,,
p_605,0.26075170192817254,0.24939883492515072,0.30874109983335857,0.3122843809118319,0.30076724594268456,0.3611111111111111,108.0,0.41025641025641024,0.43243243243243246,0.3902439024390244,41.0,0.0,0.0,0.0,16.0,0.47058823529411764,0.3508771929824561,0.7142857142857143,28.0,0.16216216216216217,0.21428571428571427,0.13043478260869565,23.0,,,,
p_606,0.3666155010723748,0.3763829787234042,0.4076388888888889,0.41451218239560894,0.3888613081166273,0.48148148148148145,108.0,0.5063291139240507,0.425531914893617,0.625,32.0,0.2857142857142857,0.5,0.2,15.0,0.0,0.0,0.0,25.0,0.6744186046511628,0.58,0.8055555555555556,36.0,,,,
p_607,0.369188170142571,0.3411844484629295,0.4480820105820106,0.46834723258665756,0.4339645703569755,0.5462962962962963,108.0,0.7111111111111111,0.6075949367088608,0.8571428571428571,56.0,0.24390243902439024,0.35714285714285715,0.18518518518518517,27.0,0.0,0.0,0.0,17.0,0.5217391304347826,0.4,0.75,8.0,,,,
p_608,0.3652318603382433,0.4087648556876061,0.34961820165186225,0.3736269220666384,0.42530261585864304,0.35185185185185186,108.0,0.18461538461538463,0.15789473684210525,0.2222222222222222,27.0,0.3333333333333333,0.2903225806451613,0.391304347826087,23.0,0.3829787234042553,0.45,0.3333333333333333,27.0,0.56,0.7368421052631579,0.45161290322580644,31.0,,,,
p_609,0.4330642907058001,0.4756896551724138,0.41876750700280113,0.45156598597199576,0.4660727969348659,0.46296296296296297,108.0,0.56,0.4827586206896552,0.6666666666666666,42.0,0.3018867924528302,0.32,0.2857142857142857,28.0,0.37037037037037035,0.5,0.29411764705882354,17.0,0.5,0.6,0.42857142857142855,21.0,,,,
p_610,0.3718802470189817,0.34982837528604116,0.40865660919540225,0.419453746127812,0.3929252479023646,0.46296296296296297,108.0,0.5641025641025641,0.4782608695652174,0.6875,32.0,0.47058823529411764,0.42105263157894735,0.5333333333333333,30.0,0.4528301886792453,0.5,0.41379310344827586,29.0,0.0,0.0,0.0,17.0,,,,
p_611,0.3361269797831218,0.33292282430213466,0.36156523779724653,0.39791186013776925,0.39992397980903727,0.42592592592592593,108.0,0.4782608695652174,0.3793103448275862,0.6470588235294118,34.0,0.45161290322580644,0.4666666666666667,0.4375,16.0,0.4146341463414634,0.4857142857142857,0.3617021276595745,47.0,0.0,0.0,0.0,11.0,,,,
p_612,0.3774909420289855,0.42861445783132535,0.3827922077922078,0.5303442028985507,0.5332887103971441,0.5925925925925926,108.0,0.4375,0.7,0.3181818181818182,22.0,0.0,0.0,0.0,10.0,0.3333333333333333,0.4,0.2857142857142857,21.0,0.7391304347826086,0.6144578313253012,0.9272727272727272,55.0,,,,
p_613,0.4425595238095238,0.46285607196401796,0.47165159345391905,0.51548721340388,0.5012216114165139,0.5833333333333334,108.0,0.6964285714285714,0.5652173913043478,0.9069767441860465,43.0,0.0,0.0,0.0,18.0,0.6071428571428571,0.5862068965517241,0.6296296296296297,27.0,0.4666666666666667,0.7,0.35,20.0,,,,
p_614,0.26927437641723356,0.4052083333333334,0.3075980392156863,0.42235659695977157,0.49780092592592595,0.5277777777777778,108.0,0.1111111111111111,0.5,0.0625,16.0,0.2857142857142857,0.6,0.1875,32.0,0.6802721088435374,0.5208333333333334,0.9803921568627451,51.0,0.0,0.0,0.0,9.0,,,,
p_615,0.29580664213347874,0.3012820512820513,0.31666666666666665,0.341097128203575,0.34152421652421655,0.37037037037037035,108.0,0.36363636363636365,0.5,0.2857142857142857,28.0,0.0,0.0,0.0,15.0,0.4057971014492754,0.358974358974359,0.4666666666666667,30.0,0.41379310344827586,0.34615384615384615,0.5142857142857142,35.0,,,,
p_616,0.2918178519593614,0.2721997300944669,0.33361753189339394,0.3518955276030748,0.3184535412605588,0.4166666666666667,108.0,0.6153846153846154,0.49230769230769234,0.8205128205128205,39.0,0.3018867924528302,0.3333333333333333,0.27586206896551724,29.0,0.25,0.2631578947368421,0.23809523809523808,21.0,0.0,0.0,0.0,19.0,,,,
p_617,0.2751710654936461,0.29532212885154063,0.2815009746588694,0.31529452228376953,0.3206598194833489,0.3333333333333333,108.0,0.5227272727272727,0.46,0.6052631578947368,38.0,0.08333333333333333,0.16666666666666666,0.05555555555555555,18.0,0.16129032258064516,0.14285714285714285,0.18518518518518517,27.0,0.3333333333333333,0.4117647058823529,0.28,25.0,,,,
p_618,0.3318314961537468,0.4915865384615385,0.3302987861811391,0.34520866816973667,0.44982193732193737,0.37037037037037035,108.0,0.46464646464646464,0.35384615384615387,0.6764705882352942,34.0,0.29411764705882354,0.3125,0.2777777777777778,36.0,0.2608695652173913,0.5,0.17647058823529413,17.0,0.3076923076923077,0.8,0.19047619047619047,21.0,,,,
p_619,0.3903167167815492,0.41499295278365045,0.3855324074074074,0.3938205770541444,0.40582830892908417,0.39814814814814814,108.0,0.4383561643835616,0.37209302325581395,0.5333333333333333,30.0,0.38461538461538464,0.5,0.3125,16.0,0.4117647058823529,0.42424242424242425,0.4,35.0,0.32653061224489793,0.36363636363636365,0.2962962962962963,27.0,,,,
p_620,0.4195708436888708,0.46961240310077523,0.41410256410256413,0.4996850245365426,0.5162919896640827,0.5185185185185185,108.0,0.4878048780487805,0.46511627906976744,0.5128205128205128,39.0,0.651685393258427,0.58,0.7435897435897436,39.0,0.125,0.16666666666666666,0.1,10.0,0.41379310344827586,0.6666666666666666,0.3,20.0,,,,
p_621,0.4231060606060606,0.3819444444444444,0.47752976190476193,0.4858585858585858,0.4452160493827161,0.5370370370370371,108.0,0.0,0.0,0.0,20.0,0.45,0.375,0.5625,16.0,0.5757575757575758,0.5277777777777778,0.6333333333333333,30.0,0.6666666666666666,0.625,0.7142857142857143,42.0,,,,
p_622,0.33358792846497765,0.3277400703871292,0.36705734925549166,0.4365299166528675,0.4113690110422137,0.5,108.0,0.6909090909090909,0.5588235294117647,0.9047619047619048,42.0,0.0,0.0,0.0,13.0,0.39344262295081966,0.4444444444444444,0.35294117647058826,34.0,0.25,0.3076923076923077,0.21052631578947367,19.0,,,,
p_623,0.21780258519388954,0.2087174940898345,0.2493730407523511,0.25036123079601347,0.2391012170562998,0.28703703703703703,108.0,0.2972972972972973,0.24444444444444444,0.3793103448275862,29.0,0.0,0.0,0.0,16.0,0.4,0.3404255319148936,0.48484848484848486,33.0,0.17391304347826086,0.25,0.13333333333333333,30.0,,,,
p_624,0.2987518599309478,0.3002840909090909,0.32694592988710636,0.2998703599371008,0.31368897306397303,0.3148148148148148,108.0,0.18181818181818182,0.1875,0.17647058823529413,17.0,0.2857142857142857,0.3,0.2727272727272727,33.0,0.27586206896551724,0.36363636363636365,0.2222222222222222,36.0,0.45161290322580644,0.35,0.6363636363636364,22.0,,,,
p_625,0.2535493180654471,0.4015151515151515,0.2946127946127946,0.2832110143938101,0.42592592592592593,0.3333333333333333,108.0,0.4444444444444444,0.3333333333333333,0.6666666666666666,30.0,0.0,0.0,0.0,18.0,0.25806451612903225,1.0,0.14814814814814814,27.0,0.3116883116883117,0.2727272727272727,0.36363636363636365,33.0,,,,
p_626,0.3361655773420479,0.3205172413793103,0.37427470159151194,0.360957798757363,0.34098339719029375,0.4074074074074074,108.0,0.47058823529411764,0.48,0.46153846153846156,26.0,0.4074074074074074,0.44,0.3793103448275862,29.0,0.0,0.0,0.0,21.0,0.4666666666666667,0.3620689655172414,0.65625,32.0,,,,
p_627,0.31436609152288075,0.30977818477818475,0.3428819444444444,0.3845294656997582,0.38138952953767774,0.4166666666666667,108.0,0.4,0.42857142857142855,0.375,32.0,0.0,0.0,0.0,8.0,0.3225806451612903,0.38461538461538464,0.2777777777777778,36.0,0.5348837209302325,0.42592592592592593,0.71875,32.0,,,,
p_628,0.38507798886480515,0.5583160800552105,0.385094246031746,0.3811655592861764,0.5009201748332183,0.39814814814814814,108.0,0.36363636363636365,1.0,0.2222222222222222,18.0,0.18181818181818182,0.21739130434782608,0.15625,32.0,0.4731182795698925,0.3492063492063492,0.7333333333333333,30.0,0.5217391304347826,0.6666666666666666,0.42857142857142855,28.0,,,,
p_629,0.28457819376433396,0.3212719298245614,0.3417241379310345,0.31040930597739624,0.35380929174788817,0.3611111111111111,108.0,0.3835616438356164,0.3684210526315789,0.4,35.0,0.3076923076923077,0.6,0.20689655172413793,29.0,0.4470588235294118,0.31666666666666665,0.76,25.0,0.0,0.0,0.0,19.0,,,,
p_630,0.2468864468864469,0.2349462365591398,0.30695921985815605,0.3533170533170533,0.3095977698128236,0.4722222222222222,108.0,0.0,0.0,0.0,25.0,0.0,0.0,0.0,12.0,0.6285714285714286,0.4731182795698925,0.9361702127659575,47.0,0.358974358974359,0.4666666666666667,0.2916666666666667,24.0,,,,
p_631,0.2652469758064516,0.2395266024298282,0.3040796963946869,0.4173900462962963,0.36880711880711875,0.49074074074074076,108.0,0.0,0.0,0.0,15.0,0.0,0.0,0.0,11.0,0.45161290322580644,0.45161290322580644,0.45161290322580644,31.0,0.609375,0.5064935064935064,0.7647058823529411,51.0,,,,
p_632,0.36283003300330036,0.4585084033613445,0.3789657332987642,0.4008613162903592,0.4544428882664176,0.4444444444444444,108.0,0.5346534653465347,0.42857142857142855,0.7105263157894737,38.0,0.35714285714285715,0.7142857142857143,0.23809523809523808,21.0,0.47619047619047616,0.4411764705882353,0.5172413793103449,29.0,0.08333333333333333,0.25,0.05,20.0,,,,
p_633,0.35948717948717945,0.3557836328976035,0.3720262510254307,0.5056600189933523,0.48536661320906965,0.5370370370370371,108.0,0.32,0.2962962962962963,0.34782608695652173,23.0,0.0,0.0,0.0,9.0,0.4,0.47058823529411764,0.34782608695652173,23.0,0.717948717948718,0.65625,0.7924528301886793,53.0,,,,
p_634,0.28693806193806193,0.26316425120772946,0.34643774069319644,0.3321900321900322,0.28984612631955625,0.4166666666666667,108.0,0.0,0.0,0.0,26.0,0.5818181818181818,0.463768115942029,0.7804878048780488,41.0,0.14285714285714285,0.2222222222222222,0.10526315789473684,19.0,0.4230769230769231,0.36666666666666664,0.5,22.0,,,,
p_635,0.27266274758675973,0.27015398550724634,0.3005734123888282,0.303482203938131,0.2953737251744498,0.3425925925925926,108.0,0.2978723404255319,0.3333333333333333,0.2692307692307692,26.0,0.38461538461538464,0.43478260869565216,0.3448275862068966,29.0,0.40816326530612246,0.3125,0.5882352941176471,34.0,0.0,0.0,0.0,19.0,,,,
p_636,0.35920066183224075,0.38807593110683686,0.36365079365079367,0.37577508191543285,0.4087457419388264,0.37962962962962965,108.0,0.4358974358974359,0.3953488372093023,0.4857142857142857,35.0,0.36363636363636365,0.5714285714285714,0.26666666666666666,30.0,0.42105263157894735,0.375,0.48,25.0,0.21621621621621623,0.21052631578947367,0.2222222222222222,18.0,,,,
p_637,0.36186371100164205,0.45087719298245615,0.4055253623188406,0.3852125524539318,0.46503411306042886,0.46296296296296297,108.0,0.17142857142857143,0.25,0.13043478260869565,23.0,0.17142857142857143,0.6,0.1,30.0,0.4666666666666667,0.4666666666666667,0.4666666666666667,15.0,0.6379310344827587,0.4868421052631579,0.925,40.0,,,,
p_638,0.3781307977736549,0.39091478696741855,0.4113575268817204,0.45780337387480247,0.4587626473591386,0.5185185185185185,108.0,0.6727272727272727,0.5285714285714286,0.925,40.0,0.4897959183673469,0.6666666666666666,0.3870967741935484,31.0,0.35,0.3684210526315789,0.3333333333333333,21.0,0.0,0.0,0.0,16.0,,,,
p_639,0.2527732746641964,0.2761904761904762,0.2821987315010571,0.36727876846276575,0.36133156966490304,0.4537037037037037,108.0,0.0,0.0,0.0,22.0,0.5984251968503937,0.4523809523809524,0.8837209302325582,43.0,0.3125,0.5,0.22727272727272727,22.0,0.35294117647058826,0.42857142857142855,0.3,20.0,0.0,0.0,0.0,1.0
p_640,0.3574338826439667,0.33951480263157896,0.41052631578947363,0.3958778797714371,0.3723775584795322,0.46296296296296297,108.0,0.0,0.0,0.0,21.0,0.3673469387755102,0.47368421052631576,0.3,30.0,0.6078431372549019,0.484375,0.8157894736842105,38.0,0.45454545454545453,0.4,0.5263157894736842,19.0,,,,
p_641,0.24782835053025548,0.22787309368191722,0.2806267806267806,0.3075655070416055,0.2793134229000242,0.35185185185185186,108.0,0.5376344086021505,0.46296296296296297,0.6410256410256411,39.0,0.0,0.0,0.0,15.0,0.36065573770491804,0.3235294117647059,0.4074074074074074,27.0,0.09302325581395349,0.125,0.07407407407407407,27.0,,,,
p_642,0.273537452885279,0.30055713608345186,0.2966982466063348,0.3169004461274993,0.3349358130059884,0.35185185185185186,108.0,0.2777777777777778,0.5,0.19230769230769232,26.0,0.43956043956043955,0.3508771929824561,0.5882352941176471,34.0,0.37681159420289856,0.35135135135135137,0.40625,32.0,0.0,0.0,0.0,16.0,,,,
p_643,0.30572295955218487,0.32393162393162395,0.34580228629610776,0.3476445985982371,0.35751820196264644,0.39814814814814814,108.0,0.39436619718309857,0.4666666666666667,0.34146341463414637,41.0,0.3076923076923077,0.4444444444444444,0.23529411764705882,17.0,0.5208333333333334,0.38461538461538464,0.8064516129032258,31.0,0.0,0.0,0.0,19.0,,,,
p_644,0.378104549871441,0.42032665799113167,0.37450257522363783,0.37924283784683305,0.42952991006719077,0.37037037037037035,108.0,0.3013698630136986,0.22916666666666666,0.44,25.0,0.4,0.46153846153846156,0.35294117647058826,17.0,0.37037037037037035,0.5263157894736842,0.2857142857142857,35.0,0.4406779661016949,0.4642857142857143,0.41935483870967744,31.0,,,,
p_645,0.3692015599343185,0.3848753172238773,0.38697175199334466,0.37210743173386845,0.392633765289067,0.3888888888888889,108.0,0.4827586206896552,0.39622641509433965,0.6176470588235294,34.0,0.2857142857142857,0.3888888888888889,0.22580645161290322,31.0,0.375,0.3333333333333333,0.42857142857142855,14.0,0.3333333333333333,0.42105263157894735,0.27586206896551724,29.0,,,,
p_646,0.32275923001729456,0.3447021116138763,0.34017448512585813,0.3854407738816341,0.3823333891961343,0.4351851851851852,108.0,0.16666666666666666,0.23076923076923078,0.13043478260869565,23.0,0.358974358974359,0.4666666666666667,0.2916666666666667,24.0,0.6363636363636364,0.5147058823529411,0.8333333333333334,42.0,0.12903225806451613,0.16666666666666666,0.10526315789473684,19.0,,,,
p_647,0.29550810014727535,0.23886953155245838,0.3917342799188641,0.3469890361642939,0.2793442881518762,0.46296296296296297,108.0,0.5428571428571428,0.4634146341463415,0.6551724137931034,29.0,0.6391752577319587,0.49206349206349204,0.9117647058823529,34.0,0.0,0.0,0.0,15.0,0.0,0.0,0.0,30.0,,,,
p_648,0.21536330049261082,0.22294303797468357,0.2769138755980861,0.2807824758255793,0.297948898265354,0.35185185185185186,108.0,0.3793103448275862,0.55,0.2894736842105263,38.0,0.0,0.0,0.0,22.0,0.48214285714285715,0.34177215189873417,0.8181818181818182,33.0,0.0,0.0,0.0,15.0,,,,
p_649,0.3776785714285714,0.3597861842105263,0.40774548032612545,0.4243716931216931,0.39359466374269,0.4722222222222222,108.0,0.6,0.631578947368421,0.5714285714285714,21.0,0.0,0.0,0.0,17.0,0.2857142857142857,0.28125,0.2903225806451613,31.0,0.625,0.5263157894736842,0.7692307692307693,39.0,,,,
p_650,0.29919393077287815,0.29333333333333333,0.3295272435897436,0.35510071474983756,0.3550617283950617,0.37962962962962965,108.0,0.3783783783783784,0.4,0.358974358974359,39.0,0.38596491228070173,0.44,0.34375,32.0,0.43243243243243246,0.3333333333333333,0.6153846153846154,26.0,0.0,0.0,0.0,11.0,,,,
p_651,0.27432216905901113,0.2585616438356164,0.3180583003952569,0.3647734656506586,0.3261216206421686,0.4444444444444444,108.0,0.15789473684210525,0.21428571428571427,0.125,24.0,0.2727272727272727,0.2857142857142857,0.2608695652173913,23.0,0.0,0.0,0.0,17.0,0.6666666666666666,0.5342465753424658,0.8863636363636364,44.0,,,,
p_652,0.39196329254727474,0.4130639097744361,0.40554451510333867,0.40239669591727434,0.41428803490206995,0.42592592592592593,108.0,0.5,0.47368421052631576,0.5294117647058824,17.0,0.3448275862068966,0.4166666666666667,0.29411764705882354,34.0,0.20689655172413793,0.3333333333333333,0.15,20.0,0.5161290322580645,0.42857142857142855,0.6486486486486487,37.0,,,,
p_653,0.4078823144062735,0.41380566801619434,0.4074519230769231,0.4131926381208669,0.41534862798020694,0.4166666666666667,108.0,0.5070422535211268,0.46153846153846156,0.5625,32.0,0.1568627450980392,0.16,0.15384615384615385,26.0,0.5490196078431373,0.56,0.5384615384615384,26.0,0.4186046511627907,0.47368421052631576,0.375,24.0,,,,
p_654,0.39426436335403725,0.4355555555555556,0.3918425324675325,0.42340263400046,0.4450205761316872,0.4351851851851852,108.0,0.45652173913043476,0.42,0.5,42.0,0.21428571428571427,0.25,0.1875,16.0,0.53125,0.4722222222222222,0.6071428571428571,28.0,0.375,0.6,0.2727272727272727,22.0,,,,
p_655,0.29105924449493537,0.4735955056179775,0.35059523809523807,0.3741574446331557,0.5956512692467749,0.48148148148148145,108.0,0.10810810810810811,1.0,0.05714285714285714,35.0,0.41379310344827586,0.4,0.42857142857142855,14.0,0.6423357664233577,0.4943820224719101,0.9166666666666666,48.0,0.0,0.0,0.0,11.0,,,,
p_656,0.37417748917748916,0.38401029748283755,0.38400133458272995,0.4371821388488055,0.43386798316241487,0.46296296296296297,108.0,0.64,0.5614035087719298,0.7441860465116279,43.0,0.06666666666666667,0.08333333333333333,0.05555555555555555,18.0,0.4090909090909091,0.391304347826087,0.42857142857142855,21.0,0.38095238095238093,0.5,0.3076923076923077,26.0,,,,
p_657,0.3386400056668658,0.3619152046783626,0.34531384133717113,0.33771176433520783,0.3575996317955382,0.3425925925925926,108.0,0.3291139240506329,0.34210526315789475,0.3170731707317073,41.0,0.38095238095238093,0.3,0.5217391304347826,23.0,0.34146341463414637,0.3888888888888889,0.30434782608695654,23.0,0.30303030303030304,0.4166666666666667,0.23809523809523808,21.0,,,,
p_658,0.34402661025441184,0.36858974358974356,0.3637970945083014,0.3492592455135831,0.3759835843169177,0.37037037037037035,108.0,0.2608695652173913,0.42857142857142855,0.1875,32.0,0.4788732394366197,0.40476190476190477,0.5862068965517241,29.0,0.24242424242424243,0.3076923076923077,0.2,20.0,0.3939393939393939,0.3333333333333333,0.48148148148148145,27.0,,,,
p_659,0.32541478129713425,0.2873490731817924,0.3831623931623932,0.3782330596056087,0.33751787187675175,0.4351851851851852,108.0,0.6153846153846154,0.5423728813559322,0.7111111111111111,45.0,0.0,0.0,0.0,25.0,0.35294117647058826,0.34615384615384615,0.36,25.0,0.3333333333333333,0.2608695652173913,0.46153846153846156,13.0,,,,
p_660,0.4445296167247387,0.45379405961712793,0.44787606196901547,0.4521856583645202,0.4559300141606972,0.46296296296296297,108.0,0.38095238095238093,0.42105263157894735,0.34782608695652173,23.0,0.47619047619047616,0.47619047619047616,0.47619047619047616,21.0,0.5609756097560976,0.48936170212765956,0.6571428571428571,35.0,0.36,0.42857142857142855,0.3103448275862069,29.0,,,,
p_661,0.3841286698763334,0.5323189134808853,0.3910772642390289,0.3970574558321183,0.4703405618898576,0.4444444444444444,108.0,0.16666666666666666,0.25,0.125,24.0,0.32727272727272727,0.42857142857142855,0.2647058823529412,34.0,0.5981308411214953,0.4507042253521127,0.8888888888888888,36.0,0.4444444444444444,1.0,0.2857142857142857,14.0,,,,
p_662,0.4404442859952793,0.44191919191919193,0.4691541353383459,0.5002340312381618,0.48795828656939766,0.5462962962962963,108.0,0.53125,0.4722222222222222,0.6071428571428571,28.0,0.5853658536585366,0.75,0.48,25.0,0.6451612903225806,0.5454545454545454,0.7894736842105263,38.0,0.0,0.0,0.0,17.0,,,,
p_663,0.42553679382947673,0.4590374331550802,0.4252363445378151,0.43469606775839836,0.47523073876015054,0.42592592592592593,108.0,0.34146341463414637,0.28,0.4375,16.0,0.41025641025641024,0.36363636363636365,0.47058823529411764,34.0,0.4888888888888889,0.6470588235294118,0.39285714285714285,28.0,0.46153846153846156,0.5454545454545454,0.4,30.0,,,,
p_664,0.3851966658756526,0.44396446078431373,0.39172592113768584,0.40062556030164004,0.44557688816267255,0.42592592592592593,108.0,0.3125,0.4166666666666667,0.25,20.0,0.5306122448979592,0.40625,0.7647058823529411,34.0,0.4186046511627907,0.6,0.32142857142857145,28.0,0.27906976744186046,0.35294117647058826,0.23076923076923078,26.0,,,,
p_665,0.3398495598956428,0.3693134098544233,0.33670145477545854,0.33611542320366355,0.35272411969640416,0.3425925925925926,108.0,0.45161290322580644,0.4375,0.4666666666666667,30.0,0.37037037037037035,0.5,0.29411764705882354,17.0,0.20408163265306123,0.2631578947368421,0.16666666666666666,30.0,0.3333333333333333,0.2765957446808511,0.41935483870967744,31.0,,,,
p_666,0.34825158133428813,0.38333333333333336,0.379281537176274,0.45883447596062465,0.4830246913580247,0.5092592592592593,108.0,0.5918367346938775,0.48333333333333334,0.7631578947368421,38.0,0.5789473684210527,0.55,0.6111111111111112,36.0,0.2222222222222222,0.5,0.14285714285714285,28.0,0.0,0.0,0.0,6.0,,,,
p_667,0.330723704879892,0.4537037037037037,0.3267401960784314,0.41943849274301254,0.497599451303155,0.46296296296296297,108.0,0.5954198473282443,0.48148148148148145,0.78,50.0,0.27586206896551724,0.3333333333333333,0.23529411764705882,17.0,0.0,0.0,0.0,17.0,0.45161290322580644,1.0,0.2916666666666667,24.0,,,,
p_668,0.2860322800272338,0.29448232323232326,0.2927272727272727,0.30907021002339197,0.32013608305274976,0.3148148148148148,108.0,0.4827586206896552,0.56,0.42424242424242425,33.0,0.0975609756097561,0.125,0.08,25.0,0.37333333333333335,0.3111111111111111,0.4666666666666667,30.0,0.19047619047619047,0.18181818181818182,0.2,20.0,,,,
p_669,0.4086016792179109,0.4398224043715847,0.40403473113678506,0.41752535883403463,0.43022414490993727,0.4351851851851852,108.0,0.5294117647058824,0.4426229508196721,0.6585365853658537,41.0,0.32786885245901637,0.4,0.2777777777777778,36.0,0.3225806451612903,0.4166666666666667,0.2631578947368421,19.0,0.45454545454545453,0.5,0.4166666666666667,12.0,,,,
p_670,0.3939118582462517,0.35627949377949375,0.44513227513227516,0.4222154912750097,0.38525291164180053,0.4722222222222222,108.0,0.4788732394366197,0.4722222222222222,0.4857142857142857,35.0,0.3870967741935484,0.32432432432432434,0.48,25.0,0.0,0.0,0.0,21.0,0.7096774193548387,0.6285714285714286,0.8148148148148148,27.0,,,,
p_671,0.33524396338416157,0.33556547619047616,0.35265147334731267,0.42156676855790715,0.4318231922398589,0.4351851851851852,108.0,0.4634146341463415,0.3958333333333333,0.5588235294117647,34.0,0.463768115942029,0.5714285714285714,0.3902439024390244,41.0,0.41379310344827586,0.375,0.46153846153846156,26.0,0.0,0.0,0.0,7.0,,,,
p_672,0.30559995322002187,0.4180907172995781,0.3375296478744754,0.3952327015148627,0.48909790592280045,0.46296296296296297,108.0,0.5950413223140496,0.45569620253164556,0.8571428571428571,42.0,0.37735849056603776,0.4166666666666667,0.3448275862068966,29.0,0.25,0.8,0.14814814814814814,27.0,0.0,0.0,0.0,10.0,,,,
p_673,0.3499617164353008,0.33493589743589747,0.39052592679036835,0.40177460659167774,0.3920940170940171,0.4351851851851852,108.0,0.4731182795698925,0.4230769230769231,0.5365853658536586,41.0,0.47058823529411764,0.375,0.631578947368421,19.0,0.0,0.0,0.0,15.0,0.45614035087719296,0.5416666666666666,0.3939393939393939,33.0,,,,
p_674,0.3422197617116836,0.3550990675990676,0.3555296840180561,0.4552184194049954,0.4572368989035656,0.48148148148148145,108.0,0.5869565217391305,0.4909090909090909,0.7297297297297297,37.0,0.4878048780487805,0.5128205128205128,0.46511627906976744,43.0,0.29411764705882354,0.4166666666666667,0.22727272727272727,22.0,0.0,0.0,0.0,6.0,,,,
p_675,0.1643690349946978,0.1310096153846154,0.23340425531914893,0.2761871096971839,0.21532229344729345,0.39814814814814814,108.0,0.6086956521739131,0.46153846153846156,0.8936170212765957,47.0,0.0,0.0,0.0,25.0,0.04878048780487805,0.0625,0.04,25.0,0.0,0.0,0.0,11.0,,,,
p_676,0.22778633795582948,0.2220853858784893,0.2814327485380117,0.35986988529361413,0.3423645320197044,0.4537037037037037,108.0,0.3050847457627119,0.42857142857142855,0.23684210526315788,38.0,0.6060606060606061,0.45977011494252873,0.8888888888888888,45.0,0.0,0.0,0.0,13.0,0.0,0.0,0.0,12.0,,,,
p_677,0.24009146341463414,0.20089285714285715,0.3245192307692308,0.2947154471544715,0.23809523809523808,0.4166666666666667,108.0,0.375,0.375,0.375,24.0,0.0,0.0,0.0,25.0,0.5853658536585366,0.42857142857142855,0.9230769230769231,39.0,0.0,0.0,0.0,20.0,,,,
p_678,0.3995581706108022,0.3862126520359598,0.4253787878787879,0.5218470464084499,0.493061064104824,0.5648148148148148,108.0,0.7207207207207207,0.6557377049180327,0.8,50.0,0.3684210526315789,0.4375,0.3181818181818182,22.0,0.509090909090909,0.45161290322580644,0.5833333333333334,24.0,0.0,0.0,0.0,12.0,,,,
p_679,0.3676022901829354,0.4335228314689162,0.39136904761904767,0.4302999270741206,0.4598646571261034,0.48148148148148145,108.0,0.4935064935064935,0.4634146341463415,0.5277777777777778,36.0,0.6236559139784946,0.5087719298245614,0.8055555555555556,36.0,0.17142857142857143,0.42857142857142855,0.10714285714285714,28.0,0.18181818181818182,0.3333333333333333,0.125,8.0,,,,
p_680,0.3209821428571429,0.4487781954887218,0.3159340659340659,0.4134259259259259,0.459551656920078,0.4537037037037037,108.0,0.5625,0.47368421052631576,0.6923076923076923,52.0,0.4,1.0,0.25,16.0,0.32142857142857145,0.32142857142857145,0.32142857142857145,28.0,0.0,0.0,0.0,12.0,,,,
p_681,0.30985663082437276,0.4291125541125541,0.38680555555555557,0.2765232974910394,0.35630110630110634,0.35185185185185186,108.0,0.4838709677419355,0.42857142857142855,0.5555555555555556,27.0,0.4222222222222222,0.2878787878787879,0.7916666666666666,24.0,0.0,0.0,0.0,37.0,0.3333333333333333,1.0,0.2,20.0,,,,
p_682,0.32251884810283027,0.4086170659941151,0.3547619047619047,0.33215232288276403,0.4274967695732723,0.37037037037037035,108.0,0.2222222222222222,0.6666666666666666,0.13333333333333333,30.0,0.5161290322580645,0.39344262295081966,0.75,32.0,0.27586206896551724,0.3076923076923077,0.25,32.0,0.27586206896551724,0.26666666666666666,0.2857142857142857,14.0,,,,
p_683,0.34729957370737075,0.3384330759330759,0.37037037037037035,0.42470453642586475,0.40179286429286426,0.46296296296296297,108.0,0.40625,0.35135135135135137,0.48148148148148145,27.0,0.3888888888888889,0.4666666666666667,0.3333333333333333,21.0,0.594059405940594,0.5357142857142857,0.6666666666666666,45.0,0.0,0.0,0.0,15.0,,,,
p_684,0.34451923076923074,0.36372366110623355,0.39201839826839824,0.39766381766381764,0.42528371215816346,0.4537037037037037,108.0,0.58,0.43283582089552236,0.8787878787878788,33.0,0.4230769230769231,0.6470588235294118,0.3142857142857143,35.0,0.0,0.0,0.0,16.0,0.375,0.375,0.375,24.0,,,,
p_685,0.37237237237237236,0.39949324324324326,0.43292613636363636,0.37587002206885245,0.39778319986653327,0.4537037037037037,108.0,0.3783783783783784,0.5833333333333334,0.28,25.0,0.05263157894736842,0.16666666666666666,0.03125,32.0,0.6140350877192983,0.47297297297297297,0.875,40.0,0.4444444444444444,0.375,0.5454545454545454,11.0,,,,
p_686,0.3529918096070386,0.33212347204448167,0.3781194295900179,0.4142733151081241,0.38932731548900296,0.4444444444444444,108.0,0.5194805194805194,0.46511627906976744,0.5882352941176471,34.0,0.4745762711864407,0.45161290322580644,0.5,28.0,0.417910447761194,0.4117647058823529,0.42424242424242425,33.0,0.0,0.0,0.0,13.0,,,,
p_687,0.4117566643882433,0.4183135704874835,0.43753545093590474,0.4584542163489531,0.440491875274484,0.5185185185185185,108.0,0.42105263157894735,0.48484848484848486,0.37209302325581395,43.0,0.6545454545454545,0.5217391304347826,0.8780487804878049,41.0,0.0,0.0,0.0,16.0,0.5714285714285714,0.6666666666666666,0.5,8.0,,,,
p_688,0.3587171052631579,0.3876201923076923,0.3591830466830467,0.3676169590643275,0.3889185660018993,0.37037037037037035,108.0,0.375,0.3333333333333333,0.42857142857142855,21.0,0.4473684210526316,0.4358974358974359,0.4594594594594595,37.0,0.3,0.28125,0.32142857142857145,28.0,0.3125,0.5,0.22727272727272727,22.0,,,,
p_689,0.4442014894301557,0.6150451559934319,0.42791666666666667,0.4548490768252686,0.5526211761843945,0.4722222222222222,108.0,0.48148148148148145,0.4482758620689655,0.52,25.0,0.42105263157894735,1.0,0.26666666666666666,15.0,0.5242718446601942,0.42857142857142855,0.675,40.0,0.35,0.5833333333333334,0.25,28.0,,,,
p_690,0.3669158361018826,0.36167624944714727,0.3920454545454546,0.4451950289159592,0.4195292151948498,0.5,108.0,0.6428571428571429,0.5294117647058824,0.8181818181818182,44.0,0.26666666666666666,0.2857142857142857,0.25,24.0,0.5581395348837209,0.631578947368421,0.5,24.0,0.0,0.0,0.0,16.0,,,,
p_691,0.375815670308432,0.3785096677559913,0.3785456466017862,0.38522419704015304,0.39801689966109904,0.37962962962962965,108.0,0.4657534246575342,0.53125,0.4146341463414634,41.0,0.41379310344827586,0.4,0.42857142857142855,14.0,0.3492063492063492,0.3235294117647059,0.3793103448275862,29.0,0.27450980392156865,0.25925925925925924,0.2916666666666667,24.0,,,,
p_692,0.2955857274039092,0.2876559714795009,0.3156446540880503,0.4366318305712245,0.40458506634977226,0.48148148148148145,108.0,0.5950413223140496,0.5294117647058824,0.6792452830188679,53.0,0.0,0.0,0.0,13.0,0.1111111111111111,0.16666666666666666,0.08333333333333333,12.0,0.47619047619047616,0.45454545454545453,0.5,30.0,,,,
p_693,0.20491803278688525,0.1736111111111111,0.25,0.569216757741348,0.48225308641975306,0.6944444444444444,108.0,0.819672131147541,0.6944444444444444,1.0,75.0,0.0,0.0,0.0,10.0,0.0,0.0,0.0,16.0,0.0,0.0,0.0,7.0,,,,
p_694,0.3157437485835159,0.28823529411764703,0.3830769230769231,0.38613286550885706,0.35577342047930277,0.4444444444444444,108.0,0.5901639344262295,0.5142857142857142,0.6923076923076923,52.0,0.2857142857142857,0.35294117647058826,0.24,25.0,0.0,0.0,0.0,21.0,0.3870967741935484,0.2857142857142857,0.6,10.0,,,,
p_695,0.3146340424873033,0.44597069597069594,0.36045635399083675,0.34791865947763695,0.43510039343372675,0.4537037037037037,108.0,0.6074074074074074,0.45054945054945056,0.9318181818181818,44.0,0.43478260869565216,0.5,0.38461538461538464,13.0,0.0625,0.3333333333333333,0.034482758620689655,29.0,0.15384615384615385,0.5,0.09090909090909091,22.0,,,,
p_696,0.29406474820143885,0.34448529411764706,0.3247354497354497,0.43483731533291886,0.46072984749455337,0.5092592592592593,108.0,0.6762589928057554,0.5529411764705883,0.8703703703703703,54.0,0.2777777777777778,0.625,0.17857142857142858,28.0,0.2222222222222222,0.2,0.25,12.0,0.0,0.0,0.0,14.0,,,,
p_697,0.4962064251537936,0.5571969696969696,0.4711309523809524,0.4862813599655705,0.4908810325476992,0.5092592592592593,108.0,0.631578947368421,0.5454545454545454,0.75,48.0,0.18181818181818182,0.25,0.14285714285714285,14.0,0.37142857142857144,0.43333333333333335,0.325,40.0,0.8,1.0,0.6666666666666666,6.0,,,,
p_698,0.33299404850839187,0.4407467532467532,0.36676583398898505,0.3816890873641708,0.4522506814173481,0.42592592592592593,108.0,0.43478260869565216,0.5357142857142857,0.36585365853658536,41.0,0.1111111111111111,0.5,0.0625,16.0,0.5360824742268041,0.3939393939393939,0.8387096774193549,31.0,0.25,0.3333333333333333,0.2,20.0,,,,
p_699,0.3092476276442004,0.2961781322698571,0.3311355311355311,0.49669438680602435,0.47314230149059,0.5370370370370371,108.0,0.6534653465346535,0.559322033898305,0.7857142857142857,42.0,0.3448275862068966,0.3333333333333333,0.35714285714285715,14.0,0.547945205479452,0.5882352941176471,0.5128205128205128,39.0,0.0,0.0,0.0,12.0,0.0,0.0,0.0,1.0
p_700,0.2735449735449736,0.39299242424242425,0.3020929694727104,0.3486576523613561,0.37854236812570147,0.4444444444444444,108.0,0.6370370370370371,0.48863636363636365,0.9148936170212766,47.0,0.4,1.0,0.25,16.0,0.0,0.0,0.0,22.0,0.05714285714285714,0.08333333333333333,0.043478260869565216,23.0,,,,
p_701,0.41980127484064494,0.5702548625083836,0.4284111721611722,0.5320922384701912,0.6452728717986932,0.5648148148148148,108.0,0.7401574803149606,0.6619718309859155,0.8392857142857143,56.0,0.3333333333333333,0.2857142857142857,0.4,15.0,0.2857142857142857,1.0,0.16666666666666666,24.0,0.32,0.3333333333333333,0.3076923076923077,13.0,,,,
p_702,0.3725544899738448,0.3840277777777778,0.38058608058608057,0.5134683070166942,0.4990997942386831,0.5555555555555556,108.0,0.7096774193548387,0.6111111111111112,0.8461538461538461,52.0,0.24,0.3,0.2,30.0,0.5405405405405406,0.625,0.47619047619047616,21.0,0.0,0.0,0.0,5.0,,,,
p_703,0.33914065460401666,0.38947044334975367,0.36900786120899975,0.355938631531304,0.3941988992276349,0.39814814814814814,108.0,0.34375,0.3793103448275862,0.3142857142857143,35.0,0.1875,0.42857142857142855,0.12,25.0,0.5494505494505495,0.4166666666666667,0.8064516129032258,31.0,0.27586206896551724,0.3333333333333333,0.23529411764705882,17.0,,,,
p_704,0.3309401168311703,0.39412100456621,0.35504208642629903,0.41259883808299685,0.4457022661931337,0.4722222222222222,108.0,0.631578947368421,0.4931506849315068,0.8780487804878049,41.0,0.3870967741935484,0.75,0.2608695652173913,23.0,0.3050847457627119,0.3333333333333333,0.28125,32.0,0.0,0.0,0.0,12.0,,,,
p_705,0.29007936507936505,0.31885690446391324,0.29242896742896746,0.34113756613756613,0.3483173411208455,0.3611111111111111,108.0,0.40476190476190477,0.3617021276595745,0.4594594594594595,37.0,0.35555555555555557,0.3137254901960784,0.41025641025641024,39.0,0.4,0.6,0.3,20.0,0.0,0.0,0.0,12.0,,,,
p_706,0.36489018087855296,0.4305555555555556,0.3644540377020911,0.3753552971576227,0.4358465608465608,0.37962962962962965,108.0,0.2,0.3333333333333333,0.14285714285714285,21.0,0.4444444444444444,0.3888888888888889,0.5185185185185185,27.0,0.46511627906976744,0.7142857142857143,0.3448275862068966,29.0,0.35,0.2857142857142857,0.45161290322580644,31.0,,,,
p_707,0.43078791149487317,0.400843253968254,0.48931623931623935,0.3962143471047951,0.35066504997060555,0.48148148148148145,108.0,0.0,0.0,0.0,35.0,0.6470588235294118,0.6875,0.6111111111111112,18.0,0.6055045871559633,0.4714285714285714,0.8461538461538461,39.0,0.47058823529411764,0.4444444444444444,0.5,16.0,,,,
p_708,0.328515406162465,0.3960667600373483,0.337698666423091,0.36232804232804233,0.422582304526749,0.3888888888888889,108.0,0.16,0.2222222222222222,0.125,16.0,0.47619047619047616,0.35714285714285715,0.7142857142857143,35.0,0.2857142857142857,0.4166666666666667,0.21739130434782608,23.0,0.39215686274509803,0.5882352941176471,0.29411764705882354,34.0,,,,
p_709,0.23676353276353276,0.22253968253968254,0.27387387387387385,0.32566318455207344,0.2969429747207525,0.3888888888888889,108.0,0.2564102564102564,0.3333333333333333,0.20833333333333334,24.0,0.52,0.4126984126984127,0.7027027027027027,37.0,0.4074074074074074,0.36666666666666664,0.4583333333333333,24.0,0.0,0.0,0.0,22.0,0.0,0.0,0.0,1.0
p_710,0.3242857142857143,0.3191881203473945,0.35097597597597596,0.36756613756613765,0.35587549398033264,0.4074074074074074,108.0,0.0,0.0,0.0,20.0,0.5,0.5483870967741935,0.4594594594594595,37.0,0.44,0.34375,0.6111111111111112,36.0,0.35714285714285715,0.38461538461538464,0.3333333333333333,15.0,,,,
p_711,0.2900573192239859,0.29431438127090304,0.29586466165413533,0.29451874714220394,0.29360655447611966,0.3055555555555556,108.0,0.25,0.3076923076923077,0.21052631578947367,19.0,0.3,0.2857142857142857,0.3157894736842105,19.0,0.19047619047619047,0.21428571428571427,0.17142857142857143,35.0,0.41975308641975306,0.3695652173913043,0.4857142857142857,35.0,,,,
p_712,0.28110253110253114,0.2876254180602007,0.2931949806949807,0.3259052703497147,0.33994487798835626,0.3333333333333333,108.0,0.3783783783783784,0.30434782608695654,0.5,28.0,0.3333333333333333,0.34615384615384615,0.32142857142857145,28.0,0.4126984126984127,0.5,0.35135135135135137,37.0,0.0,0.0,0.0,15.0,,,,
p_713,0.31471830985915494,0.32093301435406696,0.32212121212121214,0.4157668231611893,0.4111066808435229,0.4351851851851852,108.0,0.3,0.4,0.24,25.0,0.4788732394366197,0.4473684210526316,0.5151515151515151,33.0,0.0,0.0,0.0,5.0,0.48,0.43636363636363634,0.5333333333333333,45.0,,,,
p_714,0.41632090336134453,0.5745872033023736,0.44329347123464774,0.42657076719576714,0.5830084470435347,0.46296296296296297,108.0,0.25,1.0,0.14285714285714285,28.0,0.5411764705882353,0.45098039215686275,0.6764705882352942,34.0,0.53125,0.4473684210526316,0.6538461538461539,26.0,0.34285714285714286,0.4,0.3,20.0,,,,
p_715,0.37209353146853147,0.4370772946859903,0.3777363278291168,0.41162992100492096,0.4424136697083557,0.4537037037037037,108.0,0.3076923076923077,0.4,0.25,16.0,0.25,0.3,0.21428571428571427,28.0,0.6181818181818182,0.4927536231884058,0.8292682926829268,41.0,0.3125,0.5555555555555556,0.21739130434782608,23.0,,,,
p_716,0.3050617739258713,0.4866975130133025,0.32409420289855073,0.29810648745740026,0.505050018207913,0.3055555555555556,108.0,0.23529411764705882,1.0,0.13333333333333333,30.0,0.4090909090909091,0.42857142857142855,0.391304347826087,23.0,0.27586206896551724,0.3076923076923077,0.25,32.0,0.3,0.21052631578947367,0.5217391304347826,23.0,,,,
p_717,0.20576236613972465,0.17255187477247907,0.25874125874125875,0.2776927871267494,0.23162642074181936,0.35185185185185186,108.0,0.0,0.0,0.0,12.0,0.35135135135135137,0.3170731707317073,0.3939393939393939,33.0,0.0,0.0,0.0,24.0,0.4716981132075472,0.373134328358209,0.6410256410256411,39.0,,,,
p_718,0.4185192320535939,0.45820512820512815,0.4634060196560197,0.4270345215880513,0.45943969610636276,0.4722222222222222,108.0,0.5523809523809524,0.4461538461538462,0.725,40.0,0.08695652173913043,0.3333333333333333,0.05,20.0,0.41935483870967744,0.52,0.35135135135135137,37.0,0.6153846153846154,0.5333333333333333,0.7272727272727273,11.0,,,,
p_719,0.31183143547273984,0.3178475935828877,0.34797237076648846,0.41119354343992026,0.38357430514293256,0.48148148148148145,108.0,0.0,0.0,0.0,17.0,0.4126984126984127,0.3939393939393939,0.43333333333333335,30.0,0.17391304347826086,0.3333333333333333,0.11764705882352941,17.0,0.6607142857142857,0.5441176470588235,0.8409090909090909,44.0,,,,
p_720,0.33734713397554145,0.34615384615384615,0.3779343150834731,0.42102649551238747,0.4093192382666067,0.5,108.0,0.6722689075630253,0.5263157894736842,0.9302325581395349,43.0,0.23809523809523808,0.38461538461538464,0.1724137931034483,29.0,0.0,0.0,0.0,14.0,0.43902439024390244,0.47368421052631576,0.4090909090909091,22.0,,,,
p_721,0.355174031335022,0.3609006734006734,0.36142676767676774,0.37589725948859076,0.3955761316872428,0.37037037037037035,108.0,0.2545454545454545,0.21212121212121213,0.3181818181818182,22.0,0.5098039215686274,0.48148148148148145,0.5416666666666666,24.0,0.23529411764705882,0.25,0.2222222222222222,18.0,0.42105263157894735,0.5,0.36363636363636365,44.0,,,,
p_722,0.24113756613756612,0.2498015873015873,0.26969384244926037,0.37082598471487355,0.35003674309229865,0.4444444444444444,108.0,0.6074074074074074,0.4880952380952381,0.803921568627451,51.0,0.2857142857142857,0.4,0.2222222222222222,27.0,0.0,0.0,0.0,11.0,0.07142857142857142,0.1111111111111111,0.05263157894736842,19.0,,,,
p_723,0.27322623828647924,0.442195143256464,0.28210180623973724,0.27743431639013966,0.45922059813132493,0.28703703703703703,108.0,0.24242424242424243,1.0,0.13793103448275862,29.0,0.2909090909090909,0.2962962962962963,0.2857142857142857,28.0,0.2222222222222222,0.20833333333333334,0.23809523809523808,21.0,0.3373493975903614,0.2641509433962264,0.4666666666666667,30.0,,,,
p_724,0.3899052322845062,0.3867226890756303,0.40349453178400546,0.3842060754931373,0.3879209461562403,0.3888888888888889,108.0,0.2807017543859649,0.32,0.25,32.0,0.425531914893617,0.35714285714285715,0.5263157894736842,19.0,0.43478260869565216,0.4411764705882353,0.42857142857142855,35.0,0.4186046511627907,0.42857142857142855,0.4090909090909091,22.0,,,,
p_725,0.33170895280695645,0.48743355222013757,0.366853818590474,0.3213451706914771,0.46330099251847223,0.3333333333333333,108.0,0.2894736842105263,0.28205128205128205,0.2972972972972973,37.0,0.41379310344827586,0.2926829268292683,0.7058823529411765,17.0,0.2962962962962963,1.0,0.17391304347826086,23.0,0.32727272727272727,0.375,0.2903225806451613,31.0,,,,
p_726,0.46393858079904593,0.5340909090909091,0.4577380952380952,0.5308829700302569,0.5505050505050505,0.5555555555555556,108.0,0.6666666666666666,0.6363636363636364,0.7,40.0,0.5813953488372093,0.5,0.6944444444444444,36.0,0.3076923076923077,0.5,0.2222222222222222,18.0,0.3,0.5,0.21428571428571427,14.0,,,,
p_727,0.33546401515151514,0.30411506707946334,0.375,0.36488145342312006,0.3310830180025227,0.4074074074074074,108.0,0.6363636363636364,0.5833333333333334,0.7,30.0,0.42424242424242425,0.3684210526315789,0.5,28.0,0.28125,0.2647058823529412,0.3,30.0,0.0,0.0,0.0,20.0,,,,
p_728,0.29747287864771677,0.2778719397363465,0.3371794871794872,0.3188584893025226,0.3017681523331241,0.3611111111111111,108.0,0.0,0.0,0.0,19.0,0.3188405797101449,0.36666666666666664,0.28205128205128205,39.0,0.44680851063829785,0.3559322033898305,0.6,35.0,0.42424242424242425,0.3888888888888889,0.4666666666666667,15.0,,,,
p_729,0.3079191285598275,0.3158500242202144,0.301853943158291,0.34274126552976214,0.34434407291181574,0.3425925925925926,108.0,0.43902439024390244,0.47368421052631576,0.4090909090909091,22.0,0.23880597014925373,0.23529411764705882,0.24242424242424243,33.0,0.4,0.3877551020408163,0.41304347826086957,46.0,0.15384615384615385,0.16666666666666666,0.14285714285714285,7.0,,,,
p_730,0.40486536107711135,0.4553961366181411,0.4257471264367816,0.40481209483657465,0.46130267305379286,0.42592592592592593,108.0,0.3,0.6,0.2,30.0,0.37209302325581395,0.42105263157894735,0.3333333333333333,24.0,0.5263157894736842,0.425531914893617,0.6896551724137931,29.0,0.42105263157894735,0.375,0.48,25.0,,,,
p_731,0.34768729449580515,0.330387323943662,0.3946245059288538,0.4473494225267275,0.40760432968179444,0.5277777777777778,108.0,0.5106382978723404,0.48,0.5454545454545454,22.0,0.717948717948718,0.5915492957746479,0.9130434782608695,46.0,0.0,0.0,0.0,15.0,0.16216216216216217,0.25,0.12,25.0,,,,
p_732,0.2546897546897547,0.21702249332825008,0.3107585139318886,0.34017422906311795,0.28907386227248977,0.4166666666666667,108.0,0.0,0.0,0.0,19.0,0.4935064935064935,0.4418604651162791,0.5588235294117647,34.0,0.0,0.0,0.0,17.0,0.5252525252525253,0.4262295081967213,0.6842105263157895,38.0,,,,
p_733,0.3038399857448325,0.3391165413533834,0.33311337355455,0.37611434492225654,0.38808897243107765,0.4351851851851852,108.0,0.0,0.0,0.0,16.0,0.5391304347826087,0.40789473684210525,0.7948717948717948,39.0,0.25,0.42857142857142855,0.17647058823529413,17.0,0.4262295081967213,0.52,0.3611111111111111,36.0,,,,
p_734,0.35297766749379655,0.394723092998955,0.34757501485442666,0.3683829611248966,0.38044719222880147,0.3888888888888889,108.0,0.5,0.4166666666666667,0.625,40.0,0.25806451612903225,0.27586206896551724,0.24242424242424243,33.0,0.5,0.6363636363636364,0.4117647058823529,17.0,0.15384615384615385,0.25,0.1111111111111111,18.0,,,,
p_735,0.31438845561107737,0.3601282618310482,0.32783882783882784,0.33290956860750903,0.37932385429805443,0.35185185185185186,108.0,0.21052631578947367,0.3333333333333333,0.15384615384615385,13.0,0.2857142857142857,0.47058823529411764,0.20512820512820512,39.0,0.43478260869565216,0.3508771929824561,0.5714285714285714,35.0,0.32653061224489793,0.2857142857142857,0.38095238095238093,21.0,,,,
p_736,0.3749113475177305,0.3983333333333333,0.3902846195949644,0.4570035460992908,0.45648148148148143,0.5092592592592593,108.0,0.6166666666666667,0.49333333333333335,0.8222222222222222,45.0,0.0,0.0,0.0,13.0,0.5,0.6,0.42857142857142855,21.0,0.3829787234042553,0.5,0.3103448275862069,29.0,,,,
p_737,0.34972350409875963,0.3474334261440708,0.3598484848484848,0.36557045489128753,0.3691970152489893,0.37037037037037035,108.0,0.2631578947368421,0.23809523809523808,0.29411764705882354,17.0,0.5882352941176471,0.5714285714285714,0.6060606060606061,33.0,0.3018867924528302,0.27586206896551724,0.3333333333333333,24.0,0.24561403508771928,0.30434782608695654,0.20588235294117646,34.0,,,,
p_738,0.33198070607553365,0.5355305052584183,0.3482836495031617,0.39405301648117735,0.4870832544183459,0.4351851851851852,108.0,0.62,0.5254237288135594,0.7560975609756098,41.0,0.3448275862068966,0.3225806451612903,0.37037037037037035,27.0,0.125,1.0,0.06666666666666667,15.0,0.23809523809523808,0.29411764705882354,0.2,25.0,,,,
p_739,0.271969696969697,0.2403030303030303,0.32474747474747473,0.4027777777777778,0.35,0.49074074074074076,108.0,0.0,0.0,0.0,15.0,0.45454545454545453,0.45454545454545453,0.45454545454545453,33.0,0.0,0.0,0.0,15.0,0.6333333333333333,0.5066666666666667,0.8444444444444444,45.0,,,,
p_740,0.28612278244631184,0.2557099352874001,0.32976190476190476,0.45182116056299065,0.39929013520562817,0.5277777777777778,108.0,0.6722689075630253,0.5633802816901409,0.8333333333333334,48.0,0.0,0.0,0.0,11.0,0.0,0.0,0.0,14.0,0.4722222222222222,0.4594594594594595,0.4857142857142857,35.0,,,,
p_741,0.45881608716361033,0.5315595975232198,0.44851475279106856,0.47214401430087705,0.524001452432825,0.48148148148148145,108.0,0.4583333333333333,0.4583333333333333,0.4583333333333333,24.0,0.358974358974359,0.4117647058823529,0.3181818181818182,22.0,0.47058823529411764,0.8,0.3333333333333333,24.0,0.5473684210526316,0.45614035087719296,0.6842105263157895,38.0,,,,
p_742,0.3203436348597639,0.41111111111111115,0.3630393996247655,0.38326538057720855,0.4576131687242799,0.4444444444444444,108.0,0.25806451612903225,0.8,0.15384615384615385,26.0,0.0,0.0,0.0,15.0,0.48484848484848486,0.4,0.6153846153846154,26.0,0.5384615384615384,0.4444444444444444,0.6829268292682927,41.0,,,,
p_743,0.27171413736834293,0.2673563998190864,0.29933862433862435,0.31927961561917945,0.2991419166792301,0.37037037037037035,108.0,0.5233644859813084,0.417910447761194,0.7,40.0,0.0,0.0,0.0,20.0,0.2777777777777778,0.3333333333333333,0.23809523809523808,21.0,0.2857142857142857,0.3181818181818182,0.25925925925925924,27.0,,,,
p_744,0.4388661688003793,0.48464640198511166,0.4464224286205711,0.46103153592188684,0.4966110651594523,0.48148148148148145,108.0,0.375,0.4,0.35294117647058826,17.0,0.45614035087719296,0.41935483870967744,0.5,26.0,0.32432432432432434,0.6,0.2222222222222222,27.0,0.6,0.5192307692307693,0.7105263157894737,38.0,,,,
p_745,0.2684782608695652,0.26880904183535764,0.3145405319318363,0.30858382537126494,0.2871401259559154,0.3888888888888889,108.0,0.2222222222222222,0.3076923076923077,0.17391304347826086,23.0,0.0,0.0,0.0,25.0,0.5739130434782609,0.4342105263157895,0.8461538461538461,39.0,0.2777777777777778,0.3333333333333333,0.23809523809523808,21.0,,,,
p_746,0.4102009102009102,0.4460959383753501,0.4448583743842364,0.38448228726006506,0.4386891793754539,0.4074074074074074,108.0,0.5555555555555556,0.5,0.625,16.0,0.36363636363636365,0.5333333333333333,0.27586206896551724,29.0,0.4523809523809524,0.3392857142857143,0.6785714285714286,28.0,0.2692307692307692,0.4117647058823529,0.2,35.0,,,,
p_747,0.34364446133063153,0.3331780538302277,0.3716611819552996,0.3376482231978686,0.33243232880914036,0.3611111111111111,108.0,0.1702127659574468,0.19047619047619047,0.15384615384615385,26.0,0.525,0.45652173913043476,0.6176470588235294,34.0,0.45714285714285713,0.4,0.5333333333333333,15.0,0.2222222222222222,0.2857142857142857,0.18181818181818182,33.0,,,,
p_748,0.36696802935010486,0.3600776583034647,0.39662288930581613,0.44612353443590336,0.44742245232089917,0.4722222222222222,108.0,0.5277777777777778,0.6129032258064516,0.4634146341463415,41.0,0.0,0.0,0.0,11.0,0.41509433962264153,0.4074074074074074,0.4230769230769231,26.0,0.525,0.42,0.7,30.0,,,,
p_749,0.36469604605197825,0.37449651797477884,0.40280448717948714,0.36514231429485666,0.38319356435298463,0.3888888888888889,108.0,0.36363636363636365,0.43478260869565216,0.3125,32.0,0.4406779661016949,0.3333333333333333,0.65,20.0,0.16216216216216217,0.2727272727272727,0.11538461538461539,26.0,0.49230769230769234,0.45714285714285713,0.5333333333333333,30.0,,,,
p_750,0.3468096419709323,0.3430371660859466,0.386502574002574,0.3898079220659866,0.40128876844324,0.4166666666666667,108.0,0.5806451612903226,0.72,0.4864864864864865,37.0,0.49230769230769234,0.3902439024390244,0.6666666666666666,24.0,0.0,0.0,0.0,19.0,0.3142857142857143,0.2619047619047619,0.39285714285714285,28.0,,,,
p_751,0.36717017954722875,0.3927884615384615,0.4120520722870272,0.35079104865990113,0.40952041785375115,0.37037037037037035,108.0,0.39344262295081966,0.6,0.2926829268292683,41.0,0.4166666666666667,0.4166666666666667,0.4166666666666667,12.0,0.17857142857142858,0.20833333333333334,0.15625,32.0,0.48,0.34615384615384615,0.782608695652174,23.0,,,,
p_752,0.34606569900687545,0.34562681074308976,0.3577237713267125,0.3549123353044922,0.34987399113152773,0.37037037037037035,108.0,0.12121212121212122,0.18181818181818182,0.09090909090909091,22.0,0.5098039215686274,0.48148148148148145,0.5416666666666666,24.0,0.38961038961038963,0.3488372093023256,0.4411764705882353,34.0,0.36363636363636365,0.37037037037037035,0.35714285714285715,28.0,,,,
p_753,0.22702850877192982,0.2375,0.28074136008918615,0.32422636452241715,0.330761316872428,0.4074074074074074,108.0,0.24561403508771928,0.3888888888888889,0.1794871794871795,39.0,0.0,0.0,0.0,6.0,0.6,0.45,0.9,40.0,0.0625,0.1111111111111111,0.043478260869565216,23.0,,,,
p_754,0.2787223584313447,0.27226788432267884,0.3136904761904762,0.37404110751834874,0.34155758498224253,0.4444444444444444,108.0,0.14814814814814814,0.2222222222222222,0.1111111111111111,18.0,0.0,0.0,0.0,17.0,0.6271186440677966,0.5068493150684932,0.8222222222222222,45.0,0.33962264150943394,0.36,0.32142857142857145,28.0,,,,
p_755,0.32505726180985284,0.38632872503840243,0.3423925339366516,0.33381795548506504,0.37304431928087844,0.35185185185185186,108.0,0.4225352112676056,0.3333333333333333,0.5769230769230769,26.0,0.37735849056603776,0.35714285714285715,0.4,25.0,0.19047619047619047,0.5,0.11764705882352941,17.0,0.30985915492957744,0.3548387096774194,0.275,40.0,,,,
p_756,0.40708638893223076,0.4132794289044289,0.4192371396719223,0.4339007260237821,0.4308320922904257,0.4537037037037037,108.0,0.5517241379310345,0.48484848484848486,0.64,25.0,0.5411764705882353,0.5,0.5897435897435898,39.0,0.358974358974359,0.4375,0.30434782608695654,23.0,0.17647058823529413,0.23076923076923078,0.14285714285714285,21.0,,,,
p_757,0.3807905138339921,0.3734126984126984,0.398018648018648,0.47434050651441956,0.4705908289241623,0.49074074074074076,108.0,0.6060606060606061,0.5555555555555556,0.6666666666666666,30.0,0.0,0.0,0.0,6.0,0.463768115942029,0.5333333333333333,0.41025641025641024,39.0,0.4533333333333333,0.40476190476190477,0.5151515151515151,33.0,,,,
p_758,0.29946115660401373,0.292433110367893,0.32194960212201595,0.28903393189107474,0.29176731078904994,0.2962962962962963,108.0,0.20408163265306123,0.25,0.1724137931034483,29.0,0.3783783783783784,0.30434782608695654,0.5,14.0,0.3076923076923077,0.3076923076923077,0.3076923076923077,26.0,0.3076923076923077,0.3076923076923077,0.3076923076923077,39.0,,,,
p_759,0.46458516242317816,0.44642203231037747,0.5226005530417295,0.4566473189607518,0.449033276141369,0.5,108.0,0.5411764705882353,0.45098039215686275,0.6764705882352942,34.0,0.6875,0.5789473684210527,0.8461538461538461,13.0,0.0625,0.14285714285714285,0.04,25.0,0.5671641791044776,0.6129032258064516,0.5277777777777778,36.0,,,,
p_760,0.3124741567724024,0.36987179487179483,0.3380952380952381,0.3075426126108387,0.31168091168091167,0.3611111111111111,108.0,0.0,0.0,0.0,28.0,0.42105263157894735,0.8,0.2857142857142857,14.0,0.4090909090909091,0.34615384615384615,0.5,36.0,0.41975308641975306,0.3333333333333333,0.5666666666666667,30.0,,,,
p_761,0.4853658536585366,0.6152973395931143,0.45714999286427854,0.5329757603131587,0.5681939372862691,0.5648148148148148,108.0,0.34146341463414637,0.4666666666666667,0.2692307692307692,26.0,0.5333333333333333,1.0,0.36363636363636365,11.0,0.7166666666666667,0.6056338028169014,0.8775510204081632,49.0,0.35,0.3888888888888889,0.3181818181818182,22.0,,,,
p_762,0.40283878011861335,0.5165543431750107,0.3916125541125541,0.4732653507623109,0.5073673909253713,0.5,108.0,0.47368421052631576,0.43902439024390244,0.5142857142857142,35.0,0.19047619047619047,0.3333333333333333,0.13333333333333333,15.0,0.6138613861386139,0.543859649122807,0.7045454545454546,44.0,0.3333333333333333,0.75,0.21428571428571427,14.0,,,,
p_763,0.3111111111111111,0.30340848094471284,0.3397550776583035,0.5117969821673526,0.4771873322597961,0.5833333333333334,108.0,0.725925925925926,0.6049382716049383,0.9074074074074074,54.0,0.0,0.0,0.0,11.0,0.0,0.0,0.0,12.0,0.5185185185185185,0.6086956521739131,0.45161290322580644,31.0,,,,
p_764,0.30879917749390395,0.27688641245972073,0.3499025591055952,0.34825473561052406,0.3098706587898317,0.39814814814814814,108.0,0.4225352112676056,0.375,0.4838709677419355,31.0,0.2777777777777778,0.2631578947368421,0.29411764705882354,17.0,0.5348837209302325,0.46938775510204084,0.6216216216216216,37.0,0.0,0.0,0.0,23.0,,,,
p_765,0.3620923913043478,0.3792627209746775,0.36209239130434784,0.43827160493827155,0.4402218152218152,0.4537037037037037,108.0,0.6666666666666666,0.6071428571428571,0.7391304347826086,46.0,0.2608695652173913,0.2608695652173913,0.2608695652173913,23.0,0.1875,0.1875,0.1875,16.0,0.3333333333333333,0.46153846153846156,0.2608695652173913,23.0,,,,
p_766,0.32516726711271227,0.318085407239819,0.33550357688288723,0.40943176836125883,0.39740709317915196,0.42592592592592593,108.0,0.417910447761194,0.4117647058823529,0.42424242424242425,33.0,0.0,0.0,0.0,7.0,0.4827586206896552,0.4375,0.5384615384615384,39.0,0.4,0.4230769230769231,0.3793103448275862,29.0,,,,
p_767,0.2890144381669805,0.2890786749482402,0.3227124183006536,0.4800027899839576,0.46149643432252135,0.5555555555555556,108.0,0.6814814814814815,0.5476190476190477,0.9019607843137255,51.0,0.0,0.0,0.0,5.0,0.4745762711864407,0.6086956521739131,0.3888888888888889,36.0,0.0,0.0,0.0,16.0,,,,
p_768,0.3045634920634921,0.4077669902912622,0.3214285714285714,0.5233318636096415,0.5094390507011867,0.6388888888888888,108.0,0.7738095238095238,0.6310679611650486,1.0,65.0,0.4444444444444444,1.0,0.2857142857142857,14.0,0.0,0.0,0.0,19.0,0.0,0.0,0.0,10.0,,,,
p_769,0.35796851942941466,0.30627705627705626,0.4350789096126255,0.4992348472427174,0.42496392496392493,0.6111111111111112,108.0,0.6842105263157895,0.6190476190476191,0.7647058823529411,34.0,0.0,0.0,0.0,12.0,0.0,0.0,0.0,21.0,0.7476635514018691,0.6060606060606061,0.975609756097561,41.0,,,,
p_770,0.38872790495508547,0.4298986486486487,0.3772395178928754,0.5004400227523959,0.4998748748748749,0.5277777777777778,108.0,0.6666666666666666,0.5945945945945946,0.7586206896551724,58.0,0.19047619047619047,0.25,0.15384615384615385,13.0,0.35294117647058826,0.375,0.3333333333333333,18.0,0.3448275862068966,0.5,0.2631578947368421,19.0,,,,
p_771,0.353344396939694,0.3657594086021505,0.37368024132730016,0.37665318615194854,0.3799009358821187,0.4166666666666667,108.0,0.18181818181818182,0.2,0.16666666666666666,18.0,0.2,0.3125,0.14705882352941177,34.0,0.4375,0.4666666666666667,0.4117647058823529,17.0,0.594059405940594,0.4838709677419355,0.7692307692307693,39.0,,,,
p_772,0.3513030087656953,0.32689075630252096,0.3917748917748918,0.38592531171303973,0.3671023965141612,0.4166666666666667,108.0,0.417910447761194,0.4117647058823529,0.42424242424242425,33.0,0.0,0.0,0.0,20.0,0.4444444444444444,0.35294117647058826,0.6,20.0,0.5428571428571428,0.5428571428571428,0.5428571428571428,35.0,,,,
p_773,0.43242750223760607,0.4278110599078341,0.4604377104377104,0.46242249252993806,0.44700859077203164,0.5,108.0,0.5842696629213483,0.52,0.6666666666666666,39.0,0.07142857142857142,0.16666666666666666,0.045454545454545456,22.0,0.4878048780487805,0.47619047619047616,0.5,20.0,0.5862068965517241,0.5483870967741935,0.6296296296296297,27.0,,,,
p_774,0.308757215007215,0.42175324675324677,0.3122294372294372,0.3423353909465021,0.3740740740740741,0.3888888888888889,108.0,0.5178571428571429,0.4142857142857143,0.6904761904761905,42.0,0.4444444444444444,1.0,0.2857142857142857,14.0,0.0,0.0,0.0,19.0,0.2727272727272727,0.2727272727272727,0.2727272727272727,33.0,,,,
p_775,0.3513323983169705,0.37791164658634535,0.36773538961038954,0.4773258532024311,0.46056076156477765,0.5462962962962963,108.0,0.6956521739130435,0.5783132530120482,0.8727272727272727,55.0,0.3225806451612903,0.3333333333333333,0.3125,16.0,0.3870967741935484,0.6,0.2857142857142857,21.0,0.0,0.0,0.0,16.0,,,,
p_776,0.3651990596963423,0.3979166666666667,0.3970063025210083,0.33269592055823943,0.39422398589065255,0.3425925925925926,108.0,0.2571428571428571,0.2571428571428571,0.2571428571428571,35.0,0.34375,0.275,0.4583333333333333,24.0,0.30434782608695654,0.5833333333333334,0.20588235294117646,34.0,0.5555555555555556,0.47619047619047616,0.6666666666666666,15.0,,,,
p_777,0.36209150326797385,0.5140151515151515,0.39342226982813183,0.44245945291696925,0.534273288439955,0.5370370370370371,108.0,0.2962962962962963,1.0,0.17391304347826086,23.0,0.0,0.0,0.0,19.0,0.6814814814814815,0.5227272727272727,0.9787234042553191,47.0,0.47058823529411764,0.5333333333333333,0.42105263157894735,19.0,,,,
p_778,0.30284816216562965,0.2839285714285714,0.3488861681796464,0.43522569333076744,0.3987433862433863,0.5,108.0,0.6870229007633588,0.6,0.8035714285714286,56.0,0.35294117647058826,0.2857142857142857,0.46153846153846156,13.0,0.17142857142857143,0.25,0.13043478260869565,23.0,0.0,0.0,0.0,16.0,,,,
p_779,0.3673590185105467,0.38671875,0.3907657657657657,0.4335708933212161,0.44777199074074076,0.4722222222222222,108.0,0.43478260869565216,0.625,0.3333333333333333,30.0,0.5,0.5,0.5,28.0,0.5346534653465347,0.421875,0.7297297297297297,37.0,0.0,0.0,0.0,13.0,,,,
p_780,0.4160070785070785,0.4433213716108453,0.42833333333333334,0.46032639782639784,0.4629998818595309,0.5,108.0,0.6306306306306306,0.5303030303030303,0.7777777777777778,45.0,0.14285714285714285,0.25,0.1,20.0,0.5405405405405406,0.5263157894736842,0.5555555555555556,18.0,0.35,0.4666666666666667,0.28,25.0,,,,
p_781,0.23156789031402034,0.24474637681159417,0.27685335497835495,0.3115730502727407,0.283870101986044,0.4166666666666667,108.0,0.5857142857142857,0.44565217391304346,0.8541666666666666,48.0,0.23529411764705882,0.3333333333333333,0.18181818181818182,11.0,0.0,0.0,0.0,21.0,0.10526315789473684,0.2,0.07142857142857142,28.0,,,,
p_782,0.2952188940092166,0.2671946347031963,0.352328431372549,0.3760880696364567,0.3343691865381363,0.4444444444444444,108.0,0.6451612903225806,0.547945205479452,0.7843137254901961,51.0,0.0,0.0,0.0,29.0,0.2857142857142857,0.3333333333333333,0.25,20.0,0.25,0.1875,0.375,8.0,,,,
p_783,0.296894688817114,0.2697236338540686,0.335625,0.3552544549531934,0.3236903774343388,0.39814814814814814,108.0,0.5132743362831859,0.4603174603174603,0.58,50.0,0.2127659574468085,0.22727272727272727,0.2,25.0,0.46153846153846156,0.391304347826087,0.5625,16.0,0.0,0.0,0.0,17.0,,,,
p_784,0.4330652361481037,0.5706043956043956,0.43065864447443397,0.4449688289782824,0.5331603581603581,0.4537037037037037,108.0,0.4918032786885246,0.42857142857142855,0.5769230769230769,26.0,0.38596491228070173,0.36666666666666664,0.4074074074074074,27.0,0.5066666666666667,0.48717948717948717,0.5277777777777778,36.0,0.34782608695652173,1.0,0.21052631578947367,19.0,,,,
p_785,0.3283224244947885,0.3175865800865801,0.35343270099367663,0.3983924945648586,0.39614999198332523,0.4166666666666667,108.0,0.5405405405405406,0.6060606060606061,0.4878048780487805,41.0,0.3548387096774194,0.3142857142857143,0.4074074074074074,27.0,0.417910447761194,0.35,0.5185185185185185,27.0,0.0,0.0,0.0,13.0,,,,
p_786,0.38679831097863887,0.41000000000000003,0.3993498817966903,0.4806949274162389,0.4834567901234568,0.5277777777777778,108.0,0.6229508196721312,0.5066666666666667,0.8085106382978723,47.0,0.42424242424242425,0.4666666666666667,0.3888888888888889,18.0,0.5,0.6666666666666666,0.4,30.0,0.0,0.0,0.0,13.0,,,,
p_787,0.3315970718184181,0.32512531328320804,0.3489191729323308,0.40877748579385936,0.39824561403508774,0.4351851851851852,108.0,0.5154639175257731,0.43859649122807015,0.625,40.0,0.42857142857142855,0.42857142857142855,0.42857142857142855,21.0,0.38235294117647056,0.43333333333333335,0.34210526315789475,38.0,0.0,0.0,0.0,9.0,,,,
p_788,0.2921405524470493,0.2765151515151515,0.3345190738474092,0.355111017640696,0.3211279461279461,0.42592592592592593,108.0,0.6194690265486725,0.5,0.813953488372093,43.0,0.0,0.0,0.0,22.0,0.2926829268292683,0.2727272727272727,0.3157894736842105,19.0,0.2564102564102564,0.3333333333333333,0.20833333333333334,24.0,,,,
p_789,0.3483615883490727,0.40461090686274515,0.3348997493734336,0.3585149225533038,0.4030398965141612,0.3611111111111111,108.0,0.37254901960784315,0.296875,0.5,38.0,0.425531914893617,0.5882352941176471,0.3333333333333333,30.0,0.24242424242424243,0.3333333333333333,0.19047619047619047,21.0,0.35294117647058826,0.4,0.3157894736842105,19.0,,,,
p_790,0.2834649610678532,0.3020833333333333,0.3031015037593985,0.4204152762328513,0.4058641975308642,0.4722222222222222,108.0,0.6290322580645161,0.5416666666666666,0.75,52.0,0.0,0.0,0.0,9.0,0.3448275862068966,0.3333333333333333,0.35714285714285715,28.0,0.16,0.3333333333333333,0.10526315789473684,19.0,,,,
p_791,0.32914404559327987,0.36963569518716577,0.35453935599284436,0.405304710485274,0.4186454000792236,0.4722222222222222,108.0,0.6016260162601627,0.4625,0.8604651162790697,43.0,0.34285714285714286,0.5454545454545454,0.25,24.0,0.0,0.0,0.0,15.0,0.37209302325581395,0.47058823529411764,0.3076923076923077,26.0,,,,
p_792,0.4274422268907563,0.4713768115942029,0.4457070707070707,0.5130077030812324,0.522920021470746,0.5740740740740741,108.0,0.6722689075630253,0.5333333333333333,0.9090909090909091,44.0,0.4375,0.7,0.3181818181818182,22.0,0.0,0.0,0.0,15.0,0.6,0.6521739130434783,0.5555555555555556,27.0,,,,
p_793,0.22424242424242424,0.23152762396948443,0.2617770810989192,0.25768799102132434,0.253707919190262,0.3055555555555556,108.0,0.4,0.3148148148148148,0.5483870967741935,31.0,0.13333333333333333,0.2857142857142857,0.08695652173913043,23.0,0.36363636363636365,0.32558139534883723,0.4117647058823529,34.0,0.0,0.0,0.0,20.0,,,,
p_794,0.2762276785714286,0.2515432098765432,0.32641843971631207,0.40775876322751325,0.3591678097850938,0.5,108.0,0.640625,0.5061728395061729,0.8723404255319149,47.0,0.4642857142857143,0.5,0.43333333333333335,30.0,0.0,0.0,0.0,14.0,0.0,0.0,0.0,17.0,,,,
p_795,0.3785570638511815,0.532347670250896,0.39577383025658885,0.38733310988212954,0.5055256869772998,0.4166666666666667,108.0,0.5176470588235295,0.4,0.7333333333333333,30.0,0.3076923076923077,1.0,0.18181818181818182,22.0,0.2222222222222222,0.2777777777777778,0.18518518518518517,27.0,0.4666666666666667,0.45161290322580644,0.4827586206896552,29.0,,,,
p_796,0.28717006348145674,0.26010676315554365,0.3379455909943715,0.3300045785845986,0.31116876950210287,0.3611111111111111,108.0,0.3902439024390244,0.3902439024390244,0.3902439024390244,41.0,0.0,0.0,0.0,20.0,0.4657534246575342,0.4358974358974359,0.5,34.0,0.2926829268292683,0.21428571428571427,0.46153846153846156,13.0,,,,
p_797,0.34597701149425286,0.33238636363636365,0.3826388888888889,0.3901021711366539,0.3814534231200898,0.42592592592592593,108.0,0.5172413793103449,0.45454545454545453,0.6,25.0,0.5,0.4166666666666667,0.625,32.0,0.36666666666666664,0.4583333333333333,0.3055555555555556,36.0,0.0,0.0,0.0,15.0,,,,
p_798,0.3707399195204073,0.6236159673659674,0.3704004329004329,0.39245207266887483,0.5395299145299146,0.46296296296296297,108.0,0.5909090909090909,0.4431818181818182,0.8863636363636364,44.0,0.5,1.0,0.3333333333333333,12.0,0.24390243902439024,0.38461538461538464,0.17857142857142858,28.0,0.14814814814814814,0.6666666666666666,0.08333333333333333,24.0,,,,
p_799,0.37962532043749986,0.5478966773276475,0.36867802676626205,0.38782845785931513,0.4899259489589092,0.4074074074074074,108.0,0.32653061224489793,0.38095238095238093,0.2857142857142857,28.0,0.4854368932038835,0.373134328358209,0.6944444444444444,36.0,0.32558139534883723,0.4375,0.25925925925925924,27.0,0.38095238095238093,1.0,0.23529411764705882,17.0,,,,
p_800,0.38048213378945395,0.35589036617262426,0.421333914559721,0.4343198130380427,0.4132646759662889,0.4722222222222222,108.0,0.47058823529411764,0.5161290322580645,0.43243243243243246,37.0,0.5161290322580645,0.43243243243243246,0.64,25.0,0.5352112676056338,0.475,0.6129032258064516,31.0,0.0,0.0,0.0,15.0,,,,
p_801,0.29140559732664995,0.2876269084708982,0.32060674943171885,0.3815692781336055,0.3657769798008502,0.4351851851851852,108.0,0.2807017543859649,0.36363636363636365,0.22857142857142856,35.0,0.0,0.0,0.0,11.0,0.2777777777777778,0.29411764705882354,0.2631578947368421,19.0,0.6071428571428571,0.4927536231884058,0.7906976744186046,43.0,,,,
p_802,0.30205898444775564,0.33477310201448135,0.34183760683760683,0.303338966236212,0.33198140669405046,0.3425925925925926,108.0,0.23728813559322035,0.2413793103448276,0.23333333333333334,30.0,0.07142857142857142,0.3333333333333333,0.04,25.0,0.4307692307692308,0.358974358974359,0.5384615384615384,26.0,0.46875,0.40540540540540543,0.5555555555555556,27.0,,,,
p_803,0.36017279821627646,0.33779137529137526,0.39318996415770613,0.38787006069614766,0.3618136493136493,0.42592592592592593,108.0,0.463768115942029,0.41025641025641024,0.5333333333333333,30.0,0.5769230769230769,0.6,0.5555555555555556,27.0,0.4,0.3409090909090909,0.4838709677419355,31.0,0.0,0.0,0.0,20.0,,,,
p_804,0.3085016835016835,0.29158998895841,0.330325311942959,0.3707133058984911,0.3492840005997901,0.39814814814814814,108.0,0.6111111111111112,0.5789473684210527,0.6470588235294118,34.0,0.36363636363636365,0.3181818181818182,0.42424242424242425,33.0,0.25925925925925924,0.2692307692307692,0.25,28.0,0.0,0.0,0.0,13.0,,,,
p_805,0.39949445531637306,0.3854121527276229,0.42473544973544974,0.49890918315575844,0.48229599670449014,0.5277777777777778,108.0,0.5952380952380952,0.5952380952380952,0.5952380952380952,42.0,0.6027397260273972,0.5116279069767442,0.7333333333333333,30.0,0.4,0.43478260869565216,0.37037037037037035,27.0,0.0,0.0,0.0,9.0,,,,
p_806,0.3883022774327122,0.38437690200852104,0.4054605304605305,0.4894103212943793,0.4877975586663962,0.5092592592592593,108.0,0.6285714285714286,0.7096774193548387,0.5641025641025641,39.0,0.0,0.0,0.0,10.0,0.391304347826087,0.375,0.4090909090909091,22.0,0.5333333333333333,0.4528301886792453,0.6486486486486487,37.0,,,,
p_807,0.3478715170278638,0.48177083333333337,0.3528658841158841,0.4731452815044146,0.5131172839506173,0.5648148148148148,108.0,0.6973684210526315,0.5520833333333334,0.9464285714285714,56.0,0.29411764705882354,0.625,0.19230769230769232,26.0,0.0,0.0,0.0,15.0,0.4,0.75,0.2727272727272727,11.0,,,,
p_808,0.37575071986836694,0.37716450216450215,0.40796703296703296,0.4266671237259473,0.39762706429373096,0.49074074074074076,108.0,0.49230769230769234,0.48484848484848486,0.5,32.0,0.36363636363636365,0.5,0.2857142857142857,14.0,0.0,0.0,0.0,23.0,0.6470588235294118,0.5238095238095238,0.8461538461538461,39.0,,,,
p_809,0.2425,0.2562724014336918,0.2812865497076023,0.41935185185185186,0.3774392672242135,0.5277777777777778,108.0,0.72,0.5806451612903226,0.9473684210526315,57.0,0.0,0.0,0.0,18.0,0.16666666666666666,0.3333333333333333,0.1111111111111111,18.0,0.08333333333333333,0.1111111111111111,0.06666666666666667,15.0,,,,
p_810,0.2977693602693603,0.2806476226172628,0.3434375,0.33610799351540094,0.3169744492832948,0.3888888888888889,108.0,0.5681818181818182,0.44642857142857145,0.78125,32.0,0.25925925925925924,0.2413793103448276,0.28,25.0,0.0,0.0,0.0,19.0,0.36363636363636365,0.43478260869565216,0.3125,32.0,,,,
p_811,0.34038064149387515,0.3626136794240243,0.35633116883116883,0.3492747007327855,0.37469562685079927,0.37037037037037035,108.0,0.49411764705882355,0.40384615384615385,0.6363636363636364,33.0,0.3157894736842105,0.3103448275862069,0.32142857142857145,28.0,0.2962962962962963,0.3076923076923077,0.2857142857142857,14.0,0.2553191489361702,0.42857142857142855,0.18181818181818182,33.0,,,,
p_812,0.33760085892764186,0.35413533834586464,0.3873000907884629,0.46291054524071185,0.49270398217766637,0.5277777777777778,108.0,0.5882352941176471,0.8,0.46511627906976744,43.0,0.6371681415929203,0.47368421052631576,0.972972972972973,37.0,0.125,0.14285714285714285,0.1111111111111111,9.0,0.0,0.0,0.0,19.0,,,,
p_813,0.3462446994301597,0.3771164021164021,0.3611948087754539,0.3613447963164593,0.3993386243386243,0.37037037037037035,108.0,0.4444444444444444,0.37037037037037035,0.5555555555555556,36.0,0.3673469387755102,0.5,0.2903225806451613,31.0,0.27906976744186046,0.4,0.21428571428571427,28.0,0.29411764705882354,0.23809523809523808,0.38461538461538464,13.0,,,,
p_814,0.2936991869918699,0.4611111111111111,0.2862612612612613,0.32593345377898225,0.4306584362139918,0.3425925925925926,108.0,0.34146341463414637,0.3111111111111111,0.3783783783783784,37.0,0.1,0.2,0.06666666666666667,15.0,0.3333333333333333,1.0,0.2,20.0,0.4,0.3333333333333333,0.5,36.0,,,,
p_815,0.2335584263065179,0.23270254287403902,0.29004329004329005,0.3312618255366347,0.3181220842368092,0.42592592592592593,108.0,0.549618320610687,0.4044943820224719,0.8571428571428571,42.0,0.0,0.0,0.0,12.0,0.38461538461538464,0.5263157894736842,0.30303030303030304,33.0,0.0,0.0,0.0,21.0,,,,
p_816,0.35552134646962236,0.5105889724310777,0.3653475935828877,0.4384654564252265,0.5112317831616078,0.5277777777777778,108.0,0.6482758620689655,0.49473684210526314,0.94,50.0,0.0,0.0,0.0,19.0,0.4166666666666667,0.7142857142857143,0.29411764705882354,17.0,0.35714285714285715,0.8333333333333334,0.22727272727272727,22.0,,,,
p_817,0.3359703020993343,0.5256172839506172,0.37003968253968256,0.3773965978267053,0.5087448559670782,0.4537037037037037,108.0,0.6031746031746031,0.4691358024691358,0.8444444444444444,45.0,0.34285714285714286,0.3,0.4,15.0,0.3333333333333333,1.0,0.2,20.0,0.06451612903225806,0.3333333333333333,0.03571428571428571,28.0,,,,
p_818,0.35517792302106027,0.4739766081871345,0.3469790470723307,0.5705177654052018,0.57122590426684,0.6481481481481481,108.0,0.7901234567901234,0.6736842105263158,0.9552238805970149,67.0,0.16,0.2222222222222222,0.125,16.0,0.0,0.0,0.0,12.0,0.47058823529411764,1.0,0.3076923076923077,13.0,,,,
p_819,0.4120614035087719,0.40926150121065374,0.4399305555555556,0.5088287849252763,0.5054703614025647,0.5462962962962963,108.0,0.631578947368421,0.5084745762711864,0.8333333333333334,36.0,0.4666666666666667,0.5,0.4375,16.0,0.55,0.6285714285714286,0.4888888888888889,45.0,0.0,0.0,0.0,11.0,,,,
p_820,0.3681528333650975,0.4979183219450182,0.4037449392712551,0.3620783010632766,0.5178458133964251,0.3888888888888889,108.0,0.2916666666666667,0.7,0.18421052631578946,38.0,0.4528301886792453,0.41379310344827586,0.5,24.0,0.2962962962962963,0.5714285714285714,0.2,20.0,0.4318181818181818,0.3064516129032258,0.7307692307692307,26.0,,,,
p_821,0.3711380333771226,0.38569159335288367,0.36894366756713814,0.3787637562147367,0.39815719923246806,0.37037037037037035,108.0,0.3548387096774194,0.3548387096774194,0.3548387096774194,31.0,0.47058823529411764,0.5454545454545454,0.41379310344827586,29.0,0.27450980392156865,0.22580645161290322,0.35,20.0,0.38461538461538464,0.4166666666666667,0.35714285714285715,28.0,,,,
p_822,0.3126984126984127,0.2947802197802198,0.37919254658385093,0.3436213991769548,0.3108974358974359,0.4351851851851852,108.0,0.2222222222222222,0.3076923076923077,0.17391304347826086,23.0,0.0,0.0,0.0,25.0,0.4,0.4,0.4,25.0,0.6285714285714286,0.4714285714285714,0.9428571428571428,35.0,,,,
p_823,0.3929698708751793,0.3545238095238095,0.5214285714285715,0.41195068813433233,0.4045414462081129,0.4722222222222222,108.0,0.5647058823529412,0.48,0.6857142857142857,35.0,0.5365853658536586,0.36666666666666664,1.0,11.0,0.0,0.0,0.0,22.0,0.47058823529411764,0.5714285714285714,0.4,40.0,,,,
p_824,0.2638888888888889,0.25335038986354774,0.3410471107839529,0.26275720164609057,0.27296314345534617,0.32407407407407407,108.0,0.43333333333333335,0.34210526315789475,0.5909090909090909,22.0,0.4,0.2962962962962963,0.6153846153846154,26.0,0.0,0.0,0.0,22.0,0.2222222222222222,0.375,0.15789473684210525,38.0,,,,
p_825,0.3604283990345937,0.3549016772700983,0.37129720853858783,0.47027986353207596,0.4494168112589165,0.5,108.0,0.6371681415929203,0.5714285714285714,0.72,50.0,0.0,0.0,0.0,8.0,0.2545454545454545,0.2692307692307692,0.2413793103448276,29.0,0.55,0.5789473684210527,0.5238095238095238,21.0,,,,
p_826,0.2945688830520291,0.2664092664092664,0.3621212121212122,0.32949178486007447,0.29688617188617195,0.4074074074074074,108.0,0.4126984126984127,0.35135135135135137,0.5,26.0,0.6292134831460674,0.5,0.8484848484848485,33.0,0.0,0.0,0.0,19.0,0.13636363636363635,0.21428571428571427,0.1,30.0,,,,
p_827,0.42067654567654567,0.51820353559484,0.4321380568356375,0.4459574376241043,0.49633552169784056,0.48148148148148145,108.0,0.5982905982905983,0.5072463768115942,0.7291666666666666,48.0,0.45714285714285713,0.38095238095238093,0.5714285714285714,14.0,0.22727272727272727,0.38461538461538464,0.16129032258064516,31.0,0.4,0.8,0.26666666666666666,15.0,,,,
p_828,0.27747822665736716,0.27362745098039215,0.3062401725966285,0.34457436584249534,0.3243972403776325,0.39814814814814814,108.0,0.5504587155963303,0.4411764705882353,0.7317073170731707,41.0,0.0,0.0,0.0,15.0,0.2631578947368421,0.3333333333333333,0.21739130434782608,23.0,0.2962962962962963,0.32,0.27586206896551724,29.0,,,,
p_829,0.3612735542560104,0.3846491228070176,0.3596824686940966,0.5477462517748418,0.5477745289148798,0.5648148148148148,108.0,0.6666666666666666,0.6,0.75,48.0,0.21052631578947367,0.3333333333333333,0.15384615384615385,13.0,0.5679012345679012,0.6052631578947368,0.5348837209302325,43.0,0.0,0.0,0.0,4.0,,,,
p_830,0.23901999254663833,0.2633384146341463,0.27893049932523617,0.2781890117313315,0.2825767841011743,0.35185185185185186,108.0,0.49586776859504134,0.36585365853658536,0.7692307692307693,39.0,0.0,0.0,0.0,14.0,0.11538461538461539,0.1875,0.08333333333333333,36.0,0.3448275862068966,0.5,0.2631578947368421,19.0,,,,
p_831,0.3419631938797025,0.3601512226512226,0.3521986054880792,0.44845381720987876,0.42966955050288386,0.5,108.0,0.6825396825396826,0.581081081081081,0.8269230769230769,52.0,0.4117647058823529,0.4666666666666667,0.3684210526315789,19.0,0.1935483870967742,0.25,0.15789473684210525,19.0,0.08,0.14285714285714285,0.05555555555555555,18.0,,,,
p_832,0.465886544011544,0.49446097883597884,0.47430555555555554,0.49491943241943237,0.5271164021164021,0.49074074074074076,108.0,0.5396825396825397,0.6296296296296297,0.4722222222222222,36.0,0.36363636363636365,0.2857142857142857,0.5,12.0,0.5227272727272727,0.4791666666666667,0.575,40.0,0.4375,0.5833333333333334,0.35,20.0,,,,
p_833,0.30657124268054653,0.35310132575757575,0.3089110644257703,0.3923419841441963,0.42160318462401797,0.4166666666666667,108.0,0.5849056603773585,0.484375,0.7380952380952381,42.0,0.4,0.6363636363636364,0.2916666666666667,24.0,0.2413793103448276,0.2916666666666667,0.20588235294117646,34.0,0.0,0.0,0.0,8.0,,,,
p_834,0.3754311165510676,0.5019509476031215,0.40309330628803247,0.3707074965622497,0.42885234733060823,0.42592592592592593,108.0,0.56,0.45652173913043476,0.7241379310344828,29.0,0.42105263157894735,1.0,0.26666666666666666,15.0,0.46511627906976744,0.38461538461538464,0.5882352941176471,34.0,0.05555555555555555,0.16666666666666666,0.03333333333333333,30.0,,,,
p_835,0.3002651347768449,0.3680555555555556,0.31900375939849623,0.45670283628745845,0.4771090534979424,0.5370370370370371,108.0,0.684931506849315,0.5555555555555556,0.8928571428571429,56.0,0.3225806451612903,0.4166666666666667,0.2631578947368421,19.0,0.1935483870967742,0.5,0.12,25.0,0.0,0.0,0.0,8.0,,,,
p_836,0.26899335232668564,0.2778673835125448,0.2770984299516908,0.2998311702015406,0.313142174432497,0.3055555555555556,108.0,0.37037037037037035,0.3225806451612903,0.43478260869565216,23.0,0.0,0.0,0.0,17.0,0.32098765432098764,0.28888888888888886,0.3611111111111111,36.0,0.38461538461538464,0.5,0.3125,32.0,,,,
p_837,0.3507323317105926,0.44583333333333336,0.3519385026737968,0.4430268778094865,0.5027777777777778,0.4722222222222222,108.0,0.43243243243243246,0.5333333333333333,0.36363636363636365,44.0,0.43478260869565216,0.8333333333333334,0.29411764705882354,17.0,0.5357142857142857,0.4166666666666667,0.75,40.0,0.0,0.0,0.0,7.0,,,,
p_838,0.27854915354915355,0.25768849206349204,0.30865575396825395,0.3207713207713208,0.2917768959435626,0.3611111111111111,108.0,0.40540540540540543,0.35714285714285715,0.46875,32.0,0.2564102564102564,0.2777777777777778,0.23809523809523808,21.0,0.4523809523809524,0.3958333333333333,0.5277777777777778,36.0,0.0,0.0,0.0,19.0,,,,
p_839,0.22070561941251596,0.23250106700810924,0.24707207207207207,0.2727549548271132,0.2790502837451194,0.3148148148148148,108.0,0.20689655172413793,0.2727272727272727,0.16666666666666666,36.0,0.25,0.3333333333333333,0.2,25.0,0.42592592592592593,0.323943661971831,0.6216216216216216,37.0,0.0,0.0,0.0,10.0,,,,
p_840,0.3683457711442786,0.36345221868847494,0.38973922902494335,0.5400474479454579,0.5124459420801992,0.5925925925925926,108.0,0.6567164179104478,0.7096774193548387,0.6111111111111112,36.0,0.0,0.0,0.0,14.0,0.6833333333333333,0.5774647887323944,0.8367346938775511,49.0,0.13333333333333333,0.16666666666666666,0.1111111111111111,9.0,,,,
p_841,0.29647012162876785,0.28654320987654325,0.34948320413436695,0.4381549053019174,0.4148651120256059,0.5277777777777778,108.0,0.0,0.0,0.0,17.0,0.6612903225806451,0.5061728395061729,0.9534883720930233,43.0,0.5245901639344263,0.64,0.4444444444444444,36.0,0.0,0.0,0.0,12.0,,,,
p_842,0.2643815607050901,0.2617424242424242,0.2935035842293907,0.30509846100804705,0.2953843995510662,0.3425925925925926,108.0,0.4318181818181818,0.3333333333333333,0.6129032258064516,31.0,0.0,0.0,0.0,16.0,0.32941176470588235,0.35,0.3111111111111111,45.0,0.2962962962962963,0.36363636363636365,0.25,16.0,,,,
p_843,0.3807875735195657,0.3983403110047847,0.37722109761583444,0.3917402100760671,0.4081976563884458,0.3888888888888889,108.0,0.4444444444444444,0.5263157894736842,0.38461538461538464,26.0,0.3582089552238806,0.3,0.4444444444444444,27.0,0.43478260869565216,0.45454545454545453,0.4166666666666667,36.0,0.2857142857142857,0.3125,0.2631578947368421,19.0,,,,
p_844,0.33445258445258447,0.30722222222222223,0.37745098039215685,0.4250327861438973,0.3759876543209877,0.5,108.0,0.358974358974359,0.3888888888888889,0.3333333333333333,21.0,0.6825396825396826,0.5733333333333334,0.8431372549019608,51.0,0.0,0.0,0.0,24.0,0.2962962962962963,0.26666666666666666,0.3333333333333333,12.0,,,,
p_845,0.3027103923330338,0.31508563899868247,0.3545117698343505,0.33163899149224096,0.3435685355975211,0.39814814814814814,108.0,0.4444444444444444,0.4,0.5,20.0,0.0,0.0,0.0,20.0,0.5283018867924528,0.4057971014492754,0.7567567567567568,37.0,0.23809523809523808,0.45454545454545453,0.16129032258064516,31.0,,,,
p_846,0.3397910229305578,0.3470982142857143,0.36342592592592593,0.40923546737500227,0.40352182539682535,0.4537037037037037,108.0,0.4186046511627907,0.5625,0.3333333333333333,27.0,0.36363636363636365,0.35714285714285715,0.37037037037037035,27.0,0.5769230769230769,0.46875,0.75,40.0,0.0,0.0,0.0,14.0,,,,
p_847,0.36668182215166784,0.414608636977058,0.384375,0.40936173240988577,0.43797670815214673,0.4351851851851852,108.0,0.3870967741935484,0.4,0.375,16.0,0.5641025641025641,0.5789473684210527,0.55,40.0,0.42857142857142855,0.34615384615384615,0.5625,32.0,0.08695652173913043,0.3333333333333333,0.05,20.0,,,,
p_848,0.355295232936078,0.35819911801361326,0.3794718733159226,0.44742636732073354,0.42204637529870015,0.5,108.0,0.6346153846153846,0.5409836065573771,0.7674418604651163,43.0,0.0,0.0,0.0,15.0,0.4788732394366197,0.4473684210526316,0.5151515151515151,33.0,0.3076923076923077,0.4444444444444444,0.23529411764705882,17.0,,,,
p_849,0.38357251706088913,0.38071428571428567,0.39061688311688314,0.41047419578857997,0.4156084656084656,0.4074074074074074,108.0,0.48148148148148145,0.5,0.4642857142857143,28.0,0.28,0.28,0.28,25.0,0.3076923076923077,0.26666666666666666,0.36363636363636365,11.0,0.46511627906976744,0.47619047619047616,0.45454545454545453,44.0,,,,
p_850,0.3618828176431863,0.3487179487179487,0.4083377636009215,0.4125252968570941,0.3816714150047484,0.48148148148148145,108.0,0.45161290322580644,0.4,0.5185185185185185,27.0,0.6530612244897959,0.5333333333333333,0.8421052631578947,38.0,0.0,0.0,0.0,21.0,0.34285714285714286,0.46153846153846156,0.2727272727272727,22.0,,,,
p_851,0.36811547403771633,0.37608974358974356,0.3739575721592985,0.3982844896045619,0.40503323836657174,0.4074074074074074,108.0,0.32653061224489793,0.3076923076923077,0.34782608695652173,23.0,0.4,0.48,0.34285714285714286,35.0,0.5316455696202531,0.4666666666666667,0.6176470588235294,34.0,0.21428571428571427,0.25,0.1875,16.0,,,,
p_852,0.3624401913875598,0.3863316441441441,0.373321992849729,0.3531366294524189,0.3781046671671672,0.3611111111111111,108.0,0.3157894736842105,0.3333333333333333,0.3,30.0,0.3157894736842105,0.5,0.23076923076923078,26.0,0.2727272727272727,0.24324324324324326,0.3103448275862069,29.0,0.5454545454545454,0.46875,0.6521739130434783,23.0,,,,
p_853,0.2657550077041602,0.2681823228958472,0.3101648351648352,0.3017976373908577,0.2805680986338326,0.37962962962962965,108.0,0.5084745762711864,0.379746835443038,0.7692307692307693,39.0,0.1,0.16666666666666666,0.07142857142857142,14.0,0.0,0.0,0.0,30.0,0.45454545454545453,0.5263157894736842,0.4,25.0,,,,
p_854,0.28979020979020975,0.31685897435897437,0.3011647509578544,0.462337045670379,0.470744301994302,0.5185185185185185,108.0,0.3333333333333333,0.5384615384615384,0.2413793103448276,29.0,0.0,0.0,0.0,10.0,0.6307692307692307,0.5125,0.82,50.0,0.48484848484848486,0.5333333333333333,0.4444444444444444,18.0,0.0,0.0,0.0,1.0
p_855,0.18729851708575113,0.16193853427895982,0.251227495908347,0.26879910213243546,0.21193415637860083,0.3888888888888889,108.0,0.0,0.0,0.0,23.0,0.0,0.0,0.0,25.0,0.5673758865248227,0.425531914893617,0.851063829787234,47.0,0.18181818181818182,0.2222222222222222,0.15384615384615385,13.0,,,,
p_856,0.22118863049095608,0.20092879256965945,0.27753496503496505,0.30860369413340993,0.26603600504529296,0.4074074074074074,108.0,0.5736434108527132,0.43529411764705883,0.8409090909090909,44.0,0.0,0.0,0.0,6.0,0.0,0.0,0.0,32.0,0.3111111111111111,0.3684210526315789,0.2692307692307692,26.0,,,,
p_857,0.3585774690425853,0.35037878787878785,0.367478354978355,0.4081559411016775,0.40025252525252525,0.4166666666666667,108.0,0.3953488372093023,0.38636363636363635,0.40476190476190477,42.0,0.5238095238095238,0.5,0.55,20.0,0.5151515151515151,0.5151515151515151,0.5151515151515151,33.0,0.0,0.0,0.0,13.0,,,,
p_858,0.3565080971659919,0.4171245421245421,0.37566433566433566,0.43498538011695903,0.47156084656084657,0.4722222222222222,108.0,0.25,0.5714285714285714,0.16,25.0,0.10526315789473684,0.16666666666666666,0.07692307692307693,13.0,0.4307692307692308,0.358974358974359,0.5384615384615384,26.0,0.64,0.5714285714285714,0.7272727272727273,44.0,,,,
p_859,0.40703172023594564,0.4304766252398964,0.4092683496961197,0.40742919848944886,0.43637543709279714,0.4074074074074074,108.0,0.39436619718309857,0.34146341463414637,0.4666666666666667,30.0,0.46153846153846156,0.42857142857142855,0.5,24.0,0.4166666666666667,0.5882352941176471,0.3225806451612903,31.0,0.35555555555555557,0.36363636363636365,0.34782608695652173,23.0,,,,
p_860,0.2982515023654264,0.27037037037037037,0.33905228758169936,0.33372224353237007,0.3078875171467764,0.37037037037037035,108.0,0.43037974683544306,0.37777777777777777,0.5,34.0,0.0,0.0,0.0,21.0,0.3181818181818182,0.25925925925925924,0.4117647058823529,17.0,0.4444444444444444,0.4444444444444444,0.4444444444444444,36.0,,,,
p_861,0.2677757427757428,0.2570741758241758,0.2967792543373939,0.37478896275192575,0.3466168091168091,0.42592592592592593,108.0,0.45714285714285713,0.45714285714285713,0.45714285714285713,35.0,0.0,0.0,0.0,12.0,0.5370370370370371,0.4461538461538462,0.6744186046511628,43.0,0.07692307692307693,0.125,0.05555555555555555,18.0,,,,
p_862,0.3515756302521008,0.4600840336134454,0.3527167277167277,0.3983115468409586,0.4242919389978213,0.4444444444444444,108.0,0.5357142857142857,0.42857142857142855,0.7142857142857143,42.0,0.47058823529411764,1.0,0.3076923076923077,13.0,0.0,0.0,0.0,17.0,0.4,0.4117647058823529,0.3888888888888889,36.0,,,,
p_863,0.3410584152689416,0.49610842726784754,0.3444217819217819,0.469531306899728,0.5669817697461282,0.5185185185185185,108.0,0.6165413533834586,0.5061728395061729,0.7884615384615384,52.0,0.0,0.0,0.0,7.0,0.44,0.4782608695652174,0.4074074074074074,27.0,0.3076923076923077,1.0,0.18181818181818182,22.0,,,,
p_864,0.2694262061090494,0.2723039215686274,0.28888888888888886,0.3833328046859306,0.36927196804647794,0.42592592592592593,108.0,0.5486725663716814,0.45588235294117646,0.6888888888888889,45.0,0.0,0.0,0.0,7.0,0.4,0.43333333333333335,0.37142857142857144,35.0,0.12903225806451613,0.2,0.09523809523809523,21.0,,,,
p_865,0.36581830847885893,0.41603535353535354,0.3718992248062015,0.46006032244564354,0.46530115974560426,0.5,108.0,0.5135135135135135,0.5277777777777778,0.5,38.0,0.38095238095238093,0.6666666666666666,0.26666666666666666,15.0,0.5688073394495413,0.4696969696969697,0.7209302325581395,43.0,0.0,0.0,0.0,12.0,,,,
p_866,0.21213503649635038,0.20858253588516745,0.2564809707666851,0.35720802919708033,0.3376030037214247,0.4444444444444444,108.0,0.25,0.3684210526315789,0.1891891891891892,37.0,0.0,0.0,0.0,7.0,0.5985401459854015,0.4659090909090909,0.8367346938775511,49.0,0.0,0.0,0.0,15.0,,,,
p_867,0.2819324292728548,0.31908263305322127,0.31702898550724634,0.4020759185652803,0.4138837016287997,0.48148148148148145,108.0,0.425531914893617,0.5882352941176471,0.3333333333333333,30.0,0.0,0.0,0.0,9.0,0.6307692307692307,0.4880952380952381,0.8913043478260869,46.0,0.07142857142857142,0.2,0.043478260869565216,23.0,,,,
p_868,0.2943340972752737,0.3090659340659341,0.3122835497835498,0.3529675843401333,0.3625356125356125,0.37962962962962965,108.0,0.4675324675324675,0.42857142857142855,0.5142857142857142,35.0,0.0,0.0,0.0,12.0,0.3333333333333333,0.5,0.25,28.0,0.3764705882352941,0.3076923076923077,0.48484848484848486,33.0,,,,
p_869,0.43680665884613257,0.4575923392612859,0.42723930481283423,0.4355798040008566,0.4464615949739069,0.4351851851851852,108.0,0.375,0.375,0.375,32.0,0.3783783783783784,0.4117647058823529,0.35,20.0,0.4675324675324675,0.4186046511627907,0.5294117647058824,34.0,0.5263157894736842,0.625,0.45454545454545453,22.0,,,,
p_870,0.2610780423280423,0.2517857142857143,0.2903846153846154,0.36909660983735054,0.3428571428571429,0.4166666666666667,108.0,0.5416666666666666,0.4642857142857143,0.65,40.0,0.0,0.0,0.0,9.0,0.07407407407407407,0.14285714285714285,0.05,20.0,0.42857142857142855,0.4,0.46153846153846156,39.0,,,,
p_871,0.3303880970724191,0.29129098360655736,0.3920708634330925,0.3871010600353821,0.33288175470552517,0.4722222222222222,108.0,0.0,0.0,0.0,26.0,0.7272727272727273,0.5901639344262295,0.9473684210526315,38.0,0.1875,0.2,0.17647058823529413,17.0,0.4067796610169492,0.375,0.4444444444444444,27.0,,,,
p_872,0.3518189884649512,0.5008072528564332,0.35136030767609716,0.3714384304446416,0.46154394583356334,0.39814814814814814,108.0,0.5510204081632653,0.4426229508196721,0.7297297297297297,37.0,0.34782608695652173,1.0,0.21052631578947367,19.0,0.20408163265306123,0.22727272727272727,0.18518518518518517,27.0,0.30434782608695654,0.3333333333333333,0.28,25.0,,,,
p_873,0.3898861921529175,0.40844398656898656,0.43512450269963054,0.374620407630971,0.4008311004838782,0.39814814814814814,108.0,0.5714285714285714,0.4375,0.8235294117647058,17.0,0.34375,0.39285714285714285,0.3055555555555556,36.0,0.25,0.4444444444444444,0.17391304347826086,23.0,0.39436619718309857,0.358974358974359,0.4375,32.0,,,,
p_874,0.3067490319011617,0.29529180093089863,0.3326441102756892,0.3579768840079861,0.34351752396865176,0.3888888888888889,108.0,0.367816091954023,0.32653061224489793,0.42105263157894735,38.0,0.0,0.0,0.0,12.0,0.3137254901960784,0.38095238095238093,0.26666666666666666,30.0,0.5454545454545454,0.47368421052631576,0.6428571428571429,28.0,,,,
p_875,0.39270208450217947,0.5460674157303371,0.3793784340659341,0.5420229948994353,0.6011027881814399,0.6018518518518519,108.0,0.3829787234042553,0.6,0.28125,32.0,0.47058823529411764,1.0,0.3076923076923077,13.0,0.0,0.0,0.0,7.0,0.7172413793103448,0.5842696629213483,0.9285714285714286,56.0,,,,
p_876,0.4688117714433504,0.6196348156487476,0.44287464985994396,0.5754299241141346,0.6237504039361624,0.6111111111111112,108.0,0.7727272727272727,0.6710526315789473,0.9107142857142857,56.0,0.35714285714285715,0.45454545454545453,0.29411764705882354,17.0,0.42105263157894735,1.0,0.26666666666666666,15.0,0.32432432432432434,0.35294117647058826,0.3,20.0,,,,
p_877,0.36053153913478375,0.40284277504105087,0.378211739241151,0.3564908877682384,0.39693790670802165,0.37962962962962965,108.0,0.4375,0.4666666666666667,0.4117647058823529,17.0,0.41935483870967744,0.4482758620689655,0.3939393939393939,33.0,0.16666666666666666,0.375,0.10714285714285714,28.0,0.4186046511627907,0.32142857142857145,0.6,30.0,,,,
p_878,0.35286129266521427,0.41135204081632654,0.3717908249158249,0.3650469350977702,0.42056405895691606,0.3888888888888889,108.0,0.5432098765432098,0.4489795918367347,0.6875,32.0,0.23529411764705882,0.5714285714285714,0.14814814814814814,27.0,0.28,0.25,0.3181818181818182,22.0,0.35294117647058826,0.375,0.3333333333333333,27.0,,,,
p_879,0.31978564094858886,0.30243055555555554,0.34483243364822314,0.4053080576632527,0.375733024691358,0.4444444444444444,108.0,0.23529411764705882,0.26666666666666666,0.21052631578947367,19.0,0.0,0.0,0.0,14.0,0.4691358024691358,0.4222222222222222,0.5277777777777778,36.0,0.5747126436781609,0.5208333333333334,0.6410256410256411,39.0,,,,
p_880,0.3215264797507788,0.3231060606060606,0.34590844821491695,0.3989846544363678,0.38916947250280587,0.4444444444444444,108.0,0.5794392523364486,0.4696969696969697,0.7560975609756098,41.0,0.0,0.0,0.0,14.0,0.26666666666666666,0.2727272727272727,0.2608695652173913,23.0,0.44,0.55,0.36666666666666664,30.0,,,,
p_881,0.3933870967741936,0.416060606060606,0.40547798066595053,0.5094802867383512,0.49749719416386085,0.5648148148148148,108.0,0.48,0.5454545454545454,0.42857142857142855,28.0,0.0,0.0,0.0,12.0,0.6935483870967742,0.5733333333333334,0.8775510204081632,49.0,0.4,0.5454545454545454,0.3157894736842105,19.0,,,,
p_882,0.3399372009569378,0.3473524123725737,0.3390151515151515,0.3635985217673814,0.37121842464584404,0.3611111111111111,108.0,0.5757575757575758,0.5757575757575758,0.5757575757575758,33.0,0.20833333333333334,0.17857142857142858,0.25,20.0,0.2631578947368421,0.3125,0.22727272727272727,22.0,0.3125,0.3225806451612903,0.30303030303030304,33.0,,,,
p_883,0.304001554001554,0.26785714285714285,0.3551818805765271,0.45286914731359174,0.39431216931216934,0.5370370370370371,108.0,0.7008547008547008,0.5857142857142857,0.8723404255319149,47.0,0.0,0.0,0.0,19.0,0.5151515151515151,0.4857142857142857,0.5483870967741935,31.0,0.0,0.0,0.0,11.0,,,,
p_884,0.3667227531744964,0.3724778844344062,0.3814102564102564,0.38295281753688,0.3997229018968149,0.3888888888888889,108.0,0.3137254901960784,0.38095238095238093,0.26666666666666666,30.0,0.3,0.2727272727272727,0.3333333333333333,9.0,0.4473684210526316,0.3695652173913043,0.5666666666666667,30.0,0.4057971014492754,0.4666666666666667,0.358974358974359,39.0,,,,
p_885,0.27597538871109345,0.2768182904052469,0.3026175213675214,0.2981451376891633,0.3085573846443412,0.3148148148148148,108.0,0.3582089552238806,0.42857142857142855,0.3076923076923077,39.0,0.4411764705882353,0.3409090909090909,0.625,24.0,0.06451612903225806,0.07692307692307693,0.05555555555555555,18.0,0.24,0.2608695652173913,0.2222222222222222,27.0,,,,
p_886,0.35376737093630134,0.44155844155844154,0.3626459233385421,0.4078554651929172,0.45101811768478434,0.46296296296296297,108.0,0.2631578947368421,0.3333333333333333,0.21739130434782608,23.0,0.3870967741935484,0.6666666666666666,0.2727272727272727,22.0,0.14814814814814814,0.2857142857142857,0.1,20.0,0.6166666666666667,0.4805194805194805,0.8604651162790697,43.0,,,,
p_887,0.1750352360817477,0.1429144385026738,0.2325227963525836,0.271099235246522,0.2159487027134086,0.37037037037037035,108.0,0.5606060606060606,0.43529411764705883,0.7872340425531915,47.0,0.13953488372093023,0.13636363636363635,0.14285714285714285,21.0,0.0,0.0,0.0,15.0,0.0,0.0,0.0,25.0,,,,
p_888,0.42956349206349204,0.5775515334338864,0.41432244404113727,0.41541740152851264,0.5138516470215817,0.4166666666666667,108.0,0.39285714285714285,0.6111111111111112,0.2894736842105263,38.0,0.5,1.0,0.3333333333333333,12.0,0.38095238095238093,0.35294117647058826,0.41379310344827586,29.0,0.4444444444444444,0.34615384615384615,0.6206896551724138,29.0,,,,
p_889,0.4082290701266605,0.5421664167916042,0.41589306698002354,0.5630456298126981,0.6358487422955188,0.6018518518518519,108.0,0.6730769230769231,0.603448275862069,0.7608695652173914,46.0,0.0,0.0,0.0,5.0,0.6265060240963856,0.5652173913043478,0.7027027027027027,37.0,0.3333333333333333,1.0,0.2,20.0,,,,
p_890,0.46941657114438723,0.6188888888888888,0.43360805860805857,0.5242940364446979,0.5693827160493827,0.5462962962962963,108.0,0.3018867924528302,0.32,0.2857142857142857,28.0,0.47058823529411764,1.0,0.3076923076923077,13.0,0.6885245901639344,0.6,0.8076923076923077,52.0,0.4166666666666667,0.5555555555555556,0.3333333333333333,15.0,,,,
p_891,0.2810502283105023,0.3026595744680851,0.31826923076923075,0.40301031625232536,0.3754925137903861,0.5092592592592593,108.0,0.0,0.0,0.0,19.0,0.4666666666666667,0.7,0.35,20.0,0.6575342465753424,0.5106382978723404,0.9230769230769231,52.0,0.0,0.0,0.0,17.0,,,,
p_892,0.27844252988713014,0.28045238095238095,0.29832779623477296,0.45021211019340984,0.449429012345679,0.48148148148148145,108.0,0.4857142857142857,0.40476190476190477,0.6071428571428571,28.0,0.0,0.0,0.0,6.0,0.6021505376344086,0.56,0.6511627906976745,43.0,0.30434782608695654,0.4375,0.23333333333333334,30.0,0.0,0.0,0.0,1.0
p_893,0.37116803710731605,0.3680057388809182,0.3878488895558223,0.5031395194477631,0.5060975609756098,0.5185185185185185,108.0,0.5176470588235295,0.43137254901960786,0.6470588235294118,34.0,0.0,0.0,0.0,9.0,0.6444444444444445,0.7073170731707317,0.5918367346938775,49.0,0.3225806451612903,0.3333333333333333,0.3125,16.0,,,,
p_894,0.3143920595533499,0.28536184210526316,0.3537037037037037,0.49975186104218366,0.4457236842105263,0.5740740740740741,108.0,0.676923076923077,0.5789473684210527,0.8148148148148148,54.0,0.0,0.0,0.0,10.0,0.0,0.0,0.0,14.0,0.5806451612903226,0.5625,0.6,30.0,,,,
p_895,0.3757875457875458,0.535569105691057,0.3799242424242424,0.4311219644552978,0.5221619993977717,0.49074074074074076,108.0,0.41025641025641024,0.5333333333333333,0.3333333333333333,24.0,0.32,0.8,0.2,20.0,0.15384615384615385,0.3333333333333333,0.1,20.0,0.6190476190476191,0.47560975609756095,0.8863636363636364,44.0,,,,
p_896,0.35569942546686734,0.3916666666666667,0.3439594461266288,0.45640345554212913,0.4518518518518518,0.48148148148148145,108.0,0.6356589147286822,0.5694444444444444,0.7192982456140351,57.0,0.2857142857142857,0.375,0.23076923076923078,13.0,0.2962962962962963,0.4,0.23529411764705882,17.0,0.20512820512820512,0.2222222222222222,0.19047619047619047,21.0,,,,
p_897,0.37316968130921624,0.37136489321128907,0.4144042232277526,0.39065939324337257,0.3774247287905755,0.4537037037037037,108.0,0.4186046511627907,0.5625,0.3333333333333333,27.0,0.5,0.47368421052631576,0.5294117647058824,17.0,0.0,0.0,0.0,25.0,0.5740740740740741,0.4492753623188406,0.7948717948717948,39.0,,,,
p_898,0.29725600281754333,0.2875573633708803,0.3230377906976744,0.3744589541788572,0.3482887560067368,0.4166666666666667,108.0,0.5531914893617021,0.5098039215686274,0.6046511627906976,43.0,0.23076923076923078,0.3,0.1875,16.0,0.4050632911392405,0.3404255319148936,0.5,32.0,0.0,0.0,0.0,17.0,,,,
p_899,0.3972351233671988,0.41964285714285715,0.39489557377488416,0.4731699188302962,0.46974206349206354,0.49074074074074076,108.0,0.62,0.5535714285714286,0.7045454545454546,44.0,0.15384615384615385,0.25,0.1111111111111111,9.0,0.41509433962264153,0.4583333333333333,0.3793103448275862,29.0,0.4,0.4166666666666667,0.38461538461538464,26.0,,,,
p_900,0.3031024531024531,0.43636363636363634,0.3271853146853147,0.42977660199882417,0.44999999999999996,0.5462962962962963,108.0,0.7012987012987013,0.5454545454545454,0.9818181818181818,55.0,0.1111111111111111,0.2,0.07692307692307693,13.0,0.4,1.0,0.25,16.0,0.0,0.0,0.0,24.0,,,,
p_901,0.38581007115489874,0.4116151866151866,0.3844313581155686,0.3802555292018893,0.3997652414319081,0.37962962962962965,108.0,0.38095238095238093,0.4,0.36363636363636365,44.0,0.31746031746031744,0.2702702702702703,0.38461538461538464,26.0,0.5,0.47619047619047616,0.5263157894736842,19.0,0.3448275862068966,0.5,0.2631578947368421,19.0,,,,
p_902,0.38476840011366864,0.36972135007849294,0.4207974137931034,0.40991495900560976,0.3892566428280715,0.4537037037037037,108.0,0.4444444444444444,0.3673469387755102,0.5625,32.0,0.5652173913043478,0.65,0.5,26.0,0.0,0.0,0.0,21.0,0.5294117647058824,0.46153846153846156,0.6206896551724138,29.0,,,,
p_903,0.26954853523943556,0.5140350877192983,0.3156681000159261,0.3078921356822175,0.4832358674463937,0.4074074074074074,108.0,0.12903225806451613,0.3333333333333333,0.08,25.0,0.5522388059701493,0.3894736842105263,0.9487179487179487,39.0,0.32,1.0,0.19047619047619047,21.0,0.07692307692307693,0.3333333333333333,0.043478260869565216,23.0,,,,
p_904,0.3244668569749381,0.30170940170940175,0.3637345012645734,0.3006888179897289,0.2850269072491295,0.3333333333333333,108.0,0.36585365853658536,0.38461538461538464,0.3488372093023256,43.0,0.6428571428571429,0.6,0.6923076923076923,13.0,0.0,0.0,0.0,23.0,0.2891566265060241,0.2222222222222222,0.41379310344827586,29.0,,,,
p_905,0.28119821412578566,0.2991071428571429,0.2712478539803018,0.3561989710971925,0.3785135582010582,0.3425925925925926,108.0,0.1509433962264151,0.125,0.19047619047619047,21.0,0.4864864864864865,0.5625,0.42857142857142855,21.0,0.3492063492063492,0.34375,0.3548387096774194,31.0,0.41935483870967744,0.4642857142857143,0.38235294117647056,34.0,0.0,0.0,0.0,1.0
p_906,0.27983265657684264,0.2787698412698413,0.3167016806722689,0.4102634565166865,0.37533068783068785,0.5,108.0,0.6962962962962963,0.5595238095238095,0.9215686274509803,51.0,0.0,0.0,0.0,17.0,0.23255813953488372,0.3333333333333333,0.17857142857142858,28.0,0.19047619047619047,0.2222222222222222,0.16666666666666666,12.0,,,,
p_907,0.33989557508827284,0.3822877755804585,0.35156988605264466,0.33841309192898106,0.38898654752313294,0.3425925925925926,108.0,0.2962962962962963,0.4444444444444444,0.2222222222222222,36.0,0.35294117647058826,0.5,0.2727272727272727,22.0,0.4,0.34146341463414637,0.4827586206896552,29.0,0.3103448275862069,0.24324324324324326,0.42857142857142855,21.0,,,,
p_908,0.3166666666666667,0.3997113997113997,0.33594166411503873,0.33827160493827163,0.3901181123403346,0.3888888888888889,108.0,0.5,0.37662337662337664,0.7435897435897436,39.0,0.4166666666666667,0.5,0.35714285714285715,14.0,0.25,0.3888888888888889,0.18421052631578946,38.0,0.1,0.3333333333333333,0.058823529411764705,17.0,,,,
p_909,0.29536379769299026,0.3377400153609831,0.33437782805429866,0.3576727792566302,0.38128342436138135,0.4166666666666667,108.0,0.07142857142857142,0.3333333333333333,0.04,25.0,0.5510204081632653,0.43548387096774194,0.75,36.0,0.463768115942029,0.45714285714285713,0.47058823529411764,34.0,0.09523809523809523,0.125,0.07692307692307693,13.0,,,,
p_910,0.27790468350739994,0.3222064393939394,0.300016835016835,0.3213272128948417,0.33748070987654327,0.37037037037037035,108.0,0.3157894736842105,0.28125,0.36,25.0,0.2222222222222222,0.3333333333333333,0.16666666666666666,12.0,0.509090909090909,0.42424242424242425,0.6363636363636364,44.0,0.06451612903225806,0.25,0.037037037037037035,27.0,,,,
p_911,0.4422683547103051,0.4533633033633033,0.4352724662571861,0.4546747792684325,0.45874557541224203,0.4537037037037037,108.0,0.5789473684210527,0.5641025641025641,0.5945945945945946,37.0,0.375,0.36363636363636365,0.3870967741935484,31.0,0.5294117647058824,0.6,0.47368421052631576,19.0,0.2857142857142857,0.2857142857142857,0.2857142857142857,21.0,,,,
p_912,0.2708710407239819,0.26542487684729066,0.2882763975155279,0.34283350092173626,0.3482256887429301,0.35185185185185186,108.0,0.4411764705882353,0.375,0.5357142857142857,28.0,0.0,0.0,0.0,12.0,0.19230769230769232,0.1724137931034483,0.21739130434782608,23.0,0.45,0.5142857142857142,0.4,45.0,,,,
p_913,0.2229766265480551,0.20406770406770408,0.26432933991073526,0.2892001149937658,0.2516708627819739,0.3611111111111111,108.0,0.5470085470085471,0.43243243243243246,0.7441860465116279,43.0,0.1,0.1111111111111111,0.09090909090909091,11.0,0.0,0.0,0.0,27.0,0.24489795918367346,0.2727272727272727,0.2222222222222222,27.0,,,,
p_914,0.3542674081237911,0.359963768115942,0.3571428571428571,0.3845704384268214,0.38818438003220607,0.3888888888888889,108.0,0.4772727272727273,0.45652173913043476,0.5,42.0,0.3829787234042553,0.45,0.3333333333333333,27.0,0.18181818181818182,0.2,0.16666666666666666,18.0,0.375,0.3333333333333333,0.42857142857142855,21.0,,,,
p_915,0.37502082292187244,0.3974358974358974,0.37343750000000003,0.4204934569752161,0.42165242165242167,0.4351851851851852,108.0,0.5652173913043478,0.5,0.65,40.0,0.3333333333333333,0.3333333333333333,0.3333333333333333,24.0,0.2222222222222222,0.3333333333333333,0.16666666666666666,12.0,0.3793103448275862,0.4230769230769231,0.34375,32.0,,,,
p_916,0.38313725490196077,0.3913689150256913,0.39715959328028294,0.41313725490196085,0.42264150009405294,0.42592592592592593,108.0,0.4411764705882353,0.5172413793103449,0.38461538461538464,39.0,0.43137254901960786,0.4074074074074074,0.4583333333333333,24.0,0.16,0.2222222222222222,0.125,16.0,0.5,0.4186046511627907,0.6206896551724138,29.0,,,,
p_917,0.37525216706067765,0.372672697368421,0.42306998556998554,0.4307130140384671,0.42980141325536064,0.49074074074074076,108.0,0.5106382978723404,0.48,0.5454545454545454,22.0,0.37037037037037035,0.5263157894736842,0.2857142857142857,35.0,0.62,0.484375,0.8611111111111112,36.0,0.0,0.0,0.0,15.0,,,,
p_918,0.2708130477117819,0.2312853107344633,0.3279569892473118,0.3857198240109633,0.33146317221175975,0.46296296296296297,108.0,0.5769230769230769,0.5084745762711864,0.6666666666666666,45.0,0.0,0.0,0.0,21.0,0.5063291139240507,0.4166666666666667,0.6451612903225806,31.0,0.0,0.0,0.0,11.0,,,,
p_919,0.37409398034398034,0.45535714285714285,0.41113960113960113,0.439221607971608,0.4950396825396825,0.5092592592592593,108.0,0.6486486486486487,0.5,0.9230769230769231,39.0,0.4727272727272727,0.4642857142857143,0.48148148148148145,27.0,0.0,0.0,0.0,17.0,0.375,0.8571428571428571,0.24,25.0,,,,
p_920,0.35520469603366467,0.37447651386530845,0.3616688116688117,0.38773054884054076,0.4051955605860529,0.3888888888888889,108.0,0.4411764705882353,0.4838709677419355,0.40540540540540543,37.0,0.2916666666666667,0.23333333333333334,0.3888888888888889,18.0,0.4657534246575342,0.4473684210526316,0.4857142857142857,35.0,0.2222222222222222,0.3333333333333333,0.16666666666666666,18.0,,,,
p_921,0.36384803921568626,0.49693877551020404,0.37875772134522995,0.4796614015976761,0.5575963718820861,0.5185185185185185,108.0,0.6470588235294118,0.6,0.7021276595744681,47.0,0.475,0.3877551020408163,0.6129032258064516,31.0,0.3333333333333333,1.0,0.2,20.0,0.0,0.0,0.0,10.0,,,,
p_922,0.31803731512525923,0.3373420109413318,0.33521704903283855,0.370206549006782,0.3756192053211483,0.4074074074074074,108.0,0.14814814814814814,0.2222222222222222,0.1111111111111111,18.0,0.21621621621621623,0.2222222222222222,0.21052631578947367,19.0,0.3137254901960784,0.42105263157894735,0.25,32.0,0.594059405940594,0.4838709677419355,0.7692307692307693,39.0,,,,
p_923,0.3266306522609044,0.3373312011371713,0.354064039408867,0.37427934136617613,0.3786392113506541,0.4166666666666667,108.0,0.49019607843137253,0.373134328358209,0.7142857142857143,35.0,0.40816326530612246,0.5,0.3448275862068966,29.0,0.0,0.0,0.0,16.0,0.40816326530612246,0.47619047619047616,0.35714285714285715,28.0,,,,
p_924,0.33665573332755994,0.4615384615384615,0.34132071632071637,0.36079838634018196,0.41898148148148145,0.4074074074074074,108.0,0.5263157894736842,0.4166666666666667,0.7142857142857143,42.0,0.34615384615384615,0.34615384615384615,0.34615384615384615,26.0,0.12121212121212122,0.3333333333333333,0.07407407407407407,27.0,0.35294117647058826,0.75,0.23076923076923078,13.0,,,,
p_925,0.2044535157399235,0.19148351648351647,0.23596491228070174,0.2479065193466488,0.2244200244200244,0.2962962962962963,108.0,0.44660194174757284,0.35384615384615387,0.6052631578947368,38.0,0.25,0.2692307692307692,0.23333333333333334,30.0,0.12121212121212122,0.14285714285714285,0.10526315789473684,19.0,0.0,0.0,0.0,21.0,,,,
p_926,0.2996461742591774,0.30234375,0.3236652327935223,0.37661146329876977,0.3713541666666667,0.4166666666666667,108.0,0.5263157894736842,0.6,0.46875,32.0,0.0,0.0,0.0,12.0,0.14285714285714285,0.1875,0.11538461538461539,26.0,0.5294117647058824,0.421875,0.7105263157894737,38.0,,,,
p_927,0.3836674774285467,0.3761191772534785,0.4094438170525127,0.49558774697115865,0.47644798458470566,0.5370370370370371,108.0,0.425531914893617,0.5263157894736842,0.35714285714285715,28.0,0.7169811320754716,0.6333333333333333,0.8260869565217391,46.0,0.39215686274509803,0.3448275862068966,0.45454545454545453,22.0,0.0,0.0,0.0,12.0,,,,
p_928,0.214468085106383,0.19444444444444445,0.3103448275862069,0.2614657210401891,0.23045267489711935,0.3888888888888889,108.0,0.0,0.0,0.0,23.0,0.2978723404255319,0.3888888888888889,0.2413793103448276,29.0,0.56,0.3888888888888889,1.0,35.0,0.0,0.0,0.0,21.0,,,,
p_929,0.2808608826414748,0.3127321850726106,0.29555502468545947,0.30327358737623067,0.3222416100666692,0.32407407407407407,108.0,0.058823529411764705,0.1111111111111111,0.04,25.0,0.46511627906976744,0.425531914893617,0.5128205128205128,39.0,0.3225806451612903,0.5,0.23809523809523808,21.0,0.27692307692307694,0.21428571428571427,0.391304347826087,23.0,,,,
p_930,0.3498292959965111,0.3359829825347067,0.3836842105263158,0.40738450463534026,0.39844255361496744,0.4351851851851852,108.0,0.5245901639344263,0.5517241379310345,0.5,32.0,0.410958904109589,0.42857142857142855,0.39473684210526316,38.0,0.463768115942029,0.36363636363636365,0.64,25.0,0.0,0.0,0.0,13.0,,,,
p_931,0.28635250917992655,0.24385245901639344,0.356985294117647,0.3903078108708463,0.3348512446873102,0.48148148148148145,108.0,0.5348837209302325,0.5,0.575,40.0,0.0,0.0,0.0,19.0,0.0,0.0,0.0,15.0,0.6105263157894737,0.47540983606557374,0.8529411764705882,34.0,,,,
p_932,0.3405000622742558,0.4932584269662921,0.3515183615819209,0.49734123524446106,0.5945276737411569,0.5648148148148148,108.0,0.6891891891891891,0.5730337078651685,0.864406779661017,59.0,0.2857142857142857,1.0,0.16666666666666666,24.0,0.3870967741935484,0.4,0.375,16.0,0.0,0.0,0.0,9.0,,,,
p_933,0.40817049620319457,0.4223309018567639,0.4054092709780316,0.40603473252645156,0.41349530896944686,0.4074074074074074,108.0,0.5074626865671642,0.5,0.5151515151515151,33.0,0.42105263157894735,0.375,0.48,25.0,0.26666666666666666,0.27586206896551724,0.25806451612903225,31.0,0.4375,0.5384615384615384,0.3684210526315789,19.0,,,,
p_934,0.3144047409493634,0.30722669785169787,0.3252913752913753,0.39639213231890574,0.38955181142681145,0.4074074074074074,108.0,0.4307692307692308,0.4375,0.42424242424242425,33.0,0.42105263157894735,0.43243243243243246,0.41025641025641024,39.0,0.4057971014492754,0.358974358974359,0.4666666666666667,30.0,0.0,0.0,0.0,6.0,,,,
p_935,0.3759345117357288,0.40101674641148327,0.4003552971576227,0.4659518980005795,0.47072700691121744,0.5277777777777778,108.0,0.4482758620689655,0.5909090909090909,0.3611111111111111,36.0,0.0,0.0,0.0,14.0,0.6554621848739496,0.5131578947368421,0.9069767441860465,43.0,0.4,0.5,0.3333333333333333,15.0,,,,
p_936,0.3100247225617546,0.296840354767184,0.3277220077220077,0.3823753020943074,0.36301018313213435,0.4074074074074074,108.0,0.5063291139240507,0.45454545454545453,0.5714285714285714,35.0,0.0,0.0,0.0,11.0,0.4358974358974359,0.4146341463414634,0.4594594594594595,37.0,0.2978723404255319,0.3181818181818182,0.28,25.0,,,,
p_937,0.36376043673731534,0.495,0.3526785714285714,0.6403934441827827,0.641574074074074,0.7222222222222222,108.0,0.8439306358381503,0.73,1.0,73.0,0.4444444444444444,1.0,0.2857142857142857,14.0,0.0,0.0,0.0,13.0,0.16666666666666666,0.25,0.125,8.0,,,,
p_938,0.4074718963831867,0.39772727272727276,0.43278032036613273,0.48667340972448503,0.4764309764309764,0.5185185185185185,108.0,0.625,0.6,0.6521739130434783,23.0,0.0,0.0,0.0,9.0,0.42424242424242425,0.5,0.3684210526315789,38.0,0.5806451612903226,0.4909090909090909,0.7105263157894737,38.0,,,,
p_939,0.2761355953039523,0.29750233426704015,0.3013716356107661,0.3248063233188318,0.31819734066466093,0.37962962962962965,108.0,0.5636363636363636,0.45588235294117646,0.7380952380952381,42.0,0.3448275862068966,0.5555555555555556,0.25,20.0,0.19607843137254902,0.17857142857142858,0.21739130434782608,23.0,0.0,0.0,0.0,23.0,,,,
p_940,0.3147163120567376,0.3793103448275862,0.3402777777777778,0.4501576044129236,0.4829714772243508,0.5277777777777778,108.0,0.425531914893617,0.6666666666666666,0.3125,32.0,0.6666666666666666,0.5172413793103449,0.9375,48.0,0.16666666666666666,0.3333333333333333,0.1111111111111111,18.0,0.0,0.0,0.0,10.0,,,,
p_941,0.3217398506928302,0.36433566433566433,0.333676890262568,0.34877035536800627,0.40466200466200464,0.35185185185185186,108.0,0.3673469387755102,0.6,0.2647058823529412,34.0,0.16666666666666666,0.2,0.14285714285714285,14.0,0.3582089552238806,0.2727272727272727,0.5217391304347826,23.0,0.39473684210526316,0.38461538461538464,0.40540540540540543,37.0,,,,
p_942,0.4056166056166056,0.5549725137431285,0.3836805555555556,0.4591507258173924,0.5247191219205212,0.48148148148148145,108.0,0.5982905982905983,0.5072463768115942,0.7291666666666666,48.0,0.3384615384615385,0.3793103448275862,0.3055555555555556,36.0,0.2857142857142857,0.3333333333333333,0.25,8.0,0.4,1.0,0.25,16.0,,,,
p_943,0.3797517112114529,0.44713692104996455,0.37311076604554866,0.40157802509172624,0.4406258797563146,0.42592592592592593,108.0,0.5137614678899083,0.4057971014492754,0.7,40.0,0.3684210526315789,0.4666666666666667,0.30434782608695654,23.0,0.32432432432432434,0.46153846153846156,0.25,24.0,0.3125,0.45454545454545453,0.23809523809523808,21.0,,,,
p_944,0.34347596847596845,0.5071161048689139,0.35648148148148145,0.48875969709303035,0.5938618393674574,0.5648148148148148,108.0,0.6993006993006993,0.5617977528089888,0.9259259259259259,54.0,0.2857142857142857,1.0,0.16666666666666666,24.0,0.3888888888888889,0.4666666666666667,0.3333333333333333,21.0,0.0,0.0,0.0,9.0,,,,
p_945,0.3167865276951902,0.3379672006102212,0.3391765704584041,0.3943159818444511,0.40942947142413194,0.4351851851851852,108.0,0.5420560747663551,0.42028985507246375,0.7631578947368421,38.0,0.23529411764705882,0.3,0.1935483870967742,31.0,0.4897959183673469,0.631578947368421,0.4,30.0,0.0,0.0,0.0,9.0,,,,
p_946,0.35129202316135166,0.3543470149253731,0.3636024296718585,0.4645096137534129,0.45219665561083466,0.5,108.0,0.4482758620689655,0.52,0.3939393939393939,33.0,0.34285714285714286,0.375,0.3157894736842105,19.0,0.6140350877192983,0.5223880597014925,0.7446808510638298,47.0,0.0,0.0,0.0,9.0,,,,
p_947,0.4327989252127183,0.452196223316913,0.4481445731445731,0.5178422981871257,0.5309736666058504,0.5462962962962963,108.0,0.41379310344827586,0.5714285714285714,0.32432432432432434,37.0,0.72,0.6206896551724138,0.8571428571428571,42.0,0.45454545454545453,0.4166666666666667,0.5,20.0,0.14285714285714285,0.2,0.1111111111111111,9.0,,,,
p_948,0.3495034889962426,0.37354166666666666,0.356962481962482,0.39758155901473136,0.39599537037037036,0.42592592592592593,108.0,0.4782608695652174,0.44,0.5238095238095238,42.0,0.5,0.7,0.3888888888888889,18.0,0.41975308641975306,0.3541666666666667,0.5151515151515151,33.0,0.0,0.0,0.0,15.0,,,,
p_949,0.3586851744746482,0.443218954248366,0.40378187442862734,0.3523570321815936,0.41412707058131887,0.4166666666666667,108.0,0.5263157894736842,0.3968253968253968,0.78125,32.0,0.38461538461538464,0.7142857142857143,0.2631578947368421,19.0,0.05714285714285714,0.25,0.03225806451612903,31.0,0.4666666666666667,0.4117647058823529,0.5384615384615384,26.0,,,,
p_950,0.3666070363744782,0.4348974846755443,0.4019927536231884,0.4344663088849135,0.46575776791376033,0.5185185185185185,108.0,0.6356589147286822,0.4939759036144578,0.8913043478260869,46.0,0.0,0.0,0.0,18.0,0.26666666666666666,0.6666666666666666,0.16666666666666666,24.0,0.5641025641025641,0.5789473684210527,0.55,20.0,,,,
p_951,0.29594017094017094,0.281794425087108,0.3160282258064516,0.33859607470718583,0.3228803716608595,0.3611111111111111,108.0,0.3888888888888889,0.34146341463414637,0.45161290322580644,31.0,0.0,0.0,0.0,15.0,0.3333333333333333,0.35714285714285715,0.3125,32.0,0.46153846153846156,0.42857142857142855,0.5,30.0,,,,
p_952,0.3593004241483032,0.3588141025641025,0.3920753332518039,0.42855490270431296,0.4395714624881291,0.4537037037037037,108.0,0.4918032786885246,0.625,0.40540540540540543,37.0,0.5070422535211268,0.4,0.6923076923076923,26.0,0.4383561643835616,0.41025641025641024,0.47058823529411764,34.0,0.0,0.0,0.0,11.0,,,,
p_953,0.3661236424394319,0.39619155354449476,0.37080694346704196,0.44869117237538286,0.4459569297804592,0.48148148148148145,108.0,0.543859649122807,0.47692307692307695,0.6326530612244898,49.0,0.0,0.0,0.0,12.0,0.47619047619047616,0.4411764705882353,0.5172413793103449,29.0,0.4444444444444444,0.6666666666666666,0.3333333333333333,18.0,,,,
p_954,0.3101973038413716,0.3781531531531531,0.32171658986175117,0.4144692513336581,0.46933600266933595,0.4537037037037037,108.0,0.559322033898305,0.44594594594594594,0.75,44.0,0.32432432432432434,0.6666666666666666,0.21428571428571427,28.0,0.35714285714285715,0.4,0.3225806451612903,31.0,0.0,0.0,0.0,5.0,,,,
p_955,0.3025246041934104,0.2760286225402504,0.33621140763997903,0.49708394744766166,0.45141456304247,0.5555555555555556,108.0,0.6491228070175439,0.5692307692307692,0.7551020408163265,49.0,0.0,0.0,0.0,8.0,0.5609756097560976,0.5348837209302325,0.5897435897435898,39.0,0.0,0.0,0.0,12.0,,,,
p_956,0.34967320261437906,0.36551724137931035,0.3835034013605442,0.4288307915758896,0.393593018305662,0.5277777777777778,108.0,0.6764705882352942,0.5287356321839081,0.9387755102040817,49.0,0.0,0.0,0.0,26.0,0.5,0.6,0.42857142857142855,21.0,0.2222222222222222,0.3333333333333333,0.16666666666666666,12.0,,,,
p_957,0.31199979991996796,0.3784547152194211,0.32268907563025206,0.46726190476190477,0.5243827160493827,0.5185185185185185,108.0,0.6323529411764706,0.5058823529411764,0.8431372549019608,51.0,0.16666666666666666,0.2222222222222222,0.13333333333333333,15.0,0.4489795918367347,0.7857142857142857,0.3142857142857143,35.0,0.0,0.0,0.0,7.0,,,,
p_958,0.2188658057271196,0.2820479641131815,0.27278669043374926,0.32261110071329047,0.3777812923344324,0.42592592592592593,108.0,0.5985401459854015,0.44565217391304346,0.9111111111111111,45.0,0.2,0.5714285714285714,0.12121212121212122,33.0,0.07692307692307693,0.1111111111111111,0.058823529411764705,17.0,0.0,0.0,0.0,13.0,,,,
p_959,0.27863961280048666,0.2709305944600062,0.2969961240310077,0.3336141503966727,0.3125842929764498,0.37037037037037035,108.0,0.49056603773584906,0.4126984126984127,0.6046511627906976,43.0,0.3783783783783784,0.4117647058823529,0.35,20.0,0.24561403508771928,0.25925925925925924,0.23333333333333334,30.0,0.0,0.0,0.0,15.0,,,,
p_960,0.3971172148200611,0.4188438438438439,0.43661132774036,0.3961468185462254,0.4069875430986542,0.46296296296296297,108.0,0.34146341463414637,0.4666666666666667,0.2692307692307692,26.0,0.6206896551724138,0.4864864864864865,0.8571428571428571,42.0,0.1,0.2222222222222222,0.06451612903225806,31.0,0.5263157894736842,0.5,0.5555555555555556,9.0,,,,
p_961,0.2862944586245557,0.26966122202056864,0.32059523809523804,0.3855885894720846,0.35643666957944037,0.4351851851851852,108.0,0.5825242718446602,0.5172413793103449,0.6666666666666666,45.0,0.10810810810810811,0.16666666666666666,0.08,25.0,0.45454545454545453,0.39473684210526316,0.5357142857142857,28.0,0.0,0.0,0.0,10.0,,,,
p_962,0.2877708978328173,0.305596322537112,0.27948794382617914,0.29067624125673663,0.30309016844104564,0.28703703703703703,108.0,0.35,0.4375,0.2916666666666667,24.0,0.23529411764705882,0.21052631578947367,0.26666666666666666,30.0,0.3157894736842105,0.3076923076923077,0.32432432432432434,37.0,0.25,0.26666666666666666,0.23529411764705882,17.0,,,,
p_963,0.24305555555555555,0.2192028985507246,0.2999084249084249,0.3883744855967078,0.32648953301127215,0.5092592592592593,108.0,0.6944444444444444,0.5434782608695652,0.9615384615384616,52.0,0.2777777777777778,0.3333333333333333,0.23809523809523808,21.0,0.0,0.0,0.0,21.0,0.0,0.0,0.0,14.0,,,,
p_964,0.3600301429248798,0.4510675162083613,0.36298770181267115,0.40453391988479703,0.45558018895264596,0.4444444444444444,108.0,0.5964912280701754,0.4788732394366197,0.7906976744186046,43.0,0.35714285714285715,0.7142857142857143,0.23809523809523808,21.0,0.21621621621621623,0.3333333333333333,0.16,25.0,0.2702702702702703,0.2777777777777778,0.2631578947368421,19.0,,,,
p_965,0.31145320197044335,0.2865521575198995,0.3412698412698413,0.5543103448275862,0.5073313782991202,0.6111111111111112,108.0,0.7285714285714285,0.6623376623376623,0.8095238095238095,63.0,0.5172413793103449,0.4838709677419355,0.5555555555555556,27.0,0.0,0.0,0.0,13.0,0.0,0.0,0.0,5.0,,,,
p_966,0.35847744360902256,0.4784188034188034,0.35000000000000003,0.36943748259537734,0.45663184552073444,0.37037037037037035,108.0,0.42105263157894735,0.4444444444444444,0.4,40.0,0.32,0.8,0.2,20.0,0.34285714285714286,0.4,0.3,20.0,0.35,0.2692307692307692,0.5,28.0,,,,
p_967,0.4066599762283869,0.4691106442577031,0.4001739001739002,0.4342913617346799,0.45913813673617593,0.4444444444444444,108.0,0.4262295081967213,0.4642857142857143,0.3939393939393939,33.0,0.46511627906976744,0.39215686274509803,0.5714285714285714,35.0,0.5,0.52,0.48148148148148145,27.0,0.23529411764705882,0.5,0.15384615384615385,13.0,,,,
p_968,0.3849321480041917,0.4440648034398035,0.37816091954022985,0.3882233199954649,0.43621888934388936,0.3888888888888889,108.0,0.5373134328358209,0.4864864864864865,0.6,30.0,0.45714285714285713,0.7272727272727273,0.3333333333333333,24.0,0.3013698630136986,0.25,0.3793103448275862,29.0,0.24390243902439024,0.3125,0.2,25.0,,,,
p_969,0.368460140813082,0.38959726867335565,0.38221532702915684,0.47933151639033994,0.4749486456913993,0.5277777777777778,108.0,0.6554621848739496,0.5416666666666666,0.8297872340425532,47.0,0.44,0.4782608695652174,0.4074074074074074,27.0,0.3783783783783784,0.5384615384615384,0.2916666666666667,24.0,0.0,0.0,0.0,10.0,,,,
p_970,0.32120232708468,0.30666666666666664,0.3471590909090909,0.4342574636692284,0.3962962962962963,0.49074074074074076,108.0,0.6461538461538462,0.56,0.7636363636363637,55.0,0.35294117647058826,0.3333333333333333,0.375,16.0,0.2857142857142857,0.3333333333333333,0.25,20.0,0.0,0.0,0.0,17.0,,,,
p_971,0.44895833333333335,0.5326023391812866,0.44777167277167274,0.44675925925925924,0.531351526965562,0.4537037037037037,108.0,0.4,0.8,0.26666666666666666,30.0,0.4583333333333333,0.38596491228070173,0.5641025641025641,39.0,0.5,0.4444444444444444,0.5714285714285714,21.0,0.4375,0.5,0.3888888888888889,18.0,,,,
p_972,0.33357267732267737,0.3277417027417027,0.36209677419354835,0.4047102588769256,0.39289722623055956,0.4444444444444444,108.0,0.5151515151515151,0.4857142857142857,0.5483870967741935,31.0,0.2916666666666667,0.3888888888888889,0.23333333333333334,30.0,0.5274725274725275,0.43636363636363634,0.6666666666666666,36.0,0.0,0.0,0.0,11.0,,,,
p_973,0.185665818490246,0.24573863636363635,0.24296773795570908,0.2689410360317909,0.3045559764309764,0.37037037037037035,108.0,0.13333333333333333,0.5,0.07692307692307693,26.0,0.044444444444444446,0.0625,0.034482758620689655,29.0,0.5648854961832062,0.42045454545454547,0.8604651162790697,43.0,0.0,0.0,0.0,10.0,,,,
p_974,0.27597125849741116,0.2638888888888889,0.30034562211981564,0.32827343563492345,0.3112139917695473,0.3611111111111111,108.0,0.47191011235955055,0.3888888888888889,0.6,35.0,0.0,0.0,0.0,14.0,0.21818181818181817,0.2222222222222222,0.21428571428571427,28.0,0.41379310344827586,0.4444444444444444,0.3870967741935484,31.0,,,,
p_975,0.23881131399928393,0.23906882591093118,0.2859615384615385,0.38098553261460527,0.3450442345179187,0.49074074074074076,108.0,0.6394557823129252,0.49473684210526314,0.9038461538461539,52.0,0.3157894736842105,0.46153846153846156,0.24,25.0,0.0,0.0,0.0,20.0,0.0,0.0,0.0,11.0,,,,
p_976,0.3105521155830753,0.4066724941724942,0.3125,0.3349759201926385,0.42321289821289815,0.35185185185185186,108.0,0.45098039215686275,0.3484848484848485,0.6388888888888888,36.0,0.3,0.46153846153846156,0.2222222222222222,27.0,0.15789473684210525,0.15,0.16666666666666666,18.0,0.3333333333333333,0.6666666666666666,0.2222222222222222,27.0,,,,
p_977,0.35595238095238096,0.398888055972014,0.37370370370370365,0.4596560846560846,0.47771253262257757,0.5092592592592593,108.0,0.6666666666666666,0.5507246376811594,0.8444444444444444,45.0,0.4,0.7,0.28,25.0,0.35714285714285715,0.3448275862068966,0.37037037037037035,27.0,0.0,0.0,0.0,11.0,,,,
p_978,0.2795302095573835,0.3166198501872659,0.3192254174397032,0.3870346796071434,0.39266195033985296,0.48148148148148145,108.0,0.6231884057971014,0.48314606741573035,0.8775510204081632,49.0,0.43243243243243246,0.5333333333333333,0.36363636363636365,22.0,0.0625,0.25,0.03571428571428571,28.0,0.0,0.0,0.0,9.0,,,,
p_979,0.32216924276800907,0.3188725490196078,0.35183910306845,0.3832889540135711,0.36688453159041395,0.42592592592592593,108.0,0.4883720930232558,0.4666666666666667,0.5121951219512195,41.0,0.3125,0.4166666666666667,0.25,20.0,0.4878048780487805,0.39215686274509803,0.6451612903225806,31.0,0.0,0.0,0.0,16.0,,,,
p_980,0.38264411027568923,0.41538461538461535,0.4092741935483871,0.4453726909867261,0.4472934472934473,0.5092592592592593,108.0,0.42105263157894735,0.46153846153846156,0.3870967741935484,31.0,0.0,0.0,0.0,17.0,0.6428571428571429,0.5,0.9,40.0,0.4666666666666667,0.7,0.35,20.0,,,,
p_981,0.32614795918367345,0.2998781274643344,0.367603668261563,0.4273951247165532,0.3845695828454449,0.49074074074074076,108.0,0.4857142857142857,0.4594594594594595,0.5151515151515151,33.0,0.125,0.15384615384615385,0.10526315789473684,19.0,0.6938775510204082,0.5862068965517241,0.85,40.0,0.0,0.0,0.0,16.0,,,,
p_982,0.25734659266111626,0.41345029239766085,0.29158669816195465,0.3375969324242528,0.42353259692440975,0.4351851851851852,108.0,0.5815602836879432,0.43157894736842106,0.8913043478260869,46.0,0.1,0.2222222222222222,0.06451612903225806,31.0,0.34782608695652173,1.0,0.21052631578947367,19.0,0.0,0.0,0.0,12.0,,,,
p_983,0.4081101242420716,0.4483627806302225,0.4088238436064523,0.416302166754532,0.4698519898132301,0.4074074074074074,108.0,0.4745762711864407,0.6363636363636364,0.3783783783783784,37.0,0.36,0.32142857142857145,0.4090909090909091,22.0,0.37681159420289856,0.3023255813953488,0.5,26.0,0.42105263157894735,0.5333333333333333,0.34782608695652173,23.0,,,,
p_984,0.2965587044534413,0.3407012195121951,0.3181935817805383,0.4072574598890389,0.42629290876242093,0.4722222222222222,108.0,0.2631578947368421,0.5,0.17857142857142858,28.0,0.6153846153846154,0.4878048780487805,0.8333333333333334,48.0,0.3076923076923077,0.375,0.2608695652173913,23.0,0.0,0.0,0.0,9.0,,,,
p_985,0.4350852272727273,0.4725563909774436,0.4527472527472527,0.43782617845117844,0.4797897521581732,0.4537037037037037,108.0,0.4090909090909091,0.6428571428571429,0.3,30.0,0.53125,0.4473684210526316,0.6538461538461539,26.0,0.3,0.375,0.25,24.0,0.5,0.425,0.6071428571428571,28.0,,,,
p_986,0.3867909867909868,0.3782051282051282,0.41034798534798533,0.4042274597830154,0.38148148148148153,0.4444444444444444,108.0,0.4888888888888889,0.4,0.6285714285714286,35.0,0.5128205128205128,0.5128205128205128,0.5128205128205128,39.0,0.0,0.0,0.0,22.0,0.5454545454545454,0.6,0.5,12.0,,,,
p_987,0.2673786181139122,0.26929471907881675,0.30303030303030304,0.29094606978593907,0.27548823888410945,0.35185185185185186,108.0,0.3111111111111111,0.30434782608695654,0.3181818181818182,22.0,0.4642857142857143,0.3561643835616438,0.6666666666666666,39.0,0.0,0.0,0.0,25.0,0.29411764705882354,0.4166666666666667,0.22727272727272727,22.0,,,,
p_988,0.4476337766780081,0.4195618153364632,0.4859728506787331,0.5129308863456714,0.46184721497710546,0.5833333333333334,108.0,0.7377049180327869,0.6338028169014085,0.8823529411764706,51.0,0.4528301886792453,0.4444444444444444,0.46153846153846156,26.0,0.0,0.0,0.0,21.0,0.6,0.6,0.6,10.0,,,,
p_989,0.37682590617373224,0.3701690821256039,0.4022754115302281,0.455957880957881,0.43158436213991774,0.5092592592592593,108.0,0.5945945945945946,0.6111111111111112,0.5789473684210527,19.0,0.6434782608695652,0.5362318840579711,0.8043478260869565,46.0,0.2692307692307692,0.3333333333333333,0.22580645161290322,31.0,0.0,0.0,0.0,12.0,,,,
p_990,0.27736324841588,0.290625,0.3026223776223776,0.33321599111072797,0.33796296296296297,0.37962962962962965,108.0,0.4864864864864865,0.375,0.6923076923076923,39.0,0.3684210526315789,0.4375,0.3181818181818182,22.0,0.2545454545454545,0.35,0.2,35.0,0.0,0.0,0.0,12.0,,,,
p_991,0.3190516005733397,0.5833333333333334,0.4181707425128478,0.34398568420307546,0.595679012345679,0.42592592592592593,108.0,0.15384615384615385,0.5,0.09090909090909091,22.0,0.5652173913043478,0.5,0.65,40.0,0.07142857142857142,1.0,0.037037037037037035,27.0,0.4857142857142857,0.3333333333333333,0.8947368421052632,19.0,,,,
p_992,0.2641176470588235,0.3288852225672878,0.2944295101553166,0.31495642701525056,0.37814632696879075,0.35185185185185186,108.0,0.23529411764705882,0.5714285714285714,0.14814814814814814,27.0,0.38,0.2753623188405797,0.6129032258064516,31.0,0.4411764705882353,0.46875,0.4166666666666667,36.0,0.0,0.0,0.0,14.0,,,,
p_993,0.3813958916900093,0.5722473604826546,0.3617731575388776,0.45233686067019396,0.5424501424501424,0.5,108.0,0.6176470588235294,0.49411764705882355,0.8235294117647058,51.0,0.4,1.0,0.25,16.0,0.2222222222222222,0.3333333333333333,0.16666666666666666,12.0,0.2857142857142857,0.46153846153846156,0.20689655172413793,29.0,,,,
p_994,0.3508634438761481,0.34163943355119825,0.38382352941176473,0.42734972226805257,0.39666545630597916,0.49074074074074076,108.0,0.49122807017543857,0.5185185185185185,0.4666666666666667,30.0,0.6363636363636364,0.5147058823529411,0.8333333333333334,42.0,0.27586206896551724,0.3333333333333333,0.23529411764705882,17.0,0.0,0.0,0.0,19.0,,,,
p_995,0.2111111111111111,0.19497799119647857,0.2314659977703456,0.3308641975308642,0.3067671513049664,0.3611111111111111,108.0,0.4444444444444444,0.39215686274509803,0.5128205128205128,39.0,0.0,0.0,0.0,6.0,0.4,0.3877551020408163,0.41304347826086957,46.0,0.0,0.0,0.0,17.0,,,,
p_996,0.3461537045220209,0.3721846846846847,0.3738095238095238,0.4298377549740047,0.4484067400734068,0.4722222222222222,108.0,0.410958904109589,0.40540540540540543,0.4166666666666667,36.0,0.6236559139784946,0.5,0.8285714285714286,35.0,0.35,0.5833333333333334,0.25,28.0,0.0,0.0,0.0,9.0,,,,
p_997,0.26747792889525174,0.2596153846153846,0.31527777777777777,0.4261556951845666,0.4077635327635327,0.5092592592592593,108.0,0.42424242424242425,0.5384615384615384,0.35,40.0,0.0,0.0,0.0,11.0,0.6456692913385826,0.5,0.9111111111111111,45.0,0.0,0.0,0.0,12.0,,,,
p_998,0.32071416920024365,0.37992216117216115,0.32266328828828833,0.34803058526029734,0.3915810269976937,0.3611111111111111,108.0,0.39436619718309857,0.358974358974359,0.4375,32.0,0.4235294117647059,0.375,0.4864864864864865,37.0,0.20689655172413793,0.21428571428571427,0.2,15.0,0.25806451612903225,0.5714285714285714,0.16666666666666666,24.0,,,,
p_999,0.23426573426573427,0.3150610287707062,0.26549003322259135,0.32903824570491236,0.36899803028835293,0.3888888888888889,108.0,0.5128205128205128,0.40540540540540543,0.6976744186046512,43.0,0.09090909090909091,0.5,0.05,20.0,0.3333333333333333,0.3548387096774194,0.3142857142857143,35.0,0.0,0.0,0.0,10.0,,,,
p_1000,0.38610092934657125,0.35624999999999996,0.44937275985663083,0.4210541787458204,0.3997685185185186,0.4722222222222222,108.0,0.647887323943662,0.575,0.7419354838709677,31.0,0.4375,0.5,0.3888888888888889,36.0,0.0,0.0,0.0,20.0,0.45901639344262296,0.35,0.6666666666666666,21.0,,,,
p_1001,0.28286195286195287,0.5,0.3068329617242661,0.4231225838633246,0.5787037037037037,0.5185185185185185,108.0,0.6533333333333333,0.5,0.9423076923076923,52.0,0.2962962962962963,1.0,0.17391304347826086,23.0,0.18181818181818182,0.5,0.1111111111111111,27.0,0.0,0.0,0.0,6.0,,,,
p_1002,0.3978326023391813,0.3955982905982906,0.4157894736842105,0.3857605046567035,0.3982905982905983,0.3888888888888889,108.0,0.5777777777777777,0.52,0.65,20.0,0.28,0.23333333333333334,0.35,20.0,0.3125,0.38461538461538464,0.2631578947368421,38.0,0.42105263157894735,0.4444444444444444,0.4,30.0,,,,
p_1003,0.3133588082262283,0.2921452782223896,0.3485272988505747,0.35096900424137645,0.3285607304885151,0.3888888888888889,108.0,0.3880597014925373,0.34210526315789475,0.4482758620689655,29.0,0.5205479452054794,0.4418604651162791,0.6333333333333333,30.0,0.3448275862068966,0.38461538461538464,0.3125,32.0,0.0,0.0,0.0,17.0,,,,
p_1004,0.24948935245545414,0.25044470157502075,0.279057395905222,0.2560658006985691,0.25442191033946354,0.28703703703703703,108.0,0.06666666666666667,0.14285714285714285,0.043478260869565216,23.0,0.4,0.3191489361702128,0.5357142857142857,28.0,0.3389830508474576,0.3125,0.37037037037037035,27.0,0.19230769230769232,0.22727272727272727,0.16666666666666666,30.0,,,,
p_1005,0.2630844155844156,0.31589523281596454,0.27846479500891264,0.28374338624338624,0.31309281842818426,0.3148148148148148,108.0,0.07142857142857142,0.25,0.041666666666666664,24.0,0.4,0.36585365853658536,0.4411764705882353,34.0,0.3409090909090909,0.2727272727272727,0.45454545454545453,33.0,0.24,0.375,0.17647058823529413,17.0,,,,
p_1006,0.2354054054054054,0.36386138613861385,0.2922998986828774,0.33274274274274274,0.3926475980931426,0.46296296296296297,108.0,0.6216216216216216,0.45544554455445546,0.9787234042553191,47.0,0.0,0.0,0.0,17.0,0.32,1.0,0.19047619047619047,21.0,0.0,0.0,0.0,23.0,,,,
p_1007,0.2498790517658442,0.38221153846153844,0.29545454545454547,0.4149957892096257,0.4730235042735043,0.5462962962962963,108.0,0.6918238993710691,0.5288461538461539,1.0,55.0,0.3076923076923077,1.0,0.18181818181818182,22.0,0.0,0.0,0.0,24.0,0.0,0.0,0.0,7.0,,,,
p_1008,0.35938788735713445,0.45912653975363943,0.37857142857142856,0.3794534342283842,0.40071958856953255,0.4351851851851852,108.0,0.45652173913043476,0.3684210526315789,0.6,35.0,0.5365853658536586,0.46808510638297873,0.6285714285714286,35.0,0.0,0.0,0.0,24.0,0.4444444444444444,1.0,0.2857142857142857,14.0,,,,
p_1009,0.44623781676413254,0.516945516945517,0.4652777777777778,0.5090513320337883,0.5837802087802088,0.5277777777777778,108.0,0.6842105263157895,0.7027027027027027,0.6666666666666666,39.0,0.5185185185185185,0.3888888888888889,0.7777777777777778,27.0,0.36,0.6428571428571429,0.25,36.0,0.2222222222222222,0.3333333333333333,0.16666666666666666,6.0,,,,
p_1010,0.3730769230769231,0.38312334217506633,0.3824969400244798,0.4433681544792656,0.4582719324098634,0.4537037037037037,108.0,0.4444444444444444,0.5517241379310345,0.37209302325581395,43.0,0.5555555555555556,0.4807692307692308,0.6578947368421053,38.0,0.358974358974359,0.3333333333333333,0.3888888888888889,18.0,0.13333333333333333,0.16666666666666666,0.1111111111111111,9.0,,,,
p_1011,0.32317063846055816,0.3546406644998194,0.3374857681633815,0.4004426792027149,0.41060668378743487,0.4444444444444444,108.0,0.6271186440677966,0.5211267605633803,0.7872340425531915,47.0,0.3684210526315789,0.5833333333333334,0.2692307692307692,26.0,0.05714285714285714,0.08333333333333333,0.043478260869565216,23.0,0.24,0.23076923076923078,0.25,12.0,,,,
p_1012,0.2984126984126984,0.48343373493975905,0.31720830848737824,0.3645502645502645,0.5199129852744311,0.42592592592592593,108.0,0.5714285714285714,0.43373493975903615,0.8372093023255814,43.0,0.2222222222222222,0.3333333333333333,0.16666666666666666,30.0,0.26666666666666666,1.0,0.15384615384615385,26.0,0.13333333333333333,0.16666666666666666,0.1111111111111111,9.0,,,,
p_1013,0.4101146165662295,0.5289287047405749,0.4191919191919192,0.523213465148949,0.568910455808552,0.5648148148148148,108.0,0.6813186813186813,0.6595744680851063,0.7045454545454546,44.0,0.4,1.0,0.25,16.0,0.5591397849462365,0.45614035087719296,0.7222222222222222,36.0,0.0,0.0,0.0,12.0,,,,
p_1014,0.2595454545454545,0.2634057971014493,0.29310344827586204,0.4721043771043771,0.4405260332796565,0.5648148148148148,108.0,0.72,0.5869565217391305,0.9310344827586207,58.0,0.0,0.0,0.0,12.0,0.0,0.0,0.0,9.0,0.3181818181818182,0.4666666666666667,0.2413793103448276,29.0,,,,
p_1015,0.26977928692699493,0.37623762376237624,0.30277777777777776,0.3875117902282589,0.3913641364136414,0.5092592592592593,108.0,0.6580645161290323,0.504950495049505,0.9444444444444444,54.0,0.0,0.0,0.0,21.0,0.0,0.0,0.0,18.0,0.42105263157894735,1.0,0.26666666666666666,15.0,,,,
p_1016,0.30260580155390815,0.32822732822732825,0.2998866213151927,0.3996978511938774,0.4063714063714064,0.4166666666666667,108.0,0.5217391304347826,0.45454545454545453,0.6122448979591837,49.0,0.19047619047619047,0.2857142857142857,0.14285714285714285,14.0,0.3870967741935484,0.46153846153846156,0.3333333333333333,36.0,0.1111111111111111,0.1111111111111111,0.1111111111111111,9.0,,,,
p_1017,0.4095072239422085,0.44440222323049006,0.40259445636033653,0.42494887818675225,0.4464101465349197,0.4351851851851852,108.0,0.4166666666666667,0.5263157894736842,0.3448275862068966,29.0,0.3684210526315789,0.4375,0.3181818181818182,22.0,0.5,0.41379310344827586,0.631578947368421,38.0,0.35294117647058826,0.4,0.3157894736842105,19.0,,,,
p_1018,0.3029135338345864,0.3269736842105263,0.3302822273073989,0.4775793650793651,0.45416666666666666,0.5740740740740741,108.0,0.6973684210526315,0.5578947368421052,0.9298245614035088,57.0,0.5142857142857142,0.75,0.391304347826087,23.0,0.0,0.0,0.0,13.0,0.0,0.0,0.0,15.0,,,,
p_1019,0.24480249480249483,0.2175485344499429,0.29771341463414636,0.36623161623161626,0.32604787886478026,0.4444444444444444,108.0,0.38461538461538464,0.40540540540540543,0.36585365853658536,41.0,0.0,0.0,0.0,13.0,0.5945945945945946,0.4647887323943662,0.825,40.0,0.0,0.0,0.0,14.0,,,,
p_1020,0.33253783969728246,0.351230694980695,0.32063492063492066,0.325661079896546,0.3306297368797369,0.32407407407407407,108.0,0.2631578947368421,0.25,0.2777777777777778,36.0,0.3611111111111111,0.35135135135135137,0.37142857142857144,35.0,0.35294117647058826,0.375,0.3333333333333333,27.0,0.35294117647058826,0.42857142857142855,0.3,10.0,,,,
p_1021,0.28592162554426703,0.2978468899521531,0.34103641456582634,0.40563349997312265,0.40873648768385606,0.5,108.0,0.6153846153846154,0.45454545454545453,0.9523809523809523,42.0,0.0,0.0,0.0,23.0,0.5283018867924528,0.7368421052631579,0.4117647058823529,34.0,0.0,0.0,0.0,9.0,,,,
p_1022,0.2290830168204015,0.20683262711864409,0.26301791713325867,0.3592552400474267,0.32755610483364717,0.4074074074074074,108.0,0.4421052631578947,0.4375,0.44680851063829785,47.0,0.0,0.0,0.0,4.0,0.4742268041237113,0.3898305084745763,0.6052631578947368,38.0,0.0,0.0,0.0,19.0,,,,
p_1023,0.21432051282051284,0.21311688311688312,0.27089460784313724,0.3285332383665717,0.3162818662818662,0.4166666666666667,108.0,0.656,0.5324675324675324,0.8541666666666666,48.0,0.0,0.0,0.0,11.0,0.05128205128205128,0.2,0.029411764705882353,34.0,0.15,0.12,0.2,15.0,,,,
p_1024,0.27489266957512437,0.2837053695374535,0.28117715617715616,0.3394775917023534,0.34718854564487306,0.35185185185185186,108.0,0.3711340206185567,0.3103448275862069,0.46153846153846156,39.0,0.0,0.0,0.0,10.0,0.4642857142857143,0.5652173913043478,0.3939393939393939,33.0,0.2641509433962264,0.25925925925925924,0.2692307692307692,26.0,,,,
p_1025,0.28135116115411685,0.2810042347247429,0.3074712643678161,0.49856386999244146,0.4671864847303444,0.5740740740740741,108.0,0.7172413793103448,0.5977011494252874,0.896551724137931,58.0,0.0,0.0,0.0,4.0,0.40816326530612246,0.5263157894736842,0.3333333333333333,30.0,0.0,0.0,0.0,16.0,,,,
p_1026,0.30236930532379364,0.3009958791208791,0.3266339869281046,0.40127577002105536,0.377734533984534,0.4444444444444444,108.0,0.5154639175257731,0.4807692307692308,0.5555555555555556,45.0,0.18181818181818182,0.2857142857142857,0.13333333333333333,15.0,0.5121951219512195,0.4375,0.6176470588235294,34.0,0.0,0.0,0.0,14.0,,,,
p_1027,0.27723889014211595,0.3085227272727272,0.29696969696969694,0.42257145482951936,0.4081018518518519,0.5,108.0,0.6573426573426573,0.5340909090909091,0.8545454545454545,55.0,0.0,0.0,0.0,22.0,0.45161290322580644,0.7,0.3333333333333333,21.0,0.0,0.0,0.0,10.0,,,,
p_1028,0.16455696202531644,0.1262135922330097,0.23636363636363636,0.33520862634786686,0.2571017619561309,0.48148148148148145,108.0,0.6582278481012658,0.5048543689320388,0.9454545454545454,55.0,0.0,0.0,0.0,7.0,0.0,0.0,0.0,28.0,0.0,0.0,0.0,18.0,,,,
p_1029,0.4614613374188896,0.46213450292397656,0.5351304945054944,0.44161684891452374,0.4616255144032922,0.5,108.0,0.5753424657534246,0.5526315789473685,0.6,35.0,0.6027397260273972,0.4888888888888889,0.7857142857142857,28.0,0.10526315789473684,0.3333333333333333,0.0625,32.0,0.5625,0.47368421052631576,0.6923076923076923,13.0,,,,
p_1030,0.396123038789929,0.3974451193520887,0.3969668542839275,0.4135625261132547,0.4131909909696568,0.4166666666666667,108.0,0.3561643835616438,0.38235294117647056,0.3333333333333333,39.0,0.3225806451612903,0.3125,0.3333333333333333,15.0,0.4,0.4166666666666667,0.38461538461538464,13.0,0.5057471264367817,0.4782608695652174,0.5365853658536586,41.0,,,,
p_1031,0.26719114219114215,0.23973849718636214,0.30714285714285716,0.3010338427005093,0.26610026113501783,0.35185185185185186,108.0,0.5,0.41509433962264153,0.6285714285714286,35.0,0.20512820512820512,0.21052631578947367,0.2,20.0,0.36363636363636365,0.3333333333333333,0.4,30.0,0.0,0.0,0.0,23.0,,,,
p_1032,0.3767981464610678,0.38886946386946386,0.4141734902604468,0.3918025391183943,0.39618622118622115,0.4351851851851852,108.0,0.48148148148148145,0.3939393939393939,0.6190476190476191,21.0,0.3333333333333333,0.46153846153846156,0.2608695652173913,23.0,0.10810810810810811,0.2,0.07407407407407407,27.0,0.5842696629213483,0.5,0.7027027027027027,37.0,,,,
p_1033,0.2900201612903226,0.31785714285714284,0.3251594896331738,0.47048237753882916,0.4441798941798942,0.5833333333333334,108.0,0.7225806451612903,0.5714285714285714,0.9824561403508771,57.0,0.4375,0.7,0.3181818181818182,22.0,0.0,0.0,0.0,19.0,0.0,0.0,0.0,10.0,,,,
p_1034,0.5014669186309938,0.6191441441441441,0.5172369909502262,0.6241834591722424,0.683742075408742,0.6481481481481481,108.0,0.1935483870967742,0.2,0.1875,16.0,0.64,0.5333333333333333,0.8,10.0,0.7913669064748201,0.7432432432432432,0.8461538461538461,65.0,0.38095238095238093,1.0,0.23529411764705882,17.0,,,,
p_1035,0.29142300194931775,0.4673539518900343,0.3101731601731602,0.4389755252328352,0.5230049637266132,0.5370370370370371,108.0,0.6842105263157895,0.5360824742268041,0.9454545454545454,55.0,0.3333333333333333,1.0,0.2,20.0,0.0,0.0,0.0,12.0,0.14814814814814814,0.3333333333333333,0.09523809523809523,21.0,,,,
p_1036,0.28827074500302846,0.4504625121713729,0.3081293706293706,0.3841907261592301,0.4895686826066573,0.4444444444444444,108.0,0.5669291338582677,0.45569620253164556,0.75,48.0,0.0,0.0,0.0,12.0,0.24,1.0,0.13636363636363635,22.0,0.34615384615384615,0.34615384615384615,0.34615384615384615,26.0,,,,
p_1037,0.24389499389499392,0.2111111111111111,0.2931623931623932,0.3310948310948311,0.28148148148148144,0.4074074074074074,108.0,0.5470085470085471,0.4444444444444444,0.7111111111111111,45.0,0.0,0.0,0.0,18.0,0.0,0.0,0.0,19.0,0.42857142857142855,0.4,0.46153846153846156,26.0,,,,
p_1038,0.3559646654158849,0.38020833333333337,0.3872549019607843,0.43899254163481805,0.46026234567901236,0.48148148148148145,108.0,0.25,0.5,0.16666666666666666,30.0,0.0,0.0,0.0,10.0,0.5641025641025641,0.5,0.6470588235294118,34.0,0.6097560975609756,0.5208333333333334,0.7352941176470589,34.0,,,,
p_1039,0.32833333333333337,0.2837349397590362,0.39427860696517414,0.5740123456790124,0.5114904060687193,0.6574074074074074,108.0,0.8133333333333334,0.7349397590361446,0.9104477611940298,67.0,0.5,0.4,0.6666666666666666,15.0,0.0,0.0,0.0,20.0,0.0,0.0,0.0,6.0,,,,
p_1040,0.34835607940446645,0.3632575757575757,0.3544779286926995,0.36909521183714733,0.37267115600448936,0.3888888888888889,108.0,0.25806451612903225,0.3333333333333333,0.21052631578947367,19.0,0.35,0.35,0.35,20.0,0.5161290322580645,0.43636363636363634,0.631578947368421,38.0,0.2692307692307692,0.3333333333333333,0.22580645161290322,31.0,,,,
p_1041,0.312482382940787,0.3514705882352941,0.35219109195402304,0.4027908577993468,0.41835511982570806,0.49074074074074076,108.0,0.6466165413533834,0.5058823529411764,0.8958333333333334,48.0,0.0,0.0,0.0,15.0,0.3870967741935484,0.4,0.375,16.0,0.21621621621621623,0.5,0.13793103448275862,29.0,,,,
p_1042,0.18786127167630057,0.15046296296296297,0.25,0.4522586169985014,0.36222565157750347,0.6018518518518519,108.0,0.7514450867052023,0.6018518518518519,1.0,65.0,0.0,0.0,0.0,6.0,0.0,0.0,0.0,13.0,0.0,0.0,0.0,24.0,,,,
p_1043,0.31918399604309583,0.32382109200461145,0.3324835526315789,0.31424045440679493,0.324683768134767,0.32407407407407407,108.0,0.410958904109589,0.36585365853658536,0.46875,32.0,0.19230769230769232,0.18518518518518517,0.2,25.0,0.42857142857142855,0.391304347826087,0.47368421052631576,19.0,0.24489795918367346,0.35294117647058826,0.1875,32.0,,,,
p_1044,0.3148804206594121,0.3285262206148282,0.3376525435348965,0.4474775398672995,0.4402568481682405,0.5092592592592593,108.0,0.6717557251908397,0.5569620253164557,0.8461538461538461,52.0,0.375,0.4,0.35294117647058826,17.0,0.2127659574468085,0.35714285714285715,0.15151515151515152,33.0,0.0,0.0,0.0,6.0,,,,
p_1045,0.2609062980030722,0.2230902777777778,0.3386363636363636,0.30365250042669395,0.2579089506172839,0.39814814814814814,108.0,0.5483870967741935,0.53125,0.5666666666666667,30.0,0.49523809523809526,0.3611111111111111,0.7878787878787878,33.0,0.0,0.0,0.0,33.0,0.0,0.0,0.0,12.0,,,,
p_1046,0.37841466131907303,0.6373164014687882,0.39320512820512826,0.4080929804581765,0.6121594360578448,0.4444444444444444,108.0,0.5625,0.47368421052631576,0.6923076923076923,39.0,0.26666666666666666,1.0,0.15384615384615385,26.0,0.4117647058823529,0.32558139534883723,0.56,25.0,0.2727272727272727,0.75,0.16666666666666666,18.0,,,,
p_1047,0.39897351406980186,0.4479967948717949,0.3918718166383701,0.4143125980998092,0.4504392212725546,0.4166666666666667,108.0,0.43373493975903615,0.34615384615384615,0.5806451612903226,31.0,0.41379310344827586,0.6,0.3157894736842105,19.0,0.47058823529411764,0.5333333333333333,0.42105263157894735,38.0,0.2777777777777778,0.3125,0.25,20.0,,,,
p_1048,0.41384789394657817,0.43785155062328973,0.4050111073137389,0.4455970407542045,0.45852582401495434,0.4444444444444444,108.0,0.5777777777777777,0.5652173913043478,0.5909090909090909,44.0,0.32432432432432434,0.375,0.2857142857142857,21.0,0.4375,0.5384615384615384,0.3684210526315789,19.0,0.3157894736842105,0.2727272727272727,0.375,24.0,,,,
p_1049,0.3399054649054649,0.3213716108452951,0.3761027568922306,0.3766007654896544,0.34372231082757404,0.4351851851851852,108.0,0.5740740740740741,0.4696969696969697,0.7380952380952381,42.0,0.0,0.0,0.0,22.0,0.2727272727272727,0.3157894736842105,0.24,25.0,0.5128205128205128,0.5,0.5263157894736842,19.0,,,,
p_1050,0.32128946080430704,0.3031423804226919,0.37737017884076707,0.3557790497079999,0.33247435422073907,0.4166666666666667,108.0,0.0,0.0,0.0,23.0,0.43478260869565216,0.3448275862068966,0.5882352941176471,17.0,0.5576923076923077,0.46774193548387094,0.6904761904761905,42.0,0.2926829268292683,0.4,0.23076923076923078,26.0,,,,
p_1051,0.3420795795795796,0.3512379528082419,0.36851751813551475,0.37111834056278503,0.37249978459682676,0.4074074074074074,108.0,0.3611111111111111,0.38235294117647056,0.34210526315789475,38.0,0.4666666666666667,0.3559322033898305,0.6774193548387096,31.0,0.5405405405405406,0.6666666666666666,0.45454545454545453,22.0,0.0,0.0,0.0,17.0,,,,
p_1052,0.5095277365440651,0.5251826262981869,0.5259343528700046,0.5212789374123147,0.5331432911524444,0.5462962962962963,108.0,0.6888888888888889,0.5961538461538461,0.8157894736842105,38.0,0.32558139534883723,0.5,0.2413793103448276,29.0,0.46808510638297873,0.4782608695652174,0.4583333333333333,24.0,0.5555555555555556,0.5263157894736842,0.5882352941176471,17.0,,,,
p_1053,0.4472222222222222,0.4816622103386809,0.45135521181716837,0.45925925925925926,0.49838581897405426,0.46296296296296297,108.0,0.5333333333333333,0.47058823529411764,0.6153846153846154,39.0,0.4888888888888889,0.7333333333333333,0.36666666666666664,30.0,0.5,0.45,0.5625,16.0,0.26666666666666666,0.2727272727272727,0.2608695652173913,23.0,,,,
p_1054,0.30805813817698363,0.4183624031007752,0.3203350720491712,0.38445502445879726,0.43968023255813954,0.4537037037037037,108.0,0.6015037593984962,0.46511627906976744,0.851063829787234,47.0,0.14814814814814814,0.3333333333333333,0.09523809523809523,21.0,0.3225806451612903,0.625,0.21739130434782608,23.0,0.16,0.25,0.11764705882352941,17.0,,,,
p_1055,0.35354938271604935,0.44238505747126433,0.3608974358974359,0.39809099222679467,0.4859514687100894,0.4074074074074074,108.0,0.41975308641975306,0.5862068965517241,0.3269230769230769,52.0,0.3,0.6,0.2,15.0,0.4444444444444444,0.3333333333333333,0.6666666666666666,33.0,0.25,0.25,0.25,8.0,,,,
p_1056,0.2989425435245869,0.34270833333333334,0.3324175824175824,0.35968113986689837,0.3866126543209876,0.42592592592592593,108.0,0.2727272727272727,0.375,0.21428571428571427,28.0,0.3684210526315789,0.5833333333333334,0.2692307692307692,26.0,0.5546218487394958,0.4125,0.8461538461538461,39.0,0.0,0.0,0.0,15.0,,,,
p_1057,0.35748534293988843,0.4262486170380907,0.3664132930650288,0.47111487838760574,0.5050379326695116,0.5185185185185185,108.0,0.38461538461538464,0.5263157894736842,0.30303030303030304,33.0,0.6942148760330579,0.5675675675675675,0.8936170212765957,47.0,0.24,0.5,0.15789473684210525,19.0,0.1111111111111111,0.1111111111111111,0.1111111111111111,9.0,,,,
p_1058,0.3999116127828999,0.42880721014761514,0.41041666666666665,0.47646686590580983,0.48645143919975165,0.5092592592592593,108.0,0.48484848484848486,0.47058823529411764,0.5,32.0,0.5405405405405406,0.7692307692307693,0.4166666666666667,24.0,0.5742574257425742,0.47540983606557374,0.725,40.0,0.0,0.0,0.0,12.0,,,,
p_1059,0.2927260647848883,0.2945954106280193,0.29912424740010946,0.2987742105389164,0.3004965110037574,0.3055555555555556,108.0,0.4444444444444444,0.4444444444444444,0.4444444444444444,27.0,0.3076923076923077,0.34782608695652173,0.27586206896551724,29.0,0.3235294117647059,0.275,0.39285714285714285,28.0,0.09523809523809523,0.1111111111111111,0.08333333333333333,24.0,,,,
p_1060,0.2971849593495935,0.27789855072463765,0.335,0.4062763474856971,0.3616344605475041,0.48148148148148145,108.0,0.6504065040650406,0.5333333333333333,0.8333333333333334,48.0,0.08,0.1,0.06666666666666667,15.0,0.0,0.0,0.0,20.0,0.4583333333333333,0.4782608695652174,0.44,25.0,,,,
p_1061,0.4019239019239019,0.4490397574123989,0.3947860962566845,0.48368484479595586,0.4962501247878606,0.5,108.0,0.5714285714285714,0.5283018867924528,0.6222222222222222,45.0,0.38461538461538464,0.625,0.2777777777777778,18.0,0.5405405405405406,0.5,0.5882352941176471,34.0,0.1111111111111111,0.14285714285714285,0.09090909090909091,11.0,,,,
p_1062,0.23823529411764705,0.1834975369458128,0.342128801431127,0.28137254901960784,0.21287173873380769,0.4166666666666667,108.0,0.0,0.0,0.0,30.0,0.0,0.0,0.0,22.0,0.6,0.4482758620689655,0.9069767441860465,43.0,0.35294117647058826,0.2857142857142857,0.46153846153846156,13.0,,,,
p_1063,0.3686814263322884,0.47352941176470587,0.3974238631622862,0.4267803755950308,0.4872549019607843,0.5092592592592593,108.0,0.6363636363636364,0.49411764705882355,0.8936170212765957,47.0,0.0,0.0,0.0,20.0,0.27586206896551724,0.8,0.16666666666666666,24.0,0.5625,0.6,0.5294117647058824,17.0,,,,
p_1064,0.2689144736842105,0.3227258852258852,0.27867063492063493,0.2757066276803119,0.33683805906028125,0.2777777777777778,108.0,0.2631578947368421,0.5,0.17857142857142858,28.0,0.2894736842105263,0.21153846153846154,0.4583333333333333,24.0,0.3125,0.35714285714285715,0.2777777777777778,36.0,0.21052631578947367,0.2222222222222222,0.2,20.0,,,,
p_1065,0.45686562981644946,0.45071881091617927,0.4712512664640324,0.5890982828141298,0.578394610497437,0.6111111111111112,108.0,0.6923076923076923,0.631578947368421,0.7659574468085106,47.0,0.5573770491803278,0.6296296296296297,0.5,34.0,0.5777777777777777,0.5416666666666666,0.6190476190476191,21.0,0.0,0.0,0.0,6.0,,,,
p_1066,0.4683309842612168,0.6080952380952381,0.45879360103498035,0.5709923089638852,0.6240388007054675,0.6111111111111112,108.0,0.7906976744186046,0.68,0.9444444444444444,54.0,0.4444444444444444,1.0,0.2857142857142857,14.0,0.3181818181818182,0.4666666666666667,0.2413793103448276,29.0,0.32,0.2857142857142857,0.36363636363636365,11.0,,,,
p_1067,0.3836838534599729,0.48641184268669907,0.3973348348348348,0.40534951505100764,0.43000523723015993,0.46296296296296297,108.0,0.5272727272727272,0.3972602739726027,0.7837837837837838,37.0,0.5,1.0,0.3333333333333333,12.0,0.0,0.0,0.0,23.0,0.5074626865671642,0.5483870967741935,0.4722222222222222,36.0,,,,
p_1068,0.3691766727481013,0.3714502209746775,0.38992474916387965,0.3757737329165901,0.38075828157349895,0.3888888888888889,108.0,0.46153846153846156,0.46153846153846156,0.46153846153846156,39.0,0.24489795918367346,0.2608695652173913,0.23076923076923078,26.0,0.5,0.40625,0.65,20.0,0.2702702702702703,0.35714285714285715,0.21739130434782608,23.0,,,,
p_1069,0.3918186255709355,0.41105248917748916,0.41172161172161176,0.5358619140042382,0.5343263989097322,0.5925925925925926,108.0,0.7441860465116279,0.6233766233766234,0.9230769230769231,52.0,0.3448275862068966,0.3333333333333333,0.35714285714285715,14.0,0.4782608695652174,0.6875,0.36666666666666664,30.0,0.0,0.0,0.0,12.0,,,,
p_1070,0.27641612200435733,0.29205192034139404,0.32545120320855614,0.32120955378035987,0.33024471840261316,0.3888888888888889,108.0,0.39215686274509803,0.5263157894736842,0.3125,32.0,0.5370370370370371,0.3918918918918919,0.8529411764705882,34.0,0.17647058823529413,0.25,0.13636363636363635,22.0,0.0,0.0,0.0,20.0,,,,
p_1071,0.2622350922350923,0.31607843137254904,0.2778754578754579,0.3885006037783815,0.45356753812636164,0.42592592592592593,108.0,0.39285714285714285,0.6470588235294118,0.28205128205128205,39.0,0.26666666666666666,0.26666666666666666,0.26666666666666666,15.0,0.5405405405405406,0.4166666666666667,0.7692307692307693,39.0,0.1111111111111111,0.25,0.07142857142857142,14.0,0.0,0.0,0.0,1.0
p_1072,0.27367240792269854,0.3176282051282051,0.2964435223266745,0.32059657353471116,0.33773741690408354,0.3611111111111111,108.0,0.47191011235955055,0.40384615384615385,0.5675675675675675,37.0,0.38961038961038963,0.3333333333333333,0.46875,32.0,0.13793103448275862,0.3333333333333333,0.08695652173913043,23.0,0.09523809523809523,0.2,0.0625,16.0,,,,
p_1073,0.34876611709997885,0.35259173916788694,0.35249142901667446,0.47881584818807393,0.47831304256276264,0.49074074074074076,108.0,0.5964912280701754,0.6538461538461539,0.5483870967741935,31.0,0.3333333333333333,0.3684210526315789,0.30434782608695654,23.0,0.6265060240963856,0.5531914893617021,0.7222222222222222,36.0,0.1875,0.1875,0.1875,16.0,0.0,0.0,0.0,2.0
p_1074,0.4039561696884351,0.4119602272727273,0.4406791125541125,0.4352813471806607,0.4352819865319866,0.4722222222222222,108.0,0.5652173913043478,0.52,0.6190476190476191,42.0,0.07692307692307693,0.25,0.045454545454545456,22.0,0.5,0.46875,0.5357142857142857,28.0,0.47368421052631576,0.4090909090909091,0.5625,16.0,,,,
p_1075,0.4172454331705553,0.48076923076923084,0.43231431159420286,0.42198765655388315,0.47440645773979107,0.4537037037037037,108.0,0.5567010309278351,0.4153846153846154,0.84375,32.0,0.2222222222222222,0.3076923076923077,0.17391304347826086,23.0,0.3111111111111111,0.4666666666666667,0.23333333333333334,30.0,0.5789473684210527,0.7333333333333333,0.4782608695652174,23.0,,,,
p_1076,0.3301064161847851,0.3313670539986329,0.3468807178484598,0.3211281934300589,0.3266555277081593,0.3333333333333333,108.0,0.18181818181818182,0.22727272727272727,0.15151515151515152,33.0,0.37209302325581395,0.32,0.4444444444444444,18.0,0.410958904109589,0.35714285714285715,0.4838709677419355,31.0,0.35555555555555557,0.42105263157894735,0.3076923076923077,26.0,,,,
p_1077,0.3768018018018018,0.34798534798534797,0.43772893772893773,0.42019519519519516,0.40293040293040294,0.46296296296296297,108.0,0.3333333333333333,0.3333333333333333,0.3333333333333333,33.0,0.6333333333333333,0.48717948717948717,0.9047619047619048,21.0,0.5405405405405406,0.5714285714285714,0.5128205128205128,39.0,0.0,0.0,0.0,15.0,,,,
p_1078,0.3023556136420214,0.31994301994301994,0.3158272837265578,0.33822746383425994,0.34226548485807745,0.37037037037037035,108.0,0.0,0.0,0.0,17.0,0.5128205128205128,0.6666666666666666,0.4166666666666667,24.0,0.25,0.25925925925925924,0.2413793103448276,29.0,0.44660194174757284,0.35384615384615387,0.6052631578947368,38.0,,,,
p_1079,0.34236614331723025,0.33447551169590645,0.42612942612942617,0.37353227321524424,0.38812743664717353,0.42592592592592593,108.0,0.5208333333333334,0.43859649122807015,0.6410256410256411,39.0,0.0,0.0,0.0,19.0,0.37037037037037035,0.5555555555555556,0.2777777777777778,36.0,0.4782608695652174,0.34375,0.7857142857142857,14.0,,,,
p_1080,0.3752686664797682,0.4818494965553789,0.41739454094292805,0.38538367823014114,0.48197707511433,0.4351851851851852,108.0,0.5853658536585366,0.47058823529411764,0.7741935483870968,31.0,0.4444444444444444,0.3783783783783784,0.5384615384615384,26.0,0.13793103448275862,0.6666666666666666,0.07692307692307693,26.0,0.3333333333333333,0.4117647058823529,0.28,25.0,,,,
p_1081,0.40115215897679823,0.428409825468649,0.3936480186480186,0.4011028800059506,0.42073367808661927,0.39814814814814814,108.0,0.33962264150943394,0.34615384615384615,0.3333333333333333,27.0,0.4411764705882353,0.42857142857142855,0.45454545454545453,33.0,0.45714285714285713,0.6153846153846154,0.36363636363636365,22.0,0.36666666666666664,0.3235294117647059,0.4230769230769231,26.0,,,,
p_1082,0.3908021832714681,0.4115384615384615,0.3958892850069321,0.3986629510159567,0.4074786324786325,0.4166666666666667,108.0,0.15,0.2,0.12,25.0,0.5116279069767442,0.4230769230769231,0.6470588235294118,34.0,0.41509433962264153,0.4230769230769231,0.4074074074074074,27.0,0.4864864864864865,0.6,0.4090909090909091,22.0,,,,
p_1083,0.38196939857597334,0.5371376811594203,0.3815993788819876,0.45144663827590653,0.5455246913580246,0.49074074074074076,108.0,0.2857142857142857,0.3333333333333333,0.25,20.0,0.24390243902439024,0.25,0.23809523809523808,21.0,0.6782608695652174,0.5652173913043478,0.8478260869565217,46.0,0.32,1.0,0.19047619047619047,21.0,,,,
p_1084,0.24302060867481426,0.24183006535947713,0.28615384615384615,0.2976109646670394,0.2875816993464052,0.3611111111111111,108.0,0.10256410256410256,0.2222222222222222,0.06666666666666667,30.0,0.34615384615384615,0.3333333333333333,0.36,25.0,0.0,0.0,0.0,14.0,0.5233644859813084,0.4117647058823529,0.717948717948718,39.0,,,,
p_1085,0.22098863335976737,0.2390625,0.2595693779904306,0.28244289756317253,0.28640046296296295,0.3333333333333333,108.0,0.3711340206185567,0.28125,0.5454545454545454,33.0,0.4358974358974359,0.425,0.4473684210526316,38.0,0.07692307692307693,0.25,0.045454545454545456,22.0,0.0,0.0,0.0,15.0,,,,
p_1086,0.49540267540267535,0.5551609848484849,0.5157132906708459,0.5270569559458449,0.59053205667789,0.5277777777777778,108.0,0.5454545454545454,0.65625,0.4666666666666667,45.0,0.4444444444444444,0.75,0.3157894736842105,19.0,0.3783783783783784,0.2916666666666667,0.5384615384615384,13.0,0.6133333333333333,0.5227272727272727,0.7419354838709677,31.0,,,,
p_1087,0.379534723588432,0.4402743778049776,0.3796535244922342,0.3790026911297158,0.4374697780195536,0.37962962962962965,108.0,0.38235294117647056,0.3023255813953488,0.52,25.0,0.358974358974359,0.5833333333333334,0.25925925925925924,27.0,0.4,0.5333333333333333,0.32,25.0,0.37681159420289856,0.34210526315789475,0.41935483870967744,31.0,,,,
p_1088,0.2933358153387937,0.30951566951566956,0.31058685229577726,0.3212372337589513,0.3289237100348212,0.3425925925925926,108.0,0.3333333333333333,0.37037037037037035,0.30303030303030304,33.0,0.11764705882352941,0.2,0.08333333333333333,12.0,0.45569620253164556,0.36,0.6206896551724138,29.0,0.26666666666666666,0.3076923076923077,0.23529411764705882,34.0,,,,
p_1089,0.4087692967409948,0.45710784313725494,0.40916242329285807,0.4092378184359316,0.45588235294117646,0.4166666666666667,108.0,0.33962264150943394,0.3,0.391304347826087,23.0,0.4772727272727273,0.4117647058823529,0.5675675675675675,37.0,0.48484848484848486,0.5333333333333333,0.4444444444444444,18.0,0.3333333333333333,0.5833333333333334,0.23333333333333334,30.0,,,,
p_1090,0.29140957446808513,0.3301470588235294,0.28726215644820297,0.3367356185973207,0.36051198257080613,0.3425925925925926,108.0,0.5106382978723404,0.47058823529411764,0.5581395348837209,43.0,0.28,0.25,0.3181818181818182,22.0,0.0,0.0,0.0,21.0,0.375,0.6,0.2727272727272727,22.0,,,,
p_1091,0.331891602138081,0.4785207700101317,0.3135493894782471,0.34061651051087666,0.4232916807384892,0.3425925925925926,108.0,0.2222222222222222,0.26666666666666666,0.19047619047619047,21.0,0.38636363636363635,0.3617021276595745,0.4146341463414634,41.0,0.38095238095238093,1.0,0.23529411764705882,17.0,0.3380281690140845,0.2857142857142857,0.41379310344827586,29.0,,,,
p_1092,0.4377680603527488,0.4506859756097561,0.4410919540229885,0.44579708278293234,0.4543501580849142,0.4537037037037037,108.0,0.4507042253521127,0.3902439024390244,0.5333333333333333,30.0,0.34285714285714286,0.4,0.3,20.0,0.3673469387755102,0.45,0.3103448275862069,29.0,0.5901639344262295,0.5625,0.6206896551724138,29.0,,,,
p_1093,0.2932027649769585,0.27559125656951744,0.3211006353761017,0.3182497013142175,0.304014926297535,0.3425925925925926,108.0,0.3870967741935484,0.34615384615384615,0.43902439024390244,41.0,0.2857142857142857,0.32142857142857145,0.2571428571428571,35.0,0.5,0.43478260869565216,0.5882352941176471,17.0,0.0,0.0,0.0,15.0,,,,
p_1094,0.3445687877167519,0.34067234848484845,0.40625,0.42312784864919917,0.408731411335578,0.5092592592592593,108.0,0.6981132075471698,0.5606060606060606,0.925,40.0,0.5263157894736842,0.46875,0.6,25.0,0.15384615384615385,0.3333333333333333,0.1,30.0,0.0,0.0,0.0,13.0,,,,
p_1095,0.34984617420357933,0.33958333333333335,0.37003940332113705,0.4760648040941799,0.4472222222222222,0.5185185185185185,108.0,0.6511627906976745,0.5833333333333334,0.7368421052631579,57.0,0.3157894736842105,0.375,0.2727272727272727,22.0,0.43243243243243246,0.4,0.47058823529411764,17.0,0.0,0.0,0.0,12.0,,,,
p_1096,0.2742013261000603,0.23596491228070177,0.33387212643678166,0.39839260598754267,0.3491228070175439,0.4722222222222222,108.0,0.5904761904761905,0.543859649122807,0.6458333333333334,48.0,0.5063291139240507,0.4,0.6896551724137931,29.0,0.0,0.0,0.0,20.0,0.0,0.0,0.0,11.0,,,,
p_1097,0.3281976985709538,0.318543956043956,0.35458333333333336,0.41793062171510165,0.3868131868131868,0.4722222222222222,108.0,0.576271186440678,0.4857142857142857,0.7083333333333334,48.0,0.5490196078431373,0.5384615384615384,0.56,25.0,0.0,0.0,0.0,15.0,0.1875,0.25,0.15,20.0,,,,
p_1098,0.3022210522210522,0.323444976076555,0.30321937321937326,0.30255067477289693,0.32218382656979144,0.3055555555555556,108.0,0.35555555555555557,0.42105263157894735,0.3076923076923077,26.0,0.32432432432432434,0.2727272727272727,0.4,30.0,0.23809523809523808,0.3333333333333333,0.18518518518518517,27.0,0.2909090909090909,0.26666666666666666,0.32,25.0,,,,
p_1099,0.4341636422258782,0.4591954022988506,0.4496731716559303,0.5303151389221876,0.5438910174542358,0.5648148148148148,108.0,0.4827586206896552,0.4827586206896552,0.4827586206896552,29.0,0.0,0.0,0.0,12.0,0.5116279069767442,0.7333333333333333,0.39285714285714285,28.0,0.7422680412371134,0.6206896551724138,0.9230769230769231,39.0,,,,
p_1100,0.3726073762838469,0.37142295597484276,0.41001157407407407,0.423972057958986,0.4155136268343816,0.4722222222222222,108.0,0.47058823529411764,0.37735849056603776,0.625,32.0,0.0,0.0,0.0,17.0,0.38095238095238093,0.5333333333333333,0.2962962962962963,27.0,0.6388888888888888,0.575,0.71875,32.0,,,,
p_1101,0.40787545787545787,0.49237179487179483,0.4414121417797888,0.4190255731922399,0.49271604938271607,0.46296296296296297,108.0,0.5576923076923077,0.4461538461538462,0.7435897435897436,39.0,0.2,0.5,0.125,24.0,0.5238095238095238,0.44,0.6470588235294118,17.0,0.35,0.5833333333333334,0.25,28.0,,,,
p_1102,0.467881352364111,0.5244249394673124,0.47519058061821223,0.5367895230922051,0.5484463276836158,0.5740740740740741,108.0,0.6349206349206349,0.5714285714285714,0.7142857142857143,28.0,0.6538461538461539,0.576271186440678,0.7555555555555555,45.0,0.4827586206896552,0.7,0.3684210526315789,19.0,0.1,0.25,0.0625,16.0,,,,
p_1103,0.3060428849902534,0.25637755102040816,0.3798076923076923,0.4036531658364017,0.33857709750566894,0.5,108.0,0.5925925925925926,0.4897959183673469,0.75,32.0,0.631578947368421,0.5357142857142857,0.7692307692307693,39.0,0.0,0.0,0.0,18.0,0.0,0.0,0.0,19.0,,,,
p_1104,0.2916450216450216,0.4239101274312542,0.29548213934403195,0.3898468815135481,0.4839779417244206,0.4351851851851852,108.0,0.25,0.4166666666666667,0.17857142857142858,28.0,0.6,0.4647887323943662,0.8461538461538461,39.0,0.22727272727272727,0.23809523809523808,0.21739130434782608,23.0,0.38095238095238093,1.0,0.23529411764705882,17.0,0.0,0.0,0.0,1.0
p_1105,0.31360616157226323,0.3529411764705882,0.34899953869219236,0.32847495184594994,0.35511982570806094,0.37037037037037035,108.0,0.3389830508474576,0.3333333333333333,0.3448275862068966,29.0,0.5185185185185185,0.4117647058823529,0.7,30.0,0.32,0.3333333333333333,0.3076923076923077,26.0,0.07692307692307693,0.3333333333333333,0.043478260869565216,23.0,,,,
p_1106,0.2797410192147034,0.32123131903833657,0.32130847953216374,0.36613756613756615,0.3991769547325103,0.4444444444444444,108.0,0.2,0.5,0.125,32.0,0.3157894736842105,0.3157894736842105,0.3157894736842105,19.0,0.6031746031746031,0.4691358024691358,0.8444444444444444,45.0,0.0,0.0,0.0,12.0,,,,
p_1107,0.3071966703545651,0.32675438596491224,0.3600127551020408,0.38570168609154964,0.3551819363222872,0.49074074074074076,108.0,0.6370370370370371,0.5,0.8775510204081632,49.0,0.10526315789473684,0.3333333333333333,0.0625,16.0,0.0,0.0,0.0,25.0,0.4864864864864865,0.47368421052631576,0.5,18.0,,,,
p_1108,0.23526538974652184,0.24609375,0.2673262548262548,0.2929628217888176,0.3097511574074074,0.3333333333333333,108.0,0.46464646464646464,0.359375,0.6571428571428571,35.0,0.0,0.0,0.0,8.0,0.22641509433962265,0.375,0.16216216216216217,37.0,0.25,0.25,0.25,28.0,,,,
p_1109,0.3259802732638047,0.3677360774818402,0.39367110799438987,0.4096465776148855,0.4611694018473679,0.4722222222222222,108.0,0.6095238095238096,0.5423728813559322,0.6956521739130435,46.0,0.4838709677419355,0.35714285714285715,0.75,20.0,0.0,0.0,0.0,11.0,0.21052631578947367,0.5714285714285714,0.12903225806451613,31.0,,,,
p_1110,0.3357498223169865,0.34615384615384615,0.38116587713361905,0.3827450051330648,0.41904083570750245,0.4074074074074074,108.0,0.4666666666666667,0.6666666666666666,0.358974358974359,39.0,0.44776119402985076,0.3333333333333333,0.6818181818181818,22.0,0.42857142857142855,0.38461538461538464,0.4838709677419355,31.0,0.0,0.0,0.0,16.0,,,,
p_1111,0.18604651162790697,0.14953271028037382,0.24615384615384617,0.4478897502153316,0.3599861543786777,0.5925925925925926,108.0,0.7441860465116279,0.5981308411214953,0.9846153846153847,65.0,0.0,0.0,0.0,11.0,0.0,0.0,0.0,25.0,0.0,0.0,0.0,7.0,,,,
p_1112,0.33697367590429894,0.35888009049773756,0.34763205828779603,0.514041738853935,0.4783601474777946,0.5833333333333334,108.0,0.7534246575342466,0.6470588235294118,0.9016393442622951,61.0,0.45161290322580644,0.5384615384615384,0.3888888888888889,18.0,0.0,0.0,0.0,19.0,0.14285714285714285,0.25,0.1,10.0,,,,
p_1113,0.26013513513513514,0.23023715415019763,0.3012254901960784,0.28176861071597914,0.25076855511638124,0.32407407407407407,108.0,0.0,0.0,0.0,28.0,0.5405405405405406,0.5,0.5882352941176471,34.0,0.2894736842105263,0.2391304347826087,0.36666666666666664,30.0,0.21052631578947367,0.18181818181818182,0.25,16.0,,,,
p_1114,0.29300000000000004,0.28659539473684215,0.3222402597402597,0.5085925925925926,0.49262914230019494,0.5648148148148148,108.0,0.672,0.5526315789473685,0.8571428571428571,49.0,0.0,0.0,0.0,10.0,0.5,0.59375,0.4318181818181818,44.0,0.0,0.0,0.0,5.0,,,,
p_1115,0.4026368174924166,0.4183982683982684,0.45656132977063507,0.3964096379620268,0.43644380311046976,0.4166666666666667,108.0,0.5217391304347826,0.5142857142857142,0.5294117647058824,34.0,0.23255813953488372,0.45454545454545453,0.15625,32.0,0.40625,0.37142857142857144,0.4482758620689655,29.0,0.45,0.3333333333333333,0.6923076923076923,13.0,,,,
p_1116,0.3940527065527065,0.44219953775038523,0.3939120939120939,0.46093832436425025,0.4497938423785882,0.5,108.0,0.5185185185185185,0.4772727272727273,0.5675675675675675,37.0,0.0,0.0,0.0,15.0,0.5576923076923077,0.4915254237288136,0.6444444444444445,45.0,0.5,0.8,0.36363636363636365,11.0,,,,
p_1117,0.2892602495543672,0.3240161001788909,0.3156985294117647,0.3683270614643164,0.3486053137215928,0.4537037037037037,108.0,0.6176470588235294,0.4883720930232558,0.84,50.0,0.2727272727272727,0.5,0.1875,16.0,0.0,0.0,0.0,25.0,0.26666666666666666,0.3076923076923077,0.23529411764705882,17.0,,,,
p_1118,0.39576024642765467,0.4546276844070962,0.420021645021645,0.39447703314963234,0.4823568316215376,0.4166666666666667,108.0,0.3448275862068966,0.625,0.23809523809523808,42.0,0.38461538461538464,0.4166666666666667,0.35714285714285715,14.0,0.4946236559139785,0.36507936507936506,0.7666666666666667,30.0,0.358974358974359,0.4117647058823529,0.3181818181818182,22.0,,,,
p_1119,0.25047619047619046,0.2532894736842105,0.28078431372549023,0.3780246913580247,0.3695175438596492,0.4351851851851852,108.0,0.6190476190476191,0.5131578947368421,0.78,50.0,0.24,0.375,0.17647058823529413,34.0,0.0,0.0,0.0,12.0,0.14285714285714285,0.125,0.16666666666666666,12.0,,,,
p_1120,0.3271417539821937,0.31564777327935223,0.3427631578947368,0.39478647231811786,0.3787179487179487,0.4166666666666667,108.0,0.45569620253164556,0.46153846153846156,0.45,40.0,0.42105263157894735,0.42105263157894735,0.42105263157894735,19.0,0.4318181818181818,0.38,0.5,38.0,0.0,0.0,0.0,11.0,,,,
p_1121,0.329661558109834,0.3225456621004566,0.3784934720522236,0.404338725698879,0.3971714865550482,0.4722222222222222,108.0,0.6379310344827587,0.5068493150684932,0.8604651162790697,43.0,0.37037037037037035,0.3333333333333333,0.4166666666666667,12.0,0.3103448275862069,0.45,0.23684210526315788,38.0,0.0,0.0,0.0,15.0,,,,
p_1122,0.29389070442992016,0.2864282800023314,0.3149982800137599,0.43300485489120205,0.4071823615887263,0.4722222222222222,108.0,0.5490196078431373,0.49122807017543857,0.6222222222222222,45.0,0.08333333333333333,0.14285714285714285,0.058823529411764705,17.0,0.5432098765432098,0.5116279069767442,0.5789473684210527,38.0,0.0,0.0,0.0,8.0,,,,
p_1123,0.33634971345761144,0.3130263157894737,0.3640151515151515,0.38452610109615576,0.35743664717348933,0.4166666666666667,108.0,0.48936170212765956,0.46,0.5227272727272727,44.0,0.0,0.0,0.0,16.0,0.38235294117647056,0.34210526315789475,0.43333333333333335,30.0,0.47368421052631576,0.45,0.5,18.0,,,,
p_1124,0.3833584715937657,0.3770061728395062,0.4154040404040404,0.5606251047427518,0.528909465020576,0.6203703703703703,108.0,0.7777777777777778,0.691358024691358,0.8888888888888888,63.0,0.29411764705882354,0.4166666666666667,0.22727272727272727,22.0,0.0,0.0,0.0,12.0,0.46153846153846156,0.4,0.5454545454545454,11.0,,,,
p_1125,0.30795784883720934,0.294078947368421,0.33457111941766676,0.38357288975021536,0.35903996101364516,0.42592592592592593,108.0,0.625,0.5263157894736842,0.7692307692307693,39.0,0.0,0.0,0.0,12.0,0.28125,0.3,0.2647058823529412,34.0,0.32558139534883723,0.35,0.30434782608695654,23.0,,,,
p_1126,0.41917570270554794,0.449120670995671,0.42113621018544617,0.4345999383950747,0.4465352934102934,0.4537037037037037,108.0,0.5217391304347826,0.43636363636363634,0.6486486486486487,37.0,0.2,0.3333333333333333,0.14285714285714285,21.0,0.5142857142857142,0.5625,0.47368421052631576,19.0,0.4406779661016949,0.4642857142857143,0.41935483870967744,31.0,,,,
p_1127,0.3074534161490683,0.30609022556390975,0.35198412698412695,0.363768115942029,0.3400584795321637,0.4444444444444444,108.0,0.6260869565217392,0.48,0.9,40.0,0.0,0.0,0.0,20.0,0.2608695652173913,0.3157894736842105,0.2222222222222222,27.0,0.34285714285714286,0.42857142857142855,0.2857142857142857,21.0,,,,
p_1128,0.32514877958384075,0.4989495798319328,0.33390151515151517,0.35083147530439324,0.48019763460939935,0.37962962962962965,108.0,0.4752475247524752,0.35294117647058826,0.7272727272727273,33.0,0.18181818181818182,0.25,0.14285714285714285,14.0,0.3235294117647059,0.39285714285714285,0.275,40.0,0.32,1.0,0.19047619047619047,21.0,,,,
p_1129,0.20093201754385964,0.16615911686334223,0.25538329026701123,0.27370654645873943,0.2245837386682457,0.35185185185185186,108.0,0.49122807017543857,0.39436619718309857,0.6511627906976745,43.0,0.0,0.0,0.0,14.0,0.0,0.0,0.0,24.0,0.3125,0.2702702702702703,0.37037037037037035,27.0,,,,
p_1130,0.3796911337209302,0.4125,0.4006038647342995,0.45683812446167094,0.45601851851851855,0.5277777777777778,108.0,0.32,0.4,0.26666666666666666,15.0,0.0,0.0,0.0,20.0,0.5581395348837209,0.75,0.4444444444444444,27.0,0.640625,0.5,0.8913043478260869,46.0,,,,
p_1131,0.32604380123701954,0.3545447670901391,0.3363395225464191,0.37104570428054684,0.3751610427729605,0.39814814814814814,108.0,0.4948453608247423,0.42105263157894735,0.6,40.0,0.11764705882352941,0.25,0.07692307692307693,13.0,0.43636363636363634,0.41379310344827586,0.46153846153846156,26.0,0.2553191489361702,0.3333333333333333,0.20689655172413793,29.0,,,,
p_1132,0.3580129785910596,0.3717622476001324,0.3608785724257593,0.40307020127975574,0.4095310450304658,0.4166666666666667,108.0,0.5494505494505495,0.4716981132075472,0.6578947368421053,38.0,0.33962264150943394,0.375,0.3103448275862069,29.0,0.16,0.16666666666666666,0.15384615384615385,13.0,0.3829787234042553,0.47368421052631576,0.32142857142857145,28.0,,,,
p_1133,0.25685856432125087,0.2084427767354597,0.33461538461538465,0.3263576298402169,0.26454033771106944,0.42592592592592593,108.0,0.0,0.0,0.0,29.0,0.0,0.0,0.0,13.0,0.6095238095238096,0.49230769230769234,0.8,40.0,0.417910447761194,0.34146341463414637,0.5384615384615384,26.0,,,,
p_1134,0.4125852087685017,0.5018064043799338,0.4449383687385261,0.4674516697986309,0.5140489276518688,0.5092592592592593,108.0,0.6391752577319587,0.5535714285714286,0.7560975609756098,41.0,0.375,0.5294117647058824,0.2903225806451613,31.0,0.11764705882352941,0.5,0.06666666666666667,15.0,0.5185185185185185,0.42424242424242425,0.6666666666666666,21.0,,,,
p_1135,0.3217338217338217,0.3286231884057971,0.31970461554145324,0.4143942477275811,0.41839774557165865,0.4166666666666667,108.0,0.43956043956043955,0.4,0.4878048780487805,41.0,0.0,0.0,0.0,5.0,0.3076923076923077,0.34782608695652173,0.27586206896551724,29.0,0.5396825396825397,0.5666666666666667,0.5151515151515151,33.0,,,,
p_1136,0.3305142969312308,0.32707447646039994,0.357151638084701,0.4669161571438611,0.42410789785219005,0.5370370370370371,108.0,0.3448275862068966,0.3448275862068966,0.3448275862068966,29.0,0.7419354838709677,0.6301369863013698,0.9019607843137255,51.0,0.0,0.0,0.0,17.0,0.23529411764705882,0.3333333333333333,0.18181818181818182,11.0,,,,
p_1137,0.2524282306962844,0.2959051724137931,0.2714706154987023,0.2583056345808149,0.290205938697318,0.28703703703703703,108.0,0.0,0.0,0.0,24.0,0.33707865168539325,0.25862068965517243,0.4838709677419355,31.0,0.2608695652173913,0.225,0.3103448275862069,29.0,0.4117647058823529,0.7,0.2916666666666667,24.0,,,,
p_1138,0.33724930635276507,0.3470356926799758,0.3452127659574468,0.4521001880248171,0.45422016087472833,0.4722222222222222,108.0,0.5981308411214953,0.5333333333333333,0.6808510638297872,47.0,0.3018867924528302,0.27586206896551724,0.3333333333333333,24.0,0.4489795918367347,0.5789473684210527,0.36666666666666664,30.0,0.0,0.0,0.0,7.0,,,,
p_1139,0.2826923076923077,0.2954081632653061,0.32068965517241377,0.4665242165242165,0.423469387755102,0.5833333333333334,108.0,0.4,0.6,0.3,20.0,0.0,0.0,0.0,16.0,0.7307692307692307,0.5816326530612245,0.9827586206896551,58.0,0.0,0.0,0.0,14.0,,,,
p_1140,0.35648323845667296,0.35467767780106,0.3714217394274783,0.4337995174174807,0.42357487525736004,0.46296296296296297,108.0,0.5098039215686274,0.4262295081967213,0.6341463414634146,41.0,0.0,0.0,0.0,12.0,0.5161290322580645,0.5714285714285714,0.47058823529411764,34.0,0.4,0.42105263157894735,0.38095238095238093,21.0,,,,
p_1141,0.3731231414561138,0.41264291264291264,0.37094964422550625,0.4018968033592189,0.41725147280702835,0.42592592592592593,108.0,0.35294117647058826,0.46153846153846156,0.2857142857142857,21.0,0.5436893203883495,0.4444444444444444,0.7,40.0,0.32,0.38095238095238093,0.27586206896551724,29.0,0.27586206896551724,0.36363636363636365,0.2222222222222222,18.0,,,,
p_1142,0.3402653785006726,0.319760789739769,0.3680831265508685,0.38026782438547146,0.35270356967579036,0.4166666666666667,108.0,0.40540540540540543,0.3488372093023256,0.4838709677419355,31.0,0.46153846153846156,0.47368421052631576,0.45,20.0,0.0,0.0,0.0,18.0,0.49411764705882355,0.45652173913043476,0.5384615384615384,39.0,,,,
p_1143,0.23036413676299355,0.22194506035969452,0.24074106364428943,0.27355441076728254,0.2623399760933636,0.28703703703703703,108.0,0.417910447761194,0.3888888888888889,0.45161290322580644,31.0,0.1702127659574468,0.18181818181818182,0.16,25.0,0.3333333333333333,0.3170731707317073,0.35135135135135137,37.0,0.0,0.0,0.0,15.0,,,,
p_1144,0.38513243378310846,0.3978287337662338,0.3750696767001115,0.3787050918984952,0.3893473424723425,0.37037037037037035,108.0,0.5333333333333333,0.5714285714285714,0.5,24.0,0.1724137931034483,0.15625,0.19230769230769232,26.0,0.43478260869565216,0.45454545454545453,0.4166666666666667,12.0,0.4,0.4090909090909091,0.391304347826087,46.0,,,,
p_1145,0.3371971570418214,0.3713884751976171,0.33403822055137844,0.3604568416239811,0.4163299856162727,0.3425925925925926,108.0,0.4406779661016949,0.6190476190476191,0.34210526315789475,38.0,0.27586206896551724,0.26666666666666666,0.2857142857142857,14.0,0.23880597014925373,0.18604651162790697,0.3333333333333333,24.0,0.39344262295081966,0.41379310344827586,0.375,32.0,,,,
p_1146,0.2847164934279272,0.2850839552238806,0.2968578146926082,0.3870027151938828,0.3767665146489773,0.4166666666666667,108.0,0.5087719298245614,0.43283582089552236,0.6170212765957447,47.0,0.4482758620689655,0.52,0.3939393939393939,33.0,0.18181818181818182,0.1875,0.17647058823529413,17.0,0.0,0.0,0.0,11.0,,,,
p_1147,0.4229039991282554,0.4616341991341991,0.44710497043498626,0.4245929235326642,0.47921877505210836,0.42592592592592593,108.0,0.5263157894736842,0.5357142857142857,0.5172413793103449,29.0,0.38095238095238093,0.2727272727272727,0.631578947368421,19.0,0.48,0.5714285714285714,0.41379310344827586,29.0,0.30434782608695654,0.4666666666666667,0.22580645161290322,31.0,,,,
p_1148,0.2989145183175034,0.29933481152993346,0.3272144522144522,0.4861249309010503,0.46454381210478773,0.5555555555555556,108.0,0.6865671641791045,0.5609756097560976,0.8846153846153846,52.0,0.0,0.0,0.0,11.0,0.0,0.0,0.0,12.0,0.509090909090909,0.6363636363636364,0.42424242424242425,33.0,,,,
p_1149,0.2963174603174603,0.3267628205128205,0.3283119658119658,0.36640799529688417,0.39151828110161446,0.42592592592592593,108.0,0.544,0.425,0.7555555555555555,45.0,0.35555555555555557,0.6153846153846154,0.25,32.0,0.2857142857142857,0.26666666666666666,0.3076923076923077,13.0,0.0,0.0,0.0,18.0,,,,
p_1150,0.3972340517055964,0.5384894360958191,0.37168304668304664,0.4018949478148514,0.4644560030198328,0.4074074074074074,108.0,0.41975308641975306,0.38636363636363635,0.4594594594594595,37.0,0.2857142857142857,0.38461538461538464,0.22727272727272727,22.0,0.4444444444444444,1.0,0.2857142857142857,14.0,0.43902439024390244,0.3829787234042553,0.5142857142857142,35.0,,,,
p_1151,0.40376124086174553,0.3761140819964349,0.4427413984461709,0.5194474695631129,0.5014854426619132,0.5462962962962963,108.0,0.6730769230769231,0.6862745098039216,0.660377358490566,53.0,0.0,0.0,0.0,13.0,0.3902439024390244,0.3333333333333333,0.47058823529411764,17.0,0.5517241379310345,0.48484848484848486,0.64,25.0,,,,
p_1152,0.30083020050125314,0.2818181818181818,0.32788825757575757,0.335155017172561,0.3095959595959596,0.37037037037037035,108.0,0.38095238095238093,0.4,0.36363636363636365,22.0,0.0,0.0,0.0,18.0,0.4473684210526316,0.38636363636363635,0.53125,32.0,0.375,0.3409090909090909,0.4166666666666667,36.0,,,,
p_1153,0.28229166666666666,0.25,0.32894736842105265,0.39729938271604937,0.35185185185185186,0.46296296296296297,108.0,0.525,0.5,0.5526315789473685,38.0,0.0,0.0,0.0,12.0,0.0,0.0,0.0,20.0,0.6041666666666666,0.5,0.7631578947368421,38.0,,,,
p_1154,0.4339901477832513,0.4430187150014736,0.4289879745001449,0.44395183360700596,0.4462092434314656,0.4444444444444444,108.0,0.3103448275862069,0.3,0.32142857142857145,28.0,0.4,0.46153846153846156,0.35294117647058826,17.0,0.5428571428571428,0.5277777777777778,0.5588235294117647,34.0,0.4827586206896552,0.4827586206896552,0.4827586206896552,29.0,,,,
p_1155,0.33918262598902066,0.3526561158140106,0.3401406372934697,0.3722484447484706,0.37321880523634904,0.3888888888888889,108.0,0.2641509433962264,0.3181818181818182,0.22580645161290322,31.0,0.5102040816326531,0.43859649122807015,0.6097560975609756,41.0,0.4444444444444444,0.5,0.4,20.0,0.13793103448275862,0.15384615384615385,0.125,16.0,,,,
p_1156,0.3831769485188381,0.35711245519713264,0.43193711967545645,0.4547865470445999,0.4435214224080712,0.48148148148148145,108.0,0.4842105263157895,0.5111111111111111,0.46,50.0,0.4583333333333333,0.3548387096774194,0.6470588235294118,17.0,0.0,0.0,0.0,12.0,0.5901639344262295,0.5625,0.6206896551724138,29.0,,,,
p_1157,0.4075496295384251,0.42680949640977695,0.4244239631336405,0.4289713247333332,0.4505440831800502,0.4444444444444444,108.0,0.5432098765432098,0.4782608695652174,0.6285714285714286,35.0,0.17647058823529413,0.23076923076923078,0.14285714285714285,21.0,0.46153846153846156,0.3870967741935484,0.5714285714285714,21.0,0.4489795918367347,0.6111111111111112,0.3548387096774194,31.0,,,,
p_1158,0.2531529494523163,0.2652582159624413,0.3003472222222222,0.29781205685637396,0.2857763867153538,0.37037037037037035,108.0,0.5233644859813084,0.39436619718309857,0.7777777777777778,36.0,0.0,0.0,0.0,22.0,0.16666666666666666,0.3333333333333333,0.1111111111111111,18.0,0.3225806451612903,0.3333333333333333,0.3125,32.0,,,,
p_1159,0.30245206989393036,0.28727168949771686,0.3387132191480018,0.35662562148350263,0.31984398782343987,0.42592592592592593,108.0,0.30303030303030304,0.3333333333333333,0.2777777777777778,18.0,0.32558139534883723,0.35,0.30434782608695654,23.0,0.0,0.0,0.0,23.0,0.5811965811965812,0.4657534246575342,0.7727272727272727,44.0,,,,
p_1160,0.2726015489173384,0.29474317817014445,0.33815315315315314,0.28879610604756806,0.2822141965400392,0.39814814814814814,108.0,0.0,0.0,0.0,34.0,0.32432432432432434,0.5,0.24,25.0,0.21052631578947367,0.2857142857142857,0.16666666666666666,12.0,0.5555555555555556,0.39325842696629215,0.9459459459459459,37.0,,,,
p_1161,0.33881222943722944,0.36194653299916457,0.3367679847858876,0.3710693241943242,0.3887728580711037,0.37962962962962965,108.0,0.4375,0.3684210526315789,0.5384615384615384,39.0,0.19047619047619047,0.2222222222222222,0.16666666666666666,12.0,0.36363636363636365,0.38095238095238093,0.34782608695652173,23.0,0.36363636363636365,0.47619047619047616,0.29411764705882354,34.0,,,,
p_1162,0.40903535278510594,0.5344808743169399,0.3817238015607581,0.44342577288492285,0.4867314308844363,0.4537037037037037,108.0,0.5871559633027523,0.5245901639344263,0.6666666666666666,48.0,0.2926829268292683,0.3333333333333333,0.2608695652173913,23.0,0.47058823529411764,1.0,0.3076923076923077,13.0,0.2857142857142857,0.28,0.2916666666666667,24.0,,,,
p_1163,0.3056504898610162,0.3333333333333333,0.32477266268826377,0.4061838096925816,0.39814814814814814,0.4722222222222222,108.0,0.6165413533834586,0.5,0.803921568627451,51.0,0.0,0.0,0.0,16.0,0.30303030303030304,0.5,0.21739130434782608,23.0,0.30303030303030304,0.3333333333333333,0.2777777777777778,18.0,,,,
p_1164,0.2644984326018809,0.29806461144489316,0.2954545454545454,0.36507314524555906,0.3977067533405561,0.4166666666666667,108.0,0.603448275862069,0.49295774647887325,0.7777777777777778,45.0,0.2727272727272727,0.5454545454545454,0.18181818181818182,33.0,0.18181818181818182,0.15384615384615385,0.2222222222222222,18.0,0.0,0.0,0.0,12.0,,,,
p_1165,0.3753873946636742,0.47684832698857943,0.37524420024420024,0.4075623162992453,0.47577194505665754,0.4166666666666667,108.0,0.4857142857142857,0.5483870967741935,0.4358974358974359,39.0,0.5316455696202531,0.42857142857142855,0.7,30.0,0.34782608695652173,0.8,0.2222222222222222,18.0,0.13636363636363635,0.13043478260869565,0.14285714285714285,21.0,,,,
p_1166,0.3272371068516361,0.3073481116584565,0.35548029556650246,0.37712434450759136,0.3558125038010096,0.4074074074074074,108.0,0.4788732394366197,0.40476190476190477,0.5862068965517241,29.0,0.3157894736842105,0.3103448275862069,0.32142857142857145,28.0,0.5142857142857142,0.5142857142857142,0.5142857142857142,35.0,0.0,0.0,0.0,16.0,,,,
p_1167,0.33565262823133885,0.3650886802295253,0.3523683539461941,0.4341077777609512,0.43978100426978883,0.48148148148148145,108.0,0.591304347826087,0.4788732394366197,0.7727272727272727,44.0,0.4482758620689655,0.48148148148148145,0.41935483870967744,31.0,0.0,0.0,0.0,10.0,0.30303030303030304,0.5,0.21739130434782608,23.0,,,,
p_1168,0.24696969696969695,0.22457442164993452,0.2821059038344492,0.4101010101010101,0.3635643500331409,0.48148148148148145,108.0,0.6212121212121212,0.5189873417721519,0.7735849056603774,53.0,0.0,0.0,0.0,12.0,0.0,0.0,0.0,12.0,0.36666666666666664,0.3793103448275862,0.3548387096774194,31.0,,,,
p_1169,0.3642276422764228,0.3702437106918239,0.3862709030100334,0.4704908160192713,0.46882570463545303,0.5,108.0,0.6666666666666666,0.6226415094339622,0.717391304347826,46.0,0.3902439024390244,0.5333333333333333,0.3076923076923077,26.0,0.4,0.325,0.52,25.0,0.0,0.0,0.0,11.0,,,,
p_1170,0.32935482547885647,0.33564814814814814,0.3522222222222222,0.413881027576118,0.4256687242798354,0.4351851851851852,108.0,0.37209302325581395,0.4444444444444444,0.32,25.0,0.0,0.0,0.0,8.0,0.47619047619047616,0.37037037037037035,0.6666666666666666,30.0,0.4691358024691358,0.5277777777777778,0.4222222222222222,45.0,,,,
p_1171,0.295959595959596,0.39805825242718446,0.31739631336405527,0.48208005985783764,0.46961524631427537,0.6018518518518519,108.0,0.7393939393939394,0.5922330097087378,0.9838709677419355,62.0,0.4444444444444444,1.0,0.2857142857142857,14.0,0.0,0.0,0.0,12.0,0.0,0.0,0.0,20.0,,,,
p_1172,0.2881837307152875,0.34717827004219415,0.302859477124183,0.3909744948314373,0.4463002031567433,0.4351851851851852,108.0,0.3,0.375,0.25,24.0,0.0,0.0,0.0,5.0,0.5483870967741935,0.43037974683544306,0.7555555555555555,45.0,0.30434782608695654,0.5833333333333334,0.20588235294117646,34.0,,,,
p_1173,0.4257868065433855,0.4480654761904762,0.43359517720131535,0.5299370093777989,0.5171020723104056,0.5833333333333334,108.0,0.6875,0.5714285714285714,0.8627450980392157,51.0,0.0,0.0,0.0,13.0,0.42105263157894735,0.5333333333333333,0.34782608695652173,23.0,0.5945945945945946,0.6875,0.5238095238095238,21.0,,,,
p_1174,0.2552899370053303,0.2478494623655914,0.2947612732095491,0.46167973821018565,0.4138988450816408,0.5648148148148148,108.0,0.7284768211920529,0.5913978494623656,0.9482758620689655,58.0,0.0,0.0,0.0,7.0,0.2926829268292683,0.4,0.23076923076923078,26.0,0.0,0.0,0.0,17.0,,,,
p_1175,0.3587996096291477,0.350387323943662,0.38340336134453784,0.487126798236102,0.4529251434533124,0.5462962962962963,108.0,0.7,0.5915492957746479,0.8571428571428571,49.0,0.5283018867924528,0.56,0.5,28.0,0.0,0.0,0.0,14.0,0.20689655172413793,0.25,0.17647058823529413,17.0,,,,
p_1176,0.3115127758420442,0.2805681818181818,0.36255787037037035,0.34913859852884244,0.314287317620651,0.4074074074074074,108.0,0.6341463414634146,0.52,0.8125,32.0,0.0,0.0,0.0,17.0,0.17857142857142858,0.20833333333333334,0.15625,32.0,0.43333333333333335,0.3939393939393939,0.48148148148148145,27.0,,,,
p_1177,0.19491525423728814,0.16121495327102803,0.24642857142857144,0.5053358443188952,0.4179646936656282,0.6388888888888888,108.0,0.7796610169491526,0.6448598130841121,0.9857142857142858,70.0,0.0,0.0,0.0,13.0,0.0,0.0,0.0,11.0,0.0,0.0,0.0,14.0,,,,
p_1178,0.43606591572799336,0.48247556066705005,0.44434503382684576,0.47645848462841933,0.4921921921921922,0.49074074074074076,108.0,0.48936170212765956,0.48936170212765956,0.48936170212765956,47.0,0.4444444444444444,0.4,0.5,16.0,0.5882352941176471,0.5405405405405406,0.6451612903225806,31.0,0.2222222222222222,0.5,0.14285714285714285,14.0,,,,
p_1179,0.3963075174328371,0.4375,0.40676752716632786,0.44536231074452154,0.4621913580246914,0.48148148148148145,108.0,0.5982905982905983,0.5,0.7446808510638298,47.0,0.43478260869565216,0.4166666666666667,0.45454545454545453,11.0,0.16,0.3333333333333333,0.10526315789473684,19.0,0.39215686274509803,0.5,0.3225806451612903,31.0,,,,
p_1180,0.2408008658008658,0.24494949494949494,0.253223726627982,0.3443121693121693,0.3434343434343435,0.37037037037037035,108.0,0.3,0.36363636363636365,0.2553191489361702,47.0,0.19047619047619047,0.2222222222222222,0.16666666666666666,12.0,0.0,0.0,0.0,5.0,0.4727272727272727,0.3939393939393939,0.5909090909090909,44.0,,,,
p_1181,0.38710351089588374,0.3740530303030303,0.4369437340153453,0.4830125100887812,0.4393588664421998,0.5648148148148148,108.0,0.7321428571428571,0.6212121212121212,0.8913043478260869,46.0,0.576271186440678,0.5,0.68,25.0,0.24,0.375,0.17647058823529413,17.0,0.0,0.0,0.0,20.0,,,,
p_1182,0.2973389990053993,0.2994449806949807,0.3000115784598543,0.31898916135160454,0.31869190619190624,0.32407407407407407,108.0,0.40625,0.37142857142857144,0.4482758620689655,29.0,0.11764705882352941,0.125,0.1111111111111111,18.0,0.30434782608695654,0.35,0.2692307692307692,26.0,0.3611111111111111,0.35135135135135137,0.37142857142857144,35.0,,,,
p_1183,0.37299719887955185,0.42883522727272727,0.3746054292929293,0.3916132378877477,0.42514730639730647,0.4166666666666667,108.0,0.3333333333333333,0.4090909090909091,0.28125,32.0,0.2857142857142857,0.4,0.2222222222222222,18.0,0.35294117647058826,0.5,0.2727272727272727,22.0,0.52,0.40625,0.7222222222222222,36.0,,,,
p_1184,0.33302378624959267,0.38896551724137934,0.3270592020592021,0.3185842897312432,0.3609961685823755,0.32407407407407407,108.0,0.35555555555555557,0.27586206896551724,0.5,32.0,0.36363636363636365,0.4,0.3333333333333333,18.0,0.3870967741935484,0.6,0.2857142857142857,21.0,0.22580645161290322,0.28,0.1891891891891892,37.0,,,,
p_1185,0.45006265664160405,0.4653171390013495,0.4444960585585585,0.4454121414647731,0.4554281001649423,0.4444444444444444,108.0,0.5526315789473685,0.5384615384615384,0.5675675675675675,37.0,0.5333333333333333,0.5333333333333333,0.5333333333333333,15.0,0.3142857142857143,0.2894736842105263,0.34375,32.0,0.4,0.5,0.3333333333333333,24.0,,,,
p_1186,0.3700940860215054,0.5210273217348689,0.3877314814814815,0.4456192751891677,0.5892323958361695,0.4722222222222222,108.0,0.475,0.4318181818181818,0.5277777777777778,36.0,0.5806451612903226,0.5094339622641509,0.675,40.0,0.25806451612903225,1.0,0.14814814814814814,27.0,0.16666666666666666,0.14285714285714285,0.2,5.0,,,,
p_1187,0.24742661583966002,0.25166666666666665,0.3157889107555404,0.2719987368389414,0.2704320987654321,0.35185185185185186,108.0,0.0,0.0,0.0,22.0,0.49122807017543857,0.5,0.4827586206896552,29.0,0.4339622641509434,0.30666666666666664,0.7419354838709677,31.0,0.06451612903225806,0.2,0.038461538461538464,26.0,,,,
p_1188,0.37912413981775706,0.44035720310391363,0.37714395404958023,0.40332779169034133,0.4326403727445394,0.42592592592592593,108.0,0.5473684210526316,0.45614035087719296,0.6842105263157895,38.0,0.2926829268292683,0.46153846153846156,0.21428571428571427,28.0,0.36065573770491804,0.34375,0.3793103448275862,29.0,0.3157894736842105,0.5,0.23076923076923078,13.0,,,,
p_1189,0.37887075561932093,0.4049922600619195,0.3877840909090909,0.48685946826788534,0.5030673087948629,0.5185185185185185,108.0,0.625,0.5147058823529411,0.7954545454545454,44.0,0.0,0.0,0.0,10.0,0.5490196078431373,0.7368421052631579,0.4375,32.0,0.34146341463414637,0.3684210526315789,0.3181818181818182,22.0,,,,
p_1190,0.3072981869199223,0.3091032608695652,0.32483747044917255,0.3866992829220328,0.3715780998389694,0.42592592592592593,108.0,0.584070796460177,0.5,0.7021276595744681,47.0,0.1951219512195122,0.17391304347826086,0.2222222222222222,18.0,0.45,0.5625,0.375,24.0,0.0,0.0,0.0,19.0,,,,
p_1191,0.335981610981611,0.37674050632911393,0.3333333333333333,0.46569733421585274,0.4613259884356931,0.5092592592592593,108.0,0.6518518518518519,0.5569620253164557,0.7857142857142857,56.0,0.1,0.16666666666666666,0.07142857142857142,14.0,0.41025641025641024,0.5333333333333333,0.3333333333333333,24.0,0.18181818181818182,0.25,0.14285714285714285,14.0,,,,
p_1192,0.24095706831119545,0.23018741633199463,0.2971340068091756,0.28358567889521397,0.24954385443006594,0.37962962962962965,108.0,0.35294117647058826,0.4,0.3157894736842105,19.0,0.0625,0.1111111111111111,0.043478260869565216,23.0,0.0,0.0,0.0,25.0,0.5483870967741935,0.40963855421686746,0.8292682926829268,41.0,,,,
p_1193,0.3545326706734474,0.4422112462006079,0.39432932469935245,0.4574639846349663,0.5183172914555892,0.5092592592592593,108.0,0.6601941747572816,0.6071428571428571,0.723404255319149,47.0,0.4722222222222222,0.3617021276595745,0.68,25.0,0.0,0.0,0.0,13.0,0.2857142857142857,0.8,0.17391304347826086,23.0,,,,
p_1194,0.34416445623342173,0.3686740890688259,0.3739423076923077,0.40054278416347383,0.4059454191033138,0.46296296296296297,108.0,0.5,0.5789473684210527,0.44,25.0,0.3076923076923077,0.46153846153846156,0.23076923076923078,26.0,0.5689655172413793,0.4342105263157895,0.825,40.0,0.0,0.0,0.0,17.0,,,,
p_1195,0.33253521126760566,0.3486111111111111,0.36498868778280547,0.4241418883672405,0.3848251028806584,0.5277777777777778,108.0,0.6901408450704225,0.5444444444444444,0.9423076923076923,52.0,0.16,0.25,0.11764705882352941,17.0,0.48,0.6,0.4,15.0,0.0,0.0,0.0,24.0,,,,
p_1196,0.31934216985763375,0.31008675464320623,0.3640289449112979,0.3575246822669503,0.3510033126968611,0.4074074074074074,108.0,0.5154639175257731,0.4032258064516129,0.7142857142857143,35.0,0.3333333333333333,0.2916666666666667,0.3888888888888889,18.0,0.42857142857142855,0.5454545454545454,0.35294117647058826,34.0,0.0,0.0,0.0,21.0,,,,
p_1197,0.3522559561458992,0.31756398606693925,0.4158805031446541,0.4695457633471549,0.41224527571642516,0.5555555555555556,108.0,0.7096774193548387,0.6197183098591549,0.8301886792452831,53.0,0.0,0.0,0.0,23.0,0.1111111111111111,0.16666666666666666,0.08333333333333333,12.0,0.5882352941176471,0.4838709677419355,0.75,20.0,,,,
p_1198,0.3023902821316614,0.2838471473495059,0.350943094629156,0.4055632957931809,0.3718220691491132,0.4722222222222222,108.0,0.5747126436781609,0.4716981132075472,0.7352941176470589,34.0,0.06666666666666667,0.14285714285714285,0.043478260869565216,23.0,0.0,0.0,0.0,11.0,0.5681818181818182,0.5208333333333334,0.625,40.0,,,,
p_1199,0.3587663469921535,0.326140873015873,0.4059065934065934,0.4479711970034551,0.4035953115814227,0.5092592592592593,108.0,0.66,0.5892857142857143,0.75,44.0,0.16216216216216217,0.1875,0.14285714285714285,21.0,0.6129032258064516,0.5277777777777778,0.7307692307692307,26.0,0.0,0.0,0.0,17.0,,,,
p_1200,0.28952950861195537,0.31345982142857143,0.3395387623648493,0.28672921591804573,0.30892361111111105,0.3425925925925926,108.0,0.4583333333333333,0.44,0.4782608695652174,23.0,0.0625,0.2,0.037037037037037035,27.0,0.19047619047619047,0.2857142857142857,0.14285714285714285,28.0,0.44680851063829785,0.328125,0.7,30.0,,,,
p_1201,0.28296012955103866,0.2706268024513338,0.3142361111111111,0.37240959968232695,0.3385704558199151,0.4351851851851852,108.0,0.6115702479338843,0.5068493150684932,0.7708333333333334,48.0,0.2702702702702703,0.2631578947368421,0.2777777777777778,18.0,0.0,0.0,0.0,18.0,0.25,0.3125,0.20833333333333334,24.0,,,,
p_1202,0.35518194770463274,0.3515859858532272,0.3699875175534405,0.4502460117570069,0.4516379719684317,0.46296296296296297,108.0,0.37681159420289856,0.325,0.4482758620689655,29.0,0.6027397260273972,0.5641025641025641,0.6470588235294118,34.0,0.4411764705882353,0.5172413793103449,0.38461538461538464,39.0,0.0,0.0,0.0,6.0,,,,
p_1203,0.37825157933853587,0.4255494505494506,0.396246282453179,0.38710310087121685,0.44388142721476054,0.39814814814814814,108.0,0.4444444444444444,0.4666666666666667,0.42424242424242425,33.0,0.5,0.40476190476190477,0.6538461538461539,26.0,0.3076923076923077,0.6,0.20689655172413793,29.0,0.2608695652173913,0.23076923076923078,0.3,20.0,,,,
p_1204,0.2875889468690702,0.29027777777777775,0.3180124223602484,0.3455893334036123,0.3403292181069959,0.37962962962962965,108.0,0.6352941176470588,0.6,0.675,40.0,0.3235294117647059,0.25,0.4583333333333333,24.0,0.0625,0.1111111111111111,0.043478260869565216,23.0,0.12903225806451613,0.2,0.09523809523809523,21.0,,,,
p_1205,0.3012851135407906,0.3985917537746806,0.3509302325581395,0.3622341837211475,0.4286655267346325,0.4537037037037037,108.0,0.608,0.4634146341463415,0.8837209302325582,43.0,0.0,0.0,0.0,20.0,0.20689655172413793,0.75,0.12,25.0,0.3902439024390244,0.38095238095238093,0.4,20.0,,,,
p_1206,0.46443949763869286,0.4776613790573996,0.4686147186147186,0.5129860059437524,0.5133718442447582,0.5277777777777778,108.0,0.4897959183673469,0.5714285714285714,0.42857142857142855,28.0,0.18181818181818182,0.25,0.14285714285714285,14.0,0.5915492957746479,0.5526315789473685,0.6363636363636364,33.0,0.5945945945945946,0.5365853658536586,0.6666666666666666,33.0,,,,
p_1207,0.41183261183261183,0.45240987083092343,0.4288474462365591,0.41187269520602854,0.4572178309020413,0.42592592592592593,108.0,0.3888888888888889,0.4666666666666667,0.3333333333333333,21.0,0.4857142857142857,0.4473684210526316,0.53125,32.0,0.45454545454545453,0.35714285714285715,0.625,24.0,0.3181818181818182,0.5384615384615384,0.22580645161290322,31.0,,,,
p_1208,0.4763790795365369,0.551060606060606,0.4897891963109354,0.4841709964592298,0.5416442199775533,0.5092592592592593,108.0,0.26666666666666666,0.6666666666666666,0.16666666666666666,24.0,0.5777777777777777,0.5909090909090909,0.5652173913043478,23.0,0.4827586206896552,0.4666666666666667,0.5,28.0,0.5783132530120482,0.48,0.7272727272727273,33.0,,,,
p_1209,0.2788498475051412,0.30327025915261213,0.28244949494949495,0.31707520558466884,0.3371237513394376,0.32407407407407407,108.0,0.11764705882352941,0.16666666666666666,0.09090909090909091,11.0,0.34146341463414637,0.2692307692307692,0.4666666666666667,30.0,0.2727272727272727,0.35294117647058826,0.2222222222222222,27.0,0.3835616438356164,0.42424242424242425,0.35,40.0,,,,
p_1210,0.34056985112885735,0.3466269841269841,0.3643410852713178,0.40650256882140934,0.39048353909465017,0.46296296296296297,108.0,0.591304347826087,0.4722222222222222,0.7906976744186046,43.0,0.32653061224489793,0.38095238095238093,0.2857142857142857,28.0,0.4444444444444444,0.5333333333333333,0.38095238095238093,21.0,0.0,0.0,0.0,16.0,,,,
p_1211,0.36912214871136567,0.36689906086457813,0.41457528957528955,0.4301617604570108,0.41928101841894944,0.49074074074074076,108.0,0.6153846153846154,0.5405405405405406,0.7142857142857143,28.0,0.5684210526315789,0.46551724137931033,0.7297297297297297,37.0,0.2926829268292683,0.46153846153846156,0.21428571428571427,28.0,0.0,0.0,0.0,15.0,,,,
p_1212,0.35534185567376514,0.5167127799736495,0.374047619047619,0.35512539296307477,0.5246667154638169,0.37037037037037035,108.0,0.45901639344262296,0.42424242424242425,0.5,28.0,0.34615384615384615,0.36,0.3333333333333333,27.0,0.36619718309859156,0.2826086956521739,0.52,25.0,0.25,1.0,0.14285714285714285,28.0,,,,
p_1213,0.3368384601670392,0.32153296913935214,0.36226365546218486,0.39436060990705313,0.3746530218161424,0.42592592592592593,108.0,0.38461538461538464,0.4166666666666667,0.35714285714285715,28.0,0.5070422535211268,0.4864864864864865,0.5294117647058824,34.0,0.45569620253164556,0.3829787234042553,0.5625,32.0,0.0,0.0,0.0,14.0,,,,
p_1214,0.2723608491706562,0.26339285714285715,0.306749982950283,0.3661520991952831,0.33961640211640215,0.42592592592592593,108.0,0.06666666666666667,0.125,0.045454545454545456,22.0,0.5309734513274337,0.42857142857142855,0.6976744186046512,43.0,0.4918032786885246,0.5,0.4838709677419355,31.0,0.0,0.0,0.0,12.0,,,,
p_1215,0.179147465437788,0.15255102040816326,0.23318713450292397,0.35240655401945725,0.2859410430839002,0.4722222222222222,108.0,0.07142857142857142,0.1,0.05555555555555555,18.0,0.0,0.0,0.0,20.0,0.6451612903225806,0.5102040816326531,0.8771929824561403,57.0,0.0,0.0,0.0,13.0,,,,
p_1216,0.41614487823880963,0.5601123595505618,0.3933002481389578,0.5957428539354865,0.6324802330420307,0.6481481481481481,108.0,0.7549668874172185,0.6404494382022472,0.9193548387096774,62.0,0.47058823529411764,1.0,0.3076923076923077,13.0,0.43902439024390244,0.6,0.34615384615384615,26.0,0.0,0.0,0.0,7.0,,,,
p_1217,0.38117621396691165,0.49120460969776036,0.37276685578572377,0.476312466364146,0.5281200421991898,0.5092592592592593,108.0,0.37209302325581395,0.38095238095238093,0.36363636363636365,22.0,0.32,0.8,0.2,20.0,0.6507936507936508,0.5616438356164384,0.7735849056603774,53.0,0.18181818181818182,0.2222222222222222,0.15384615384615385,13.0,,,,
p_1218,0.30908648313711606,0.4421768707482993,0.34128787878787875,0.4860041505611125,0.5458868732678257,0.5925925925925926,108.0,0.7468354430379747,0.6020408163265306,0.9833333333333333,60.0,0.3076923076923077,1.0,0.18181818181818182,22.0,0.0,0.0,0.0,21.0,0.18181818181818182,0.16666666666666666,0.2,5.0,,,,
p_1219,0.3995337995337995,0.4092948717948718,0.41375205254515596,0.4222567555900889,0.4229344729344729,0.4444444444444444,108.0,0.6666666666666666,0.575,0.7931034482758621,29.0,0.12121212121212122,0.15384615384615385,0.1,20.0,0.4,0.375,0.42857142857142855,35.0,0.41025641025641024,0.5333333333333333,0.3333333333333333,24.0,,,,
p_1220,0.19004329004329001,0.19620673304883832,0.210386006223194,0.3229116562449896,0.30647972533937445,0.37962962962962965,108.0,0.5454545454545454,0.44594594594594594,0.7021276595744681,47.0,0.07142857142857142,0.16666666666666666,0.045454545454545456,22.0,0.0,0.0,0.0,15.0,0.3333333333333333,0.3684210526315789,0.30434782608695654,23.0,0.0,0.0,0.0,1.0
p_1221,0.34041612057667103,0.3636128364389234,0.362051282051282,0.41803492548905397,0.4295126907445748,0.46296296296296297,108.0,0.4,0.5333333333333333,0.32,25.0,0.39285714285714285,0.4782608695652174,0.3333333333333333,33.0,0.5688073394495413,0.44285714285714284,0.7948717948717948,39.0,0.0,0.0,0.0,11.0,,,,
p_1222,0.34739083078741523,0.4328553391053391,0.3462512664640324,0.4102890502321242,0.4512769894714339,0.4537037037037037,108.0,0.5806451612903226,0.4675324675324675,0.7659574468085106,47.0,0.32432432432432434,0.375,0.2857142857142857,21.0,0.19047619047619047,0.3333333333333333,0.13333333333333333,15.0,0.29411764705882354,0.5555555555555556,0.2,25.0,,,,
p_1223,0.22918526074206297,0.2095137444114913,0.27158135981665393,0.23707623216739626,0.22302904139144233,0.26851851851851855,108.0,0.34782608695652173,0.2926829268292683,0.42857142857142855,28.0,0.3870967741935484,0.41379310344827586,0.36363636363636365,33.0,0.0,0.0,0.0,30.0,0.18181818181818182,0.13157894736842105,0.29411764705882354,17.0,,,,
p_1224,0.22449664429530203,0.20645161290322578,0.27214285714285713,0.40821526224210786,0.351652727996814,0.5185185185185185,108.0,0.697986577181208,0.5591397849462365,0.9285714285714286,56.0,0.0,0.0,0.0,14.0,0.2,0.26666666666666666,0.16,25.0,0.0,0.0,0.0,13.0,,,,
p_1225,0.3530542986425339,0.5126373626373626,0.37383592017738354,0.38931484274621525,0.5582688916022249,0.42592592592592593,108.0,0.26666666666666666,0.26666666666666666,0.26666666666666666,15.0,0.5769230769230769,0.47619047619047616,0.7317073170731707,41.0,0.23529411764705882,1.0,0.13333333333333333,30.0,0.3333333333333333,0.3076923076923077,0.36363636363636365,22.0,,,,
p_1226,0.4550081425620684,0.48025016458196185,0.453030303030303,0.4689821956503003,0.47895331967912613,0.48148148148148145,108.0,0.45901639344262296,0.45161290322580644,0.4666666666666667,30.0,0.18181818181818182,0.25,0.14285714285714285,21.0,0.631578947368421,0.75,0.5454545454545454,22.0,0.5476190476190477,0.46938775510204084,0.6571428571428571,35.0,,,,
p_1227,0.32296348314606743,0.30395293424716213,0.36222943722943723,0.36093684977111945,0.3393057935318055,0.4074074074074074,108.0,0.4,0.391304347826087,0.4090909090909091,22.0,0.375,0.41379310344827586,0.34285714285714286,35.0,0.5168539325842697,0.4107142857142857,0.696969696969697,33.0,0.0,0.0,0.0,18.0,,,,
p_1228,0.37033366470330975,0.4452992843201041,0.39067916438606093,0.36806140804508813,0.45153678401889197,0.37962962962962965,108.0,0.3076923076923077,0.6,0.20689655172413793,29.0,0.4155844155844156,0.3018867924528302,0.6666666666666666,24.0,0.38596491228070173,0.3793103448275862,0.39285714285714285,28.0,0.37209302325581395,0.5,0.2962962962962963,27.0,,,,
p_1229,0.21331784746418891,0.21074168797953963,0.27269736842105263,0.3066919028978649,0.3054560954816709,0.3888888888888889,108.0,0.5040650406504065,0.36470588235294116,0.8157894736842105,38.0,0.0,0.0,0.0,23.0,0.3492063492063492,0.4782608695652174,0.275,40.0,0.0,0.0,0.0,7.0,,,,
p_1230,0.7024179804819148,0.7109071484071484,0.6978801169590643,0.6279695111647761,0.6317681803792915,0.6296296296296297,108.0,0.6391752577319587,0.5961538461538461,0.6888888888888889,45.0,0.5915492957746479,0.6363636363636364,0.5526315789473685,38.0,0.5789473684210527,0.6111111111111112,0.55,20.0,1.0,1.0,1.0,5.0,,,,
p_1231,0.34750098386462025,0.41041666666666665,0.3742999096657633,0.4368577550395732,0.48587962962962955,0.5,108.0,0.47619047619047616,0.6666666666666666,0.37037037037037035,27.0,0.628099173553719,0.475,0.926829268292683,41.0,0.2857142857142857,0.5,0.2,30.0,0.0,0.0,0.0,10.0,,,,
p_1232,0.3764130434782609,0.4187015503875969,0.39207875457875463,0.4775362318840579,0.47398076370944586,0.5555555555555556,108.0,0.6956521739130435,0.5581395348837209,0.9230769230769231,52.0,0.0,0.0,0.0,13.0,0.25,0.4166666666666667,0.17857142857142858,28.0,0.56,0.7,0.4666666666666667,15.0,,,,
p_1233,0.37767094017094016,0.42351726726726724,0.390470462443197,0.4937084520417854,0.5265995161828495,0.5370370370370371,108.0,0.4444444444444444,0.625,0.3448275862068966,29.0,0.4166666666666667,0.5555555555555556,0.3333333333333333,30.0,0.6495726495726496,0.5135135135135135,0.8837209302325582,43.0,0.0,0.0,0.0,6.0,,,,
p_1234,0.35,0.3599939975990396,0.3506459948320413,0.45165484633569736,0.4384976212707305,0.4722222222222222,108.0,0.48936170212765956,0.46938775510204084,0.5111111111111111,45.0,0.4,0.5,0.3333333333333333,12.0,0.5106382978723404,0.47058823529411764,0.5581395348837209,43.0,0.0,0.0,0.0,8.0,,,,
p_1235,0.2857142857142857,0.22424242424242424,0.3939393939393939,0.35231870525988174,0.27789001122334456,0.48148148148148145,108.0,0.0,0.0,0.0,32.0,0.47058823529411764,0.36363636363636365,0.6666666666666666,18.0,0.6722689075630253,0.5333333333333333,0.9090909090909091,44.0,0.0,0.0,0.0,14.0,,,,
p_1236,0.3601837270341207,0.3833333333333333,0.37186609686609684,0.5068970545348499,0.49320987654320986,0.5648148148148148,108.0,0.3333333333333333,0.4666666666666667,0.25925925925925924,27.0,0.32,0.4,0.26666666666666666,15.0,0.7874015748031497,0.6666666666666666,0.9615384615384616,52.0,0.0,0.0,0.0,14.0,,,,
p_1237,0.2099179716629381,0.36616161616161613,0.26125,0.35169994752395944,0.5114104002992892,0.46296296296296297,108.0,0.6174496644295302,0.46464646464646464,0.92,50.0,0.0,0.0,0.0,4.0,0.2222222222222222,1.0,0.125,32.0,0.0,0.0,0.0,22.0,,,,
p_1238,0.3251728110599078,0.2952141382868937,0.3622252747252747,0.48474569039085175,0.4358062913274472,0.5462962962962963,108.0,0.1935483870967742,0.17647058823529413,0.21428571428571427,14.0,0.35714285714285715,0.3333333333333333,0.38461538461538464,13.0,0.75,0.6710526315789473,0.85,60.0,0.0,0.0,0.0,21.0,,,,
p_1239,0.41147208367252397,0.6015175011076651,0.407679920723399,0.43223796408318754,0.552468452058616,0.4444444444444444,108.0,0.20689655172413793,0.5,0.13043478260869565,23.0,0.5365853658536586,0.5945945945945946,0.4888888888888889,45.0,0.4318181818181818,0.3114754098360656,0.7037037037037037,27.0,0.47058823529411764,1.0,0.3076923076923077,13.0,,,,
p_1240,0.33965168603326495,0.4809027777777778,0.3156222147950089,0.3302969123144562,0.40927211934156377,0.32407407407407407,108.0,0.30952380952380953,0.25,0.40625,32.0,0.30303030303030304,0.3125,0.29411764705882354,17.0,0.325,0.3611111111111111,0.29545454545454547,44.0,0.42105263157894735,1.0,0.26666666666666666,15.0,,,,
p_1241,0.40321027287319416,0.37487922705314003,0.4389553429027113,0.46554901611081384,0.4382894972266953,0.5,108.0,0.5714285714285714,0.5217391304347826,0.631578947368421,19.0,0.5842696629213483,0.5777777777777777,0.5909090909090909,44.0,0.45714285714285713,0.4,0.5333333333333333,30.0,0.0,0.0,0.0,15.0,,,,
p_1242,0.28340961098398165,0.24637931034482757,0.3371943371943372,0.4145436053902873,0.36170498084291186,0.49074074074074076,108.0,0.5652173913043478,0.52,0.6190476190476191,42.0,0.0,0.0,0.0,23.0,0.5684210526315789,0.46551724137931033,0.7297297297297297,37.0,0.0,0.0,0.0,6.0,,,,
p_1243,0.1746987951807229,0.13425925925925927,0.25,0.37527889335118253,0.28840877914951996,0.5370370370370371,108.0,0.6987951807228916,0.5370370370370371,1.0,58.0,0.0,0.0,0.0,7.0,0.0,0.0,0.0,20.0,0.0,0.0,0.0,23.0,,,,
p_1244,0.2968729236382087,0.30041229385307344,0.30422144819466246,0.3473937562724303,0.3296754400577489,0.37962962962962965,108.0,0.4576271186440678,0.391304347826087,0.5510204081632653,49.0,0.43478260869565216,0.5,0.38461538461538464,13.0,0.0,0.0,0.0,14.0,0.29508196721311475,0.3103448275862069,0.28125,32.0,,,,
p_1245,0.36671842650103514,0.512830919080919,0.37184926602219837,0.4095161414001993,0.5128286065786066,0.4074074074074074,108.0,0.47619047619047616,0.44642857142857145,0.5102040816326531,49.0,0.25,0.18181818181818182,0.4,10.0,0.34782608695652173,1.0,0.21052631578947367,19.0,0.39285714285714285,0.4230769230769231,0.36666666666666664,30.0,,,,
p_1246,0.30036580267558527,0.3193581780538302,0.30517814009661837,0.3759615384615384,0.37213403880070545,0.4074074074074074,108.0,0.5043478260869565,0.42028985507246375,0.6304347826086957,46.0,0.38461538461538464,0.5,0.3125,16.0,0.3125,0.35714285714285715,0.2777777777777778,36.0,0.0,0.0,0.0,10.0,,,,
p_1247,0.19999999999999998,0.2876288659793814,0.26913875598086123,0.23758573388203016,0.28629247804505537,0.35185185185185186,108.0,0.0,0.0,0.0,33.0,0.2962962962962963,0.8,0.18181818181818182,22.0,0.5037037037037037,0.35051546391752575,0.8947368421052632,38.0,0.0,0.0,0.0,15.0,,,,
p_1248,0.3879021879021879,0.41273784355179705,0.4035165041260315,0.4613303779970446,0.4591535510140161,0.5,108.0,0.5135135135135135,0.4418604651162791,0.6129032258064516,31.0,0.4666666666666667,0.7,0.35,20.0,0.5714285714285714,0.509090909090909,0.6511627906976745,43.0,0.0,0.0,0.0,14.0,,,,
p_1249,0.32526610600794437,0.4537139689578714,0.33226975222066385,0.391370648515944,0.4354520817935452,0.4537037037037037,108.0,0.578125,0.45121951219512196,0.8043478260869565,46.0,0.0,0.0,0.0,16.0,0.42105263157894735,1.0,0.26666666666666666,15.0,0.3018867924528302,0.36363636363636365,0.25806451612903225,31.0,,,,
p_1250,0.3024599226091763,0.3296683389074693,0.31348056130664825,0.3023698380525357,0.33693329617242657,0.3055555555555556,108.0,0.3111111111111111,0.4666666666666667,0.23333333333333334,30.0,0.2,0.21739130434782608,0.18518518518518517,27.0,0.37037037037037035,0.38461538461538464,0.35714285714285715,28.0,0.3283582089552239,0.25,0.4782608695652174,23.0,,,,
p_1251,0.34531558364510306,0.43532560214094557,0.36536587194481934,0.37205630375814286,0.42473238180196254,0.4074074074074074,108.0,0.4631578947368421,0.3728813559322034,0.6111111111111112,36.0,0.30434782608695654,0.3684210526315789,0.25925925925925924,27.0,0.5185185185185185,0.5,0.5384615384615384,26.0,0.09523809523809523,0.5,0.05263157894736842,19.0,,,,
p_1252,0.480244680437235,0.5463830584707646,0.48161136249371544,0.4792810432091561,0.5369097858478169,0.49074074074074076,108.0,0.5454545454545454,0.41379310344827586,0.8,30.0,0.42105263157894735,0.5217391304347826,0.35294117647058826,34.0,0.4878048780487805,0.6666666666666666,0.38461538461538464,26.0,0.4666666666666667,0.5833333333333334,0.3888888888888889,18.0,,,,
p_1253,0.305519244734931,0.2969146961110025,0.31508714596949894,0.37617741197988114,0.3647948197366802,0.3888888888888889,108.0,0.4,0.39285714285714285,0.4074074074074074,27.0,0.0,0.0,0.0,9.0,0.35294117647058826,0.35294117647058826,0.35294117647058826,34.0,0.4691358024691358,0.4418604651162791,0.5,38.0,,,,
p_1254,0.3065200455444358,0.30991593755361124,0.3373673740053051,0.3996866045646534,0.38978638099413526,0.4537037037037037,108.0,0.5945945945945946,0.4925373134328358,0.75,44.0,0.43636363636363634,0.41379310344827586,0.46153846153846156,26.0,0.1951219512195122,0.3333333333333333,0.13793103448275862,29.0,0.0,0.0,0.0,9.0,,,,
p_1255,0.326338233643811,0.374606135986733,0.34320307137954703,0.4285693504075279,0.42637199803451875,0.48148148148148145,108.0,0.631578947368421,0.5373134328358209,0.7659574468085106,47.0,0.0,0.0,0.0,14.0,0.3880597014925373,0.3611111111111111,0.41935483870967744,31.0,0.2857142857142857,0.6,0.1875,16.0,,,,
p_1256,0.42738506315631386,0.5724567099567099,0.4352242926155969,0.46758400547834794,0.5786495911495911,0.49074074074074076,108.0,0.6391752577319587,0.5636363636363636,0.7380952380952381,42.0,0.41509433962264153,0.39285714285714285,0.44,25.0,0.358974358974359,0.3333333333333333,0.3888888888888889,18.0,0.2962962962962963,1.0,0.17391304347826086,23.0,,,,
p_1257,0.30055169021013417,0.30322074566260615,0.33290598290598294,0.3688235814702888,0.37188281858824485,0.39814814814814814,108.0,0.5777777777777777,0.5777777777777777,0.5777777777777777,45.0,0.4117647058823529,0.32558139534883723,0.56,25.0,0.14814814814814814,0.14285714285714285,0.15384615384615385,13.0,0.06451612903225806,0.16666666666666666,0.04,25.0,,,,
p_1258,0.31025062656641605,0.3964673913043478,0.34112978524743237,0.3373600668337511,0.4279819415688981,0.3888888888888889,108.0,0.23809523809523808,0.625,0.14705882352941177,34.0,0.24,0.2608695652173913,0.2222222222222222,27.0,0.5523809523809524,0.4142857142857143,0.8285714285714286,35.0,0.21052631578947367,0.2857142857142857,0.16666666666666666,12.0,,,,
p_1259,0.39153824914306623,0.4024122807017544,0.3926282051282052,0.38509651162044856,0.3929905782975958,0.3888888888888889,108.0,0.39473684210526316,0.375,0.4166666666666667,36.0,0.5128205128205128,0.5263157894736842,0.5,20.0,0.3728813559322034,0.3333333333333333,0.4230769230769231,26.0,0.2857142857142857,0.375,0.23076923076923078,26.0,,,,
p_1260,0.34361463778939505,0.37452651515151514,0.3617788461538462,0.4128564711088983,0.4251017115600449,0.4537037037037037,108.0,0.4307692307692308,0.42424242424242425,0.4375,32.0,0.5436893203883495,0.4375,0.717948717948718,39.0,0.4,0.6363636363636364,0.2916666666666667,24.0,0.0,0.0,0.0,13.0,,,,
p_1261,0.2960069444444444,0.335536858974359,0.38875000000000004,0.3163901748971193,0.3694207027540361,0.4166666666666667,108.0,0.5416666666666666,0.40625,0.8125,32.0,0.0,0.0,0.0,19.0,0.1111111111111111,0.5,0.0625,32.0,0.53125,0.4358974358974359,0.68,25.0,,,,
p_1262,0.4536340852130326,0.4961616004962779,0.4686576354679803,0.44045298431263336,0.4883914621817848,0.4537037037037037,108.0,0.3333333333333333,0.3548387096774194,0.3142857142857143,35.0,0.5,0.5,0.5,16.0,0.42857142857142855,0.6923076923076923,0.3103448275862069,29.0,0.5526315789473685,0.4375,0.75,28.0,,,,
p_1263,0.35074446680080484,0.36306983675404725,0.38725490196078427,0.44612266189730976,0.46513556162678965,0.49074074074074076,108.0,0.5915492957746479,0.5675675675675675,0.6176470588235294,34.0,0.24,0.42857142857142855,0.16666666666666666,36.0,0.5714285714285714,0.45614035087719296,0.7647058823529411,34.0,0.0,0.0,0.0,4.0,,,,
p_1264,0.2926913659107846,0.3022650439486139,0.30526331979820354,0.3719525178324284,0.3713995943204868,0.39814814814814814,108.0,0.3333333333333333,0.4666666666666667,0.25925925925925924,27.0,0.0,0.0,0.0,10.0,0.5148514851485149,0.4482758620689655,0.6046511627906976,43.0,0.3225806451612903,0.29411764705882354,0.35714285714285715,28.0,,,,
p_1265,0.2813436029097133,0.23606060606060608,0.34895833333333337,0.39100461180050394,0.3253872053872054,0.49074074074074076,108.0,0.0,0.0,0.0,21.0,0.49122807017543857,0.42424242424242425,0.5833333333333334,24.0,0.6341463414634146,0.52,0.8125,48.0,0.0,0.0,0.0,15.0,,,,
p_1266,0.2774462705436157,0.3380952380952381,0.3054968287526427,0.36873718218850965,0.4350529100529101,0.4166666666666667,108.0,0.584070796460177,0.4714285714285714,0.7674418604651163,43.0,0.24,0.21428571428571427,0.2727272727272727,22.0,0.2857142857142857,0.6666666666666666,0.18181818181818182,33.0,0.0,0.0,0.0,10.0,,,,
p_1267,0.2728479853479854,0.29482210296163786,0.27001250781738584,0.33769841269841266,0.3626184323858743,0.3333333333333333,108.0,0.42857142857142855,0.4186046511627907,0.43902439024390244,41.0,0.24615384615384617,0.20512820512820512,0.3076923076923077,26.0,0.4166666666666667,0.5555555555555556,0.3333333333333333,30.0,0.0,0.0,0.0,11.0,,,,
p_1268,0.3422224878476373,0.34185615223351073,0.3637566137566138,0.3742241524335715,0.36430772814420614,0.4074074074074074,108.0,0.06666666666666667,0.1111111111111111,0.047619047619047616,21.0,0.3404255319148936,0.4,0.2962962962962963,27.0,0.5617977528089888,0.4716981132075472,0.6944444444444444,36.0,0.4,0.38461538461538464,0.4166666666666667,24.0,,,,
p_1269,0.28279220779220776,0.2712860310421286,0.30003885003885006,0.4243326118326118,0.4035322739591032,0.4537037037037037,108.0,0.44155844155844154,0.38636363636363635,0.5151515151515151,33.0,0.375,0.4090909090909091,0.34615384615384615,26.0,0.5974025974025974,0.5609756097560976,0.6388888888888888,36.0,0.0,0.0,0.0,12.0,0.0,0.0,0.0,1.0
p_1270,0.2825507395940832,0.2786458333333333,0.3053571428571429,0.3414300093006663,0.34220679012345673,0.3611111111111111,108.0,0.2647058823529412,0.28125,0.25,36.0,0.4444444444444444,0.5,0.4,35.0,0.42105263157894735,0.3333333333333333,0.5714285714285714,28.0,0.0,0.0,0.0,9.0,,,,
p_1271,0.2775033679062503,0.3130952380952381,0.2759314885839276,0.30209082567418627,0.31097883597883597,0.3148148148148148,108.0,0.3956043956043956,0.3333333333333333,0.4864864864864865,37.0,0.27906976744186046,0.2857142857142857,0.2727272727272727,22.0,0.2535211267605634,0.3,0.21951219512195122,41.0,0.18181818181818182,0.3333333333333333,0.125,8.0,,,,
p_1272,0.350673076923077,0.4875,0.3713690476190476,0.4731908831908832,0.5439814814814815,0.5462962962962963,108.0,0.7076923076923077,0.575,0.92,50.0,0.375,0.375,0.375,24.0,0.32,1.0,0.19047619047619047,21.0,0.0,0.0,0.0,13.0,,,,
p_1273,0.27994812994812995,0.2837632895559725,0.28860978203083465,0.33121100898878675,0.32391135663493387,0.35185185185185186,108.0,0.37777777777777777,0.3269230769230769,0.4473684210526316,38.0,0.3783783783783784,0.4666666666666667,0.3181818181818182,22.0,0.36363636363636365,0.34146341463414637,0.3888888888888889,36.0,0.0,0.0,0.0,12.0,,,,
p_1274,0.33571428571428574,0.32688477951635847,0.3658902691511387,0.3968253968253968,0.3631526263105211,0.46296296296296297,108.0,0.6,0.4864864864864865,0.782608695652174,46.0,0.34285714285714286,0.4,0.3,20.0,0.4,0.42105263157894735,0.38095238095238093,21.0,0.0,0.0,0.0,21.0,,,,
p_1275,0.2680671368333409,0.24756837794354247,0.3172222222222222,0.3209767644722654,0.2931997193917627,0.37962962962962965,108.0,0.5063291139240507,0.46511627906976744,0.5555555555555556,36.0,0.10810810810810811,0.16666666666666666,0.08,25.0,0.4578313253012048,0.3584905660377358,0.6333333333333333,30.0,0.0,0.0,0.0,17.0,,,,
p_1276,0.32273951247165533,0.3982901773149451,0.3244700292397661,0.324957220542538,0.4074048013676496,0.3333333333333333,108.0,0.3125,0.5263157894736842,0.2222222222222222,45.0,0.3333333333333333,0.5,0.25,12.0,0.3673469387755102,0.2727272727272727,0.5625,32.0,0.2777777777777778,0.29411764705882354,0.2631578947368421,19.0,,,,
p_1277,0.28782978028261047,0.3080965909090909,0.3031307705220749,0.3892134885845578,0.39205597643097645,0.42592592592592593,108.0,0.34285714285714286,0.36363636363636365,0.32432432432432434,37.0,0.24242424242424243,0.4,0.17391304347826086,23.0,0.5660377358490566,0.46875,0.7142857142857143,42.0,0.0,0.0,0.0,6.0,,,,
p_1278,0.37056932782885593,0.3865613553113553,0.3734241452991453,0.48153924451565105,0.4984186338353005,0.49074074074074076,108.0,0.5684210526315789,0.48214285714285715,0.6923076923076923,39.0,0.14285714285714285,0.16666666666666666,0.125,8.0,0.5641025641025641,0.6666666666666666,0.4888888888888889,45.0,0.20689655172413793,0.23076923076923078,0.1875,16.0,,,,
p_1279,0.4144126313937635,0.4301573426573426,0.4746212121212121,0.40413284595674526,0.4480235042735043,0.4537037037037037,108.0,0.6363636363636364,0.509090909090909,0.8484848484848485,33.0,0.3333333333333333,0.375,0.3,20.0,0.22641509433962265,0.46153846153846156,0.15,40.0,0.46153846153846156,0.375,0.6,15.0,,,,
p_1280,0.398276191795095,0.38244047619047616,0.42747252747252745,0.4760540672695038,0.45929783950617287,0.5092592592592593,108.0,0.6024096385542169,0.5208333333333334,0.7142857142857143,35.0,0.0,0.0,0.0,12.0,0.4827586206896552,0.4375,0.5384615384615384,26.0,0.5079365079365079,0.5714285714285714,0.45714285714285713,35.0,,,,
p_1281,0.2598928976402718,0.269209715351553,0.27423339283437465,0.33939857386914557,0.3331610034330819,0.37037037037037035,108.0,0.3188405797101449,0.2894736842105263,0.3548387096774194,31.0,0.0,0.0,0.0,10.0,0.4854368932038835,0.423728813559322,0.5681818181818182,44.0,0.23529411764705882,0.36363636363636365,0.17391304347826086,23.0,,,,
p_1282,0.3757072384979362,0.41145607179041827,0.4025242591135589,0.4752187806451372,0.5132328739218304,0.5092592592592593,108.0,0.37209302325581395,0.6666666666666666,0.25806451612903225,31.0,0.0,0.0,0.0,6.0,0.5333333333333333,0.4897959183673469,0.5853658536585366,41.0,0.5974025974025974,0.48936170212765956,0.7666666666666667,30.0,,,,
p_1283,0.2845166784120272,0.27844789649709556,0.29339246119733925,0.30909765179791016,0.30575350257844536,0.3148148148148148,108.0,0.18604651162790697,0.17391304347826086,0.2,20.0,0.4444444444444444,0.45,0.43902439024390244,41.0,0.4166666666666667,0.38461538461538464,0.45454545454545453,22.0,0.09090909090909091,0.10526315789473684,0.08,25.0,,,,
p_1284,0.3978771832032702,0.5445113510520487,0.40380636182578034,0.40107628996517886,0.5007772445756942,0.4166666666666667,108.0,0.4722222222222222,0.425,0.53125,32.0,0.34782608695652173,1.0,0.21052631578947367,19.0,0.3076923076923077,0.38095238095238093,0.25806451612903225,31.0,0.463768115942029,0.37209302325581395,0.6153846153846154,26.0,,,,
p_1285,0.3603999685682854,0.3870851370851371,0.40933583959899744,0.3918856700484863,0.4252111057666613,0.4444444444444444,108.0,0.6336633663366337,0.5079365079365079,0.8421052631578947,38.0,0.2857142857142857,0.5,0.2,35.0,0.13333333333333333,0.2222222222222222,0.09523809523809523,21.0,0.3888888888888889,0.3181818181818182,0.5,14.0,,,,
p_1286,0.34520997375328083,0.4760452961672474,0.40512820512820513,0.3895474871196656,0.49843528197186737,0.48148148148148145,108.0,0.6141732283464567,0.47560975609756095,0.8666666666666667,45.0,0.26666666666666666,1.0,0.15384615384615385,26.0,0.0,0.0,0.0,22.0,0.5,0.42857142857142855,0.6,15.0,,,,
p_1287,0.23581932773109243,0.22451048951048952,0.26244973046975273,0.25262605042016806,0.242975912975913,0.2777777777777778,108.0,0.39285714285714285,0.44,0.3548387096774194,31.0,0.2857142857142857,0.22727272727272727,0.38461538461538464,26.0,0.2647058823529412,0.23076923076923078,0.3103448275862069,29.0,0.0,0.0,0.0,22.0,,,,
p_1288,0.3797979797979798,0.4312659092320109,0.3681786133960047,0.3840254395809951,0.41995888606058096,0.3888888888888889,108.0,0.35,0.4666666666666667,0.28,25.0,0.3888888888888889,0.5384615384615384,0.30434782608695654,23.0,0.4166666666666667,0.3389830508474576,0.5405405405405406,37.0,0.36363636363636365,0.38095238095238093,0.34782608695652173,23.0,,,,
p_1289,0.2846511627906977,0.29835164835164835,0.30917070217917675,0.501860465116279,0.4797313797313798,0.5833333333333334,108.0,0.4186046511627907,0.6,0.32142857142857145,28.0,0.0,0.0,0.0,14.0,0.72,0.5934065934065934,0.9152542372881356,59.0,0.0,0.0,0.0,7.0,,,,
p_1290,0.34093517673144647,0.31676136363636365,0.37493643529112636,0.39357998927582855,0.37058080808080807,0.42592592592592593,108.0,0.29411764705882354,0.3125,0.2777777777777778,36.0,0.5818181818181818,0.5,0.6956521739130435,23.0,0.4878048780487805,0.45454545454545453,0.5263157894736842,38.0,0.0,0.0,0.0,11.0,,,,
p_1291,0.29745973912046614,0.32176470588235295,0.3000462962962963,0.3241103027275515,0.37168534080298793,0.3055555555555556,108.0,0.16393442622950818,0.14705882352941177,0.18518518518518517,27.0,0.2727272727272727,0.21428571428571427,0.375,16.0,0.49230769230769234,0.64,0.4,40.0,0.2608695652173913,0.2857142857142857,0.24,25.0,,,,
p_1292,0.3119047619047619,0.3227134146341464,0.3162217712291746,0.326278659611993,0.33261442336645586,0.3333333333333333,108.0,0.3333333333333333,0.325,0.34210526315789475,38.0,0.2857142857142857,0.26666666666666666,0.3076923076923077,13.0,0.22857142857142856,0.3333333333333333,0.17391304347826086,23.0,0.4,0.36585365853658536,0.4411764705882353,34.0,,,,
p_1293,0.3793136356695679,0.4080464267083985,0.3987847222222222,0.4274514627621972,0.42625533723603626,0.48148148148148145,108.0,0.5765765765765766,0.4507042253521127,0.8,40.0,0.0,0.0,0.0,18.0,0.4406779661016949,0.48148148148148145,0.40625,32.0,0.5,0.7,0.3888888888888889,18.0,,,,
p_1294,0.33173417127157945,0.353030303030303,0.3392983789260385,0.3988851213999564,0.40241301907968574,0.42592592592592593,108.0,0.5486725663716814,0.4696969696969697,0.6595744680851063,47.0,0.3157894736842105,0.4090909090909091,0.2571428571428571,35.0,0.11764705882352941,0.2,0.08333333333333333,12.0,0.3448275862068966,0.3333333333333333,0.35714285714285715,14.0,,,,
p_1295,0.3253253253253253,0.42779605263157894,0.32954545454545453,0.4337671004337671,0.499098440545809,0.46296296296296297,108.0,0.5185185185185185,0.4375,0.6363636363636364,44.0,0.0,0.0,0.0,6.0,0.4864864864864865,0.47368421052631576,0.5,36.0,0.2962962962962963,0.8,0.18181818181818182,22.0,,,,
p_1296,0.4191432396251673,0.420798566538297,0.45670995670995673,0.49232981307947843,0.4991986798522956,0.5185185185185185,108.0,0.5777777777777777,0.6842105263157895,0.5,26.0,0.6987951807228916,0.7073170731707317,0.6904761904761905,42.0,0.4,0.2916666666666667,0.6363636363636364,22.0,0.0,0.0,0.0,18.0,,,,
p_1297,0.3662230251116027,0.39759665621734586,0.3567234848484848,0.4675958782262181,0.48984335694105813,0.46296296296296297,108.0,0.4117647058823529,0.5833333333333334,0.3181818181818182,22.0,0.15789473684210525,0.13636363636363635,0.1875,16.0,0.6371681415929203,0.6206896551724138,0.6545454545454545,55.0,0.25806451612903225,0.25,0.26666666666666666,15.0,,,,
p_1298,0.3422949735449735,0.33797577129443324,0.4091155888030888,0.35435528120713305,0.355981568422883,0.42592592592592593,108.0,0.0,0.0,0.0,25.0,0.375,0.5625,0.28125,32.0,0.45714285714285713,0.38095238095238093,0.5714285714285714,14.0,0.5370370370370371,0.4084507042253521,0.7837837837837838,37.0,,,,
p_1299,0.3910628390464743,0.4414772727272728,0.3835294117647059,0.4013720076451422,0.44985269360269353,0.39814814814814814,108.0,0.32432432432432434,0.5,0.24,25.0,0.5084745762711864,0.6,0.4411764705882353,34.0,0.367816091954023,0.2909090909090909,0.5,32.0,0.36363636363636365,0.375,0.35294117647058826,17.0,,,,
p_1300,0.3032658084382222,0.34526810724289714,0.28877164502164504,0.3186201232178243,0.3446726838883702,0.3148148148148148,108.0,0.1724137931034483,0.14705882352941177,0.20833333333333334,24.0,0.26666666666666666,0.4,0.2,20.0,0.3783783783783784,0.4666666666666667,0.3181818181818182,22.0,0.3956043956043956,0.3673469387755102,0.42857142857142855,42.0,,,,
p_1301,0.34171995816688666,0.33351293103448276,0.3659188034188034,0.399936755038166,0.3856561302681992,0.4351851851851852,108.0,0.4657534246575342,0.5,0.4358974358974359,39.0,0.4117647058823529,0.4375,0.3888888888888889,18.0,0.48936170212765956,0.39655172413793105,0.6388888888888888,36.0,0.0,0.0,0.0,15.0,,,,
p_1302,0.28390804597701147,0.27908163265306124,0.3088450292397661,0.3557684120902512,0.33357898715041573,0.39814814814814814,108.0,0.4,0.3469387755102041,0.4722222222222222,36.0,0.20689655172413793,0.3,0.15789473684210525,19.0,0.5287356321839081,0.46938775510204084,0.6052631578947368,38.0,0.0,0.0,0.0,15.0,,,,
p_1303,0.25639256885293665,0.2384781397939293,0.29533714923914556,0.2934289711398146,0.27633254948069763,0.3333333333333333,108.0,0.0,0.0,0.0,21.0,0.21052631578947367,0.21052631578947367,0.21052631578947367,19.0,0.40540540540540543,0.42857142857142855,0.38461538461538464,39.0,0.40963855421686746,0.3148148148148148,0.5862068965517241,29.0,,,,
p_1304,0.39881039294326615,0.43247126436781613,0.3956043956043956,0.43581383518110584,0.46301617709663695,0.4444444444444444,108.0,0.4842105263157895,0.39655172413793105,0.6216216216216216,37.0,0.19047619047619047,0.25,0.15384615384615385,13.0,0.45901639344262296,0.5833333333333334,0.3783783783783784,37.0,0.46153846153846156,0.5,0.42857142857142855,21.0,,,,
p_1305,0.3230788915697887,0.34322638146167556,0.33722527472527475,0.42166356603002064,0.4409520036971017,0.4444444444444444,108.0,0.6185567010309279,0.5454545454545454,0.7142857142857143,42.0,0.0,0.0,0.0,8.0,0.3404255319148936,0.5333333333333333,0.25,32.0,0.3333333333333333,0.29411764705882354,0.38461538461538464,26.0,,,,
p_1306,0.3634588199656693,0.43076855742296916,0.3493766152434883,0.3683164172890199,0.4173371200331985,0.3611111111111111,108.0,0.3181818181818182,0.4117647058823529,0.25925925925925924,27.0,0.4,0.625,0.29411764705882354,17.0,0.4383561643835616,0.45714285714285713,0.42105263157894735,38.0,0.2972972972972973,0.22916666666666666,0.4230769230769231,26.0,,,,
p_1307,0.43791847041847043,0.5809659090909091,0.4191231717090763,0.45902089679867464,0.5221661054994389,0.4722222222222222,108.0,0.4533333333333333,0.38636363636363635,0.5483870967741935,31.0,0.4444444444444444,1.0,0.2857142857142857,14.0,0.2857142857142857,0.4166666666666667,0.21739130434782608,23.0,0.5681818181818182,0.5208333333333334,0.625,40.0,,,,
p_1308,0.40450604874646157,0.4277432126696833,0.40167712355212354,0.41544247311432464,0.44051135411429526,0.4166666666666667,108.0,0.3225806451612903,0.3333333333333333,0.3125,16.0,0.43243243243243246,0.47058823529411764,0.4,20.0,0.4367816091954023,0.36538461538461536,0.5428571428571428,35.0,0.4262295081967213,0.5416666666666666,0.35135135135135137,37.0,,,,
p_1309,0.4005456095481671,0.4534000227998176,0.4419467787114846,0.38926462694578634,0.47478825724949764,0.39814814814814814,108.0,0.32,0.5333333333333333,0.22857142857142856,35.0,0.47058823529411764,0.35294117647058826,0.7058823529411765,17.0,0.43478260869565216,0.625,0.3333333333333333,30.0,0.37681159420289856,0.3023255813953488,0.5,26.0,,,,
p_1310,0.3605102440506167,0.3734878060535955,0.37101190476190476,0.36021654603435144,0.36660851737606126,0.37962962962962965,108.0,0.47619047619047616,0.38461538461538464,0.625,32.0,0.32432432432432434,0.375,0.2857142857142857,21.0,0.4782608695652174,0.5238095238095238,0.44,25.0,0.16326530612244897,0.21052631578947367,0.13333333333333333,30.0,,,,
p_1311,0.32139551487583007,0.3377346611721612,0.3292337164750958,0.3188407272333231,0.338853488332655,0.32407407407407407,108.0,0.3181818181818182,0.4666666666666667,0.2413793103448276,29.0,0.45614035087719296,0.40625,0.52,25.0,0.18867924528301888,0.19230769230769232,0.18518518518518517,27.0,0.3225806451612903,0.2857142857142857,0.37037037037037035,27.0,,,,
p_1312,0.3249570180867891,0.3384062566053688,0.3732638888888889,0.39792158570784536,0.3813382183705582,0.49074074074074076,108.0,0.0,0.0,0.0,18.0,0.5405405405405406,0.5263157894736842,0.5555555555555556,18.0,0.6259541984732825,0.4939759036144578,0.8541666666666666,48.0,0.13333333333333333,0.3333333333333333,0.08333333333333333,24.0,,,,
p_1313,0.4371930301793837,0.43966049382716055,0.46530784030784034,0.5508547718957113,0.5256229995427526,0.6203703703703703,108.0,0.7591240875912408,0.6419753086419753,0.9285714285714286,56.0,0.0,0.0,0.0,14.0,0.38095238095238093,0.5333333333333333,0.2962962962962963,27.0,0.6086956521739131,0.5833333333333334,0.6363636363636364,11.0,,,,
p_1314,0.38117499154834344,0.3627232142857143,0.4037677675585284,0.5592492424811559,0.5471230158730159,0.5740740740740741,108.0,0.39215686274509803,0.35714285714285715,0.43478260869565216,23.0,0.0,0.0,0.0,8.0,0.71875,0.71875,0.71875,64.0,0.41379310344827586,0.375,0.46153846153846156,13.0,,,,
p_1315,0.3231882496588379,0.4752924876847291,0.3441985645933014,0.4069738056666161,0.5270308794015691,0.4166666666666667,108.0,0.2857142857142857,0.3125,0.2631578947368421,38.0,0.1111111111111111,0.07142857142857142,0.25,4.0,0.5882352941176471,0.5172413793103449,0.6818181818181818,44.0,0.3076923076923077,1.0,0.18181818181818182,22.0,,,,
p_1316,0.32808968317817877,0.3553946053946054,0.33544801641586863,0.4247498513722703,0.4416139416139416,0.4537037037037037,108.0,0.42424242424242425,0.5384615384615384,0.35,40.0,0.35714285714285715,0.45454545454545453,0.29411764705882354,17.0,0.5309734513274337,0.42857142857142855,0.6976744186046512,43.0,0.0,0.0,0.0,8.0,,,,
p_1317,0.24180934008520216,0.2567204301075269,0.28895382939500586,0.3768913717189579,0.3478195937873357,0.49074074074074076,108.0,0.23076923076923078,0.3333333333333333,0.17647058823529413,17.0,0.0,0.0,0.0,12.0,0.6758620689655173,0.5268817204301075,0.9423076923076923,52.0,0.06060606060606061,0.16666666666666666,0.037037037037037035,27.0,,,,
p_1318,0.31047727495347244,0.3304924242424242,0.33349420849420847,0.37430131546964734,0.4003377024210357,0.3888888888888889,108.0,0.5301204819277109,0.4583333333333333,0.6285714285714286,35.0,0.1,0.07142857142857142,0.16666666666666666,6.0,0.4166666666666667,0.42857142857142855,0.40540540540540543,37.0,0.1951219512195122,0.36363636363636365,0.13333333333333333,30.0,,,,
p_1319,0.3013565891472868,0.301870126705653,0.31715116279069766,0.35922097808402714,0.35740650494549125,0.37962962962962965,108.0,0.37209302325581395,0.2962962962962963,0.5,32.0,0.0,0.0,0.0,13.0,0.4444444444444444,0.47368421052631576,0.4186046511627907,43.0,0.3888888888888889,0.4375,0.35,20.0,,,,
p_1320,0.33010256802786175,0.31370967741935485,0.3590399610136452,0.4019671629224234,0.36786140979689363,0.4537037037037037,108.0,0.3448275862068966,0.3225806451612903,0.37037037037037035,27.0,0.0,0.0,0.0,18.0,0.35294117647058826,0.4,0.3157894736842105,19.0,0.6226415094339622,0.532258064516129,0.75,44.0,,,,
p_1321,0.29729275431102675,0.31872294372294374,0.3472985347985348,0.43148609573028174,0.41564454064454065,0.5185185185185185,108.0,0.08333333333333333,0.3333333333333333,0.047619047619047616,21.0,0.0,0.0,0.0,14.0,0.6976744186046512,0.5844155844155844,0.8653846153846154,52.0,0.40816326530612246,0.35714285714285715,0.47619047619047616,21.0,,,,
p_1322,0.3251800720288115,0.3030263157894737,0.35312499999999997,0.4191343203948246,0.3983625730994152,0.4444444444444444,108.0,0.6326530612244898,0.62,0.6458333333333334,48.0,0.0,0.0,0.0,18.0,0.38235294117647056,0.34210526315789475,0.43333333333333335,30.0,0.2857142857142857,0.25,0.3333333333333333,12.0,,,,
p_1323,0.34681122448979596,0.32672586697722567,0.3817839635854342,0.44126984126984126,0.41046027911969934,0.49074074074074076,108.0,0.6607142857142857,0.578125,0.7708333333333334,48.0,0.0,0.0,0.0,15.0,0.32653061224489793,0.38095238095238093,0.2857142857142857,28.0,0.4,0.34782608695652173,0.47058823529411764,17.0,,,,
p_1324,0.27590358666820436,0.3666666666666667,0.323943917765428,0.3523930342521048,0.39382716049382716,0.4444444444444444,108.0,0.06896551724137931,0.16666666666666666,0.043478260869565216,23.0,0.3076923076923077,0.3,0.3157894736842105,19.0,0.64,0.5,0.8888888888888888,45.0,0.08695652173913043,0.5,0.047619047619047616,21.0,,,,
p_1325,0.2956751790750002,0.2686631944444444,0.3626247834337101,0.35000605923640515,0.3109246399176955,0.4351851851851852,108.0,0.5510204081632653,0.421875,0.7941176470588235,34.0,0.5671641791044776,0.5277777777777778,0.6129032258064516,31.0,0.06451612903225806,0.125,0.043478260869565216,23.0,0.0,0.0,0.0,20.0,,,,
p_1326,0.3842547092547093,0.3922305764411027,0.40061692969870877,0.48832392999059665,0.4976561774807389,0.5092592592592593,108.0,0.5333333333333333,0.42857142857142855,0.7058823529411765,34.0,0.4090909090909091,0.47368421052631576,0.36,25.0,0.5945945945945946,0.6666666666666666,0.5365853658536586,41.0,0.0,0.0,0.0,8.0,,,,
p_1327,0.3679895788102475,0.4224330357142857,0.383538961038961,0.41391470063202584,0.4647541887125221,0.4444444444444444,108.0,0.3829787234042553,0.6428571428571429,0.2727272727272727,33.0,0.54,0.421875,0.75,36.0,0.4489795918367347,0.4583333333333333,0.44,25.0,0.1,0.16666666666666666,0.07142857142857142,14.0,,,,
p_1328,0.4230263157894737,0.4444047914597815,0.4107565011820331,0.44744152046783625,0.4586264206112766,0.4444444444444444,108.0,0.35,0.3684210526315789,0.3333333333333333,21.0,0.5789473684210527,0.6875,0.5,22.0,0.5,0.4716981132075472,0.5319148936170213,47.0,0.2631578947368421,0.25,0.2777777777777778,18.0,,,,
p_1329,0.34834455667789,0.4465306900495616,0.34649122807017546,0.36989233902814145,0.38770986006975333,0.4074074074074074,108.0,0.0,0.0,0.0,20.0,0.42424242424242425,0.3442622950819672,0.5526315789473685,38.0,0.4691358024691358,0.4418604651162791,0.5,38.0,0.5,1.0,0.3333333333333333,12.0,,,,
p_1330,0.3636020841903195,0.365158864904196,0.37254273504273505,0.37995845838983094,0.3810190799579595,0.3888888888888889,108.0,0.39215686274509803,0.4,0.38461538461538464,26.0,0.17647058823529413,0.21428571428571427,0.15,20.0,0.42424242424242425,0.45161290322580644,0.4,35.0,0.46153846153846156,0.39473684210526316,0.5555555555555556,27.0,,,,
p_1331,0.34199398109172546,0.31998355263157896,0.3943014705882353,0.35208928943264783,0.32535940545808967,0.4166666666666667,108.0,0.0,0.0,0.0,24.0,0.3508771929824561,0.4,0.3125,32.0,0.5306122448979592,0.40625,0.7647058823529411,34.0,0.4864864864864865,0.47368421052631576,0.5,18.0,,,,
p_1332,0.354083137549972,0.35336242421371733,0.3580414653784219,0.3580463612701205,0.35817592768023804,0.3611111111111111,108.0,0.3018867924528302,0.3076923076923077,0.2962962962962963,27.0,0.2727272727272727,0.2857142857142857,0.2608695652173913,23.0,0.4482758620689655,0.40625,0.5,26.0,0.39344262295081966,0.41379310344827586,0.375,32.0,,,,
p_1333,0.3561667319749216,0.49617046347211313,0.3866086920598199,0.45748251190061534,0.5274068255215153,0.5185185185185185,108.0,0.0,0.0,0.0,14.0,0.6206896551724138,0.5373134328358209,0.7346938775510204,49.0,0.53125,0.4473684210526316,0.6538461538461539,26.0,0.2727272727272727,1.0,0.15789473684210525,19.0,,,,
p_1334,0.3367906395347593,0.3468117248605054,0.3417108294930875,0.34231901577668583,0.34739943886285357,0.35185185185185186,108.0,0.4444444444444444,0.3902439024390244,0.5161290322580645,31.0,0.4782608695652174,0.5238095238095238,0.44,25.0,0.16216216216216217,0.23076923076923078,0.125,24.0,0.26229508196721313,0.24242424242424243,0.2857142857142857,28.0,,,,
p_1335,0.35693050910442214,0.35398643909282207,0.3791271347248577,0.41732386418376755,0.41279366811281704,0.4444444444444444,108.0,0.0,0.0,0.0,13.0,0.5217391304347826,0.46153846153846156,0.6,30.0,0.4444444444444444,0.3829787234042553,0.5294117647058824,34.0,0.46153846153846156,0.5714285714285714,0.3870967741935484,31.0,,,,
p_1336,0.4747961452928095,0.4690822388993121,0.4993844696969697,0.5570930456030531,0.5529569985870799,0.5833333333333334,108.0,0.647887323943662,0.5897435897435898,0.71875,32.0,0.6197183098591549,0.5365853658536586,0.7333333333333333,30.0,0.631578947368421,0.75,0.5454545454545454,33.0,0.0,0.0,0.0,13.0,,,,
p_1337,0.3336267181094767,0.3449362623461295,0.33015850945494996,0.3326058998472792,0.33792746305396526,0.3333333333333333,108.0,0.3333333333333333,0.3225806451612903,0.3448275862068966,29.0,0.4827586206896552,0.4666666666666667,0.5,28.0,0.2153846153846154,0.20588235294117646,0.22580645161290322,31.0,0.30303030303030304,0.38461538461538464,0.25,20.0,,,,
p_1338,0.24745879120879122,0.22934995112414466,0.29211523125996813,0.3235068172568173,0.2930831613627312,0.3888888888888889,108.0,0.375,0.3870967741935484,0.36363636363636365,33.0,0.5576923076923077,0.4393939393939394,0.7631578947368421,38.0,0.05714285714285714,0.09090909090909091,0.041666666666666664,24.0,0.0,0.0,0.0,13.0,,,,
p_1339,0.288880605058925,0.29990079365079364,0.2966557044058616,0.2939556984765737,0.299430482069371,0.3055555555555556,108.0,0.30985915492957744,0.275,0.3548387096774194,31.0,0.40816326530612246,0.4166666666666667,0.4,25.0,0.3125,0.2857142857142857,0.3448275862068966,29.0,0.125,0.2222222222222222,0.08695652173913043,23.0,,,,
p_1340,0.28246376811594204,0.3125598086124402,0.29005791505791506,0.323191089640365,0.32184121920964026,0.35185185185185186,108.0,0.37333333333333335,0.3684210526315789,0.3783783783783784,37.0,0.3,0.5,0.21428571428571427,14.0,0.45652173913043476,0.38181818181818183,0.5675675675675675,37.0,0.0,0.0,0.0,20.0,,,,
p_1341,0.29973386560212906,0.4014423076923077,0.3214285714285714,0.49773292920332174,0.4829950142450142,0.6203703703703703,108.0,0.4444444444444444,1.0,0.2857142857142857,14.0,0.0,0.0,0.0,17.0,0.7544910179640718,0.6057692307692307,1.0,63.0,0.0,0.0,0.0,14.0,,,,
p_1342,0.3451170098936836,0.3538602941176471,0.359819734345351,0.35167570705344575,0.35942038852578073,0.37037037037037035,108.0,0.3157894736842105,0.3333333333333333,0.3,30.0,0.2553191489361702,0.35294117647058826,0.2,30.0,0.5063291139240507,0.4166666666666667,0.6451612903225806,31.0,0.30303030303030304,0.3125,0.29411764705882354,17.0,,,,
p_1343,0.38857905982905977,0.4015141631257617,0.39786184210526315,0.39660454257676475,0.41060973411995955,0.39814814814814814,108.0,0.4444444444444444,0.5454545454545454,0.375,16.0,0.44,0.3548387096774194,0.5789473684210527,19.0,0.46153846153846156,0.4883720930232558,0.4375,48.0,0.20833333333333334,0.21739130434782608,0.2,25.0,,,,
p_1344,0.32027724049000644,0.3037895114942529,0.3591954022988506,0.4092222461016788,0.38441224989357176,0.46296296296296297,108.0,0.6382978723404256,0.5172413793103449,0.8333333333333334,36.0,0.1276595744680851,0.16666666666666666,0.10344827586206896,29.0,0.5151515151515151,0.53125,0.5,34.0,0.0,0.0,0.0,9.0,,,,
p_1345,0.35522820469057026,0.3575772200772201,0.43223443223443225,0.4547881061222359,0.46677927927927926,0.5,108.0,0.15384615384615385,0.1,0.3333333333333333,3.0,0.06451612903225806,0.2,0.038461538461538464,26.0,0.5432098765432098,0.5945945945945946,0.5,44.0,0.6593406593406593,0.5357142857142857,0.8571428571428571,35.0,,,,
p_1346,0.47645573380867495,0.5997150997150997,0.45531746031746034,0.5184635021236328,0.5654083570750238,0.5277777777777778,108.0,0.6868686868686869,0.6296296296296297,0.7555555555555555,45.0,0.5,0.5,0.5,24.0,0.27450980392156865,0.2692307692307692,0.28,25.0,0.4444444444444444,1.0,0.2857142857142857,14.0,,,,
p_1347,0.2361111111111111,0.23806818181818182,0.30351307189542487,0.30658436213991774,0.30631313131313126,0.39814814814814814,108.0,0.0,0.0,0.0,15.0,0.0,0.0,0.0,23.0,0.5,0.3522727272727273,0.8611111111111112,36.0,0.4444444444444444,0.6,0.35294117647058826,34.0,,,,
p_1348,0.3953337423626556,0.5348666365280289,0.40956534778045073,0.4244759832563089,0.5239078929743486,0.48148148148148145,108.0,0.5932203389830508,0.4430379746835443,0.8974358974358975,39.0,0.24,0.5,0.15789473684210525,19.0,0.5128205128205128,0.625,0.43478260869565216,23.0,0.23529411764705882,0.5714285714285714,0.14814814814814814,27.0,,,,
p_1349,0.3314403209544966,0.3370282323455698,0.3536077235772358,0.40811324885547706,0.4004404393336282,0.4537037037037037,108.0,0.32558139534883723,0.3684210526315789,0.2916666666666667,24.0,0.43137254901960786,0.5238095238095238,0.36666666666666664,30.0,0.5688073394495413,0.45588235294117646,0.7560975609756098,41.0,0.0,0.0,0.0,13.0,,,,
p_1350,0.3463533181275117,0.33731060606060603,0.37575757575757573,0.4327625116155582,0.4291666666666667,0.4537037037037037,108.0,0.0,0.0,0.0,12.0,0.5909090909090909,0.5909090909090909,0.5909090909090909,44.0,0.3870967741935484,0.3,0.5454545454545454,22.0,0.4074074074074074,0.4583333333333333,0.36666666666666664,30.0,,,,
p_1351,0.33280282935455346,0.3415435139573071,0.3735632183908046,0.36087369420702753,0.3650793650793651,0.4074074074074074,108.0,0.0,0.0,0.0,15.0,0.5517241379310345,0.41379310344827586,0.8275862068965517,29.0,0.26666666666666666,0.2857142857142857,0.25,40.0,0.5128205128205128,0.6666666666666666,0.4166666666666667,24.0,,,,
p_1352,0.26247464503042595,0.355,0.31025641025641026,0.29802419051911955,0.29537037037037034,0.42592592592592593,108.0,0.47058823529411764,1.0,0.3076923076923077,13.0,0.5793103448275863,0.42,0.9333333333333333,45.0,0.0,0.0,0.0,34.0,0.0,0.0,0.0,16.0,,,,
p_1353,0.30983102918586786,0.347624269005848,0.3460634193392814,0.42051829094839843,0.433945202512454,0.5,108.0,0.0,0.0,0.0,9.0,0.22857142857142856,0.4444444444444444,0.15384615384615385,26.0,0.6774193548387096,0.525,0.9545454545454546,44.0,0.3333333333333333,0.42105263157894735,0.27586206896551724,29.0,,,,
p_1354,0.33161120441020775,0.4894110275689223,0.34019607843137256,0.3298065260689846,0.4198041399795786,0.37037037037037035,108.0,0.08163265306122448,0.10526315789473684,0.06666666666666667,30.0,0.32558139534883723,0.4666666666666667,0.25,28.0,0.5192307692307693,0.38571428571428573,0.7941176470588235,34.0,0.4,1.0,0.25,16.0,,,,
p_1355,0.3901714910297,0.4908551139754147,0.40616375961203544,0.4160446504849491,0.4859785044622137,0.4444444444444444,108.0,0.4444444444444444,0.4444444444444444,0.4444444444444444,18.0,0.3880597014925373,0.34210526315789475,0.4482758620689655,29.0,0.5681818181818182,0.5102040816326531,0.6410256410256411,39.0,0.16,0.6666666666666666,0.09090909090909091,22.0,,,,
p_1356,0.33175171845122586,0.34305555555555556,0.34804442868959,0.4068170168334372,0.41363168724279836,0.4351851851851852,108.0,0.40816326530612246,0.5555555555555556,0.3225806451612903,31.0,0.5050505050505051,0.4166666666666667,0.6410256410256411,39.0,0.41379310344827586,0.4,0.42857142857142855,28.0,0.0,0.0,0.0,10.0,,,,
p_1357,0.40159648391355707,0.4068627450980392,0.4624591503267974,0.46643993030623565,0.4820034495279593,0.5370370370370371,108.0,0.5365853658536586,0.4583333333333333,0.6470588235294118,17.0,0.6851851851851852,0.5441176470588235,0.925,40.0,0.38461538461538464,0.625,0.2777777777777778,36.0,0.0,0.0,0.0,15.0,,,,
p_1358,0.28551609322974475,0.2805059523809524,0.3413553113553114,0.3266432359107165,0.30988205467372126,0.39814814814814814,108.0,0.37735849056603776,0.3125,0.47619047619047616,21.0,0.5882352941176471,0.47619047619047616,0.7692307692307693,39.0,0.17647058823529413,0.3333333333333333,0.12,25.0,0.0,0.0,0.0,23.0,,,,
p_1359,0.3701340390939659,0.3442684766214178,0.4005270092226614,0.43994593889976885,0.41205798558739737,0.4722222222222222,108.0,0.0,0.0,0.0,15.0,0.5567010309278351,0.5294117647058824,0.5869565217391305,46.0,0.4722222222222222,0.4358974358974359,0.5151515151515151,33.0,0.45161290322580644,0.4117647058823529,0.5,14.0,,,,
p_1360,0.3240454076367389,0.3565930388219545,0.3404761904761905,0.42247230276126047,0.434534434032426,0.48148148148148145,108.0,0.38095238095238093,0.4444444444444444,0.3333333333333333,12.0,0.6015037593984962,0.4819277108433735,0.8,50.0,0.3137254901960784,0.5,0.22857142857142856,35.0,0.0,0.0,0.0,11.0,,,,
p_1361,0.3382361762624021,0.320639338731444,0.36493358633776096,0.43666139235584844,0.4182957839756085,0.46296296296296297,108.0,0.43902439024390244,0.375,0.5294117647058824,17.0,0.3157894736842105,0.34615384615384615,0.2903225806451613,31.0,0.5981308411214953,0.5614035087719298,0.64,50.0,0.0,0.0,0.0,10.0,,,,
p_1362,0.3131110299784998,0.3329589216944801,0.311624649859944,0.40132772015859924,0.402195359672895,0.4166666666666667,108.0,0.37037037037037035,0.5,0.29411764705882354,17.0,0.42424242424242425,0.3684210526315789,0.5,42.0,0.4578313253012048,0.4634146341463415,0.4523809523809524,42.0,0.0,0.0,0.0,7.0,,,,
p_1363,0.3672833495618306,0.3595238095238095,0.38602579852579855,0.42325723971293594,0.40440917107583774,0.4537037037037037,108.0,0.46153846153846156,0.4,0.5454545454545454,33.0,0.4,0.4666666666666667,0.35,20.0,0.6075949367088608,0.5714285714285714,0.6486486486486487,37.0,0.0,0.0,0.0,18.0,,,,
p_1364,0.3089133089133089,0.262426614481409,0.3798701298701299,0.41405508072174735,0.34723490613901575,0.5185185185185185,108.0,0.0,0.0,0.0,11.0,0.6324786324786325,0.5068493150684932,0.8409090909090909,44.0,0.6031746031746031,0.5428571428571428,0.6785714285714286,28.0,0.0,0.0,0.0,25.0,,,,
p_1365,0.3742697625817113,0.4317854381896128,0.3710622710622711,0.3825817652601935,0.41083741342016694,0.39814814814814814,108.0,0.2727272727272727,0.2903225806451613,0.2571428571428571,35.0,0.3,0.5,0.21428571428571427,14.0,0.5057471264367817,0.4074074074074074,0.6666666666666666,33.0,0.4186046511627907,0.5294117647058824,0.34615384615384615,26.0,,,,
p_1366,0.33206599577868234,0.3321428571428572,0.34046732837055416,0.3711248750635152,0.37156084656084654,0.37962962962962965,108.0,0.09090909090909091,0.1111111111111111,0.07692307692307693,13.0,0.375,0.42857142857142855,0.3333333333333333,36.0,0.417910447761194,0.3888888888888889,0.45161290322580644,31.0,0.4444444444444444,0.4,0.5,28.0,,,,
p_1367,0.3256060418981767,0.35335081585081585,0.3364546673370203,0.33784768428963186,0.3661022619355953,0.35185185185185186,108.0,0.42696629213483145,0.34545454545454546,0.5588235294117647,34.0,0.2564102564102564,0.4166666666666667,0.18518518518518517,27.0,0.2857142857142857,0.26666666666666666,0.3076923076923077,13.0,0.3333333333333333,0.38461538461538464,0.29411764705882354,34.0,,,,
p_1368,0.40017345668030596,0.4111111111111111,0.42928866366366364,0.42458834924588346,0.4244855967078189,0.4537037037037037,108.0,0.5714285714285714,0.5,0.6666666666666666,21.0,0.4383561643835616,0.4444444444444444,0.43243243243243246,37.0,0.5,0.45,0.5625,32.0,0.09090909090909091,0.25,0.05555555555555555,18.0,,,,
p_1369,0.3939267351877447,0.4419388843730949,0.4027873722022658,0.5064149730976707,0.5226078992526361,0.5555555555555556,108.0,0.6382978723404256,0.7894736842105263,0.5357142857142857,28.0,0.13793103448275862,0.2857142857142857,0.09090909090909091,22.0,0.6942148760330579,0.5675675675675675,0.8936170212765957,47.0,0.10526315789473684,0.125,0.09090909090909091,11.0,,,,
p_1370,0.3054510497913526,0.3487273371523061,0.34314903846153844,0.36960067712290734,0.39850959445833356,0.42592592592592593,108.0,0.5684210526315789,0.4576271186440678,0.75,36.0,0.24242424242424243,0.5714285714285714,0.15384615384615385,26.0,0.410958904109589,0.36585365853658536,0.46875,32.0,0.0,0.0,0.0,14.0,,,,
p_1371,0.4308559958559958,0.45783106960950765,0.4279640468227425,0.5048318416836935,0.5097599509526505,0.5277777777777778,108.0,0.46153846153846156,0.6,0.375,24.0,0.24,0.25,0.23076923076923078,13.0,0.7037037037037037,0.6129032258064516,0.8260869565217391,46.0,0.3181818181818182,0.3684210526315789,0.28,25.0,,,,
p_1372,0.35685111989459817,0.35767717905875795,0.36077292730518534,0.40980212755575074,0.406959012758233,0.4166666666666667,108.0,0.5,0.5142857142857142,0.4864864864864865,37.0,0.463768115942029,0.42105263157894735,0.5161290322580645,31.0,0.36363636363636365,0.37037037037037035,0.35714285714285715,28.0,0.1,0.125,0.08333333333333333,12.0,,,,
p_1373,0.3229109020475927,0.42486320109439124,0.33749897900841297,0.45437496156920615,0.4956465014946547,0.5277777777777778,108.0,0.3076923076923077,0.8,0.19047619047619047,21.0,0.0,0.0,0.0,12.0,0.6762589928057554,0.5465116279069767,0.8867924528301887,53.0,0.3076923076923077,0.35294117647058826,0.2727272727272727,22.0,,,,
p_1374,0.3251234294161124,0.3264929514929515,0.35212862318840576,0.42039133886288355,0.39069623791846014,0.49074074074074076,108.0,0.34146341463414637,0.3888888888888889,0.30434782608695654,23.0,0.30303030303030304,0.38461538461538464,0.25,20.0,0.656,0.5324675324675324,0.8541666666666666,48.0,0.0,0.0,0.0,17.0,,,,
p_1375,0.2541341880964523,0.3176691729323308,0.3188721804511278,0.2901499882631959,0.38599972152603734,0.37037037037037035,108.0,0.46846846846846846,0.34210526315789475,0.7428571428571429,35.0,0.09523809523809523,0.5,0.05263157894736842,38.0,0.4528301886792453,0.42857142857142855,0.48,25.0,0.0,0.0,0.0,10.0,,,,
p_1376,0.2655092592592593,0.28287337662337664,0.3100726106045255,0.33695130315500693,0.30127164502164505,0.4444444444444444,108.0,0.3,0.5,0.21428571428571427,14.0,0.0,0.0,0.0,29.0,0.6370370370370371,0.48863636363636365,0.9148936170212766,47.0,0.125,0.14285714285714285,0.1111111111111111,18.0,,,,
p_1377,0.39443161782509795,0.5518018018018018,0.3877765064836003,0.4580709749708512,0.539622956289623,0.5,108.0,0.21052631578947367,0.26666666666666666,0.17391304347826086,23.0,0.6557377049180327,0.5405405405405406,0.8333333333333334,48.0,0.34782608695652173,1.0,0.21052631578947367,19.0,0.36363636363636365,0.4,0.3333333333333333,18.0,,,,
p_1378,0.2965856808808965,0.30943049112142057,0.2968015378085412,0.30920075066300245,0.3171640685638446,0.3148148148148148,108.0,0.3111111111111111,0.3684210526315789,0.2692307692307692,26.0,0.35443037974683544,0.2978723404255319,0.4375,32.0,0.3389830508474576,0.35714285714285715,0.3225806451612903,31.0,0.18181818181818182,0.21428571428571427,0.15789473684210525,19.0,,,,
p_1379,0.3099377394636015,0.304977035159962,0.3391151332327803,0.3714142542926067,0.35162748272504374,0.4166666666666667,108.0,0.0,0.0,0.0,17.0,0.4888888888888889,0.39285714285714285,0.6470588235294118,34.0,0.27586206896551724,0.36363636363636365,0.2222222222222222,18.0,0.475,0.4634146341463415,0.48717948717948717,39.0,,,,
p_1380,0.3901726226529376,0.44012345679012344,0.43658891707992153,0.4037597063187614,0.419901691815272,0.49074074074074076,108.0,0.05714285714285714,0.16666666666666666,0.034482758620689655,29.0,0.6299212598425197,0.49382716049382713,0.8695652173913043,46.0,0.23076923076923078,0.5,0.15,20.0,0.6428571428571429,0.6,0.6923076923076923,13.0,,,,
p_1381,0.4009417237768894,0.4338824502758929,0.4144396316879154,0.4416995623312252,0.44826294598607896,0.48148148148148145,108.0,0.39215686274509803,0.37037037037037035,0.4166666666666667,24.0,0.13333333333333333,0.2857142857142857,0.08695652173913043,23.0,0.4375,0.5384615384615384,0.3684210526315789,19.0,0.6407766990291263,0.5409836065573771,0.7857142857142857,42.0,,,,
p_1382,0.31898384353741494,0.4460674157303371,0.327079107505071,0.46942318594104304,0.5026633374947982,0.5462962962962963,108.0,0.7074829931972789,0.5842696629213483,0.896551724137931,58.0,0.0,0.0,0.0,16.0,0.1875,0.2,0.17647058823529413,17.0,0.38095238095238093,1.0,0.23529411764705882,17.0,,,,
p_1383,0.4034398976982097,0.43662280701754386,0.4293881704980843,0.4077725679643838,0.4508122157244964,0.42592592592592593,108.0,0.5,0.7333333333333333,0.3793103448275862,29.0,0.19607843137254902,0.2631578947368421,0.15625,32.0,0.30434782608695654,0.25,0.3888888888888889,18.0,0.6133333333333333,0.5,0.7931034482758621,29.0,,,,
p_1384,0.23451170139231756,0.21041666666666667,0.2958128078817734,0.23447403164989816,0.21141975308641975,0.2962962962962963,108.0,0.37894736842105264,0.3,0.5142857142857142,35.0,0.46153846153846156,0.375,0.6,20.0,0.0975609756097561,0.16666666666666666,0.06896551724137931,29.0,0.0,0.0,0.0,24.0,,,,
p_1385,0.36599378881987576,0.3530844155844156,0.3884637188208617,0.48828502415458935,0.45460557960557957,0.5370370370370371,108.0,0.5357142857142857,0.5357142857142857,0.5357142857142857,28.0,0.6782608695652174,0.5909090909090909,0.7959183673469388,49.0,0.0,0.0,0.0,13.0,0.25,0.2857142857142857,0.2222222222222222,18.0,,,,
p_1386,0.3937177747625509,0.40000456704420895,0.397558170995671,0.39161465400271367,0.4050004059594852,0.3888888888888889,108.0,0.44,0.39285714285714285,0.5,22.0,0.36363636363636365,0.34782608695652173,0.38095238095238093,21.0,0.29850746268656714,0.29411764705882354,0.30303030303030304,33.0,0.4727272727272727,0.5652173913043478,0.40625,32.0,,,,
p_1387,0.2730829420970266,0.3028708133971292,0.32468085106382977,0.3848316234857706,0.3790714159135212,0.5,108.0,0.4444444444444444,0.7272727272727273,0.32,25.0,0.647887323943662,0.4842105263157895,0.9787234042553191,47.0,0.0,0.0,0.0,26.0,0.0,0.0,0.0,10.0,,,,
p_1388,0.2516457654455087,0.30102325211020864,0.3159722222222222,0.2791498585251259,0.3367220541133584,0.3611111111111111,108.0,0.5087719298245614,0.3717948717948718,0.8055555555555556,36.0,0.0,0.0,0.0,22.0,0.20512820512820512,0.5714285714285714,0.125,32.0,0.2926829268292683,0.2608695652173913,0.3333333333333333,18.0,,,,
p_1389,0.31421239777171983,0.3380559745265628,0.3417184265010352,0.30852563005105377,0.3551564468775798,0.3148148148148148,108.0,0.4067796610169492,0.3076923076923077,0.6,20.0,0.38461538461538464,0.5882352941176471,0.2857142857142857,35.0,0.14545454545454545,0.16,0.13333333333333333,30.0,0.32,0.2962962962962963,0.34782608695652173,23.0,,,,
p_1390,0.42470927765045413,0.4289529914529915,0.46139537545787546,0.4506998085429458,0.4714110477999367,0.4722222222222222,108.0,0.6493506493506493,0.5555555555555556,0.78125,32.0,0.42857142857142855,0.34615384615384615,0.5625,16.0,0.4444444444444444,0.5833333333333334,0.358974358974359,39.0,0.17647058823529413,0.23076923076923078,0.14285714285714285,21.0,,,,
p_1391,0.22806349206349202,0.39927711868010374,0.2623857623857624,0.3053674309229865,0.5138528629407568,0.3611111111111111,108.0,0.36666666666666664,0.4074074074074074,0.3333333333333333,33.0,0.07142857142857142,1.0,0.037037037037037035,27.0,0.48,0.3582089552238806,0.7272727272727273,33.0,0.2222222222222222,0.23076923076923078,0.21428571428571427,14.0,0.0,0.0,0.0,1.0
p_1392,0.2781510800196367,0.27809523809523806,0.2923824536232978,0.3642867370315824,0.36028659611992947,0.3888888888888889,108.0,0.2857142857142857,0.36,0.23684210526315788,38.0,0.125,0.13333333333333333,0.11764705882352941,17.0,0.6185567010309279,0.5357142857142857,0.7317073170731707,41.0,0.08333333333333333,0.08333333333333333,0.08333333333333333,12.0,,,,
p_1393,0.3826473577235773,0.5971798780487805,0.3869559099437148,0.41183566696778084,0.5410879629629629,0.4722222222222222,108.0,0.6016260162601627,0.45121951219512196,0.9024390243902439,41.0,0.1875,0.5,0.11538461538461539,26.0,0.4,1.0,0.25,16.0,0.34146341463414637,0.4375,0.28,25.0,,,,
p_1394,0.40237917907977494,0.3859344541910331,0.4613275978407558,0.5126717912881434,0.5012002743484225,0.5555555555555556,108.0,0.6981132075471698,0.6851851851851852,0.7115384615384616,52.0,0.5614035087719298,0.42105263157894735,0.8421052631578947,19.0,0.35,0.4375,0.2916666666666667,24.0,0.0,0.0,0.0,13.0,,,,
p_1395,0.25798059964726633,0.2534013605442177,0.29567099567099564,0.30922496570644714,0.2906746031746032,0.3611111111111111,108.0,0.40476190476190477,0.3469387755102041,0.4857142857142857,35.0,0.49382716049382713,0.4166666666666667,0.6060606060606061,33.0,0.13333333333333333,0.25,0.09090909090909091,22.0,0.0,0.0,0.0,18.0,,,,
p_1396,0.32688611589214,0.33551788124156545,0.3284205990088343,0.34331798091838256,0.3463640850702254,0.35185185185185186,108.0,0.26666666666666666,0.3157894736842105,0.23076923076923078,26.0,0.35714285714285715,0.38461538461538464,0.3333333333333333,30.0,0.43373493975903615,0.375,0.5142857142857142,35.0,0.25,0.26666666666666666,0.23529411764705882,17.0,,,,
p_1397,0.3695656252931795,0.3454861111111111,0.4141759540695711,0.4507187457651854,0.43370627572016457,0.48148148148148145,108.0,0.0,0.0,0.0,15.0,0.43636363636363634,0.4444444444444444,0.42857142857142855,28.0,0.6105263157894737,0.6041666666666666,0.6170212765957447,47.0,0.43137254901960786,0.3333333333333333,0.6111111111111112,18.0,,,,
p_1398,0.37108217650387826,0.3809626382366308,0.3772578728461082,0.3630360007299153,0.3711749973348595,0.37037037037037035,108.0,0.4166666666666667,0.43478260869565216,0.4,25.0,0.3684210526315789,0.4375,0.3181818181818182,22.0,0.4411764705882353,0.36585365853658536,0.5555555555555556,27.0,0.25806451612903225,0.2857142857142857,0.23529411764705882,34.0,,,,
p_1399,0.2810709750767777,0.2577380952380952,0.3090724374654778,0.32880917734117293,0.3018298059964727,0.3611111111111111,108.0,0.34375,0.3142857142857143,0.3793103448275862,29.0,0.5060240963855421,0.4666666666666667,0.5526315789473685,38.0,0.0,0.0,0.0,18.0,0.27450980392156865,0.25,0.30434782608695654,23.0,,,,
p_1400,0.4321131354026091,0.5347222222222222,0.427579365079365,0.4268580996651172,0.5241769547325104,0.4351851851851852,108.0,0.4444444444444444,0.3333333333333333,0.6666666666666666,33.0,0.5263157894736842,0.5555555555555556,0.5,20.0,0.45,0.75,0.32142857142857145,28.0,0.3076923076923077,0.5,0.2222222222222222,27.0,,,,
p_1401,0.34265008409184416,0.34637876743139906,0.3735795454545454,0.3602168984104757,0.3578414221689076,0.4074074074074074,108.0,0.3225806451612903,0.3333333333333333,0.3125,16.0,0.5504587155963303,0.46153846153846156,0.6818181818181818,44.0,0.4,0.3684210526315789,0.4375,16.0,0.0975609756097561,0.2222222222222222,0.0625,32.0,,,,
p_1402,0.3499216581609813,0.4755772005772006,0.3724099675712579,0.3929746852233198,0.4668710918710918,0.4351851851851852,108.0,0.2777777777777778,0.5555555555555556,0.18518518518518517,27.0,0.4931506849315068,0.42857142857142855,0.5806451612903226,31.0,0.11764705882352941,0.5,0.06666666666666667,15.0,0.5111111111111111,0.41818181818181815,0.6571428571428571,35.0,,,,
p_1403,0.35183627698345943,0.3522222222222222,0.38744129677321615,0.3912406940161355,0.36818930041152265,0.46296296296296297,108.0,0.3333333333333333,0.4,0.2857142857142857,21.0,0.4878048780487805,0.5555555555555556,0.43478260869565216,23.0,0.0,0.0,0.0,23.0,0.5862068965517241,0.4533333333333333,0.8292682926829268,41.0,,,,
p_1404,0.3002056766762649,0.27142333721281087,0.34548611111111105,0.32133705074881547,0.2944228119666716,0.3611111111111111,108.0,0.4307692307692308,0.42424242424242425,0.4375,32.0,0.5882352941176471,0.5263157894736842,0.6666666666666666,30.0,0.0,0.0,0.0,28.0,0.18181818181818182,0.13513513513513514,0.2777777777777778,18.0,,,,
p_1405,0.3652836142156654,0.4025252525252525,0.36565126050420166,0.3799756126070835,0.417583239805462,0.37962962962962965,108.0,0.44776119402985076,0.45454545454545453,0.4411764705882353,34.0,0.36619718309859156,0.28888888888888886,0.5,26.0,0.22857142857142856,0.26666666666666666,0.2,20.0,0.4186046511627907,0.6,0.32142857142857145,28.0,,,,
p_1406,0.23540191681653655,0.3799615877080666,0.2550734202276852,0.2695933236033858,0.3714610897709489,0.3148148148148148,108.0,0.0,0.0,0.0,19.0,0.3076923076923077,1.0,0.18181818181818182,22.0,0.1935483870967742,0.18181818181818182,0.20689655172413793,29.0,0.44036697247706424,0.3380281690140845,0.631578947368421,38.0,,,,
p_1407,0.3127996883241429,0.27718719452590423,0.37498554077501445,0.3157416287061456,0.2748610658556895,0.3888888888888889,108.0,0.25,0.2727272727272727,0.23076923076923078,26.0,0.0,0.0,0.0,28.0,0.5360824742268041,0.41935483870967744,0.7428571428571429,35.0,0.46511627906976744,0.4166666666666667,0.5263157894736842,19.0,,,,
p_1408,0.2936140248640248,0.3020640074211503,0.31026785714285715,0.3268029295807074,0.32405116928926453,0.35185185185185186,108.0,0.4307692307692308,0.42424242424242425,0.4375,32.0,0.4444444444444444,0.3673469387755102,0.5625,32.0,0.20833333333333334,0.25,0.17857142857142858,28.0,0.09090909090909091,0.16666666666666666,0.0625,16.0,,,,
p_1409,0.311041847497304,0.31366408632418485,0.3244670399842814,0.37215018221883206,0.3825018896447468,0.37962962962962965,108.0,0.5172413793103449,0.5172413793103449,0.5172413793103449,29.0,0.2631578947368421,0.20408163265306123,0.37037037037037035,27.0,0.463768115942029,0.5333333333333333,0.41025641025641024,39.0,0.0,0.0,0.0,13.0,,,,
p_1410,0.34950220964298134,0.39217479674796746,0.35802856147683737,0.5271101952540952,0.5281955736224029,0.5833333333333334,108.0,0.5306122448979592,0.65,0.4482758620689655,29.0,0.7007299270072993,0.5853658536585366,0.8727272727272727,55.0,0.16666666666666666,0.3333333333333333,0.1111111111111111,18.0,0.0,0.0,0.0,6.0,,,,
p_1411,0.3985154482400504,0.6041666666666667,0.3788074712643678,0.4499132491788551,0.544973544973545,0.5,108.0,0.42105263157894735,1.0,0.26666666666666666,15.0,0.6212121212121212,0.4880952380952381,0.8541666666666666,48.0,0.27906976744186046,0.42857142857142855,0.20689655172413793,29.0,0.2727272727272727,0.5,0.1875,16.0,,,,
p_1412,0.27436232831916285,0.2348901098901099,0.33401639344262296,0.4548724656638325,0.4010480260480261,0.5277777777777778,108.0,0.0,0.0,0.0,20.0,0.7338129496402878,0.6538461538461539,0.8360655737704918,61.0,0.0,0.0,0.0,15.0,0.36363636363636365,0.2857142857142857,0.5,12.0,,,,
p_1413,0.32256272773550526,0.36519795657726695,0.3209077380952381,0.3335929158380865,0.36280805070715666,0.3425925925925926,108.0,0.22857142857142856,0.26666666666666666,0.2,20.0,0.34375,0.3793103448275862,0.3142857142857143,35.0,0.3953488372093023,0.3148148148148148,0.53125,32.0,0.3225806451612903,0.5,0.23809523809523808,21.0,,,,
p_1414,0.31896551724137934,0.45474481658692184,0.3630994152046783,0.36870026525198935,0.4794361746116132,0.4351851851851852,108.0,0.0,0.0,0.0,18.0,0.5384615384615384,0.42424242424242425,0.7368421052631579,38.0,0.46153846153846156,0.39473684210526316,0.5555555555555556,27.0,0.27586206896551724,1.0,0.16,25.0,,,,
p_1415,0.24787335071023014,0.2396969940094138,0.2680253305253305,0.3064013883556831,0.293426549945324,0.3333333333333333,108.0,0.2127659574468085,0.2631578947368421,0.17857142857142858,28.0,0.41975308641975306,0.3541666666666667,0.5151515151515151,33.0,0.358974358974359,0.34146341463414637,0.3783783783783784,37.0,0.0,0.0,0.0,10.0,,,,
p_1416,0.3620476858345021,0.3600563909774436,0.3788981288981289,0.3801973923432549,0.36007727652464494,0.4166666666666667,108.0,0.0,0.0,0.0,21.0,0.4533333333333333,0.4473684210526316,0.4594594594594595,37.0,0.4731182795698925,0.39285714285714285,0.5945945945945946,37.0,0.5217391304347826,0.6,0.46153846153846156,13.0,,,,
p_1417,0.2887513701132627,0.29868742368742374,0.32770034843205575,0.373170645069622,0.368906299461855,0.4444444444444444,108.0,0.5882352941176471,0.44871794871794873,0.8536585365853658,41.0,0.17391304347826086,0.2222222222222222,0.14285714285714285,14.0,0.39285714285714285,0.5238095238095238,0.3142857142857143,35.0,0.0,0.0,0.0,18.0,,,,
p_1418,0.3556811630190317,0.3809436274509804,0.370695816008316,0.3661229887055029,0.39175744371822807,0.3888888888888889,108.0,0.35714285714285715,0.3333333333333333,0.38461538461538464,13.0,0.27906976744186046,0.35294117647058826,0.23076923076923078,26.0,0.4948453608247423,0.4,0.6486486486486487,37.0,0.2916666666666667,0.4375,0.21875,32.0,,,,
p_1419,0.30068318835063157,0.3943452380952381,0.3277991886409736,0.3018580474899636,0.404376102292769,0.3333333333333333,108.0,0.22727272727272727,0.5,0.14705882352941177,34.0,0.23529411764705882,0.2857142857142857,0.2,20.0,0.4158415841584158,0.2916666666666667,0.7241379310344828,29.0,0.32432432432432434,0.5,0.24,25.0,,,,
p_1420,0.39123059866962306,0.3898657289002558,0.4179837164750958,0.3881727847581506,0.39164377506235987,0.4074074074074074,108.0,0.28,0.3333333333333333,0.2413793103448276,29.0,0.2727272727272727,0.35294117647058826,0.2222222222222222,27.0,0.5,0.4166666666666667,0.625,16.0,0.5121951219512195,0.45652173913043476,0.5833333333333334,36.0,,,,
p_1421,0.4176282289883123,0.4251893939393939,0.42379227053140095,0.47709689515317444,0.4688902918069584,0.5,108.0,0.693069306930693,0.625,0.7777777777777778,45.0,0.2631578947368421,0.3333333333333333,0.21739130434782608,23.0,0.42857142857142855,0.4090909090909091,0.45,20.0,0.2857142857142857,0.3333333333333333,0.25,20.0,,,,
p_1422,0.38186663554310607,0.5763888888888888,0.3688112569691516,0.4735809961844821,0.5439814814814815,0.5462962962962963,108.0,0.47058823529411764,1.0,0.3076923076923077,13.0,0.6944444444444444,0.5555555555555556,0.9259259259259259,54.0,0.21428571428571427,0.5,0.13636363636363635,22.0,0.14814814814814814,0.25,0.10526315789473684,19.0,,,,
p_1423,0.3321733572625427,0.3498234542859289,0.32361013986013987,0.3337098280931832,0.3518640250196857,0.32407407407407407,108.0,0.1724137931034483,0.14705882352941177,0.20833333333333334,24.0,0.41509433962264153,0.4074074074074074,0.4230769230769231,26.0,0.4186046511627907,0.5,0.36,25.0,0.3225806451612903,0.3448275862068966,0.30303030303030304,33.0,,,,
p_1424,0.18786127167630057,0.15186915887850466,0.24621212121212122,0.4592164418754014,0.3712357217030114,0.6018518518518519,108.0,0.0,0.0,0.0,8.0,0.7514450867052023,0.6074766355140186,0.9848484848484849,66.0,0.0,0.0,0.0,23.0,0.0,0.0,0.0,11.0,,,,
p_1425,0.36389866009431227,0.46907894736842104,0.3806754122543596,0.39864310244745027,0.4778508771929824,0.4444444444444444,108.0,0.3783783783783784,0.7,0.25925925925925924,27.0,0.45454545454545453,0.5263157894736842,0.4,25.0,0.5357142857142857,0.4,0.8108108108108109,37.0,0.08695652173913043,0.25,0.05263157894736842,19.0,,,,
p_1426,0.2142857142857143,0.19121863799283154,0.24578488372093021,0.33015873015873015,0.29403955927253417,0.37962962962962965,108.0,0.0,0.0,0.0,15.0,0.45714285714285713,0.3870967741935484,0.5581395348837209,43.0,0.4,0.37777777777777777,0.425,40.0,0.0,0.0,0.0,10.0,,,,
p_1427,0.4226891601764267,0.6067821067821069,0.43876262626262624,0.5424880001676832,0.6628320239431349,0.5833333333333334,108.0,0.3225806451612903,0.5555555555555556,0.22727272727272727,22.0,0.32,1.0,0.19047619047619047,21.0,0.7518796992481203,0.6493506493506493,0.8928571428571429,56.0,0.2962962962962963,0.2222222222222222,0.4444444444444444,9.0,,,,
p_1428,0.5191374529609823,0.6646844530161792,0.48610557152484557,0.5610581119840379,0.61286514200904,0.5740740740740741,108.0,0.45454545454545453,0.5555555555555556,0.38461538461538464,13.0,0.5294117647058824,0.5294117647058824,0.5294117647058824,34.0,0.6481481481481481,0.5737704918032787,0.7446808510638298,47.0,0.4444444444444444,1.0,0.2857142857142857,14.0,,,,
p_1429,0.3941370673952641,0.43952380952380954,0.37703546453546455,0.4735335289752411,0.48289241622574947,0.49074074074074076,108.0,0.4444444444444444,0.5714285714285714,0.36363636363636365,11.0,0.5737704918032787,0.5,0.6730769230769231,52.0,0.43333333333333335,0.52,0.37142857142857144,35.0,0.125,0.16666666666666666,0.1,10.0,,,,
p_1430,0.4307251705029838,0.474812382739212,0.4267215294333394,0.4533160264911118,0.47608748523382666,0.46296296296296297,108.0,0.3125,0.38461538461538464,0.2631578947368421,19.0,0.4,0.6,0.3,20.0,0.5176470588235295,0.5,0.5365853658536586,41.0,0.4927536231884058,0.4146341463414634,0.6071428571428571,28.0,,,,
p_1431,0.3713355354053474,0.3821759259259259,0.3714069264069264,0.3704479519732363,0.38154149519890257,0.37037037037037035,108.0,0.30434782608695654,0.3333333333333333,0.28,25.0,0.3561643835616438,0.325,0.3939393939393939,33.0,0.40816326530612246,0.37037037037037035,0.45454545454545453,22.0,0.4166666666666667,0.5,0.35714285714285715,28.0,,,,
p_1432,0.3124494343426125,0.35367063492063494,0.32883179622310055,0.424464512513164,0.43998015873015867,0.4722222222222222,108.0,0.25806451612903225,0.5,0.17391304347826086,23.0,0.5982905982905983,0.4861111111111111,0.7777777777777778,45.0,0.39344262295081966,0.42857142857142855,0.36363636363636365,33.0,0.0,0.0,0.0,7.0,,,,
p_1433,0.4428107026756689,0.5782388663967611,0.4158700209643606,0.51799639724746,0.5520130454340981,0.5555555555555556,108.0,0.25806451612903225,0.3076923076923077,0.2222222222222222,18.0,0.3,0.4,0.24,25.0,0.7131782945736435,0.6052631578947368,0.8679245283018868,53.0,0.5,1.0,0.3333333333333333,12.0,,,,
p_1434,0.39516349066205597,0.4094669117647059,0.424627616747182,0.37955798445197464,0.4078159041394336,0.3888888888888889,108.0,0.5490196078431373,0.5,0.6086956521739131,23.0,0.3055555555555556,0.34375,0.275,40.0,0.38461538461538464,0.29411764705882354,0.5555555555555556,18.0,0.34146341463414637,0.5,0.25925925925925924,27.0,,,,
p_1435,0.47577806122448985,0.509006734006734,0.4734848484848485,0.4882355442176871,0.5030614789874049,0.5,108.0,0.5,0.6,0.42857142857142855,21.0,0.5306122448979592,0.48148148148148145,0.5909090909090909,44.0,0.56,0.5,0.6363636363636364,22.0,0.3125,0.45454545454545453,0.23809523809523808,21.0,,,,
p_1436,0.44348739495798317,0.4405040792540793,0.45774529569892475,0.43092125739184567,0.43533745575412247,0.4351851851851852,108.0,0.5882352941176471,0.625,0.5555555555555556,27.0,0.4,0.3939393939393939,0.40625,32.0,0.5,0.4230769230769231,0.6111111111111112,18.0,0.2857142857142857,0.32,0.25806451612903225,31.0,,,,
p_1437,0.36669551324723737,0.3464252429769671,0.39219239811912227,0.42324467324467324,0.399006149006149,0.4537037037037037,108.0,0.42857142857142855,0.40540540540540543,0.45454545454545453,33.0,0.4864864864864865,0.42857142857142855,0.5625,32.0,0.5517241379310345,0.5517241379310345,0.5517241379310345,29.0,0.0,0.0,0.0,14.0,,,,
p_1438,0.43887734305191606,0.4791189931350115,0.43563988095238093,0.45800476038019083,0.47585600474616496,0.4722222222222222,108.0,0.3225806451612903,0.5,0.23809523809523808,21.0,0.5925925925925926,0.5217391304347826,0.6857142857142857,35.0,0.42857142857142855,0.39473684210526316,0.46875,32.0,0.4117647058823529,0.5,0.35,20.0,,,,
p_1439,0.36346354663762226,0.4224132472137791,0.41065124489037524,0.39639363085561674,0.43485567000637915,0.4537037037037037,108.0,0.5135135135135135,0.3958333333333333,0.7307692307692307,26.0,0.6024096385542169,0.5319148936170213,0.6944444444444444,36.0,0.13793103448275862,0.3333333333333333,0.08695652173913043,23.0,0.2,0.42857142857142855,0.13043478260869565,23.0,,,,
p_1440,0.26107382550335567,0.24744897959183673,0.31862745098039214,0.3598061148396719,0.30073696145124723,0.49074074074074076,108.0,0.4,0.5,0.3333333333333333,15.0,0.0,0.0,0.0,31.0,0.6442953020134228,0.4897959183673469,0.9411764705882353,51.0,0.0,0.0,0.0,11.0,,,,
p_1441,0.31187922763836895,0.31983294483294483,0.3123759305210918,0.3746893532094609,0.3875305764194653,0.37037037037037035,108.0,0.30434782608695654,0.2692307692307692,0.35,20.0,0.37735849056603776,0.45454545454545453,0.3225806451612903,31.0,0.4943820224719101,0.4888888888888889,0.5,44.0,0.07142857142857142,0.06666666666666667,0.07692307692307693,13.0,,,,
p_1442,0.4099197860962567,0.3984636287625418,0.4311917701863354,0.5237551990493167,0.5104882788306702,0.5462962962962963,108.0,0.509090909090909,0.4375,0.6086956521739131,23.0,0.47058823529411764,0.5217391304347826,0.42857142857142855,28.0,0.66,0.6346153846153846,0.6875,48.0,0.0,0.0,0.0,9.0,,,,
p_1443,0.36243446836667176,0.3962462462462462,0.3922973578145992,0.48144142259019845,0.49655766877989094,0.5462962962962963,108.0,0.5555555555555556,0.6,0.5172413793103449,29.0,0.21621621621621623,0.4444444444444444,0.14285714285714285,28.0,0.6779661016949152,0.5405405405405406,0.9090909090909091,44.0,0.0,0.0,0.0,7.0,,,,
p_1444,0.30830569043154976,0.3074933862433863,0.3235426603073662,0.3831211225006395,0.3778818832059572,0.4074074074074074,108.0,0.509090909090909,0.56,0.4666666666666667,30.0,0.22950819672131148,0.25925925925925924,0.20588235294117646,34.0,0.4946236559139785,0.4107142857142857,0.6216216216216216,37.0,0.0,0.0,0.0,7.0,,,,
p_1445,0.22465675057208237,0.19551724137931034,0.2668918918918919,0.3289982201881515,0.28737547892720305,0.3888888888888889,108.0,0.0,0.0,0.0,19.0,0.45652173913043476,0.42,0.5,42.0,0.4421052631578947,0.3620689655172414,0.5675675675675675,37.0,0.0,0.0,0.0,10.0,,,,
p_1446,0.2851190476190476,0.25139353400222963,0.33656330749354,0.41951058201058194,0.36712911350592503,0.5,108.0,0.0,0.0,0.0,20.0,0.6071428571428571,0.4927536231884058,0.7906976744186046,43.0,0.5333333333333333,0.5128205128205128,0.5555555555555556,36.0,0.0,0.0,0.0,9.0,,,,
p_1447,0.40877677086515296,0.5649290966386554,0.4039617853410957,0.4152761467301738,0.5278255978317253,0.42592592592592593,108.0,0.32,1.0,0.19047619047619047,21.0,0.36065573770491804,0.34375,0.3793103448275862,29.0,0.4782608695652174,0.5238095238095238,0.44,25.0,0.47619047619047616,0.39215686274509803,0.6060606060606061,33.0,,,,
p_1448,0.28983454802942904,0.3786324786324786,0.3354871579219771,0.36294466896173233,0.43436213991769546,0.4537037037037037,108.0,0.46153846153846156,0.6923076923076923,0.34615384615384615,26.0,0.5801526717557252,0.4222222222222222,0.926829268292683,41.0,0.11764705882352941,0.4,0.06896551724137931,29.0,0.0,0.0,0.0,12.0,,,,
p_1449,0.3354229104229104,0.3707609594706369,0.32627095127095124,0.35053280053280056,0.36781239469411514,0.3611111111111111,108.0,0.2727272727272727,0.3333333333333333,0.23076923076923078,26.0,0.4230769230769231,0.3548387096774194,0.5238095238095238,42.0,0.30303030303030304,0.3333333333333333,0.2777777777777778,18.0,0.34285714285714286,0.46153846153846156,0.2727272727272727,22.0,,,,
p_1450,0.3051255783212161,0.3075545560553057,0.34056735728647614,0.3822901520158624,0.39489668745873974,0.4166666666666667,108.0,0.4411764705882353,0.5555555555555556,0.36585365853658536,41.0,0.5393258426966292,0.41379310344827586,0.7741935483870968,31.0,0.24,0.2608695652173913,0.2222222222222222,27.0,0.0,0.0,0.0,9.0,,,,
p_1451,0.40682360464942335,0.4729901960784314,0.4019094847241222,0.4611069072048997,0.4889451706608569,0.48148148148148145,108.0,0.25,0.23529411764705882,0.26666666666666666,15.0,0.6407766990291263,0.55,0.7674418604651163,43.0,0.3728813559322034,0.44,0.3235294117647059,34.0,0.36363636363636365,0.6666666666666666,0.25,16.0,,,,
p_1452,0.4128941234204392,0.4337983026363308,0.44789803220035773,0.4800490282946423,0.4810467744740045,0.5462962962962963,108.0,0.6842105263157895,0.5492957746478874,0.9069767441860465,43.0,0.45454545454545453,0.4166666666666667,0.5,20.0,0.5128205128205128,0.7692307692307693,0.38461538461538464,26.0,0.0,0.0,0.0,19.0,,,,
p_1453,0.33345717234262123,0.35545370667522463,0.33210270911883816,0.3347014868325498,0.35744871154851904,0.3333333333333333,108.0,0.43333333333333335,0.40625,0.4642857142857143,28.0,0.3157894736842105,0.375,0.2727272727272727,22.0,0.32,0.42105263157894735,0.25806451612903225,31.0,0.2647058823529412,0.21951219512195122,0.3333333333333333,27.0,,,,
p_1454,0.3147383830621727,0.44264069264069267,0.34093915343915343,0.34281921006138716,0.44733044733044736,0.39814814814814814,108.0,0.5309734513274337,0.38961038961038963,0.8333333333333334,36.0,0.14814814814814814,0.3333333333333333,0.09523809523809523,21.0,0.29411764705882354,0.7142857142857143,0.18518518518518517,27.0,0.2857142857142857,0.3333333333333333,0.25,24.0,,,,
p_1455,0.4329275306536421,0.5132928475033738,0.437561920793989,0.4449024026182943,0.5146473734193032,0.4722222222222222,108.0,0.5631067961165048,0.4461538461538462,0.7631578947368421,38.0,0.42857142857142855,0.47368421052631576,0.391304347826087,23.0,0.42424242424242425,0.4666666666666667,0.3888888888888889,18.0,0.3157894736842105,0.6666666666666666,0.20689655172413793,29.0,,,,
p_1456,0.259712063160339,0.4292397660818713,0.29726053639846745,0.38991447037424043,0.5346003898635477,0.49074074074074076,108.0,0.24242424242424243,1.0,0.13793103448275862,29.0,0.6482758620689655,0.49473684210526314,0.94,50.0,0.0,0.0,0.0,11.0,0.14814814814814814,0.2222222222222222,0.1111111111111111,18.0,,,,
p_1457,0.3494255779087201,0.3940590659340659,0.3679812834224599,0.4637138794943613,0.4848137973137973,0.5,108.0,0.5869565217391305,0.5625,0.6136363636363636,44.0,0.5348837209302325,0.4423076923076923,0.6764705882352942,34.0,0.27586206896551724,0.5714285714285714,0.18181818181818182,22.0,0.0,0.0,0.0,8.0,,,,
p_1458,0.35138321995464855,0.42719298245614035,0.33702482970775655,0.3591786344167297,0.38726445743989607,0.37037037037037035,108.0,0.3466666666666667,0.34210526315789475,0.35135135135135137,37.0,0.3877551020408163,0.3333333333333333,0.4634146341463415,41.0,0.1111111111111111,0.3333333333333333,0.06666666666666667,15.0,0.56,0.7,0.4666666666666667,15.0,,,,
p_1459,0.35204315886134074,0.4744047619047619,0.378295978905735,0.3890546882971126,0.5192460317460318,0.4537037037037037,108.0,0.22727272727272727,0.7142857142857143,0.13513513513513514,37.0,0.2222222222222222,0.3333333333333333,0.16666666666666666,12.0,0.5950413223140496,0.45,0.8780487804878049,41.0,0.36363636363636365,0.4,0.3333333333333333,18.0,,,,
p_1460,0.4643785068686255,0.5530159216166565,0.4646310068649886,0.5451763505123188,0.572130933750652,0.5925925925925926,108.0,0.743801652892562,0.6338028169014085,0.9,50.0,0.4782608695652174,0.4782608695652174,0.4782608695652174,23.0,0.17391304347826086,0.5,0.10526315789473684,19.0,0.46153846153846156,0.6,0.375,16.0,,,,
p_1461,0.32671252105558674,0.3006024096385542,0.37037037037037035,0.5091942728804043,0.4512048192771085,0.6018518518518519,108.0,0.7299270072992701,0.6024096385542169,0.9259259259259259,54.0,0.5769230769230769,0.6,0.5555555555555556,27.0,0.0,0.0,0.0,19.0,0.0,0.0,0.0,8.0,,,,
p_1462,0.21489952406134322,0.1883457005674378,0.2647569444444444,0.3226467477525119,0.2765531791066492,0.4074074074074074,108.0,0.29508196721311475,0.3103448275862069,0.28125,32.0,0.5645161290322581,0.4430379746835443,0.7777777777777778,45.0,0.0,0.0,0.0,21.0,0.0,0.0,0.0,10.0,,,,
p_1463,0.37246376811594206,0.49307116104868914,0.37695254054701055,0.43757380568974774,0.4652032181994729,0.5185185185185185,108.0,0.6521739130434783,0.5056179775280899,0.9183673469387755,49.0,0.0,0.0,0.0,17.0,0.30434782608695654,0.4666666666666667,0.22580645161290322,31.0,0.5333333333333333,1.0,0.36363636363636365,11.0,,,,
p_1464,0.3578877005347594,0.35095785440613025,0.36765922249793215,0.47131610219845516,0.4564495530012771,0.49074074074074076,108.0,0.39215686274509803,0.4,0.38461538461538464,26.0,0.43333333333333335,0.4482758620689655,0.41935483870967744,31.0,0.6060606060606061,0.5555555555555556,0.6666666666666666,45.0,0.0,0.0,0.0,6.0,,,,
p_1465,0.3351411486580448,0.38611111111111107,0.3396904024767802,0.3532811075572861,0.39362139917695466,0.37037037037037035,108.0,0.23529411764705882,0.4444444444444444,0.16,25.0,0.23529411764705882,0.26666666666666666,0.21052631578947367,19.0,0.425531914893617,0.3333333333333333,0.5882352941176471,34.0,0.4444444444444444,0.5,0.4,30.0,,,,
p_1466,0.33978830098191937,0.36646341463414633,0.3493031358885017,0.42236041504196503,0.42504516711833784,0.4537037037037037,108.0,0.39473684210526316,0.36585365853658536,0.42857142857142855,35.0,0.5773195876288659,0.5,0.6829268292682927,41.0,0.0,0.0,0.0,11.0,0.3870967741935484,0.6,0.2857142857142857,21.0,,,,
p_1467,0.3042328042328042,0.30615075237500866,0.3199091698390436,0.3630707427003724,0.3526435214078234,0.39814814814814814,108.0,0.25925925925925924,0.30434782608695654,0.22580645161290322,31.0,0.48148148148148145,0.3939393939393939,0.6190476190476191,42.0,0.47619047619047616,0.5263157894736842,0.43478260869565216,23.0,0.0,0.0,0.0,12.0,,,,
p_1468,0.3231856219661098,0.3683641975308642,0.3424090038314176,0.41276541886297985,0.4355452674897119,0.4722222222222222,108.0,0.0,0.0,0.0,10.0,0.5873015873015873,0.4567901234567901,0.8222222222222222,45.0,0.46153846153846156,0.6,0.375,24.0,0.24390243902439024,0.4166666666666667,0.1724137931034483,29.0,,,,
p_1469,0.5266431314793959,0.6724153297682709,0.5042226292226293,0.5526493529828884,0.6195088136264607,0.5648148148148148,108.0,0.6597938144329897,0.5818181818181818,0.7619047619047619,42.0,0.5,0.4411764705882353,0.5769230769230769,26.0,0.47619047619047616,0.6666666666666666,0.37037037037037035,27.0,0.47058823529411764,1.0,0.3076923076923077,13.0,,,,
p_1470,0.22418411178038905,0.21622371686038921,0.2421100404971373,0.28212122708271614,0.2641107870309907,0.3148148148148148,108.0,0.24390243902439024,0.2631578947368421,0.22727272727272727,22.0,0.4423076923076923,0.3709677419354839,0.5476190476190477,42.0,0.21052631578947367,0.23076923076923078,0.1935483870967742,31.0,0.0,0.0,0.0,13.0,,,,
p_1471,0.2732037582903464,0.3040536467751658,0.30778044871794874,0.3351671033598079,0.3555466255888197,0.39814814814814814,108.0,0.5254237288135594,0.3924050632911392,0.7948717948717948,39.0,0.35,0.4666666666666667,0.28,25.0,0.21739130434782608,0.35714285714285715,0.15625,32.0,0.0,0.0,0.0,12.0,,,,
p_1472,0.32574310934966677,0.3086021505376344,0.35714285714285715,0.4091488353783436,0.37554759060135406,0.46296296296296297,108.0,0.22857142857142856,0.26666666666666666,0.2,20.0,0.45901639344262296,0.45161290322580644,0.4666666666666667,30.0,0.6153846153846154,0.5161290322580645,0.7619047619047619,42.0,0.0,0.0,0.0,16.0,,,,
p_1473,0.26748768472906403,0.2596178714599767,0.28603603603603606,0.330797299762817,0.3277446106393474,0.3425925925925926,108.0,0.42857142857142855,0.45454545454545453,0.40540540540540543,37.0,0.2413793103448276,0.1891891891891892,0.3333333333333333,21.0,0.4,0.39473684210526316,0.40540540540540543,37.0,0.0,0.0,0.0,13.0,,,,
p_1474,0.26106965174129354,0.2504520795660036,0.30988117573483426,0.3875944352312512,0.36973411024043934,0.46296296296296297,108.0,0.47761194029850745,0.5714285714285714,0.41025641025641024,39.0,0.5666666666666667,0.43037974683544306,0.8292682926829268,41.0,0.0,0.0,0.0,15.0,0.0,0.0,0.0,13.0,,,,
p_1475,0.3550230716979364,0.47381275440976933,0.32503881987577643,0.3110246193538536,0.3527865721895573,0.32407407407407407,108.0,0.3157894736842105,0.4,0.2608695652173913,23.0,0.14035087719298245,0.18181818181818182,0.11428571428571428,35.0,0.3925233644859813,0.31343283582089554,0.525,40.0,0.5714285714285714,1.0,0.4,10.0,,,,
p_1476,0.34187032777458304,0.3789555352055352,0.3670535714285714,0.3437645091900411,0.38648457166975686,0.37037037037037035,108.0,0.5,0.48148148148148145,0.52,25.0,0.45,0.375,0.5625,32.0,0.16216216216216217,0.42857142857142855,0.1,30.0,0.2553191489361702,0.23076923076923078,0.2857142857142857,21.0,,,,
p_1477,0.2459782680712913,0.2705938697318008,0.30064807868633825,0.3435886393250734,0.34967007237122183,0.4444444444444444,108.0,0.07407407407407407,0.1111111111111111,0.05555555555555555,18.0,0.6307692307692307,0.47126436781609193,0.9534883720930233,43.0,0.0,0.0,0.0,16.0,0.27906976744186046,0.5,0.1935483870967742,31.0,,,,
p_1478,0.38839793985752746,0.3882787623159895,0.3953634085213032,0.4408418436677322,0.4322066406469488,0.4537037037037037,108.0,0.46511627906976744,0.45454545454545453,0.47619047619047616,21.0,0.410958904109589,0.39473684210526316,0.42857142857142855,35.0,0.5822784810126582,0.5609756097560976,0.6052631578947368,38.0,0.09523809523809523,0.14285714285714285,0.07142857142857142,14.0,,,,
p_1479,0.3795782463928968,0.36654647435897436,0.40712893344472295,0.44076540469437253,0.41189755460588784,0.49074074074074076,108.0,0.7169811320754716,0.7307692307692307,0.7037037037037037,27.0,0.5660377358490566,0.46875,0.7142857142857143,42.0,0.23529411764705882,0.26666666666666666,0.21052631578947367,19.0,0.0,0.0,0.0,20.0,,,,
p_1480,0.4689431747190044,0.4672883064516129,0.4766483516483517,0.47398427070087884,0.47244250298685775,0.48148148148148145,108.0,0.5660377358490566,0.6,0.5357142857142857,28.0,0.21739130434782608,0.25,0.19230769230769232,26.0,0.4482758620689655,0.40625,0.5,26.0,0.6440677966101694,0.6129032258064516,0.6785714285714286,28.0,,,,
p_1481,0.47337453790293543,0.6131993006993007,0.4369859307359307,0.4722955593476215,0.5135327635327636,0.48148148148148145,108.0,0.5681818181818182,0.5681818181818182,0.5681818181818182,44.0,0.29411764705882354,0.5,0.20833333333333334,24.0,0.45977011494252873,0.38461538461538464,0.5714285714285714,35.0,0.5714285714285714,1.0,0.4,5.0,,,,
p_1482,0.3,0.2866265060240964,0.325,0.5353535353535354,0.4925033467202142,0.6018518518518519,108.0,0.7272727272727273,0.6265060240963856,0.8666666666666667,60.0,0.4727272727272727,0.52,0.43333333333333335,30.0,0.0,0.0,0.0,11.0,0.0,0.0,0.0,7.0,,,,
p_1483,0.33907894736842104,0.33040283808933,0.3919159544159544,0.38253898635477585,0.36368296801764544,0.4537037037037037,108.0,0.5263157894736842,0.4838709677419355,0.5769230769230769,26.0,0.25,0.38461538461538464,0.18518518518518517,27.0,0.0,0.0,0.0,19.0,0.58,0.453125,0.8055555555555556,36.0,,,,
p_1484,0.30221277523435797,0.44026217228464415,0.36559386973180075,0.3859720304564429,0.5196213066999584,0.48148148148148145,108.0,0.6330935251798561,0.4943820224719101,0.88,50.0,0.24242424242424243,1.0,0.13793103448275862,29.0,0.0,0.0,0.0,20.0,0.3333333333333333,0.26666666666666666,0.4444444444444444,9.0,,,,
p_1485,0.30816683316683313,0.31211915535444945,0.34690987839413623,0.29609372109372106,0.30312580302776376,0.3333333333333333,108.0,0.5,0.48,0.5217391304347826,23.0,0.05714285714285714,0.16666666666666666,0.034482758620689655,29.0,0.38461538461538464,0.29411764705882354,0.5555555555555556,27.0,0.2909090909090909,0.3076923076923077,0.27586206896551724,29.0,,,,
p_1486,0.3933268789443488,0.4038600891861761,0.39641608391608396,0.44162748879114344,0.4420996944547668,0.4537037037037037,108.0,0.4578313253012048,0.48717948717948717,0.4318181818181818,44.0,0.19047619047619047,0.25,0.15384615384615385,13.0,0.55,0.4782608695652174,0.6470588235294118,34.0,0.375,0.4,0.35294117647058826,17.0,,,,
p_1487,0.4043500898009094,0.4107809847198642,0.4308827624617098,0.4363366217874415,0.43658743633276736,0.46296296296296297,108.0,0.5573770491803278,0.5,0.6296296296296297,27.0,0.5151515151515151,0.5483870967741935,0.4857142857142857,35.0,0.46153846153846156,0.39473684210526316,0.5555555555555556,27.0,0.08333333333333333,0.2,0.05263157894736842,19.0,,,,
p_1488,0.39571464306134113,0.46820633729861033,0.4034821955538068,0.41315781164444687,0.47580810546551977,0.42592592592592593,108.0,0.3125,0.7142857142857143,0.2,25.0,0.33962264150943394,0.3333333333333333,0.34615384615384615,26.0,0.5974025974025974,0.5348837209302325,0.6764705882352942,34.0,0.3333333333333333,0.2903225806451613,0.391304347826087,23.0,,,,
p_1489,0.430340460705875,0.42460317460317465,0.4390681003584229,0.45581912797558705,0.45170487948265725,0.46296296296296297,108.0,0.18181818181818182,0.2,0.16666666666666666,18.0,0.45977011494252873,0.47619047619047616,0.4444444444444444,45.0,0.5970149253731343,0.5555555555555556,0.6451612903225806,31.0,0.4827586206896552,0.4666666666666667,0.5,14.0,,,,
p_1490,0.3869104430128052,0.411072261072261,0.40969387755102044,0.48387675235881705,0.4727877061210394,0.5555555555555556,108.0,0.7244094488188977,0.5897435897435898,0.9387755102040817,49.0,0.0,0.0,0.0,16.0,0.2777777777777778,0.45454545454545453,0.2,25.0,0.5454545454545454,0.6,0.5,18.0,,,,
p_1491,0.24356851924845618,0.2283522012578616,0.2712643678160919,0.345962471471603,0.32195783834148617,0.3888888888888889,108.0,0.5116279069767442,0.41509433962264153,0.6666666666666666,33.0,0.3728813559322034,0.36666666666666664,0.3793103448275862,29.0,0.3333333333333333,0.36,0.3103448275862069,29.0,0.0,0.0,0.0,16.0,0.0,0.0,0.0,1.0
p_1492,0.2610017175806649,0.38827838827838823,0.2752607808857809,0.33242410610831663,0.40074277574277567,0.39814814814814814,108.0,0.5606060606060606,0.44047619047619047,0.7708333333333334,48.0,0.23076923076923078,0.75,0.13636363636363635,22.0,0.05263157894736842,0.07692307692307693,0.04,25.0,0.2,0.2857142857142857,0.15384615384615385,13.0,,,,
p_1493,0.2684407096171802,0.2555244819365487,0.2909688013136289,0.31031918940415676,0.2981921266581087,0.3333333333333333,108.0,0.2857142857142857,0.24390243902439024,0.3448275862068966,29.0,0.47058823529411764,0.42105263157894735,0.5333333333333333,30.0,0.31746031746031744,0.35714285714285715,0.2857142857142857,35.0,0.0,0.0,0.0,14.0,,,,
p_1494,0.3110610610610611,0.3004570158102767,0.3459821428571429,0.36315945575204833,0.3442715195432587,0.4166666666666667,108.0,0.0,0.0,0.0,20.0,0.5405405405405406,0.43478260869565216,0.7142857142857143,42.0,0.37037037037037035,0.45454545454545453,0.3125,32.0,0.3333333333333333,0.3125,0.35714285714285715,14.0,,,,
p_1495,0.37053697314906237,0.5056382913525771,0.371954936681103,0.3780228168040547,0.4522266030202538,0.39814814814814814,108.0,0.5116279069767442,0.4489795918367347,0.5945945945945946,37.0,0.1702127659574468,0.2222222222222222,0.13793103448275862,29.0,0.38095238095238093,1.0,0.23529411764705882,17.0,0.41935483870967744,0.35135135135135137,0.52,25.0,,,,
p_1496,0.39292943679783154,0.40025252525252525,0.42051282051282046,0.4245184120557998,0.41591844369622144,0.46296296296296297,108.0,0.6101694915254238,0.5454545454545454,0.6923076923076923,52.0,0.45454545454545453,0.5555555555555556,0.38461538461538464,13.0,0.09523809523809523,0.16666666666666666,0.06666666666666667,30.0,0.4117647058823529,0.3333333333333333,0.5384615384615384,13.0,,,,
p_1497,0.40955410504282685,0.5144841269841269,0.43997493734335835,0.4686002756178195,0.4970164609053498,0.5370370370370371,108.0,0.5641025641025641,0.55,0.5789473684210527,38.0,0.6530612244897959,0.5079365079365079,0.9142857142857143,35.0,0.42105263157894735,1.0,0.26666666666666666,15.0,0.0,0.0,0.0,20.0,,,,
p_1498,0.33978969642409673,0.3395622895622895,0.36603719716126926,0.39339060635778006,0.37530240678388826,0.4444444444444444,108.0,0.5607476635514018,0.45454545454545453,0.7317073170731707,41.0,0.42105263157894735,0.5333333333333333,0.34782608695652173,23.0,0.37735849056603776,0.37037037037037035,0.38461538461538464,26.0,0.0,0.0,0.0,18.0,,,,
p_1499,0.4006689320706378,0.4780020703933747,0.3983585858585859,0.46544421821054544,0.5036136032512845,0.5,108.0,0.6194690265486725,0.5072463768115942,0.7954545454545454,44.0,0.4406779661016949,0.5,0.3939393939393939,33.0,0.26666666666666666,0.3333333333333333,0.2222222222222222,9.0,0.27586206896551724,0.5714285714285714,0.18181818181818182,22.0,,,,
p_1500,0.22865853658536583,0.20326492537313434,0.2768661518661519,0.33254290876242093,0.29822415699281374,0.39814814814814814,108.0,0.5,0.3880597014925373,0.7027027027027027,37.0,0.4146341463414634,0.425,0.40476190476190477,42.0,0.0,0.0,0.0,11.0,0.0,0.0,0.0,18.0,,,,
p_1501,0.3276304635120366,0.42303030303030303,0.3256779233122457,0.38038663027615743,0.4162794612794613,0.39814814814814814,108.0,0.2564102564102564,0.4166666666666667,0.18518518518518517,27.0,0.5161290322580645,0.48,0.5581395348837209,43.0,0.18181818181818182,0.5,0.1111111111111111,9.0,0.3561643835616438,0.29545454545454547,0.4482758620689655,29.0,,,,
p_1502,0.3255557872240611,0.3168466898954704,0.35561342592592593,0.37984368167589,0.3767144147631953,0.4074074074074074,108.0,0.40540540540540543,0.35714285714285715,0.46875,32.0,0.4262295081967213,0.52,0.3611111111111111,36.0,0.0,0.0,0.0,13.0,0.47058823529411764,0.3902439024390244,0.5925925925925926,27.0,,,,
p_1503,0.37146880924438025,0.492775325767129,0.37374941561477326,0.39028363743358774,0.46154916475954727,0.4166666666666667,108.0,0.52,0.4262295081967213,0.6666666666666666,39.0,0.37735849056603776,0.3333333333333333,0.43478260869565216,23.0,0.3157894736842105,0.75,0.2,15.0,0.2727272727272727,0.46153846153846156,0.1935483870967742,31.0,,,,
p_1504,0.34478454843475853,0.35005411255411256,0.34614597942964004,0.35293118315702354,0.3609327400994068,0.35185185185185186,108.0,0.38461538461538464,0.45454545454545453,0.3333333333333333,30.0,0.4375,0.42424242424242425,0.45161290322580644,31.0,0.20408163265306123,0.2,0.20833333333333334,24.0,0.35294117647058826,0.32142857142857145,0.391304347826087,23.0,,,,
p_1505,0.30897029295365486,0.4184134322292217,0.3017036124794745,0.3094115538478423,0.3920532374479743,0.3055555555555556,108.0,0.32,0.8,0.2,20.0,0.32786885245901637,0.2702702702702703,0.4166666666666667,24.0,0.23880597014925373,0.21052631578947367,0.27586206896551724,29.0,0.3492063492063492,0.39285714285714285,0.3142857142857143,35.0,,,,
p_1506,0.37651708934300915,0.4245462140198982,0.3939749883122955,0.37589404742883736,0.4322752729185478,0.3888888888888889,108.0,0.410958904109589,0.35714285714285715,0.4838709677419355,31.0,0.4745762711864407,0.3888888888888889,0.6086956521739131,23.0,0.34146341463414637,0.6363636363636364,0.23333333333333334,30.0,0.27906976744186046,0.3157894736842105,0.25,24.0,,,,
p_1507,0.32941553606183893,0.3325757575757576,0.3316813905049199,0.3507667574436523,0.3550224466891133,0.35185185185185186,108.0,0.2553191489361702,0.3,0.2222222222222222,27.0,0.5373134328358209,0.5454545454545454,0.5294117647058824,34.0,0.3389830508474576,0.30303030303030304,0.38461538461538464,26.0,0.18604651162790697,0.18181818181818182,0.19047619047619047,21.0,,,,
p_1508,0.4851138716356107,0.4845673076923077,0.49037712524554633,0.5313143163867802,0.5399465811965812,0.5277777777777778,108.0,0.6285714285714286,0.6875,0.5789473684210527,38.0,0.5652173913043478,0.52,0.6190476190476191,21.0,0.24,0.23076923076923078,0.25,12.0,0.5066666666666667,0.5,0.5135135135135135,37.0,,,,
p_1509,0.3161329877900303,0.32954545454545453,0.32958675461031095,0.3929334333115598,0.41498316498316495,0.4074074074074074,108.0,0.5168539325842697,0.41818181818181815,0.6764705882352942,34.0,0.35294117647058826,0.4,0.3157894736842105,19.0,0.39473684210526316,0.5,0.32608695652173914,46.0,0.0,0.0,0.0,9.0,,,,
p_1510,0.30185068127546,0.3548160173160173,0.33732721956406164,0.30824358914329414,0.3294151835818503,0.37962962962962965,108.0,0.21428571428571427,0.3333333333333333,0.15789473684210525,19.0,0.044444444444444446,0.08333333333333333,0.030303030303030304,33.0,0.4,0.6,0.3,20.0,0.5486725663716814,0.4025974025974026,0.8611111111111112,36.0,,,,
p_1511,0.23661387631975866,0.20707472178060413,0.2874487004103967,0.34496676163342826,0.29792292292292294,0.42592592592592593,108.0,0.38235294117647056,0.38235294117647056,0.38235294117647056,34.0,0.0,0.0,0.0,14.0,0.5641025641025641,0.44594594594594594,0.7674418604651163,43.0,0.0,0.0,0.0,17.0,,,,
p_1512,0.2926691729323308,0.29857142857142854,0.2913207621758381,0.323925554627309,0.3291358024691358,0.32407407407407407,108.0,0.42857142857142855,0.48,0.3870967741935484,31.0,0.34210526315789475,0.30952380952380953,0.38235294117647056,34.0,0.06666666666666667,0.07142857142857142,0.0625,16.0,0.3333333333333333,0.3333333333333333,0.3333333333333333,27.0,,,,
p_1513,0.3443085943085943,0.33052884615384615,0.3911631846414455,0.4047883862698678,0.36027421652421654,0.5,108.0,0.0,0.0,0.0,26.0,0.32432432432432434,0.4,0.2727272727272727,22.0,0.37037037037037035,0.38461538461538464,0.35714285714285715,14.0,0.6825396825396826,0.5375,0.9347826086956522,46.0,,,,
p_1514,0.27747863247863247,0.25907681799075244,0.31209841230361063,0.3789268755935422,0.342150354957732,0.4351851851851852,108.0,0.4722222222222222,0.4358974358974359,0.5151515151515151,33.0,0.5576923076923077,0.47540983606557374,0.6744186046511628,43.0,0.08,0.125,0.058823529411764705,17.0,0.0,0.0,0.0,15.0,,,,
p_1515,0.3103424609008307,0.2844202898550725,0.352706830153601,0.3844986988263525,0.3471551261406334,0.4444444444444444,108.0,0.0,0.0,0.0,19.0,0.2692307692307692,0.30434782608695654,0.2413793103448276,29.0,0.27906976744186046,0.25,0.3157894736842105,19.0,0.693069306930693,0.5833333333333334,0.8536585365853658,41.0,,,,
p_1516,0.3770222045995242,0.3700292397660818,0.40283251231527095,0.4267138073839104,0.40302685726662335,0.4722222222222222,108.0,0.4307692307692308,0.3888888888888889,0.4827586206896552,29.0,0.5773195876288659,0.49122807017543857,0.7,40.0,0.5,0.6,0.42857142857142855,21.0,0.0,0.0,0.0,18.0,,,,
p_1517,0.365744425825071,0.44101412835249043,0.40312499999999996,0.43399190746861,0.4962696892294594,0.4537037037037037,108.0,0.35555555555555557,0.27586206896551724,0.5,16.0,0.39285714285714285,0.34375,0.4583333333333333,24.0,0.09090909090909091,0.5,0.05,20.0,0.6236559139784946,0.6444444444444445,0.6041666666666666,48.0,,,,
p_1518,0.3833333333333333,0.5253872633390706,0.39948979591836736,0.48271604938271606,0.552686938229107,0.5555555555555556,108.0,0.5333333333333333,0.5714285714285714,0.5,24.0,0.6666666666666666,0.5301204819277109,0.8979591836734694,49.0,0.3333333333333333,1.0,0.2,20.0,0.0,0.0,0.0,15.0,,,,
p_1519,0.3072682337742579,0.30641343176946895,0.3252403846153846,0.31905191342942346,0.31490654741428736,0.3425925925925926,108.0,0.05128205128205128,0.07692307692307693,0.038461538461538464,26.0,0.3076923076923077,0.3157894736842105,0.3,20.0,0.43636363636363634,0.48,0.4,30.0,0.43373493975903615,0.35294117647058826,0.5625,32.0,,,,
p_1520,0.2696943092026498,0.3591269841269841,0.3333333333333333,0.3214143187804294,0.41688712522045857,0.39814814814814814,108.0,0.44776119402985076,0.35714285714285715,0.6,25.0,0.5098039215686274,0.4126984126984127,0.6666666666666666,39.0,0.12121212121212122,0.6666666666666666,0.06666666666666667,30.0,0.0,0.0,0.0,14.0,,,,
p_1521,0.43015943751237873,0.4490155677655677,0.42793366939476996,0.44496801713577316,0.44846611721611723,0.4537037037037037,108.0,0.27450980392156865,0.2916666666666667,0.25925925925925924,27.0,0.5,0.46153846153846156,0.5454545454545454,33.0,0.37037037037037035,0.5,0.29411764705882354,17.0,0.5757575757575758,0.5428571428571428,0.6129032258064516,31.0,,,,
p_1522,0.37789968349544545,0.4878048780487805,0.38824786324786326,0.4097665385781025,0.42874887082204155,0.48148148148148145,108.0,0.0,0.0,0.0,24.0,0.5826771653543307,0.45121951219512196,0.8222222222222222,45.0,0.4583333333333333,0.5,0.4230769230769231,26.0,0.47058823529411764,1.0,0.3076923076923077,13.0,,,,
p_1523,0.32417717172708094,0.3038169748696064,0.37776052449965497,0.3738952200839678,0.3320908627926172,0.46296296296296297,108.0,0.3783783783783784,0.3684210526315789,0.3888888888888889,18.0,0.0,0.0,0.0,25.0,0.6551724137931034,0.5135135135135135,0.9047619047619048,42.0,0.2631578947368421,0.3333333333333333,0.21739130434782608,23.0,,,,
p_1524,0.3482414775518224,0.5152889784946236,0.33654188948306596,0.3868876736054258,0.4884757068896854,0.4074074074074074,108.0,0.5185185185185185,0.4375,0.6363636363636364,44.0,0.3103448275862069,0.2903225806451613,0.3333333333333333,27.0,0.3333333333333333,1.0,0.2,20.0,0.23076923076923078,0.3333333333333333,0.17647058823529413,17.0,,,,
p_1525,0.3011420265780731,0.30149521531100476,0.3016421983813288,0.3488113182396128,0.3465754031543505,0.35185185185185186,108.0,0.20833333333333334,0.2,0.21739130434782608,23.0,0.2,0.21052631578947367,0.19047619047619047,21.0,0.5581395348837209,0.5454545454545454,0.5714285714285714,42.0,0.23809523809523808,0.25,0.22727272727272727,22.0,,,,
p_1526,0.3715563148336258,0.4079359165424739,0.36691226287262874,0.39500472553693844,0.4054010045813325,0.4166666666666667,108.0,0.3076923076923077,0.4,0.25,24.0,0.5490196078431373,0.45901639344262296,0.6829268292682927,41.0,0.24489795918367346,0.2727272727272727,0.2222222222222222,27.0,0.38461538461538464,0.5,0.3125,16.0,,,,
p_1527,0.3850413152738734,0.3686804451510334,0.41495090275578084,0.47891327736288974,0.45679797444503334,0.5185185185185185,108.0,0.0,0.0,0.0,10.0,0.46153846153846156,0.4864864864864865,0.43902439024390244,41.0,0.38095238095238093,0.4,0.36363636363636365,22.0,0.6976744186046512,0.5882352941176471,0.8571428571428571,35.0,,,,
p_1528,0.3096723044397463,0.34469696969696967,0.3392536887584576,0.40768994858142144,0.41961279461279455,0.48148148148148145,108.0,0.3,0.5454545454545454,0.20689655172413793,29.0,0.30303030303030304,0.3333333333333333,0.2777777777777778,18.0,0.6356589147286822,0.5,0.8723404255319149,47.0,0.0,0.0,0.0,14.0,,,,
p_1529,0.34102011494252876,0.319375,0.3841397200772201,0.3720306513409962,0.33222222222222225,0.4351851851851852,108.0,0.3333333333333333,0.4,0.2857142857142857,14.0,0.525,0.4375,0.65625,32.0,0.0,0.0,0.0,25.0,0.5057471264367817,0.44,0.5945945945945946,37.0,,,,
p_1530,0.29991109530583215,0.30840664711632454,0.32642276422764227,0.37250144881723835,0.3772220412005358,0.4074074074074074,108.0,0.4631578947368421,0.3548387096774194,0.6666666666666666,33.0,0.4864864864864865,0.5454545454545454,0.43902439024390244,41.0,0.25,0.3333333333333333,0.2,20.0,0.0,0.0,0.0,14.0,,,,
p_1531,0.3478683176712874,0.41181716833890747,0.3450918964076859,0.43805583918376606,0.5112907221602874,0.4444444444444444,108.0,0.38235294117647056,0.5652173913043478,0.28888888888888886,45.0,0.5242718446601942,0.4153846153846154,0.7105263157894737,38.0,0.48484848484848486,0.6666666666666666,0.38095238095238093,21.0,0.0,0.0,0.0,4.0,,,,
p_1532,0.2691748552968098,0.28352564102564104,0.28904631620089893,0.3589312155067977,0.3475902184235518,0.39814814814814814,108.0,0.17391304347826086,0.3333333333333333,0.11764705882352941,17.0,0.3764705882352941,0.32,0.45714285714285713,35.0,0.5263157894736842,0.4807692307692308,0.5813953488372093,43.0,0.0,0.0,0.0,13.0,,,,
p_1533,0.3487580217272094,0.33403103044496485,0.38618984838497034,0.4401375090502593,0.40761395177378784,0.5,108.0,0.0,0.0,0.0,20.0,0.5679012345679012,0.575,0.5609756097560976,41.0,0.5918367346938775,0.47540983606557374,0.7837837837837838,37.0,0.23529411764705882,0.2857142857142857,0.2,10.0,,,,
p_1534,0.3968202028740632,0.4279990145784424,0.4530181623931624,0.4018279917305769,0.43632706120026055,0.4537037037037037,108.0,0.5542168674698795,0.4339622641509434,0.7666666666666667,30.0,0.4864864864864865,0.42857142857142855,0.5625,16.0,0.47761194029850745,0.5161290322580645,0.4444444444444444,36.0,0.06896551724137931,0.3333333333333333,0.038461538461538464,26.0,,,,
p_1535,0.34797008547008546,0.5010964912280702,0.36065405183052246,0.4073915796138018,0.5492202729044835,0.42592592592592593,108.0,0.4444444444444444,0.42105263157894735,0.47058823529411764,34.0,0.4807692307692308,0.4166666666666667,0.5681818181818182,44.0,0.26666666666666666,1.0,0.15384615384615385,26.0,0.2,0.16666666666666666,0.25,4.0,,,,
p_1536,0.2773086203114718,0.24824067558057705,0.31837606837606836,0.43010772342862713,0.38691453592931424,0.49074074074074076,108.0,0.0,0.0,0.0,16.0,0.5773195876288659,0.4827586206896552,0.717948717948718,39.0,0.5319148936170213,0.5102040816326531,0.5555555555555556,45.0,0.0,0.0,0.0,8.0,,,,
p_1537,0.3055843141240211,0.2979971018764122,0.321988066695728,0.38290957670915876,0.370229603068045,0.4074074074074074,108.0,0.36065573770491804,0.3793103448275862,0.34375,32.0,0.5168539325842697,0.4423076923076923,0.6216216216216216,37.0,0.3448275862068966,0.37037037037037035,0.3225806451612903,31.0,0.0,0.0,0.0,8.0,,,,
p_1538,0.3309350439204808,0.35819892473118276,0.35345528455284553,0.3875618568175202,0.3872958980485862,0.4351851851851852,108.0,0.2857142857142857,0.3333333333333333,0.25,20.0,0.3333333333333333,0.3333333333333333,0.3333333333333333,27.0,0.6213592233009708,0.5161290322580645,0.7804878048780488,41.0,0.08333333333333333,0.25,0.05,20.0,,,,
p_1539,0.2784164009621301,0.4001196172248804,0.32857142857142857,0.27506583050018746,0.34908293460925044,0.3425925925925926,108.0,0.0,0.0,0.0,32.0,0.4752475247524752,0.36363636363636365,0.6857142857142857,35.0,0.3050847457627119,0.23684210526315788,0.42857142857142855,21.0,0.3333333333333333,1.0,0.2,20.0,,,,
p_1540,0.35650406504065035,0.33412754860123284,0.39403215831787264,0.42690454682324597,0.38051867657130817,0.5,108.0,0.0,0.0,0.0,22.0,0.2926829268292683,0.3157894736842105,0.2727272727272727,22.0,0.6666666666666666,0.5540540540540541,0.8367346938775511,49.0,0.4666666666666667,0.4666666666666667,0.4666666666666667,15.0,,,,
p_1541,0.375660470412279,0.4004347826086957,0.3803056318681318,0.4399903089335648,0.48066827697262476,0.4351851851851852,108.0,0.11764705882352941,0.1,0.14285714285714285,7.0,0.46875,0.6,0.38461538461538464,39.0,0.4634146341463415,0.38,0.59375,32.0,0.4528301886792453,0.5217391304347826,0.4,30.0,,,,
p_1542,0.29495854063018245,0.29222222222222227,0.32158564814814816,0.35874454886063517,0.3559670781893004,0.3888888888888889,108.0,0.47761194029850745,0.4,0.5925925925925926,27.0,0.28,0.3888888888888889,0.21875,32.0,0.4222222222222222,0.38,0.475,40.0,0.0,0.0,0.0,9.0,,,,
p_1543,0.35415499533146594,0.3500213949507916,0.40122377622377625,0.4025382992703254,0.4060127735780282,0.4351851851851852,108.0,0.45714285714285713,0.3333333333333333,0.7272727272727273,22.0,0.47058823529411764,0.4878048780487805,0.45454545454545453,44.0,0.4888888888888889,0.5789473684210527,0.4230769230769231,26.0,0.0,0.0,0.0,16.0,,,,
p_1544,0.32775511419468184,0.5666208791208791,0.3534080298786181,0.4698094604743802,0.6258394383394383,0.5555555555555556,108.0,0.09090909090909091,1.0,0.047619047619047616,21.0,0.5581395348837209,0.75,0.4444444444444444,27.0,0.6619718309859155,0.5164835164835165,0.9215686274509803,51.0,0.0,0.0,0.0,9.0,,,,
p_1545,0.25448717948717947,0.4387718023255814,0.2875,0.3271130104463438,0.39314168819982775,0.3888888888888889,108.0,0.0,0.0,0.0,19.0,0.38461538461538464,0.3488372093023256,0.42857142857142855,35.0,0.5,0.40625,0.65,40.0,0.13333333333333333,1.0,0.07142857142857142,14.0,,,,
p_1546,0.3247543466439865,0.3838762626262626,0.3361186065056934,0.3718834140462093,0.4067134306023195,0.4074074074074074,108.0,0.3125,0.625,0.20833333333333334,24.0,0.5321100917431193,0.4393939393939394,0.6744186046511628,43.0,0.07142857142857142,0.1111111111111111,0.05263157894736842,19.0,0.3829787234042553,0.36,0.4090909090909091,22.0,,,,
p_1547,0.3927582159624413,0.4212365591397849,0.40295584045584043,0.3925430359937402,0.4265232974910394,0.39814814814814814,108.0,0.4,0.4,0.4,15.0,0.35,0.5,0.2692307692307692,26.0,0.39436619718309857,0.45161290322580644,0.35,40.0,0.4266666666666667,0.3333333333333333,0.5925925925925926,27.0,,,,
p_1548,0.3178201656578528,0.3042981061556913,0.3402777777777778,0.35695358866352817,0.3363102524609232,0.3888888888888889,108.0,0.3561643835616438,0.35135135135135137,0.3611111111111111,36.0,0.46511627906976744,0.39215686274509803,0.5714285714285714,35.0,0.0,0.0,0.0,16.0,0.45,0.47368421052631576,0.42857142857142855,21.0,,,,
p_1549,0.3133050861854175,0.3530873248615184,0.319498556998557,0.3066108781038621,0.3398986881961792,0.3148148148148148,108.0,0.4528301886792453,0.3870967741935484,0.5454545454545454,22.0,0.35294117647058826,0.6,0.25,24.0,0.325,0.28888888888888886,0.37142857142857144,35.0,0.12244897959183673,0.13636363636363635,0.1111111111111111,27.0,,,,
p_1550,0.3561949355644824,0.4338553603259485,0.3606797614150556,0.4739795616988599,0.5414462081128748,0.5092592592592593,108.0,0.6115702479338843,0.4805194805194805,0.8409090909090909,44.0,0.42105263157894735,0.6666666666666666,0.3076923076923077,26.0,0.39215686274509803,0.5882352941176471,0.29411764705882354,34.0,0.0,0.0,0.0,4.0,,,,
p_1551,0.3953654188948307,0.3597917427840701,0.44791666666666663,0.45436059945863866,0.42072626151910036,0.5,108.0,0.0,0.0,0.0,21.0,0.36363636363636365,0.2857142857142857,0.5,16.0,0.6060606060606061,0.5882352941176471,0.625,32.0,0.611764705882353,0.5652173913043478,0.6666666666666666,39.0,,,,
p_1552,0.30743189737092175,0.272378663003663,0.36374190824655217,0.35121173993125204,0.31952499660832995,0.39814814814814814,108.0,0.5121951219512195,0.4375,0.6176470588235294,34.0,0.4675324675324675,0.46153846153846156,0.47368421052631576,38.0,0.0,0.0,0.0,25.0,0.25,0.19047619047619047,0.36363636363636365,11.0,,,,
p_1553,0.28534601865209175,0.3030018761726079,0.28975027659238184,0.33171521583554014,0.3306493641859496,0.35185185185185186,108.0,0.35714285714285715,0.5,0.2777777777777778,18.0,0.379746835443038,0.36585365853658536,0.39473684210526316,38.0,0.4044943820224719,0.34615384615384615,0.4864864864864865,37.0,0.0,0.0,0.0,15.0,,,,
p_1554,0.31542278747247693,0.29475803699406183,0.3839285714285714,0.3744040468218062,0.3687170892139836,0.4166666666666667,108.0,0.2962962962962963,0.3076923076923077,0.2857142857142857,14.0,0.5306122448979592,0.5652173913043478,0.5,52.0,0.43478260869565216,0.30612244897959184,0.75,20.0,0.0,0.0,0.0,22.0,,,,
p_1555,0.24222222222222223,0.23929255610290096,0.2694128787878788,0.2889711934156379,0.2805563157574652,0.32407407407407407,108.0,0.4,0.3103448275862069,0.5625,32.0,0.2222222222222222,0.2857142857142857,0.18181818181818182,22.0,0.3466666666666667,0.3611111111111111,0.3333333333333333,39.0,0.0,0.0,0.0,15.0,,,,
p_1556,0.30258144744501086,0.3038610325844368,0.3032661782661783,0.3476373071076121,0.3457625904434415,0.35185185185185186,108.0,0.46153846153846156,0.46153846153846156,0.46153846153846156,26.0,0.42696629213483145,0.40425531914893614,0.4523809523809524,42.0,0.07692307692307693,0.07692307692307693,0.07692307692307693,13.0,0.24489795918367346,0.2727272727272727,0.2222222222222222,27.0,,,,
p_1557,0.3144355644355644,0.2977408354646206,0.36153198653198654,0.3527552694219361,0.33885099933693286,0.39814814814814814,108.0,0.48484848484848486,0.47058823529411764,0.5,32.0,0.0,0.0,0.0,16.0,0.48717948717948717,0.37254901960784315,0.7037037037037037,27.0,0.2857142857142857,0.34782608695652173,0.24242424242424243,33.0,,,,
p_1558,0.3051378446115288,0.42632850241545894,0.35,0.3436832822797735,0.40660225442834136,0.42592592592592593,108.0,0.3333333333333333,1.0,0.2,20.0,0.5714285714285714,0.4444444444444444,0.8,45.0,0.0,0.0,0.0,28.0,0.3157894736842105,0.2608695652173913,0.4,15.0,,,,
p_1559,0.3666925465838509,0.43643527833668677,0.39560439560439564,0.4540545203588682,0.5109633107285689,0.5092592592592593,108.0,0.2857142857142857,0.7142857142857143,0.17857142857142858,28.0,0.5739130434782609,0.4647887323943662,0.75,44.0,0.6071428571428571,0.5666666666666667,0.6538461538461539,26.0,0.0,0.0,0.0,10.0,,,,
p_1560,0.3123420099747216,0.46325757575757576,0.3201754385964912,0.4228894809956503,0.5396464646464646,0.4537037037037037,108.0,0.2857142857142857,1.0,0.16666666666666666,24.0,0.4146341463414634,0.38636363636363635,0.4473684210526316,38.0,0.5490196078431373,0.4666666666666667,0.6666666666666666,42.0,0.0,0.0,0.0,4.0,,,,
p_1561,0.2083852220838522,0.19318181818181818,0.2468652037617555,0.4072382885168273,0.3543771043771044,0.5,108.0,0.0,0.0,0.0,14.0,0.12121212121212122,0.18181818181818182,0.09090909090909091,22.0,0.7123287671232876,0.5909090909090909,0.896551724137931,58.0,0.0,0.0,0.0,14.0,,,,
p_1562,0.23274951593029397,0.30448717948717946,0.2787667698658411,0.3021947753069035,0.3779677113010446,0.3888888888888889,108.0,0.17391304347826086,0.5,0.10526315789473684,38.0,0.23076923076923078,0.3333333333333333,0.17647058823529413,17.0,0.5263157894736842,0.38461538461538464,0.8333333333333334,42.0,0.0,0.0,0.0,11.0,,,,
p_1563,0.29903360421699976,0.31785714285714284,0.32939339875111506,0.47464431266320123,0.4353174603174603,0.5833333333333334,108.0,0.4827586206896552,0.7,0.3684210526315789,19.0,0.0,0.0,0.0,21.0,0.7133757961783439,0.5714285714285714,0.9491525423728814,59.0,0.0,0.0,0.0,9.0,,,,
p_1564,0.5194436050464606,0.5225108225108225,0.518552554981921,0.5070058254220073,0.5067179733846401,0.5092592592592593,108.0,0.6129032258064516,0.5757575757575758,0.6551724137931034,29.0,0.5,0.5142857142857142,0.4864864864864865,37.0,0.39344262295081966,0.4,0.3870967741935484,31.0,0.5714285714285714,0.6,0.5454545454545454,11.0,,,,
p_1565,0.23588039867109636,0.2004819277108434,0.28654970760233917,0.45450350682908824,0.3846050870147256,0.5555555555555556,108.0,0.7142857142857143,0.6024096385542169,0.8771929824561403,57.0,0.0,0.0,0.0,18.0,0.46511627906976744,0.4,0.5555555555555556,18.0,0.0,0.0,0.0,14.0,0.0,0.0,0.0,1.0
p_1566,0.36236559139784946,0.4714206437291898,0.36293436293436293,0.4258197265365724,0.45484441155917293,0.46296296296296297,108.0,0.5161290322580645,0.47058823529411764,0.5714285714285714,42.0,0.4444444444444444,1.0,0.2857142857142857,14.0,0.4888888888888889,0.41509433962264153,0.5945945945945946,37.0,0.0,0.0,0.0,15.0,,,,
p_1567,0.2874804801873902,0.27904040404040403,0.30732323232323233,0.36519599337772285,0.3401608679386457,0.4074074074074074,108.0,0.5871559633027523,0.5,0.7111111111111111,45.0,0.0,0.0,0.0,16.0,0.35,0.3888888888888889,0.3181818181818182,22.0,0.2127659574468085,0.22727272727272727,0.2,25.0,,,,
p_1568,0.38974841240949726,0.42523228803716606,0.4229233132458939,0.3922635018224146,0.43307200929152145,0.42592592592592593,108.0,0.5,0.42857142857142855,0.6,30.0,0.2777777777777778,0.3333333333333333,0.23809523809523808,21.0,0.5373134328358209,0.43902439024390244,0.6923076923076923,26.0,0.24390243902439024,0.5,0.16129032258064516,31.0,,,,
p_1569,0.3361313653426623,0.3981562137049942,0.3280215952629746,0.3553416213721632,0.40145233793607776,0.3611111111111111,108.0,0.32941176470588235,0.2857142857142857,0.3888888888888889,36.0,0.23529411764705882,0.3333333333333333,0.18181818181818182,11.0,0.4383561643835616,0.3902439024390244,0.5,32.0,0.34146341463414637,0.5833333333333334,0.2413793103448276,29.0,,,,
p_1570,0.42522551993497093,0.4679054054054054,0.4226689976689977,0.5150918638061524,0.5156406406406406,0.5555555555555556,108.0,0.7131782945736435,0.6216216216216216,0.8363636363636363,55.0,0.35294117647058826,0.375,0.3333333333333333,18.0,0.43478260869565216,0.5,0.38461538461538464,13.0,0.2,0.375,0.13636363636363635,22.0,,,,
p_1571,0.2352281435040056,0.24584286803966438,0.29294871794871796,0.28435310964046595,0.30824646156453933,0.3425925925925926,108.0,0.27586206896551724,0.42105263157894735,0.20512820512820512,39.0,0.0,0.0,0.0,9.0,0.5050505050505051,0.36231884057971014,0.8333333333333334,30.0,0.16,0.2,0.13333333333333333,30.0,,,,
p_1572,0.18604651162790697,0.14814814814814814,0.25,0.4409991386735573,0.3511659807956104,0.5925925925925926,108.0,0.7441860465116279,0.5925925925925926,1.0,64.0,0.0,0.0,0.0,11.0,0.0,0.0,0.0,17.0,0.0,0.0,0.0,16.0,,,,
p_1573,0.24126889354184386,0.27499999999999997,0.29969690635451507,0.308673580666972,0.3141975308641975,0.4166666666666667,108.0,0.5735294117647058,0.43333333333333335,0.8478260869565217,46.0,0.0,0.0,0.0,20.0,0.3225806451612903,0.3333333333333333,0.3125,16.0,0.06896551724137931,0.3333333333333333,0.038461538461538464,26.0,,,,
p_1574,0.34388360607400853,0.3730203888098625,0.35094119606863233,0.4256409678881299,0.43508596315613857,0.46296296296296297,108.0,0.5378151260504201,0.43243243243243246,0.7111111111111111,45.0,0.4166666666666667,0.5263157894736842,0.3448275862068966,29.0,0.42105263157894735,0.5333333333333333,0.34782608695652173,23.0,0.0,0.0,0.0,11.0,,,,
p_1575,0.4773085302497067,0.5752380952380952,0.4671296296296297,0.484522900644905,0.5480379188712523,0.49074074074074076,108.0,0.5490196078431373,0.5833333333333334,0.5185185185185185,27.0,0.48148148148148145,0.4642857142857143,0.5,26.0,0.38461538461538464,0.8333333333333334,0.25,20.0,0.49411764705882355,0.42,0.6,35.0,,,,
p_1576,0.22659511031604054,0.18209876543209877,0.3,0.3468495328960445,0.2773491083676269,0.46296296296296297,108.0,0.6201550387596899,0.49382716049382713,0.8333333333333334,48.0,0.0,0.0,0.0,20.0,0.0,0.0,0.0,24.0,0.5128205128205128,0.4166666666666667,0.6666666666666666,15.0,0.0,0.0,0.0,1.0
p_1577,0.23607427055702918,0.23686974789915966,0.24718468468468469,0.37267904509283817,0.3665382819794584,0.39814814814814814,108.0,0.4827586206896552,0.4117647058823529,0.5833333333333334,48.0,0.0,0.0,0.0,5.0,0.0,0.0,0.0,18.0,0.46153846153846156,0.5357142857142857,0.40540540540540543,37.0,,,,
p_1578,0.4511927181418707,0.5128348214285714,0.43628048030314215,0.49807723605589266,0.5169064153439153,0.5185185185185185,108.0,0.6,0.515625,0.717391304347826,46.0,0.2962962962962963,0.5,0.21052631578947367,19.0,0.4,0.5,0.3333333333333333,12.0,0.5084745762711864,0.5357142857142857,0.4838709677419355,31.0,,,,
p_1579,0.24956118186974682,0.2887700534759358,0.2634209443806967,0.3578112854771959,0.3724252327193504,0.39814814814814814,108.0,0.5272727272727272,0.4393939393939394,0.6590909090909091,44.0,0.1,0.3333333333333333,0.058823529411764705,17.0,0.34146341463414637,0.3181818181818182,0.3684210526315789,19.0,0.27906976744186046,0.35294117647058826,0.23076923076923078,26.0,0.0,0.0,0.0,2.0
p_1580,0.3028169014084507,0.27790815205449354,0.3343589743589743,0.41979655712050074,0.385716610919863,0.46296296296296297,108.0,0.5,0.4666666666666667,0.5384615384615384,26.0,0.4788732394366197,0.4594594594594595,0.5,34.0,0.5352112676056338,0.4634146341463415,0.6333333333333333,30.0,0.0,0.0,0.0,17.0,0.0,0.0,0.0,1.0
p_1581,0.406349935360958,0.4309210526315789,0.4098230201171378,0.4292183589999471,0.43331708901884336,0.4444444444444444,108.0,0.4444444444444444,0.4166666666666667,0.47619047619047616,42.0,0.5,0.5,0.5,16.0,0.5070422535211268,0.47368421052631576,0.5454545454545454,33.0,0.17391304347826086,0.3333333333333333,0.11764705882352941,17.0,,,,
p_1582,0.25371524448705657,0.22100614439324118,0.3080357142857143,0.3873353218990803,0.3194942254082039,0.5,108.0,0.6577181208053692,0.5268817204301075,0.875,56.0,0.0,0.0,0.0,24.0,0.0,0.0,0.0,14.0,0.35714285714285715,0.35714285714285715,0.35714285714285715,14.0,,,,
p_1583,0.33643236955799266,0.40601851851851856,0.3297101449275362,0.3808971234444814,0.39084362139917694,0.4166666666666667,108.0,0.5084745762711864,0.4166666666666667,0.6521739130434783,46.0,0.47058823529411764,0.8,0.3333333333333333,12.0,0.36666666666666664,0.4074074074074074,0.3333333333333333,33.0,0.0,0.0,0.0,17.0,,,,
p_1584,0.14802631578947367,0.10714285714285714,0.2393617021276596,0.2576754385964912,0.1865079365079365,0.4166666666666667,108.0,0.5921052631578947,0.42857142857142855,0.9574468085106383,47.0,0.0,0.0,0.0,22.0,0.0,0.0,0.0,22.0,0.0,0.0,0.0,17.0,,,,
p_1585,0.22553028366981856,0.19031204644412192,0.2770897832817337,0.3019091158626042,0.25502607106380687,0.37037037037037035,108.0,0.4186046511627907,0.34615384615384615,0.5294117647058824,34.0,0.0,0.0,0.0,22.0,0.0,0.0,0.0,14.0,0.4835164835164835,0.41509433962264153,0.5789473684210527,38.0,,,,
p_1586,0.3209530627694941,0.3550438596491228,0.3356821370119243,0.41836393847519227,0.4183479532163743,0.4722222222222222,108.0,0.6016260162601627,0.4868421052631579,0.7872340425531915,47.0,0.10526315789473684,0.16666666666666666,0.07692307692307693,13.0,0.07692307692307693,0.16666666666666666,0.05,20.0,0.5,0.6,0.42857142857142855,28.0,,,,
p_1587,0.34362945895203956,0.3287309048178613,0.40352941176470586,0.40254720499642843,0.364195717456587,0.48148148148148145,108.0,0.6612903225806451,0.5540540540540541,0.82,50.0,0.37037037037037035,0.5,0.29411764705882354,17.0,0.0,0.0,0.0,29.0,0.34285714285714286,0.2608695652173913,0.5,12.0,,,,
p_1588,0.3336769646902887,0.35247175141242937,0.37438396057347667,0.38640462376437135,0.40288501778614766,0.4351851851851852,108.0,0.05714285714285714,0.25,0.03225806451612903,31.0,0.21739130434782608,0.16666666666666666,0.3125,16.0,0.6730769230769231,0.5932203389830508,0.7777777777777778,45.0,0.3870967741935484,0.4,0.375,16.0,,,,
p_1589,0.29549955056331656,0.39822303921568625,0.33956500488758556,0.36240341366622936,0.4647353848946987,0.4444444444444444,108.0,0.5891472868217055,0.4470588235294118,0.8636363636363636,44.0,0.3225806451612903,0.3125,0.3333333333333333,15.0,0.2702702702702703,0.8333333333333334,0.16129032258064516,31.0,0.0,0.0,0.0,18.0,,,,
p_1590,0.36196143092694816,0.3690233998737835,0.39053884711779446,0.382850356988288,0.3934865338318023,0.4074074074074074,108.0,0.40540540540540543,0.3409090909090909,0.5,30.0,0.41379310344827586,0.5217391304347826,0.34285714285714286,35.0,0.5517241379310345,0.47058823529411764,0.6666666666666666,24.0,0.07692307692307693,0.14285714285714285,0.05263157894736842,19.0,,,,
p_1591,0.26590501792114696,0.24216920873775377,0.3125541125541126,0.2864147749900438,0.26771241384361655,0.32407407407407407,108.0,0.3611111111111111,0.35135135135135137,0.37142857142857144,35.0,0.25806451612903225,0.27586206896551724,0.24242424242424243,33.0,0.4444444444444444,0.34146341463414637,0.6363636363636364,22.0,0.0,0.0,0.0,18.0,,,,
p_1592,0.2695181947006765,0.2950980392156863,0.3009615384615385,0.4139642235749292,0.3960421205519245,0.5,108.0,0.6861313868613139,0.5529411764705883,0.9038461538461539,52.0,0.0,0.0,0.0,11.0,0.23809523809523808,0.29411764705882354,0.2,25.0,0.15384615384615385,0.3333333333333333,0.1,20.0,,,,
p_1593,0.3101648351648352,0.298058748403576,0.3329079079079079,0.36604599104599106,0.3480038787190767,0.39814814814814814,108.0,0.4,0.44,0.36666666666666664,30.0,0.0,0.0,0.0,14.0,0.4835164835164835,0.4074074074074074,0.5945945945945946,37.0,0.35714285714285715,0.3448275862068966,0.37037037037037035,27.0,,,,
p_1594,0.36428571428571427,0.345042735042735,0.3863224637681159,0.4422524565381708,0.4163121240899019,0.4722222222222222,108.0,0.6,0.5555555555555556,0.6521739130434783,46.0,0.0,0.0,0.0,15.0,0.4489795918367347,0.44,0.4583333333333333,24.0,0.40816326530612246,0.38461538461538464,0.43478260869565216,23.0,,,,
p_1595,0.4214867819518982,0.4421807359307359,0.4298952858735467,0.546478499966872,0.5306968494468494,0.6018518518518519,108.0,0.7286821705426356,0.6103896103896104,0.9038461538461539,52.0,0.0,0.0,0.0,12.0,0.4444444444444444,0.5333333333333333,0.38095238095238093,21.0,0.5128205128205128,0.625,0.43478260869565216,23.0,,,,
p_1596,0.3929417664389143,0.3819293478260869,0.41135583524027464,0.5013333147602564,0.4924416264090177,0.5185185185185185,108.0,0.5142857142857142,0.5625,0.47368421052631576,38.0,0.0,0.0,0.0,7.0,0.6046511627906976,0.5652173913043478,0.65,40.0,0.4528301886792453,0.4,0.5217391304347826,23.0,,,,
p_1597,0.34537113646339523,0.34667931688804554,0.38214487832484434,0.4013026890368707,0.40099093400801183,0.4444444444444444,108.0,0.463768115942029,0.5161290322580645,0.42105263157894735,38.0,0.5274725274725275,0.4,0.7741935483870968,31.0,0.3902439024390244,0.47058823529411764,0.3333333333333333,24.0,0.0,0.0,0.0,15.0,,,,
p_1598,0.367228711532509,0.3579059829059829,0.3817197712418301,0.41621947444732255,0.40986071541627095,0.42592592592592593,108.0,0.4810126582278481,0.48717948717948717,0.475,40.0,0.3783783783783784,0.3333333333333333,0.4375,16.0,0.06666666666666667,0.08333333333333333,0.05555555555555555,18.0,0.5428571428571428,0.5277777777777778,0.5588235294117647,34.0,,,,
p_1599,0.31727941176470587,0.3442901234567901,0.3395841392649903,0.4129221132897603,0.40780749885688156,0.48148148148148145,108.0,0.625,0.49382716049382713,0.851063829787234,47.0,0.29411764705882354,0.4166666666666667,0.22727272727272727,22.0,0.0,0.0,0.0,14.0,0.35,0.4666666666666667,0.28,25.0,,,,
p_1600,0.3298501194319763,0.465,0.35927912667043105,0.38573709021513314,0.4842592592592593,0.4351851851851852,108.0,0.4819277108433735,0.4,0.6060606060606061,33.0,0.0,0.0,0.0,17.0,0.5411764705882353,0.46,0.6571428571428571,35.0,0.2962962962962963,1.0,0.17391304347826086,23.0,,,,
p_1601,0.2202156334231806,0.18473704268292684,0.27278325123152714,0.29784865728261956,0.24920251806684734,0.37037037037037035,108.0,0.37142857142857144,0.3170731707317073,0.4482758620689655,29.0,0.0,0.0,0.0,20.0,0.5094339622641509,0.421875,0.6428571428571429,42.0,0.0,0.0,0.0,17.0,,,,
p_1602,0.27078733943949784,0.36351010101010106,0.2804554162312783,0.2697980131764129,0.3804059109614666,0.25925925925925924,108.0,0.41025641025641024,0.8,0.27586206896551724,29.0,0.19607843137254902,0.2777777777777778,0.15151515151515152,33.0,0.25806451612903225,0.18181818181818182,0.4444444444444444,18.0,0.21875,0.19444444444444445,0.25,28.0,,,,
p_1603,0.36804161669929225,0.547300469483568,0.39031943658429225,0.3965600350531555,0.5718179447052686,0.4351851851851852,108.0,0.3673469387755102,0.5,0.2903225806451613,31.0,0.2962962962962963,0.26666666666666666,0.3333333333333333,12.0,0.25806451612903225,1.0,0.14814814814814814,27.0,0.5504587155963303,0.4225352112676056,0.7894736842105263,38.0,,,,
p_1604,0.26788280818131566,0.37107843137254903,0.3053231292517007,0.39260487685031636,0.45245098039215687,0.48148148148148145,108.0,0.14814814814814814,0.6666666666666666,0.08333333333333333,24.0,0.0,0.0,0.0,10.0,0.6567164179104478,0.5176470588235295,0.8979591836734694,49.0,0.26666666666666666,0.3,0.24,25.0,,,,
p_1605,0.37764047546656243,0.3672243287558926,0.40530303030303033,0.4617971936812516,0.467729232614455,0.4722222222222222,108.0,0.5128205128205128,0.5882352941176471,0.45454545454545453,44.0,0.4782608695652174,0.39285714285714285,0.6111111111111112,18.0,0.5194805194805194,0.4878048780487805,0.5555555555555556,36.0,0.0,0.0,0.0,10.0,,,,
p_1606,0.2895596835225318,0.3296777950310559,0.3561447041922424,0.330036693039789,0.37600284679089024,0.4074074074074074,108.0,0.5555555555555556,0.43478260869565216,0.7692307692307693,39.0,0.0,0.0,0.0,19.0,0.39215686274509803,0.3125,0.5263157894736842,19.0,0.21052631578947367,0.5714285714285714,0.12903225806451613,31.0,,,,
p_1607,0.48818264613346585,0.5032967032967033,0.48730605605605604,0.5072698141095228,0.5169820919820919,0.5092592592592593,108.0,0.6111111111111112,0.6285714285714286,0.5945945945945946,37.0,0.5573770491803278,0.5,0.6296296296296297,27.0,0.36,0.34615384615384615,0.375,24.0,0.42424242424242425,0.5384615384615384,0.35,20.0,,,,
p_1608,0.2943796597739975,0.29521531100478465,0.3125524592915897,0.3205561851921811,0.31235158603579655,0.35185185185185186,108.0,0.13953488372093023,0.2,0.10714285714285714,28.0,0.5434782608695652,0.45454545454545453,0.6756756756756757,37.0,0.2564102564102564,0.2631578947368421,0.25,20.0,0.23809523809523808,0.2631578947368421,0.21739130434782608,23.0,,,,
p_1609,0.2941808191808192,0.28757685551163814,0.32688897981451176,0.38271543271543274,0.38176958798939475,0.4074074074074074,108.0,0.5494505494505495,0.5681818181818182,0.5319148936170213,47.0,0.4,0.30434782608695654,0.5833333333333334,24.0,0.22727272727272727,0.2777777777777778,0.19230769230769232,26.0,0.0,0.0,0.0,11.0,,,,
p_1610,0.2642679900744417,0.28971679539603207,0.2768259281801583,0.4125999448580094,0.40771170231264126,0.4537037037037037,108.0,0.6129032258064516,0.5352112676056338,0.7169811320754716,53.0,0.0,0.0,0.0,4.0,0.2903225806451613,0.2903225806451613,0.2903225806451613,31.0,0.15384615384615385,0.3333333333333333,0.1,20.0,,,,
p_1611,0.4094889663182346,0.5577272727272727,0.41376971841368126,0.4724730072697553,0.5686531986531986,0.5,108.0,0.32,1.0,0.19047619047619047,21.0,0.16,0.2,0.13333333333333333,15.0,0.6341463414634146,0.5909090909090909,0.6842105263157895,38.0,0.5238095238095238,0.44,0.6470588235294118,34.0,,,,
p_1612,0.36454050399283666,0.43653155706727137,0.39159183110796014,0.3680106746367734,0.45065490187844687,0.37962962962962965,108.0,0.3333333333333333,0.75,0.21428571428571427,28.0,0.3783783783783784,0.2916666666666667,0.5384615384615384,13.0,0.27586206896551724,0.2962962962962963,0.25806451612903225,31.0,0.47058823529411764,0.40816326530612246,0.5555555555555556,36.0,,,,
p_1613,0.3454095240949413,0.3793751468170073,0.39577277131782945,0.42781521106937676,0.47305309773010035,0.4722222222222222,108.0,0.32558139534883723,0.6363636363636364,0.21875,32.0,0.0,0.0,0.0,12.0,0.4375,0.32558139534883723,0.6666666666666666,21.0,0.6185567010309279,0.5555555555555556,0.6976744186046512,43.0,,,,
p_1614,0.3059613319011815,0.3282738095238095,0.3204545454545455,0.38477145244062533,0.39306657848324517,0.42592592592592593,108.0,0.5789473684210527,0.4714285714285714,0.75,44.0,0.4,0.4666666666666667,0.35,20.0,0.24489795918367346,0.375,0.18181818181818182,33.0,0.0,0.0,0.0,11.0,,,,
p_1615,0.3868534042118176,0.37013888888888885,0.42241503456221197,0.4355096662804698,0.4188014403292181,0.4722222222222222,108.0,0.5205479452054794,0.4222222222222222,0.6785714285714286,28.0,0.6268656716417911,0.6,0.65625,32.0,0.4,0.4583333333333333,0.3548387096774194,31.0,0.0,0.0,0.0,17.0,,,,
p_1616,0.2775348878290055,0.33042635658914726,0.3025324675324675,0.3842126440165656,0.39122164800459375,0.46296296296296297,108.0,0.6176470588235294,0.4883720930232558,0.84,50.0,0.0,0.0,0.0,15.0,0.2702702702702703,0.3333333333333333,0.22727272727272727,22.0,0.2222222222222222,0.5,0.14285714285714285,21.0,,,,
p_1617,0.2525537634408602,0.2650452488687783,0.28849206349206347,0.38377638391079244,0.3611236802413273,0.4722222222222222,108.0,0.15,0.23076923076923078,0.1111111111111111,27.0,0.0,0.0,0.0,10.0,0.6666666666666666,0.5294117647058824,0.9,50.0,0.1935483870967742,0.3,0.14285714285714285,21.0,,,,
p_1618,0.37447124304267165,0.34918484635233404,0.4144538382154481,0.47435855150140865,0.4593372342551324,0.5,108.0,0.32727272727272727,0.3103448275862069,0.34615384615384615,26.0,0.64,0.6530612244897959,0.6274509803921569,51.0,0.0,0.0,0.0,12.0,0.5306122448979592,0.43333333333333335,0.6842105263157895,19.0,,,,
p_1619,0.3221922166321397,0.3001760563380282,0.3759674922600619,0.36728486402946303,0.3345070422535212,0.4444444444444444,108.0,0.5871559633027523,0.4507042253521127,0.8421052631578947,38.0,0.25,0.25,0.25,8.0,0.0,0.0,0.0,28.0,0.45161290322580644,0.5,0.4117647058823529,34.0,,,,
p_1620,0.18949640287769784,0.19230769230769232,0.22811791383219954,0.3687649880095923,0.3422364672364672,0.4722222222222222,108.0,0.3,0.46153846153846156,0.2222222222222222,27.0,0.0,0.0,0.0,15.0,0.0,0.0,0.0,16.0,0.6474820143884892,0.5,0.9183673469387755,49.0,0.0,0.0,0.0,1.0
p_1621,0.3479400666900667,0.3908536585365854,0.37916398022781006,0.4751338188838188,0.4443766937669377,0.5462962962962963,108.0,0.0,0.0,0.0,19.0,0.18181818181818182,0.5,0.1111111111111111,9.0,0.6964285714285714,0.6,0.8297872340425532,47.0,0.5135135135135135,0.4634146341463415,0.5757575757575758,33.0,,,,
p_1622,0.182312925170068,0.1580246913580247,0.2159489633173844,0.4017384731670446,0.34499314128943753,0.48148148148148145,108.0,0.0,0.0,0.0,13.0,0.0,0.0,0.0,15.0,0.6666666666666666,0.5679012345679012,0.8070175438596491,57.0,0.24489795918367346,0.2222222222222222,0.2727272727272727,22.0,0.0,0.0,0.0,1.0
p_1623,0.33204301327939734,0.36942049808429117,0.34350126524039565,0.33952108103538975,0.3764908826450972,0.35185185185185186,108.0,0.2127659574468085,0.20833333333333334,0.21739130434782608,23.0,0.4067796610169492,0.41379310344827586,0.4,30.0,0.4383561643835616,0.35555555555555557,0.5714285714285714,28.0,0.2702702702702703,0.5,0.18518518518518517,27.0,,,,
p_1624,0.43554261801523125,0.4549019607843137,0.4270968829792359,0.4490617016580004,0.45344952795933186,0.4537037037037037,108.0,0.5121951219512195,0.4666666666666667,0.5675675675675675,37.0,0.41379310344827586,0.5,0.35294117647058826,17.0,0.3684210526315789,0.4117647058823529,0.3333333333333333,21.0,0.44776119402985076,0.4411764705882353,0.45454545454545453,33.0,,,,
p_1625,0.3264368112060974,0.29659946832077977,0.3872549019607843,0.41164841327061946,0.3696918229705115,0.49074074074074076,108.0,0.6027397260273972,0.5945945945945946,0.6111111111111112,36.0,0.0,0.0,0.0,20.0,0.07142857142857142,0.1,0.05555555555555555,18.0,0.631578947368421,0.4918032786885246,0.8823529411764706,34.0,,,,
p_1626,0.391025641025641,0.38417560700169395,0.4435408215010142,0.3672839506172839,0.3774598991990296,0.3888888888888889,108.0,0.3333333333333333,0.35714285714285715,0.3125,32.0,0.4230769230769231,0.4782608695652174,0.3793103448275862,29.0,0.23076923076923078,0.2727272727272727,0.2,30.0,0.5769230769230769,0.42857142857142855,0.8823529411764706,17.0,,,,
p_1627,0.2820097190786846,0.30746068277713845,0.33092751842751844,0.3151578918820298,0.3186414070380315,0.39814814814814814,108.0,0.5689655172413793,0.4177215189873418,0.8918918918918919,37.0,0.21621621621621623,0.26666666666666666,0.18181818181818182,22.0,0.0,0.0,0.0,25.0,0.34285714285714286,0.5454545454545454,0.25,24.0,,,,
p_1628,0.3338083705911574,0.3345930232558139,0.3356846582653034,0.3627648295339552,0.35805340223944876,0.37037037037037035,108.0,0.525,0.4883720930232558,0.5675675675675675,37.0,0.18181818181818182,0.2,0.16666666666666666,18.0,0.3333333333333333,0.35,0.3181818181818182,22.0,0.29508196721311475,0.3,0.2903225806451613,31.0,,,,
p_1629,0.32871386085515086,0.345,0.37093397745571655,0.476493642977481,0.44524691358024693,0.5555555555555556,108.0,0.0,0.0,0.0,16.0,0.1111111111111111,0.3333333333333333,0.06666666666666667,15.0,0.49056603773584906,0.43333333333333335,0.5652173913043478,23.0,0.7131782945736435,0.6133333333333333,0.8518518518518519,54.0,,,,
p_1630,0.3352902860379496,0.3253968253968254,0.39284345922276953,0.36249189716479435,0.3402410346854791,0.4444444444444444,108.0,0.44,0.5238095238095238,0.3793103448275862,29.0,0.5981308411214953,0.4444444444444444,0.9142857142857143,35.0,0.30303030303030304,0.3333333333333333,0.2777777777777778,18.0,0.0,0.0,0.0,26.0,,,,
p_1631,0.33965335435456956,0.3475140056022409,0.33851778656126486,0.46194868073163303,0.46937571324826227,0.46296296296296297,108.0,0.5979381443298969,0.5686274509803921,0.6304347826086957,46.0,0.0,0.0,0.0,4.0,0.33962264150943394,0.32142857142857145,0.36,25.0,0.42105263157894735,0.5,0.36363636363636365,33.0,,,,
p_1632,0.31965748234410163,0.36499451754385964,0.3458446484762274,0.35410048072750727,0.39978780864197533,0.39814814814814814,108.0,0.15789473684210525,0.15789473684210525,0.15789473684210525,19.0,0.594059405940594,0.46875,0.8108108108108109,37.0,0.23255813953488372,0.5,0.15151515151515152,33.0,0.29411764705882354,0.3333333333333333,0.2631578947368421,19.0,,,,
p_1633,0.32532126793745986,0.3899122807017544,0.3487063618642566,0.40685900436025374,0.4260233918128655,0.4722222222222222,108.0,0.13793103448275862,0.2,0.10526315789473684,19.0,0.43478260869565216,0.5263157894736842,0.37037037037037035,27.0,0.6333333333333333,0.5,0.8636363636363636,44.0,0.09523809523809523,0.3333333333333333,0.05555555555555555,18.0,,,,
p_1634,0.4596285434995112,0.5051515151515151,0.4632353617060392,0.48755656927699936,0.5174074074074073,0.5,108.0,0.4727272727272727,0.3939393939393939,0.5909090909090909,22.0,0.4,0.4666666666666667,0.35,20.0,0.36363636363636365,0.6,0.2608695652173913,23.0,0.6021505376344086,0.56,0.6511627906976745,43.0,,,,
p_1635,0.4442628561649696,0.5013264006791172,0.4486833380695273,0.4594544745823945,0.5091315317864554,0.46296296296296297,108.0,0.4827586206896552,0.45161290322580644,0.5185185185185185,27.0,0.5846153846153846,0.6129032258064516,0.5588235294117647,34.0,0.3870967741935484,0.3157894736842105,0.5,24.0,0.3225806451612903,0.625,0.21739130434782608,23.0,,,,
p_1636,0.3530788091645547,0.41384615384615386,0.3853632478632478,0.40576362540631256,0.4540218423551757,0.4351851851851852,108.0,0.6067415730337079,0.54,0.6923076923076923,39.0,0.125,0.3333333333333333,0.07692307692307693,13.0,0.3076923076923077,0.5,0.2222222222222222,36.0,0.3728813559322034,0.28205128205128205,0.55,20.0,,,,
p_1637,0.29491417673235854,0.28703703703703703,0.35,0.42608368062913515,0.4122085048010974,0.5092592592592593,108.0,0.5846153846153846,0.7037037037037037,0.5,38.0,0.0,0.0,0.0,11.0,0.0,0.0,0.0,19.0,0.5950413223140496,0.4444444444444444,0.9,40.0,,,,
p_1638,0.4387967200610221,0.5296434494195689,0.46669335773659726,0.4309408283187841,0.44717769178797373,0.49074074074074076,108.0,0.6086956521739131,0.5,0.7777777777777778,18.0,0.5,1.0,0.3333333333333333,12.0,0.05,0.1111111111111111,0.03225806451612903,31.0,0.5964912280701754,0.5074626865671642,0.723404255319149,47.0,,,,
p_1639,0.34930942073799215,0.3681878306878307,0.3891108891108891,0.3678317567206456,0.38076131687242804,0.4166666666666667,108.0,0.2222222222222222,0.4,0.15384615384615385,26.0,0.6666666666666666,0.5370370370370371,0.8787878787878788,33.0,0.32653061224489793,0.2857142857142857,0.38095238095238093,21.0,0.18181818181818182,0.25,0.14285714285714285,28.0,,,,
p_1640,0.34074074074074073,0.505877034358047,0.35645604395604397,0.4844993141289438,0.4857343781394415,0.5555555555555556,108.0,0.4444444444444444,0.42857142857142855,0.46153846153846156,26.0,0.2222222222222222,1.0,0.125,8.0,0.6962962962962963,0.5949367088607594,0.8392857142857143,56.0,0.0,0.0,0.0,18.0,,,,
p_1641,0.3602636796883153,0.359252886501785,0.4187405731523378,0.3938716954683838,0.40085657007472214,0.4537037037037037,108.0,0.5263157894736842,0.4838709677419355,0.5769230769230769,26.0,0.5617977528089888,0.423728813559322,0.8333333333333334,30.0,0.0,0.0,0.0,18.0,0.35294117647058826,0.5294117647058824,0.2647058823529412,34.0,,,,
p_1642,0.26117325379070344,0.3676975945017182,0.2741758241758242,0.4010412351202806,0.41914852997327223,0.5092592592592593,108.0,0.14814814814814814,0.3333333333333333,0.09523809523809523,21.0,0.5,1.0,0.3333333333333333,12.0,0.6577181208053692,0.5051546391752577,0.9423076923076923,52.0,0.0,0.0,0.0,22.0,0.0,0.0,0.0,1.0
p_1643,0.3338509316770186,0.4598753440181318,0.36492034313725485,0.35420979986197376,0.43722980711000786,0.4166666666666667,108.0,0.5739130434782609,0.4647887323943662,0.75,44.0,0.4,0.8,0.26666666666666666,15.0,0.05714285714285714,0.3333333333333333,0.03125,32.0,0.30434782608695654,0.2413793103448276,0.4117647058823529,17.0,,,,
p_1644,0.312815734989648,0.2966700794695529,0.35203694331983804,0.3873652327275516,0.35421011670341296,0.4444444444444444,108.0,0.5217391304347826,0.4528301886792453,0.6153846153846154,39.0,0.0,0.0,0.0,18.0,0.5866666666666667,0.5116279069767442,0.6875,32.0,0.14285714285714285,0.2222222222222222,0.10526315789473684,19.0,,,,
p_1645,0.24605263157894736,0.21939799331103682,0.28711502199874295,0.4562012670565302,0.4040009909575127,0.5370370370370371,108.0,0.625,0.5072463768115942,0.813953488372093,43.0,0.0,0.0,0.0,4.0,0.0,0.0,0.0,23.0,0.6052631578947368,0.5897435897435898,0.6216216216216216,37.0,0.0,0.0,0.0,1.0
p_1646,0.36406014328808445,0.36575596816976125,0.37072216154366255,0.3726116906876711,0.3748541114058355,0.37962962962962965,108.0,0.36923076923076925,0.41379310344827586,0.3333333333333333,36.0,0.3125,0.3333333333333333,0.29411764705882354,17.0,0.27450980392156865,0.28,0.2692307692307692,26.0,0.5,0.4358974358974359,0.5862068965517241,29.0,,,,
p_1647,0.2773590500931165,0.4087947359974322,0.2893121693121693,0.3407648600880159,0.43788673121845967,0.3888888888888889,108.0,0.1111111111111111,0.3333333333333333,0.06666666666666667,30.0,0.42105263157894735,1.0,0.26666666666666666,15.0,0.3448275862068966,0.3225806451612903,0.37037037037037035,27.0,0.5098039215686274,0.3880597014925373,0.7428571428571429,35.0,0.0,0.0,0.0,1.0
p_1648,0.29263538283282997,0.3319991789819376,0.32591698841698846,0.38054496791699294,0.404879736057897,0.4351851851851852,108.0,0.5504587155963303,0.4166666666666667,0.8108108108108109,37.0,0.0,0.0,0.0,10.0,0.21428571428571427,0.42857142857142855,0.14285714285714285,21.0,0.4057971014492754,0.4827586206896552,0.35,40.0,,,,
p_1649,0.35063435925504893,0.36957516339869284,0.36157407407407405,0.4483963248331065,0.435479302832244,0.49074074074074076,108.0,0.5384615384615384,0.56,0.5185185185185185,27.0,0.14814814814814814,0.2222222222222222,0.1111111111111111,18.0,0.6206896551724138,0.5294117647058824,0.75,48.0,0.09523809523809523,0.16666666666666666,0.06666666666666667,15.0,,,,
p_1650,0.43365322371236203,0.4147619047619048,0.46316964285714285,0.49159739162555277,0.4678659611992945,0.5277777777777778,108.0,0.6037735849056604,0.64,0.5714285714285714,28.0,0.6233766233766234,0.5333333333333333,0.75,32.0,0.5074626865671642,0.4857142857142857,0.53125,32.0,0.0,0.0,0.0,16.0,,,,
p_1651,0.3449038479165521,0.3756038647342995,0.34766260162601625,0.39273461237365254,0.400809626051172,0.4166666666666667,108.0,0.27586206896551724,0.4444444444444444,0.2,20.0,0.36,0.391304347826087,0.3333333333333333,27.0,0.15789473684210525,0.16666666666666666,0.15,20.0,0.5858585858585859,0.5,0.7073170731707317,41.0,,,,
p_1652,0.3689643164260993,0.3902621580547112,0.381935817805383,0.40968371024728467,0.42309960036023864,0.42592592592592593,108.0,0.26666666666666666,0.24,0.3,20.0,0.43137254901960786,0.39285714285714285,0.4782608695652174,23.0,0.1935483870967742,0.375,0.13043478260869565,23.0,0.5842696629213483,0.5531914893617021,0.6190476190476191,42.0,,,,
p_1653,0.25625625625625625,0.24202898550724639,0.32346723044397463,0.32402773143513885,0.2817498658078368,0.4444444444444444,108.0,0.5925925925925926,0.43478260869565216,0.9302325581395349,43.0,0.0,0.0,0.0,25.0,0.0,0.0,0.0,18.0,0.43243243243243246,0.5333333333333333,0.36363636363636365,22.0,,,,
p_1654,0.4651634515589257,0.6036297036297036,0.4545689089032743,0.5153399015198584,0.5821172654505987,0.5555555555555556,108.0,0.640625,0.5324675324675324,0.803921568627451,51.0,0.5517241379310345,0.6153846153846154,0.5,16.0,0.18181818181818182,0.6666666666666666,0.10526315789473684,19.0,0.4864864864864865,0.6,0.4090909090909091,22.0,,,,
p_1655,0.30923579109062976,0.35362554112554107,0.342451874366768,0.4653275587415372,0.4757996632996633,0.5370370370370371,108.0,0.47619047619047616,0.5357142857142857,0.42857142857142855,35.0,0.0,0.0,0.0,5.0,0.6774193548387096,0.5454545454545454,0.8936170212765957,47.0,0.08333333333333333,0.3333333333333333,0.047619047619047616,21.0,,,,
p_1656,0.37634087050470755,0.4940898345153664,0.37295184490306443,0.4605581136778081,0.5013133701076963,0.49074074074074076,108.0,0.5161290322580645,0.4444444444444444,0.6153846153846154,39.0,0.0,0.0,0.0,13.0,0.5681818181818182,0.5319148936170213,0.6097560975609756,41.0,0.42105263157894735,1.0,0.26666666666666666,15.0,,,,
p_1657,0.2918518801152298,0.3,0.3094748388866036,0.40917386852865795,0.39444444444444443,0.46296296296296297,108.0,0.6046511627906976,0.5,0.7647058823529411,51.0,0.0,0.0,0.0,11.0,0.3018867924528302,0.4,0.24242424242424243,33.0,0.2608695652173913,0.3,0.23076923076923078,13.0,,,,
p_1658,0.3513238848604702,0.366232112539413,0.35026194385800297,0.44596629149474676,0.4462363345640086,0.46296296296296297,108.0,0.2926829268292683,0.3,0.2857142857142857,21.0,0.125,0.14285714285714285,0.1111111111111111,9.0,0.375,0.47368421052631576,0.3103448275862069,29.0,0.6126126126126126,0.5483870967741935,0.6938775510204082,49.0,,,,
p_1659,0.4222535703585339,0.4945040183160453,0.42272727272727273,0.4929807916375379,0.5167460119684212,0.5,108.0,0.41935483870967744,0.3611111111111111,0.5,26.0,0.16666666666666666,0.5,0.1,10.0,0.611764705882353,0.6341463414634146,0.5909090909090909,44.0,0.49122807017543857,0.4827586206896552,0.5,28.0,,,,
p_1660,0.3617312348668281,0.3166184506589521,0.4327884615384615,0.40858712223119004,0.34940384775646754,0.5,108.0,0.14285714285714285,0.16666666666666666,0.125,16.0,0.66,0.5409836065573771,0.8461538461538461,39.0,0.0,0.0,0.0,28.0,0.6440677966101694,0.5588235294117647,0.76,25.0,,,,
p_1661,0.345940170940171,0.3806985294117647,0.3603448275862069,0.41244064577397915,0.43054874727668846,0.4537037037037037,108.0,0.6111111111111112,0.4852941176470588,0.825,40.0,0.46153846153846156,0.6,0.375,24.0,0.3111111111111111,0.4375,0.2413793103448276,29.0,0.0,0.0,0.0,15.0,,,,
p_1662,0.3123324615887545,0.46139705882352944,0.32346491228070173,0.3951932972527938,0.46840958605664484,0.46296296296296297,108.0,0.6015037593984962,0.47058823529411764,0.8333333333333334,48.0,0.0,0.0,0.0,17.0,0.34782608695652173,1.0,0.21052631578947367,19.0,0.3,0.375,0.25,24.0,,,,
p_1663,0.24470758516529617,0.23390573620752647,0.2979385964912281,0.3087299284306962,0.3028762229529493,0.37962962962962965,108.0,0.5148514851485149,0.37681159420289856,0.8125,32.0,0.4375,0.4117647058823529,0.4666666666666667,15.0,0.2711864406779661,0.38095238095238093,0.21052631578947367,38.0,0.0,0.0,0.0,22.0,0.0,0.0,0.0,1.0
p_1664,0.22651201325600664,0.20884057971014497,0.27221052631578946,0.3892571112952223,0.33034084809447134,0.5092592592592593,108.0,0.6619718309859155,0.5108695652173914,0.94,50.0,0.0,0.0,0.0,11.0,0.47058823529411764,0.5333333333333333,0.42105263157894735,19.0,0.0,0.0,0.0,27.0,0.0,0.0,0.0,1.0
p_1665,0.31212568058076223,0.3334817813765182,0.3215029761904762,0.3195368689924044,0.3372094766831609,0.3333333333333333,108.0,0.2631578947368421,0.38461538461538464,0.2,25.0,0.25,0.2631578947368421,0.23809523809523808,21.0,0.425,0.34,0.5666666666666667,30.0,0.3103448275862069,0.34615384615384615,0.28125,32.0,,,,
p_1666,0.37446463451785744,0.36073648971783834,0.3975772765246449,0.42407964924227487,0.39674265370104683,0.46296296296296297,108.0,0.0,0.0,0.0,17.0,0.48484848484848486,0.5333333333333333,0.4444444444444444,18.0,0.5393258426966292,0.47058823529411764,0.631578947368421,38.0,0.47368421052631576,0.43902439024390244,0.5142857142857142,35.0,,,,
p_1667,0.40796791443850267,0.41217948717948716,0.44875155327741534,0.4502792632204397,0.44662867996201333,0.5092592592592593,108.0,0.5882352941176471,0.46153846153846156,0.8108108108108109,37.0,0.68,0.6538461538461539,0.7083333333333334,24.0,0.0,0.0,0.0,18.0,0.36363636363636365,0.5333333333333333,0.27586206896551724,29.0,,,,
p_1668,0.3931125866348774,0.40003788541120244,0.4239583333333334,0.4130881971911659,0.43493401894054684,0.4166666666666667,108.0,0.5316455696202531,0.4883720930232558,0.5833333333333334,36.0,0.3225806451612903,0.23809523809523808,0.5,10.0,0.3673469387755102,0.47368421052631576,0.3,30.0,0.3508771929824561,0.4,0.3125,32.0,,,,
p_1669,0.3461081402257873,0.38271520146520144,0.3835839598997494,0.4209348385818974,0.4749567562067562,0.4722222222222222,108.0,0.4888888888888889,0.4583333333333333,0.5238095238095238,21.0,0.0,0.0,0.0,9.0,0.5818181818181818,0.45714285714285713,0.8,40.0,0.3137254901960784,0.6153846153846154,0.21052631578947367,38.0,,,,
p_1670,0.39342842322612687,0.42420661927808023,0.4152777777777778,0.3901658554474301,0.42924235676995814,0.4074074074074074,108.0,0.4745762711864407,0.4375,0.5185185185185185,27.0,0.5714285714285714,0.5517241379310345,0.5925925925925926,27.0,0.20512820512820512,0.4444444444444444,0.13333333333333333,30.0,0.3225806451612903,0.2631578947368421,0.4166666666666667,24.0,,,,
p_1671,0.2661877394636015,0.2833333333333333,0.31666666666666665,0.3334929757343551,0.30761316872427985,0.4444444444444444,108.0,0.0,0.0,0.0,28.0,0.16666666666666666,0.2222222222222222,0.13333333333333333,15.0,0.27586206896551724,0.4444444444444444,0.2,20.0,0.6222222222222222,0.4666666666666667,0.9333333333333333,45.0,,,,
p_1672,0.3691565871199738,0.36798245614035086,0.3858832586786114,0.4439843570278353,0.42345679012345677,0.48148148148148145,108.0,0.5217391304347826,0.5333333333333333,0.5106382978723404,47.0,0.42857142857142855,0.5,0.375,8.0,0.0,0.0,0.0,15.0,0.5263157894736842,0.43859649122807015,0.6578947368421053,38.0,,,,
p_1673,0.36392496392496393,0.3656967089371981,0.40603991596638656,0.4146705146705147,0.42614468710860615,0.46296296296296297,108.0,0.4126984126984127,0.5652173913043478,0.325,40.0,0.45714285714285713,0.4444444444444444,0.47058823529411764,17.0,0.5858585858585859,0.453125,0.8285714285714286,35.0,0.0,0.0,0.0,16.0,,,,
p_1674,0.25197183098591547,0.25277777777777777,0.29146634615384615,0.4186124152321336,0.394238683127572,0.5092592592592593,108.0,0.36,0.5,0.28125,32.0,0.0,0.0,0.0,7.0,0.647887323943662,0.5111111111111111,0.8846153846153846,52.0,0.0,0.0,0.0,17.0,,,,
p_1675,0.23819646453345267,0.2123434704830054,0.2744755244755245,0.3678468130247052,0.3266613661962499,0.42592592592592593,108.0,0.43902439024390244,0.4186046511627907,0.46153846153846156,39.0,0.0,0.0,0.0,10.0,0.0,0.0,0.0,15.0,0.5137614678899083,0.4307692307692308,0.6363636363636364,44.0,,,,
p_1676,0.34427284427284427,0.3580729166666667,0.3571379547014413,0.47368797368797366,0.4689911265432099,0.5092592592592593,108.0,0.2702702702702703,0.4166666666666667,0.2,25.0,0.0,0.0,0.0,5.0,0.47619047619047616,0.46875,0.4838709677419355,31.0,0.6306306306306306,0.546875,0.7446808510638298,47.0,,,,
p_1677,0.2727693602693603,0.3220890410958904,0.309353471118177,0.3365008105748846,0.3714738711314054,0.39814814814814814,108.0,0.5818181818181818,0.4383561643835616,0.8648648648648649,37.0,0.0,0.0,0.0,13.0,0.25925925925925924,0.35,0.20588235294117646,34.0,0.25,0.5,0.16666666666666666,24.0,,,,
p_1678,0.28900432900432904,0.29895604395604397,0.35294655557813454,0.3252076318742986,0.3486752136752137,0.39814814814814814,108.0,0.24,0.46153846153846156,0.16216216216216217,37.0,0.36363636363636365,0.32,0.42105263157894735,19.0,0.0,0.0,0.0,17.0,0.5523809523809524,0.4142857142857143,0.8285714285714286,35.0,,,,
p_1679,0.373244619485221,0.3974154135338346,0.3738927738927739,0.37814333010657153,0.41053211733036293,0.37037037037037035,108.0,0.2857142857142857,0.26666666666666666,0.3076923076923077,26.0,0.4074074074074074,0.4583333333333333,0.36666666666666664,30.0,0.4489795918367347,0.5789473684210527,0.36666666666666664,30.0,0.3508771929824561,0.2857142857142857,0.45454545454545453,22.0,,,,
p_1680,0.3682464846980976,0.5778032036613273,0.3802960569264917,0.417177649113133,0.5128895104104867,0.4444444444444444,108.0,0.5591397849462365,0.45614035087719296,0.7222222222222222,36.0,0.15384615384615385,1.0,0.08333333333333333,12.0,0.4,0.5217391304347826,0.32432432432432434,37.0,0.36,0.3333333333333333,0.391304347826087,23.0,,,,
p_1681,0.26241817481709667,0.2662907268170426,0.27066089693154993,0.3265092200402173,0.32632507193910704,0.3425925925925926,108.0,0.0,0.0,0.0,11.0,0.41509433962264153,0.5,0.3548387096774194,31.0,0.22641509433962265,0.21428571428571427,0.24,25.0,0.40816326530612246,0.3508771929824561,0.4878048780487805,41.0,,,,
p_1682,0.2889799720540289,0.26654645027716556,0.339500777000777,0.3814956269730373,0.33546432962047734,0.46296296296296297,108.0,0.6548672566371682,0.5362318840579711,0.8409090909090909,44.0,0.0,0.0,0.0,20.0,0.42105263157894735,0.3870967741935484,0.46153846153846156,26.0,0.08,0.14285714285714285,0.05555555555555555,18.0,,,,
p_1683,0.3505806391675957,0.407034632034632,0.35165755297334245,0.36966672171986176,0.39967131633798303,0.39814814814814814,108.0,0.5192307692307693,0.4090909090909091,0.7105263157894737,38.0,0.4,0.6,0.3,20.0,0.2222222222222222,0.2857142857142857,0.18181818181818182,22.0,0.2608695652173913,0.3333333333333333,0.21428571428571427,28.0,,,,
p_1684,0.2803729603729604,0.28285868226600985,0.3147897897897898,0.2946421479754813,0.302535178343368,0.3148148148148148,108.0,0.3384615384615385,0.34375,0.3333333333333333,33.0,0.08,0.14285714285714285,0.05555555555555555,18.0,0.30303030303030304,0.3448275862068966,0.2702702702702703,37.0,0.4,0.3,0.6,20.0,,,,
p_1685,0.25063131313131315,0.283130081300813,0.2995391705069124,0.25708473625140293,0.27137157482685936,0.3148148148148148,108.0,0.4166666666666667,0.36585365853658536,0.4838709677419355,31.0,0.36363636363636365,0.26666666666666666,0.5714285714285714,28.0,0.2222222222222222,0.5,0.14285714285714285,21.0,0.0,0.0,0.0,28.0,,,,
p_1686,0.3680436592724562,0.5411821705426357,0.354590262678498,0.48640745593462925,0.5499210450760839,0.5462962962962963,108.0,0.38095238095238093,1.0,0.23529411764705882,17.0,0.17647058823529413,0.25,0.13636363636363635,22.0,0.704225352112676,0.5813953488372093,0.8928571428571429,56.0,0.21052631578947367,0.3333333333333333,0.15384615384615385,13.0,,,,
p_1687,0.40063131313131317,0.45634582335349594,0.4299936868686869,0.3998737373737374,0.4548178369576494,0.42592592592592593,108.0,0.25,0.5714285714285714,0.16,25.0,0.4888888888888889,0.4074074074074074,0.6111111111111112,18.0,0.36363636363636365,0.43478260869565216,0.3125,32.0,0.5,0.4117647058823529,0.6363636363636364,33.0,,,,
p_1688,0.33189805499664654,0.3433089339339339,0.35106951871657754,0.39653476414039796,0.4126261678345011,0.4166666666666667,108.0,0.5352112676056338,0.5135135135135135,0.5588235294117647,34.0,0.0,0.0,0.0,11.0,0.2857142857142857,0.4375,0.21212121212121213,33.0,0.5066666666666667,0.4222222222222222,0.6333333333333333,30.0,,,,
p_1689,0.31866409034109316,0.3165247678018576,0.3490526018099548,0.4055861526357199,0.3799220272904484,0.4722222222222222,108.0,0.6290322580645161,0.5131578947368421,0.8125,48.0,0.0,0.0,0.0,17.0,0.2926829268292683,0.4,0.23076923076923078,26.0,0.35294117647058826,0.35294117647058826,0.35294117647058826,17.0,,,,
p_1690,0.36939837043503565,0.47790697674418603,0.4229664014146773,0.38264172922134027,0.4793568762561011,0.4444444444444444,108.0,0.13793103448275862,0.6666666666666666,0.07692307692307693,26.0,0.6111111111111112,0.5116279069767442,0.7586206896551724,29.0,0.2222222222222222,0.3333333333333333,0.16666666666666666,24.0,0.5063291139240507,0.4,0.6896551724137931,29.0,,,,
p_1691,0.2831257319280315,0.3002450980392157,0.36732017982017984,0.30848780218523647,0.3210330428467683,0.4074074074074074,108.0,0.5346534653465347,0.39705882352941174,0.8181818181818182,33.0,0.0,0.0,0.0,21.0,0.06451612903225806,0.3333333333333333,0.03571428571428571,28.0,0.5333333333333333,0.47058823529411764,0.6153846153846154,26.0,,,,
p_1692,0.35741851296573934,0.41865327929255713,0.39813207891852387,0.3553521593112909,0.4103264281230383,0.39814814814814814,108.0,0.5287356321839081,0.3898305084745763,0.8214285714285714,28.0,0.43478260869565216,0.43478260869565216,0.43478260869565216,23.0,0.20689655172413793,0.5,0.13043478260869565,23.0,0.25925925925925924,0.35,0.20588235294117646,34.0,,,,
p_1693,0.3279279279279279,0.3741967871485944,0.356691456012806,0.4405148738482072,0.4600215677524915,0.5185185185185185,108.0,0.3783783783783784,0.4666666666666667,0.3181818181818182,22.0,0.0,0.0,0.0,10.0,0.2564102564102564,0.5,0.1724137931034483,29.0,0.676923076923077,0.5301204819277109,0.9361702127659575,47.0,,,,
p_1694,0.42243315931023573,0.47596153846153844,0.4156386165577342,0.44394581260583477,0.46972934472934474,0.4537037037037037,108.0,0.2857142857142857,0.5,0.2,15.0,0.4666666666666667,0.5,0.4375,32.0,0.4489795918367347,0.5,0.4074074074074074,27.0,0.4883720930232558,0.40384615384615385,0.6176470588235294,34.0,,,,
p_1695,0.2971833721833722,0.3631628787878788,0.3467013888888889,0.3549670494114938,0.37775322671156003,0.42592592592592593,108.0,0.0,0.0,0.0,23.0,0.5656565656565656,0.4375,0.8,35.0,0.5230769230769231,0.5151515151515151,0.53125,32.0,0.1,0.5,0.05555555555555555,18.0,,,,
p_1696,0.372098027039688,0.5246212121212122,0.37692307692307697,0.4060531836212458,0.530513468013468,0.42592592592592593,108.0,0.2857142857142857,1.0,0.16666666666666666,24.0,0.25806451612903225,0.25,0.26666666666666666,15.0,0.5319148936170213,0.45454545454545453,0.6410256410256411,39.0,0.4126984126984127,0.3939393939393939,0.43333333333333335,30.0,,,,
p_1697,0.3347018834823713,0.32580532212885155,0.3885341995221027,0.3803044290849169,0.36574722481585226,0.4444444444444444,108.0,0.5454545454545454,0.5294117647058824,0.5625,32.0,0.0,0.0,0.0,18.0,0.5494505494505495,0.4166666666666667,0.8064516129032258,31.0,0.24390243902439024,0.35714285714285715,0.18518518518518517,27.0,,,,
p_1698,0.16459627329192547,0.12268518518518519,0.25,0.3230963883137796,0.24082647462277093,0.49074074074074076,108.0,0.0,0.0,0.0,17.0,0.0,0.0,0.0,13.0,0.6583850931677019,0.49074074074074076,1.0,53.0,0.0,0.0,0.0,25.0,,,,
p_1699,0.41971677559912857,0.3989823697173969,0.44794788544788544,0.5000322762849996,0.4652867801688128,0.5462962962962963,108.0,0.0,0.0,0.0,17.0,0.4,0.42105263157894735,0.38095238095238093,21.0,0.5925925925925926,0.5714285714285714,0.6153846153846154,26.0,0.6862745098039216,0.603448275862069,0.7954545454545454,44.0,,,,
p_1700,0.32644652364547444,0.3476102941176471,0.3548118548118548,0.37307956641263873,0.3717116013071895,0.42592592592592593,108.0,0.3870967741935484,0.35294117647058826,0.42857142857142855,28.0,0.0,0.0,0.0,19.0,0.5436893203883495,0.4375,0.717948717948718,39.0,0.375,0.6,0.2727272727272727,22.0,,,,
p_1701,0.40375771909078967,0.3685185185185185,0.45053283075061656,0.4609410356355567,0.4181069958847736,0.5185185185185185,108.0,0.6666666666666666,0.5740740740740741,0.7948717948717948,39.0,0.37209302325581395,0.3333333333333333,0.42105263157894735,19.0,0.576271186440678,0.5666666666666667,0.5862068965517241,29.0,0.0,0.0,0.0,21.0,,,,
p_1702,0.3379515221620485,0.33314567206192824,0.3761645962732919,0.41160934581987213,0.42952016055464326,0.4351851851851852,108.0,0.4935064935064935,0.3877551020408163,0.6785714285714286,28.0,0.0,0.0,0.0,11.0,0.47368421052631576,0.6,0.391304347826087,46.0,0.38461538461538464,0.3448275862068966,0.43478260869565216,23.0,,,,
p_1703,0.41994500826276526,0.47997271825396826,0.4252232648805476,0.4786063192605249,0.4963233943268665,0.5185185185185185,108.0,0.509090909090909,0.5,0.5185185185185185,27.0,0.2857142857142857,0.4444444444444444,0.21052631578947367,19.0,0.23076923076923078,0.42857142857142855,0.15789473684210525,19.0,0.6542056074766355,0.546875,0.813953488372093,43.0,,,,
p_1704,0.37092249780848763,0.39502350647861484,0.3816027722277723,0.3785623296683989,0.3972361307529293,0.39814814814814814,108.0,0.3902439024390244,0.42105263157894735,0.36363636363636365,22.0,0.5116279069767442,0.4074074074074074,0.6875,32.0,0.4,0.5294117647058824,0.32142857142857145,28.0,0.18181818181818182,0.2222222222222222,0.15384615384615385,26.0,,,,
p_1705,0.29605176933158583,0.2951388888888889,0.32210791925465837,0.37078661230037385,0.37330981775426214,0.39814814814814814,108.0,0.35714285714285715,0.47619047619047616,0.2857142857142857,35.0,0.0,0.0,0.0,11.0,0.47706422018348627,0.4126984126984127,0.5652173913043478,46.0,0.35,0.2916666666666667,0.4375,16.0,,,,
p_1706,0.3867181018748963,0.5219815668202765,0.4001037675606641,0.407298330352918,0.5483563748079877,0.42592592592592593,108.0,0.3902439024390244,0.5714285714285714,0.2962962962962963,27.0,0.5306122448979592,0.41935483870967744,0.7222222222222222,36.0,0.2926829268292683,0.24,0.375,16.0,0.3333333333333333,0.8571428571428571,0.20689655172413793,29.0,,,,
p_1707,0.3051092190711933,0.45092879256965945,0.343261810653115,0.3592541748300733,0.45729274165806677,0.4444444444444444,108.0,0.34146341463414637,0.3684210526315789,0.3181818181818182,22.0,0.0,0.0,0.0,21.0,0.5826771653543307,0.43529411764705883,0.8809523809523809,42.0,0.2962962962962963,1.0,0.17391304347826086,23.0,,,,
p_1708,0.35123576187405975,0.35330821966721415,0.39211538461538464,0.3624049796626629,0.35717709961621974,0.4166666666666667,108.0,0.6222222222222222,0.7368421052631579,0.5384615384615384,26.0,0.0,0.0,0.0,25.0,0.2978723404255319,0.3181818181818182,0.28,25.0,0.48484848484848486,0.3582089552238806,0.75,32.0,,,,
p_1709,0.34383064090381166,0.4426961926961927,0.36523268398268394,0.3859940481078692,0.4414659414659414,0.4537037037037037,108.0,0.5853658536585366,0.4444444444444444,0.8571428571428571,42.0,0.2857142857142857,0.45454545454545453,0.20833333333333334,24.0,0.42424242424242425,0.5384615384615384,0.35,20.0,0.08,0.3333333333333333,0.045454545454545456,22.0,,,,
p_1710,0.30492144559560297,0.3165091533180778,0.3116734143049933,0.40403585525308366,0.4161240359352487,0.4166666666666667,108.0,0.4090909090909091,0.5625,0.32142857142857145,28.0,0.1,0.10526315789473684,0.09523809523809523,21.0,0.5393258426966292,0.48,0.6153846153846154,39.0,0.47619047619047616,0.43478260869565216,0.5263157894736842,19.0,0.0,0.0,0.0,1.0
p_1711,0.25896413608949864,0.2687836107554417,0.28444444444444444,0.35541641729202156,0.35908379570351406,0.4074074074074074,108.0,0.5142857142857142,0.6,0.45,20.0,0.0,0.0,0.0,15.0,0.27586206896551724,0.36363636363636365,0.2222222222222222,36.0,0.5046728971962616,0.38028169014084506,0.75,36.0,0.0,0.0,0.0,1.0
p_1712,0.2932625104836455,0.29982078853046595,0.3164414414414415,0.34745648639973487,0.3372096110447365,0.3888888888888889,108.0,0.2857142857142857,0.4,0.2222222222222222,18.0,0.0,0.0,0.0,17.0,0.4383561643835616,0.4444444444444444,0.43243243243243246,37.0,0.4489795918367347,0.3548387096774194,0.6111111111111112,36.0,,,,
p_1713,0.36651165584099643,0.36841068187710657,0.3674011333494092,0.36936845808307694,0.37143538923938196,0.37037037037037035,108.0,0.3870967741935484,0.41379310344827586,0.36363636363636365,33.0,0.3137254901960784,0.32,0.3076923076923077,26.0,0.358974358974359,0.3684210526315789,0.35,20.0,0.40625,0.37142857142857144,0.4482758620689655,29.0,,,,
p_1714,0.2485925925925926,0.20528616852146264,0.3161764705882353,0.36325377229080935,0.30334010481069307,0.4537037037037037,108.0,0.0,0.0,0.0,15.0,0.37037037037037035,0.29411764705882354,0.5,20.0,0.624,0.527027027027027,0.7647058823529411,51.0,0.0,0.0,0.0,22.0,,,,
p_1715,0.34645508440689166,0.3750108832876235,0.38520920991117347,0.3449652385395357,0.3753845428293645,0.3888888888888889,108.0,0.1111111111111111,0.3333333333333333,0.06666666666666667,30.0,0.36363636363636365,0.3225806451612903,0.4166666666666667,24.0,0.38095238095238093,0.42105263157894735,0.34782608695652173,23.0,0.5301204819277109,0.4230769230769231,0.7096774193548387,31.0,,,,
p_1716,0.4016081871345029,0.4658385093167702,0.3915441176470588,0.3977041368854234,0.4351564297216471,0.4074074074074074,108.0,0.4888888888888889,0.39285714285714285,0.6470588235294118,34.0,0.5,0.75,0.375,16.0,0.3508771929824561,0.43478260869565216,0.29411764705882354,34.0,0.26666666666666666,0.2857142857142857,0.25,24.0,,,,
p_1717,0.1737012987012987,0.1976190476190476,0.2548979591836735,0.2993626743626744,0.2845679012345679,0.4537037037037037,108.0,0.07142857142857142,0.3333333333333333,0.04,25.0,0.0,0.0,0.0,12.0,0.6233766233766234,0.45714285714285713,0.9795918367346939,49.0,0.0,0.0,0.0,22.0,,,,
p_1718,0.29276014555619817,0.3050336778785055,0.3033945157010173,0.2995546424822741,0.32455908102459824,0.2962962962962963,108.0,0.2807017543859649,0.21621621621621623,0.4,20.0,0.2564102564102564,0.25,0.2631578947368421,19.0,0.3125,0.3448275862068966,0.2857142857142857,35.0,0.32142857142857145,0.4090909090909091,0.2647058823529412,34.0,,,,
p_1719,0.37674791600930274,0.37106060606060604,0.39625506072874495,0.371002223826965,0.37509539842873174,0.37962962962962965,108.0,0.4186046511627907,0.36,0.5,18.0,0.4745762711864407,0.42424242424242425,0.5384615384615384,26.0,0.35294117647058826,0.4,0.3157894736842105,38.0,0.2608695652173913,0.3,0.23076923076923078,26.0,,,,
p_1720,0.2684403153153153,0.21807359307359309,0.36354166666666665,0.30927802802802806,0.25200416867083536,0.4166666666666667,108.0,0.0,0.0,0.0,22.0,0.0,0.0,0.0,24.0,0.4791666666666667,0.3484848484848485,0.7666666666666667,30.0,0.5945945945945946,0.5238095238095238,0.6875,32.0,,,,
p_1721,0.2946028345418589,0.27993197278911564,0.33053144308403776,0.3506869674552602,0.3261652809271856,0.39814814814814814,108.0,0.21621621621621623,0.2857142857142857,0.17391304347826086,23.0,0.0,0.0,0.0,17.0,0.5121951219512195,0.4666666666666667,0.5675675675675675,37.0,0.45,0.3673469387755102,0.5806451612903226,31.0,,,,
p_1722,0.3402097902097902,0.355,0.3331709956709957,0.3356643356643357,0.34629629629629627,0.3333333333333333,108.0,0.3076923076923077,0.26666666666666666,0.36363636363636365,33.0,0.3076923076923077,0.3333333333333333,0.2857142857142857,21.0,0.2909090909090909,0.32,0.26666666666666666,30.0,0.45454545454545453,0.5,0.4166666666666667,24.0,,,,
p_1723,0.32710736468500445,0.3464285714285714,0.36754464285714283,0.37022248512931744,0.3888888888888889,0.42592592592592593,108.0,0.4897959183673469,0.5,0.48,25.0,0.0,0.0,0.0,16.0,0.5142857142857142,0.38571428571428573,0.7714285714285715,35.0,0.30434782608695654,0.5,0.21875,32.0,,,,
p_1724,0.2197058823529412,0.19693877551020408,0.31666666666666665,0.24106753812636164,0.19198790627362056,0.3888888888888889,108.0,0.0,0.0,0.0,28.0,0.32,0.4,0.26666666666666666,15.0,0.0,0.0,0.0,27.0,0.5588235294117647,0.3877551020408163,1.0,38.0,,,,
p_1725,0.4647562893081761,0.5005608974358974,0.47351750261233017,0.4791981132075472,0.4999970322886989,0.5,108.0,0.37735849056603776,0.4166666666666667,0.3448275862068966,29.0,0.6666666666666666,0.5625,0.8181818181818182,33.0,0.375,0.6,0.2727272727272727,22.0,0.44,0.4230769230769231,0.4583333333333333,24.0,,,,
p_1726,0.31089374760260835,0.30825636373632415,0.3198678861788618,0.3985317308102118,0.3874991600540009,0.4166666666666667,108.0,0.45569620253164556,0.4186046511627907,0.5,36.0,0.0,0.0,0.0,7.0,0.45454545454545453,0.425531914893617,0.4878048780487805,41.0,0.3333333333333333,0.3888888888888889,0.2916666666666667,24.0,,,,
p_1727,0.42645202020202017,0.423582995951417,0.4667642140468227,0.48532781518892626,0.46438746438746437,0.5462962962962963,108.0,0.625,0.5263157894736842,0.7692307692307693,39.0,0.0,0.0,0.0,18.0,0.6363636363636364,0.5526315789473685,0.75,28.0,0.4444444444444444,0.6153846153846154,0.34782608695652173,23.0,,,,
p_1728,0.2763626981893236,0.2601909427799761,0.3078430715625837,0.3563976538692741,0.32688424559224133,0.4074074074074074,108.0,0.3157894736842105,0.3103448275862069,0.32142857142857145,28.0,0.0,0.0,0.0,13.0,0.6078431372549019,0.5081967213114754,0.7560975609756098,41.0,0.18181818181818182,0.2222222222222222,0.15384615384615385,26.0,,,,
p_1729,0.3797916293486811,0.3988064791133845,0.39261995120628895,0.40169335677840284,0.4081667771778598,0.42592592592592593,108.0,0.5783132530120482,0.47058823529411764,0.75,32.0,0.35294117647058826,0.391304347826087,0.32142857142857145,28.0,0.23076923076923078,0.3333333333333333,0.17647058823529413,17.0,0.35714285714285715,0.4,0.3225806451612903,31.0,,,,
p_1730,0.31178306342780027,0.316601754857194,0.34519586104951955,0.38058866896586196,0.36871648710219745,0.4444444444444444,108.0,0.5964912280701754,0.4657534246575342,0.8292682926829268,41.0,0.0,0.0,0.0,15.0,0.2916666666666667,0.3888888888888889,0.23333333333333334,30.0,0.358974358974359,0.4117647058823529,0.3181818181818182,22.0,,,,
p_1731,0.25116374589266155,0.21168656141701964,0.3141025641025641,0.32263143483023,0.2743229367218586,0.39814814814814814,108.0,0.4819277108433735,0.37735849056603776,0.6666666666666666,30.0,0.0,0.0,0.0,22.0,0.5227272727272727,0.46938775510204084,0.5897435897435898,39.0,0.0,0.0,0.0,17.0,,,,
p_1732,0.35399669386231536,0.4786821705426356,0.35643939393939394,0.4831483752723021,0.5090439276485789,0.5555555555555556,108.0,0.2857142857142857,0.3333333333333333,0.25,24.0,0.42105263157894735,1.0,0.26666666666666666,15.0,0.7092198581560284,0.5813953488372093,0.9090909090909091,55.0,0.0,0.0,0.0,14.0,,,,
p_1733,0.3491194814724226,0.40997578692493947,0.3466052143377724,0.4223137164313635,0.47205138552596176,0.4351851851851852,108.0,0.35294117647058826,0.36,0.34615384615384615,26.0,0.3783783783783784,0.7,0.25925925925925924,27.0,0.5882352941176471,0.5084745762711864,0.6976744186046512,43.0,0.07692307692307693,0.07142857142857142,0.08333333333333333,12.0,,,,
p_1734,0.30298615525888256,0.34194819819819816,0.3448439337050101,0.34228552031582343,0.38119994994995,0.4074074074074074,108.0,0.36363636363636365,0.375,0.35294117647058826,17.0,0.23076923076923078,0.2,0.2727272727272727,11.0,0.5619834710743802,0.4594594594594595,0.723404255319149,47.0,0.05555555555555555,0.3333333333333333,0.030303030303030304,33.0,,,,
p_1735,0.3896103896103896,0.39670719351570416,0.40487536656891493,0.40584415584415584,0.41103418514766027,0.42592592592592593,108.0,0.6153846153846154,0.5106382978723404,0.7741935483870968,31.0,0.38461538461538464,0.47619047619047616,0.3225806451612903,31.0,0.2857142857142857,0.3,0.2727272727272727,22.0,0.2727272727272727,0.3,0.25,24.0,,,,
p_1736,0.30540228731942215,0.29389423505301615,0.32085346215780997,0.3845676535283277,0.3752297695539253,0.39814814814814814,108.0,0.42696629213483145,0.4418604651162791,0.41304347826086957,46.0,0.0,0.0,0.0,7.0,0.4375,0.3888888888888889,0.5,28.0,0.35714285714285715,0.3448275862068966,0.37037037037037035,27.0,,,,
p_1737,0.3823397435897436,0.5415095525389643,0.4044002872127872,0.3811348528015195,0.512787926186619,0.4074074074074074,108.0,0.475,0.36538461538461536,0.6785714285714286,28.0,0.3076923076923077,1.0,0.18181818181818182,22.0,0.4666666666666667,0.4117647058823529,0.5384615384615384,26.0,0.28,0.3888888888888889,0.21875,32.0,,,,
p_1738,0.3866769349249134,0.38421658986175117,0.416312358276644,0.5133102297522784,0.514742276839051,0.5370370370370371,108.0,0.6857142857142857,0.6428571428571429,0.7346938775510204,49.0,0.0,0.0,0.0,9.0,0.4528301886792453,0.5714285714285714,0.375,32.0,0.40816326530612246,0.3225806451612903,0.5555555555555556,18.0,,,,
p_1739,0.19387717526250448,0.2222222222222222,0.2508008658008658,0.21898606990299432,0.23662551440329216,0.28703703703703703,108.0,0.273972602739726,0.2222222222222222,0.35714285714285715,28.0,0.07142857142857142,0.3333333333333333,0.04,25.0,0.43010752688172044,0.3333333333333333,0.6060606060606061,33.0,0.0,0.0,0.0,22.0,,,,
p_1740,0.3939311189777608,0.5799139167862267,0.44982517482517487,0.41419684676490925,0.5960173229183273,0.46296296296296297,108.0,0.5625,0.5294117647058824,0.6,45.0,0.46153846153846156,0.4,0.5454545454545454,11.0,0.07407407407407407,1.0,0.038461538461538464,26.0,0.47761194029850745,0.3902439024390244,0.6153846153846154,26.0,,,,
p_1741,0.23722097477215692,0.21937386569872958,0.29480796586059743,0.328950136241115,0.30509343281575585,0.4074074074074074,108.0,0.5309734513274337,0.39473684210526316,0.8108108108108109,37.0,0.0,0.0,0.0,6.0,0.417910447761194,0.4827586206896552,0.3684210526315789,38.0,0.0,0.0,0.0,27.0,,,,
p_1742,0.5345210345210345,0.5973404255319149,0.52912554219562,0.5394214838659283,0.5876871552403466,0.5462962962962963,108.0,0.5897435897435898,0.48936170212765956,0.7419354838709677,31.0,0.5238095238095238,0.7333333333333333,0.4074074074074074,27.0,0.5396825396825397,0.5,0.5862068965517241,29.0,0.48484848484848486,0.6666666666666666,0.38095238095238093,21.0,,,,
p_1743,0.3921652533523492,0.4135294834307992,0.42472943722943723,0.388834359028066,0.4267121958703342,0.4074074074074074,108.0,0.3673469387755102,0.5625,0.2727272727272727,33.0,0.45161290322580644,0.3684210526315789,0.5833333333333334,12.0,0.2553191489361702,0.3157894736842105,0.21428571428571427,28.0,0.4943820224719101,0.4074074074074074,0.6285714285714286,35.0,,,,
p_1744,0.40105965463108323,0.4167009771629337,0.4038093132920719,0.40280103494389213,0.4162788309829373,0.4074074074074074,108.0,0.5,0.45454545454545453,0.5555555555555556,27.0,0.42857142857142855,0.5625,0.34615384615384615,26.0,0.4307692307692308,0.3888888888888889,0.4827586206896552,29.0,0.24489795918367346,0.2608695652173913,0.23076923076923078,26.0,,,,
p_1745,0.30426973163536947,0.32247927511085406,0.3248289751009181,0.3715981965129385,0.3776444315918,0.4166666666666667,108.0,0.32,0.42105263157894735,0.25806451612903225,31.0,0.16666666666666666,0.16666666666666666,0.16666666666666666,6.0,0.584070796460177,0.4714285714285714,0.7674418604651163,43.0,0.14634146341463414,0.23076923076923078,0.10714285714285714,28.0,,,,
p_1746,0.35850453893932155,0.34889741715399614,0.40242742742742743,0.42597370423457376,0.4107758465092774,0.48148148148148145,108.0,0.49230769230769234,0.42105263157894735,0.5925925925925926,27.0,0.0,0.0,0.0,14.0,0.6373626373626373,0.5370370370370371,0.7837837837837838,37.0,0.30434782608695654,0.4375,0.23333333333333334,30.0,,,,
p_1747,0.38190397858755964,0.4144686176357335,0.40625,0.5230486292465271,0.5214349890899755,0.5740740740740741,108.0,0.6451612903225806,0.5660377358490566,0.75,40.0,0.0,0.0,0.0,8.0,0.651685393258427,0.5918367346938775,0.725,40.0,0.23076923076923078,0.5,0.15,20.0,,,,
p_1748,0.24710257740875283,0.21126582278481013,0.3068181818181818,0.3073350118843979,0.25465541490857946,0.39814814814814814,108.0,0.5203252032520326,0.4050632911392405,0.7272727272727273,44.0,0.0,0.0,0.0,26.0,0.46808510638297873,0.44,0.5,22.0,0.0,0.0,0.0,16.0,,,,
p_1749,0.3335056026989346,0.3285927081855582,0.3440917634996582,0.4204155534262941,0.4271628582287304,0.4166666666666667,108.0,0.24390243902439024,0.2631578947368421,0.22727272727272727,22.0,0.38461538461538464,0.3333333333333333,0.45454545454545453,11.0,0.6055045871559633,0.6226415094339622,0.5892857142857143,56.0,0.1,0.09523809523809523,0.10526315789473684,19.0,,,,
p_1750,0.25384615384615383,0.2670212765957447,0.29948979591836733,0.3532763532763533,0.32348305752561074,0.46296296296296297,108.0,0.4,0.6,0.3,20.0,0.0,0.0,0.0,15.0,0.6153846153846154,0.46808510638297873,0.8979591836734694,49.0,0.0,0.0,0.0,24.0,,,,
p_1751,0.410249468004256,0.43408994183572136,0.41127353121838417,0.4340186297028143,0.45430426170247423,0.4444444444444444,108.0,0.43137254901960786,0.5789473684210527,0.34375,32.0,0.375,0.4,0.35294117647058826,17.0,0.27906976744186046,0.2857142857142857,0.2727272727272727,22.0,0.5555555555555556,0.4716981132075472,0.6756756756756757,37.0,,,,
p_1752,0.27166666666666667,0.2218396892655367,0.35275519421860885,0.34685185185185186,0.2855559478970496,0.4444444444444444,108.0,0.58,0.4915254237288136,0.7073170731707317,41.0,0.0,0.0,0.0,9.0,0.0,0.0,0.0,31.0,0.5066666666666667,0.3958333333333333,0.7037037037037037,27.0,,,,
p_1753,0.37320602357049326,0.5122448979591836,0.4066666666666666,0.4935686341077001,0.6061980347694634,0.5462962962962963,108.0,0.66,0.6,0.7333333333333333,45.0,0.0,0.0,0.0,8.0,0.5569620253164557,0.4489795918367347,0.7333333333333333,30.0,0.27586206896551724,1.0,0.16,25.0,,,,
p_1754,0.17727538776704713,0.15230179028132992,0.22448979591836732,0.29122091069705935,0.24258312020460357,0.37962962962962965,108.0,0.1568627450980392,0.17391304347826086,0.14285714285714285,28.0,0.0,0.0,0.0,11.0,0.0,0.0,0.0,20.0,0.5522388059701493,0.43529411764705883,0.7551020408163265,49.0,,,,
p_1755,0.30972922232320726,0.5743293418732015,0.34414304333659174,0.34667394473158886,0.4881339150344998,0.4166666666666667,108.0,0.5470085470085471,0.3950617283950617,0.8888888888888888,36.0,0.16666666666666666,1.0,0.09090909090909091,11.0,0.15789473684210525,0.42857142857142855,0.0967741935483871,31.0,0.3673469387755102,0.47368421052631576,0.3,30.0,,,,
p_1756,0.3755164260826282,0.4280823742540495,0.37934451219512194,0.42832208764264507,0.4590560962710366,0.46296296296296297,108.0,0.6,0.4782608695652174,0.8048780487804879,41.0,0.25,0.3333333333333333,0.2,10.0,0.40816326530612246,0.5882352941176471,0.3125,32.0,0.24390243902439024,0.3125,0.2,25.0,,,,
p_1757,0.26406926406926406,0.3787128712871287,0.30410654827968925,0.39137405804072467,0.41006600660066006,0.5185185185185185,108.0,0.6753246753246753,0.5148514851485149,0.9811320754716981,53.0,0.38095238095238093,1.0,0.23529411764705882,17.0,0.0,0.0,0.0,15.0,0.0,0.0,0.0,23.0,,,,
p_1758,0.360724043715847,0.3660714285714286,0.3759469696969697,0.47961951022060306,0.46825396825396826,0.5185185185185185,108.0,0.4262295081967213,0.4642857142857143,0.3939393939393939,33.0,0.0,0.0,0.0,7.0,0.35,0.4375,0.2916666666666667,24.0,0.6666666666666666,0.5625,0.8181818181818182,44.0,,,,
p_1759,0.30690703428773414,0.2747716894977169,0.37625,0.3548197897437912,0.32365127684762385,0.4166666666666667,108.0,0.0,0.0,0.0,20.0,0.43478260869565216,0.3333333333333333,0.625,8.0,0.24,0.3,0.2,30.0,0.5528455284552846,0.4657534246575342,0.68,50.0,,,,
p_1760,0.4555884270710402,0.5978850690933604,0.475515873015873,0.5077949599803768,0.6310367748942066,0.5370370370370371,108.0,0.6329113924050633,0.5813953488372093,0.6944444444444444,36.0,0.2962962962962963,0.26666666666666666,0.3333333333333333,12.0,0.6172839506172839,0.5434782608695652,0.7142857142857143,35.0,0.27586206896551724,1.0,0.16,25.0,,,,
p_1761,0.39012493753123445,0.3836730172795747,0.42743125843454793,0.4654609732170952,0.4363264904248511,0.5277777777777778,108.0,0.0,0.0,0.0,18.0,0.7246376811594203,0.6756756756756757,0.78125,32.0,0.56,0.45901639344262296,0.717948717948718,39.0,0.27586206896551724,0.4,0.21052631578947367,19.0,,,,
p_1762,0.3187412464985995,0.3281607879065506,0.33468745425267166,0.4096324177819276,0.4004300911080572,0.4444444444444444,108.0,0.3125,0.2702702702702703,0.37037037037037035,27.0,0.35294117647058826,0.5,0.2727272727272727,22.0,0.6095238095238096,0.5423728813559322,0.6956521739130435,46.0,0.0,0.0,0.0,13.0,,,,
p_1763,0.3452610183996577,0.36884555194414353,0.3534906270200388,0.4343428580484635,0.42954458310483357,0.4722222222222222,108.0,0.2631578947368421,0.38461538461538464,0.2,25.0,0.4,0.3888888888888889,0.4117647058823529,17.0,0.6178861788617886,0.5352112676056338,0.7307692307692307,52.0,0.1,0.16666666666666666,0.07142857142857142,14.0,,,,
p_1764,0.39714606381273043,0.47361111111111115,0.4154810298102981,0.4887024269740319,0.513425925925926,0.5370370370370371,108.0,0.6419753086419753,0.65,0.6341463414634146,41.0,0.0,0.0,0.0,15.0,0.5656565656565656,0.4444444444444444,0.7777777777777778,36.0,0.38095238095238093,0.8,0.25,16.0,,,,
p_1765,0.3106188230008985,0.3019486327625862,0.32115378625050617,0.3762052427539849,0.36557604755279177,0.3888888888888889,108.0,0.41509433962264153,0.4230769230769231,0.4074074074074074,27.0,0.0,0.0,0.0,11.0,0.4523809523809524,0.4418604651162791,0.4634146341463415,41.0,0.375,0.34285714285714286,0.41379310344827586,29.0,,,,
p_1766,0.32523791867507107,0.4774813539873781,0.36367886178861786,0.3830525000343317,0.50196022183974,0.46296296296296297,108.0,0.27586206896551724,1.0,0.16,25.0,0.4444444444444444,0.47619047619047616,0.4166666666666667,24.0,0.5806451612903226,0.43373493975903615,0.8780487804878049,41.0,0.0,0.0,0.0,18.0,,,,
p_1767,0.3386217948717949,0.33134920634920634,0.364247311827957,0.41463675213675216,0.40564373897707234,0.4444444444444444,108.0,0.34615384615384615,0.42857142857142855,0.2903225806451613,31.0,0.0,0.0,0.0,9.0,0.475,0.4523809523809524,0.5,38.0,0.5333333333333333,0.4444444444444444,0.6666666666666666,30.0,,,,
p_1768,0.333831855570986,0.3525293385490754,0.37697312697312696,0.3635433852825157,0.3701876218323587,0.4074074074074074,108.0,0.21739130434782608,0.2631578947368421,0.18518518518518517,27.0,0.4594594594594595,0.4594594594594595,0.4594594594594595,37.0,0.5675675675675675,0.4375,0.8076923076923077,26.0,0.09090909090909091,0.25,0.05555555555555555,18.0,,,,
p_1769,0.3676900584795321,0.4951923076923077,0.34177740863787376,0.46160927008880226,0.5154914529914529,0.46296296296296297,108.0,0.5,0.5,0.5,42.0,0.0,0.0,0.0,9.0,0.5263157894736842,0.4807692307692308,0.5813953488372093,43.0,0.4444444444444444,1.0,0.2857142857142857,14.0,,,,
p_1770,0.28223755411255413,0.37996031746031744,0.30400276052449965,0.3615485209235209,0.4040270429159318,0.4351851851851852,108.0,0.12121212121212122,0.16666666666666666,0.09523809523809523,21.0,0.3125,0.5555555555555556,0.21739130434782608,23.0,0.6,0.4642857142857143,0.8478260869565217,46.0,0.09523809523809523,0.3333333333333333,0.05555555555555555,18.0,,,,
p_1771,0.41187494352579745,0.42225672877846787,0.40748371998372,0.4705106941223324,0.48436853002070396,0.46296296296296297,108.0,0.64,0.6666666666666666,0.6153846153846154,39.0,0.14285714285714285,0.14285714285714285,0.14285714285714285,14.0,0.3548387096774194,0.3142857142857143,0.4074074074074074,27.0,0.5098039215686274,0.5652173913043478,0.4642857142857143,28.0,,,,
p_1772,0.33328047514704184,0.31994047619047616,0.3621031746031746,0.3938778474010857,0.3727954144620811,0.4351851851851852,108.0,0.4230769230769231,0.4583333333333333,0.39285714285714285,28.0,0.0,0.0,0.0,14.0,0.3448275862068966,0.35714285714285715,0.3333333333333333,30.0,0.5652173913043478,0.4642857142857143,0.7222222222222222,36.0,,,,
p_1773,0.18205128205128204,0.18028846153846154,0.2512019230769231,0.3172839506172839,0.2638888888888889,0.46296296296296297,108.0,0.0,0.0,0.0,15.0,0.0,0.0,0.0,25.0,0.6282051282051282,0.47115384615384615,0.9423076923076923,52.0,0.1,0.25,0.0625,16.0,,,,
p_1774,0.36381971766320964,0.39285714285714285,0.36867262854104965,0.423025198125432,0.41820987654320985,0.4444444444444444,108.0,0.5365853658536586,0.5,0.5789473684210527,38.0,0.16666666666666666,0.3333333333333333,0.1111111111111111,9.0,0.20408163265306123,0.23809523809523808,0.17857142857142858,28.0,0.547945205479452,0.5,0.6060606060606061,33.0,,,,
p_1775,0.31856060606060604,0.29923349056603776,0.34787360890302066,0.3854096520763188,0.3585560796645702,0.42592592592592593,108.0,0.6,0.5094339622641509,0.7297297297297297,37.0,0.0,0.0,0.0,17.0,0.25,0.25,0.25,20.0,0.42424242424242425,0.4375,0.4117647058823529,34.0,,,,
p_1776,0.3216457828960283,0.4949685636505056,0.31873563218390805,0.32247053128506376,0.48135394760848477,0.32407407407407407,108.0,0.27586206896551724,1.0,0.16,25.0,0.3548387096774194,0.3793103448275862,0.3333333333333333,33.0,0.3058823529411765,0.23214285714285715,0.4482758620689655,29.0,0.35,0.3684210526315789,0.3333333333333333,21.0,,,,
p_1777,0.39318980852464525,0.3762377450980392,0.41187943262411353,0.5050012684094456,0.4842147785039942,0.5277777777777778,108.0,0.46808510638297873,0.44,0.5,22.0,0.0,0.0,0.0,9.0,0.6530612244897959,0.6274509803921569,0.6808510638297872,47.0,0.45161290322580644,0.4375,0.4666666666666667,30.0,,,,
p_1778,0.3749186089530152,0.3581277213352685,0.39361702127659576,0.45714686014168077,0.4353733268827608,0.48148148148148145,108.0,0.43137254901960786,0.4230769230769231,0.44,25.0,0.0,0.0,0.0,11.0,0.54,0.5094339622641509,0.574468085106383,47.0,0.5283018867924528,0.5,0.56,25.0,,,,
p_1779,0.28142076502732244,0.24533991228070173,0.3359674329501916,0.2881289539142527,0.25197977582846004,0.3425925925925926,108.0,0.45901639344262296,0.4375,0.4827586206896552,29.0,0.0,0.0,0.0,31.0,0.25806451612903225,0.21052631578947367,0.3333333333333333,12.0,0.40860215053763443,0.3333333333333333,0.5277777777777778,36.0,,,,
p_1780,0.4386453830142501,0.5648875977823347,0.42234848484848486,0.5003288891260941,0.5548924218514862,0.5092592592592593,108.0,0.2564102564102564,0.2631578947368421,0.25,20.0,0.42105263157894735,1.0,0.26666666666666666,15.0,0.6271186440677966,0.5873015873015873,0.6727272727272727,55.0,0.45,0.4090909090909091,0.5,18.0,,,,
p_1781,0.32176767676767676,0.3467917675544794,0.348252688172043,0.40649083426861204,0.4363958389382118,0.4351851851851852,108.0,0.0,0.0,0.0,7.0,0.3181818181818182,0.5,0.23333333333333334,30.0,0.48,0.5142857142857142,0.45,40.0,0.4888888888888889,0.3728813559322034,0.7096774193548387,31.0,,,,
p_1782,0.4546221322537112,0.4568236714975845,0.46410334967320266,0.45164192532613584,0.46289906193287833,0.4537037037037037,108.0,0.5,0.4722222222222222,0.53125,32.0,0.42105263157894735,0.5217391304347826,0.35294117647058826,34.0,0.38461538461538464,0.35714285714285715,0.4166666666666667,24.0,0.5128205128205128,0.47619047619047616,0.5555555555555556,18.0,,,,
p_1783,0.4211309523809524,0.4399529569892473,0.4223358232181762,0.4831900352733686,0.4889560931899642,0.5,108.0,0.3333333333333333,0.4666666666666667,0.25925925925925924,27.0,0.3333333333333333,0.3125,0.35714285714285715,14.0,0.6428571428571429,0.5806451612903226,0.72,50.0,0.375,0.4,0.35294117647058826,17.0,,,,
p_1784,0.3996621621621622,0.3836999128919861,0.4337606837606838,0.499512012012012,0.49346931862175764,0.5185185185185185,108.0,0.4,0.3125,0.5555555555555556,18.0,0.55,0.5365853658536586,0.5641025641025641,39.0,0.6486486486486487,0.6857142857142857,0.6153846153846154,39.0,0.0,0.0,0.0,12.0,,,,
p_1785,0.21116593567251463,0.24914965986394555,0.26745907349355624,0.36362559562486463,0.3642605190224238,0.49074074074074076,108.0,0.0625,0.3333333333333333,0.034482758620689655,29.0,0.0,0.0,0.0,14.0,0.6710526315789473,0.5204081632653061,0.9444444444444444,54.0,0.1111111111111111,0.14285714285714285,0.09090909090909091,11.0,,,,
p_1786,0.32478359236671256,0.3479787234042553,0.35168650793650796,0.4114668721446215,0.4260756501182033,0.4444444444444444,108.0,0.46153846153846156,0.36,0.6428571428571429,28.0,0.0,0.0,0.0,11.0,0.5434782608695652,0.5319148936170213,0.5555555555555556,45.0,0.29411764705882354,0.5,0.20833333333333334,24.0,,,,
p_1787,0.4286342123056119,0.43806894738571756,0.43489690134426984,0.4705995041694839,0.479277808815421,0.48148148148148145,108.0,0.5517241379310345,0.4897959183673469,0.631578947368421,38.0,0.2,0.2222222222222222,0.18181818181818182,11.0,0.41379310344827586,0.5217391304347826,0.34285714285714286,35.0,0.5490196078431373,0.5185185185185185,0.5833333333333334,24.0,,,,
p_1788,0.2660079656862745,0.22366071428571427,0.3326539855072464,0.3821259985475671,0.3149470899470899,0.49074074074074076,108.0,0.0,0.0,0.0,18.0,0.0,0.0,0.0,19.0,0.39215686274509803,0.35714285714285715,0.43478260869565216,23.0,0.671875,0.5375,0.8958333333333334,48.0,,,,
p_1789,0.49329335332333835,0.5305603948896632,0.5150417215634607,0.5229133581357469,0.5520658579601668,0.5370370370370371,108.0,0.5977011494252874,0.6341463414634146,0.5652173913043478,46.0,0.6206896551724138,0.5,0.8181818181818182,22.0,0.32,0.5714285714285714,0.2222222222222222,18.0,0.43478260869565216,0.4166666666666667,0.45454545454545453,22.0,,,,
p_1790,0.3800422309596621,0.3744267198404786,0.39435960591133,0.515510304246288,0.4944721391381411,0.5462962962962963,108.0,0.6788990825688074,0.6271186440677966,0.74,50.0,0.0,0.0,0.0,8.0,0.5079365079365079,0.47058823529411764,0.5517241379310345,29.0,0.3333333333333333,0.4,0.2857142857142857,21.0,,,,
p_1791,0.29605848696757786,0.25841487279843445,0.35,0.43914671187398463,0.3784518373559469,0.5277777777777778,108.0,0.5230769230769231,0.4857142857142857,0.5666666666666667,30.0,0.0,0.0,0.0,10.0,0.6611570247933884,0.547945205479452,0.8333333333333334,48.0,0.0,0.0,0.0,20.0,,,,
p_1792,0.3893055523625438,0.39154982645232006,0.3956883394383395,0.42756541465891723,0.4381332545095333,0.42592592592592593,108.0,0.35294117647058826,0.391304347826087,0.32142857142857145,28.0,0.20689655172413793,0.1875,0.23076923076923078,13.0,0.4838709677419355,0.42857142857142855,0.5555555555555556,27.0,0.5135135135135135,0.5588235294117647,0.475,40.0,,,,
p_1793,0.4362232441471572,0.45978260869565213,0.42779225085259565,0.5572506503158677,0.5459205582393989,0.5833333333333334,108.0,0.125,0.16666666666666666,0.1,10.0,0.5217391304347826,0.6,0.46153846153846156,13.0,0.752,0.6811594202898551,0.8392857142857143,56.0,0.34615384615384615,0.391304347826087,0.3103448275862069,29.0,,,,
p_1794,0.28890430945517953,0.30143289841565707,0.3477729885057471,0.37338990176967474,0.37424924924924924,0.46296296296296297,108.0,0.058823529411764705,0.25,0.03333333333333333,30.0,0.0,0.0,0.0,9.0,0.6140350877192983,0.47297297297297297,0.875,40.0,0.4827586206896552,0.4827586206896552,0.4827586206896552,29.0,,,,
p_1795,0.3405161454360539,0.3568650793650794,0.3936793936793937,0.3675099584710569,0.4063095238095238,0.4074074074074074,108.0,0.4444444444444444,0.31746031746031744,0.7407407407407407,27.0,0.5263157894736842,0.75,0.40540540540540543,37.0,0.391304347826087,0.36,0.42857142857142855,21.0,0.0,0.0,0.0,23.0,,,,
p_1796,0.36540845378155007,0.39221987606587627,0.4022413793103448,0.36481557449301183,0.3952382185345999,0.39814814814814814,108.0,0.1111111111111111,0.2857142857142857,0.06896551724137931,29.0,0.42105263157894735,0.3137254901960784,0.64,25.0,0.5573770491803278,0.5483870967741935,0.5666666666666667,30.0,0.37209302325581395,0.42105263157894735,0.3333333333333333,24.0,,,,
p_1797,0.3225003152187618,0.3222216927182615,0.369281045751634,0.44298509832490407,0.4112251309639796,0.5185185185185185,108.0,0.6796116504854369,0.5737704918032787,0.8333333333333334,42.0,0.0,0.0,0.0,14.0,0.09090909090909091,0.25,0.05555555555555555,18.0,0.5194805194805194,0.46511627906976744,0.5882352941176471,34.0,,,,
p_1798,0.4589762870481666,0.6047453703703703,0.45399142457965985,0.4802276315956096,0.5608924897119342,0.5,108.0,0.3783783783783784,0.4375,0.3333333333333333,21.0,0.38095238095238093,1.0,0.23529411764705882,17.0,0.5977011494252874,0.48148148148148145,0.7878787878787878,33.0,0.4788732394366197,0.5,0.4594594594594595,37.0,,,,
p_1799,0.28466070863650744,0.34615384615384615,0.3114478114478114,0.3589339695595627,0.43972109761583444,0.3888888888888889,108.0,0.4482758620689655,0.6842105263157895,0.3333333333333333,39.0,0.0,0.0,0.0,9.0,0.25,0.38461538461538464,0.18518518518518517,27.0,0.44036697247706424,0.3157894736842105,0.7272727272727273,33.0,,,,
p_1800,0.30641025641025643,0.2947916666666667,0.34102240896358543,0.38268439379550495,0.3733796296296297,0.4166666666666667,108.0,0.49230769230769234,0.4,0.64,25.0,0.0,0.0,0.0,7.0,0.5111111111111111,0.4791666666666667,0.5476190476190477,42.0,0.2222222222222222,0.3,0.17647058823529413,34.0,,,,
p_1801,0.2702486975214248,0.38157630522088354,0.30868421052631584,0.32531549703266877,0.4211382567306262,0.39814814814814814,108.0,0.3111111111111111,0.7,0.2,35.0,0.05405405405405406,0.08333333333333333,0.04,25.0,0.5619834710743802,0.40963855421686746,0.8947368421052632,38.0,0.15384615384615385,0.3333333333333333,0.1,10.0,,,,
p_1802,0.34811987704918035,0.34225490196078434,0.37870370370370365,0.4088143214936248,0.41299564270152506,0.4351851851851852,108.0,0.56,0.4666666666666667,0.7,30.0,0.0,0.0,0.0,12.0,0.40625,0.52,0.3333333333333333,39.0,0.4262295081967213,0.38235294117647056,0.48148148148148145,27.0,,,,
p_1803,0.3708885941644562,0.46846991037131885,0.36865942028985504,0.41754838392769433,0.4659683691373832,0.4537037037037037,108.0,0.20689655172413793,0.3333333333333333,0.15,20.0,0.3076923076923077,0.6666666666666666,0.2,20.0,0.5689655172413793,0.4647887323943662,0.7333333333333333,45.0,0.4,0.4090909090909091,0.391304347826087,23.0,,,,
p_1804,0.3985892358232784,0.5015806451612903,0.3921455331884264,0.4962015318102789,0.5689262246117084,0.5,108.0,0.5277777777777778,0.6129032258064516,0.4634146341463415,41.0,0.4444444444444444,1.0,0.2857142857142857,14.0,0.5531914893617021,0.52,0.5909090909090909,22.0,0.4675324675324675,0.375,0.6206896551724138,29.0,0.0,0.0,0.0,2.0
p_1805,0.2862788192199957,0.2746031746031746,0.3105481440519804,0.4173457987183478,0.40094062316284534,0.4537037037037037,108.0,0.47058823529411764,0.42857142857142855,0.5217391304347826,23.0,0.0,0.0,0.0,10.0,0.43333333333333335,0.5,0.38235294117647056,34.0,0.5274725274725275,0.4444444444444444,0.6486486486486487,37.0,0.0,0.0,0.0,4.0
p_1806,0.3461840968020743,0.4485882352941177,0.337557354925776,0.4231493485706968,0.4842429193899782,0.4351851851851852,108.0,0.375,0.35294117647058826,0.4,30.0,0.4,1.0,0.25,16.0,0.46153846153846156,0.45,0.47368421052631576,19.0,0.4943820224719101,0.44,0.5641025641025641,39.0,0.0,0.0,0.0,4.0
p_1807,0.26687066593285635,0.24623606889564337,0.2975,0.3968293279520577,0.3639454107095951,0.4444444444444444,108.0,0.56,0.525,0.6,35.0,0.0,0.0,0.0,12.0,0.21739130434782608,0.23809523809523808,0.2,25.0,0.5569620253164557,0.46808510638297873,0.6875,32.0,0.0,0.0,0.0,4.0
p_1808,0.21570006863417984,0.23970724191063172,0.253003663003663,0.3422335341518595,0.3582377446784226,0.4074074074074074,108.0,0.12903225806451613,0.4,0.07692307692307693,26.0,0.0,0.0,0.0,7.0,0.375,0.3409090909090909,0.4166666666666667,36.0,0.574468085106383,0.4576271186440678,0.7714285714285715,35.0,0.0,0.0,0.0,4.0
p_1809,0.3459133484291328,0.3918577075098814,0.36753037622602835,0.43152712863737636,0.48406529058702974,0.4537037037037037,108.0,0.4827586206896552,0.4,0.6086956521739131,23.0,0.5818181818181818,0.6956521739130435,0.5,32.0,0.21428571428571427,0.5,0.13636363636363635,22.0,0.4507042253521127,0.36363636363636365,0.5925925925925926,27.0,0.0,0.0,0.0,4.0
p_1810,0.2614927241433266,0.2745011850894204,0.2876426922837004,0.3529536616886015,0.37074225701676683,0.37037037037037035,108.0,0.25,0.29411764705882354,0.21739130434782608,23.0,0.32142857142857145,0.23076923076923078,0.5294117647058824,17.0,0.18181818181818182,0.3,0.13043478260869565,23.0,0.5542168674698795,0.5476190476190477,0.5609756097560976,41.0,0.0,0.0,0.0,4.0
p_1811,0.28708397064802804,0.3388235294117647,0.2932844932844933,0.373316897605848,0.34716775599128546,0.4537037037037037,108.0,0.0,0.0,0.0,29.0,0.6153846153846154,1.0,0.4444444444444444,9.0,0.20689655172413793,0.2,0.21428571428571427,14.0,0.6131386861313869,0.49411764705882355,0.8076923076923077,52.0,0.0,0.0,0.0,4.0
p_1812,0.23615384615384616,0.2857563025210084,0.26422222222222225,0.38735754985754983,0.4165888577653284,0.4722222222222222,108.0,0.3,0.375,0.25,24.0,0.0,0.0,0.0,9.0,0.25,0.5714285714285714,0.16,25.0,0.6307692307692307,0.4823529411764706,0.9111111111111111,45.0,0.0,0.0,0.0,5.0
p_1813,0.37385636221701796,0.4016580956833411,0.37588972431077694,0.46710649955185474,0.48159258682088657,0.48148148148148145,108.0,0.55,0.4888888888888889,0.6285714285714286,35.0,0.42857142857142855,0.6666666666666666,0.3157894736842105,19.0,0.3333333333333333,0.30434782608695654,0.3684210526315789,19.0,0.5573770491803278,0.5483870967741935,0.5666666666666667,30.0,0.0,0.0,0.0,5.0
p_1814,0.25715808244543875,0.28939042089985484,0.27718585762064024,0.3131793312721367,0.34664570230607966,0.3425925925925926,108.0,0.27586206896551724,0.25,0.3076923076923077,26.0,0.358974358974359,0.5384615384615384,0.2692307692307692,26.0,0.18181818181818182,0.3,0.13043478260869565,23.0,0.4691358024691358,0.3584905660377358,0.6785714285714286,28.0,0.0,0.0,0.0,5.0
p_1815,0.3216195990389539,0.37830940988835726,0.3290196078431372,0.44567419836237043,0.4346535530746057,0.5,108.0,0.3870967741935484,0.3157894736842105,0.5,24.0,0.5714285714285714,1.0,0.4,10.0,0.6495726495726496,0.5757575757575758,0.7450980392156863,51.0,0.0,0.0,0.0,18.0,0.0,0.0,0.0,5.0
p_1816,0.2060953871570801,0.24280348759221998,0.2511596036263968,0.3180880219378545,0.3804344586034727,0.37962962962962965,108.0,0.14634146341463414,0.42857142857142855,0.08823529411764706,34.0,0.0,0.0,0.0,1.0,0.49019607843137253,0.352112676056338,0.8064516129032258,31.0,0.3939393939393939,0.43333333333333335,0.3611111111111111,36.0,0.0,0.0,0.0,6.0
p_1817,0.23701061175953572,0.24167580075508463,0.25428571428571434,0.3804033588825554,0.3725084236593188,0.42592592592592593,108.0,0.5585585585585585,0.4492753623188406,0.7380952380952381,42.0,0.0,0.0,0.0,6.0,0.43137254901960786,0.5238095238095238,0.36666666666666664,30.0,0.1951219512195122,0.23529411764705882,0.16666666666666666,24.0,0.0,0.0,0.0,6.0
p_1818,0.2965375849757911,0.4804012345679013,0.29264683447749806,0.4277241069503993,0.4860396662094193,0.49074074074074076,108.0,0.6456692913385826,0.5061728395061729,0.8913043478260869,46.0,0.0,0.0,0.0,7.0,0.391304347826087,0.5625,0.3,30.0,0.16,0.3333333333333333,0.10526315789473684,19.0,0.2857142857142857,1.0,0.16666666666666666,6.0
p_1819,0.3495311738692196,0.49538235388105967,0.3554166666666666,0.44299402931494364,0.4853617718315893,0.48148148148148145,108.0,0.576271186440678,0.6296296296296297,0.53125,32.0,0.0,0.0,0.0,8.0,0.5591397849462365,0.4262295081967213,0.8125,32.0,0.32653061224489793,0.42105263157894735,0.26666666666666666,30.0,0.2857142857142857,1.0,0.16666666666666666,6.0
p_1820,0.29833333333333334,0.3006106594399277,0.3045191689869351,0.3503858024691358,0.34952357054434735,0.3611111111111111,108.0,0.35714285714285715,0.37037037037037035,0.3448275862068966,29.0,0.3333333333333333,0.4,0.2857142857142857,21.0,0.4583333333333333,0.44,0.4782608695652174,23.0,0.34285714285714286,0.2926829268292683,0.41379310344827586,29.0,0.0,0.0,0.0,6.0
p_1821,0.3699521505826008,0.5076923076923077,0.37939393939393934,0.47686789051223777,0.5106837606837606,0.5185185185185185,108.0,0.35294117647058826,0.5,0.2727272727272727,33.0,0.0,0.0,0.0,6.0,0.6086956521739131,0.5384615384615384,0.7,30.0,0.6024096385542169,0.5,0.7575757575757576,33.0,0.2857142857142857,1.0,0.16666666666666666,6.0
p_1822,0.4026837487412284,0.5518753104818679,0.4040303461356093,0.5478935955886747,0.5999602123236003,0.5833333333333334,108.0,0.4782608695652174,0.4583333333333333,0.5,22.0,0.0,0.0,0.0,5.0,0.7070707070707071,0.5737704918032787,0.9210526315789473,38.0,0.5423728813559322,0.7272727272727273,0.43243243243243246,37.0,0.2857142857142857,1.0,0.16666666666666666,6.0
p_1823,0.329034315561982,0.5357723577235772,0.32302982247478085,0.4420819031885592,0.5176528154170431,0.5092592592592593,108.0,0.43243243243243246,0.5,0.38095238095238093,21.0,0.0,0.0,0.0,11.0,0.27586206896551724,0.6666666666666666,0.17391304347826086,23.0,0.6511627906976745,0.5121951219512195,0.8936170212765957,47.0,0.2857142857142857,1.0,0.16666666666666666,6.0
p_1824,0.3720301691435711,0.6019230769230769,0.32485190727411084,0.3721135425602779,0.4450422262922263,0.37037037037037035,108.0,0.36363636363636365,0.38461538461538464,0.3448275862068966,29.0,0.5333333333333333,1.0,0.36363636363636365,11.0,0.2857142857142857,0.2857142857142857,0.2857142857142857,21.0,0.3917525773195876,0.3392857142857143,0.4634146341463415,41.0,0.2857142857142857,1.0,0.16666666666666666,6.0
p_1825,0.23086361737677524,0.5001367989056087,0.2488095238095238,0.3228533331786256,0.5351243856715813,0.4074074074074074,108.0,0.2222222222222222,1.0,0.125,32.0,0.0,0.0,0.0,7.0,0.59375,0.4418604651162791,0.9047619047619048,42.0,0.05263157894736842,0.058823529411764705,0.047619047619047616,21.0,0.2857142857142857,1.0,0.16666666666666666,6.0
p_1826,0.3437968606174146,0.44153304407973337,0.4225862068965517,0.41109986223506007,0.563094897072763,0.46296296296296297,108.0,0.41509433962264153,0.3548387096774194,0.5,22.0,0.4444444444444444,0.3157894736842105,0.75,8.0,0.24242424242424243,1.0,0.13793103448275862,29.0,0.6170212765957447,0.5370370370370371,0.725,40.0,0.0,0.0,0.0,9.0
p_1827,0.2163809523809524,0.18245614035087718,0.2791666666666667,0.3801058201058201,0.33138401559454195,0.46296296296296297,108.0,0.6285714285714286,0.5789473684210527,0.6875,48.0,0.0,0.0,0.0,7.0,0.4533333333333333,0.3333333333333333,0.7083333333333334,24.0,0.0,0.0,0.0,20.0,0.0,0.0,0.0,9.0
p_1828,0.31763128568244553,0.46642682926829265,0.31534090909090906,0.4313329574195039,0.47466011743450764,0.4537037037037037,108.0,0.5106382978723404,0.48,0.5454545454545454,44.0,0.0,0.0,0.0,5.0,0.4117647058823529,0.4375,0.3888888888888889,18.0,0.4657534246575342,0.4146341463414634,0.53125,32.0,0.2,1.0,0.1111111111111111,9.0
p_1829,0.30370361030555204,0.47433322327390126,0.2971139971139971,0.37791476173353195,0.44330665411173886,0.39814814814814814,108.0,0.23809523809523808,0.23809523809523808,0.23809523809523808,21.0,0.21428571428571427,0.1875,0.25,12.0,0.30303030303030304,0.45454545454545453,0.22727272727272727,22.0,0.5631067961165048,0.4915254237288136,0.6590909090909091,44.0,0.2,1.0,0.1111111111111111,9.0
p_1830,0.41512895947361617,0.39360540388404164,0.4758803855990557,0.4976904600377172,0.4857798834579021,0.5370370370370371,108.0,0.6732673267326733,0.6181818181818182,0.7391304347826086,46.0,0.6896551724137931,0.5263157894736842,1.0,10.0,0.29411764705882354,0.29411764705882354,0.29411764705882354,17.0,0.4186046511627907,0.5294117647058824,0.34615384615384615,26.0,0.0,0.0,0.0,9.0
p_1831,0.2943340987370838,0.4292059501361827,0.30793650793650795,0.36358724539694687,0.3965069720883675,0.39814814814814814,108.0,0.5384615384615384,0.4883720930232558,0.6,35.0,0.3582089552238806,0.32432432432432434,0.4,30.0,0.0,0.0,0.0,13.0,0.375,0.3333333333333333,0.42857142857142855,21.0,0.2,1.0,0.1111111111111111,9.0
p_1832,0.2405215134516548,0.23407356532356532,0.2848421052631579,0.30923838857914,0.2957659945507168,0.37037037037037035,108.0,0.45544554455445546,0.36507936507936506,0.6052631578947368,38.0,0.3157894736842105,0.46153846153846156,0.24,25.0,0.0,0.0,0.0,17.0,0.43137254901960786,0.34375,0.5789473684210527,19.0,0.0,0.0,0.0,9.0
p_1833,0.2520329524315706,0.22897047791359607,0.28822393822393827,0.33885985374159705,0.3138650267141949,0.37962962962962965,108.0,0.41509433962264153,0.3548387096774194,0.5,22.0,0.0,0.0,0.0,12.0,0.4225352112676056,0.4411764705882353,0.40540540540540543,37.0,0.4225352112676056,0.3488372093023256,0.5357142857142857,28.0,0.0,0.0,0.0,9.0
p_1834,0.27555555555555555,0.25993173493173494,0.3208935539817893,0.3275720164609054,0.3226869581036248,0.35185185185185186,108.0,0.3333333333333333,0.38461538461538464,0.29411764705882354,34.0,0.4,0.2916666666666667,0.6363636363636364,11.0,0.4444444444444444,0.4090909090909091,0.4864864864864865,37.0,0.2,0.21428571428571427,0.1875,16.0,0.0,0.0,0.0,10.0
p_1835,0.2532104222532382,0.4394980694980696,0.2691626794258373,0.31621843762172663,0.401556914056914,0.37037037037037035,108.0,0.1935483870967742,0.42857142857142855,0.125,24.0,0.2962962962962963,0.25,0.36363636363636365,11.0,0.5254237288135594,0.4189189189189189,0.7045454545454546,44.0,0.06896551724137931,0.1,0.05263157894736842,19.0,0.18181818181818182,1.0,0.1,10.0
p_1836,0.16187245590230664,0.14027202838557068,0.21333333333333332,0.2951467410422634,0.24350044900015333,0.4074074074074074,108.0,0.0,0.0,0.0,22.0,0.0,0.0,0.0,6.0,0.582089552238806,0.43820224719101125,0.8666666666666667,45.0,0.22727272727272727,0.2631578947368421,0.2,25.0,0.0,0.0,0.0,10.0
p_1837,0.2325539452495974,0.21130140299951622,0.2602564102564103,0.38803721595992124,0.35202924259528035,0.4351851851851852,108.0,0.48,0.46153846153846156,0.5,36.0,0.0,0.0,0.0,11.0,0.6086956521739131,0.5283018867924528,0.717948717948718,39.0,0.07407407407407407,0.06666666666666667,0.08333333333333333,12.0,0.0,0.0,0.0,10.0
p_1838,0.36447022287175745,0.3887490942625651,0.3962511343948519,0.42399068322981365,0.44861785077350586,0.46296296296296297,108.0,0.4857142857142857,0.3617021276595745,0.7391304347826086,23.0,0.375,0.5,0.3,10.0,0.35294117647058826,0.5294117647058824,0.2647058823529412,34.0,0.6086956521739131,0.5526315789473685,0.6774193548387096,31.0,0.0,0.0,0.0,10.0
p_1839,0.36038210155857214,0.37017026246235174,0.37627740751473004,0.433197400517662,0.4449006062427293,0.4537037037037037,108.0,0.5882352941176471,0.6818181818181818,0.5172413793103449,29.0,0.3076923076923077,0.3333333333333333,0.2857142857142857,7.0,0.46153846153846156,0.35294117647058826,0.6666666666666666,27.0,0.4444444444444444,0.4827586206896552,0.4117647058823529,34.0,0.0,0.0,0.0,11.0
p_1840,0.23753461668355286,0.24684984384321157,0.25464857722922235,0.30392541308616955,0.3106742880017259,0.3333333333333333,108.0,0.1702127659574468,0.19047619047619047,0.15384615384615385,26.0,0.16666666666666666,0.2,0.14285714285714285,7.0,0.4222222222222222,0.3220338983050847,0.6129032258064516,31.0,0.42857142857142855,0.5217391304347826,0.36363636363636365,33.0,0.0,0.0,0.0,11.0
p_1841,0.31054211816858157,0.2936910329721626,0.33835497835497835,0.3429974808625342,0.3288202371963604,0.37037037037037035,108.0,0.3050847457627119,0.34615384615384615,0.2727272727272727,33.0,0.4117647058823529,0.3684210526315789,0.4666666666666667,15.0,0.463768115942029,0.3902439024390244,0.5714285714285714,28.0,0.37209302325581395,0.36363636363636365,0.38095238095238093,21.0,0.0,0.0,0.0,11.0
p_1842,0.3004639804639805,0.4542510121457489,0.29122479401117174,0.4519242074797631,0.51312040785725,0.5,108.0,0.676923076923077,0.5789473684210527,0.8148148148148148,54.0,0.2222222222222222,0.5,0.14285714285714285,7.0,0.2222222222222222,0.19230769230769232,0.2631578947368421,19.0,0.38095238095238093,1.0,0.23529411764705882,17.0,0.0,0.0,0.0,11.0
p_1843,0.3067969067969068,0.2833786594144937,0.35351170568561874,0.40022837245059467,0.37178199636206355,0.4537037037037037,108.0,0.42857142857142855,0.3191489361702128,0.6521739130434783,23.0,0.0,0.0,0.0,15.0,0.5925925925925926,0.5714285714285714,0.6153846153846154,39.0,0.5128205128205128,0.5263157894736842,0.5,20.0,0.0,0.0,0.0,11.0
p_1844,0.2775179422038742,0.24772727272727274,0.32836781609195403,0.351096291591687,0.3121843434343435,0.4166666666666667,108.0,0.48,0.375,0.6666666666666666,27.0,0.0,0.0,0.0,16.0,0.5671641791044776,0.5,0.6551724137931034,29.0,0.3404255319148936,0.36363636363636365,0.32,25.0,0.0,0.0,0.0,11.0
p_1845,0.32834757834757833,0.4934199134199134,0.34139824415686487,0.38148280046428196,0.46463684463684457,0.4074074074074074,108.0,0.07692307692307693,0.09090909090909091,0.06666666666666667,15.0,0.5,0.38,0.7307692307692307,26.0,0.4166666666666667,0.47619047619047616,0.37037037037037035,27.0,0.48148148148148145,0.52,0.4482758620689655,29.0,0.16666666666666666,1.0,0.09090909090909091,11.0
p_1846,0.18973407544836116,0.2826923076923077,0.24444444444444446,0.2935362697267459,0.3312856125356125,0.4351851851851852,108.0,0.0,0.0,0.0,20.0,0.0,0.0,0.0,16.0,0.5850340136054422,0.41346153846153844,1.0,43.0,0.36363636363636365,1.0,0.2222222222222222,18.0,0.0,0.0,0.0,11.0
p_1847,0.1973628691983122,0.17992424242424243,0.22243833017077802,0.24042819190498513,0.21434834455667787,0.2777777777777778,108.0,0.27848101265822783,0.22916666666666666,0.3548387096774194,31.0,0.375,0.375,0.375,16.0,0.3333333333333333,0.29545454545454547,0.38235294117647056,34.0,0.0,0.0,0.0,16.0,0.0,0.0,0.0,11.0
p_1848,0.27333515781791645,0.31466666666666665,0.2813531736805394,0.3831143107164818,0.3767283950617284,0.4351851851851852,108.0,0.37037037037037035,0.5,0.29411764705882354,17.0,0.14285714285714285,0.3333333333333333,0.09090909090909091,11.0,0.603448275862069,0.5,0.7608695652173914,46.0,0.25,0.24,0.2608695652173913,23.0,0.0,0.0,0.0,11.0
p_1849,0.37777973905241014,0.39414268470872243,0.3996551724137931,0.4578887096501794,0.45777451900792226,0.49074074074074076,108.0,0.5806451612903226,0.5094339622641509,0.675,40.0,0.3333333333333333,0.5,0.25,12.0,0.46511627906976744,0.37037037037037035,0.625,16.0,0.5098039215686274,0.5909090909090909,0.4482758620689655,29.0,0.0,0.0,0.0,11.0
p_1850,0.24968671679197993,0.22234206471494605,0.2892929292929293,0.30360043627587485,0.2653512526393882,0.3611111111111111,108.0,0.5416666666666666,0.5,0.5909090909090909,22.0,0.42105263157894735,0.3389830508474576,0.5555555555555556,36.0,0.0,0.0,0.0,16.0,0.2857142857142857,0.2727272727272727,0.3,20.0,0.0,0.0,0.0,14.0
p_1851,0.27430360337337084,0.27669856459330144,0.2847222222222222,0.3189759207201068,0.3126617047669679,0.3425925925925926,108.0,0.21428571428571427,0.25,0.1875,16.0,0.5116279069767442,0.5789473684210527,0.4583333333333333,24.0,0.3956043956043956,0.32727272727272727,0.5,36.0,0.25,0.22727272727272727,0.2777777777777778,18.0,0.0,0.0,0.0,14.0
p_1852,0.21174675819984742,0.19082094376212022,0.2634245187436677,0.35938073848066215,0.30192247839306663,0.48148148148148145,108.0,0.6376811594202898,0.4835164835164835,0.9361702127659575,47.0,0.0,0.0,0.0,12.0,0.42105263157894735,0.47058823529411764,0.38095238095238093,21.0,0.0,0.0,0.0,13.0,0.0,0.0,0.0,15.0
p_1853,0.22290031967451324,0.17745974955277283,0.3100686498855835,0.35372738329727577,0.29071423838865695,0.46296296296296297,108.0,0.6306306306306306,0.5384615384615384,0.7608695652173914,46.0,0.0,0.0,0.0,14.0,0.4838709677419355,0.3488372093023256,0.7894736842105263,19.0,0.0,0.0,0.0,11.0,0.0,0.0,0.0,18.0
p_1854,0.2560942325648208,0.22569800569800572,0.30809625414888575,0.33450246195344235,0.28969874432837395,0.4074074074074074,108.0,0.5396825396825397,0.4358974358974359,0.7083333333333334,24.0,0.0,0.0,0.0,9.0,0.5054945054945055,0.42592592592592593,0.6216216216216216,37.0,0.23529411764705882,0.26666666666666666,0.21052631578947367,19.0,0.0,0.0,0.0,19.0
p_1855,0.3102788318759281,0.29379370629370627,0.35201894879314233,0.3426430059823889,0.33168625356125353,0.37962962962962965,108.0,0.5263157894736842,0.5769230769230769,0.4838709677419355,31.0,0.20689655172413793,0.1875,0.23076923076923078,13.0,0.36363636363636365,0.36363636363636365,0.36363636363636365,22.0,0.45454545454545453,0.3409090909090909,0.6818181818181818,22.0,0.0,0.0,0.0,20.0
p_1856,0.3007807541333136,0.2925,0.34274074074074073,0.32407595697670194,0.31570216049382716,0.37037037037037035,108.0,0.3508771929824561,0.3333333333333333,0.37037037037037035,27.0,0.5205479452054794,0.3958333333333333,0.76,25.0,0.41025641025641024,0.5333333333333333,0.3333333333333333,24.0,0.2222222222222222,0.2,0.25,12.0,0.0,0.0,0.0,20.0
p_1857,0.2423620025673941,0.20526315789473681,0.29821276595744683,0.41300179083662186,0.3447855750487329,0.5185185185185185,108.0,0.5614035087719298,0.5,0.64,25.0,0.0,0.0,0.0,4.0,0.6504065040650406,0.5263157894736842,0.851063829787234,47.0,0.0,0.0,0.0,12.0,0.0,0.0,0.0,20.0
p_1858,0.28743747734686476,0.3847067448680352,0.28657590396720833,0.2732753413072369,0.3392167644183774,0.2962962962962963,108.0,0.3,0.2727272727272727,0.3333333333333333,27.0,0.3225806451612903,0.625,0.21739130434782608,23.0,0.3146067415730337,0.22580645161290322,0.5185185185185185,27.0,0.5,0.8,0.36363636363636365,11.0,0.0,0.0,0.0,20.0
p_1859,0.17632188000712126,0.16,0.2183163737280296,0.3077825912079072,0.2617283950617284,0.4074074074074074,108.0,0.5401459854014599,0.4111111111111111,0.7872340425531915,47.0,0.0,0.0,0.0,11.0,0.34146341463414637,0.3888888888888889,0.30434782608695654,23.0,0.0,0.0,0.0,7.0,0.0,0.0,0.0,20.0
p_1860,0.2874571475213582,0.2592375366568915,0.3315384615384615,0.3758447052374244,0.3368361029651352,0.4351851851851852,108.0,0.43478260869565216,0.45454545454545453,0.4166666666666667,24.0,0.0,0.0,0.0,5.0,0.5319148936170213,0.45454545454545453,0.6410256410256411,39.0,0.47058823529411764,0.3870967741935484,0.6,20.0,0.0,0.0,0.0,20.0
p_1861,0.29192528244969973,0.2756484962406015,0.3363553113553113,0.27635856289782484,0.26578932864568827,0.3148148148148148,108.0,0.33962264150943394,0.28125,0.42857142857142855,21.0,0.3235294117647059,0.2619047619047619,0.4230769230769231,26.0,0.358974358974359,0.4666666666666667,0.2916666666666667,24.0,0.4375,0.3684210526315789,0.5384615384615384,13.0,0.0,0.0,0.0,24.0
p_1862,0.28453749315818283,0.4213095238095238,0.2886287878787879,0.3504530803381378,0.5115079365079366,0.35185185185185186,108.0,0.2857142857142857,0.3,0.2727272727272727,22.0,0.0,0.0,0.0,5.0,0.3611111111111111,0.2708333333333333,0.5416666666666666,24.0,0.5,0.5357142857142857,0.46875,32.0,0.27586206896551724,1.0,0.16,25.0
p_1863,0.33885328898743533,0.5087265675500969,0.3563375740485715,0.33272770044619643,0.5267291531997415,0.35185185185185186,108.0,0.16,0.2857142857142857,0.1111111111111111,18.0,0.34146341463414637,0.4117647058823529,0.2916666666666667,24.0,0.36363636363636365,0.24615384615384617,0.6956521739130435,23.0,0.5625,0.6,0.5294117647058824,17.0,0.26666666666666666,1.0,0.15384615384615385,26.0
p_1864,0.2007843137254902,0.17609825224374115,0.26874304783092323,0.2794480755265069,0.24664532269633827,0.37037037037037035,108.0,0.47058823529411764,0.3287671232876712,0.8275862068965517,29.0,0.0,0.0,0.0,6.0,0.0,0.0,0.0,16.0,0.5333333333333333,0.5517241379310345,0.5161290322580645,31.0,0.0,0.0,0.0,26.0
p_1865,0.25624950019992,0.21614379084967322,0.3185359477124183,0.26773734950464256,0.22583817477608326,0.3333333333333333,108.0,0.4,0.3111111111111111,0.56,25.0,0.0,0.0,0.0,12.0,0.39344262295081966,0.35294117647058826,0.4444444444444444,27.0,0.4878048780487805,0.4166666666666667,0.5882352941176471,17.0,0.0,0.0,0.0,27.0
p_1866,0.17605533596837947,0.1588972431077694,0.21203432171174103,0.21956411945542378,0.19644017451034995,0.26851851851851855,108.0,0.0,0.0,0.0,12.0,0.0,0.0,0.0,16.0,0.32,0.2857142857142857,0.36363636363636365,22.0,0.38636363636363635,0.2982456140350877,0.5483870967741935,31.0,0.17391304347826086,0.21052631578947367,0.14814814814814814,27.0
p_1867,0.23484994876299226,0.21674812030075188,0.26621409779304517,0.2765777745246344,0.2546322403230298,0.3148148148148148,108.0,0.0,0.0,0.0,16.0,0.5185185185185185,0.4375,0.6363636363636364,33.0,0.3,0.2857142857142857,0.3157894736842105,19.0,0.18181818181818182,0.15,0.23076923076923078,13.0,0.17391304347826086,0.21052631578947367,0.14814814814814814,27.0
p_1868,0.2976060168509909,0.42719576719576724,0.326182704443574,0.38012324130931624,0.520228297080149,0.4444444444444444,108.0,0.44,0.4074074074074074,0.4782608695652174,23.0,0.0,0.0,0.0,9.0,0.5794392523364486,0.44285714285714284,0.8378378378378378,37.0,0.21052631578947367,0.2857142857142857,0.16666666666666666,12.0,0.25806451612903225,1.0,0.14814814814814814,27.0
p_1869,0.26162243553547904,0.28388820889432886,0.2861830836718393,0.2666624840537884,0.2894066291914109,0.28703703703703703,108.0,0.42424242424242425,0.32558139534883723,0.6086956521739131,23.0,0.18181818181818182,0.3333333333333333,0.125,16.0,0.2857142857142857,0.35,0.2413793103448276,29.0,0.24242424242424243,0.2,0.3076923076923077,13.0,0.17391304347826086,0.21052631578947367,0.14814814814814814,27.0
p_1870,0.28007400447308867,0.28103414394497667,0.29720026562131824,0.36665803026270444,0.34957160857738107,0.4074074074074074,108.0,0.5360824742268041,0.4406779661016949,0.6842105263157895,38.0,0.0,0.0,0.0,9.0,0.43902439024390244,0.45,0.42857142857142855,21.0,0.10526315789473684,0.16666666666666666,0.07692307692307693,13.0,0.32,0.34782608695652173,0.2962962962962963,27.0
p_1871,0.13307950727883538,0.12346491228070175,0.17207792207792208,0.1881050143088217,0.17007797270955166,0.25,108.0,0.4,0.2916666666666667,0.6363636363636364,33.0,0.0,0.0,0.0,10.0,0.0,0.0,0.0,15.0,0.05263157894736842,0.0625,0.045454545454545456,22.0,0.2127659574468085,0.2631578947368421,0.17857142857142858,28.0
p_1872,0.17715089739850906,0.1675033738191633,0.20424475166410652,0.19720791405315585,0.18964112560603785,0.2222222222222222,108.0,0.06451612903225806,0.07692307692307693,0.05555555555555555,18.0,0.0,0.0,0.0,16.0,0.3157894736842105,0.26666666666666666,0.3870967741935484,31.0,0.2926829268292683,0.23076923076923078,0.4,15.0,0.2127659574468085,0.2631578947368421,0.17857142857142858,28.0
p_1873,0.23536074624024367,0.20016843681280116,0.2941724941724942,0.2931847586211759,0.24273399633667261,0.37962962962962965,108.0,0.6274509803921569,0.5517241379310345,0.7272727272727273,22.0,0.0,0.0,0.0,6.0,0.46601941747572817,0.3582089552238806,0.6666666666666666,36.0,0.08333333333333333,0.09090909090909091,0.07692307692307693,13.0,0.0,0.0,0.0,31.0
p_1874,0.12924369747899161,0.13993399339933993,0.20402930402930403,0.20612356053532524,0.17549810536609214,0.35185185185185186,108.0,0.5285714285714286,0.36633663366336633,0.9487179487179487,39.0,0.11764705882352941,0.3333333333333333,0.07142857142857142,14.0,0.0,0.0,0.0,13.0,0.0,0.0,0.0,11.0,0.0,0.0,0.0,31.0
p_1875,0.32362787608890975,0.31984364960376954,0.3430528010848377,0.342565555222788,0.34854546932882763,0.35185185185185186,108.0,0.5833333333333334,0.4827586206896552,0.7368421052631579,19.0,0.09523809523809523,0.08333333333333333,0.1111111111111111,9.0,0.30434782608695654,0.30434782608695654,0.30434782608695654,23.0,0.3333333333333333,0.38095238095238093,0.2962962962962963,27.0,0.3018867924528302,0.34782608695652173,0.26666666666666666,30.0
p_1876,0.2609894790580105,0.35516628299236996,0.287719298245614,0.2814966629768046,0.3634509076538062,0.3148148148148148,108.0,0.45569620253164556,0.32727272727272727,0.75,24.0,0.29411764705882354,0.35714285714285715,0.25,20.0,0.18181818181818182,0.6666666666666666,0.10526315789473684,19.0,0.07142857142857142,0.07692307692307693,0.06666666666666667,15.0,0.3018867924528302,0.34782608695652173,0.26666666666666666,30.0
p_1877,0.27364522417153997,0.33858482523444156,0.29694118605408926,0.3006425528842683,0.33680338479997474,0.3333333333333333,108.0,0.3333333333333333,0.26666666666666666,0.4444444444444444,27.0,0.13333333333333333,0.3333333333333333,0.08333333333333333,12.0,0.10526315789473684,0.3333333333333333,0.0625,16.0,0.5,0.4117647058823529,0.6363636363636364,22.0,0.2962962962962963,0.34782608695652173,0.25806451612903225,31.0
p_1878,0.2785064680883249,0.3621052631578947,0.346288543328017,0.31335462832037364,0.4536062378167641,0.35185185185185186,108.0,0.21621621621621623,0.21052631578947367,0.2222222222222222,18.0,0.23076923076923078,0.15,0.5,6.0,0.6024096385542169,0.5,0.7575757575757576,33.0,0.17647058823529413,0.2,0.15789473684210525,19.0,0.16666666666666666,0.75,0.09375,32.0
p_1879,0.21098010176957546,0.3043831168831169,0.26751718869365926,0.27643085336798784,0.42271675084175087,0.3611111111111111,108.0,0.5535714285714286,0.4025974025974026,0.8857142857142857,35.0,0.0,0.0,0.0,6.0,0.12121212121212122,0.18181818181818182,0.09090909090909091,22.0,0.2222222222222222,0.1875,0.2727272727272727,11.0,0.15789473684210525,0.75,0.08823529411764706,34.0
p_1880,0.23556163135110503,0.31841463414634147,0.2770316742081448,0.2741344100993224,0.42061878952122855,0.3148148148148148,108.0,0.17142857142857143,0.15,0.2,15.0,0.0,0.0,0.0,8.0,0.45454545454545453,0.375,0.5769230769230769,26.0,0.3939393939393939,0.3170731707317073,0.52,25.0,0.15789473684210525,0.75,0.08823529411764706,34.0
p_1881,0.1997383422110083,0.19367652735375654,0.23046082949308752,0.27331384744243353,0.2682039954823055,0.3148148148148148,108.0,0.4444444444444444,0.3389830508474576,0.6451612903225806,31.0,0.0,0.0,0.0,4.0,0.24390243902439024,0.23809523809523808,0.25,20.0,0.0,0.0,0.0,18.0,0.3103448275862069,0.391304347826087,0.2571428571428571,35.0
p_1882,0.2775807409608492,0.29979933110367896,0.29264589630318527,0.2999622418053186,0.31950173417564726,0.3148148148148148,108.0,0.33962264150943394,0.3,0.391304347826087,23.0,0.20689655172413793,0.25,0.17647058823529413,17.0,0.14285714285714285,0.25,0.1,10.0,0.39344262295081966,0.3076923076923077,0.5454545454545454,22.0,0.3050847457627119,0.391304347826087,0.25,36.0
p_1883,0.2783990744164411,0.2781656314699793,0.2940807902108212,0.2827978161847244,0.2965767579173377,0.28703703703703703,108.0,0.5,0.44,0.5789473684210527,19.0,0.13793103448275862,0.16666666666666666,0.11764705882352941,17.0,0.2857142857142857,0.25,0.3333333333333333,15.0,0.16326530612244897,0.14285714285714285,0.19047619047619047,21.0,0.3050847457627119,0.391304347826087,0.25,36.0
p_1884,0.20221777730989224,0.2033857446900925,0.21615384615384614,0.2587764274082132,0.2696520468259599,0.26851851851851855,108.0,0.2857142857142857,0.22727272727272727,0.38461538461538464,26.0,0.0,0.0,0.0,10.0,0.08695652173913043,0.07692307692307693,0.1,10.0,0.3333333333333333,0.32142857142857145,0.34615384615384615,26.0,0.3050847457627119,0.391304347826087,0.25,36.0
p_1885,0.3630512987730989,0.3614931927975406,0.3759426847662142,0.35075407293408467,0.36395517168464026,0.35185185185185186,108.0,0.35714285714285715,0.3333333333333333,0.38461538461538464,26.0,0.4827586206896552,0.4666666666666667,0.5,14.0,0.2702702702702703,0.22727272727272727,0.3333333333333333,15.0,0.4,0.3888888888888889,0.4117647058823529,17.0,0.3050847457627119,0.391304347826087,0.25,36.0
p_1886,0.2546327126993404,0.25240274599542334,0.3003763440860215,0.27873925022960677,0.30345792016272566,0.2962962962962963,108.0,0.24,0.3157894736842105,0.1935483870967742,31.0,0.0,0.0,0.0,7.0,0.41379310344827586,0.3157894736842105,0.6,10.0,0.3142857142857143,0.2391304347826087,0.4583333333333333,24.0,0.3050847457627119,0.391304347826087,0.25,36.0
p_1887,0.24720220681725208,0.26453239945376855,0.2576254180602007,0.2701806971875078,0.2970006012135214,0.2777777777777778,108.0,0.3561643835616438,0.2765957446808511,0.5,26.0,0.08333333333333333,0.07142857142857142,0.1,10.0,0.17142857142857143,0.25,0.13043478260869565,23.0,0.32,0.3333333333333333,0.3076923076923077,13.0,0.3050847457627119,0.391304347826087,0.25,36.0
p_1888,0.32362045392398137,0.4003197674418605,0.3775132275132275,0.336669184126116,0.4951142154751651,0.37037037037037035,108.0,0.4857142857142857,0.3953488372093023,0.6296296296296297,27.0,0.2608695652173913,0.2,0.375,8.0,0.49056603773584906,0.40625,0.6190476190476191,21.0,0.14285714285714285,0.16666666666666666,0.125,16.0,0.23809523809523808,0.8333333333333334,0.1388888888888889,36.0
p_1889,0.23769804583363907,0.2800152555301297,0.2541414141414141,0.27527997217262756,0.316026075656129,0.2962962962962963,108.0,0.37777777777777777,0.2982456140350877,0.5151515151515151,33.0,0.18181818181818182,0.16666666666666666,0.2,5.0,0.09523809523809523,0.3333333333333333,0.05555555555555555,18.0,0.22857142857142856,0.21052631578947367,0.25,16.0,0.3050847457627119,0.391304347826087,0.25,36.0
p_1890,0.3128387884008039,0.38887112887112885,0.35024741340530813,0.3218252211801236,0.4599116932450266,0.35185185185185186,108.0,0.4691358024691358,0.34545454545454546,0.7307692307692307,26.0,0.2,0.16666666666666666,0.25,8.0,0.3125,0.38461538461538464,0.2631578947368421,19.0,0.35,0.3333333333333333,0.3684210526315789,19.0,0.23255813953488372,0.7142857142857143,0.1388888888888889,36.0
p_1891,0.2479877369007804,0.2403205128205128,0.2848824786324786,0.29500805152979065,0.29567901234567906,0.32407407407407407,108.0,0.425,0.3541666666666667,0.53125,32.0,0.3076923076923077,0.23076923076923078,0.46153846153846156,13.0,0.17391304347826086,0.2,0.15384615384615385,13.0,0.0,0.0,0.0,14.0,0.3333333333333333,0.4166666666666667,0.2777777777777778,36.0
p_1892,0.2823236074270557,0.28193085534046636,0.31192907192907193,0.3329428234600648,0.3387956033837041,0.3611111111111111,108.0,0.49230769230769234,0.42105263157894735,0.5925925925925926,27.0,0.0,0.0,0.0,8.0,0.3793103448275862,0.2972972972972973,0.5238095238095238,21.0,0.24,0.3,0.2,15.0,0.3,0.391304347826087,0.24324324324324326,37.0
p_1893,0.2681973019092695,0.2684121097346064,0.2814798174798175,0.2810168043377419,0.29407231082314594,0.28703703703703703,108.0,0.23529411764705882,0.20689655172413793,0.2727272727272727,22.0,0.0,0.0,0.0,10.0,0.5517241379310345,0.5333333333333333,0.5714285714285714,14.0,0.25396825396825395,0.21052631578947367,0.32,25.0,0.3,0.391304347826087,0.24324324324324326,37.0
p_1894,0.23611577964519143,0.2391689537291155,0.2558867438867439,0.2591140159767611,0.27708430299431314,0.26851851851851855,108.0,0.17142857142857143,0.21428571428571427,0.14285714285714285,21.0,0.0,0.0,0.0,10.0,0.4444444444444444,0.38095238095238093,0.5333333333333333,15.0,0.2647058823529412,0.20930232558139536,0.36,25.0,0.3,0.391304347826087,0.24324324324324326,37.0
p_1895,0.2429392222005081,0.25305587847787336,0.2629343629343629,0.31536798181805026,0.33134786340242434,0.3333333333333333,108.0,0.46511627906976744,0.39215686274509803,0.5714285714285714,35.0,0.0,0.0,0.0,6.0,0.23529411764705882,0.18181818181818182,0.3333333333333333,12.0,0.21428571428571427,0.3,0.16666666666666666,18.0,0.3,0.391304347826087,0.24324324324324326,37.0
p_1896,0.2940409376443995,0.2915158636897768,0.3153153153153153,0.31177237113726314,0.3232319275797537,0.32407407407407407,108.0,0.17142857142857143,0.2,0.15,20.0,0.2222222222222222,0.2,0.25,8.0,0.4838709677419355,0.40540540540540543,0.6,25.0,0.2926829268292683,0.2608695652173913,0.3333333333333333,18.0,0.3,0.391304347826087,0.24324324324324326,37.0
p_1897,0.2234118259388357,0.23089186176142698,0.2555888195888196,0.26406147681994246,0.2814407077088237,0.28703703703703703,108.0,0.4788732394366197,0.3695652173913043,0.68,25.0,0.10526315789473684,0.07692307692307693,0.16666666666666666,6.0,0.10526315789473684,0.16666666666666666,0.07692307692307693,13.0,0.1276595744680851,0.15,0.1111111111111111,27.0,0.3,0.391304347826087,0.24324324324324326,37.0
p_1898,0.23643324770324164,0.2532957030256801,0.24091194856648043,0.28976355080679056,0.3190208680584984,0.28703703703703703,108.0,0.3283582089552239,0.2894736842105263,0.3793103448275862,29.0,0.0,0.0,0.0,6.0,0.37209302325581395,0.32,0.4444444444444444,18.0,0.15384615384615385,0.2222222222222222,0.11764705882352941,17.0,0.32786885245901637,0.43478260869565216,0.2631578947368421,38.0
p_1899,0.2370283988547764,0.23650229392641203,0.257177033492823,0.3446260954502528,0.350587576000027,0.37037037037037035,108.0,0.39215686274509803,0.37037037037037035,0.4166666666666667,24.0,0.0,0.0,0.0,6.0,0.46511627906976744,0.37735849056603776,0.6060606060606061,33.0,0.0,0.0,0.0,7.0,0.32786885245901637,0.43478260869565216,0.2631578947368421,38.0
p_1900,0.22011808549072787,0.31074303405572756,0.26935286935286934,0.3400473353778609,0.5015178878568971,0.4351851851851852,108.0,0.5826771653543307,0.43529411764705883,0.8809523809523809,42.0,0.0,0.0,0.0,1.0,0.0,0.0,0.0,8.0,0.3783783783783784,0.3684210526315789,0.3888888888888889,18.0,0.13953488372093023,0.75,0.07692307692307693,39.0
p_1901,0.2469110011118208,0.26001221001221003,0.27181415076151916,0.2783100460980698,0.3119923800479356,0.26851851851851855,108.0,0.19672131147540983,0.17142857142857143,0.23076923076923078,26.0,0.2222222222222222,0.15,0.42857142857142855,7.0,0.09090909090909091,0.1111111111111111,0.07692307692307693,13.0,0.38095238095238093,0.4444444444444444,0.3333333333333333,24.0,0.34375,0.4230769230769231,0.2894736842105263,38.0
p_1902,0.17953561589925227,0.2638095238095238,0.24489550279023967,0.25498855801886106,0.4143959435626102,0.35185185185185186,108.0,0.512396694214876,0.36904761904761907,0.8378378378378378,37.0,0.0,0.0,0.0,7.0,0.0,0.0,0.0,13.0,0.24242424242424243,0.2,0.3076923076923077,13.0,0.14285714285714285,0.75,0.07894736842105263,38.0
p_1903,0.247535153019024,0.2854526457701382,0.2691085620032988,0.2752446925834023,0.3376572856982361,0.2777777777777778,108.0,0.15,0.12,0.2,15.0,0.15384615384615385,0.2,0.125,8.0,0.3548387096774194,0.2558139534883721,0.5789473684210527,19.0,0.2564102564102564,0.4166666666666667,0.18518518518518517,27.0,0.3225806451612903,0.43478260869565216,0.2564102564102564,39.0
p_1904,0.259719806763285,0.30943847072879327,0.28216783216783214,0.2894668098049741,0.33949787601221293,0.32407407407407407,108.0,0.41304347826086957,0.3064516129032258,0.6333333333333333,30.0,0.2222222222222222,0.25,0.2,5.0,0.25,0.25,0.25,12.0,0.08,0.3333333333333333,0.045454545454545456,22.0,0.3333333333333333,0.4074074074074074,0.28205128205128205,39.0
p_1905,0.3184875310271782,0.3868899733806566,0.3888111888111888,0.3539123753894691,0.5227075733675113,0.3888888888888889,108.0,0.4383561643835616,0.32653061224489793,0.6666666666666666,24.0,0.0,0.0,0.0,8.0,0.4117647058823529,0.30434782608695654,0.6363636363636364,11.0,0.4444444444444444,0.42857142857142855,0.46153846153846156,26.0,0.2978723404255319,0.875,0.1794871794871795,39.0
p_1906,0.23346680435039482,0.23347048300536674,0.2503205128205128,0.2863841334154565,0.2995478036175711,0.2962962962962963,108.0,0.3188405797101449,0.2558139534883721,0.4230769230769231,26.0,0.0,0.0,0.0,9.0,0.2857142857142857,0.25,0.3333333333333333,18.0,0.1935483870967742,0.2,0.1875,16.0,0.36923076923076925,0.46153846153846156,0.3076923076923077,39.0
p_1907,0.2472084249612969,0.3347420339223618,0.323553258335867,0.255418720270375,0.44556858593743837,0.3148148148148148,108.0,0.40963855421686746,0.2786885245901639,0.7727272727272727,22.0,0.24242424242424243,0.19047619047619047,0.3333333333333333,12.0,0.0,0.0,0.0,12.0,0.4444444444444444,0.45454545454545453,0.43478260869565216,23.0,0.13953488372093023,0.75,0.07692307692307693,39.0
p_1908,0.3174064918232469,0.32821637426900585,0.3167926421404682,0.3524859030927135,0.375379034004765,0.3425925925925926,108.0,0.25396825396825395,0.21052631578947367,0.32,25.0,0.375,0.375,0.375,16.0,0.18181818181818182,0.16666666666666666,0.2,5.0,0.34146341463414637,0.3888888888888889,0.30434782608695654,23.0,0.43478260869565216,0.5,0.38461538461538464,39.0
p_1909,0.29444271412680756,0.28529268472724584,0.32776353276353276,0.32027561488073164,0.33538312432163475,0.3333333333333333,108.0,0.2903225806451613,0.23684210526315788,0.375,24.0,0.0,0.0,0.0,8.0,0.3793103448275862,0.3548387096774194,0.4074074074074074,27.0,0.48,0.4,0.6,10.0,0.3225806451612903,0.43478260869565216,0.2564102564102564,39.0
p_1910,0.24571428571428572,0.24756539756539758,0.2650773044651763,0.28345091122868904,0.2948951768396213,0.2962962962962963,108.0,0.2222222222222222,0.2727272727272727,0.1875,16.0,0.0,0.0,0.0,11.0,0.35555555555555557,0.3076923076923077,0.42105263157894735,19.0,0.31746031746031744,0.25,0.43478260869565216,23.0,0.3333333333333333,0.4074074074074074,0.28205128205128205,39.0
p_1911,0.21465018085794055,0.24508544087491457,0.2985065179918121,0.2557725035822658,0.3336947165894535,0.3333333333333333,108.0,0.5294117647058824,0.38571428571428573,0.84375,32.0,0.23076923076923078,0.15789473684210525,0.42857142857142855,7.0,0.14285714285714285,0.18181818181818182,0.11764705882352941,17.0,0.0,0.0,0.0,13.0,0.1702127659574468,0.5,0.10256410256410256,39.0
p_1912,0.24460448165026963,0.25931818181818184,0.2433532549322023,0.26665976060099195,0.2672032828282828,0.2777777777777778,108.0,0.13333333333333333,0.2,0.1,20.0,0.26666666666666666,0.3333333333333333,0.2222222222222222,9.0,0.13953488372093023,0.13636363636363635,0.14285714285714285,21.0,0.2926829268292683,0.2727272727272727,0.3157894736842105,19.0,0.39080459770114945,0.3541666666666667,0.4358974358974359,39.0
p_1913,0.34880578485706454,0.3751144164759725,0.40987146187146184,0.32576175069811386,0.37538933384185097,0.3333333333333333,108.0,0.35294117647058826,0.5,0.2727272727272727,11.0,0.46153846153846156,0.3157894736842105,0.8571428571428571,7.0,0.2926829268292683,0.375,0.24,25.0,0.3142857142857143,0.25,0.4230769230769231,26.0,0.3225806451612903,0.43478260869565216,0.2564102564102564,39.0
p_1914,0.318028208350789,0.3050084175084175,0.3575091575091575,0.3747666113257511,0.38527637485970817,0.3888888888888889,108.0,0.45161290322580644,0.4375,0.4666666666666667,30.0,0.0,0.0,0.0,10.0,0.38095238095238093,0.2962962962962963,0.5333333333333333,15.0,0.3333333333333333,0.2727272727272727,0.42857142857142855,14.0,0.42424242424242425,0.5185185185185185,0.358974358974359,39.0
p_1915,0.17222388805597202,0.16135054617676267,0.20147221199852777,0.24344170507338922,0.22115193644488582,0.28703703703703703,108.0,0.0,0.0,0.0,14.0,0.26666666666666666,0.21052631578947367,0.36363636363636365,22.0,0.13793103448275862,0.2,0.10526315789473684,19.0,0.0,0.0,0.0,14.0,0.45652173913043476,0.39622641509433965,0.5384615384615384,39.0
p_1916,0.30034565108094524,0.3535684745362165,0.3468864468864469,0.3203083393851368,0.41088851908744384,0.3611111111111111,108.0,0.4888888888888889,0.3548387096774194,0.7857142857142857,28.0,0.11764705882352941,0.25,0.07692307692307693,13.0,0.1875,0.21428571428571427,0.16666666666666666,18.0,0.4,0.3333333333333333,0.5,10.0,0.3076923076923077,0.6153846153846154,0.20512820512820512,39.0
p_1917,0.2362673107890499,0.31821030821030816,0.2480902430902431,0.2929813025585972,0.3687458631903076,0.3148148148148148,108.0,0.16,0.6666666666666666,0.09090909090909091,22.0,0.3333333333333333,0.2962962962962963,0.38095238095238093,21.0,0.14814814814814814,0.13333333333333333,0.16666666666666666,12.0,0.08333333333333333,0.09090909090909091,0.07692307692307693,13.0,0.45652173913043476,0.40384615384615385,0.525,40.0
p_1918,0.2584343086815255,0.24588966588966593,0.276474358974359,0.3045837348127692,0.2843851621629399,0.3333333333333333,108.0,0.0,0.0,0.0,15.0,0.34782608695652173,0.36363636363636365,0.3333333333333333,24.0,0.06896551724137931,0.07692307692307693,0.0625,16.0,0.42857142857142855,0.4,0.46153846153846156,13.0,0.44680851063829785,0.3888888888888889,0.525,40.0
p_1919,0.2758537650241414,0.2673049110230774,0.3471872030408616,0.30461318979151053,0.311033790503073,0.3611111111111111,108.0,0.0625,0.25,0.03571428571428571,28.0,0.0,0.0,0.0,7.0,0.3018867924528302,0.25806451612903225,0.36363636363636365,22.0,0.5517241379310345,0.42105263157894735,0.8,10.0,0.4631578947368421,0.4074074074074074,0.5365853658536586,41.0
p_1920,0.34315389078275677,0.5091534391534391,0.3592540330703889,0.407370044998911,0.49614687438761507,0.4351851851851852,108.0,0.4727272727272727,0.48148148148148145,0.4642857142857143,28.0,0.23076923076923078,0.3333333333333333,0.17647058823529413,17.0,0.14285714285714285,1.0,0.07692307692307693,13.0,0.3333333333333333,0.26666666666666666,0.4444444444444444,9.0,0.5360824742268041,0.4642857142857143,0.6341463414634146,41.0
p_1921,0.23813014942047203,0.2172951231774761,0.2744499403035988,0.33250774514215375,0.30397975904511854,0.37962962962962965,108.0,0.18181818181818182,0.2222222222222222,0.15384615384615385,26.0,0.0,0.0,0.0,6.0,0.0,0.0,0.0,13.0,0.5357142857142857,0.4411764705882353,0.6818181818181818,22.0,0.4731182795698925,0.4230769230769231,0.5365853658536586,41.0
p_1922,0.2559161559161559,0.3271111111111111,0.27810337450016964,0.33766033766033765,0.3841769547325103,0.37962962962962965,108.0,0.0,0.0,0.0,13.0,0.16666666666666666,0.16666666666666666,0.16666666666666666,6.0,0.5135135135135135,0.4222222222222222,0.6551724137931034,29.0,0.18181818181818182,0.6666666666666666,0.10526315789473684,19.0,0.4175824175824176,0.38,0.4634146341463415,41.0
p_1923,0.24283830455259028,0.2530476190476191,0.26205807200929154,0.29743589743589743,0.3114506172839506,0.3148148148148148,108.0,0.22857142857142856,0.4,0.16,25.0,0.0,0.0,0.0,11.0,0.32,0.26666666666666666,0.4,10.0,0.20408163265306123,0.17857142857142858,0.23809523809523808,21.0,0.46153846153846156,0.42,0.5121951219512195,41.0
p_1924,0.19780965187509342,0.22509324009324008,0.22130952380952382,0.2791749672128426,0.2957653457653458,0.3148148148148148,108.0,0.0,0.0,0.0,9.0,0.15,0.125,0.1875,16.0,0.08333333333333333,0.3333333333333333,0.047619047619047616,21.0,0.2608695652173913,0.23076923076923078,0.3,20.0,0.4948453608247423,0.43636363636363634,0.5714285714285714,42.0
p_1925,0.17622780594585494,0.17739130434782607,0.21835664335664334,0.27191029454869753,0.26135265700483096,0.3333333333333333,108.0,0.0,0.0,0.0,15.0,0.0,0.0,0.0,12.0,0.18604651162790697,0.13333333333333333,0.3076923076923077,13.0,0.18181818181818182,0.3333333333333333,0.125,24.0,0.5132743362831859,0.42028985507246375,0.6590909090909091,44.0
p_1926,0.26503582974171214,0.2537945387945388,0.281002331002331,0.3326251087688996,0.31108906525573193,0.3611111111111111,108.0,0.0,0.0,0.0,17.0,0.35294117647058826,0.375,0.3333333333333333,18.0,0.21621621621621623,0.19047619047619047,0.25,16.0,0.23076923076923078,0.23076923076923078,0.23076923076923078,13.0,0.5252525252525253,0.4727272727272727,0.5909090909090909,44.0
p_1927,0.2917499285773084,0.3127132862140359,0.3078204404291361,0.33377819851257867,0.3674188864562428,0.3425925925925926,108.0,0.3333333333333333,0.42857142857142855,0.2727272727272727,11.0,0.14634146341463414,0.16666666666666666,0.13043478260869565,23.0,0.43478260869565216,0.32608695652173914,0.6521739130434783,23.0,0.13333333333333333,0.125,0.14285714285714285,7.0,0.410958904109589,0.5172413793103449,0.3409090909090909,44.0
p_1928,0.19333333333333336,0.18523809523809526,0.2977777777777778,0.23106060606060605,0.2701719576719577,0.28703703703703703,108.0,0.36363636363636365,0.25,0.6666666666666666,27.0,0.0,0.0,0.0,12.0,0.0,0.0,0.0,19.0,0.3,0.2,0.6,5.0,0.30303030303030304,0.47619047619047616,0.2222222222222222,45.0
p_1929,0.3441678321678322,0.353447254499886,0.34564102564102567,0.4053526720193388,0.3948465439693509,0.42592592592592593,108.0,0.20512820512820512,0.21052631578947367,0.2,20.0,0.41025641025641024,0.38095238095238093,0.4444444444444444,18.0,0.0,0.0,0.0,12.0,0.5454545454545454,0.6666666666666666,0.46153846153846156,13.0,0.56,0.509090909090909,0.6222222222222222,45.0
p_1930,0.23107502155791892,0.23687965752338674,0.275879917184265,0.343242790073776,0.3743371562461463,0.3611111111111111,108.0,0.3380281690140845,0.22641509433962265,0.6666666666666666,18.0,0.3673469387755102,0.42857142857142855,0.32142857142857145,28.0,0.0,0.0,0.0,10.0,0.0,0.0,0.0,6.0,0.45,0.5294117647058824,0.391304347826087,46.0
p_1931,0.30130718954248364,0.31641228070175437,0.3003732981993852,0.3957274267731784,0.3877956465237167,0.4166666666666667,108.0,0.0,0.0,0.0,9.0,0.23529411764705882,0.3333333333333333,0.18181818181818182,11.0,0.3333333333333333,0.32,0.34782608695652173,23.0,0.3888888888888889,0.4375,0.35,20.0,0.5490196078431373,0.49122807017543857,0.6222222222222222,45.0
p_1932,0.3050391050391051,0.31515699986288226,0.3107509881422925,0.4216560883227551,0.41361173321957634,0.4537037037037037,108.0,0.3076923076923077,0.35294117647058826,0.2727272727272727,22.0,0.19047619047619047,0.18181818181818182,0.2,10.0,0.0,0.0,0.0,8.0,0.43243243243243246,0.5333333333333333,0.36363636363636365,22.0,0.5945945945945946,0.5076923076923077,0.717391304347826,46.0
p_1933,0.2665520872042611,0.26979166666666665,0.29522192028985506,0.3524230287515312,0.3664351851851852,0.37962962962962965,108.0,0.14814814814814814,0.16666666666666666,0.13333333333333333,15.0,0.0,0.0,0.0,15.0,,,,,0.45652173913043476,0.35,0.65625,32.0,0.46153846153846156,0.5625,0.391304347826087,46.0
p_1934,0.1806976231788262,0.2200653594771242,0.19657914549218897,0.2955829617797036,0.3112503025901719,0.3425925925925926,108.0,0.0,0.0,0.0,3.0,0.15384615384615385,0.2,0.125,16.0,0.08333333333333333,0.3333333333333333,0.047619047619047616,21.0,0.12244897959183673,0.1111111111111111,0.13636363636363635,22.0,0.543859649122807,0.45588235294117646,0.6739130434782609,46.0
p_1935,0.37168203240830644,0.39430217334380724,0.39544757033248085,0.4059232054264774,0.4135642450515454,0.4537037037037037,108.0,0.2222222222222222,0.3,0.17647058823529413,17.0,0.5454545454545454,0.5,0.6,5.0,0.3333333333333333,0.3157894736842105,0.35294117647058826,17.0,0.13793103448275862,0.3333333333333333,0.08695652173913043,23.0,0.6194690265486725,0.5223880597014925,0.7608695652173914,46.0
p_1936,0.23000937988535694,0.25685027616062095,0.24653513579344782,0.3411505799702777,0.34884172872678615,0.37037037037037035,108.0,0.0,0.0,0.0,7.0,0.1,0.3333333333333333,0.058823529411764705,17.0,0.16,0.13793103448275862,0.19047619047619047,21.0,0.3157894736842105,0.2857142857142857,0.35294117647058826,17.0,0.5742574257425742,0.5272727272727272,0.6304347826086957,46.0
p_1937,0.3130211817168339,0.5399108138238573,0.3210883319578971,0.3885802469135803,0.5015432098765432,0.4351851851851852,108.0,0.2564102564102564,0.19230769230769232,0.38461538461538464,13.0,0.16666666666666666,1.0,0.09090909090909091,11.0,0.13333333333333333,0.3333333333333333,0.08333333333333333,24.0,0.4,0.6666666666666666,0.2857142857142857,14.0,0.6086956521739131,0.5072463768115942,0.7608695652173914,46.0
p_1938,0.3178650012275119,0.32149253731343286,0.3339136835704341,0.417932333801309,0.4013266998341625,0.46296296296296297,108.0,0.13793103448275862,0.2,0.10526315789473684,19.0,0.0,0.0,0.0,8.0,0.42105263157894735,0.5,0.36363636363636365,22.0,0.42857142857142855,0.4,0.46153846153846156,13.0,0.6017699115044248,0.5074626865671642,0.7391304347826086,46.0
p_1939,0.2039152024446142,0.2160365296803653,0.2394120753388488,0.3278875944317121,0.298225942837815,0.4074074074074074,108.0,0.2727272727272727,0.24,0.3157894736842105,19.0,0.125,0.3333333333333333,0.07692307692307693,13.0,0.0,0.0,0.0,18.0,0.0,0.0,0.0,12.0,0.6218487394957983,0.5068493150684932,0.8043478260869565,46.0
p_1940,0.17382276603633667,0.15641025641025644,0.20931677018633538,0.2799269421442206,0.23433048433048434,0.3611111111111111,108.0,0.0,0.0,0.0,20.0,0.13793103448275862,0.13333333333333333,0.14285714285714285,14.0,0.16666666666666666,0.2,0.14285714285714285,14.0,0.0,0.0,0.0,14.0,0.5645161290322581,0.44871794871794873,0.7608695652173914,46.0
p_1941,0.15614973262032086,0.13085714285714284,0.19565217391304346,0.28243216478510597,0.23304232804232802,0.3611111111111111,108.0,0.0,0.0,0.0,12.0,0.0,0.0,0.0,12.0,0.0,0.0,0.0,15.0,0.23529411764705882,0.21428571428571427,0.2608695652173913,23.0,0.5454545454545454,0.44,0.717391304347826,46.0
p_1942,0.27103410341034107,0.270879504841769,0.2743848257006151,0.4230284602534327,0.41363385947592796,0.4351851851851852,108.0,0.4,0.4074074074074074,0.39285714285714285,28.0,0.1111111111111111,0.14285714285714285,0.09090909090909091,11.0,0.0,0.0,0.0,2.0,0.25,0.23809523809523808,0.2631578947368421,19.0,0.594059405940594,0.5660377358490566,0.625,48.0
p_1943,0.24319955406911928,0.2273939393939394,0.2614512471655329,0.3810309054874272,0.35794612794612796,0.4074074074074074,108.0,0.0,0.0,0.0,9.0,0.2608695652173913,0.24,0.2857142857142857,21.0,0.0,0.0,0.0,11.0,0.358974358974359,0.3333333333333333,0.3888888888888889,18.0,0.5961538461538461,0.5636363636363636,0.6326530612244898,49.0
p_1944,0.1905731523378582,0.21186644772851668,0.22242423123095395,0.3385865314786883,0.3227158466622068,0.4351851851851852,108.0,0.15384615384615385,0.2222222222222222,0.11764705882352941,17.0,0.0,0.0,0.0,4.0,0.1,0.14285714285714285,0.07692307692307693,13.0,0.06666666666666667,0.2,0.04,25.0,0.6323529411764706,0.4942528735632184,0.8775510204081632,49.0
p_1945,0.2147571375602521,0.20670319634703196,0.23297682709447415,0.38589688130844974,0.35860476915271433,0.4351851851851852,108.0,0.0,0.0,0.0,15.0,0.0,0.0,0.0,3.0,0.16666666666666666,0.16666666666666666,0.16666666666666666,6.0,0.3103448275862069,0.36,0.2727272727272727,33.0,0.5967741935483871,0.5068493150684932,0.7254901960784313,51.0
p_1946,0.2922834645669291,0.37401837928153714,0.304323780794369,0.42807669874599014,0.45709953897088407,0.49074074074074076,108.0,0.3,0.42857142857142855,0.23076923076923078,13.0,0.1,0.5,0.05555555555555555,18.0,0.0,0.0,0.0,9.0,0.4,0.3888888888888889,0.4117647058823529,17.0,0.6614173228346457,0.5526315789473685,0.8235294117647058,51.0
p_1947,0.2202861886315124,0.2632756132756133,0.24201680672268905,0.39232203980405417,0.3929339693228582,0.48148148148148145,108.0,0.15384615384615385,0.2222222222222222,0.11764705882352941,17.0,0.0,0.0,0.0,9.0,0.2857142857142857,0.5714285714285714,0.19047619047619047,21.0,0.0,0.0,0.0,10.0,0.6618705035971223,0.5227272727272727,0.9019607843137255,51.0
p_1948,0.21831831831831833,0.3654761904761904,0.2485294117647059,0.38103381158936717,0.3798500881834215,0.5092592592592593,108.0,0.0,0.0,0.0,10.0,0.2222222222222222,1.0,0.125,8.0,0.0,0.0,0.0,21.0,0.16666666666666666,0.2857142857142857,0.11764705882352941,17.0,0.7027027027027027,0.5416666666666666,1.0,52.0
p_1949,0.2672901766611651,0.25290322580645164,0.29901436159748185,0.39870068124240143,0.38137196336121065,0.42592592592592593,108.0,0.34146341463414637,0.3888888888888889,0.30434782608695654,23.0,0.0,0.0,0.0,11.0,0.26666666666666666,0.2,0.4,5.0,0.11428571428571428,0.1111111111111111,0.11764705882352941,17.0,0.6140350877192983,0.5645161290322581,0.6730769230769231,52.0
p_1950,0.3090422077922078,0.3443907064959696,0.3190849673202614,0.44761754449254454,0.4399891119189365,0.5,108.0,0.45714285714285713,0.42105263157894735,0.5,16.0,0.18181818181818182,0.4,0.11764705882352941,17.0,0.0,0.0,0.0,11.0,0.25,0.3333333333333333,0.2,10.0,0.65625,0.5675675675675675,0.7777777777777778,54.0
p_1951,0.2961152635719906,0.30085097550850975,0.3073684210526316,0.48963842629017684,0.4655506741693956,0.5370370370370371,108.0,0.34146341463414637,0.3181818181818182,0.3684210526315789,19.0,0.0,0.0,0.0,8.0,0.0,0.0,0.0,7.0,0.45161290322580644,0.5833333333333334,0.3684210526315789,19.0,0.6875,0.6027397260273972,0.8,55.0
p_1952,0.3214912280701755,0.36728070175438593,0.3655099286678234,0.5083049057829759,0.5101851851851852,0.5833333333333334,108.0,0.5789473684210527,0.4583333333333333,0.7857142857142857,14.0,0.125,0.3333333333333333,0.07692307692307693,13.0,0.0,0.0,0.0,5.0,0.16666666666666666,0.4,0.10526315789473684,19.0,0.7368421052631579,0.6447368421052632,0.8596491228070176,57.0
p_1953,0.22759103641456582,0.31875,0.256,0.46103719265483967,0.5139853395061729,0.5740740740740741,108.0,0.0,0.0,0.0,6.0,0.14285714285714285,0.6666666666666666,0.08,25.0,0.0,0.0,0.0,5.0,0.25,0.3333333333333333,0.2,15.0,0.7450980392156863,0.59375,1.0,57.0
p_1954,0.2580284146651648,0.2912301181964103,0.2728867623604466,0.46428585847574977,0.4528673573617394,0.5462962962962963,108.0,0.38461538461538464,0.45454545454545453,0.3333333333333333,15.0,0.0,0.0,0.0,6.0,0.0,0.0,0.0,8.0,0.20689655172413793,0.42857142857142855,0.13636363636363635,22.0,0.6986301369863014,0.5730337078651685,0.8947368421052632,57.0
p_1955,0.2179099099099099,0.2332750582750583,0.24333333333333332,0.43937937937937943,0.3972740222740223,0.5277777777777778,108.0,0.24,0.23076923076923078,0.25,12.0,0.13333333333333333,0.3333333333333333,0.08333333333333333,12.0,0.0,0.0,0.0,6.0,0.0,0.0,0.0,18.0,0.7162162162162162,0.6022727272727273,0.8833333333333333,60.0
p_1956,0.2190196078431373,0.30724637681159417,0.23117096018735364,0.48010167029774875,0.5104334406870639,0.5648148148148148,108.0,0.1,0.16666666666666666,0.07142857142857142,14.0,0.0,0.0,0.0,5.0,0.25,0.75,0.15,20.0,0.0,0.0,0.0,8.0,0.7450980392156863,0.6195652173913043,0.9344262295081968,61.0
p_1957,0.2687896452602335,0.4288235294117647,0.28398692810457515,0.5070327308889401,0.6040032679738562,0.5555555555555556,108.0,0.23529411764705882,0.2,0.2857142857142857,7.0,0.0,0.0,0.0,1.0,0.1111111111111111,1.0,0.058823529411764705,17.0,0.2702702702702703,0.29411764705882354,0.25,20.0,0.7272727272727273,0.65,0.8253968253968254,63.0
p_1958,0.17421686746987952,0.22549019607843138,0.2111111111111111,0.47360553324408744,0.45515613652868553,0.6018518518518519,108.0,0.1,0.5,0.05555555555555555,18.0,0.0,0.0,0.0,11.0,0.0,0.0,0.0,7.0,0.0,0.0,0.0,8.0,0.7710843373493976,0.6274509803921569,1.0,64.0
p_1959,0.238661311914324,0.5254901960784314,0.24722222222222223,0.4900664385938817,0.5292302106027597,0.6111111111111112,108.0,0.2,1.0,0.1111111111111111,9.0,0.2222222222222222,1.0,0.125,8.0,0.0,0.0,0.0,14.0,0.0,0.0,0.0,13.0,0.7710843373493976,0.6274509803921569,1.0,64.0
p_1960,0.2045112781954887,0.18609625668449198,0.23055555555555554,0.4842662211083264,0.42612398494751436,0.5648148148148148,108.0,0.0,0.0,0.0,9.0,0.0,0.0,0.0,12.0,0.0,0.0,0.0,5.0,0.2857142857142857,0.29411764705882354,0.2777777777777778,18.0,0.7368421052631579,0.6363636363636364,0.875,64.0
p_1961,0.1911816578483245,0.1836734693877551,0.22232142857142856,0.4782807498856881,0.41194255479969766,0.5925925925925926,108.0,0.19047619047619047,0.2857142857142857,0.14285714285714285,14.0,0.0,0.0,0.0,1.0,0.0,0.0,0.0,11.0,0.0,0.0,0.0,18.0,0.7654320987654321,0.6326530612244898,0.96875,64.0
p_1962,0.24976547842401503,0.2646428571428571,0.2855674342105263,0.4958828434438191,0.44873015873015876,0.6111111111111112,108.0,0.0,0.0,0.0,15.0,0.23076923076923078,0.42857142857142855,0.15789473684210525,19.0,,,,,0.0,0.0,0.0,10.0,0.7682926829268293,0.63,0.984375,64.0
p_1963,0.20902195608782437,0.24666666666666667,0.23079455662862158,0.5110094625563688,0.4742283950617284,0.6203703703703703,108.0,0.0,0.0,0.0,12.0,0.16666666666666666,0.25,0.125,8.0,0.0,0.0,0.0,4.0,0.1,0.3333333333333333,0.058823529411764705,17.0,0.7784431137724551,0.65,0.9701492537313433,67.0
p_1964,0.2045775116433799,0.29666666666666663,0.22319651741293528,0.5141987629678915,0.5143518518518518,0.6203703703703703,108.0,0.1111111111111111,0.5,0.0625,16.0,0.0,0.0,0.0,8.0,0.0,0.0,0.0,5.0,0.13333333333333333,0.3333333333333333,0.08333333333333333,12.0,0.7784431137724551,0.65,0.9701492537313433,67.0
p_1965,0.228672067629447,0.2177142857142857,0.2570149253731343,0.5230323666392706,0.4491269841269841,0.6388888888888888,108.0,0.0,0.0,0.0,21.0,0.0,0.0,0.0,2.0,0.35294117647058826,0.42857142857142855,0.3,10.0,0.0,0.0,0.0,8.0,0.7904191616766467,0.66,0.9850746268656716,67.0
p_1966,0.200151653017895,0.2765079365079365,0.20964226486614543,0.49936811242543727,0.5201646090534979,0.5648148148148148,108.0,0.07142857142857142,0.07142857142857142,0.07142857142857142,14.0,0.0,0.0,0.0,5.0,0.0,0.0,0.0,4.0,0.19047619047619047,0.6666666666666666,0.1111111111111111,18.0,0.7388535031847133,0.6444444444444445,0.8656716417910447,67.0
p_1967,0.22383040935672513,0.25,0.26108269394714406,0.523862897985705,0.478395061728395,0.6388888888888888,108.0,0.1,0.3333333333333333,0.058823529411764705,17.0,,,,,0.0,0.0,0.0,12.0,0.0,0.0,0.0,10.0,0.7953216374269005,0.6666666666666666,0.9855072463768116,69.0
p_1968,0.19005847953216373,0.2100970873786408,0.2181114551083591,0.5227149664284166,0.4799352750809062,0.6388888888888888,108.0,0.0,0.0,0.0,11.0,0.0,0.0,0.0,2.0,0.16666666666666666,0.4,0.10526315789473684,19.0,0.0,0.0,0.0,8.0,0.783625730994152,0.6504854368932039,0.9852941176470589,68.0
p_1969,0.1878139534883721,0.22884615384615384,0.21610644257703085,0.5216365202411715,0.5028490028490029,0.6388888888888888,108.0,0.0,0.0,0.0,10.0,0.0,0.0,0.0,4.0,0.0,0.0,0.0,5.0,0.16,0.5,0.09523809523809523,21.0,0.7790697674418605,0.6442307692307693,0.9852941176470589,68.0
p_1970,0.2061395348837209,0.2820388349514563,0.2256728778467909,0.5518346253229973,0.5676240560949298,0.6574074074074074,108.0,0.24,0.75,0.14285714285714285,21.0,0.0,0.0,0.0,5.0,0.0,0.0,0.0,4.0,0.0,0.0,0.0,9.0,0.7906976744186046,0.6601941747572816,0.9855072463768116,69.0
p_1971,0.1811764705882353,0.18137254901960784,0.21244343891402714,0.5104575163398694,0.4436728395061728,0.6296296296296297,108.0,0.0,0.0,0.0,9.0,0.11764705882352941,0.25,0.07692307692307693,13.0,0.0,0.0,0.0,11.0,0.0,0.0,0.0,7.0,0.788235294117647,0.6568627450980392,0.9852941176470589,68.0
p_1972,0.15722543352601157,0.13076923076923078,0.19710144927536233,0.502247912652537,0.4177350427350427,0.6296296296296297,108.0,0.0,0.0,0.0,11.0,0.0,0.0,0.0,5.0,0.0,0.0,0.0,11.0,0.0,0.0,0.0,12.0,0.7861271676300579,0.6538461538461539,0.9855072463768116,69.0
p_1973,0.17101086048454467,0.19803921568627453,0.20220289855072462,0.5171841641139886,0.4968228031953522,0.6296296296296297,108.0,0.07142857142857142,0.3333333333333333,0.04,25.0,0.0,0.0,0.0,3.0,0.0,0.0,0.0,10.0,0.0,0.0,0.0,1.0,0.783625730994152,0.6568627450980392,0.9710144927536232,69.0
p_1974,0.19842767295597483,0.2096825396825397,0.20990338164251207,0.5088661774982529,0.47041446208112875,0.5740740740740741,108.0,0.125,0.14285714285714285,0.1111111111111111,18.0,0.125,0.25,0.08333333333333333,12.0,0.0,0.0,0.0,3.0,0.0,0.0,0.0,6.0,0.7421383647798742,0.6555555555555556,0.855072463768116,69.0
p_1975,0.1749069643806486,0.23137254901960783,0.20420289855072463,0.517484789414614,0.5122549019607843,0.6296296296296297,108.0,0.09090909090909091,0.5,0.05,20.0,0.0,0.0,0.0,11.0,0.0,0.0,0.0,5.0,0.0,0.0,0.0,3.0,0.783625730994152,0.6568627450980392,0.9710144927536232,69.0
p_1976,0.1767251461988304,0.17137254901960786,0.20753623188405798,0.514538661468486,0.44744008714596945,0.6296296296296297,108.0,0.0,0.0,0.0,10.0,0.0,0.0,0.0,5.0,0.0,0.0,0.0,9.0,0.1,0.2,0.06666666666666667,15.0,0.783625730994152,0.6568627450980392,0.9710144927536232,69.0
p_1977,0.15819209039548024,0.1320754716981132,0.1971830985915493,0.5199832600962545,0.43413696715583505,0.6481481481481481,108.0,0.0,0.0,0.0,6.0,0.0,0.0,0.0,4.0,0.0,0.0,0.0,16.0,0.0,0.0,0.0,11.0,0.7909604519774012,0.660377358490566,0.9859154929577465,71.0
p_1978,0.1595505617977528,0.13523809523809524,0.19452054794520549,0.5392218060757386,0.45705467372134045,0.6574074074074074,108.0,0.0,0.0,0.0,13.0,0.0,0.0,0.0,3.0,0.0,0.0,0.0,14.0,0.0,0.0,0.0,5.0,0.797752808988764,0.6761904761904762,0.9726027397260274,73.0
p_1979,0.20076628352490422,0.26537216828478966,0.21821596244131455,0.5446998722860792,0.52660913340525,0.6481481481481481,108.0,0.0,0.0,0.0,6.0,0.0,0.0,0.0,5.0,0.2222222222222222,0.6666666666666666,0.13333333333333333,15.0,0.0,0.0,0.0,11.0,0.7816091954022989,0.6601941747572816,0.9577464788732394,71.0
p_1980,0.20126262626262625,0.3314285714285714,0.2193661971830986,0.531928077066966,0.5060846560846561,0.6481481481481481,108.0,0.0,0.0,0.0,14.0,0.0,0.0,0.0,2.0,0.0,0.0,0.0,13.0,0.2222222222222222,1.0,0.125,8.0,0.7840909090909091,0.6571428571428571,0.971830985915493,71.0
p_1981,0.1568181818181818,0.13142857142857142,0.1943661971830986,0.5154671717171717,0.432010582010582,0.6388888888888888,108.0,0.0,0.0,0.0,8.0,0.0,0.0,0.0,8.0,0.0,0.0,0.0,9.0,0.0,0.0,0.0,12.0,0.7840909090909091,0.6571428571428571,0.971830985915493,71.0
p_1982,0.15593220338983052,0.13018867924528302,0.1943661971830986,0.5125549278091651,0.42793501048218024,0.6388888888888888,108.0,0.0,0.0,0.0,18.0,0.0,0.0,0.0,5.0,0.0,0.0,0.0,12.0,0.0,0.0,0.0,2.0,0.7796610169491526,0.6509433962264151,0.971830985915493,71.0
p_1983,0.15730337078651685,0.1320754716981132,0.19444444444444445,0.5243445692883895,0.440251572327044,0.6481481481481481,108.0,0.0,0.0,0.0,11.0,0.0,0.0,0.0,5.0,0.0,0.0,0.0,13.0,0.0,0.0,0.0,7.0,0.7865168539325843,0.660377358490566,0.9722222222222222,72.0
p_1984,0.15865921787709497,0.1339622641509434,0.19452054794520549,0.5362093937512933,0.4527428371767994,0.6574074074074074,108.0,0.0,0.0,0.0,17.0,0.0,0.0,0.0,11.0,0.0,0.0,0.0,5.0,0.0,0.0,0.0,2.0,0.7932960893854749,0.6698113207547169,0.9726027397260274,73.0
p_1985,0.15865921787709497,0.1339622641509434,0.19452054794520549,0.5362093937512933,0.4527428371767994,0.6574074074074074,108.0,0.0,0.0,0.0,10.0,0.0,0.0,0.0,5.0,0.0,0.0,0.0,17.0,0.0,0.0,0.0,3.0,0.7932960893854749,0.6698113207547169,0.9726027397260274,73.0
p_1986,0.16,0.13457943925233645,0.19726027397260273,0.5407407407407407,0.454828660436137,0.6666666666666666,108.0,0.0,0.0,0.0,16.0,0.0,0.0,0.0,5.0,0.0,0.0,0.0,7.0,0.0,0.0,0.0,7.0,0.8,0.6728971962616822,0.9863013698630136,73.0
p_1987,0.16263736263736264,0.13703703703703704,0.2,0.5571835571835572,0.4694787379972566,0.6851851851851852,108.0,0.0,0.0,0.0,13.0,0.0,0.0,0.0,9.0,0.0,0.0,0.0,8.0,0.0,0.0,0.0,4.0,0.8131868131868132,0.6851851851851852,1.0,74.0
p_1988,0.16263736263736264,0.13703703703703704,0.2,0.5571835571835572,0.4694787379972566,0.6851851851851852,108.0,0.0,0.0,0.0,1.0,0.0,0.0,0.0,9.0,0.0,0.0,0.0,11.0,0.0,0.0,0.0,13.0,0.8131868131868132,0.6851851851851852,1.0,74.0
p_1989,0.16263736263736264,0.13703703703703704,0.2,0.5571835571835572,0.4694787379972566,0.6851851851851852,108.0,0.0,0.0,0.0,6.0,0.0,0.0,0.0,6.0,0.0,0.0,0.0,14.0,0.0,0.0,0.0,8.0,0.8131868131868132,0.6851851851851852,1.0,74.0
p_1990,0.18706532336691584,0.33831775700934574,0.2125,0.5776911132777237,0.6220145379023884,0.6944444444444444,108.0,0.11764705882352941,1.0,0.0625,16.0,0.0,0.0,0.0,8.0,0.0,0.0,0.0,3.0,0.0,0.0,0.0,7.0,0.8176795580110497,0.6915887850467289,1.0,74.0
p_1991,0.16521739130434782,0.14074074074074075,0.2,0.5813204508856683,0.49519890260631,0.7037037037037037,108.0,0.0,0.0,0.0,8.0,0.0,0.0,0.0,8.0,0.0,0.0,0.0,9.0,0.0,0.0,0.0,7.0,0.8260869565217391,0.7037037037037037,1.0,76.0
p_1992,0.16774193548387098,0.14444444444444443,0.2,0.6057347670250897,0.5216049382716049,0.7222222222222222,108.0,0.0,0.0,0.0,13.0,0.0,0.0,0.0,6.0,0.0,0.0,0.0,7.0,0.0,0.0,0.0,4.0,0.8387096774193549,0.7222222222222222,1.0,78.0
p_1993,0.16774193548387098,0.14444444444444443,0.2,0.6057347670250897,0.5216049382716049,0.7222222222222222,108.0,0.0,0.0,0.0,14.0,0.0,0.0,0.0,2.0,0.0,0.0,0.0,13.0,0.0,0.0,0.0,1.0,0.8387096774193549,0.7222222222222222,1.0,78.0
p_1994,0.16774193548387098,0.14444444444444443,0.2,0.6057347670250897,0.5216049382716049,0.7222222222222222,108.0,0.0,0.0,0.0,13.0,0.0,0.0,0.0,9.0,0.0,0.0,0.0,7.0,0.0,0.0,0.0,1.0,0.8387096774193549,0.7222222222222222,1.0,78.0
p_1995,0.16864864864864865,0.14579439252336449,0.2,0.6090090090090091,0.5264797507788161,0.7222222222222222,108.0,0.0,0.0,0.0,11.0,0.0,0.0,0.0,6.0,0.0,0.0,0.0,9.0,0.0,0.0,0.0,4.0,0.8432432432432433,0.7289719626168224,1.0,78.0
p_1996,0.16989247311827957,0.14766355140186915,0.2,0.6213659896455596,0.5400657667012807,0.7314814814814815,108.0,0.0,0.0,0.0,12.0,0.0,0.0,0.0,6.0,0.0,0.0,0.0,3.0,0.0,0.0,0.0,8.0,0.8494623655913979,0.7383177570093458,1.0,79.0
p_1997,0.1711229946524064,0.14953271028037382,0.2,0.6337888690829868,0.5538248528902735,0.7407407407407407,108.0,0.0,0.0,0.0,14.0,0.0,0.0,0.0,10.0,0.0,0.0,0.0,1.0,0.0,0.0,0.0,3.0,0.8556149732620321,0.7476635514018691,1.0,80.0
p_1998,0.20748663101604276,0.34953271028037386,0.22000000000000003,0.6506238859180036,0.6464174454828661,0.75,108.0,0.0,0.0,0.0,4.0,0.0,0.0,0.0,8.0,0.0,0.0,0.0,6.0,0.18181818181818182,1.0,0.1,10.0,0.8556149732620321,0.7476635514018691,1.0,80.0
p_1999,0.1711229946524064,0.14953271028037382,0.2,0.6337888690829868,0.5538248528902735,0.7407407407407407,108.0,0.0,0.0,0.0,7.0,0.0,0.0,0.0,8.0,0.0,0.0,0.0,9.0,0.0,0.0,0.0,4.0,0.8556149732620321,0.7476635514018691,1.0,80.0
p_2000,0.1761658031088083,0.1574074074074074,0.2,0.6932450585300326,0.6194272976680385,0.7870370370370371,108.0,0.0,0.0,0.0,4.0,0.0,0.0,0.0,7.0,0.0,0.0,0.0,11.0,0.0,0.0,0.0,1.0,0.8808290155440415,0.7870370370370371,1.0,85.0
p_2001,0.22164948453608246,0.19907407407407407,0.25,0.7059946544482627,0.6340877914951989,0.7962962962962963,108.0,0.0,0.0,0.0,8.0,0.0,0.0,0.0,3.0,0.0,0.0,0.0,11.0,,,,,0.8865979381443299,0.7962962962962963,1.0,86.0
p_2002,0.22164948453608246,0.19907407407407407,0.25,0.7059946544482627,0.6340877914951989,0.7962962962962963,108.0,0.0,0.0,0.0,12.0,0.0,0.0,0.0,4.0,0.0,0.0,0.0,6.0,,,,,0.8865979381443299,0.7962962962962963,1.0,86.0
p_2003,0.22448979591836735,0.2037037037037037,0.25,0.7316704459561602,0.6639231824417009,0.8148148148148148,108.0,0.0,0.0,0.0,6.0,0.0,0.0,0.0,13.0,0.0,0.0,0.0,1.0,,,,,0.8979591836734694,0.8148148148148148,1.0,88.0
p_2004,0.17959183673469387,0.16296296296296295,0.2,0.7316704459561602,0.6639231824417009,0.8148148148148148,108.0,0.0,0.0,0.0,2.0,0.0,0.0,0.0,7.0,0.0,0.0,0.0,8.0,0.0,0.0,0.0,3.0,0.8979591836734694,0.8148148148148148,1.0,88.0
p_2005,0.17959183673469387,0.16296296296296295,0.2,0.7316704459561602,0.6639231824417009,0.8148148148148148,108.0,0.0,0.0,0.0,1.0,0.0,0.0,0.0,5.0,0.0,0.0,0.0,8.0,0.0,0.0,0.0,6.0,0.8979591836734694,0.8148148148148148,1.0,88.0
p_2006,0.228643216080402,0.21064814814814814,0.25,0.7706123208635771,0.7099622770919067,0.8425925925925926,108.0,0.0,0.0,0.0,5.0,0.0,0.0,0.0,9.0,,,,,0.0,0.0,0.0,3.0,0.914572864321608,0.8425925925925926,1.0,91.0
p_2007,0.18507462686567164,0.17222222222222222,0.2,0.796849087893864,0.7415123456790125,0.8611111111111112,108.0,0.0,0.0,0.0,6.0,0.0,0.0,0.0,1.0,0.0,0.0,0.0,7.0,0.0,0.0,0.0,1.0,0.9253731343283582,0.8611111111111112,1.0,93.0
p_2008,0.23267326732673269,0.2175925925925926,0.25,0.8100476714338101,0.7575445816186557,0.8703703703703703,108.0,0.0,0.0,0.0,1.0,,,,,0.0,0.0,0.0,1.0,0.0,0.0,0.0,12.0,0.9306930693069307,0.8703703703703703,1.0,94.0
p_2009,0.23267326732673269,0.2175925925925926,0.25,0.8100476714338101,0.7575445816186557,0.8703703703703703,108.0,0.0,0.0,0.0,5.0,0.0,0.0,0.0,8.0,,,,,0.0,0.0,0.0,1.0,0.9306930693069307,0.8703703703703703,1.0,94.0
p_2010,0.23267326732673269,0.2175925925925926,0.25,0.8100476714338101,0.7575445816186557,0.8703703703703703,108.0,0.0,0.0,0.0,2.0,0.0,0.0,0.0,1.0,0.0,0.0,0.0,11.0,,,,,0.9306930693069307,0.8703703703703703,1.0,94.0
p_2011,0.23267326732673269,0.2175925925925926,0.25,0.8100476714338101,0.7575445816186557,0.8703703703703703,108.0,,,,,0.0,0.0,0.0,7.0,0.0,0.0,0.0,6.0,0.0,0.0,0.0,1.0,0.9306930693069307,0.8703703703703703,1.0,94.0
p_2012,0.23267326732673269,0.2175925925925926,0.25,0.8100476714338101,0.7575445816186557,0.8703703703703703,108.0,0.0,0.0,0.0,2.0,0.0,0.0,0.0,11.0,0.0,0.0,0.0,1.0,,,,,0.9306930693069307,0.8703703703703703,1.0,94.0
p_2013,0.23267326732673269,0.2175925925925926,0.25,0.8100476714338101,0.7575445816186557,0.8703703703703703,108.0,0.0,0.0,0.0,1.0,0.0,0.0,0.0,5.0,0.0,0.0,0.0,8.0,,,,,0.9306930693069307,0.8703703703703703,1.0,94.0
p_2014,0.18823529411764706,0.17777777777777776,0.2,0.8366013071895424,0.7901234567901234,0.8888888888888888,108.0,0.0,0.0,0.0,7.0,0.0,0.0,0.0,1.0,0.0,0.0,0.0,1.0,0.0,0.0,0.0,3.0,0.9411764705882353,0.8888888888888888,1.0,96.0
p_2015,0.23529411764705882,0.2222222222222222,0.25,0.8366013071895424,0.7901234567901234,0.8888888888888888,108.0,0.0,0.0,0.0,7.0,0.0,0.0,0.0,4.0,,,,,0.0,0.0,0.0,1.0,0.9411764705882353,0.8888888888888888,1.0,96.0
