position,macro_f1,macro_precision,macro_recall,weighted_f1,weighted_precision,weighted_recall,support,f1_1,precision_1,recall_1,support_1,f1_2,precision_2,recall_2,support_2,f1_3,precision_3,recall_3,support_3,f1_4,precision_4,recall_4,support_4,f1_0,precision_0,recall_0,support_0
p_1,0.1804733727810651,0.1412037037037037,0.25,0.40773613850536927,0.3190157750342935,0.5648148148148148,108.0,0.7218934911242604,0.5648148148148148,1.0,61.0,0.0,0.0,0.0,18.0,0.0,0.0,0.0,24.0,0.0,0.0,0.0,5.0,,,,
p_2,0.13013698630136986,0.08796296296296297,0.25,0.18315575849822424,0.1237997256515775,0.35185185185185186,108.0,0.5205479452054794,0.35185185185185186,1.0,38.0,0.0,0.0,0.0,21.0,0.0,0.0,0.0,28.0,0.0,0.0,0.0,21.0,,,,
p_3,0.14,0.09722222222222222,0.25,0.21777777777777782,0.15123456790123455,0.3888888888888889,108.0,0.0,0.0,0.0,10.0,0.0,0.0,0.0,34.0,0.0,0.0,0.0,22.0,0.56,0.3888888888888889,1.0,42.0,,,,
p_4,0.1804733727810651,0.1412037037037037,0.25,0.40773613850536927,0.3190157750342935,0.5648148148148148,108.0,0.0,0.0,0.0,15.0,0.7218934911242604,0.5648148148148148,1.0,61.0,0.0,0.0,0.0,14.0,0.0,0.0,0.0,18.0,,,,
p_5,0.18421052631578946,0.14583333333333334,0.25,0.4298245614035088,0.3402777777777778,0.5833333333333334,108.0,0.0,0.0,0.0,15.0,0.0,0.0,0.0,19.0,0.7368421052631579,0.5833333333333334,1.0,63.0,0.0,0.0,0.0,11.0,,,,
p_6,0.15605095541401273,0.11342592592592593,0.25,0.28320358575135646,0.20584705075445817,0.4537037037037037,108.0,0.0,0.0,0.0,18.0,0.6242038216560509,0.4537037037037037,1.0,49.0,0.0,0.0,0.0,32.0,0.0,0.0,0.0,9.0,,,,
p_7,0.16666666666666666,0.125,0.25,0.3333333333333333,0.25,0.5,108.0,0.0,0.0,0.0,25.0,0.6666666666666666,0.5,1.0,54.0,0.0,0.0,0.0,16.0,0.0,0.0,0.0,13.0,,,,
p_8,0.2,0.16666666666666666,0.25,0.5333333333333333,0.4444444444444444,0.6666666666666666,108.0,0.8,0.6666666666666666,1.0,72.0,0.0,0.0,0.0,10.0,0.0,0.0,0.0,11.0,0.0,0.0,0.0,15.0,,,,
p_9,0.1804733727810651,0.1412037037037037,0.25,0.40773613850536927,0.3190157750342935,0.5648148148148148,108.0,0.0,0.0,0.0,19.0,0.0,0.0,0.0,7.0,0.7218934911242604,0.5648148148148148,1.0,61.0,0.0,0.0,0.0,21.0,,,,
p_10,0.16037735849056603,0.11805555555555555,0.25,0.30293501048218024,0.22299382716049382,0.4722222222222222,108.0,0.0,0.0,0.0,22.0,0.6415094339622641,0.4722222222222222,1.0,51.0,0.0,0.0,0.0,22.0,0.0,0.0,0.0,13.0,,,,
p_11,0.16037735849056603,0.11805555555555555,0.25,0.30293501048218024,0.22299382716049382,0.4722222222222222,108.0,0.0,0.0,0.0,25.0,0.0,0.0,0.0,9.0,0.0,0.0,0.0,23.0,0.6415094339622641,0.4722222222222222,1.0,51.0,,,,
p_12,0.1625,0.12037037037037036,0.25,0.312962962962963,0.23182441700960219,0.48148148148148145,108.0,0.0,0.0,0.0,21.0,0.65,0.48148148148148145,1.0,52.0,0.0,0.0,0.0,5.0,0.0,0.0,0.0,30.0,,,,
p_13,0.16037735849056603,0.11805555555555555,0.25,0.30293501048218024,0.22299382716049382,0.4722222222222222,108.0,0.6415094339622641,0.4722222222222222,1.0,51.0,0.0,0.0,0.0,13.0,0.0,0.0,0.0,28.0,0.0,0.0,0.0,16.0,,,,
p_14,0.16037735849056603,0.11805555555555555,0.25,0.30293501048218024,0.22299382716049382,0.4722222222222222,108.0,0.0,0.0,0.0,32.0,0.0,0.0,0.0,13.0,0.0,0.0,0.0,12.0,0.6415094339622641,0.4722222222222222,1.0,51.0,,,,
p_15,0.19491525423728814,0.1597222222222222,0.25,0.49811676082862527,0.408179012345679,0.6388888888888888,108.0,0.0,0.0,0.0,18.0,0.0,0.0,0.0,12.0,0.7796610169491526,0.6388888888888888,1.0,69.0,0.0,0.0,0.0,9.0,,,,
p_16,0.1687116564417178,0.12731481481481483,0.25,0.34367189275164733,0.25934499314128945,0.5092592592592593,108.0,0.0,0.0,0.0,27.0,0.6748466257668712,0.5092592592592593,1.0,55.0,0.0,0.0,0.0,19.0,0.0,0.0,0.0,7.0,,,,
p_17,0.15605095541401273,0.11342592592592593,0.25,0.28320358575135646,0.20584705075445817,0.4537037037037037,108.0,0.0,0.0,0.0,34.0,0.0,0.0,0.0,17.0,0.6242038216560509,0.4537037037037037,1.0,49.0,0.0,0.0,0.0,8.0,,,,
p_18,0.1625,0.12037037037037036,0.25,0.312962962962963,0.23182441700960219,0.48148148148148145,108.0,0.0,0.0,0.0,24.0,0.0,0.0,0.0,13.0,0.65,0.48148148148148145,1.0,52.0,0.0,0.0,0.0,19.0,,,,
p_19,0.18421052631578946,0.14583333333333334,0.25,0.4298245614035088,0.3402777777777778,0.5833333333333334,108.0,0.7368421052631579,0.5833333333333334,1.0,63.0,0.0,0.0,0.0,13.0,0.0,0.0,0.0,12.0,0.0,0.0,0.0,20.0,,,,
p_20,0.15822784810126583,0.11574074074074074,0.25,0.29301453352086265,0.21433470507544583,0.46296296296296297,108.0,0.0,0.0,0.0,27.0,0.0,0.0,0.0,11.0,0.0,0.0,0.0,20.0,0.6329113924050633,0.46296296296296297,1.0,50.0,,,,
p_21,0.17073170731707318,0.12962962962962962,0.25,0.3541102077687444,0.2688614540466392,0.5185185185185185,108.0,0.0,0.0,0.0,18.0,0.0,0.0,0.0,23.0,0.0,0.0,0.0,11.0,0.6829268292682927,0.5185185185185185,1.0,56.0,,,,
p_22,0.15161290322580645,0.1087962962962963,0.25,0.26391875746714455,0.18938614540466392,0.4351851851851852,108.0,0.0,0.0,0.0,21.0,0.0,0.0,0.0,25.0,0.6064516129032258,0.4351851851851852,1.0,47.0,0.0,0.0,0.0,15.0,,,,
p_23,0.17073170731707318,0.12962962962962962,0.25,0.3541102077687444,0.2688614540466392,0.5185185185185185,108.0,0.6829268292682927,0.5185185185185185,1.0,56.0,0.0,0.0,0.0,20.0,0.0,0.0,0.0,15.0,0.0,0.0,0.0,17.0,,,,
p_24,0.17272727272727273,0.13194444444444445,0.25,0.36464646464646466,0.2785493827160494,0.5277777777777778,108.0,0.0,0.0,0.0,15.0,0.0,0.0,0.0,26.0,0.0,0.0,0.0,10.0,0.6909090909090909,0.5277777777777778,1.0,57.0,,,,
p_25,0.15605095541401273,0.11342592592592593,0.25,0.28320358575135646,0.20584705075445817,0.4537037037037037,108.0,0.6242038216560509,0.4537037037037037,1.0,49.0,0.0,0.0,0.0,16.0,0.0,0.0,0.0,33.0,0.0,0.0,0.0,10.0,,,,
p_26,0.18604651162790697,0.14814814814814814,0.25,0.4409991386735573,0.3511659807956104,0.5925925925925926,108.0,0.7441860465116279,0.5925925925925926,1.0,64.0,0.0,0.0,0.0,19.0,0.0,0.0,0.0,15.0,0.0,0.0,0.0,10.0,,,,
p_27,0.15161290322580645,0.1087962962962963,0.25,0.26391875746714455,0.18938614540466392,0.4351851851851852,108.0,0.6064516129032258,0.4351851851851852,1.0,47.0,0.0,0.0,0.0,18.0,0.0,0.0,0.0,37.0,0.0,0.0,0.0,6.0,,,,
p_28,0.13513513513513514,0.09259259259259259,0.25,0.20020020020020018,0.1371742112482853,0.37037037037037035,108.0,0.5405405405405406,0.37037037037037035,1.0,40.0,0.0,0.0,0.0,24.0,0.0,0.0,0.0,36.0,0.0,0.0,0.0,8.0,,,,
p_29,0.18421052631578946,0.14583333333333334,0.25,0.4298245614035088,0.3402777777777778,0.5833333333333334,108.0,0.7368421052631579,0.5833333333333334,1.0,63.0,0.0,0.0,0.0,11.0,0.0,0.0,0.0,15.0,0.0,0.0,0.0,19.0,,,,
p_30,0.16459627329192547,0.12268518518518519,0.25,0.3230963883137796,0.24082647462277093,0.49074074074074076,108.0,0.0,0.0,0.0,11.0,0.0,0.0,0.0,20.0,0.0,0.0,0.0,24.0,0.6583850931677019,0.49074074074074076,1.0,53.0,,,,
p_31,0.18235294117647058,0.14351851851851852,0.25,0.41873638344226577,0.32956104252400553,0.5740740740740741,108.0,0.7294117647058823,0.5740740740740741,1.0,62.0,0.0,0.0,0.0,20.0,0.0,0.0,0.0,15.0,0.0,0.0,0.0,11.0,,,,
p_32,0.17857142857142858,0.14285714285714285,0.23809523809523808,0.4166666666666667,0.3333333333333333,0.5555555555555556,108.0,0.0,0.0,0.0,16.0,0.0,0.0,0.0,18.0,0.7142857142857143,0.5714285714285714,0.9523809523809523,63.0,0.0,0.0,0.0,11.0,,,,
p_33,0.14,0.09722222222222222,0.25,0.21777777777777782,0.15123456790123455,0.3888888888888889,108.0,0.56,0.3888888888888889,1.0,42.0,0.0,0.0,0.0,42.0,0.0,0.0,0.0,17.0,0.0,0.0,0.0,7.0,,,,
p_34,0.15822784810126583,0.11574074074074074,0.25,0.29301453352086265,0.21433470507544583,0.46296296296296297,108.0,0.0,0.0,0.0,15.0,0.6329113924050633,0.46296296296296297,1.0,50.0,0.0,0.0,0.0,29.0,0.0,0.0,0.0,14.0,,,,
p_35,0.16459627329192547,0.12268518518518519,0.25,0.3230963883137796,0.24082647462277093,0.49074074074074076,108.0,0.0,0.0,0.0,8.0,0.6583850931677019,0.49074074074074076,1.0,53.0,0.0,0.0,0.0,18.0,0.0,0.0,0.0,29.0,,,,
p_36,0.16143375680580763,0.14214992927864215,0.2523826979472141,0.2567419506620958,0.21445596940646444,0.4074074074074074,108.0,0.0,0.0,0.0,22.0,0.05263157894736842,0.14285714285714285,0.03225806451612903,31.0,0.0,0.0,0.0,11.0,0.593103448275862,0.42574257425742573,0.9772727272727273,44.0,,,,
p_37,0.13013698630136986,0.08796296296296297,0.25,0.18315575849822424,0.1237997256515775,0.35185185185185186,108.0,0.0,0.0,0.0,24.0,0.0,0.0,0.0,40.0,0.5205479452054794,0.35185185185185186,1.0,38.0,0.0,0.0,0.0,6.0,,,,
p_38,0.21022244863304468,0.26166902404526166,0.27125,0.3551127966139004,0.3893341715123893,0.48148148148148145,108.0,0.6357615894039735,0.4752475247524752,0.96,50.0,0.20512820512820512,0.5714285714285714,0.125,32.0,0.0,0.0,0.0,12.0,0.0,0.0,0.0,14.0,,,,
p_39,0.12777777777777777,0.15106082036775106,0.21229946524064172,0.19974279835390943,0.23381266698098382,0.3333333333333333,108.0,0.4888888888888889,0.32673267326732675,0.9705882352941176,34.0,0.15,0.42857142857142855,0.09090909090909091,33.0,0.0,0.0,0.0,17.0,0.0,0.0,0.0,23.0,0.0,0.0,0.0,1.0
p_40,0.14,0.09722222222222222,0.25,0.21777777777777782,0.15123456790123455,0.3888888888888889,108.0,0.0,0.0,0.0,13.0,0.56,0.3888888888888889,1.0,42.0,0.0,0.0,0.0,31.0,0.0,0.0,0.0,22.0,,,,
p_41,0.10294117647058823,0.06481481481481481,0.25,0.10675381263616558,0.0672153635116598,0.25925925925925924,108.0,0.0,0.0,0.0,36.0,0.0,0.0,0.0,32.0,0.0,0.0,0.0,12.0,0.4117647058823529,0.25925925925925924,1.0,28.0,,,,
p_42,0.1625,0.12037037037037036,0.25,0.312962962962963,0.23182441700960219,0.48148148148148145,108.0,0.0,0.0,0.0,27.0,0.0,0.0,0.0,18.0,0.65,0.48148148148148145,1.0,52.0,0.0,0.0,0.0,11.0,,,,
p_43,0.15822784810126583,0.11574074074074074,0.25,0.29301453352086265,0.21433470507544583,0.46296296296296297,108.0,0.0,0.0,0.0,24.0,0.0,0.0,0.0,27.0,0.6329113924050633,0.46296296296296297,1.0,50.0,0.0,0.0,0.0,7.0,,,,
p_44,0.1326530612244898,0.09027777777777778,0.25,0.19160997732426305,0.13040123456790123,0.3611111111111111,108.0,0.5306122448979592,0.3611111111111111,1.0,39.0,0.0,0.0,0.0,22.0,0.0,0.0,0.0,35.0,0.0,0.0,0.0,12.0,,,,
p_45,0.1746987951807229,0.13425925925925927,0.25,0.37527889335118253,0.28840877914951996,0.5370370370370371,108.0,0.6987951807228916,0.5370370370370371,1.0,58.0,0.0,0.0,0.0,18.0,0.0,0.0,0.0,16.0,0.0,0.0,0.0,16.0,,,,
p_46,0.16455696202531644,0.12380952380952381,0.24528301886792453,0.3230192217533989,0.24303350970017637,0.48148148148148145,108.0,0.0,0.0,0.0,10.0,0.0,0.0,0.0,28.0,0.6582278481012658,0.49523809523809526,0.9811320754716981,53.0,0.0,0.0,0.0,17.0,,,,
p_47,0.1625,0.12037037037037036,0.25,0.312962962962963,0.23182441700960219,0.48148148148148145,108.0,0.0,0.0,0.0,22.0,0.0,0.0,0.0,24.0,0.0,0.0,0.0,10.0,0.65,0.48148148148148145,1.0,52.0,,,,
p_48,0.14705882352941177,0.10416666666666667,0.25,0.2450980392156863,0.1736111111111111,0.4166666666666667,108.0,0.0,0.0,0.0,36.0,0.5882352941176471,0.4166666666666667,1.0,45.0,0.0,0.0,0.0,19.0,0.0,0.0,0.0,8.0,,,,
p_49,0.14,0.09722222222222222,0.25,0.21777777777777782,0.15123456790123455,0.3888888888888889,108.0,0.0,0.0,0.0,40.0,0.56,0.3888888888888889,1.0,42.0,0.0,0.0,0.0,14.0,0.0,0.0,0.0,12.0,,,,
p_50,0.10869565217391304,0.06944444444444445,0.25,0.12077294685990338,0.0771604938271605,0.2777777777777778,108.0,0.0,0.0,0.0,37.0,0.0,0.0,0.0,27.0,0.43478260869565216,0.2777777777777778,1.0,30.0,0.0,0.0,0.0,14.0,,,,
p_51,0.13648745519713262,0.332013201320132,0.2167843137254902,0.20169919022965616,0.4577985576335411,0.3333333333333333,108.0,0.12903225806451613,0.3333333333333333,0.08,25.0,0.0,0.0,0.0,18.0,0.06451612903225806,1.0,0.03333333333333333,30.0,0.4888888888888889,0.32673267326732675,0.9705882352941176,34.0,0.0,0.0,0.0,1.0
p_52,0.1423841059602649,0.09953703703703703,0.25,0.22675987245523668,0.15852194787379972,0.39814814814814814,108.0,0.0,0.0,0.0,27.0,0.5695364238410596,0.39814814814814814,1.0,43.0,0.0,0.0,0.0,14.0,0.0,0.0,0.0,24.0,,,,
p_53,0.14883720930232558,0.11851851851851851,0.2,0.4409991386735573,0.3511659807956104,0.5925925925925926,108.0,0.0,0.0,0.0,18.0,0.7441860465116279,0.5925925925925926,1.0,64.0,0.0,0.0,0.0,15.0,0.0,0.0,0.0,10.0,0.0,0.0,0.0,1.0
p_54,0.14705882352941177,0.10416666666666667,0.25,0.2450980392156863,0.1736111111111111,0.4166666666666667,108.0,0.5882352941176471,0.4166666666666667,1.0,45.0,0.0,0.0,0.0,41.0,0.0,0.0,0.0,7.0,0.0,0.0,0.0,15.0,,,,
p_55,0.1804733727810651,0.1412037037037037,0.25,0.40773613850536927,0.3190157750342935,0.5648148148148148,108.0,0.7218934911242604,0.5648148148148148,1.0,61.0,0.0,0.0,0.0,28.0,0.0,0.0,0.0,8.0,0.0,0.0,0.0,11.0,,,,
p_56,0.1326530612244898,0.09027777777777778,0.25,0.19160997732426305,0.13040123456790123,0.3611111111111111,108.0,0.5306122448979592,0.3611111111111111,1.0,39.0,0.0,0.0,0.0,30.0,0.0,0.0,0.0,7.0,0.0,0.0,0.0,32.0,,,,
p_57,0.10869565217391304,0.06944444444444445,0.25,0.12077294685990338,0.0771604938271605,0.2777777777777778,108.0,0.0,0.0,0.0,23.0,0.0,0.0,0.0,20.0,0.43478260869565216,0.2777777777777778,1.0,30.0,0.0,0.0,0.0,35.0,,,,
p_58,0.15161290322580645,0.1087962962962963,0.25,0.26391875746714455,0.18938614540466392,0.4351851851851852,108.0,0.0,0.0,0.0,17.0,0.6064516129032258,0.4351851851851852,1.0,47.0,0.0,0.0,0.0,34.0,0.0,0.0,0.0,10.0,,,,
p_59,0.16808340016038492,0.18627450980392157,0.2576995600251414,0.26252041937687487,0.2781408859840232,0.4074074074074074,108.0,0.09302325581395349,0.3333333333333333,0.05405405405405406,37.0,0.5793103448275863,0.4117647058823529,0.9767441860465116,43.0,0.0,0.0,0.0,16.0,0.0,0.0,0.0,12.0,,,,
p_60,0.17834507042253522,0.20615275813295614,0.26662971175166295,0.2597091810119979,0.2813007491225313,0.39814814814814814,108.0,0.5633802816901409,0.39603960396039606,0.975609756097561,41.0,0.15,0.42857142857142855,0.09090909090909091,33.0,0.0,0.0,0.0,30.0,0.0,0.0,0.0,4.0,,,,
p_61,0.14705882352941177,0.10416666666666667,0.25,0.2450980392156863,0.1736111111111111,0.4166666666666667,108.0,0.0,0.0,0.0,26.0,0.5882352941176471,0.4166666666666667,1.0,45.0,0.0,0.0,0.0,29.0,0.0,0.0,0.0,8.0,,,,
p_62,0.18235294117647058,0.14351851851851852,0.25,0.41873638344226577,0.32956104252400553,0.5740740740740741,108.0,0.0,0.0,0.0,28.0,0.7294117647058823,0.5740740740740741,1.0,62.0,0.0,0.0,0.0,15.0,0.0,0.0,0.0,3.0,,,,
p_63,0.20811921891058582,0.27263083451202264,0.29464285714285715,0.2664535038635758,0.31756508984231757,0.39814814814814814,108.0,0.2857142857142857,0.7142857142857143,0.17857142857142858,28.0,0.5467625899280576,0.37623762376237624,1.0,38.0,0.0,0.0,0.0,14.0,0.0,0.0,0.0,28.0,,,,
p_64,0.1423841059602649,0.09953703703703703,0.25,0.22675987245523668,0.15852194787379972,0.39814814814814814,108.0,0.0,0.0,0.0,29.0,0.5695364238410596,0.39814814814814814,1.0,43.0,0.0,0.0,0.0,16.0,0.0,0.0,0.0,20.0,,,,
p_65,0.12658227848101267,0.09259259259259259,0.2,0.29301453352086265,0.21433470507544583,0.46296296296296297,108.0,0.6329113924050633,0.46296296296296297,1.0,50.0,0.0,0.0,0.0,30.0,0.0,0.0,0.0,21.0,0.0,0.0,0.0,6.0,0.0,0.0,0.0,1.0
p_66,0.17857142857142858,0.1388888888888889,0.25,0.39682539682539686,0.308641975308642,0.5555555555555556,108.0,0.7142857142857143,0.5555555555555556,1.0,60.0,0.0,0.0,0.0,20.0,0.0,0.0,0.0,24.0,0.0,0.0,0.0,4.0,,,,
p_67,0.13758389261744966,0.09490740740740741,0.25,0.20892368878946058,0.14411865569272977,0.37962962962962965,108.0,0.0,0.0,0.0,34.0,0.0,0.0,0.0,22.0,0.0,0.0,0.0,11.0,0.5503355704697986,0.37962962962962965,1.0,41.0,,,,
p_68,0.14473684210526316,0.10185185185185185,0.25,0.23586744639376217,0.16598079561042522,0.4074074074074074,108.0,0.5789473684210527,0.4074074074074074,1.0,44.0,0.0,0.0,0.0,24.0,0.0,0.0,0.0,18.0,0.0,0.0,0.0,22.0,,,,
p_69,0.15161290322580645,0.1087962962962963,0.25,0.26391875746714455,0.18938614540466392,0.4351851851851852,108.0,0.0,0.0,0.0,44.0,0.0,0.0,0.0,13.0,0.6064516129032258,0.4351851851851852,1.0,47.0,0.0,0.0,0.0,4.0,,,,
p_70,0.16190476190476188,0.16053748231966053,0.2525083612040134,0.21410934744268076,0.18955943213368956,0.35185185185185186,108.0,0.13333333333333333,0.2857142857142857,0.08695652173913043,23.0,0.5142857142857142,0.3564356435643564,0.9230769230769231,39.0,0.0,0.0,0.0,36.0,0.0,0.0,0.0,10.0,,,,
p_71,0.1804733727810651,0.1412037037037037,0.25,0.40773613850536927,0.3190157750342935,0.5648148148148148,108.0,0.0,0.0,0.0,30.0,0.7218934911242604,0.5648148148148148,1.0,61.0,0.0,0.0,0.0,9.0,0.0,0.0,0.0,8.0,,,,
p_72,0.16666666666666666,0.125,0.25,0.3333333333333333,0.25,0.5,108.0,0.0,0.0,0.0,24.0,0.6666666666666666,0.5,1.0,54.0,0.0,0.0,0.0,15.0,0.0,0.0,0.0,15.0,,,,
p_73,0.1625,0.12037037037037036,0.25,0.312962962962963,0.23182441700960219,0.48148148148148145,108.0,0.0,0.0,0.0,28.0,0.65,0.48148148148148145,1.0,52.0,0.0,0.0,0.0,17.0,0.0,0.0,0.0,11.0,,,,
p_74,0.16459627329192547,0.12268518518518519,0.25,0.3230963883137796,0.24082647462277093,0.49074074074074076,108.0,0.0,0.0,0.0,22.0,0.6583850931677019,0.49074074074074076,1.0,53.0,0.0,0.0,0.0,12.0,0.0,0.0,0.0,21.0,,,,
p_75,0.1625,0.12037037037037036,0.25,0.312962962962963,0.23182441700960219,0.48148148148148145,108.0,0.0,0.0,0.0,25.0,0.65,0.48148148148148145,1.0,52.0,0.0,0.0,0.0,14.0,0.0,0.0,0.0,17.0,,,,
p_76,0.13013698630136986,0.08796296296296297,0.25,0.18315575849822424,0.1237997256515775,0.35185185185185186,108.0,0.5205479452054794,0.35185185185185186,1.0,38.0,0.0,0.0,0.0,32.0,0.0,0.0,0.0,23.0,0.0,0.0,0.0,15.0,,,,
p_77,0.14705882352941177,0.10416666666666667,0.25,0.2450980392156863,0.1736111111111111,0.4166666666666667,108.0,0.5882352941176471,0.4166666666666667,1.0,45.0,0.0,0.0,0.0,27.0,0.0,0.0,0.0,30.0,0.0,0.0,0.0,6.0,,,,
p_78,0.1423841059602649,0.09953703703703703,0.25,0.22675987245523668,0.15852194787379972,0.39814814814814814,108.0,0.5695364238410596,0.39814814814814814,1.0,43.0,0.0,0.0,0.0,33.0,0.0,0.0,0.0,18.0,0.0,0.0,0.0,14.0,,,,
p_79,0.1423841059602649,0.09953703703703703,0.25,0.22675987245523668,0.15852194787379972,0.39814814814814814,108.0,0.5695364238410596,0.39814814814814814,1.0,43.0,0.0,0.0,0.0,29.0,0.0,0.0,0.0,12.0,0.0,0.0,0.0,24.0,,,,
p_80,0.21534391534391534,0.255050505050505,0.30074786324786323,0.255379188712522,0.2783389450056117,0.37962962962962965,108.0,0.34285714285714286,0.6666666666666666,0.23076923076923078,26.0,0.0,0.0,0.0,36.0,0.5185185185185185,0.35353535353535354,0.9722222222222222,36.0,0.0,0.0,0.0,10.0,,,,
p_81,0.2,0.16666666666666666,0.25,0.5333333333333333,0.4444444444444444,0.6666666666666666,108.0,0.8,0.6666666666666666,1.0,72.0,0.0,0.0,0.0,17.0,0.0,0.0,0.0,8.0,0.0,0.0,0.0,11.0,,,,
p_82,0.17664670658682635,0.13657407407407407,0.25,0.3860057662452872,0.29843964334705075,0.5462962962962963,108.0,0.0,0.0,0.0,14.0,0.0,0.0,0.0,18.0,0.7065868263473054,0.5462962962962963,1.0,59.0,0.0,0.0,0.0,17.0,,,,
p_83,0.1804733727810651,0.1412037037037037,0.25,0.40773613850536927,0.3190157750342935,0.5648148148148148,108.0,0.7218934911242604,0.5648148148148148,1.0,61.0,0.0,0.0,0.0,11.0,0.0,0.0,0.0,18.0,0.0,0.0,0.0,18.0,,,,
p_84,0.1625,0.12037037037037036,0.25,0.312962962962963,0.23182441700960219,0.48148148148148145,108.0,0.0,0.0,0.0,37.0,0.0,0.0,0.0,11.0,0.65,0.48148148148148145,1.0,52.0,0.0,0.0,0.0,8.0,,,,
p_85,0.14705882352941177,0.10416666666666667,0.25,0.2450980392156863,0.1736111111111111,0.4166666666666667,108.0,0.5882352941176471,0.4166666666666667,1.0,45.0,0.0,0.0,0.0,11.0,0.0,0.0,0.0,16.0,0.0,0.0,0.0,36.0,,,,
p_86,0.13758389261744966,0.09490740740740741,0.25,0.20892368878946058,0.14411865569272977,0.37962962962962965,108.0,0.5503355704697986,0.37962962962962965,1.0,41.0,0.0,0.0,0.0,15.0,0.0,0.0,0.0,30.0,0.0,0.0,0.0,22.0,,,,
p_87,0.11971830985915492,0.0787037037037037,0.25,0.1507563901930099,0.09910836762688614,0.3148148148148148,108.0,0.0,0.0,0.0,28.0,0.0,0.0,0.0,9.0,0.4788732394366197,0.3148148148148148,1.0,34.0,0.0,0.0,0.0,37.0,,,,
p_88,0.20810810810810812,0.17824074074074073,0.25,0.5934934934934936,0.5083161865569272,0.7129629629629629,108.0,0.8324324324324325,0.7129629629629629,1.0,77.0,0.0,0.0,0.0,12.0,0.0,0.0,0.0,8.0,0.0,0.0,0.0,11.0,,,,
p_89,0.154047976011994,0.24523809523809523,0.2692307692307692,0.17934088511299906,0.25652557319223984,0.32407407407407407,108.0,0.13793103448275862,0.6666666666666666,0.07692307692307693,26.0,0.4782608695652174,0.3142857142857143,1.0,33.0,0.0,0.0,0.0,34.0,0.0,0.0,0.0,15.0,,,,
p_90,0.14429530201342283,0.10238095238095238,0.24431818181818182,0.23514789957742982,0.16684303350970017,0.39814814814814814,108.0,0.5771812080536913,0.4095238095238095,0.9772727272727273,44.0,0.0,0.0,0.0,6.0,0.0,0.0,0.0,24.0,0.0,0.0,0.0,34.0,,,,
p_91,0.19461697722567287,0.2142857142857143,0.25942460317460314,0.3701403266620658,0.3271604938271605,0.5185185185185185,108.0,0.0,0.0,0.0,29.0,0.6832298136645962,0.5238095238095238,0.9821428571428571,56.0,0.09523809523809523,0.3333333333333333,0.05555555555555555,18.0,0.0,0.0,0.0,5.0,,,,
p_92,0.16037735849056603,0.11805555555555555,0.25,0.30293501048218024,0.22299382716049382,0.4722222222222222,108.0,0.0,0.0,0.0,27.0,0.0,0.0,0.0,5.0,0.0,0.0,0.0,25.0,0.6415094339622641,0.4722222222222222,1.0,51.0,,,,
p_93,0.15161290322580645,0.1087962962962963,0.25,0.26391875746714455,0.18938614540466392,0.4351851851851852,108.0,0.0,0.0,0.0,35.0,0.6064516129032258,0.4351851851851852,1.0,47.0,0.0,0.0,0.0,10.0,0.0,0.0,0.0,16.0,,,,
p_94,0.14473684210526316,0.10185185185185185,0.25,0.23586744639376217,0.16598079561042522,0.4074074074074074,108.0,0.5789473684210527,0.4074074074074074,1.0,44.0,0.0,0.0,0.0,7.0,0.0,0.0,0.0,28.0,0.0,0.0,0.0,29.0,,,,
p_95,0.17073170731707318,0.12962962962962962,0.25,0.3541102077687444,0.2688614540466392,0.5185185185185185,108.0,0.6829268292682927,0.5185185185185185,1.0,56.0,0.0,0.0,0.0,27.0,0.0,0.0,0.0,11.0,0.0,0.0,0.0,14.0,,,,
p_96,0.14,0.09722222222222222,0.25,0.21777777777777782,0.15123456790123455,0.3888888888888889,108.0,0.56,0.3888888888888889,1.0,42.0,0.0,0.0,0.0,31.0,0.0,0.0,0.0,19.0,0.0,0.0,0.0,16.0,,,,
p_97,0.1625,0.12037037037037036,0.25,0.312962962962963,0.23182441700960219,0.48148148148148145,108.0,0.0,0.0,0.0,40.0,0.0,0.0,0.0,12.0,0.65,0.48148148148148145,1.0,52.0,0.0,0.0,0.0,4.0,,,,
p_98,0.15161290322580645,0.1087962962962963,0.25,0.26391875746714455,0.18938614540466392,0.4351851851851852,108.0,0.6064516129032258,0.4351851851851852,1.0,47.0,0.0,0.0,0.0,16.0,0.0,0.0,0.0,24.0,0.0,0.0,0.0,21.0,,,,
p_99,0.13752718755228374,0.12234794908062234,0.23720760233918128,0.19269545603827012,0.16954790717166954,0.3333333333333333,108.0,0.0,0.0,0.0,20.0,0.046511627906976744,0.14285714285714285,0.027777777777777776,36.0,0.5035971223021583,0.3465346534653465,0.9210526315789473,38.0,0.0,0.0,0.0,14.0,,,,
p_100,0.16666666666666666,0.125,0.25,0.3333333333333333,0.25,0.5,108.0,0.0,0.0,0.0,17.0,0.0,0.0,0.0,27.0,0.6666666666666666,0.5,1.0,54.0,0.0,0.0,0.0,10.0,,,,
p_101,0.17668997668997669,0.20862800565770862,0.2637844611528822,0.2699128032461366,0.3086594373723087,0.4074074074074074,108.0,0.0,0.0,0.0,16.0,0.5734265734265734,0.40594059405940597,0.9761904761904762,42.0,0.13333333333333333,0.42857142857142855,0.07894736842105263,38.0,0.0,0.0,0.0,12.0,,,,
p_102,0.20165745856353592,0.16898148148148148,0.25,0.5452220175977082,0.4568758573388203,0.6759259259259259,108.0,0.0,0.0,0.0,24.0,0.0,0.0,0.0,6.0,0.8066298342541437,0.6759259259259259,1.0,73.0,0.0,0.0,0.0,5.0,,,,
p_103,0.14,0.09722222222222222,0.25,0.21777777777777782,0.15123456790123455,0.3888888888888889,108.0,0.0,0.0,0.0,30.0,0.56,0.3888888888888889,1.0,42.0,0.0,0.0,0.0,30.0,0.0,0.0,0.0,6.0,,,,
p_104,0.14705882352941177,0.10416666666666667,0.25,0.2450980392156863,0.1736111111111111,0.4166666666666667,108.0,0.0,0.0,0.0,34.0,0.0,0.0,0.0,25.0,0.5882352941176471,0.4166666666666667,1.0,45.0,0.0,0.0,0.0,4.0,,,,
p_105,0.1497584541062802,0.12878787878787878,0.22897897897897895,0.2463768115942029,0.2064160119715675,0.37962962962962965,108.0,0.0,0.0,0.0,14.0,0.5555555555555556,0.40404040404040403,0.8888888888888888,45.0,0.043478260869565216,0.1111111111111111,0.02702702702702703,37.0,0.0,0.0,0.0,12.0,,,,
p_106,0.125,0.08333333333333333,0.25,0.16666666666666666,0.1111111111111111,0.3333333333333333,108.0,0.0,0.0,0.0,28.0,0.0,0.0,0.0,30.0,0.5,0.3333333333333333,1.0,36.0,0.0,0.0,0.0,14.0,,,,
p_107,0.15384615384615385,0.1111111111111111,0.25,0.27350427350427353,0.19753086419753085,0.4444444444444444,108.0,0.6153846153846154,0.4444444444444444,1.0,48.0,0.0,0.0,0.0,21.0,0.0,0.0,0.0,32.0,0.0,0.0,0.0,7.0,,,,
p_108,0.1326530612244898,0.09027777777777778,0.25,0.19160997732426305,0.13040123456790123,0.3611111111111111,108.0,0.0,0.0,0.0,35.0,0.0,0.0,0.0,14.0,0.5306122448979592,0.3611111111111111,1.0,39.0,0.0,0.0,0.0,20.0,,,,
p_109,0.13758389261744966,0.09490740740740741,0.25,0.20892368878946058,0.14411865569272977,0.37962962962962965,108.0,0.5503355704697986,0.37962962962962965,1.0,41.0,0.0,0.0,0.0,29.0,0.0,0.0,0.0,34.0,0.0,0.0,0.0,4.0,,,,
p_110,0.21211382113821137,0.26414427157001413,0.27941176470588236,0.35784703402589585,0.40000785792864996,0.49074074074074076,108.0,0.6533333333333333,0.48514851485148514,1.0,49.0,0.0,0.0,0.0,20.0,0.1951219512195122,0.5714285714285714,0.11764705882352941,34.0,0.0,0.0,0.0,5.0,,,,
p_111,0.14705882352941177,0.10416666666666667,0.25,0.2450980392156863,0.1736111111111111,0.4166666666666667,108.0,0.0,0.0,0.0,28.0,0.0,0.0,0.0,23.0,0.5882352941176471,0.4166666666666667,1.0,45.0,0.0,0.0,0.0,12.0,,,,
p_112,0.15384615384615385,0.1111111111111111,0.25,0.27350427350427353,0.19753086419753085,0.4444444444444444,108.0,0.0,0.0,0.0,39.0,0.0,0.0,0.0,9.0,0.6153846153846154,0.4444444444444444,1.0,48.0,0.0,0.0,0.0,12.0,,,,
p_113,0.12237762237762238,0.08101851851851852,0.25,0.15863765863765864,0.10502400548696844,0.32407407407407407,108.0,0.0,0.0,0.0,31.0,0.48951048951048953,0.32407407407407407,1.0,35.0,0.0,0.0,0.0,22.0,0.0,0.0,0.0,20.0,,,,
p_114,0.125,0.10997171145685997,0.2486922406277245,0.14604377104377103,0.13420032479438418,0.28703703703703703,108.0,0.45454545454545453,0.297029702970297,0.967741935483871,31.0,0.0,0.0,0.0,12.0,0.0,0.0,0.0,28.0,0.045454545454545456,0.14285714285714285,0.02702702702702703,37.0,,,,
p_115,0.15161290322580645,0.1087962962962963,0.25,0.26391875746714455,0.18938614540466392,0.4351851851851852,108.0,0.6064516129032258,0.4351851851851852,1.0,47.0,0.0,0.0,0.0,17.0,0.0,0.0,0.0,33.0,0.0,0.0,0.0,11.0,,,,
p_116,0.12734375,0.18137254901960784,0.24321266968325791,0.1337384259259259,0.21169208424110386,0.24074074074074073,108.0,0.359375,0.22549019607843138,0.8846153846153846,26.0,0.0,0.0,0.0,24.0,0.15,0.5,0.08823529411764706,34.0,0.0,0.0,0.0,24.0,,,,
p_117,0.13485915492957748,0.13437057991513437,0.2062439024390244,0.23746413667188318,0.21272722510346273,0.37962962962962965,108.0,0.5492957746478874,0.38613861386138615,0.9512195121951219,41.0,0.0,0.0,0.0,25.0,0.125,0.2857142857142857,0.08,25.0,0.0,0.0,0.0,16.0,0.0,0.0,0.0,1.0
p_118,0.16371250486949748,0.15196078431372548,0.2385204081632653,0.2856699707108745,0.24337327523602031,0.42592592592592593,108.0,0.0,0.0,0.0,13.0,0.058823529411764705,0.16666666666666666,0.03571428571428571,28.0,0.5960264900662252,0.4411764705882353,0.9183673469387755,49.0,0.0,0.0,0.0,18.0,,,,
p_119,0.1804733727810651,0.1412037037037037,0.25,0.40773613850536927,0.3190157750342935,0.5648148148148148,108.0,0.7218934911242604,0.5648148148148148,1.0,61.0,0.0,0.0,0.0,22.0,0.0,0.0,0.0,23.0,0.0,0.0,0.0,2.0,,,,
p_120,0.17664670658682635,0.13657407407407407,0.25,0.3860057662452872,0.29843964334705075,0.5462962962962963,108.0,0.0,0.0,0.0,19.0,0.0,0.0,0.0,18.0,0.7065868263473054,0.5462962962962963,1.0,59.0,0.0,0.0,0.0,12.0,,,,
p_121,0.15359477124183007,0.11190476190476191,0.24479166666666666,0.2730573710965868,0.19894179894179895,0.4351851851851852,108.0,0.6143790849673203,0.44761904761904764,0.9791666666666666,48.0,0.0,0.0,0.0,19.0,0.0,0.0,0.0,21.0,0.0,0.0,0.0,20.0,,,,
p_122,0.13120567375886524,0.09068627450980392,0.23717948717948717,0.18951930654058313,0.1309912854030501,0.3425925925925926,108.0,0.0,0.0,0.0,24.0,0.0,0.0,0.0,20.0,0.524822695035461,0.3627450980392157,0.9487179487179487,39.0,0.0,0.0,0.0,25.0,,,,
p_123,0.15887666928515318,0.18635077793493635,0.2666177908113392,0.19125861918477785,0.21982555398396983,0.32407407407407407,108.0,0.0,0.0,0.0,36.0,0.47761194029850745,0.31683168316831684,0.9696969696969697,33.0,0.15789473684210525,0.42857142857142855,0.0967741935483871,31.0,0.0,0.0,0.0,8.0,,,,
p_124,0.08778625954198473,0.05324074074074074,0.25,0.074780887757987,0.045353223593964334,0.21296296296296297,108.0,0.0,0.0,0.0,19.0,0.3511450381679389,0.21296296296296297,1.0,23.0,0.0,0.0,0.0,43.0,0.0,0.0,0.0,23.0,,,,
p_125,0.12237762237762238,0.08101851851851852,0.25,0.15863765863765864,0.10502400548696844,0.32407407407407407,108.0,0.0,0.0,0.0,17.0,0.48951048951048953,0.32407407407407407,1.0,35.0,0.0,0.0,0.0,37.0,0.0,0.0,0.0,19.0,,,,
p_126,0.15605095541401273,0.11342592592592593,0.25,0.28320358575135646,0.20584705075445817,0.4537037037037037,108.0,0.0,0.0,0.0,23.0,0.0,0.0,0.0,25.0,0.6242038216560509,0.4537037037037037,1.0,49.0,0.0,0.0,0.0,11.0,,,,
p_127,0.16037735849056603,0.11805555555555555,0.25,0.30293501048218024,0.22299382716049382,0.4722222222222222,108.0,0.0,0.0,0.0,12.0,0.6415094339622641,0.4722222222222222,1.0,51.0,0.0,0.0,0.0,27.0,0.0,0.0,0.0,18.0,,,,
p_128,0.14705882352941177,0.10416666666666667,0.25,0.2450980392156863,0.1736111111111111,0.4166666666666667,108.0,0.0,0.0,0.0,18.0,0.0,0.0,0.0,30.0,0.5882352941176471,0.4166666666666667,1.0,45.0,0.0,0.0,0.0,15.0,,,,
p_129,0.11927007299270073,0.11800000000000002,0.1962837837837838,0.19967558799675586,0.19055555555555553,0.3333333333333333,108.0,0.0,0.0,0.0,22.0,0.1,0.25,0.0625,32.0,0.49635036496350365,0.34,0.918918918918919,37.0,0.0,0.0,0.0,16.0,0.0,0.0,0.0,1.0
p_130,0.12237762237762238,0.08101851851851852,0.25,0.15863765863765864,0.10502400548696844,0.32407407407407407,108.0,0.48951048951048953,0.32407407407407407,1.0,35.0,0.0,0.0,0.0,27.0,0.0,0.0,0.0,35.0,0.0,0.0,0.0,11.0,,,,
p_131,0.15605095541401273,0.11342592592592593,0.25,0.28320358575135646,0.20584705075445817,0.4537037037037037,108.0,0.0,0.0,0.0,26.0,0.0,0.0,0.0,14.0,0.6242038216560509,0.4537037037037037,1.0,49.0,0.0,0.0,0.0,19.0,,,,
p_132,0.15543478260869564,0.16053748231966053,0.2583947583947584,0.20929951690821258,0.20941379852270942,0.35185185185185186,108.0,0.1,0.2857142857142857,0.06060606060606061,33.0,0.0,0.0,0.0,28.0,0.5217391304347826,0.3564356435643564,0.972972972972973,37.0,0.0,0.0,0.0,10.0,,,,
p_133,0.17272727272727273,0.13194444444444445,0.25,0.36464646464646466,0.2785493827160494,0.5277777777777778,108.0,0.0,0.0,0.0,23.0,0.0,0.0,0.0,15.0,0.6909090909090909,0.5277777777777778,1.0,57.0,0.0,0.0,0.0,13.0,,,,
p_134,0.15605095541401273,0.11342592592592593,0.25,0.28320358575135646,0.20584705075445817,0.4537037037037037,108.0,0.0,0.0,0.0,24.0,0.0,0.0,0.0,28.0,0.6242038216560509,0.4537037037037037,1.0,49.0,0.0,0.0,0.0,7.0,,,,
p_135,0.1687116564417178,0.12731481481481483,0.25,0.34367189275164733,0.25934499314128945,0.5092592592592593,108.0,0.0,0.0,0.0,18.0,0.0,0.0,0.0,17.0,0.6748466257668712,0.5092592592592593,1.0,55.0,0.0,0.0,0.0,18.0,,,,
p_136,0.1653729647860659,0.2107843137254902,0.2599239864864865,0.21931226948265947,0.26570442992011617,0.35185185185185186,108.0,0.15789473684210525,0.5,0.09375,32.0,0.0,0.0,0.0,31.0,0.5035971223021583,0.3431372549019608,0.9459459459459459,37.0,0.0,0.0,0.0,8.0,,,,
p_137,0.18235294117647058,0.14351851851851852,0.25,0.41873638344226577,0.32956104252400553,0.5740740740740741,108.0,0.0,0.0,0.0,14.0,0.0,0.0,0.0,14.0,0.7294117647058823,0.5740740740740741,1.0,62.0,0.0,0.0,0.0,18.0,,,,
p_138,0.15384615384615385,0.1111111111111111,0.25,0.27350427350427353,0.19753086419753085,0.4444444444444444,108.0,0.0,0.0,0.0,23.0,0.6153846153846154,0.4444444444444444,1.0,48.0,0.0,0.0,0.0,26.0,0.0,0.0,0.0,11.0,,,,
p_139,0.09398496240601503,0.05787037037037037,0.25,0.08702311333890281,0.05358367626886146,0.23148148148148148,108.0,0.0,0.0,0.0,25.0,0.0,0.0,0.0,32.0,0.0,0.0,0.0,26.0,0.37593984962406013,0.23148148148148148,1.0,25.0,,,,
p_140,0.17045454545454547,0.1913012729844413,0.2717032967032967,0.2058080808080808,0.2122688459322123,0.3425925925925926,108.0,0.5,0.33663366336633666,0.9714285714285714,35.0,0.18181818181818182,0.42857142857142855,0.11538461538461539,26.0,0.0,0.0,0.0,28.0,0.0,0.0,0.0,19.0,,,,
p_141,0.1625,0.12037037037037036,0.25,0.312962962962963,0.23182441700960219,0.48148148148148145,108.0,0.0,0.0,0.0,20.0,0.0,0.0,0.0,11.0,0.65,0.48148148148148145,1.0,52.0,0.0,0.0,0.0,25.0,,,,
p_142,0.14,0.09722222222222222,0.25,0.21777777777777782,0.15123456790123455,0.3888888888888889,108.0,0.0,0.0,0.0,35.0,0.0,0.0,0.0,18.0,0.56,0.3888888888888889,1.0,42.0,0.0,0.0,0.0,13.0,,,,
p_143,0.14705882352941177,0.10416666666666667,0.25,0.2450980392156863,0.1736111111111111,0.4166666666666667,108.0,0.0,0.0,0.0,28.0,0.0,0.0,0.0,24.0,0.5882352941176471,0.4166666666666667,1.0,45.0,0.0,0.0,0.0,11.0,,,,
p_144,0.1896551724137931,0.1527777777777778,0.25,0.4636015325670498,0.37345679012345684,0.6111111111111112,108.0,0.0,0.0,0.0,14.0,0.0,0.0,0.0,14.0,0.7586206896551724,0.6111111111111112,1.0,66.0,0.0,0.0,0.0,14.0,,,,
p_145,0.11151079136690648,0.07175925925925926,0.25,0.12803090860644817,0.08239026063100138,0.28703703703703703,108.0,0.4460431654676259,0.28703703703703703,1.0,31.0,0.0,0.0,0.0,19.0,0.0,0.0,0.0,36.0,0.0,0.0,0.0,22.0,,,,
p_146,0.14,0.09722222222222222,0.25,0.21777777777777782,0.15123456790123455,0.3888888888888889,108.0,0.0,0.0,0.0,32.0,0.0,0.0,0.0,19.0,0.56,0.3888888888888889,1.0,42.0,0.0,0.0,0.0,15.0,,,,
p_147,0.1469468950008649,0.12977369165487979,0.24485294117647058,0.21498907660471403,0.1843208130336843,0.3611111111111111,108.0,0.04878048780487805,0.14285714285714285,0.029411764705882353,34.0,0.0,0.0,0.0,22.0,0.5390070921985816,0.37623762376237624,0.95,40.0,0.0,0.0,0.0,12.0,,,,
p_148,0.14994959677419356,0.1714992927864215,0.2719907407407407,0.14457325268817203,0.1595945308816596,0.26851851851851855,108.0,0.0,0.0,0.0,36.0,0.1935483870967742,0.42857142857142855,0.125,24.0,0.0,0.0,0.0,21.0,0.40625,0.25742574257425743,0.9629629629629629,27.0,,,,
p_149,0.1938854489164087,0.20588235294117646,0.26785714285714285,0.33508198601077865,0.31336238198983296,0.48148148148148145,108.0,0.6578947368421053,0.49019607843137253,1.0,50.0,0.0,0.0,0.0,18.0,0.11764705882352941,0.3333333333333333,0.07142857142857142,28.0,0.0,0.0,0.0,12.0,,,,
p_150,0.15161290322580645,0.1087962962962963,0.25,0.26391875746714455,0.18938614540466392,0.4351851851851852,108.0,0.0,0.0,0.0,22.0,0.0,0.0,0.0,36.0,0.6064516129032258,0.4351851851851852,1.0,47.0,0.0,0.0,0.0,3.0,,,,
p_151,0.13448275862068965,0.09375,0.23780487804878048,0.20421455938697317,0.1423611111111111,0.3611111111111111,108.0,0.0,0.0,0.0,32.0,0.0,0.0,0.0,12.0,0.5379310344827586,0.375,0.9512195121951219,41.0,0.0,0.0,0.0,23.0,,,,
p_152,0.13758389261744966,0.09490740740740741,0.25,0.20892368878946058,0.14411865569272977,0.37962962962962965,108.0,0.0,0.0,0.0,19.0,0.0,0.0,0.0,35.0,0.5503355704697986,0.37962962962962965,1.0,41.0,0.0,0.0,0.0,13.0,,,,
p_153,0.16037735849056603,0.11805555555555555,0.25,0.30293501048218024,0.22299382716049382,0.4722222222222222,108.0,0.0,0.0,0.0,20.0,0.0,0.0,0.0,13.0,0.6415094339622641,0.4722222222222222,1.0,51.0,0.0,0.0,0.0,24.0,,,,
p_154,0.1,0.0625,0.25,0.1,0.0625,0.25,108.0,0.0,0.0,0.0,25.0,0.4,0.25,1.0,27.0,0.0,0.0,0.0,31.0,0.0,0.0,0.0,25.0,,,,
p_155,0.13758389261744966,0.09490740740740741,0.25,0.20892368878946058,0.14411865569272977,0.37962962962962965,108.0,0.0,0.0,0.0,31.0,0.0,0.0,0.0,25.0,0.5503355704697986,0.37962962962962965,1.0,41.0,0.0,0.0,0.0,11.0,,,,
p_156,0.16666666666666666,0.125,0.25,0.3333333333333333,0.25,0.5,108.0,0.0,0.0,0.0,17.0,0.0,0.0,0.0,28.0,0.6666666666666666,0.5,1.0,54.0,0.0,0.0,0.0,9.0,,,,
p_157,0.10546875,0.06683168316831684,0.25,0.10546875,0.06683168316831684,0.25,108.0,0.421875,0.26732673267326734,1.0,27.0,0.0,0.0,0.0,23.0,0.0,0.0,0.0,33.0,0.0,0.0,0.0,25.0,,,,
p_158,0.14705882352941177,0.10416666666666667,0.25,0.2450980392156863,0.1736111111111111,0.4166666666666667,108.0,0.0,0.0,0.0,17.0,0.0,0.0,0.0,28.0,0.5882352941176471,0.4166666666666667,1.0,45.0,0.0,0.0,0.0,18.0,,,,
p_159,0.14,0.09722222222222222,0.25,0.21777777777777782,0.15123456790123455,0.3888888888888889,108.0,0.0,0.0,0.0,35.0,0.0,0.0,0.0,12.0,0.56,0.3888888888888889,1.0,42.0,0.0,0.0,0.0,19.0,,,,
p_160,0.17220376522702102,0.24292786421499293,0.2767857142857143,0.17858168245765144,0.25192519251925194,0.28703703703703703,108.0,0.0,0.0,0.0,19.0,0.40310077519379844,0.25742574257425743,0.9285714285714286,28.0,0.2857142857142857,0.7142857142857143,0.17857142857142858,28.0,0.0,0.0,0.0,33.0,,,,
p_161,0.16044474393530997,0.18625,0.24791666666666667,0.2429370070879505,0.29328703703703707,0.37037037037037035,108.0,0.11320754716981132,0.375,0.06666666666666667,45.0,0.0,0.0,0.0,9.0,0.5285714285714286,0.37,0.925,40.0,0.0,0.0,0.0,14.0,,,,
p_162,0.125,0.08333333333333333,0.25,0.16666666666666666,0.1111111111111111,0.3333333333333333,108.0,0.0,0.0,0.0,28.0,0.0,0.0,0.0,31.0,0.5,0.3333333333333333,1.0,36.0,0.0,0.0,0.0,13.0,,,,
p_163,0.1757854821235103,0.16796322489391796,0.26412066752246466,0.23559447855222507,0.19685420923044686,0.37962962962962965,108.0,0.0,0.0,0.0,26.0,0.5492957746478874,0.38613861386138615,0.9512195121951219,41.0,0.15384615384615385,0.2857142857142857,0.10526315789473684,19.0,0.0,0.0,0.0,22.0,,,,
p_164,0.14285714285714285,0.1,0.25,0.2222222222222222,0.15555555555555556,0.3888888888888889,108.0,0.0,0.0,0.0,30.0,0.0,0.0,0.0,24.0,0.5714285714285714,0.4,1.0,42.0,0.0,0.0,0.0,12.0,,,,
p_165,0.11702127659574468,0.0763888888888889,0.25,0.1430260047281324,0.09336419753086421,0.3055555555555556,108.0,0.0,0.0,0.0,17.0,0.0,0.0,0.0,31.0,0.0,0.0,0.0,27.0,0.46808510638297873,0.3055555555555556,1.0,33.0,,,,
p_166,0.14427767354596624,0.17644978783592646,0.26343813387423937,0.1617399763741227,0.20936141233170938,0.28703703703703703,108.0,0.0,0.0,0.0,20.0,0.4307692307692308,0.27722772277227725,0.9655172413793104,29.0,0.14634146341463414,0.42857142857142855,0.08823529411764706,34.0,0.0,0.0,0.0,25.0,,,,
p_167,0.18130974171242628,0.18281471004243283,0.2536057692307692,0.2976370716862887,0.2668028707632668,0.4351851851851852,108.0,0.12121212121212122,0.2857142857142857,0.07692307692307693,26.0,0.0,0.0,0.0,31.0,0.6040268456375839,0.44554455445544555,0.9375,48.0,0.0,0.0,0.0,3.0,,,,
p_168,0.1504364429896345,0.17491749174917492,0.2421195652173913,0.21076054232082603,0.2066678890111233,0.35185185185185186,108.0,0.07692307692307693,0.3333333333333333,0.043478260869565216,23.0,0.0,0.0,0.0,30.0,0.524822695035461,0.36633663366336633,0.925,40.0,0.0,0.0,0.0,15.0,,,,
p_169,0.16459627329192547,0.12268518518518519,0.25,0.3230963883137796,0.24082647462277093,0.49074074074074076,108.0,0.6583850931677019,0.49074074074074076,1.0,53.0,0.0,0.0,0.0,15.0,0.0,0.0,0.0,22.0,0.0,0.0,0.0,18.0,,,,
p_170,0.15605095541401273,0.11342592592592593,0.25,0.28320358575135646,0.20584705075445817,0.4537037037037037,108.0,0.0,0.0,0.0,22.0,0.0,0.0,0.0,20.0,0.6242038216560509,0.4537037037037037,1.0,49.0,0.0,0.0,0.0,17.0,,,,
p_171,0.12323943661971831,0.0875,0.20833333333333334,0.19170579029733958,0.1361111111111111,0.32407407407407407,108.0,0.49295774647887325,0.35,0.8333333333333334,42.0,0.0,0.0,0.0,14.0,0.0,0.0,0.0,15.0,0.0,0.0,0.0,37.0,,,,
p_172,0.1687116564417178,0.12731481481481483,0.25,0.34367189275164733,0.25934499314128945,0.5092592592592593,108.0,0.6748466257668712,0.5092592592592593,1.0,55.0,0.0,0.0,0.0,12.0,0.0,0.0,0.0,27.0,0.0,0.0,0.0,14.0,,,,
p_173,0.1823671497584541,0.25245098039215685,0.2763888888888889,0.2308105206655931,0.2995642701525054,0.3611111111111111,108.0,0.2222222222222222,0.6666666666666666,0.13333333333333333,30.0,0.0,0.0,0.0,21.0,0.0,0.0,0.0,21.0,0.5072463768115942,0.3431372549019608,0.9722222222222222,36.0,,,,
p_174,0.14473684210526316,0.10185185185185185,0.25,0.23586744639376217,0.16598079561042522,0.4074074074074074,108.0,0.5789473684210527,0.4074074074074074,1.0,44.0,0.0,0.0,0.0,13.0,0.0,0.0,0.0,35.0,0.0,0.0,0.0,16.0,,,,
p_175,0.1657552973342447,0.18635077793493635,0.27884615384615385,0.18634971266550213,0.19705065744669703,0.32407407407407407,108.0,0.18181818181818182,0.42857142857142855,0.11538461538461539,26.0,0.0,0.0,0.0,29.0,0.48120300751879697,0.31683168316831684,1.0,32.0,0.0,0.0,0.0,21.0,,,,
p_176,0.17626050420168068,0.21568627450980393,0.27020676691729323,0.23173046996576407,0.2572621641249092,0.37037037037037035,108.0,0.17647058823529413,0.5,0.10714285714285714,28.0,0.0,0.0,0.0,26.0,0.5285714285714286,0.3627450980392157,0.9736842105263158,38.0,0.0,0.0,0.0,16.0,,,,
p_177,0.1750380517503805,0.17786421499292787,0.25613026819923373,0.27526918090083996,0.2541123159935041,0.4166666666666667,108.0,0.1111111111111111,0.2857142857142857,0.06896551724137931,29.0,0.0,0.0,0.0,13.0,0.589041095890411,0.42574257425742573,0.9555555555555556,45.0,0.0,0.0,0.0,21.0,,,,
p_178,0.1571759259259259,0.16919191919191917,0.2553418803418803,0.21304012345679013,0.23484848484848483,0.3425925925925926,108.0,0.125,0.3333333333333333,0.07692307692307693,39.0,0.0,0.0,0.0,19.0,0.5037037037037037,0.3434343434343434,0.9444444444444444,36.0,0.0,0.0,0.0,14.0,,,,
p_179,0.15714285714285714,0.155,0.246875,0.22539682539682537,0.2111111111111111,0.3611111111111111,108.0,0.1,0.25,0.0625,32.0,0.0,0.0,0.0,13.0,0.0,0.0,0.0,23.0,0.5285714285714286,0.37,0.925,40.0,,,,
p_180,0.10294117647058823,0.06481481481481481,0.25,0.10675381263616558,0.0672153635116598,0.25925925925925924,108.0,0.4117647058823529,0.25925925925925924,1.0,28.0,0.0,0.0,0.0,25.0,0.0,0.0,0.0,29.0,0.0,0.0,0.0,26.0,,,,
p_181,0.14935064935064934,0.10648148148148148,0.25,0.2544492544492544,0.18141289437585734,0.42592592592592593,108.0,0.5974025974025974,0.42592592592592593,1.0,46.0,0.0,0.0,0.0,6.0,0.0,0.0,0.0,30.0,0.0,0.0,0.0,26.0,,,,
p_182,0.12631202290076338,0.10749646393210749,0.25166666666666665,0.13745317359344078,0.11282675886636281,0.2777777777777778,108.0,0.0,0.0,0.0,36.0,0.44274809160305345,0.2871287128712871,0.9666666666666667,30.0,0.0,0.0,0.0,17.0,0.0625,0.14285714285714285,0.04,25.0,,,,
p_183,0.1746987951807229,0.13425925925925927,0.25,0.37527889335118253,0.28840877914951996,0.5370370370370371,108.0,0.0,0.0,0.0,24.0,0.0,0.0,0.0,5.0,0.6987951807228916,0.5370370370370371,1.0,58.0,0.0,0.0,0.0,21.0,,,,
p_184,0.14363636363636362,0.1814002828854314,0.259377344336084,0.17824915824915824,0.2558934464875059,0.3055555555555556,108.0,0.12,0.42857142857142855,0.06976744186046512,43.0,0.45454545454545453,0.297029702970297,0.967741935483871,31.0,0.0,0.0,0.0,15.0,0.0,0.0,0.0,19.0,,,,
p_185,0.16583333333333333,0.13967468175388967,0.2580749354005168,0.24558641975308645,0.1893760804651894,0.39814814814814814,108.0,0.08,0.14285714285714285,0.05555555555555555,18.0,0.0,0.0,0.0,13.0,0.0,0.0,0.0,34.0,0.5833333333333334,0.4158415841584158,0.9767441860465116,43.0,,,,
p_186,0.1625,0.12037037037037036,0.25,0.312962962962963,0.23182441700960219,0.48148148148148145,108.0,0.65,0.48148148148148145,1.0,52.0,0.0,0.0,0.0,27.0,0.0,0.0,0.0,11.0,0.0,0.0,0.0,18.0,,,,
p_187,0.11428571428571428,0.07407407407407407,0.25,0.13544973544973546,0.0877914951989026,0.2962962962962963,108.0,0.45714285714285713,0.2962962962962963,1.0,32.0,0.0,0.0,0.0,15.0,0.0,0.0,0.0,34.0,0.0,0.0,0.0,27.0,,,,
p_188,0.1326530612244898,0.09027777777777778,0.25,0.19160997732426305,0.13040123456790123,0.3611111111111111,108.0,0.5306122448979592,0.3611111111111111,1.0,39.0,0.0,0.0,0.0,17.0,0.0,0.0,0.0,25.0,0.0,0.0,0.0,27.0,,,,
p_189,0.16015100671140942,0.1880952380952381,0.25675675675675674,0.25774608501118573,0.2849206349206349,0.4166666666666667,108.0,0.5906040268456376,0.41904761904761906,1.0,44.0,0.0,0.0,0.0,8.0,0.0,0.0,0.0,19.0,0.05,0.3333333333333333,0.02702702702702703,37.0,,,,
p_190,0.14473684210526316,0.10185185185185185,0.25,0.23586744639376217,0.16598079561042522,0.4074074074074074,108.0,0.0,0.0,0.0,44.0,0.0,0.0,0.0,6.0,0.0,0.0,0.0,14.0,0.5789473684210527,0.4074074074074074,1.0,44.0,,,,
p_191,0.14705882352941177,0.10416666666666667,0.25,0.2450980392156863,0.1736111111111111,0.4166666666666667,108.0,0.0,0.0,0.0,42.0,0.0,0.0,0.0,8.0,0.0,0.0,0.0,13.0,0.5882352941176471,0.4166666666666667,1.0,45.0,,,,
p_192,0.15384615384615385,0.1111111111111111,0.25,0.27350427350427353,0.19753086419753085,0.4444444444444444,108.0,0.6153846153846154,0.4444444444444444,1.0,48.0,0.0,0.0,0.0,10.0,0.0,0.0,0.0,13.0,0.0,0.0,0.0,37.0,,,,
p_193,0.1423841059602649,0.09953703703703703,0.25,0.22675987245523668,0.15852194787379972,0.39814814814814814,108.0,0.5695364238410596,0.39814814814814814,1.0,43.0,0.0,0.0,0.0,28.0,0.0,0.0,0.0,26.0,0.0,0.0,0.0,11.0,,,,
p_194,0.13513513513513514,0.09259259259259259,0.25,0.20020020020020018,0.1371742112482853,0.37037037037037035,108.0,0.0,0.0,0.0,44.0,0.0,0.0,0.0,5.0,0.5405405405405406,0.37037037037037035,1.0,40.0,0.0,0.0,0.0,19.0,,,,
p_195,0.12576851109329057,0.10502121640735503,0.26136363636363635,0.1265951864722247,0.10097438315260099,0.26851851851851855,108.0,0.0,0.0,0.0,35.0,0.06896551724137931,0.14285714285714285,0.045454545454545456,22.0,0.43410852713178294,0.27722772277227725,1.0,28.0,0.0,0.0,0.0,23.0,,,,
p_196,0.14473684210526316,0.10185185185185185,0.25,0.23586744639376217,0.16598079561042522,0.4074074074074074,108.0,0.0,0.0,0.0,26.0,0.0,0.0,0.0,14.0,0.0,0.0,0.0,24.0,0.5789473684210527,0.4074074074074074,1.0,44.0,,,,
p_197,0.16631274131274132,0.1471004243281471,0.248290273556231,0.27945445445445444,0.23093142647598094,0.42592592592592593,108.0,0.6081081081081081,0.44554455445544555,0.9574468085106383,47.0,0.0,0.0,0.0,18.0,0.05714285714285714,0.14285714285714285,0.03571428571428571,28.0,0.0,0.0,0.0,15.0,,,,
p_198,0.15822784810126583,0.11574074074074074,0.25,0.29301453352086265,0.21433470507544583,0.46296296296296297,108.0,0.6329113924050633,0.46296296296296297,1.0,50.0,0.0,0.0,0.0,14.0,0.0,0.0,0.0,17.0,0.0,0.0,0.0,27.0,,,,
p_199,0.19142857142857142,0.1550925925925926,0.25,0.475026455026455,0.3848593964334705,0.6203703703703703,108.0,0.7657142857142857,0.6203703703703703,1.0,67.0,0.0,0.0,0.0,5.0,0.0,0.0,0.0,17.0,0.0,0.0,0.0,19.0,,,,
p_200,0.1625,0.12037037037037036,0.25,0.312962962962963,0.23182441700960219,0.48148148148148145,108.0,0.65,0.48148148148148145,1.0,52.0,0.0,0.0,0.0,12.0,0.0,0.0,0.0,16.0,0.0,0.0,0.0,28.0,,,,
p_201,0.17664670658682635,0.13657407407407407,0.25,0.3860057662452872,0.29843964334705075,0.5462962962962963,108.0,0.7065868263473054,0.5462962962962963,1.0,59.0,0.0,0.0,0.0,17.0,0.0,0.0,0.0,9.0,0.0,0.0,0.0,23.0,,,,
p_202,0.17664670658682635,0.13657407407407407,0.25,0.3860057662452872,0.29843964334705075,0.5462962962962963,108.0,0.7065868263473054,0.5462962962962963,1.0,59.0,0.0,0.0,0.0,17.0,0.0,0.0,0.0,15.0,0.0,0.0,0.0,17.0,,,,
p_203,0.14935064935064934,0.10648148148148148,0.25,0.2544492544492544,0.18141289437585734,0.42592592592592593,108.0,0.5974025974025974,0.42592592592592593,1.0,46.0,0.0,0.0,0.0,28.0,0.0,0.0,0.0,11.0,0.0,0.0,0.0,23.0,,,,
p_204,0.17073170731707318,0.12962962962962962,0.25,0.3541102077687444,0.2688614540466392,0.5185185185185185,108.0,0.6829268292682927,0.5185185185185185,1.0,56.0,0.0,0.0,0.0,16.0,0.0,0.0,0.0,19.0,0.0,0.0,0.0,17.0,,,,
p_205,0.1423841059602649,0.09953703703703703,0.25,0.22675987245523668,0.15852194787379972,0.39814814814814814,108.0,0.5695364238410596,0.39814814814814814,1.0,43.0,0.0,0.0,0.0,12.0,0.0,0.0,0.0,28.0,0.0,0.0,0.0,25.0,,,,
p_206,0.15384615384615385,0.1111111111111111,0.25,0.27350427350427353,0.19753086419753085,0.4444444444444444,108.0,0.6153846153846154,0.4444444444444444,1.0,48.0,0.0,0.0,0.0,10.0,0.0,0.0,0.0,31.0,0.0,0.0,0.0,19.0,,,,
p_207,0.14,0.09722222222222222,0.25,0.21777777777777782,0.15123456790123455,0.3888888888888889,108.0,0.56,0.3888888888888889,1.0,42.0,0.0,0.0,0.0,16.0,0.0,0.0,0.0,17.0,0.0,0.0,0.0,33.0,,,,
p_208,0.13513513513513514,0.09259259259259259,0.25,0.20020020020020018,0.1371742112482853,0.37037037037037035,108.0,0.5405405405405406,0.37037037037037035,1.0,40.0,0.0,0.0,0.0,17.0,0.0,0.0,0.0,14.0,0.0,0.0,0.0,37.0,,,,
p_209,0.10869565217391304,0.06944444444444445,0.25,0.12077294685990338,0.0771604938271605,0.2777777777777778,108.0,0.43478260869565216,0.2777777777777778,1.0,30.0,0.0,0.0,0.0,25.0,0.0,0.0,0.0,17.0,0.0,0.0,0.0,36.0,,,,
p_210,0.18388977212506624,0.19024045261669023,0.24743589743589745,0.3321360576262537,0.3081879616533082,0.46296296296296297,108.0,0.6274509803921569,0.4752475247524752,0.9230769230769231,52.0,0.0,0.0,0.0,18.0,0.0,0.0,0.0,8.0,0.10810810810810811,0.2857142857142857,0.06666666666666667,30.0,,,,
p_211,0.16037735849056603,0.11805555555555555,0.25,0.30293501048218024,0.22299382716049382,0.4722222222222222,108.0,0.6415094339622641,0.4722222222222222,1.0,51.0,0.0,0.0,0.0,16.0,0.0,0.0,0.0,11.0,0.0,0.0,0.0,30.0,,,,
p_212,0.15161290322580645,0.1087962962962963,0.25,0.26391875746714455,0.18938614540466392,0.4351851851851852,108.0,0.6064516129032258,0.4351851851851852,1.0,47.0,0.0,0.0,0.0,15.0,0.0,0.0,0.0,32.0,0.0,0.0,0.0,14.0,,,,
p_213,0.15022172949002216,0.1814002828854314,0.2639943074003795,0.1765418411759875,0.22017916077322017,0.3055555555555556,108.0,0.14634146341463414,0.42857142857142855,0.08823529411764706,34.0,0.0,0.0,0.0,26.0,0.0,0.0,0.0,17.0,0.45454545454545453,0.297029702970297,0.967741935483871,31.0,,,,
p_214,0.17272727272727273,0.13194444444444445,0.25,0.36464646464646466,0.2785493827160494,0.5277777777777778,108.0,0.6909090909090909,0.5277777777777778,1.0,57.0,0.0,0.0,0.0,31.0,0.0,0.0,0.0,11.0,0.0,0.0,0.0,9.0,,,,
p_215,0.11971830985915492,0.0787037037037037,0.25,0.1507563901930099,0.09910836762688614,0.3148148148148148,108.0,0.0,0.0,0.0,35.0,0.0,0.0,0.0,27.0,0.4788732394366197,0.3148148148148148,1.0,34.0,0.0,0.0,0.0,12.0,,,,
p_216,0.12758620689655173,0.08564814814814815,0.25,0.1748403575989783,0.11736968449931415,0.3425925925925926,108.0,0.0,0.0,0.0,28.0,0.0,0.0,0.0,22.0,0.5103448275862069,0.3425925925925926,1.0,37.0,0.0,0.0,0.0,21.0,,,,
p_217,0.13758389261744966,0.09490740740740741,0.25,0.20892368878946058,0.14411865569272977,0.37962962962962965,108.0,0.5503355704697986,0.37962962962962965,1.0,41.0,0.0,0.0,0.0,13.0,0.0,0.0,0.0,28.0,0.0,0.0,0.0,26.0,,,,
p_218,0.11428571428571428,0.07407407407407407,0.25,0.13544973544973546,0.0877914951989026,0.2962962962962963,108.0,0.0,0.0,0.0,21.0,0.0,0.0,0.0,26.0,0.0,0.0,0.0,29.0,0.45714285714285713,0.2962962962962963,1.0,32.0,,,,
p_219,0.16459627329192547,0.12268518518518519,0.25,0.3230963883137796,0.24082647462277093,0.49074074074074076,108.0,0.6583850931677019,0.49074074074074076,1.0,53.0,0.0,0.0,0.0,18.0,0.0,0.0,0.0,22.0,0.0,0.0,0.0,15.0,,,,
p_220,0.13606965174129354,0.12009803921568626,0.2604166666666667,0.15632946379215035,0.1299927378358751,0.3055555555555556,108.0,0.06666666666666667,0.16666666666666666,0.041666666666666664,24.0,0.47761194029850745,0.3137254901960784,1.0,32.0,0.0,0.0,0.0,24.0,0.0,0.0,0.0,28.0,,,,
p_221,0.12758620689655173,0.08564814814814815,0.25,0.1748403575989783,0.11736968449931415,0.3425925925925926,108.0,0.0,0.0,0.0,34.0,0.5103448275862069,0.3425925925925926,1.0,37.0,0.0,0.0,0.0,26.0,0.0,0.0,0.0,11.0,,,,
p_222,0.15357142857142858,0.15558698727015557,0.26071428571428573,0.19166666666666665,0.1831683168316832,0.3333333333333333,108.0,0.11428571428571428,0.2857142857142857,0.07142857142857142,28.0,0.0,0.0,0.0,22.0,0.5,0.33663366336633666,0.9714285714285714,35.0,0.0,0.0,0.0,23.0,,,,
p_223,0.14935064935064934,0.10648148148148148,0.25,0.2544492544492544,0.18141289437585734,0.42592592592592593,108.0,0.5974025974025974,0.42592592592592593,1.0,46.0,0.0,0.0,0.0,32.0,0.0,0.0,0.0,9.0,0.0,0.0,0.0,21.0,,,,
p_224,0.11702127659574468,0.0763888888888889,0.25,0.1430260047281324,0.09336419753086421,0.3055555555555556,108.0,0.46808510638297873,0.3055555555555556,1.0,33.0,0.0,0.0,0.0,24.0,0.0,0.0,0.0,28.0,0.0,0.0,0.0,23.0,,,,
p_225,0.1669642857142857,0.20120226308345118,0.26188242651657284,0.24348544973544972,0.2985619990570485,0.37962962962962965,108.0,0.5428571428571428,0.37623762376237624,0.9743589743589743,39.0,0.0,0.0,0.0,16.0,0.0,0.0,0.0,12.0,0.125,0.42857142857142855,0.07317073170731707,41.0,,,,
p_226,0.16951469583048528,0.19444444444444442,0.27121848739495796,0.21514645198855722,0.24897119341563784,0.3425925925925926,108.0,0.49624060150375937,0.3333333333333333,0.9705882352941176,34.0,0.18181818181818182,0.4444444444444444,0.11428571428571428,35.0,0.0,0.0,0.0,24.0,0.0,0.0,0.0,15.0,,,,
p_227,0.15161290322580645,0.1087962962962963,0.25,0.26391875746714455,0.18938614540466392,0.4351851851851852,108.0,0.0,0.0,0.0,31.0,0.0,0.0,0.0,9.0,0.0,0.0,0.0,21.0,0.6064516129032258,0.4351851851851852,1.0,47.0,,,,
p_228,0.13013698630136986,0.08796296296296297,0.25,0.18315575849822424,0.1237997256515775,0.35185185185185186,108.0,0.0,0.0,0.0,31.0,0.5205479452054794,0.35185185185185186,1.0,38.0,0.0,0.0,0.0,18.0,0.0,0.0,0.0,21.0,,,,
p_229,0.17211751662971175,0.29419191919191917,0.25851262446657186,0.2190913197010758,0.3769173213617658,0.3425925925925926,108.0,0.0975609756097561,0.6666666666666666,0.05263157894736842,38.0,0.0,0.0,0.0,17.0,0.5,0.3434343434343434,0.918918918918919,37.0,0.09090909090909091,0.16666666666666666,0.0625,16.0,,,,
p_230,0.13758389261744966,0.09490740740740741,0.25,0.20892368878946058,0.14411865569272977,0.37962962962962965,108.0,0.5503355704697986,0.37962962962962965,1.0,41.0,0.0,0.0,0.0,13.0,0.0,0.0,0.0,31.0,0.0,0.0,0.0,23.0,,,,
p_231,0.1404109589041096,0.10049019607843138,0.23295454545454544,0.22881785895484527,0.16376180101670298,0.37962962962962965,108.0,0.5616438356164384,0.4019607843137255,0.9318181818181818,44.0,0.0,0.0,0.0,25.0,0.0,0.0,0.0,21.0,0.0,0.0,0.0,18.0,,,,
p_232,0.1746987951807229,0.13425925925925927,0.25,0.37527889335118253,0.28840877914951996,0.5370370370370371,108.0,0.6987951807228916,0.5370370370370371,1.0,58.0,0.0,0.0,0.0,16.0,0.0,0.0,0.0,17.0,0.0,0.0,0.0,17.0,,,,
p_233,0.13513513513513514,0.09259259259259259,0.25,0.20020020020020018,0.1371742112482853,0.37037037037037035,108.0,0.5405405405405406,0.37037037037037035,1.0,40.0,0.0,0.0,0.0,10.0,0.0,0.0,0.0,33.0,0.0,0.0,0.0,25.0,,,,
p_234,0.15161290322580645,0.1087962962962963,0.25,0.26391875746714455,0.18938614540466392,0.4351851851851852,108.0,0.6064516129032258,0.4351851851851852,1.0,47.0,0.0,0.0,0.0,13.0,0.0,0.0,0.0,31.0,0.0,0.0,0.0,17.0,,,,
p_235,0.14935064935064934,0.10648148148148148,0.25,0.2544492544492544,0.18141289437585734,0.42592592592592593,108.0,0.0,0.0,0.0,41.0,0.0,0.0,0.0,1.0,0.0,0.0,0.0,20.0,0.5974025974025974,0.42592592592592593,1.0,46.0,,,,
p_236,0.1423841059602649,0.09953703703703703,0.25,0.22675987245523668,0.15852194787379972,0.39814814814814814,108.0,0.5695364238410596,0.39814814814814814,1.0,43.0,0.0,0.0,0.0,12.0,0.0,0.0,0.0,24.0,0.0,0.0,0.0,29.0,,,,
p_237,0.13758389261744966,0.09490740740740741,0.25,0.20892368878946058,0.14411865569272977,0.37962962962962965,108.0,0.0,0.0,0.0,28.0,0.0,0.0,0.0,8.0,0.5503355704697986,0.37962962962962965,1.0,41.0,0.0,0.0,0.0,31.0,,,,
p_238,0.18786127167630057,0.15046296296296297,0.25,0.4522586169985014,0.36222565157750347,0.6018518518518519,108.0,0.7514450867052023,0.6018518518518519,1.0,65.0,0.0,0.0,0.0,5.0,0.0,0.0,0.0,17.0,0.0,0.0,0.0,21.0,,,,
p_239,0.11702127659574468,0.0763888888888889,0.25,0.1430260047281324,0.09336419753086421,0.3055555555555556,108.0,0.0,0.0,0.0,25.0,0.0,0.0,0.0,10.0,0.46808510638297873,0.3055555555555556,1.0,33.0,0.0,0.0,0.0,40.0,,,,
p_240,0.1643801238079304,0.18375,0.2521978021978022,0.23226999795512426,0.2515277777777778,0.3611111111111111,108.0,0.13953488372093023,0.375,0.08571428571428572,35.0,0.0,0.0,0.0,8.0,0.0,0.0,0.0,26.0,0.5179856115107914,0.36,0.9230769230769231,39.0,,,,
p_241,0.14705882352941177,0.10416666666666667,0.25,0.2450980392156863,0.1736111111111111,0.4166666666666667,108.0,0.5882352941176471,0.4166666666666667,1.0,45.0,0.0,0.0,0.0,29.0,0.0,0.0,0.0,15.0,0.0,0.0,0.0,19.0,,,,
p_242,0.12949640287769784,0.0891089108910891,0.23684210526315788,0.18225419664268583,0.1254125412541254,0.3333333333333333,108.0,0.0,0.0,0.0,26.0,0.0,0.0,0.0,20.0,0.0,0.0,0.0,24.0,0.5179856115107914,0.3564356435643564,0.9473684210526315,38.0,,,,
p_243,0.13513513513513514,0.09259259259259259,0.25,0.20020020020020018,0.1371742112482853,0.37037037037037035,108.0,0.5405405405405406,0.37037037037037035,1.0,40.0,0.0,0.0,0.0,12.0,0.0,0.0,0.0,20.0,0.0,0.0,0.0,36.0,,,,
p_244,0.15822784810126583,0.11574074074074074,0.25,0.29301453352086265,0.21433470507544583,0.46296296296296297,108.0,0.0,0.0,0.0,28.0,0.0,0.0,0.0,5.0,0.0,0.0,0.0,25.0,0.6329113924050633,0.46296296296296297,1.0,50.0,,,,
p_245,0.14,0.09722222222222222,0.25,0.21777777777777782,0.15123456790123455,0.3888888888888889,108.0,0.0,0.0,0.0,32.0,0.0,0.0,0.0,9.0,0.56,0.3888888888888889,1.0,42.0,0.0,0.0,0.0,25.0,,,,
p_246,0.15605095541401273,0.11342592592592593,0.25,0.28320358575135646,0.20584705075445817,0.4537037037037037,108.0,0.6242038216560509,0.4537037037037037,1.0,49.0,0.0,0.0,0.0,16.0,0.0,0.0,0.0,16.0,0.0,0.0,0.0,27.0,,,,
p_247,0.14,0.09722222222222222,0.25,0.21777777777777782,0.15123456790123455,0.3888888888888889,108.0,0.56,0.3888888888888889,1.0,42.0,0.0,0.0,0.0,13.0,0.0,0.0,0.0,31.0,0.0,0.0,0.0,22.0,,,,
p_248,0.17308553515450067,0.1976190476190476,0.2545133437990581,0.29943109253454075,0.2876543209876543,0.4537037037037037,108.0,0.06896551724137931,0.3333333333333333,0.038461538461538464,26.0,0.0,0.0,0.0,16.0,0.0,0.0,0.0,17.0,0.6233766233766234,0.45714285714285713,0.9795918367346939,49.0,,,,
p_249,0.20146520146520147,0.2222222222222222,0.2803030303030303,0.3089133089133089,0.3168724279835391,0.4444444444444444,108.0,0.6153846153846154,0.4444444444444444,1.0,44.0,0.0,0.0,0.0,12.0,0.0,0.0,0.0,19.0,0.19047619047619047,0.4444444444444444,0.12121212121212122,33.0,,,,
p_250,0.13013698630136986,0.08796296296296297,0.25,0.18315575849822424,0.1237997256515775,0.35185185185185186,108.0,0.5205479452054794,0.35185185185185186,1.0,38.0,0.0,0.0,0.0,22.0,0.0,0.0,0.0,16.0,0.0,0.0,0.0,32.0,,,,
p_251,0.1316928685349738,0.11244695898161244,0.25180288461538464,0.15271343341518778,0.12533396196762533,0.2962962962962963,108.0,0.0,0.0,0.0,22.0,0.0,0.0,0.0,28.0,0.06060606060606061,0.14285714285714285,0.038461538461538464,26.0,0.46616541353383456,0.3069306930693069,0.96875,32.0,,,,
p_252,0.18027718550106608,0.20750000000000002,0.2796840958605664,0.21220090026060173,0.2288888888888889,0.3425925925925926,108.0,0.22857142857142856,0.5,0.14814814814814814,27.0,0.0,0.0,0.0,18.0,0.4925373134328358,0.33,0.9705882352941176,34.0,0.0,0.0,0.0,29.0,,,,
p_253,0.09701492537313433,0.06018518518518518,0.25,0.09342177998894417,0.057956104252400546,0.24074074074074073,108.0,0.0,0.0,0.0,25.0,0.0,0.0,0.0,35.0,0.0,0.0,0.0,22.0,0.3880597014925373,0.24074074074074073,1.0,26.0,,,,
p_254,0.13758389261744966,0.09490740740740741,0.25,0.20892368878946058,0.14411865569272977,0.37962962962962965,108.0,0.0,0.0,0.0,27.0,0.0,0.0,0.0,15.0,0.5503355704697986,0.37962962962962965,1.0,41.0,0.0,0.0,0.0,25.0,,,,
p_255,0.15441176470588236,0.15558698727015557,0.2613756613756614,0.1914488017429194,0.18052281418618052,0.3333333333333333,108.0,0.5,0.33663366336633666,0.9714285714285714,35.0,0.0,0.0,0.0,15.0,0.0,0.0,0.0,31.0,0.11764705882352941,0.2857142857142857,0.07407407407407407,27.0,,,,
p_256,0.11702127659574468,0.0763888888888889,0.25,0.1430260047281324,0.09336419753086421,0.3055555555555556,108.0,0.0,0.0,0.0,22.0,0.46808510638297873,0.3055555555555556,1.0,33.0,0.0,0.0,0.0,17.0,0.0,0.0,0.0,36.0,,,,
p_257,0.18790849673202614,0.2297979797979798,0.27796546546546547,0.25544662309368193,0.30976430976430974,0.37962962962962965,108.0,0.2222222222222222,0.5555555555555556,0.1388888888888889,36.0,0.0,0.0,0.0,24.0,0.0,0.0,0.0,11.0,0.5294117647058824,0.36363636363636365,0.972972972972973,37.0,,,,
p_258,0.1582080200501253,0.20173267326732675,0.2671875,0.16898728302237073,0.18353502016868356,0.3055555555555556,108.0,0.16666666666666666,0.5,0.1,20.0,0.0,0.0,0.0,36.0,0.0,0.0,0.0,20.0,0.46616541353383456,0.3069306930693069,0.96875,32.0,,,,
p_259,0.15822784810126583,0.11574074074074074,0.25,0.29301453352086265,0.21433470507544583,0.46296296296296297,108.0,0.0,0.0,0.0,18.0,0.6329113924050633,0.46296296296296297,1.0,50.0,0.0,0.0,0.0,22.0,0.0,0.0,0.0,18.0,,,,
p_260,0.16843156843156845,0.17043847241867044,0.25595238095238093,0.24718984718984718,0.2280894756142281,0.3888888888888889,108.0,0.0,0.0,0.0,26.0,0.0,0.0,0.0,12.0,0.5594405594405595,0.39603960396039606,0.9523809523809523,42.0,0.11428571428571428,0.2857142857142857,0.07142857142857142,28.0,,,,
p_261,0.12556099551203592,0.10101010101010101,0.25028735632183907,0.13902488780089758,0.11120463898241674,0.2777777777777778,108.0,0.0,0.0,0.0,24.0,0.05263157894736842,0.1111111111111111,0.034482758620689655,29.0,0.0,0.0,0.0,25.0,0.4496124031007752,0.29292929292929293,0.9666666666666667,30.0,,,,
p_262,0.13013698630136986,0.08796296296296297,0.25,0.18315575849822424,0.1237997256515775,0.35185185185185186,108.0,0.0,0.0,0.0,35.0,0.0,0.0,0.0,24.0,0.5205479452054794,0.35185185185185186,1.0,38.0,0.0,0.0,0.0,11.0,,,,
p_263,0.14705882352941177,0.10416666666666667,0.25,0.2450980392156863,0.1736111111111111,0.4166666666666667,108.0,0.5882352941176471,0.4166666666666667,1.0,45.0,0.0,0.0,0.0,18.0,0.0,0.0,0.0,27.0,0.0,0.0,0.0,18.0,,,,
p_264,0.16037735849056603,0.11805555555555555,0.25,0.30293501048218024,0.22299382716049382,0.4722222222222222,108.0,0.6415094339622641,0.4722222222222222,1.0,51.0,0.0,0.0,0.0,16.0,0.0,0.0,0.0,26.0,0.0,0.0,0.0,15.0,,,,
p_265,0.15161290322580645,0.1087962962962963,0.25,0.26391875746714455,0.18938614540466392,0.4351851851851852,108.0,0.6064516129032258,0.4351851851851852,1.0,47.0,0.0,0.0,0.0,12.0,0.0,0.0,0.0,27.0,0.0,0.0,0.0,22.0,,,,
p_266,0.17857142857142858,0.1388888888888889,0.25,0.39682539682539686,0.308641975308642,0.5555555555555556,108.0,0.7142857142857143,0.5555555555555556,1.0,60.0,0.0,0.0,0.0,14.0,0.0,0.0,0.0,23.0,0.0,0.0,0.0,11.0,,,,
p_267,0.15822784810126583,0.11574074074074074,0.25,0.29301453352086265,0.21433470507544583,0.46296296296296297,108.0,0.6329113924050633,0.46296296296296297,1.0,50.0,0.0,0.0,0.0,13.0,0.0,0.0,0.0,20.0,0.0,0.0,0.0,25.0,,,,
p_268,0.15790889526542323,0.18882602545968882,0.25777310924369745,0.2033417025346724,0.24080622347949082,0.3333333333333333,108.0,0.14634146341463414,0.42857142857142855,0.08823529411764706,34.0,0.4852941176470588,0.32673267326732675,0.9428571428571428,35.0,0.0,0.0,0.0,30.0,0.0,0.0,0.0,9.0,,,,
p_269,0.1332244008714597,0.11492220650636492,0.24455337690631807,0.16395142419107564,0.13545759337838545,0.3055555555555556,108.0,0.058823529411764705,0.14285714285714285,0.037037037037037035,27.0,0.4740740740740741,0.31683168316831684,0.9411764705882353,34.0,0.0,0.0,0.0,27.0,0.0,0.0,0.0,20.0,,,,
p_270,0.18647591098067987,0.2181372549019608,0.2761984392419175,0.23870275264259125,0.24101307189542484,0.37962962962962965,108.0,0.5390070921985816,0.37254901960784315,0.9743589743589743,39.0,0.0,0.0,0.0,29.0,0.0,0.0,0.0,17.0,0.20689655172413793,0.5,0.13043478260869565,23.0,,,,
p_271,0.12589928057553956,0.0875,0.22435897435897437,0.18185451638689049,0.12638888888888888,0.32407407407407407,108.0,0.0,0.0,0.0,21.0,0.0,0.0,0.0,16.0,0.0,0.0,0.0,32.0,0.5035971223021583,0.35,0.8974358974358975,39.0,,,,
p_272,0.15423280423280422,0.18635077793493635,0.25672268907563023,0.19554183813443074,0.23863219655298865,0.32407407407407407,108.0,0.14285714285714285,0.42857142857142855,0.08571428571428572,35.0,0.0,0.0,0.0,26.0,0.0,0.0,0.0,13.0,0.4740740740740741,0.31683168316831684,0.9411764705882353,34.0,,,,
p_273,0.16459627329192547,0.12268518518518519,0.25,0.3230963883137796,0.24082647462277093,0.49074074074074076,108.0,0.6583850931677019,0.49074074074074076,1.0,53.0,0.0,0.0,0.0,8.0,0.0,0.0,0.0,31.0,0.0,0.0,0.0,16.0,,,,
p_274,0.14473684210526316,0.10185185185185185,0.25,0.23586744639376217,0.16598079561042522,0.4074074074074074,108.0,0.0,0.0,0.0,27.0,0.5789473684210527,0.4074074074074074,1.0,44.0,0.0,0.0,0.0,17.0,0.0,0.0,0.0,20.0,,,,
p_275,0.1423841059602649,0.09953703703703703,0.25,0.22675987245523668,0.15852194787379972,0.39814814814814814,108.0,0.5695364238410596,0.39814814814814814,1.0,43.0,0.0,0.0,0.0,32.0,0.0,0.0,0.0,13.0,0.0,0.0,0.0,20.0,,,,
p_276,0.11428571428571428,0.07407407407407407,0.25,0.13544973544973546,0.0877914951989026,0.2962962962962963,108.0,0.45714285714285713,0.2962962962962963,1.0,32.0,0.0,0.0,0.0,28.0,0.0,0.0,0.0,30.0,0.0,0.0,0.0,18.0,,,,
p_277,0.18604651162790697,0.14814814814814814,0.25,0.4409991386735573,0.3511659807956104,0.5925925925925926,108.0,0.7441860465116279,0.5925925925925926,1.0,64.0,0.0,0.0,0.0,14.0,0.0,0.0,0.0,19.0,0.0,0.0,0.0,11.0,,,,
p_278,0.1413793103448276,0.10148514851485149,0.23295454545454544,0.23039591315453387,0.1653832049871654,0.37962962962962965,108.0,0.5655172413793104,0.40594059405940597,0.9318181818181818,44.0,0.0,0.0,0.0,24.0,0.0,0.0,0.0,22.0,0.0,0.0,0.0,18.0,,,,
p_279,0.14935064935064934,0.10648148148148148,0.25,0.2544492544492544,0.18141289437585734,0.42592592592592593,108.0,0.5974025974025974,0.42592592592592593,1.0,46.0,0.0,0.0,0.0,23.0,0.0,0.0,0.0,23.0,0.0,0.0,0.0,16.0,,,,
p_280,0.13013698630136986,0.08796296296296297,0.25,0.18315575849822424,0.1237997256515775,0.35185185185185186,108.0,0.0,0.0,0.0,33.0,0.0,0.0,0.0,12.0,0.0,0.0,0.0,25.0,0.5205479452054794,0.35185185185185186,1.0,38.0,,,,
p_281,0.16153846153846155,0.1789250353606789,0.2826086956521739,0.1623931623931624,0.16836921787416836,0.2962962962962963,108.0,0.0,0.0,0.0,36.0,0.2,0.42857142857142855,0.13043478260869565,23.0,0.4461538461538462,0.2871287128712871,1.0,29.0,0.0,0.0,0.0,20.0,,,,
p_282,0.15384615384615385,0.1111111111111111,0.25,0.27350427350427353,0.19753086419753085,0.4444444444444444,108.0,0.6153846153846154,0.4444444444444444,1.0,48.0,0.0,0.0,0.0,14.0,0.0,0.0,0.0,16.0,0.0,0.0,0.0,30.0,,,,
p_283,0.19142857142857142,0.1550925925925926,0.25,0.475026455026455,0.3848593964334705,0.6203703703703703,108.0,0.7657142857142857,0.6203703703703703,1.0,67.0,0.0,0.0,0.0,10.0,0.0,0.0,0.0,11.0,0.0,0.0,0.0,20.0,,,,
p_284,0.23455302366345313,0.26960784313725494,0.27589418777943364,0.45253513811796026,0.42855846042120554,0.5740740740740741,108.0,0.7239263803680982,0.5784313725490197,0.9672131147540983,61.0,0.0,0.0,0.0,12.0,0.0,0.0,0.0,13.0,0.21428571428571427,0.5,0.13636363636363635,22.0,,,,
p_285,0.17272727272727273,0.13194444444444445,0.25,0.36464646464646466,0.2785493827160494,0.5277777777777778,108.0,0.6909090909090909,0.5277777777777778,1.0,57.0,0.0,0.0,0.0,17.0,0.0,0.0,0.0,11.0,0.0,0.0,0.0,23.0,,,,
p_286,0.10583941605839416,0.06712962962962964,0.25,0.1136793728034604,0.07210219478737999,0.26851851851851855,108.0,0.4233576642335766,0.26851851851851855,1.0,29.0,0.0,0.0,0.0,30.0,0.0,0.0,0.0,28.0,0.0,0.0,0.0,21.0,,,,
p_287,0.14266017842660178,0.1388888888888889,0.23099415204678364,0.19913490132468234,0.19135802469135801,0.32407407407407407,108.0,0.08888888888888889,0.2222222222222222,0.05555555555555555,36.0,0.0,0.0,0.0,24.0,0.0,0.0,0.0,10.0,0.48175182481751827,0.3333333333333333,0.868421052631579,38.0,,,,
p_288,0.12758620689655173,0.08564814814814815,0.25,0.1748403575989783,0.11736968449931415,0.3425925925925926,108.0,0.0,0.0,0.0,29.0,0.5103448275862069,0.3425925925925926,1.0,37.0,0.0,0.0,0.0,15.0,0.0,0.0,0.0,27.0,,,,
p_289,0.13513513513513514,0.09259259259259259,0.25,0.20020020020020018,0.1371742112482853,0.37037037037037035,108.0,0.0,0.0,0.0,45.0,0.0,0.0,0.0,7.0,0.0,0.0,0.0,16.0,0.5405405405405406,0.37037037037037035,1.0,40.0,,,,
p_290,0.19662921348314608,0.16203703703703703,0.25,0.5097794423637121,0.42009602194787377,0.6481481481481481,108.0,0.7865168539325843,0.6481481481481481,1.0,70.0,0.0,0.0,0.0,8.0,0.0,0.0,0.0,3.0,0.0,0.0,0.0,27.0,,,,
p_291,0.14473684210526316,0.10185185185185185,0.25,0.23586744639376217,0.16598079561042522,0.4074074074074074,108.0,0.5789473684210527,0.4074074074074074,1.0,44.0,0.0,0.0,0.0,13.0,0.0,0.0,0.0,14.0,0.0,0.0,0.0,37.0,,,,
p_292,0.16666666666666666,0.125,0.25,0.3333333333333333,0.25,0.5,108.0,0.6666666666666666,0.5,1.0,54.0,0.0,0.0,0.0,4.0,0.0,0.0,0.0,22.0,0.0,0.0,0.0,28.0,,,,
p_293,0.1423841059602649,0.09953703703703703,0.25,0.22675987245523668,0.15852194787379972,0.39814814814814814,108.0,0.5695364238410596,0.39814814814814814,1.0,43.0,0.0,0.0,0.0,13.0,0.0,0.0,0.0,11.0,0.0,0.0,0.0,41.0,,,,
p_294,0.17664670658682635,0.13657407407407407,0.25,0.3860057662452872,0.29843964334705075,0.5462962962962963,108.0,0.7065868263473054,0.5462962962962963,1.0,59.0,0.0,0.0,0.0,14.0,0.0,0.0,0.0,17.0,0.0,0.0,0.0,18.0,,,,
p_295,0.13513513513513514,0.09259259259259259,0.25,0.20020020020020018,0.1371742112482853,0.37037037037037035,108.0,0.0,0.0,0.0,30.0,0.0,0.0,0.0,20.0,0.0,0.0,0.0,18.0,0.5405405405405406,0.37037037037037035,1.0,40.0,,,,
p_296,0.1423841059602649,0.09953703703703703,0.25,0.22675987245523668,0.15852194787379972,0.39814814814814814,108.0,0.5695364238410596,0.39814814814814814,1.0,43.0,0.0,0.0,0.0,13.0,0.0,0.0,0.0,17.0,0.0,0.0,0.0,35.0,,,,
p_297,0.13513513513513514,0.09259259259259259,0.25,0.20020020020020018,0.1371742112482853,0.37037037037037035,108.0,0.5405405405405406,0.37037037037037035,1.0,40.0,0.0,0.0,0.0,18.0,0.0,0.0,0.0,13.0,0.0,0.0,0.0,37.0,,,,
p_298,0.17706277141729176,0.21605374823196605,0.24621212121212122,0.31042096182246204,0.36822253653936826,0.4351851851851852,108.0,0.11764705882352941,0.42857142857142855,0.06818181818181818,44.0,0.0,0.0,0.0,9.0,0.0,0.0,0.0,7.0,0.5906040268456376,0.43564356435643564,0.9166666666666666,48.0,,,,
p_299,0.14705882352941177,0.10416666666666667,0.25,0.2450980392156863,0.1736111111111111,0.4166666666666667,108.0,0.5882352941176471,0.4166666666666667,1.0,45.0,0.0,0.0,0.0,25.0,0.0,0.0,0.0,10.0,0.0,0.0,0.0,28.0,,,,
p_300,0.16410658307210033,0.17291371994342292,0.24646805896805896,0.261540694299315,0.2632668028707633,0.39814814814814814,108.0,0.5655172413793104,0.40594059405940597,0.9318181818181818,44.0,0.0,0.0,0.0,13.0,0.0,0.0,0.0,14.0,0.09090909090909091,0.2857142857142857,0.05405405405405406,37.0,,,,
p_301,0.11971830985915492,0.0787037037037037,0.25,0.1507563901930099,0.09910836762688614,0.3148148148148148,108.0,0.0,0.0,0.0,42.0,0.0,0.0,0.0,13.0,0.0,0.0,0.0,19.0,0.4788732394366197,0.3148148148148148,1.0,34.0,,,,
p_302,0.13758389261744966,0.09490740740740741,0.25,0.20892368878946058,0.14411865569272977,0.37962962962962965,108.0,0.5503355704697986,0.37962962962962965,1.0,41.0,0.0,0.0,0.0,20.0,0.0,0.0,0.0,15.0,0.0,0.0,0.0,32.0,,,,
p_303,0.15822784810126583,0.11574074074074074,0.25,0.29301453352086265,0.21433470507544583,0.46296296296296297,108.0,0.0,0.0,0.0,13.0,0.0,0.0,0.0,11.0,0.0,0.0,0.0,34.0,0.6329113924050633,0.46296296296296297,1.0,50.0,,,,
p_304,0.17272727272727273,0.13194444444444445,0.25,0.36464646464646466,0.2785493827160494,0.5277777777777778,108.0,0.6909090909090909,0.5277777777777778,1.0,57.0,0.0,0.0,0.0,19.0,0.0,0.0,0.0,6.0,0.0,0.0,0.0,26.0,,,,
p_305,0.17822651448639157,0.22206506364922207,0.27946127946127947,0.20476051116964197,0.23966682382523963,0.3333333333333333,108.0,0.0,0.0,0.0,27.0,0.0,0.0,0.0,21.0,0.47761194029850745,0.31683168316831684,0.9696969696969697,33.0,0.23529411764705882,0.5714285714285714,0.14814814814814814,27.0,,,,
p_306,0.10869565217391304,0.06944444444444445,0.25,0.12077294685990338,0.0771604938271605,0.2777777777777778,108.0,0.0,0.0,0.0,31.0,0.0,0.0,0.0,28.0,0.0,0.0,0.0,19.0,0.43478260869565216,0.2777777777777778,1.0,30.0,,,,
p_307,0.15587462462462462,0.13374999999999998,0.24157523510971785,0.24651039928817706,0.20060185185185184,0.3888888888888889,108.0,0.5694444444444444,0.41,0.9318181818181818,44.0,0.0,0.0,0.0,10.0,0.0,0.0,0.0,25.0,0.05405405405405406,0.125,0.034482758620689655,29.0,,,,
p_308,0.13513513513513514,0.09259259259259259,0.25,0.20020020020020018,0.1371742112482853,0.37037037037037035,108.0,0.5405405405405406,0.37037037037037035,1.0,40.0,0.0,0.0,0.0,20.0,0.0,0.0,0.0,29.0,0.0,0.0,0.0,19.0,,,,
p_309,0.14285714285714285,0.10396039603960396,0.22826086956521738,0.24338624338624337,0.1771177117711771,0.3888888888888889,108.0,0.5714285714285714,0.4158415841584158,0.9130434782608695,46.0,0.0,0.0,0.0,6.0,0.0,0.0,0.0,21.0,0.0,0.0,0.0,35.0,,,,
p_310,0.16694473409801877,0.20833333333333331,0.2687192118226601,0.2068860309736222,0.24228395061728392,0.3425925925925926,108.0,0.17142857142857143,0.5,0.10344827586206896,29.0,0.0,0.0,0.0,30.0,0.49635036496350365,0.3333333333333333,0.9714285714285714,35.0,0.0,0.0,0.0,14.0,,,,
p_311,0.15605095541401273,0.11342592592592593,0.25,0.28320358575135646,0.20584705075445817,0.4537037037037037,108.0,0.6242038216560509,0.4537037037037037,1.0,49.0,0.0,0.0,0.0,10.0,0.0,0.0,0.0,18.0,0.0,0.0,0.0,31.0,,,,
p_312,0.1230514096185738,0.10353535353535354,0.22123015873015872,0.15992260917634055,0.13524130190796857,0.28703703703703703,108.0,0.0,0.0,0.0,23.0,0.044444444444444446,0.1111111111111111,0.027777777777777776,36.0,0.44776119402985076,0.30303030303030304,0.8571428571428571,35.0,0.0,0.0,0.0,14.0,,,,
p_313,0.1423841059602649,0.09953703703703703,0.25,0.22675987245523668,0.15852194787379972,0.39814814814814814,108.0,0.0,0.0,0.0,36.0,0.0,0.0,0.0,7.0,0.5695364238410596,0.39814814814814814,1.0,43.0,0.0,0.0,0.0,22.0,,,,
p_314,0.13513513513513514,0.09259259259259259,0.25,0.20020020020020018,0.1371742112482853,0.37037037037037035,108.0,0.0,0.0,0.0,23.0,0.5405405405405406,0.37037037037037035,1.0,40.0,0.0,0.0,0.0,29.0,0.0,0.0,0.0,16.0,,,,
p_315,0.18115501519756838,0.22058823529411764,0.27586206896551724,0.2457953394123607,0.27233115468409586,0.3888888888888889,108.0,0.17142857142857143,0.5,0.10344827586206896,29.0,0.0,0.0,0.0,3.0,0.5531914893617021,0.38235294117647056,1.0,39.0,0.0,0.0,0.0,37.0,,,,
p_316,0.13013698630136986,0.08796296296296297,0.25,0.18315575849822424,0.1237997256515775,0.35185185185185186,108.0,0.0,0.0,0.0,27.0,0.0,0.0,0.0,20.0,0.0,0.0,0.0,23.0,0.5205479452054794,0.35185185185185186,1.0,38.0,,,,
p_317,0.11151079136690648,0.07175925925925926,0.25,0.12803090860644817,0.08239026063100138,0.28703703703703703,108.0,0.4460431654676259,0.28703703703703703,1.0,31.0,0.0,0.0,0.0,23.0,0.0,0.0,0.0,29.0,0.0,0.0,0.0,25.0,,,,
p_318,0.14473684210526316,0.10185185185185185,0.25,0.23586744639376217,0.16598079561042522,0.4074074074074074,108.0,0.5789473684210527,0.4074074074074074,1.0,44.0,0.0,0.0,0.0,17.0,0.0,0.0,0.0,23.0,0.0,0.0,0.0,24.0,,,,
p_319,0.14245718050065875,0.16625,0.24629934210526316,0.1760845166642268,0.21787037037037038,0.2962962962962963,108.0,0.13043478260869565,0.375,0.07894736842105263,38.0,0.0,0.0,0.0,17.0,0.0,0.0,0.0,21.0,0.4393939393939394,0.29,0.90625,32.0,,,,
p_320,0.16772151898734178,0.1261904761904762,0.25,0.3292311298640413,0.24770723104056439,0.49074074074074076,108.0,0.6708860759493671,0.5047619047619047,1.0,53.0,0.0,0.0,0.0,8.0,0.0,0.0,0.0,20.0,0.0,0.0,0.0,27.0,,,,
p_321,0.1749084249084249,0.2,0.25019607843137254,0.3131868131868132,0.2975308641975309,0.46296296296296297,108.0,0.07142857142857142,0.3333333333333333,0.04,25.0,0.0,0.0,0.0,12.0,0.0,0.0,0.0,20.0,0.6282051282051282,0.4666666666666667,0.9607843137254902,51.0,,,,
p_322,0.1804733727810651,0.1412037037037037,0.25,0.40773613850536927,0.3190157750342935,0.5648148148148148,108.0,0.7218934911242604,0.5648148148148148,1.0,61.0,0.0,0.0,0.0,7.0,0.0,0.0,0.0,16.0,0.0,0.0,0.0,24.0,,,,
p_323,0.16015100671140942,0.14462517680339462,0.23674242424242423,0.2777684563758389,0.23727015558698727,0.4166666666666667,108.0,0.5906040268456376,0.43564356435643564,0.9166666666666666,48.0,0.0,0.0,0.0,11.0,0.0,0.0,0.0,16.0,0.05,0.14285714285714285,0.030303030303030304,33.0,,,,
p_324,0.1284162281446274,0.13942307692307693,0.24883449883449885,0.15953714706048774,0.18429487179487178,0.3055555555555556,108.0,0.046511627906976744,0.25,0.02564102564102564,39.0,0.0,0.0,0.0,12.0,0.46715328467153283,0.3076923076923077,0.9696969696969697,33.0,0.0,0.0,0.0,24.0,,,,
p_325,0.1326530612244898,0.09027777777777778,0.25,0.19160997732426305,0.13040123456790123,0.3611111111111111,108.0,0.5306122448979592,0.3611111111111111,1.0,39.0,0.0,0.0,0.0,15.0,0.0,0.0,0.0,37.0,0.0,0.0,0.0,17.0,,,,
p_326,0.1326530612244898,0.09027777777777778,0.25,0.19160997732426305,0.13040123456790123,0.3611111111111111,108.0,0.0,0.0,0.0,41.0,0.0,0.0,0.0,10.0,0.5306122448979592,0.3611111111111111,1.0,39.0,0.0,0.0,0.0,18.0,,,,
p_327,0.17272727272727273,0.13194444444444445,0.25,0.36464646464646466,0.2785493827160494,0.5277777777777778,108.0,0.0,0.0,0.0,25.0,0.0,0.0,0.0,11.0,0.6909090909090909,0.5277777777777778,1.0,57.0,0.0,0.0,0.0,15.0,,,,
p_328,0.1687116564417178,0.12731481481481483,0.25,0.34367189275164733,0.25934499314128945,0.5092592592592593,108.0,0.6748466257668712,0.5092592592592593,1.0,55.0,0.0,0.0,0.0,9.0,0.0,0.0,0.0,32.0,0.0,0.0,0.0,12.0,,,,
p_329,0.12758620689655173,0.08564814814814815,0.25,0.1748403575989783,0.11736968449931415,0.3425925925925926,108.0,0.5103448275862069,0.3425925925925926,1.0,37.0,0.0,0.0,0.0,21.0,0.0,0.0,0.0,35.0,0.0,0.0,0.0,15.0,,,,
p_330,0.17132867132867133,0.3404761904761905,0.2708333333333333,0.23828023828023828,0.4606701940035273,0.37962962962962965,108.0,0.15384615384615385,1.0,0.08333333333333333,36.0,0.0,0.0,0.0,17.0,0.5314685314685315,0.3619047619047619,1.0,38.0,0.0,0.0,0.0,17.0,,,,
p_331,0.11200000000000002,0.07777777777777778,0.2,0.21777777777777782,0.15123456790123455,0.3888888888888889,108.0,0.56,0.3888888888888889,1.0,42.0,0.0,0.0,0.0,17.0,0.0,0.0,0.0,20.0,0.0,0.0,0.0,28.0,0.0,0.0,0.0,1.0
p_332,0.1332579185520362,0.13826025459688826,0.2512771392081737,0.1409502262443439,0.14321074964639322,0.26851851851851855,108.0,0.0,0.0,0.0,23.0,0.11764705882352941,0.2857142857142857,0.07407407407407407,27.0,0.4153846153846154,0.26732673267326734,0.9310344827586207,29.0,0.0,0.0,0.0,29.0,,,,
p_333,0.20901155933003066,0.2050919377652051,0.26607142857142857,0.38412274033882904,0.3301377756823301,0.5185185185185185,108.0,0.6878980891719745,0.5346534653465347,0.9642857142857143,56.0,0.0,0.0,0.0,13.0,0.14814814814814814,0.2857142857142857,0.1,20.0,0.0,0.0,0.0,19.0,,,,
p_334,0.1326530612244898,0.09027777777777778,0.25,0.19160997732426305,0.13040123456790123,0.3611111111111111,108.0,0.0,0.0,0.0,22.0,0.0,0.0,0.0,14.0,0.0,0.0,0.0,33.0,0.5306122448979592,0.3611111111111111,1.0,39.0,,,,
p_335,0.16666666666666666,0.125,0.25,0.3333333333333333,0.25,0.5,108.0,0.6666666666666666,0.5,1.0,54.0,0.0,0.0,0.0,15.0,0.0,0.0,0.0,22.0,0.0,0.0,0.0,17.0,,,,
p_336,0.1488095238095238,0.1272984441301273,0.24804905239687847,0.2050705467372134,0.1627115092461627,0.35185185185185186,108.0,0.0,0.0,0.0,17.0,0.06666666666666667,0.14285714285714285,0.043478260869565216,23.0,0.5285714285714286,0.36633663366336633,0.9487179487179487,39.0,0.0,0.0,0.0,29.0,,,,
p_337,0.12714987714987713,0.10997171145685997,0.2502688172043011,0.14548639548639547,0.12494106553512492,0.28703703703703703,108.0,0.45454545454545453,0.297029702970297,0.967741935483871,31.0,0.05405405405405406,0.14285714285714285,0.03333333333333333,30.0,0.0,0.0,0.0,20.0,0.0,0.0,0.0,27.0,,,,
p_338,0.1423841059602649,0.09953703703703703,0.25,0.22675987245523668,0.15852194787379972,0.39814814814814814,108.0,0.0,0.0,0.0,32.0,0.0,0.0,0.0,9.0,0.5695364238410596,0.39814814814814814,1.0,43.0,0.0,0.0,0.0,24.0,,,,
p_339,0.14705882352941177,0.10416666666666667,0.25,0.2450980392156863,0.1736111111111111,0.4166666666666667,108.0,0.5882352941176471,0.4166666666666667,1.0,45.0,0.0,0.0,0.0,20.0,0.0,0.0,0.0,34.0,0.0,0.0,0.0,9.0,,,,
p_340,0.14,0.09722222222222222,0.25,0.21777777777777782,0.15123456790123455,0.3888888888888889,108.0,0.56,0.3888888888888889,1.0,42.0,0.0,0.0,0.0,15.0,0.0,0.0,0.0,32.0,0.0,0.0,0.0,19.0,,,,
p_341,0.1568627450980392,0.1188118811881188,0.23076923076923078,0.3021060275962237,0.22882288228822883,0.4444444444444444,108.0,0.6274509803921569,0.4752475247524752,0.9230769230769231,52.0,0.0,0.0,0.0,12.0,0.0,0.0,0.0,26.0,0.0,0.0,0.0,18.0,,,,
p_342,0.176759410801964,0.19125,0.26199842643587723,0.25416742438019035,0.25569444444444445,0.3888888888888889,108.0,0.5531914893617021,0.39,0.9512195121951219,41.0,0.0,0.0,0.0,16.0,0.15384615384615385,0.375,0.0967741935483871,31.0,0.0,0.0,0.0,20.0,,,,
p_343,0.14705882352941177,0.10416666666666667,0.25,0.2450980392156863,0.1736111111111111,0.4166666666666667,108.0,0.5882352941176471,0.4166666666666667,1.0,45.0,0.0,0.0,0.0,25.0,0.0,0.0,0.0,20.0,0.0,0.0,0.0,18.0,,,,
p_344,0.17685314685314685,0.2111032531824611,0.26744186046511625,0.2762160062160062,0.33235109225208237,0.4166666666666667,108.0,0.12,0.42857142857142855,0.06976744186046512,43.0,0.0,0.0,0.0,8.0,0.5874125874125874,0.4158415841584158,1.0,42.0,0.0,0.0,0.0,15.0,,,,
p_345,0.16605783866057838,0.18627450980392157,0.2514568764568765,0.2664975477760866,0.28812636165577343,0.4074074074074074,108.0,0.08888888888888889,0.3333333333333333,0.05128205128205128,39.0,0.0,0.0,0.0,17.0,0.5753424657534246,0.4117647058823529,0.9545454545454546,44.0,0.0,0.0,0.0,8.0,,,,
p_346,0.1687116564417178,0.12731481481481483,0.25,0.34367189275164733,0.25934499314128945,0.5092592592592593,108.0,0.6748466257668712,0.5092592592592593,1.0,55.0,0.0,0.0,0.0,17.0,0.0,0.0,0.0,21.0,0.0,0.0,0.0,15.0,,,,
p_347,0.17644431209053008,0.2111032531824611,0.25256410256410255,0.2868274766726226,0.328029231494578,0.4166666666666667,108.0,0.13043478260869565,0.42857142857142855,0.07692307692307693,39.0,0.0,0.0,0.0,13.0,0.5753424657534246,0.4158415841584158,0.9333333333333333,45.0,0.0,0.0,0.0,11.0,,,,
p_348,0.14473684210526316,0.10185185185185185,0.25,0.23586744639376217,0.16598079561042522,0.4074074074074074,108.0,0.5789473684210527,0.4074074074074074,1.0,44.0,0.0,0.0,0.0,13.0,0.0,0.0,0.0,24.0,0.0,0.0,0.0,27.0,,,,
p_349,0.15822784810126583,0.11574074074074074,0.25,0.29301453352086265,0.21433470507544583,0.46296296296296297,108.0,0.6329113924050633,0.46296296296296297,1.0,50.0,0.0,0.0,0.0,17.0,0.0,0.0,0.0,31.0,0.0,0.0,0.0,10.0,,,,
p_350,0.13028169014084506,0.09158415841584158,0.22560975609756098,0.19783515910276475,0.13907224055738907,0.3425925925925926,108.0,0.5211267605633803,0.36633663366336633,0.9024390243902439,41.0,0.0,0.0,0.0,24.0,0.0,0.0,0.0,21.0,0.0,0.0,0.0,22.0,,,,
p_351,0.1326530612244898,0.09027777777777778,0.25,0.19160997732426305,0.13040123456790123,0.3611111111111111,108.0,0.5306122448979592,0.3611111111111111,1.0,39.0,0.0,0.0,0.0,24.0,0.0,0.0,0.0,33.0,0.0,0.0,0.0,12.0,,,,
p_352,0.1423841059602649,0.09953703703703703,0.25,0.22675987245523668,0.15852194787379972,0.39814814814814814,108.0,0.5695364238410596,0.39814814814814814,1.0,43.0,0.0,0.0,0.0,15.0,0.0,0.0,0.0,36.0,0.0,0.0,0.0,14.0,,,,
p_353,0.14935064935064934,0.10648148148148148,0.25,0.2544492544492544,0.18141289437585734,0.42592592592592593,108.0,0.0,0.0,0.0,18.0,0.0,0.0,0.0,12.0,0.5974025974025974,0.42592592592592593,1.0,46.0,0.0,0.0,0.0,32.0,,,,
p_354,0.15161290322580645,0.1087962962962963,0.25,0.26391875746714455,0.18938614540466392,0.4351851851851852,108.0,0.6064516129032258,0.4351851851851852,1.0,47.0,0.0,0.0,0.0,15.0,0.0,0.0,0.0,29.0,0.0,0.0,0.0,17.0,,,,
p_355,0.14473684210526316,0.10185185185185185,0.25,0.23586744639376217,0.16598079561042522,0.4074074074074074,108.0,0.0,0.0,0.0,31.0,0.0,0.0,0.0,19.0,0.0,0.0,0.0,14.0,0.5789473684210527,0.4074074074074074,1.0,44.0,,,,
p_356,0.14,0.09722222222222222,0.25,0.21777777777777782,0.15123456790123455,0.3888888888888889,108.0,0.0,0.0,0.0,42.0,0.0,0.0,0.0,14.0,0.56,0.3888888888888889,1.0,42.0,0.0,0.0,0.0,10.0,,,,
p_357,0.17073170731707318,0.12962962962962962,0.25,0.3541102077687444,0.2688614540466392,0.5185185185185185,108.0,0.6829268292682927,0.5185185185185185,1.0,56.0,0.0,0.0,0.0,19.0,0.0,0.0,0.0,10.0,0.0,0.0,0.0,23.0,,,,
p_358,0.15161290322580645,0.1087962962962963,0.25,0.26391875746714455,0.18938614540466392,0.4351851851851852,108.0,0.6064516129032258,0.4351851851851852,1.0,47.0,0.0,0.0,0.0,15.0,0.0,0.0,0.0,18.0,0.0,0.0,0.0,28.0,,,,
p_359,0.1776500638569604,0.1913012729844413,0.28409090909090906,0.20071898207274963,0.1932788516946933,0.3425925925925926,108.0,0.0,0.0,0.0,34.0,0.0,0.0,0.0,18.0,0.20689655172413793,0.42857142857142855,0.13636363636363635,22.0,0.5037037037037037,0.33663366336633666,1.0,34.0,,,,
p_360,0.13851351351351351,0.09761904761904762,0.23837209302325582,0.22059559559559558,0.1554673721340388,0.37962962962962965,108.0,0.0,0.0,0.0,24.0,0.5540540540540541,0.3904761904761905,0.9534883720930233,43.0,0.0,0.0,0.0,30.0,0.0,0.0,0.0,11.0,,,,
p_361,0.09523809523809523,0.06060606060606061,0.2222222222222222,0.09523809523809523,0.06060606060606061,0.2222222222222222,108.0,0.38095238095238093,0.24242424242424243,0.8888888888888888,27.0,0.0,0.0,0.0,30.0,0.0,0.0,0.0,32.0,0.0,0.0,0.0,19.0,,,,
p_362,0.14,0.09722222222222222,0.25,0.21777777777777782,0.15123456790123455,0.3888888888888889,108.0,0.0,0.0,0.0,23.0,0.56,0.3888888888888889,1.0,42.0,0.0,0.0,0.0,21.0,0.0,0.0,0.0,22.0,,,,
p_363,0.15822784810126583,0.11574074074074074,0.25,0.29301453352086265,0.21433470507544583,0.46296296296296297,108.0,0.0,0.0,0.0,27.0,0.0,0.0,0.0,20.0,0.6329113924050633,0.46296296296296297,1.0,50.0,0.0,0.0,0.0,11.0,,,,
p_364,0.16129032258064516,0.1201923076923077,0.24509803921568626,0.30465949820788524,0.22702991452991453,0.46296296296296297,108.0,0.0,0.0,0.0,24.0,0.6451612903225806,0.4807692307692308,0.9803921568627451,51.0,0.0,0.0,0.0,22.0,0.0,0.0,0.0,11.0,,,,
p_365,0.16666666666666666,0.125,0.25,0.3333333333333333,0.25,0.5,108.0,0.0,0.0,0.0,17.0,0.0,0.0,0.0,25.0,0.6666666666666666,0.5,1.0,54.0,0.0,0.0,0.0,12.0,,,,
p_366,0.15822784810126583,0.11574074074074074,0.25,0.29301453352086265,0.21433470507544583,0.46296296296296297,108.0,0.0,0.0,0.0,35.0,0.6329113924050633,0.46296296296296297,1.0,50.0,0.0,0.0,0.0,15.0,0.0,0.0,0.0,8.0,,,,
p_367,0.2320402298850575,0.28253182461103254,0.3010042283298097,0.3024957428693061,0.31106920215831113,0.4351851851851852,108.0,0.3448275862068966,0.7142857142857143,0.22727272727272727,22.0,0.0,0.0,0.0,14.0,0.5833333333333334,0.4158415841584158,0.9767441860465116,43.0,0.0,0.0,0.0,29.0,,,,
p_368,0.17664670658682635,0.13657407407407407,0.25,0.3860057662452872,0.29843964334705075,0.5462962962962963,108.0,0.0,0.0,0.0,29.0,0.7065868263473054,0.5462962962962963,1.0,59.0,0.0,0.0,0.0,17.0,0.0,0.0,0.0,3.0,,,,
p_369,0.11428571428571428,0.07407407407407407,0.25,0.13544973544973546,0.0877914951989026,0.2962962962962963,108.0,0.0,0.0,0.0,23.0,0.0,0.0,0.0,19.0,0.45714285714285713,0.2962962962962963,1.0,32.0,0.0,0.0,0.0,34.0,,,,
p_370,0.1423841059602649,0.09953703703703703,0.25,0.22675987245523668,0.15852194787379972,0.39814814814814814,108.0,0.0,0.0,0.0,24.0,0.0,0.0,0.0,14.0,0.5695364238410596,0.39814814814814814,1.0,43.0,0.0,0.0,0.0,27.0,,,,
p_371,0.228110599078341,0.2965686274509804,0.28448275862068967,0.396979006656426,0.4340050835148875,0.5277777777777778,108.0,0.6838709677419355,0.5196078431372549,1.0,53.0,0.0,0.0,0.0,20.0,0.22857142857142856,0.6666666666666666,0.13793103448275862,29.0,0.0,0.0,0.0,6.0,,,,
p_372,0.11971830985915492,0.0787037037037037,0.25,0.1507563901930099,0.09910836762688614,0.3148148148148148,108.0,0.0,0.0,0.0,34.0,0.0,0.0,0.0,15.0,0.4788732394366197,0.3148148148148148,1.0,34.0,0.0,0.0,0.0,25.0,,,,
p_373,0.125,0.08333333333333333,0.25,0.16666666666666666,0.1111111111111111,0.3333333333333333,108.0,0.5,0.3333333333333333,1.0,36.0,0.0,0.0,0.0,8.0,0.0,0.0,0.0,54.0,0.0,0.0,0.0,10.0,,,,
p_374,0.07761194029850746,0.04814814814814815,0.2,0.09342177998894417,0.057956104252400546,0.24074074074074073,108.0,0.3880597014925373,0.24074074074074073,1.0,26.0,0.0,0.0,0.0,22.0,0.0,0.0,0.0,30.0,0.0,0.0,0.0,29.0,0.0,0.0,0.0,1.0
p_375,0.16037735849056603,0.11805555555555555,0.25,0.30293501048218024,0.22299382716049382,0.4722222222222222,108.0,0.6415094339622641,0.4722222222222222,1.0,51.0,0.0,0.0,0.0,17.0,0.0,0.0,0.0,30.0,0.0,0.0,0.0,10.0,,,,
p_376,0.11971830985915492,0.0787037037037037,0.25,0.1507563901930099,0.09910836762688614,0.3148148148148148,108.0,0.0,0.0,0.0,20.0,0.4788732394366197,0.3148148148148148,1.0,34.0,0.0,0.0,0.0,29.0,0.0,0.0,0.0,25.0,,,,
p_377,0.13844282238442823,0.18557284299858556,0.21951219512195125,0.23845408669009643,0.3357430981193357,0.37037037037037035,108.0,0.5255474452554745,0.3564356435643564,1.0,36.0,0.0,0.0,0.0,24.0,0.16666666666666666,0.5714285714285714,0.0975609756097561,41.0,0.0,0.0,0.0,6.0,0.0,0.0,0.0,1.0
p_378,0.156980056980057,0.17375000000000002,0.25276497695852534,0.19779466075762372,0.2113425925925926,0.32407407407407407,108.0,0.0,0.0,0.0,18.0,0.4740740740740741,0.32,0.9142857142857143,35.0,0.15384615384615385,0.375,0.0967741935483871,31.0,0.0,0.0,0.0,24.0,,,,
p_379,0.12189922480620155,0.11868686868686869,0.22446236559139787,0.13636950904392767,0.1339319117096895,0.25,108.0,0.1,0.2222222222222222,0.06451612903225806,31.0,0.0,0.0,0.0,26.0,0.3875968992248062,0.25252525252525254,0.8333333333333334,30.0,0.0,0.0,0.0,21.0,,,,
p_380,0.12,0.0958981612446959,0.20967032967032967,0.17407407407407408,0.1262900099533763,0.32407407407407407,108.0,0.5,0.33663366336633666,0.9714285714285714,35.0,0.1,0.14285714285714285,0.07692307692307693,13.0,0.0,0.0,0.0,35.0,0.0,0.0,0.0,24.0,0.0,0.0,0.0,1.0
p_381,0.14473684210526316,0.10185185185185185,0.25,0.23586744639376217,0.16598079561042522,0.4074074074074074,108.0,0.0,0.0,0.0,22.0,0.0,0.0,0.0,26.0,0.5789473684210527,0.4074074074074074,1.0,44.0,0.0,0.0,0.0,16.0,,,,
p_382,0.16561692506459946,0.17291371994342292,0.2522609819121447,0.2577310029667911,0.2568625910210069,0.39814814814814814,108.0,0.0,0.0,0.0,26.0,0.09302325581395349,0.2857142857142857,0.05555555555555555,36.0,0.5694444444444444,0.40594059405940597,0.9534883720930233,43.0,0.0,0.0,0.0,3.0,,,,
p_383,0.1687116564417178,0.12731481481481483,0.25,0.34367189275164733,0.25934499314128945,0.5092592592592593,108.0,0.0,0.0,0.0,22.0,0.0,0.0,0.0,19.0,0.6748466257668712,0.5092592592592593,1.0,55.0,0.0,0.0,0.0,12.0,,,,
p_384,0.17272727272727273,0.13194444444444445,0.25,0.36464646464646466,0.2785493827160494,0.5277777777777778,108.0,0.0,0.0,0.0,12.0,0.0,0.0,0.0,31.0,0.6909090909090909,0.5277777777777778,1.0,57.0,0.0,0.0,0.0,8.0,,,,
p_385,0.16037735849056603,0.11805555555555555,0.25,0.30293501048218024,0.22299382716049382,0.4722222222222222,108.0,0.6415094339622641,0.4722222222222222,1.0,51.0,0.0,0.0,0.0,11.0,0.0,0.0,0.0,39.0,0.0,0.0,0.0,7.0,,,,
p_386,0.12658227848101267,0.09259259259259259,0.2,0.29301453352086265,0.21433470507544583,0.46296296296296297,108.0,0.0,0.0,0.0,10.0,0.0,0.0,0.0,21.0,0.6329113924050633,0.46296296296296297,1.0,50.0,0.0,0.0,0.0,26.0,0.0,0.0,0.0,1.0
p_387,0.16459627329192547,0.12268518518518519,0.25,0.3230963883137796,0.24082647462277093,0.49074074074074076,108.0,0.6583850931677019,0.49074074074074076,1.0,53.0,0.0,0.0,0.0,23.0,0.0,0.0,0.0,26.0,0.0,0.0,0.0,6.0,,,,
p_388,0.19446116797110174,0.2738095238095238,0.27088100686498856,0.2858496666443686,0.2998236331569665,0.4351851851851852,108.0,0.18181818181818182,0.6666666666666666,0.10526315789473684,19.0,0.0,0.0,0.0,19.0,0.5960264900662252,0.42857142857142855,0.9782608695652174,46.0,0.0,0.0,0.0,24.0,,,,
p_389,0.16666666666666666,0.125,0.25,0.3333333333333333,0.25,0.5,108.0,0.6666666666666666,0.5,1.0,54.0,0.0,0.0,0.0,13.0,0.0,0.0,0.0,37.0,0.0,0.0,0.0,4.0,,,,
p_390,0.17664670658682635,0.13657407407407407,0.25,0.3860057662452872,0.29843964334705075,0.5462962962962963,108.0,0.0,0.0,0.0,13.0,0.0,0.0,0.0,20.0,0.7065868263473054,0.5462962962962963,1.0,59.0,0.0,0.0,0.0,16.0,,,,
p_391,0.1746987951807229,0.13425925925925927,0.25,0.37527889335118253,0.28840877914951996,0.5370370370370371,108.0,0.0,0.0,0.0,31.0,0.0,0.0,0.0,15.0,0.6987951807228916,0.5370370370370371,1.0,58.0,0.0,0.0,0.0,4.0,,,,
p_392,0.1625,0.12037037037037036,0.25,0.312962962962963,0.23182441700960219,0.48148148148148145,108.0,0.0,0.0,0.0,19.0,0.0,0.0,0.0,8.0,0.65,0.48148148148148145,1.0,52.0,0.0,0.0,0.0,29.0,,,,
p_393,0.16912271037047238,0.215,0.26546546546546546,0.24294174356149292,0.33166666666666667,0.37037037037037035,108.0,0.0,0.0,0.0,23.0,0.5255474452554745,0.36,0.972972972972973,37.0,0.1509433962264151,0.5,0.08888888888888889,45.0,0.0,0.0,0.0,3.0,,,,
p_394,0.16265590608950845,0.16499999999999998,0.2405982905982906,0.2663650444281406,0.2611111111111111,0.39814814814814814,108.0,0.0851063829787234,0.25,0.05128205128205128,39.0,0.0,0.0,0.0,21.0,0.5655172413793104,0.41,0.9111111111111111,45.0,0.0,0.0,0.0,3.0,,,,
p_395,0.1687116564417178,0.12731481481481483,0.25,0.34367189275164733,0.25934499314128945,0.5092592592592593,108.0,0.0,0.0,0.0,12.0,0.0,0.0,0.0,39.0,0.6748466257668712,0.5092592592592593,1.0,55.0,0.0,0.0,0.0,2.0,,,,
p_396,0.19142857142857142,0.1550925925925926,0.25,0.475026455026455,0.3848593964334705,0.6203703703703703,108.0,0.0,0.0,0.0,15.0,0.0,0.0,0.0,16.0,0.7657142857142857,0.6203703703703703,1.0,67.0,0.0,0.0,0.0,10.0,,,,
p_397,0.1625,0.12037037037037036,0.25,0.312962962962963,0.23182441700960219,0.48148148148148145,108.0,0.0,0.0,0.0,13.0,0.0,0.0,0.0,35.0,0.65,0.48148148148148145,1.0,52.0,0.0,0.0,0.0,8.0,,,,
p_398,0.12408293460925039,0.11519756838905774,0.19290085679314567,0.22316734597436352,0.21258302375323648,0.3425925925925926,108.0,0.0,0.0,0.0,13.0,0.5151515151515151,0.3617021276595745,0.8947368421052632,38.0,0.10526315789473684,0.21428571428571427,0.06976744186046512,43.0,0.0,0.0,0.0,13.0,0.0,0.0,0.0,1.0
p_399,0.14935064935064934,0.10648148148148148,0.25,0.2544492544492544,0.18141289437585734,0.42592592592592593,108.0,0.0,0.0,0.0,32.0,0.0,0.0,0.0,25.0,0.5974025974025974,0.42592592592592593,1.0,46.0,0.0,0.0,0.0,5.0,,,,
p_400,0.14,0.09722222222222222,0.25,0.21777777777777782,0.15123456790123455,0.3888888888888889,108.0,0.56,0.3888888888888889,1.0,42.0,0.0,0.0,0.0,15.0,0.0,0.0,0.0,36.0,0.0,0.0,0.0,15.0,,,,
p_401,0.18668831168831168,0.26262626262626265,0.3,0.21025733525733528,0.3202394313505425,0.3148148148148148,108.0,0.0,0.0,0.0,24.0,0.42857142857142855,0.2727272727272727,1.0,27.0,0.3181818181818182,0.7777777777777778,0.2,35.0,0.0,0.0,0.0,22.0,,,,
p_402,0.12237762237762238,0.08101851851851852,0.25,0.15863765863765864,0.10502400548696844,0.32407407407407407,108.0,0.0,0.0,0.0,44.0,0.0,0.0,0.0,15.0,0.48951048951048953,0.32407407407407407,1.0,35.0,0.0,0.0,0.0,14.0,,,,
p_403,0.11702127659574468,0.0763888888888889,0.25,0.1430260047281324,0.09336419753086421,0.3055555555555556,108.0,0.0,0.0,0.0,21.0,0.0,0.0,0.0,37.0,0.46808510638297873,0.3055555555555556,1.0,33.0,0.0,0.0,0.0,17.0,,,,
p_404,0.12237762237762238,0.08101851851851852,0.25,0.15863765863765864,0.10502400548696844,0.32407407407407407,108.0,0.0,0.0,0.0,25.0,0.48951048951048953,0.32407407407407407,1.0,35.0,0.0,0.0,0.0,36.0,0.0,0.0,0.0,12.0,,,,
p_405,0.14473684210526316,0.10185185185185185,0.25,0.23586744639376217,0.16598079561042522,0.4074074074074074,108.0,0.0,0.0,0.0,15.0,0.5789473684210527,0.4074074074074074,1.0,44.0,0.0,0.0,0.0,35.0,0.0,0.0,0.0,14.0,,,,
p_406,0.16459627329192547,0.12268518518518519,0.25,0.3230963883137796,0.24082647462277093,0.49074074074074076,108.0,0.0,0.0,0.0,30.0,0.0,0.0,0.0,19.0,0.6583850931677019,0.49074074074074076,1.0,53.0,0.0,0.0,0.0,6.0,,,,
p_407,0.19567627494456763,0.2450980392156863,0.2570054945054945,0.353822780652049,0.39333696441539584,0.48148148148148145,108.0,0.0,0.0,0.0,17.0,0.6363636363636364,0.4803921568627451,0.9423076923076923,52.0,0.14634146341463414,0.5,0.08571428571428572,35.0,0.0,0.0,0.0,4.0,,,,
p_408,0.1746987951807229,0.13425925925925927,0.25,0.37527889335118253,0.28840877914951996,0.5370370370370371,108.0,0.0,0.0,0.0,25.0,0.0,0.0,0.0,18.0,0.6987951807228916,0.5370370370370371,1.0,58.0,0.0,0.0,0.0,7.0,,,,
p_409,0.12758620689655173,0.08564814814814815,0.25,0.1748403575989783,0.11736968449931415,0.3425925925925926,108.0,0.0,0.0,0.0,28.0,0.0,0.0,0.0,31.0,0.5103448275862069,0.3425925925925926,1.0,37.0,0.0,0.0,0.0,12.0,,,,
p_410,0.14189189189189189,0.10396039603960396,0.22340425531914893,0.24699699699699698,0.18096809680968096,0.3888888888888889,108.0,0.0,0.0,0.0,35.0,0.0,0.0,0.0,20.0,0.5675675675675675,0.4158415841584158,0.8936170212765957,47.0,0.0,0.0,0.0,6.0,,,,
p_411,0.1797027290448343,0.16176470588235295,0.2569047619047619,0.31289257093350664,0.25481118373275236,0.46296296296296297,108.0,0.0,0.0,0.0,14.0,0.0,0.0,0.0,23.0,0.6447368421052632,0.4803921568627451,0.98,50.0,0.07407407407407407,0.16666666666666666,0.047619047619047616,21.0,,,,
p_412,0.14935064935064934,0.10648148148148148,0.25,0.2544492544492544,0.18141289437585734,0.42592592592592593,108.0,0.0,0.0,0.0,36.0,0.5974025974025974,0.42592592592592593,1.0,46.0,0.0,0.0,0.0,19.0,0.0,0.0,0.0,7.0,,,,
p_413,0.125,0.08333333333333333,0.25,0.16666666666666666,0.1111111111111111,0.3333333333333333,108.0,0.5,0.3333333333333333,1.0,36.0,0.0,0.0,0.0,28.0,0.0,0.0,0.0,37.0,0.0,0.0,0.0,7.0,,,,
p_414,0.1423841059602649,0.09953703703703703,0.25,0.22675987245523668,0.15852194787379972,0.39814814814814814,108.0,0.0,0.0,0.0,27.0,0.5695364238410596,0.39814814814814814,1.0,43.0,0.0,0.0,0.0,22.0,0.0,0.0,0.0,16.0,,,,
p_415,0.13013698630136986,0.08796296296296297,0.25,0.18315575849822424,0.1237997256515775,0.35185185185185186,108.0,0.0,0.0,0.0,38.0,0.5205479452054794,0.35185185185185186,1.0,38.0,0.0,0.0,0.0,22.0,0.0,0.0,0.0,10.0,,,,
p_416,0.13513513513513514,0.09259259259259259,0.25,0.20020020020020018,0.1371742112482853,0.37037037037037035,108.0,0.0,0.0,0.0,21.0,0.5405405405405406,0.37037037037037035,1.0,40.0,0.0,0.0,0.0,27.0,0.0,0.0,0.0,20.0,,,,
p_417,0.1740628166160081,0.21568627450980393,0.2630415561450044,0.23555105257232917,0.2652505446623094,0.37037037037037035,108.0,0.0,0.0,0.0,33.0,0.17142857142857143,0.5,0.10344827586206896,29.0,0.524822695035461,0.3627450980392157,0.9487179487179487,39.0,0.0,0.0,0.0,7.0,,,,
p_418,0.196820420958352,0.2451923076923077,0.27,0.3325537808296429,0.33831908831908836,0.48148148148148145,108.0,0.0,0.0,0.0,19.0,0.13793103448275862,0.5,0.08,25.0,0.6493506493506493,0.4807692307692308,1.0,50.0,0.0,0.0,0.0,14.0,,,,
p_419,0.20367132867132867,0.28253182461103254,0.28378378378378377,0.3063001813001813,0.40642516632615644,0.4351851851851852,108.0,0.22727272727272727,0.7142857142857143,0.13513513513513514,37.0,0.0,0.0,0.0,17.0,0.5874125874125874,0.4158415841584158,1.0,42.0,0.0,0.0,0.0,12.0,,,,
p_420,0.13758389261744966,0.09490740740740741,0.25,0.20892368878946058,0.14411865569272977,0.37962962962962965,108.0,0.5503355704697986,0.37962962962962965,1.0,41.0,0.0,0.0,0.0,24.0,0.0,0.0,0.0,31.0,0.0,0.0,0.0,12.0,,,,
p_421,0.1423841059602649,0.09953703703703703,0.25,0.22675987245523668,0.15852194787379972,0.39814814814814814,108.0,0.5695364238410596,0.39814814814814814,1.0,43.0,0.0,0.0,0.0,23.0,0.0,0.0,0.0,33.0,0.0,0.0,0.0,9.0,,,,
p_422,0.14705882352941177,0.10416666666666667,0.25,0.2450980392156863,0.1736111111111111,0.4166666666666667,108.0,0.0,0.0,0.0,33.0,0.0,0.0,0.0,24.0,0.5882352941176471,0.4166666666666667,1.0,45.0,0.0,0.0,0.0,6.0,,,,
p_423,0.11764705882352941,0.08333333333333334,0.2,0.2450980392156863,0.1736111111111111,0.4166666666666667,108.0,0.0,0.0,0.0,33.0,0.0,0.0,0.0,19.0,0.5882352941176471,0.4166666666666667,1.0,45.0,0.0,0.0,0.0,10.0,0.0,0.0,0.0,1.0
p_424,0.15822784810126583,0.11574074074074074,0.25,0.29301453352086265,0.21433470507544583,0.46296296296296297,108.0,0.0,0.0,0.0,32.0,0.0,0.0,0.0,11.0,0.6329113924050633,0.46296296296296297,1.0,50.0,0.0,0.0,0.0,15.0,,,,
p_425,0.14935064935064934,0.10648148148148148,0.25,0.2544492544492544,0.18141289437585734,0.42592592592592593,108.0,0.5974025974025974,0.42592592592592593,1.0,46.0,0.0,0.0,0.0,13.0,0.0,0.0,0.0,35.0,0.0,0.0,0.0,14.0,,,,
p_426,0.14935064935064934,0.10648148148148148,0.25,0.2544492544492544,0.18141289437585734,0.42592592592592593,108.0,0.5974025974025974,0.42592592592592593,1.0,46.0,0.0,0.0,0.0,10.0,0.0,0.0,0.0,37.0,0.0,0.0,0.0,15.0,,,,
p_427,0.15605095541401273,0.11342592592592593,0.25,0.28320358575135646,0.20584705075445817,0.4537037037037037,108.0,0.6242038216560509,0.4537037037037037,1.0,49.0,0.0,0.0,0.0,16.0,0.0,0.0,0.0,34.0,0.0,0.0,0.0,9.0,,,,
p_428,0.13856490872210953,0.1173974540311174,0.24707792207792206,0.17131977311997595,0.13498611765938498,0.3148148148148148,108.0,0.0,0.0,0.0,23.0,0.06896551724137931,0.14285714285714285,0.045454545454545456,22.0,0.4852941176470588,0.32673267326732675,0.9428571428571428,35.0,0.0,0.0,0.0,28.0,,,,
p_429,0.14244310863031345,0.12234794908062234,0.2523148148148148,0.1850221840561042,0.1512258368694012,0.3333333333333333,108.0,0.0,0.0,0.0,33.0,0.5109489051094891,0.3465346534653465,0.9722222222222222,36.0,0.058823529411764705,0.14285714285714285,0.037037037037037035,27.0,0.0,0.0,0.0,12.0,,,,
p_430,0.15161290322580645,0.1087962962962963,0.25,0.26391875746714455,0.18938614540466392,0.4351851851851852,108.0,0.0,0.0,0.0,15.0,0.6064516129032258,0.4351851851851852,1.0,47.0,0.0,0.0,0.0,20.0,0.0,0.0,0.0,26.0,,,,
p_431,0.14,0.09722222222222222,0.25,0.21777777777777782,0.15123456790123455,0.3888888888888889,108.0,0.56,0.3888888888888889,1.0,42.0,0.0,0.0,0.0,27.0,0.0,0.0,0.0,29.0,0.0,0.0,0.0,10.0,,,,
p_432,0.21043478260869564,0.23196605374823195,0.2987987987987988,0.23207729468599037,0.21735030645921735,0.37037037037037035,108.0,0.32,0.5714285714285714,0.2222222222222222,18.0,0.5217391304347826,0.3564356435643564,0.972972972972973,37.0,0.0,0.0,0.0,28.0,0.0,0.0,0.0,25.0,,,,
p_433,0.14290876242095754,0.14250000000000002,0.24372294372294373,0.18344541470106057,0.1800925925925926,0.3148148148148148,108.0,0.0975609756097561,0.25,0.06060606060606061,33.0,0.4740740740740741,0.32,0.9142857142857143,35.0,0.0,0.0,0.0,12.0,0.0,0.0,0.0,28.0,,,,
p_434,0.16459627329192547,0.12268518518518519,0.25,0.3230963883137796,0.24082647462277093,0.49074074074074076,108.0,0.6583850931677019,0.49074074074074076,1.0,53.0,0.0,0.0,0.0,15.0,0.0,0.0,0.0,29.0,0.0,0.0,0.0,11.0,,,,
p_435,0.14705882352941177,0.10416666666666667,0.25,0.2450980392156863,0.1736111111111111,0.4166666666666667,108.0,0.5882352941176471,0.4166666666666667,1.0,45.0,0.0,0.0,0.0,35.0,0.0,0.0,0.0,19.0,0.0,0.0,0.0,9.0,,,,
p_436,0.12237762237762238,0.08101851851851852,0.25,0.15863765863765864,0.10502400548696844,0.32407407407407407,108.0,0.0,0.0,0.0,19.0,0.0,0.0,0.0,21.0,0.48951048951048953,0.32407407407407407,1.0,35.0,0.0,0.0,0.0,33.0,,,,
p_437,0.14935064935064934,0.10648148148148148,0.25,0.2544492544492544,0.18141289437585734,0.42592592592592593,108.0,0.5974025974025974,0.42592592592592593,1.0,46.0,0.0,0.0,0.0,20.0,0.0,0.0,0.0,29.0,0.0,0.0,0.0,13.0,,,,
p_438,0.14473684210526316,0.10185185185185185,0.25,0.23586744639376217,0.16598079561042522,0.4074074074074074,108.0,0.0,0.0,0.0,15.0,0.5789473684210527,0.4074074074074074,1.0,44.0,0.0,0.0,0.0,17.0,0.0,0.0,0.0,32.0,,,,
p_439,0.1326530612244898,0.09027777777777778,0.25,0.19160997732426305,0.13040123456790123,0.3611111111111111,108.0,0.0,0.0,0.0,23.0,0.0,0.0,0.0,20.0,0.5306122448979592,0.3611111111111111,1.0,39.0,0.0,0.0,0.0,26.0,,,,
p_440,0.12533333333333335,0.09215686274509803,0.19583333333333333,0.27851851851851855,0.2047930283224401,0.4351851851851852,108.0,0.0,0.0,0.0,27.0,0.6266666666666667,0.46078431372549017,0.9791666666666666,48.0,0.0,0.0,0.0,18.0,0.0,0.0,0.0,14.0,0.0,0.0,0.0,1.0
p_441,0.16459627329192547,0.12268518518518519,0.25,0.3230963883137796,0.24082647462277093,0.49074074074074076,108.0,0.0,0.0,0.0,23.0,0.0,0.0,0.0,14.0,0.6583850931677019,0.49074074074074076,1.0,53.0,0.0,0.0,0.0,18.0,,,,
p_442,0.182518115942029,0.2676803394625177,0.273731048121292,0.2578334675254965,0.39327623238514325,0.37962962962962965,108.0,0.20833333333333334,0.7142857142857143,0.12195121951219512,41.0,0.5217391304347826,0.3564356435643564,0.972972972972973,37.0,0.0,0.0,0.0,8.0,0.0,0.0,0.0,22.0,,,,
p_443,0.18820028011204482,0.2272727272727273,0.27436527436527436,0.2490857454092748,0.2908716797605687,0.37037037037037035,108.0,0.23809523809523808,0.5555555555555556,0.15151515151515152,33.0,0.0,0.0,0.0,24.0,0.5147058823529411,0.35353535353535354,0.9459459459459459,37.0,0.0,0.0,0.0,14.0,,,,
p_444,0.1423841059602649,0.09953703703703703,0.25,0.22675987245523668,0.15852194787379972,0.39814814814814814,108.0,0.5695364238410596,0.39814814814814814,1.0,43.0,0.0,0.0,0.0,17.0,0.0,0.0,0.0,13.0,0.0,0.0,0.0,35.0,,,,
p_445,0.125,0.08333333333333333,0.25,0.16666666666666666,0.1111111111111111,0.3333333333333333,108.0,0.5,0.3333333333333333,1.0,36.0,0.0,0.0,0.0,33.0,0.0,0.0,0.0,11.0,0.0,0.0,0.0,28.0,,,,
p_446,0.17496443812233287,0.18033946251768035,0.25017158544955387,0.28897318371002584,0.27159620723977157,0.42592592592592593,108.0,0.5945945945945946,0.43564356435643564,0.9361702127659575,47.0,0.0,0.0,0.0,20.0,0.10526315789473684,0.2857142857142857,0.06451612903225806,31.0,0.0,0.0,0.0,10.0,,,,
p_447,0.15384615384615385,0.1111111111111111,0.25,0.27350427350427353,0.19753086419753085,0.4444444444444444,108.0,0.0,0.0,0.0,20.0,0.6153846153846154,0.4444444444444444,1.0,48.0,0.0,0.0,0.0,25.0,0.0,0.0,0.0,15.0,,,,
p_448,0.12760791366906477,0.1595238095238095,0.24205087440381556,0.16208033573141487,0.2101410934744268,0.3055555555555556,108.0,0.05,0.3333333333333333,0.02702702702702703,37.0,0.460431654676259,0.3047619047619048,0.9411764705882353,34.0,0.0,0.0,0.0,31.0,0.0,0.0,0.0,6.0,,,,
p_449,0.16666666666666666,0.20120226308345118,0.25625,0.24691358024691357,0.29807742679029803,0.37962962962962965,108.0,0.1276595744680851,0.42857142857142855,0.075,40.0,0.5390070921985816,0.37623762376237624,0.95,40.0,0.0,0.0,0.0,13.0,0.0,0.0,0.0,15.0,,,,
p_450,0.125,0.08333333333333333,0.25,0.16666666666666666,0.1111111111111111,0.3333333333333333,108.0,0.5,0.3333333333333333,1.0,36.0,0.0,0.0,0.0,28.0,0.0,0.0,0.0,26.0,0.0,0.0,0.0,18.0,,,,
p_451,0.15822784810126583,0.11574074074074074,0.25,0.29301453352086265,0.21433470507544583,0.46296296296296297,108.0,0.6329113924050633,0.46296296296296297,1.0,50.0,0.0,0.0,0.0,14.0,0.0,0.0,0.0,21.0,0.0,0.0,0.0,23.0,,,,
p_452,0.15822784810126583,0.11574074074074074,0.25,0.29301453352086265,0.21433470507544583,0.46296296296296297,108.0,0.6329113924050633,0.46296296296296297,1.0,50.0,0.0,0.0,0.0,10.0,0.0,0.0,0.0,38.0,0.0,0.0,0.0,10.0,,,,
p_453,0.1484531940538369,0.13636363636363635,0.2672413793103448,0.17302054967784175,0.1554433221099888,0.3148148148148148,108.0,0.0,0.0,0.0,24.0,0.10526315789473684,0.2222222222222222,0.06896551724137931,29.0,0.0,0.0,0.0,23.0,0.48854961832061067,0.32323232323232326,1.0,32.0,,,,
p_454,0.1423841059602649,0.09953703703703703,0.25,0.22675987245523668,0.15852194787379972,0.39814814814814814,108.0,0.5695364238410596,0.39814814814814814,1.0,43.0,0.0,0.0,0.0,16.0,0.0,0.0,0.0,39.0,0.0,0.0,0.0,10.0,,,,
p_455,0.14473684210526316,0.10185185185185185,0.25,0.23586744639376217,0.16598079561042522,0.4074074074074074,108.0,0.0,0.0,0.0,26.0,0.5789473684210527,0.4074074074074074,1.0,44.0,0.0,0.0,0.0,15.0,0.0,0.0,0.0,23.0,,,,
p_456,0.14705882352941177,0.10416666666666667,0.25,0.2450980392156863,0.1736111111111111,0.4166666666666667,108.0,0.0,0.0,0.0,34.0,0.0,0.0,0.0,7.0,0.5882352941176471,0.4166666666666667,1.0,45.0,0.0,0.0,0.0,22.0,,,,
p_457,0.15483870967741936,0.11428571428571428,0.24,0.2867383512544803,0.21164021164021166,0.4444444444444444,108.0,0.6193548387096774,0.45714285714285713,0.96,50.0,0.0,0.0,0.0,26.0,0.0,0.0,0.0,14.0,0.0,0.0,0.0,18.0,,,,
p_458,0.14935064935064934,0.10648148148148148,0.25,0.2544492544492544,0.18141289437585734,0.42592592592592593,108.0,0.5974025974025974,0.42592592592592593,1.0,46.0,0.0,0.0,0.0,17.0,0.0,0.0,0.0,36.0,0.0,0.0,0.0,9.0,,,,
p_459,0.18235294117647058,0.14351851851851852,0.25,0.41873638344226577,0.32956104252400553,0.5740740740740741,108.0,0.7294117647058823,0.5740740740740741,1.0,62.0,0.0,0.0,0.0,12.0,0.0,0.0,0.0,21.0,0.0,0.0,0.0,13.0,,,,
p_460,0.15605095541401273,0.11342592592592593,0.25,0.28320358575135646,0.20584705075445817,0.4537037037037037,108.0,0.6242038216560509,0.4537037037037037,1.0,49.0,0.0,0.0,0.0,24.0,0.0,0.0,0.0,19.0,0.0,0.0,0.0,16.0,,,,
p_461,0.15605095541401273,0.11342592592592593,0.25,0.28320358575135646,0.20584705075445817,0.4537037037037037,108.0,0.6242038216560509,0.4537037037037037,1.0,49.0,0.0,0.0,0.0,20.0,0.0,0.0,0.0,22.0,0.0,0.0,0.0,17.0,,,,
p_462,0.13818181818181818,0.10555555555555556,0.2,0.36464646464646466,0.2785493827160494,0.5277777777777778,108.0,0.6909090909090909,0.5277777777777778,1.0,57.0,0.0,0.0,0.0,5.0,0.0,0.0,0.0,23.0,0.0,0.0,0.0,22.0,0.0,0.0,0.0,1.0
p_463,0.16666666666666666,0.125,0.25,0.3333333333333333,0.25,0.5,108.0,0.6666666666666666,0.5,1.0,54.0,0.0,0.0,0.0,12.0,0.0,0.0,0.0,22.0,0.0,0.0,0.0,20.0,,,,
p_464,0.16666666666666666,0.125,0.25,0.3333333333333333,0.25,0.5,108.0,0.6666666666666666,0.5,1.0,54.0,0.0,0.0,0.0,20.0,0.0,0.0,0.0,31.0,0.0,0.0,0.0,3.0,,,,
p_465,0.13758389261744966,0.09490740740740741,0.25,0.20892368878946058,0.14411865569272977,0.37962962962962965,108.0,0.5503355704697986,0.37962962962962965,1.0,41.0,0.0,0.0,0.0,13.0,0.0,0.0,0.0,27.0,0.0,0.0,0.0,27.0,,,,
p_466,0.16458404655939746,0.2095959595959596,0.28378378378378377,0.18879569401650878,0.26365506921062476,0.3055555555555556,108.0,0.21739130434782608,0.5555555555555556,0.13513513513513514,37.0,0.4409448818897638,0.2828282828282828,1.0,28.0,0.0,0.0,0.0,25.0,0.0,0.0,0.0,18.0,,,,
p_467,0.17272727272727273,0.13194444444444445,0.25,0.36464646464646466,0.2785493827160494,0.5277777777777778,108.0,0.6909090909090909,0.5277777777777778,1.0,57.0,0.0,0.0,0.0,25.0,0.0,0.0,0.0,11.0,0.0,0.0,0.0,15.0,,,,
p_468,0.13013698630136986,0.08796296296296297,0.25,0.18315575849822424,0.1237997256515775,0.35185185185185186,108.0,0.5205479452054794,0.35185185185185186,1.0,38.0,0.0,0.0,0.0,31.0,0.0,0.0,0.0,26.0,0.0,0.0,0.0,13.0,,,,
p_469,0.16459627329192547,0.12268518518518519,0.25,0.3230963883137796,0.24082647462277093,0.49074074074074076,108.0,0.6583850931677019,0.49074074074074076,1.0,53.0,0.0,0.0,0.0,13.0,0.0,0.0,0.0,35.0,0.0,0.0,0.0,7.0,,,,
p_470,0.12758620689655173,0.08564814814814815,0.25,0.1748403575989783,0.11736968449931415,0.3425925925925926,108.0,0.0,0.0,0.0,34.0,0.0,0.0,0.0,24.0,0.5103448275862069,0.3425925925925926,1.0,37.0,0.0,0.0,0.0,13.0,,,,
p_471,0.10869565217391304,0.06944444444444445,0.25,0.12077294685990338,0.0771604938271605,0.2777777777777778,108.0,0.0,0.0,0.0,51.0,0.0,0.0,0.0,24.0,0.43478260869565216,0.2777777777777778,1.0,30.0,0.0,0.0,0.0,3.0,,,,
p_472,0.1638272242299088,0.15196078431372548,0.24693745970341716,0.2785330503451309,0.2429193899782135,0.42592592592592593,108.0,0.6040268456375839,0.4411764705882353,0.9574468085106383,47.0,0.0,0.0,0.0,7.0,0.05128205128205128,0.16666666666666666,0.030303030303030304,33.0,0.0,0.0,0.0,21.0,,,,
p_473,0.17073170731707318,0.12962962962962962,0.25,0.3541102077687444,0.2688614540466392,0.5185185185185185,108.0,0.6829268292682927,0.5185185185185185,1.0,56.0,0.0,0.0,0.0,11.0,0.0,0.0,0.0,31.0,0.0,0.0,0.0,10.0,,,,
p_474,0.15605095541401273,0.11342592592592593,0.25,0.28320358575135646,0.20584705075445817,0.4537037037037037,108.0,0.6242038216560509,0.4537037037037037,1.0,49.0,0.0,0.0,0.0,11.0,0.0,0.0,0.0,29.0,0.0,0.0,0.0,19.0,,,,
p_475,0.18235294117647058,0.14351851851851852,0.25,0.41873638344226577,0.32956104252400553,0.5740740740740741,108.0,0.7294117647058823,0.5740740740740741,1.0,62.0,0.0,0.0,0.0,19.0,0.0,0.0,0.0,14.0,0.0,0.0,0.0,13.0,,,,
p_476,0.14,0.09722222222222222,0.25,0.21777777777777782,0.15123456790123455,0.3888888888888889,108.0,0.56,0.3888888888888889,1.0,42.0,0.0,0.0,0.0,12.0,0.0,0.0,0.0,27.0,0.0,0.0,0.0,27.0,,,,
p_477,0.1746987951807229,0.13425925925925927,0.25,0.37527889335118253,0.28840877914951996,0.5370370370370371,108.0,0.6987951807228916,0.5370370370370371,1.0,58.0,0.0,0.0,0.0,11.0,0.0,0.0,0.0,17.0,0.0,0.0,0.0,22.0,,,,
p_478,0.11971830985915492,0.0787037037037037,0.25,0.1507563901930099,0.09910836762688614,0.3148148148148148,108.0,0.4788732394366197,0.3148148148148148,1.0,34.0,0.0,0.0,0.0,31.0,0.0,0.0,0.0,27.0,0.0,0.0,0.0,16.0,,,,
p_479,0.15822784810126583,0.11574074074074074,0.25,0.29301453352086265,0.21433470507544583,0.46296296296296297,108.0,0.6329113924050633,0.46296296296296297,1.0,50.0,0.0,0.0,0.0,19.0,0.0,0.0,0.0,23.0,0.0,0.0,0.0,16.0,,,,
p_480,0.1201923076923077,0.15404040404040403,0.23256320836966,0.14077635327635327,0.19537972315750093,0.26851851851851855,108.0,0.0,0.0,0.0,28.0,0.05,0.3333333333333333,0.02702702702702703,37.0,0.4307692307692308,0.2828282828282828,0.9032258064516129,31.0,0.0,0.0,0.0,12.0,,,,
p_481,0.1326530612244898,0.09027777777777778,0.25,0.19160997732426305,0.13040123456790123,0.3611111111111111,108.0,0.0,0.0,0.0,28.0,0.5306122448979592,0.3611111111111111,1.0,39.0,0.0,0.0,0.0,23.0,0.0,0.0,0.0,18.0,,,,
p_482,0.1763854425144748,0.20238095238095238,0.2540266106442577,0.3194329565297307,0.31128747795414463,0.4722222222222222,108.0,0.6410256410256411,0.47619047619047616,0.9803921568627451,51.0,0.0,0.0,0.0,25.0,0.06451612903225806,0.3333333333333333,0.03571428571428571,28.0,0.0,0.0,0.0,4.0,,,,
p_483,0.15016135538523598,0.1531117397454031,0.26666666666666666,0.18052754246784097,0.17920006286342918,0.32407407407407407,108.0,0.0,0.0,0.0,34.0,0.10810810810810811,0.2857142857142857,0.06666666666666667,30.0,0.0,0.0,0.0,11.0,0.4925373134328358,0.32673267326732675,1.0,33.0,,,,
p_484,0.15384615384615385,0.1111111111111111,0.25,0.27350427350427353,0.19753086419753085,0.4444444444444444,108.0,0.6153846153846154,0.4444444444444444,1.0,48.0,0.0,0.0,0.0,23.0,0.0,0.0,0.0,26.0,0.0,0.0,0.0,11.0,,,,
p_485,0.15822784810126583,0.11574074074074074,0.25,0.29301453352086265,0.21433470507544583,0.46296296296296297,108.0,0.6329113924050633,0.46296296296296297,1.0,50.0,0.0,0.0,0.0,13.0,0.0,0.0,0.0,16.0,0.0,0.0,0.0,29.0,,,,
p_486,0.17022357723577236,0.1753889674681754,0.2588919288645691,0.26296672688949113,0.2555136466027555,0.4074074074074074,108.0,0.5833333333333334,0.4158415841584158,0.9767441860465116,43.0,0.0975609756097561,0.2857142857142857,0.058823529411764705,34.0,0.0,0.0,0.0,14.0,0.0,0.0,0.0,17.0,,,,
p_487,0.17272727272727273,0.13194444444444445,0.25,0.36464646464646466,0.2785493827160494,0.5277777777777778,108.0,0.6909090909090909,0.5277777777777778,1.0,57.0,0.0,0.0,0.0,7.0,0.0,0.0,0.0,11.0,0.0,0.0,0.0,33.0,,,,
p_488,0.14,0.09722222222222222,0.25,0.21777777777777782,0.15123456790123455,0.3888888888888889,108.0,0.0,0.0,0.0,29.0,0.0,0.0,0.0,29.0,0.0,0.0,0.0,8.0,0.56,0.3888888888888889,1.0,42.0,,,,
p_489,0.11971830985915492,0.0787037037037037,0.25,0.1507563901930099,0.09910836762688614,0.3148148148148148,108.0,0.0,0.0,0.0,36.0,0.0,0.0,0.0,12.0,0.0,0.0,0.0,26.0,0.4788732394366197,0.3148148148148148,1.0,34.0,,,,
p_490,0.1625,0.12037037037037036,0.25,0.312962962962963,0.23182441700960219,0.48148148148148145,108.0,0.65,0.48148148148148145,1.0,52.0,0.0,0.0,0.0,20.0,0.0,0.0,0.0,17.0,0.0,0.0,0.0,19.0,,,,
p_491,0.13802363050483352,0.11363636363636363,0.25625,0.17607510840593543,0.14927048260381592,0.32407407407407407,108.0,0.04081632653061224,0.1111111111111111,0.025,40.0,0.0,0.0,0.0,16.0,0.5112781954887218,0.3434343434343434,1.0,34.0,0.0,0.0,0.0,18.0,,,,
p_492,0.1804733727810651,0.1412037037037037,0.25,0.40773613850536927,0.3190157750342935,0.5648148148148148,108.0,0.7218934911242604,0.5648148148148148,1.0,61.0,0.0,0.0,0.0,20.0,0.0,0.0,0.0,17.0,0.0,0.0,0.0,10.0,,,,
p_493,0.1687116564417178,0.12731481481481483,0.25,0.34367189275164733,0.25934499314128945,0.5092592592592593,108.0,0.6748466257668712,0.5092592592592593,1.0,55.0,0.0,0.0,0.0,23.0,0.0,0.0,0.0,17.0,0.0,0.0,0.0,13.0,,,,
p_494,0.11702127659574468,0.0763888888888889,0.25,0.1430260047281324,0.09336419753086421,0.3055555555555556,108.0,0.0,0.0,0.0,40.0,0.0,0.0,0.0,25.0,0.0,0.0,0.0,10.0,0.46808510638297873,0.3055555555555556,1.0,33.0,,,,
p_495,0.15871647509578546,0.1446078431372549,0.25251937984496126,0.24608343976160071,0.21023965141612197,0.39814814814814814,108.0,0.5793103448275863,0.4117647058823529,0.9767441860465116,43.0,0.0,0.0,0.0,22.0,0.0,0.0,0.0,13.0,0.05555555555555555,0.16666666666666666,0.03333333333333333,30.0,,,,
p_496,0.11702127659574468,0.0763888888888889,0.25,0.1430260047281324,0.09336419753086421,0.3055555555555556,108.0,0.0,0.0,0.0,30.0,0.46808510638297873,0.3055555555555556,1.0,33.0,0.0,0.0,0.0,18.0,0.0,0.0,0.0,27.0,,,,
p_497,0.0979020979020979,0.06481481481481481,0.2,0.15863765863765864,0.10502400548696844,0.32407407407407407,108.0,0.0,0.0,0.0,39.0,0.0,0.0,0.0,19.0,0.0,0.0,0.0,14.0,0.48951048951048953,0.32407407407407407,1.0,35.0,0.0,0.0,0.0,1.0
p_498,0.15384615384615385,0.1111111111111111,0.25,0.27350427350427353,0.19753086419753085,0.4444444444444444,108.0,0.6153846153846154,0.4444444444444444,1.0,48.0,0.0,0.0,0.0,32.0,0.0,0.0,0.0,14.0,0.0,0.0,0.0,14.0,,,,
p_499,0.14473684210526316,0.10185185185185185,0.25,0.23586744639376217,0.16598079561042522,0.4074074074074074,108.0,0.5789473684210527,0.4074074074074074,1.0,44.0,0.0,0.0,0.0,16.0,0.0,0.0,0.0,23.0,0.0,0.0,0.0,25.0,,,,
p_500,0.15605095541401273,0.11342592592592593,0.25,0.28320358575135646,0.20584705075445817,0.4537037037037037,108.0,0.6242038216560509,0.4537037037037037,1.0,49.0,0.0,0.0,0.0,16.0,0.0,0.0,0.0,28.0,0.0,0.0,0.0,15.0,,,,
p_501,0.13013698630136986,0.08796296296296297,0.25,0.18315575849822424,0.1237997256515775,0.35185185185185186,108.0,0.5205479452054794,0.35185185185185186,1.0,38.0,0.0,0.0,0.0,37.0,0.0,0.0,0.0,14.0,0.0,0.0,0.0,19.0,,,,
p_502,0.1625,0.12037037037037036,0.25,0.312962962962963,0.23182441700960219,0.48148148148148145,108.0,0.65,0.48148148148148145,1.0,52.0,0.0,0.0,0.0,17.0,0.0,0.0,0.0,30.0,0.0,0.0,0.0,9.0,,,,
p_503,0.1625,0.12037037037037036,0.25,0.312962962962963,0.23182441700960219,0.48148148148148145,108.0,0.0,0.0,0.0,17.0,0.65,0.48148148148148145,1.0,52.0,0.0,0.0,0.0,24.0,0.0,0.0,0.0,15.0,,,,
p_504,0.1423841059602649,0.09953703703703703,0.25,0.22675987245523668,0.15852194787379972,0.39814814814814814,108.0,0.5695364238410596,0.39814814814814814,1.0,43.0,0.0,0.0,0.0,33.0,0.0,0.0,0.0,12.0,0.0,0.0,0.0,20.0,,,,
p_505,0.15384615384615385,0.1111111111111111,0.25,0.27350427350427353,0.19753086419753085,0.4444444444444444,108.0,0.0,0.0,0.0,32.0,0.0,0.0,0.0,9.0,0.0,0.0,0.0,19.0,0.6153846153846154,0.4444444444444444,1.0,48.0,,,,
p_506,0.12949640287769784,0.0891089108910891,0.23684210526315788,0.18225419664268583,0.1254125412541254,0.3333333333333333,108.0,0.5179856115107914,0.3564356435643564,0.9473684210526315,38.0,0.0,0.0,0.0,20.0,0.0,0.0,0.0,21.0,0.0,0.0,0.0,29.0,,,,
p_507,0.13920505871725383,0.14816124469589814,0.2426470588235294,0.17529525912543076,0.18657341924668655,0.3055555555555556,108.0,0.0975609756097561,0.2857142857142857,0.058823529411764705,34.0,0.0,0.0,0.0,7.0,0.45925925925925926,0.3069306930693069,0.9117647058823529,34.0,0.0,0.0,0.0,33.0,,,,
p_508,0.08235294117647059,0.05185185185185185,0.2,0.10675381263616558,0.0672153635116598,0.25925925925925924,108.0,0.0,0.0,0.0,29.0,0.4117647058823529,0.25925925925925924,1.0,28.0,0.0,0.0,0.0,12.0,0.0,0.0,0.0,38.0,0.0,0.0,0.0,1.0
p_509,0.14849213286713286,0.12977369165487979,0.2361904761904762,0.22114979927479925,0.1793834145319294,0.3611111111111111,108.0,0.5314685314685315,0.37623762376237624,0.9047619047619048,42.0,0.0,0.0,0.0,16.0,0.0625,0.14285714285714285,0.04,25.0,0.0,0.0,0.0,25.0,,,,
p_510,0.1423841059602649,0.09953703703703703,0.25,0.22675987245523668,0.15852194787379972,0.39814814814814814,108.0,0.5695364238410596,0.39814814814814814,1.0,43.0,0.0,0.0,0.0,23.0,0.0,0.0,0.0,22.0,0.0,0.0,0.0,20.0,,,,
p_511,0.15141843971631205,0.12977369165487979,0.24836956521739129,0.21382978723404253,0.16977054848341974,0.3611111111111111,108.0,0.06666666666666667,0.14285714285714285,0.043478260869565216,23.0,0.5390070921985816,0.37623762376237624,0.95,40.0,0.0,0.0,0.0,26.0,0.0,0.0,0.0,19.0,,,,
p_512,0.12589928057553956,0.0857843137254902,0.23648648648648649,0.17252864375166532,0.11755628177196804,0.32407407407407407,108.0,0.5035971223021583,0.3431372549019608,0.9459459459459459,37.0,0.0,0.0,0.0,17.0,0.0,0.0,0.0,32.0,0.0,0.0,0.0,22.0,,,,
p_513,0.10985137195121951,0.09090909090909091,0.22332974137931033,0.11934352416440831,0.10072951739618406,0.24074074074074073,108.0,0.04878048780487805,0.1111111111111111,0.03125,32.0,0.0,0.0,0.0,22.0,0.390625,0.25252525252525254,0.8620689655172413,29.0,0.0,0.0,0.0,25.0,,,,
p_514,0.10294117647058823,0.06481481481481481,0.25,0.10675381263616558,0.0672153635116598,0.25925925925925924,108.0,0.0,0.0,0.0,29.0,0.4117647058823529,0.25925925925925924,1.0,28.0,0.0,0.0,0.0,34.0,0.0,0.0,0.0,17.0,,,,
p_515,0.15199315235999022,0.12977369165487979,0.24886363636363634,0.21368078765975562,0.16844779716066843,0.3611111111111111,108.0,0.0,0.0,0.0,29.0,0.0,0.0,0.0,17.0,0.06896551724137931,0.14285714285714285,0.045454545454545456,22.0,0.5390070921985816,0.37623762376237624,0.95,40.0,,,,
p_516,0.14351851851851852,0.15063649222065062,0.25044563279857396,0.17980109739369002,0.18704489496568705,0.3148148148148148,108.0,0.4740740740740741,0.31683168316831684,0.9411764705882353,34.0,0.0,0.0,0.0,31.0,0.0,0.0,0.0,10.0,0.1,0.2857142857142857,0.06060606060606061,33.0,,,,
p_517,0.15161290322580645,0.1087962962962963,0.25,0.26391875746714455,0.18938614540466392,0.4351851851851852,108.0,0.6064516129032258,0.4351851851851852,1.0,47.0,0.0,0.0,0.0,11.0,0.0,0.0,0.0,19.0,0.0,0.0,0.0,31.0,,,,
p_518,0.15822784810126583,0.11574074074074074,0.25,0.29301453352086265,0.21433470507544583,0.46296296296296297,108.0,0.6329113924050633,0.46296296296296297,1.0,50.0,0.0,0.0,0.0,24.0,0.0,0.0,0.0,20.0,0.0,0.0,0.0,14.0,,,,
p_519,0.14705882352941177,0.10416666666666667,0.25,0.2450980392156863,0.1736111111111111,0.4166666666666667,108.0,0.0,0.0,0.0,18.0,0.0,0.0,0.0,10.0,0.5882352941176471,0.4166666666666667,1.0,45.0,0.0,0.0,0.0,35.0,,,,
p_520,0.16459627329192547,0.12268518518518519,0.25,0.3230963883137796,0.24082647462277093,0.49074074074074076,108.0,0.6583850931677019,0.49074074074074076,1.0,53.0,0.0,0.0,0.0,23.0,0.0,0.0,0.0,18.0,0.0,0.0,0.0,14.0,,,,
p_521,0.1724624060150376,0.1568627450980392,0.24636363636363634,0.3008563074352548,0.24727668845315906,0.4444444444444444,108.0,0.0,0.0,0.0,33.0,0.0,0.0,0.0,3.0,0.07142857142857142,0.16666666666666666,0.045454545454545456,22.0,0.618421052631579,0.46078431372549017,0.94,50.0,,,,
p_522,0.1804733727810651,0.1412037037037037,0.25,0.40773613850536927,0.3190157750342935,0.5648148148148148,108.0,0.0,0.0,0.0,23.0,0.0,0.0,0.0,4.0,0.0,0.0,0.0,20.0,0.7218934911242604,0.5648148148148148,1.0,61.0,,,,
p_523,0.14705882352941177,0.10416666666666667,0.25,0.2450980392156863,0.1736111111111111,0.4166666666666667,108.0,0.5882352941176471,0.4166666666666667,1.0,45.0,0.0,0.0,0.0,20.0,0.0,0.0,0.0,25.0,0.0,0.0,0.0,18.0,,,,
p_524,0.16918103448275862,0.26190476190476186,0.2672413793103448,0.2379070881226054,0.32010582010582006,0.3888888888888889,108.0,0.125,0.6666666666666666,0.06896551724137931,29.0,0.0,0.0,0.0,8.0,0.0,0.0,0.0,31.0,0.5517241379310345,0.38095238095238093,1.0,40.0,,,,
p_525,0.15822784810126583,0.11574074074074074,0.25,0.29301453352086265,0.21433470507544583,0.46296296296296297,108.0,0.6329113924050633,0.46296296296296297,1.0,50.0,0.0,0.0,0.0,11.0,0.0,0.0,0.0,32.0,0.0,0.0,0.0,15.0,,,,
p_526,0.14,0.09722222222222222,0.25,0.21777777777777782,0.15123456790123455,0.3888888888888889,108.0,0.0,0.0,0.0,25.0,0.0,0.0,0.0,17.0,0.0,0.0,0.0,24.0,0.56,0.3888888888888889,1.0,42.0,,,,
p_527,0.10833333333333332,0.07428571428571429,0.2,0.19560185185185186,0.13412698412698412,0.3611111111111111,108.0,0.0,0.0,0.0,25.0,0.5416666666666666,0.37142857142857144,1.0,39.0,0.0,0.0,0.0,20.0,0.0,0.0,0.0,23.0,0.0,0.0,0.0,1.0
p_528,0.13013698630136986,0.08796296296296297,0.25,0.18315575849822424,0.1237997256515775,0.35185185185185186,108.0,0.0,0.0,0.0,25.0,0.0,0.0,0.0,15.0,0.5205479452054794,0.35185185185185186,1.0,38.0,0.0,0.0,0.0,30.0,,,,
p_529,0.14,0.09722222222222222,0.25,0.21777777777777782,0.15123456790123455,0.3888888888888889,108.0,0.0,0.0,0.0,38.0,0.0,0.0,0.0,9.0,0.56,0.3888888888888889,1.0,42.0,0.0,0.0,0.0,19.0,,,,
p_530,0.1933252753156057,0.2375,0.26782103134479274,0.3250116890997901,0.3907407407407408,0.4537037037037037,108.0,0.1568627450980392,0.5,0.09302325581395349,43.0,0.0,0.0,0.0,2.0,0.6164383561643836,0.45,0.9782608695652174,46.0,0.0,0.0,0.0,17.0,,,,
p_531,0.14705882352941177,0.10416666666666667,0.25,0.2450980392156863,0.1736111111111111,0.4166666666666667,108.0,0.0,0.0,0.0,37.0,0.0,0.0,0.0,7.0,0.5882352941176471,0.4166666666666667,1.0,45.0,0.0,0.0,0.0,19.0,,,,
p_532,0.15605095541401273,0.11342592592592593,0.25,0.28320358575135646,0.20584705075445817,0.4537037037037037,108.0,0.6242038216560509,0.4537037037037037,1.0,49.0,0.0,0.0,0.0,9.0,0.0,0.0,0.0,34.0,0.0,0.0,0.0,16.0,,,,
p_533,0.125,0.08333333333333333,0.25,0.16666666666666666,0.1111111111111111,0.3333333333333333,108.0,0.0,0.0,0.0,17.0,0.0,0.0,0.0,25.0,0.5,0.3333333333333333,1.0,36.0,0.0,0.0,0.0,30.0,,,,
p_534,0.157063593683312,0.2523809523809524,0.2599099099099099,0.2073789538578271,0.3026455026455026,0.35185185185185186,108.0,0.5070422535211268,0.34285714285714286,0.972972972972973,37.0,0.0,0.0,0.0,16.0,0.12121212121212122,0.6666666666666666,0.06666666666666667,30.0,0.0,0.0,0.0,25.0,,,,
p_535,0.17073170731707318,0.12962962962962962,0.25,0.3541102077687444,0.2688614540466392,0.5185185185185185,108.0,0.6829268292682927,0.5185185185185185,1.0,56.0,0.0,0.0,0.0,12.0,0.0,0.0,0.0,25.0,0.0,0.0,0.0,15.0,,,,
p_536,0.15605095541401273,0.11342592592592593,0.25,0.28320358575135646,0.20584705075445817,0.4537037037037037,108.0,0.0,0.0,0.0,40.0,0.0,0.0,0.0,6.0,0.6242038216560509,0.4537037037037037,1.0,49.0,0.0,0.0,0.0,13.0,,,,
p_537,0.16459627329192547,0.12268518518518519,0.25,0.3230963883137796,0.24082647462277093,0.49074074074074076,108.0,0.6583850931677019,0.49074074074074076,1.0,53.0,0.0,0.0,0.0,8.0,0.0,0.0,0.0,17.0,0.0,0.0,0.0,30.0,,,,
p_538,0.14935064935064934,0.10648148148148148,0.25,0.2544492544492544,0.18141289437585734,0.42592592592592593,108.0,0.5974025974025974,0.42592592592592593,1.0,46.0,0.0,0.0,0.0,13.0,0.0,0.0,0.0,29.0,0.0,0.0,0.0,20.0,,,,
p_539,0.125,0.08333333333333333,0.25,0.16666666666666666,0.1111111111111111,0.3333333333333333,108.0,0.0,0.0,0.0,36.0,0.0,0.0,0.0,9.0,0.0,0.0,0.0,27.0,0.5,0.3333333333333333,1.0,36.0,,,,
p_540,0.14473684210526316,0.10185185185185185,0.25,0.23586744639376217,0.16598079561042522,0.4074074074074074,108.0,0.5789473684210527,0.4074074074074074,1.0,44.0,0.0,0.0,0.0,6.0,0.0,0.0,0.0,23.0,0.0,0.0,0.0,35.0,,,,
p_541,0.13758389261744966,0.09490740740740741,0.25,0.20892368878946058,0.14411865569272977,0.37962962962962965,108.0,0.5503355704697986,0.37962962962962965,1.0,41.0,0.0,0.0,0.0,24.0,0.0,0.0,0.0,26.0,0.0,0.0,0.0,17.0,,,,
p_542,0.15605095541401273,0.11342592592592593,0.25,0.28320358575135646,0.20584705075445817,0.4537037037037037,108.0,0.0,0.0,0.0,45.0,0.0,0.0,0.0,5.0,0.6242038216560509,0.4537037037037037,1.0,49.0,0.0,0.0,0.0,9.0,,,,
p_543,0.14935064935064934,0.10648148148148148,0.25,0.2544492544492544,0.18141289437585734,0.42592592592592593,108.0,0.0,0.0,0.0,28.0,0.0,0.0,0.0,12.0,0.5974025974025974,0.42592592592592593,1.0,46.0,0.0,0.0,0.0,22.0,,,,
p_544,0.13732394366197184,0.09653465346534654,0.23780487804878048,0.208528951486698,0.1465896589658966,0.3611111111111111,108.0,0.5492957746478874,0.38613861386138615,0.9512195121951219,41.0,0.0,0.0,0.0,25.0,0.0,0.0,0.0,28.0,0.0,0.0,0.0,14.0,,,,
p_545,0.18047619047619048,0.18776520509193778,0.2540816326530612,0.3151851851851852,0.30372203887055377,0.4537037037037037,108.0,0.09523809523809523,0.2857142857142857,0.05714285714285714,35.0,0.0,0.0,0.0,9.0,0.6266666666666667,0.46534653465346537,0.9591836734693877,49.0,0.0,0.0,0.0,15.0,,,,
p_546,0.11151079136690648,0.07175925925925926,0.25,0.12803090860644817,0.08239026063100138,0.28703703703703703,108.0,0.4460431654676259,0.28703703703703703,1.0,31.0,0.0,0.0,0.0,35.0,0.0,0.0,0.0,25.0,0.0,0.0,0.0,17.0,,,,
p_547,0.125,0.08333333333333333,0.25,0.16666666666666666,0.1111111111111111,0.3333333333333333,108.0,0.0,0.0,0.0,28.0,0.0,0.0,0.0,29.0,0.5,0.3333333333333333,1.0,36.0,0.0,0.0,0.0,15.0,,,,
p_548,0.13920505871725383,0.14816124469589814,0.2426470588235294,0.17529525912543076,0.18657341924668655,0.3055555555555556,108.0,0.45925925925925926,0.3069306930693069,0.9117647058823529,34.0,0.0,0.0,0.0,16.0,0.0975609756097561,0.2857142857142857,0.058823529411764705,34.0,0.0,0.0,0.0,24.0,,,,
p_549,0.14935064935064934,0.10648148148148148,0.25,0.2544492544492544,0.18141289437585734,0.42592592592592593,108.0,0.5974025974025974,0.42592592592592593,1.0,46.0,0.0,0.0,0.0,18.0,0.0,0.0,0.0,27.0,0.0,0.0,0.0,17.0,,,,
p_550,0.17664670658682635,0.13657407407407407,0.25,0.3860057662452872,0.29843964334705075,0.5462962962962963,108.0,0.7065868263473054,0.5462962962962963,1.0,59.0,0.0,0.0,0.0,10.0,0.0,0.0,0.0,23.0,0.0,0.0,0.0,16.0,,,,
p_551,0.17517006802721086,0.18382352941176472,0.2505050505050505,0.26152683295540435,0.2353848946986202,0.39814814814814814,108.0,0.5578231292517006,0.4019607843137255,0.9111111111111111,45.0,0.0,0.0,0.0,29.0,0.14285714285714285,0.3333333333333333,0.09090909090909091,22.0,0.0,0.0,0.0,12.0,,,,
p_552,0.14,0.09722222222222222,0.25,0.21777777777777782,0.15123456790123455,0.3888888888888889,108.0,0.0,0.0,0.0,41.0,0.0,0.0,0.0,10.0,0.56,0.3888888888888889,1.0,42.0,0.0,0.0,0.0,15.0,,,,
p_553,0.14705882352941177,0.10416666666666667,0.25,0.2450980392156863,0.1736111111111111,0.4166666666666667,108.0,0.5882352941176471,0.4166666666666667,1.0,45.0,0.0,0.0,0.0,17.0,0.0,0.0,0.0,19.0,0.0,0.0,0.0,27.0,,,,
p_554,0.13758389261744966,0.09490740740740741,0.25,0.20892368878946058,0.14411865569272977,0.37962962962962965,108.0,0.5503355704697986,0.37962962962962965,1.0,41.0,0.0,0.0,0.0,10.0,0.0,0.0,0.0,35.0,0.0,0.0,0.0,22.0,,,,
p_555,0.18604651162790697,0.14814814814814814,0.25,0.4409991386735573,0.3511659807956104,0.5925925925925926,108.0,0.7441860465116279,0.5925925925925926,1.0,64.0,0.0,0.0,0.0,14.0,0.0,0.0,0.0,9.0,0.0,0.0,0.0,21.0,,,,
p_556,0.14473684210526316,0.10185185185185185,0.25,0.23586744639376217,0.16598079561042522,0.4074074074074074,108.0,0.0,0.0,0.0,33.0,0.0,0.0,0.0,10.0,0.0,0.0,0.0,21.0,0.5789473684210527,0.4074074074074074,1.0,44.0,,,,
p_557,0.12484076433121019,0.09074074074074075,0.2,0.28320358575135646,0.20584705075445817,0.4537037037037037,108.0,0.6242038216560509,0.4537037037037037,1.0,49.0,0.0,0.0,0.0,14.0,0.0,0.0,0.0,30.0,0.0,0.0,0.0,14.0,0.0,0.0,0.0,1.0
p_558,0.14473684210526316,0.10185185185185185,0.25,0.23586744639376217,0.16598079561042522,0.4074074074074074,108.0,0.5789473684210527,0.4074074074074074,1.0,44.0,0.0,0.0,0.0,11.0,0.0,0.0,0.0,11.0,0.0,0.0,0.0,42.0,,,,
p_559,0.15384615384615385,0.1111111111111111,0.25,0.27350427350427353,0.19753086419753085,0.4444444444444444,108.0,0.6153846153846154,0.4444444444444444,1.0,48.0,0.0,0.0,0.0,10.0,0.0,0.0,0.0,24.0,0.0,0.0,0.0,26.0,,,,
p_560,0.14473684210526316,0.10185185185185185,0.25,0.23586744639376217,0.16598079561042522,0.4074074074074074,108.0,0.5789473684210527,0.4074074074074074,1.0,44.0,0.0,0.0,0.0,9.0,0.0,0.0,0.0,34.0,0.0,0.0,0.0,21.0,,,,
p_561,0.1423841059602649,0.09953703703703703,0.25,0.22675987245523668,0.15852194787379972,0.39814814814814814,108.0,0.0,0.0,0.0,41.0,0.0,0.0,0.0,10.0,0.5695364238410596,0.39814814814814814,1.0,43.0,0.0,0.0,0.0,14.0,,,,
p_562,0.15822784810126583,0.11574074074074074,0.25,0.29301453352086265,0.21433470507544583,0.46296296296296297,108.0,0.6329113924050633,0.46296296296296297,1.0,50.0,0.0,0.0,0.0,7.0,0.0,0.0,0.0,29.0,0.0,0.0,0.0,22.0,,,,
p_563,0.17664670658682635,0.13657407407407407,0.25,0.3860057662452872,0.29843964334705075,0.5462962962962963,108.0,0.7065868263473054,0.5462962962962963,1.0,59.0,0.0,0.0,0.0,16.0,0.0,0.0,0.0,16.0,0.0,0.0,0.0,17.0,,,,
p_564,0.194760101010101,0.24929278642149927,0.27702702702702703,0.3000724841002619,0.36527581329561526,0.4351851851851852,108.0,0.5972222222222222,0.42574257425742573,1.0,43.0,0.0,0.0,0.0,10.0,0.0,0.0,0.0,18.0,0.18181818181818182,0.5714285714285714,0.10810810810810811,37.0,,,,
p_565,0.1746987951807229,0.13425925925925927,0.25,0.37527889335118253,0.28840877914951996,0.5370370370370371,108.0,0.6987951807228916,0.5370370370370371,1.0,58.0,0.0,0.0,0.0,13.0,0.0,0.0,0.0,15.0,0.0,0.0,0.0,22.0,,,,
p_566,0.12758620689655173,0.08564814814814815,0.25,0.1748403575989783,0.11736968449931415,0.3425925925925926,108.0,0.0,0.0,0.0,26.0,0.0,0.0,0.0,30.0,0.0,0.0,0.0,15.0,0.5103448275862069,0.3425925925925926,1.0,37.0,,,,
p_567,0.1687116564417178,0.12731481481481483,0.25,0.34367189275164733,0.25934499314128945,0.5092592592592593,108.0,0.6748466257668712,0.5092592592592593,1.0,55.0,0.0,0.0,0.0,10.0,0.0,0.0,0.0,24.0,0.0,0.0,0.0,19.0,,,,
p_568,0.10305343511450382,0.06683168316831684,0.225,0.11450381679389314,0.07425742574257425,0.25,108.0,0.4122137404580153,0.26732673267326734,0.9,30.0,0.0,0.0,0.0,25.0,0.0,0.0,0.0,24.0,0.0,0.0,0.0,29.0,,,,
p_569,0.14,0.09722222222222222,0.25,0.21777777777777782,0.15123456790123455,0.3888888888888889,108.0,0.56,0.3888888888888889,1.0,42.0,0.0,0.0,0.0,8.0,0.0,0.0,0.0,32.0,0.0,0.0,0.0,26.0,,,,
p_570,0.17600205549845838,0.18181818181818182,0.26647727272727273,0.25148452666438276,0.24775533108866443,0.3888888888888889,108.0,0.5611510791366906,0.3939393939393939,0.975,40.0,0.0,0.0,0.0,11.0,0.14285714285714285,0.3333333333333333,0.09090909090909091,33.0,0.0,0.0,0.0,24.0,,,,
p_571,0.17272727272727273,0.13194444444444445,0.25,0.36464646464646466,0.2785493827160494,0.5277777777777778,108.0,0.0,0.0,0.0,22.0,0.0,0.0,0.0,9.0,0.0,0.0,0.0,20.0,0.6909090909090909,0.5277777777777778,1.0,57.0,,,,
p_572,0.15384615384615385,0.1111111111111111,0.25,0.27350427350427353,0.19753086419753085,0.4444444444444444,108.0,0.6153846153846154,0.4444444444444444,1.0,48.0,0.0,0.0,0.0,23.0,0.0,0.0,0.0,17.0,0.0,0.0,0.0,20.0,,,,
p_573,0.16037735849056603,0.11805555555555555,0.25,0.30293501048218024,0.22299382716049382,0.4722222222222222,108.0,0.6415094339622641,0.4722222222222222,1.0,51.0,0.0,0.0,0.0,16.0,0.0,0.0,0.0,24.0,0.0,0.0,0.0,17.0,,,,
p_574,0.125,0.08663366336633663,0.22435897435897437,0.18055555555555555,0.12513751375137513,0.32407407407407407,108.0,0.5,0.3465346534653465,0.8974358974358975,39.0,0.0,0.0,0.0,21.0,0.0,0.0,0.0,32.0,0.0,0.0,0.0,16.0,,,,
p_575,0.09577464788732394,0.06296296296296297,0.2,0.1507563901930099,0.09910836762688614,0.3148148148148148,108.0,0.0,0.0,0.0,26.0,0.0,0.0,0.0,26.0,0.4788732394366197,0.3148148148148148,1.0,34.0,0.0,0.0,0.0,21.0,0.0,0.0,0.0,1.0
p_576,0.16037735849056603,0.11805555555555555,0.25,0.30293501048218024,0.22299382716049382,0.4722222222222222,108.0,0.6415094339622641,0.4722222222222222,1.0,51.0,0.0,0.0,0.0,17.0,0.0,0.0,0.0,27.0,0.0,0.0,0.0,13.0,,,,
p_577,0.12237762237762238,0.08101851851851852,0.25,0.15863765863765864,0.10502400548696844,0.32407407407407407,108.0,0.0,0.0,0.0,35.0,0.0,0.0,0.0,20.0,0.0,0.0,0.0,18.0,0.48951048951048953,0.32407407407407407,1.0,35.0,,,,
p_578,0.14473684210526316,0.10185185185185185,0.25,0.23586744639376217,0.16598079561042522,0.4074074074074074,108.0,0.5789473684210527,0.4074074074074074,1.0,44.0,0.0,0.0,0.0,13.0,0.0,0.0,0.0,21.0,0.0,0.0,0.0,30.0,,,,
p_579,0.13758389261744966,0.09490740740740741,0.25,0.20892368878946058,0.14411865569272977,0.37962962962962965,108.0,0.5503355704697986,0.37962962962962965,1.0,41.0,0.0,0.0,0.0,30.0,0.0,0.0,0.0,7.0,0.0,0.0,0.0,30.0,,,,
p_580,0.1804733727810651,0.1412037037037037,0.25,0.40773613850536927,0.3190157750342935,0.5648148148148148,108.0,0.0,0.0,0.0,28.0,0.0,0.0,0.0,8.0,0.0,0.0,0.0,11.0,0.7218934911242604,0.5648148148148148,1.0,61.0,,,,
p_581,0.12237762237762238,0.08101851851851852,0.25,0.15863765863765864,0.10502400548696844,0.32407407407407407,108.0,0.48951048951048953,0.32407407407407407,1.0,35.0,0.0,0.0,0.0,14.0,0.0,0.0,0.0,17.0,0.0,0.0,0.0,42.0,,,,
p_582,0.1625,0.12037037037037036,0.25,0.312962962962963,0.23182441700960219,0.48148148148148145,108.0,0.65,0.48148148148148145,1.0,52.0,0.0,0.0,0.0,16.0,0.0,0.0,0.0,13.0,0.0,0.0,0.0,27.0,,,,
p_583,0.14705882352941177,0.10416666666666667,0.25,0.2450980392156863,0.1736111111111111,0.4166666666666667,108.0,0.5882352941176471,0.4166666666666667,1.0,45.0,0.0,0.0,0.0,21.0,0.0,0.0,0.0,15.0,0.0,0.0,0.0,27.0,,,,
p_584,0.15548513986013987,0.13970588235294118,0.2535178236397749,0.2274265086765087,0.1889978213507625,0.37962962962962965,108.0,0.5594405594405595,0.39215686274509803,0.975609756097561,41.0,0.0,0.0,0.0,15.0,0.0625,0.16666666666666666,0.038461538461538464,26.0,0.0,0.0,0.0,26.0,,,,
p_585,0.17065727699530517,0.16796322489391796,0.25954400848356307,0.23692401321509304,0.20743621981245747,0.37962962962962965,108.0,0.5492957746478874,0.38613861386138615,0.9512195121951219,41.0,0.0,0.0,0.0,26.0,0.0,0.0,0.0,18.0,0.13333333333333333,0.2857142857142857,0.08695652173913043,23.0,,,,
p_586,0.13513513513513514,0.09259259259259259,0.25,0.20020020020020018,0.1371742112482853,0.37037037037037035,108.0,0.5405405405405406,0.37037037037037035,1.0,40.0,0.0,0.0,0.0,13.0,0.0,0.0,0.0,20.0,0.0,0.0,0.0,35.0,,,,
p_587,0.14473684210526316,0.10185185185185185,0.25,0.23586744639376217,0.16598079561042522,0.4074074074074074,108.0,0.5789473684210527,0.4074074074074074,1.0,44.0,0.0,0.0,0.0,12.0,0.0,0.0,0.0,16.0,0.0,0.0,0.0,36.0,,,,
p_588,0.15161290322580645,0.1087962962962963,0.25,0.26391875746714455,0.18938614540466392,0.4351851851851852,108.0,0.0,0.0,0.0,29.0,0.0,0.0,0.0,13.0,0.0,0.0,0.0,19.0,0.6064516129032258,0.4351851851851852,1.0,47.0,,,,
p_589,0.16666666666666666,0.125,0.25,0.3333333333333333,0.25,0.5,108.0,0.6666666666666666,0.5,1.0,54.0,0.0,0.0,0.0,13.0,0.0,0.0,0.0,6.0,0.0,0.0,0.0,35.0,,,,
p_590,0.1326530612244898,0.09027777777777778,0.25,0.19160997732426305,0.13040123456790123,0.3611111111111111,108.0,0.0,0.0,0.0,26.0,0.0,0.0,0.0,33.0,0.0,0.0,0.0,10.0,0.5306122448979592,0.3611111111111111,1.0,39.0,,,,
p_591,0.1625,0.12037037037037036,0.25,0.312962962962963,0.23182441700960219,0.48148148148148145,108.0,0.0,0.0,0.0,12.0,0.0,0.0,0.0,24.0,0.0,0.0,0.0,20.0,0.65,0.48148148148148145,1.0,52.0,,,,
p_592,0.13513513513513514,0.09259259259259259,0.25,0.20020020020020018,0.1371742112482853,0.37037037037037035,108.0,0.5405405405405406,0.37037037037037035,1.0,40.0,0.0,0.0,0.0,25.0,0.0,0.0,0.0,17.0,0.0,0.0,0.0,26.0,,,,
p_593,0.11428571428571428,0.07407407407407407,0.25,0.13544973544973546,0.0877914951989026,0.2962962962962963,108.0,0.45714285714285713,0.2962962962962963,1.0,32.0,0.0,0.0,0.0,20.0,0.0,0.0,0.0,13.0,0.0,0.0,0.0,43.0,,,,
p_594,0.13793103448275862,0.09523809523809523,0.25,0.20434227330779056,0.14109347442680775,0.37037037037037035,108.0,0.5517241379310345,0.38095238095238093,1.0,40.0,0.0,0.0,0.0,19.0,0.0,0.0,0.0,30.0,0.0,0.0,0.0,19.0,,,,
p_595,0.14935064935064934,0.10648148148148148,0.25,0.2544492544492544,0.18141289437585734,0.42592592592592593,108.0,0.0,0.0,0.0,14.0,0.0,0.0,0.0,17.0,0.0,0.0,0.0,31.0,0.5974025974025974,0.42592592592592593,1.0,46.0,,,,
p_596,0.14559386973180077,0.1568627450980392,0.2490118577075099,0.16517667092379737,0.1608569353667393,0.2962962962962963,108.0,0.4444444444444444,0.29411764705882354,0.9090909090909091,33.0,0.0,0.0,0.0,32.0,0.13793103448275862,0.3333333333333333,0.08695652173913043,23.0,0.0,0.0,0.0,20.0,,,,
p_597,0.11971830985915492,0.0787037037037037,0.25,0.1507563901930099,0.09910836762688614,0.3148148148148148,108.0,0.0,0.0,0.0,33.0,0.0,0.0,0.0,16.0,0.4788732394366197,0.3148148148148148,1.0,34.0,0.0,0.0,0.0,25.0,,,,
p_598,0.11428571428571428,0.07407407407407407,0.25,0.13544973544973546,0.0877914951989026,0.2962962962962963,108.0,0.0,0.0,0.0,32.0,0.0,0.0,0.0,30.0,0.0,0.0,0.0,14.0,0.45714285714285713,0.2962962962962963,1.0,32.0,,,,
p_599,0.1326530612244898,0.09027777777777778,0.25,0.19160997732426305,0.13040123456790123,0.3611111111111111,108.0,0.0,0.0,0.0,26.0,0.5306122448979592,0.3611111111111111,1.0,39.0,0.0,0.0,0.0,18.0,0.0,0.0,0.0,25.0,,,,
p_600,0.1423841059602649,0.09953703703703703,0.25,0.22675987245523668,0.15852194787379972,0.39814814814814814,108.0,0.5695364238410596,0.39814814814814814,1.0,43.0,0.0,0.0,0.0,15.0,0.0,0.0,0.0,21.0,0.0,0.0,0.0,29.0,,,,
p_601,0.14935064935064934,0.10648148148148148,0.25,0.2544492544492544,0.18141289437585734,0.42592592592592593,108.0,0.0,0.0,0.0,30.0,0.0,0.0,0.0,18.0,0.0,0.0,0.0,14.0,0.5974025974025974,0.42592592592592593,1.0,46.0,,,,
p_602,0.16528486394557823,0.14462517680339462,0.2491304347826087,0.2694436570924666,0.21862067159096862,0.4166666666666667,108.0,0.5986394557823129,0.43564356435643564,0.9565217391304348,46.0,0.0,0.0,0.0,16.0,0.0625,0.14285714285714285,0.04,25.0,0.0,0.0,0.0,21.0,,,,
p_603,0.14,0.09722222222222222,0.25,0.21777777777777782,0.15123456790123455,0.3888888888888889,108.0,0.0,0.0,0.0,25.0,0.56,0.3888888888888889,1.0,42.0,0.0,0.0,0.0,26.0,0.0,0.0,0.0,15.0,,,,
p_604,0.13013698630136986,0.08796296296296297,0.25,0.18315575849822424,0.1237997256515775,0.35185185185185186,108.0,0.0,0.0,0.0,25.0,0.0,0.0,0.0,24.0,0.0,0.0,0.0,21.0,0.5205479452054794,0.35185185185185186,1.0,38.0,,,,
p_605,0.13758389261744966,0.09490740740740741,0.25,0.20892368878946058,0.14411865569272977,0.37962962962962965,108.0,0.5503355704697986,0.37962962962962965,1.0,41.0,0.0,0.0,0.0,16.0,0.0,0.0,0.0,28.0,0.0,0.0,0.0,23.0,,,,
p_606,0.16666666666666666,0.22875,0.2612847222222222,0.2059483726150393,0.2942592592592593,0.3148148148148148,108.0,0.4393939393939394,0.29,0.90625,32.0,0.0,0.0,0.0,15.0,0.0,0.0,0.0,25.0,0.22727272727272727,0.625,0.1388888888888889,36.0,,,,
p_607,0.17073170731707318,0.12962962962962962,0.25,0.3541102077687444,0.2688614540466392,0.5185185185185185,108.0,0.6829268292682927,0.5185185185185185,1.0,56.0,0.0,0.0,0.0,27.0,0.0,0.0,0.0,17.0,0.0,0.0,0.0,8.0,,,,
p_608,0.1,0.0625,0.25,0.1,0.0625,0.25,108.0,0.4,0.25,1.0,27.0,0.0,0.0,0.0,23.0,0.0,0.0,0.0,27.0,0.0,0.0,0.0,31.0,,,,
p_609,0.16843156843156845,0.17043847241867044,0.25595238095238093,0.24718984718984718,0.2280894756142281,0.3888888888888889,108.0,0.5594405594405595,0.39603960396039606,0.9523809523809523,42.0,0.11428571428571428,0.2857142857142857,0.07142857142857142,28.0,0.0,0.0,0.0,17.0,0.0,0.0,0.0,21.0,,,,
p_610,0.10869565217391304,0.06944444444444445,0.25,0.12077294685990338,0.0771604938271605,0.2777777777777778,108.0,0.0,0.0,0.0,32.0,0.43478260869565216,0.2777777777777778,1.0,30.0,0.0,0.0,0.0,29.0,0.0,0.0,0.0,17.0,,,,
p_611,0.18877551020408162,0.20625,0.26142052565707136,0.31141345427059713,0.31388888888888894,0.4444444444444444,108.0,0.14285714285714285,0.375,0.08823529411764706,34.0,0.0,0.0,0.0,16.0,0.6122448979591837,0.45,0.9574468085106383,47.0,0.0,0.0,0.0,11.0,,,,
p_612,0.1687116564417178,0.12731481481481483,0.25,0.34367189275164733,0.25934499314128945,0.5092592592592593,108.0,0.0,0.0,0.0,22.0,0.0,0.0,0.0,10.0,0.0,0.0,0.0,21.0,0.6748466257668712,0.5092592592592593,1.0,55.0,,,,
p_613,0.22403343782654128,0.3137254901960784,0.2962962962962963,0.3119006153488912,0.37618010167029775,0.4444444444444444,108.0,0.593103448275862,0.4215686274509804,1.0,43.0,0.0,0.0,0.0,18.0,0.30303030303030304,0.8333333333333334,0.18518518518518517,27.0,0.0,0.0,0.0,20.0,,,,
p_614,0.16037735849056603,0.11805555555555555,0.25,0.30293501048218024,0.22299382716049382,0.4722222222222222,108.0,0.0,0.0,0.0,16.0,0.0,0.0,0.0,32.0,0.6415094339622641,0.4722222222222222,1.0,51.0,0.0,0.0,0.0,9.0,,,,
p_615,0.12237762237762238,0.08101851851851852,0.25,0.15863765863765864,0.10502400548696844,0.32407407407407407,108.0,0.0,0.0,0.0,28.0,0.0,0.0,0.0,15.0,0.0,0.0,0.0,30.0,0.48951048951048953,0.32407407407407407,1.0,35.0,,,,
p_616,0.12411347517730496,0.0857843137254902,0.22435897435897437,0.1792750197005516,0.12391067538126362,0.32407407407407407,108.0,0.49645390070921985,0.3431372549019608,0.8974358974358975,39.0,0.0,0.0,0.0,29.0,0.0,0.0,0.0,21.0,0.0,0.0,0.0,19.0,,,,
p_617,0.1223021582733813,0.08415841584158416,0.2236842105263158,0.17212896349586998,0.11844517785111845,0.3148148148148148,108.0,0.4892086330935252,0.33663366336633666,0.8947368421052632,38.0,0.0,0.0,0.0,18.0,0.0,0.0,0.0,27.0,0.0,0.0,0.0,25.0,,,,
p_618,0.152885443583118,0.14393939393939392,0.2577614379084967,0.2021246052253804,0.18780396558174337,0.3425925925925926,108.0,0.09302325581395349,0.2222222222222222,0.058823529411764705,34.0,0.5185185185185185,0.35353535353535354,0.9722222222222222,36.0,0.0,0.0,0.0,17.0,0.0,0.0,0.0,21.0,,,,
p_619,0.12237762237762238,0.08101851851851852,0.25,0.15863765863765864,0.10502400548696844,0.32407407407407407,108.0,0.0,0.0,0.0,30.0,0.0,0.0,0.0,16.0,0.48951048951048953,0.32407407407407407,1.0,35.0,0.0,0.0,0.0,27.0,,,,
p_620,0.14447463768115942,0.12121212121212122,0.24358974358974358,0.20868558776167473,0.1750841750841751,0.35185185185185186,108.0,0.5362318840579711,0.37373737373737376,0.9487179487179487,39.0,0.041666666666666664,0.1111111111111111,0.02564102564102564,39.0,0.0,0.0,0.0,10.0,0.0,0.0,0.0,20.0,,,,
p_621,0.13829787234042554,0.09848484848484848,0.23214285714285715,0.21513002364066194,0.15319865319865317,0.3611111111111111,108.0,0.0,0.0,0.0,20.0,0.0,0.0,0.0,16.0,0.0,0.0,0.0,30.0,0.5531914893617021,0.3939393939393939,0.9285714285714286,42.0,,,,
p_622,0.14,0.09722222222222222,0.25,0.21777777777777782,0.15123456790123455,0.3888888888888889,108.0,0.56,0.3888888888888889,1.0,42.0,0.0,0.0,0.0,13.0,0.0,0.0,0.0,34.0,0.0,0.0,0.0,19.0,,,,
p_623,0.12043189368770764,0.09848484848484848,0.2409090909090909,0.13513596653131538,0.11251402918069583,0.26851851851851855,108.0,0.0,0.0,0.0,29.0,0.0,0.0,0.0,16.0,0.047619047619047616,0.1111111111111111,0.030303030303030304,33.0,0.43410852713178294,0.2828282828282828,0.9333333333333333,30.0,,,,
p_624,0.13146476917736896,0.1432107496463932,0.2335858585858586,0.1632631416560608,0.18297186861543296,0.28703703703703703,108.0,0.0,0.0,0.0,17.0,0.43283582089552236,0.2871287128712871,0.8787878787878788,33.0,0.09302325581395349,0.2857142857142857,0.05555555555555555,36.0,0.0,0.0,0.0,22.0,,,,
p_625,0.12545381202097622,0.10997171145685997,0.2356060606060606,0.15183093541302498,0.13044161559013043,0.28703703703703703,108.0,0.05405405405405406,0.14285714285714285,0.03333333333333333,30.0,0.0,0.0,0.0,18.0,0.0,0.0,0.0,27.0,0.44776119402985076,0.297029702970297,0.9090909090909091,33.0,,,,
p_626,0.11428571428571428,0.07407407407407407,0.25,0.13544973544973546,0.0877914951989026,0.2962962962962963,108.0,0.0,0.0,0.0,26.0,0.0,0.0,0.0,29.0,0.0,0.0,0.0,21.0,0.45714285714285713,0.2962962962962963,1.0,32.0,,,,
p_627,0.18690153568202347,0.22474747474747475,0.2751736111111111,0.2401686239084613,0.27908716797605687,0.3611111111111111,108.0,0.0,0.0,0.0,32.0,0.0,0.0,0.0,8.0,0.5037037037037037,0.3434343434343434,0.9444444444444444,36.0,0.24390243902439024,0.5555555555555556,0.15625,32.0,,,,
p_628,0.10869565217391304,0.06944444444444445,0.25,0.12077294685990338,0.0771604938271605,0.2777777777777778,108.0,0.0,0.0,0.0,18.0,0.0,0.0,0.0,32.0,0.43478260869565216,0.2777777777777778,1.0,30.0,0.0,0.0,0.0,28.0,,,,
p_629,0.12237762237762238,0.08101851851851852,0.25,0.15863765863765864,0.10502400548696844,0.32407407407407407,108.0,0.48951048951048953,0.32407407407407407,1.0,35.0,0.0,0.0,0.0,29.0,0.0,0.0,0.0,25.0,0.0,0.0,0.0,19.0,,,,
p_630,0.15161290322580645,0.1087962962962963,0.25,0.26391875746714455,0.18938614540466392,0.4351851851851852,108.0,0.0,0.0,0.0,25.0,0.0,0.0,0.0,12.0,0.6064516129032258,0.4351851851851852,1.0,47.0,0.0,0.0,0.0,24.0,,,,
p_631,0.16037735849056603,0.11805555555555555,0.25,0.30293501048218024,0.22299382716049382,0.4722222222222222,108.0,0.0,0.0,0.0,15.0,0.0,0.0,0.0,11.0,0.0,0.0,0.0,31.0,0.6415094339622641,0.4722222222222222,1.0,51.0,,,,
p_632,0.13013698630136986,0.08796296296296297,0.25,0.18315575849822424,0.1237997256515775,0.35185185185185186,108.0,0.5205479452054794,0.35185185185185186,1.0,38.0,0.0,0.0,0.0,21.0,0.0,0.0,0.0,29.0,0.0,0.0,0.0,20.0,,,,
p_633,0.16459627329192547,0.12268518518518519,0.25,0.3230963883137796,0.24082647462277093,0.49074074074074076,108.0,0.0,0.0,0.0,23.0,0.0,0.0,0.0,9.0,0.0,0.0,0.0,23.0,0.6583850931677019,0.49074074074074076,1.0,53.0,,,,
p_634,0.13758389261744966,0.09490740740740741,0.25,0.20892368878946058,0.14411865569272977,0.37962962962962965,108.0,0.0,0.0,0.0,26.0,0.5503355704697986,0.37962962962962965,1.0,41.0,0.0,0.0,0.0,19.0,0.0,0.0,0.0,22.0,,,,
p_635,0.11971830985915492,0.0787037037037037,0.25,0.1507563901930099,0.09910836762688614,0.3148148148148148,108.0,0.0,0.0,0.0,26.0,0.0,0.0,0.0,29.0,0.4788732394366197,0.3148148148148148,1.0,34.0,0.0,0.0,0.0,19.0,,,,
p_636,0.1332720588235294,0.11492220650636492,0.23857142857142857,0.16697303921568626,0.13574571742888575,0.3055555555555556,108.0,0.47058823529411764,0.31683168316831684,0.9142857142857143,35.0,0.0,0.0,0.0,30.0,0.0625,0.14285714285714285,0.04,25.0,0.0,0.0,0.0,18.0,,,,
p_637,0.13513513513513514,0.09259259259259259,0.25,0.20020020020020018,0.1371742112482853,0.37037037037037035,108.0,0.0,0.0,0.0,23.0,0.0,0.0,0.0,30.0,0.0,0.0,0.0,15.0,0.5405405405405406,0.37037037037037035,1.0,40.0,,,,
p_638,0.13513513513513514,0.09259259259259259,0.25,0.20020020020020018,0.1371742112482853,0.37037037037037035,108.0,0.5405405405405406,0.37037037037037035,1.0,40.0,0.0,0.0,0.0,31.0,0.0,0.0,0.0,21.0,0.0,0.0,0.0,16.0,,,,
p_639,0.11390728476821192,0.07962962962962963,0.2,0.22675987245523668,0.15852194787379972,0.39814814814814814,108.0,0.0,0.0,0.0,22.0,0.5695364238410596,0.39814814814814814,1.0,43.0,0.0,0.0,0.0,22.0,0.0,0.0,0.0,20.0,0.0,0.0,0.0,1.0
p_640,0.15232429441062534,0.1272984441301273,0.2565789473684211,0.20084957674885737,0.15402849808790403,0.35185185185185186,108.0,0.0,0.0,0.0,21.0,0.0,0.0,0.0,30.0,0.5323741007194245,0.36633663366336633,0.9736842105263158,38.0,0.07692307692307693,0.14285714285714285,0.05263157894736842,19.0,,,,
p_641,0.13120567375886524,0.09068627450980392,0.23717948717948717,0.18951930654058313,0.1309912854030501,0.3425925925925926,108.0,0.524822695035461,0.3627450980392157,0.9487179487179487,39.0,0.0,0.0,0.0,15.0,0.0,0.0,0.0,27.0,0.0,0.0,0.0,27.0,,,,
p_642,0.13954353758372612,0.16428571428571428,0.25961538461538464,0.1706129349394048,0.18218694885361553,0.32407407407407407,108.0,0.06896551724137931,0.3333333333333333,0.038461538461538464,26.0,0.4892086330935252,0.3238095238095238,1.0,34.0,0.0,0.0,0.0,32.0,0.0,0.0,0.0,16.0,,,,
p_643,0.15628891656288918,0.17619047619047618,0.25096277278562257,0.2188090955214243,0.199647266313933,0.37037037037037035,108.0,0.5342465753424658,0.37142857142857144,0.9512195121951219,41.0,0.0,0.0,0.0,17.0,0.0,0.0,0.0,31.0,0.09090909090909091,0.3333333333333333,0.05263157894736842,19.0,,,,
p_644,0.11029411764705882,0.07425742574257425,0.21428571428571427,0.14297385620915032,0.09625962596259627,0.2777777777777778,108.0,0.0,0.0,0.0,25.0,0.0,0.0,0.0,17.0,0.4411764705882353,0.297029702970297,0.8571428571428571,35.0,0.0,0.0,0.0,31.0,,,,
p_645,0.11151079136690648,0.07175925925925926,0.25,0.12803090860644817,0.08239026063100138,0.28703703703703703,108.0,0.0,0.0,0.0,34.0,0.4460431654676259,0.28703703703703703,1.0,31.0,0.0,0.0,0.0,14.0,0.0,0.0,0.0,29.0,,,,
p_646,0.14,0.09722222222222222,0.25,0.21777777777777782,0.15123456790123455,0.3888888888888889,108.0,0.0,0.0,0.0,23.0,0.0,0.0,0.0,24.0,0.56,0.3888888888888889,1.0,42.0,0.0,0.0,0.0,19.0,,,,
p_647,0.1462962962962963,0.15063649222065062,0.2525354969574036,0.1790809327846365,0.17646288438367647,0.3148148148148148,108.0,0.1111111111111111,0.2857142857142857,0.06896551724137931,29.0,0.4740740740740741,0.31683168316831684,0.9411764705882353,34.0,0.0,0.0,0.0,15.0,0.0,0.0,0.0,30.0,,,,
p_648,0.1675787728026534,0.22454031117397455,0.2763157894736842,0.21304895276702907,0.3008931845565509,0.3425925925925926,108.0,0.17777777777777778,0.5714285714285714,0.10526315789473684,38.0,0.0,0.0,0.0,22.0,0.4925373134328358,0.32673267326732675,1.0,33.0,0.0,0.0,0.0,15.0,,,,
p_649,0.16177880007667242,0.1764705882352941,0.2597187758478081,0.22567248099162993,0.23021060275962235,0.37037037037037035,108.0,0.0,0.0,0.0,21.0,0.0,0.0,0.0,17.0,0.10810810810810811,0.3333333333333333,0.06451612903225806,31.0,0.5390070921985816,0.37254901960784315,0.9743589743589743,39.0,,,,
p_650,0.1660017730496454,0.1764705882352941,0.26282051282051283,0.2247340425531915,0.21477850399419027,0.37037037037037035,108.0,0.5390070921985816,0.37254901960784315,0.9743589743589743,39.0,0.0,0.0,0.0,32.0,0.125,0.3333333333333333,0.07692307692307693,26.0,0.0,0.0,0.0,11.0,,,,
p_651,0.14093959731543623,0.1,0.23863636363636365,0.22967934377330348,0.16296296296296298,0.3888888888888889,108.0,0.0,0.0,0.0,24.0,0.0,0.0,0.0,23.0,0.0,0.0,0.0,17.0,0.5637583892617449,0.4,0.9545454545454546,44.0,,,,
p_652,0.18265554396941258,0.2175,0.27941176470588236,0.24501474014856012,0.2841666666666666,0.37962962962962965,108.0,0.0,0.0,0.0,17.0,0.19047619047619047,0.5,0.11764705882352941,34.0,0.0,0.0,0.0,20.0,0.5401459854014599,0.37,1.0,37.0,,,,
p_653,0.12195121951219512,0.11616161616161616,0.265625,0.11562782294489612,0.11971567527123082,0.24074074074074073,108.0,0.0975609756097561,0.2222222222222222,0.0625,32.0,0.0,0.0,0.0,26.0,0.0,0.0,0.0,26.0,0.3902439024390244,0.24242424242424243,1.0,24.0,,,,
p_654,0.14,0.09722222222222222,0.25,0.21777777777777782,0.15123456790123455,0.3888888888888889,108.0,0.56,0.3888888888888889,1.0,42.0,0.0,0.0,0.0,16.0,0.0,0.0,0.0,28.0,0.0,0.0,0.0,22.0,,,,
p_655,0.15384615384615385,0.1111111111111111,0.25,0.27350427350427353,0.19753086419753085,0.4444444444444444,108.0,0.0,0.0,0.0,35.0,0.0,0.0,0.0,14.0,0.6153846153846154,0.4444444444444444,1.0,48.0,0.0,0.0,0.0,11.0,,,,
p_656,0.1423841059602649,0.09953703703703703,0.25,0.22675987245523668,0.15852194787379972,0.39814814814814814,108.0,0.5695364238410596,0.39814814814814814,1.0,43.0,0.0,0.0,0.0,18.0,0.0,0.0,0.0,21.0,0.0,0.0,0.0,26.0,,,,
p_657,0.1636150234741784,0.163012729844413,0.2473488865323436,0.2262302208311598,0.1999188014039499,0.3611111111111111,108.0,0.5211267605633803,0.36633663366336633,0.9024390243902439,41.0,0.13333333333333333,0.2857142857142857,0.08695652173913043,23.0,0.0,0.0,0.0,23.0,0.0,0.0,0.0,21.0,,,,
p_658,0.11428571428571428,0.07407407407407407,0.25,0.13544973544973546,0.0877914951989026,0.2962962962962963,108.0,0.45714285714285713,0.2962962962962963,1.0,32.0,0.0,0.0,0.0,29.0,0.0,0.0,0.0,20.0,0.0,0.0,0.0,27.0,,,,
p_659,0.14705882352941177,0.10416666666666667,0.25,0.2450980392156863,0.1736111111111111,0.4166666666666667,108.0,0.5882352941176471,0.4166666666666667,1.0,45.0,0.0,0.0,0.0,25.0,0.0,0.0,0.0,25.0,0.0,0.0,0.0,13.0,,,,
p_660,0.16851245909891768,0.2034313725490196,0.2611801242236025,0.19545357086258164,0.2081517792302106,0.32407407407407407,108.0,0.20689655172413793,0.5,0.13043478260869565,23.0,0.0,0.0,0.0,21.0,0.46715328467153283,0.3137254901960784,0.9142857142857143,35.0,0.0,0.0,0.0,29.0,,,,
p_661,0.125,0.08333333333333333,0.25,0.16666666666666666,0.1111111111111111,0.3333333333333333,108.0,0.0,0.0,0.0,24.0,0.0,0.0,0.0,34.0,0.5,0.3333333333333333,1.0,36.0,0.0,0.0,0.0,14.0,,,,
p_662,0.15087412587412588,0.16904761904761906,0.25154798761609903,0.1928969178969179,0.17310405643738977,0.3425925925925926,108.0,0.0,0.0,0.0,28.0,0.0,0.0,0.0,25.0,0.5034965034965035,0.34285714285714286,0.9473684210526315,38.0,0.1,0.3333333333333333,0.058823529411764705,17.0,,,,
p_663,0.11971830985915492,0.0787037037037037,0.25,0.1507563901930099,0.09910836762688614,0.3148148148148148,108.0,0.0,0.0,0.0,16.0,0.4788732394366197,0.3148148148148148,1.0,34.0,0.0,0.0,0.0,28.0,0.0,0.0,0.0,30.0,,,,
p_664,0.125,0.08333333333333333,0.25,0.1574074074074074,0.10493827160493827,0.3148148148148148,108.0,0.0,0.0,0.0,20.0,0.5,0.3333333333333333,1.0,34.0,0.0,0.0,0.0,28.0,0.0,0.0,0.0,26.0,,,,
p_665,0.11151079136690648,0.07175925925925926,0.25,0.12803090860644817,0.08239026063100138,0.28703703703703703,108.0,0.0,0.0,0.0,30.0,0.0,0.0,0.0,17.0,0.0,0.0,0.0,30.0,0.4460431654676259,0.28703703703703703,1.0,31.0,,,,
p_666,0.13013698630136986,0.08796296296296297,0.25,0.18315575849822424,0.1237997256515775,0.35185185185185186,108.0,0.5205479452054794,0.35185185185185186,1.0,38.0,0.0,0.0,0.0,36.0,0.0,0.0,0.0,28.0,0.0,0.0,0.0,6.0,,,,
p_667,0.15822784810126583,0.11574074074074074,0.25,0.29301453352086265,0.21433470507544583,0.46296296296296297,108.0,0.6329113924050633,0.46296296296296297,1.0,50.0,0.0,0.0,0.0,17.0,0.0,0.0,0.0,17.0,0.0,0.0,0.0,24.0,,,,
p_668,0.11219512195121951,0.09625,0.22424242424242424,0.12601626016260162,0.11041666666666668,0.25,108.0,0.04878048780487805,0.125,0.030303030303030304,33.0,0.0,0.0,0.0,25.0,0.4,0.26,0.8666666666666667,30.0,0.0,0.0,0.0,20.0,,,,
p_669,0.13758389261744966,0.09490740740740741,0.25,0.20892368878946058,0.14411865569272977,0.37962962962962965,108.0,0.5503355704697986,0.37962962962962965,1.0,41.0,0.0,0.0,0.0,36.0,0.0,0.0,0.0,19.0,0.0,0.0,0.0,12.0,,,,
p_670,0.09398496240601503,0.05787037037037037,0.25,0.08702311333890281,0.05358367626886146,0.23148148148148148,108.0,0.0,0.0,0.0,35.0,0.37593984962406013,0.23148148148148148,1.0,25.0,0.0,0.0,0.0,21.0,0.0,0.0,0.0,27.0,,,,
p_671,0.16787209744956225,0.26567656765676567,0.2586083213773314,0.24790988171269865,0.3602249113800269,0.3888888888888889,108.0,0.10810810810810811,0.6666666666666666,0.058823529411764705,34.0,0.5633802816901409,0.39603960396039606,0.975609756097561,41.0,0.0,0.0,0.0,26.0,0.0,0.0,0.0,7.0,,,,
p_672,0.14,0.09722222222222222,0.25,0.21777777777777782,0.15123456790123455,0.3888888888888889,108.0,0.56,0.3888888888888889,1.0,42.0,0.0,0.0,0.0,29.0,0.0,0.0,0.0,27.0,0.0,0.0,0.0,10.0,,,,
p_673,0.13758389261744966,0.09490740740740741,0.25,0.20892368878946058,0.14411865569272977,0.37962962962962965,108.0,0.5503355704697986,0.37962962962962965,1.0,41.0,0.0,0.0,0.0,19.0,0.0,0.0,0.0,15.0,0.0,0.0,0.0,33.0,,,,
p_674,0.158016443987667,0.16666666666666666,0.2524570024570025,0.19669978303071828,0.18209876543209874,0.3333333333333333,108.0,0.4892086330935252,0.3333333333333333,0.918918918918919,37.0,0.0,0.0,0.0,43.0,0.14285714285714285,0.3333333333333333,0.09090909090909091,22.0,0.0,0.0,0.0,6.0,,,,
p_675,0.15161290322580645,0.1087962962962963,0.25,0.26391875746714455,0.18938614540466392,0.4351851851851852,108.0,0.6064516129032258,0.4351851851851852,1.0,47.0,0.0,0.0,0.0,25.0,0.0,0.0,0.0,25.0,0.0,0.0,0.0,11.0,,,,
p_676,0.14705882352941177,0.10416666666666667,0.25,0.2450980392156863,0.1736111111111111,0.4166666666666667,108.0,0.0,0.0,0.0,38.0,0.5882352941176471,0.4166666666666667,1.0,45.0,0.0,0.0,0.0,13.0,0.0,0.0,0.0,12.0,,,,
p_677,0.1326530612244898,0.09027777777777778,0.25,0.19160997732426305,0.13040123456790123,0.3611111111111111,108.0,0.0,0.0,0.0,24.0,0.0,0.0,0.0,25.0,0.5306122448979592,0.3611111111111111,1.0,39.0,0.0,0.0,0.0,20.0,,,,
p_678,0.15822784810126583,0.11574074074074074,0.25,0.29301453352086265,0.21433470507544583,0.46296296296296297,108.0,0.6329113924050633,0.46296296296296297,1.0,50.0,0.0,0.0,0.0,22.0,0.0,0.0,0.0,24.0,0.0,0.0,0.0,12.0,,,,
p_679,0.14772727272727273,0.14750000000000002,0.25,0.196969696969697,0.19666666666666668,0.3333333333333333,108.0,0.09090909090909091,0.25,0.05555555555555555,36.0,0.5,0.34,0.9444444444444444,36.0,0.0,0.0,0.0,28.0,0.0,0.0,0.0,8.0,,,,
p_680,0.16233766233766234,0.12254901960784313,0.2403846153846154,0.3126503126503127,0.23602033405954972,0.46296296296296297,108.0,0.6493506493506493,0.49019607843137253,0.9615384615384616,52.0,0.0,0.0,0.0,16.0,0.0,0.0,0.0,28.0,0.0,0.0,0.0,12.0,,,,
p_681,0.16310160427807485,0.16414141414141414,0.24746621621621623,0.20162408397702514,0.18481107369996258,0.32407407407407407,108.0,0.0,0.0,0.0,27.0,0.18181818181818182,0.3333333333333333,0.125,24.0,0.47058823529411764,0.32323232323232326,0.8648648648648649,37.0,0.0,0.0,0.0,20.0,,,,
p_682,0.11029411764705882,0.07211538461538461,0.234375,0.13071895424836602,0.08547008547008546,0.2777777777777778,108.0,0.0,0.0,0.0,30.0,0.4411764705882353,0.28846153846153844,0.9375,32.0,0.0,0.0,0.0,32.0,0.0,0.0,0.0,14.0,,,,
p_683,0.14705882352941177,0.10416666666666667,0.25,0.2450980392156863,0.1736111111111111,0.4166666666666667,108.0,0.0,0.0,0.0,27.0,0.0,0.0,0.0,21.0,0.5882352941176471,0.4166666666666667,1.0,45.0,0.0,0.0,0.0,15.0,,,,
p_684,0.12237762237762238,0.08101851851851852,0.25,0.15863765863765864,0.10502400548696844,0.32407407407407407,108.0,0.0,0.0,0.0,33.0,0.48951048951048953,0.32407407407407407,1.0,35.0,0.0,0.0,0.0,16.0,0.0,0.0,0.0,24.0,,,,
p_685,0.13513513513513514,0.09259259259259259,0.25,0.20020020020020018,0.1371742112482853,0.37037037037037035,108.0,0.0,0.0,0.0,25.0,0.0,0.0,0.0,32.0,0.5405405405405406,0.37037037037037035,1.0,40.0,0.0,0.0,0.0,11.0,,,,
p_686,0.11702127659574468,0.0763888888888889,0.25,0.1430260047281324,0.09336419753086421,0.3055555555555556,108.0,0.0,0.0,0.0,34.0,0.0,0.0,0.0,28.0,0.46808510638297873,0.3055555555555556,1.0,33.0,0.0,0.0,0.0,13.0,,,,
p_687,0.13758389261744966,0.09490740740740741,0.25,0.20892368878946058,0.14411865569272977,0.37962962962962965,108.0,0.0,0.0,0.0,43.0,0.5503355704697986,0.37962962962962965,1.0,41.0,0.0,0.0,0.0,16.0,0.0,0.0,0.0,8.0,,,,
p_688,0.13043478260869565,0.0891089108910891,0.24324324324324326,0.17874396135265702,0.1221122112211221,0.3333333333333333,108.0,0.0,0.0,0.0,21.0,0.5217391304347826,0.3564356435643564,0.972972972972973,37.0,0.0,0.0,0.0,28.0,0.0,0.0,0.0,22.0,,,,
p_689,0.13513513513513514,0.09259259259259259,0.25,0.20020020020020018,0.1371742112482853,0.37037037037037035,108.0,0.0,0.0,0.0,25.0,0.0,0.0,0.0,15.0,0.5405405405405406,0.37037037037037035,1.0,40.0,0.0,0.0,0.0,28.0,,,,
p_690,0.14482758620689656,0.10396039603960396,0.23863636363636365,0.2360153256704981,0.1694169416941694,0.3888888888888889,108.0,0.5793103448275863,0.4158415841584158,0.9545454545454546,44.0,0.0,0.0,0.0,24.0,0.0,0.0,0.0,24.0,0.0,0.0,0.0,16.0,,,,
p_691,0.1267605633802817,0.0891089108910891,0.21951219512195122,0.19248826291079812,0.1353135313531353,0.3333333333333333,108.0,0.5070422535211268,0.3564356435643564,0.8780487804878049,41.0,0.0,0.0,0.0,14.0,0.0,0.0,0.0,29.0,0.0,0.0,0.0,24.0,,,,
p_692,0.1624203821656051,0.12259615384615384,0.24056603773584906,0.31882519462137293,0.24065170940170938,0.4722222222222222,108.0,0.6496815286624203,0.49038461538461536,0.9622641509433962,53.0,0.0,0.0,0.0,13.0,0.0,0.0,0.0,12.0,0.0,0.0,0.0,30.0,,,,
p_693,0.20491803278688525,0.1736111111111111,0.25,0.569216757741348,0.48225308641975306,0.6944444444444444,108.0,0.819672131147541,0.6944444444444444,1.0,75.0,0.0,0.0,0.0,10.0,0.0,0.0,0.0,16.0,0.0,0.0,0.0,7.0,,,,
p_694,0.1625,0.12037037037037036,0.25,0.312962962962963,0.23182441700960219,0.48148148148148145,108.0,0.65,0.48148148148148145,1.0,52.0,0.0,0.0,0.0,25.0,0.0,0.0,0.0,21.0,0.0,0.0,0.0,10.0,,,,
p_695,0.14473684210526316,0.10185185185185185,0.25,0.23586744639376217,0.16598079561042522,0.4074074074074074,108.0,0.5789473684210527,0.4074074074074074,1.0,44.0,0.0,0.0,0.0,13.0,0.0,0.0,0.0,29.0,0.0,0.0,0.0,22.0,,,,
p_696,0.16666666666666666,0.125,0.25,0.3333333333333333,0.25,0.5,108.0,0.6666666666666666,0.5,1.0,54.0,0.0,0.0,0.0,28.0,0.0,0.0,0.0,12.0,0.0,0.0,0.0,14.0,,,,
p_697,0.15384615384615385,0.1111111111111111,0.25,0.27350427350427353,0.19753086419753085,0.4444444444444444,108.0,0.6153846153846154,0.4444444444444444,1.0,48.0,0.0,0.0,0.0,14.0,0.0,0.0,0.0,40.0,0.0,0.0,0.0,6.0,,,,
p_698,0.13758389261744966,0.09490740740740741,0.25,0.20892368878946058,0.14411865569272977,0.37962962962962965,108.0,0.5503355704697986,0.37962962962962965,1.0,41.0,0.0,0.0,0.0,16.0,0.0,0.0,0.0,31.0,0.0,0.0,0.0,20.0,,,,
p_699,0.11200000000000002,0.07777777777777778,0.2,0.21777777777777782,0.15123456790123455,0.3888888888888889,108.0,0.56,0.3888888888888889,1.0,42.0,0.0,0.0,0.0,14.0,0.0,0.0,0.0,39.0,0.0,0.0,0.0,12.0,0.0,0.0,0.0,1.0
p_700,0.15161290322580645,0.1087962962962963,0.25,0.26391875746714455,0.18938614540466392,0.4351851851851852,108.0,0.6064516129032258,0.4351851851851852,1.0,47.0,0.0,0.0,0.0,16.0,0.0,0.0,0.0,22.0,0.0,0.0,0.0,23.0,,,,
p_701,0.17073170731707318,0.12962962962962962,0.25,0.3541102077687444,0.2688614540466392,0.5185185185185185,108.0,0.6829268292682927,0.5185185185185185,1.0,56.0,0.0,0.0,0.0,15.0,0.0,0.0,0.0,24.0,0.0,0.0,0.0,13.0,,,,
p_702,0.1625,0.12037037037037036,0.25,0.312962962962963,0.23182441700960219,0.48148148148148145,108.0,0.65,0.48148148148148145,1.0,52.0,0.0,0.0,0.0,30.0,0.0,0.0,0.0,21.0,0.0,0.0,0.0,5.0,,,,
p_703,0.12393162393162392,0.10625,0.22235023041474652,0.15875276986388098,0.13310185185185186,0.28703703703703703,108.0,0.4444444444444444,0.3,0.8571428571428571,35.0,0.0,0.0,0.0,25.0,0.05128205128205128,0.125,0.03225806451612903,31.0,0.0,0.0,0.0,17.0,,,,
p_704,0.13758389261744966,0.09490740740740741,0.25,0.20892368878946058,0.14411865569272977,0.37962962962962965,108.0,0.5503355704697986,0.37962962962962965,1.0,41.0,0.0,0.0,0.0,23.0,0.0,0.0,0.0,32.0,0.0,0.0,0.0,12.0,,,,
p_705,0.1326530612244898,0.09027777777777778,0.25,0.19160997732426305,0.13040123456790123,0.3611111111111111,108.0,0.0,0.0,0.0,37.0,0.5306122448979592,0.3611111111111111,1.0,39.0,0.0,0.0,0.0,20.0,0.0,0.0,0.0,12.0,,,,
p_706,0.11151079136690648,0.07175925925925926,0.25,0.12803090860644817,0.08239026063100138,0.28703703703703703,108.0,0.0,0.0,0.0,21.0,0.0,0.0,0.0,27.0,0.0,0.0,0.0,29.0,0.4460431654676259,0.28703703703703703,1.0,31.0,,,,
p_707,0.14436356849570736,0.17401960784313725,0.24432234432234431,0.2065758367550081,0.23901597676107478,0.35185185185185186,108.0,0.05263157894736842,0.3333333333333333,0.02857142857142857,35.0,0.0,0.0,0.0,18.0,0.524822695035461,0.3627450980392157,0.9487179487179487,39.0,0.0,0.0,0.0,16.0,,,,
p_708,0.12237762237762238,0.08101851851851852,0.25,0.15863765863765864,0.10502400548696844,0.32407407407407407,108.0,0.0,0.0,0.0,16.0,0.48951048951048953,0.32407407407407407,1.0,35.0,0.0,0.0,0.0,23.0,0.0,0.0,0.0,34.0,,,,
p_709,0.10144927536231885,0.0693069306930693,0.1891891891891892,0.17377885131508322,0.11872020535386872,0.32407407407407407,108.0,0.0,0.0,0.0,24.0,0.5072463768115942,0.3465346534653465,0.9459459459459459,37.0,0.0,0.0,0.0,24.0,0.0,0.0,0.0,22.0,0.0,0.0,0.0,1.0
p_710,0.125,0.08333333333333333,0.25,0.16666666666666666,0.1111111111111111,0.3333333333333333,108.0,0.0,0.0,0.0,20.0,0.0,0.0,0.0,37.0,0.5,0.3333333333333333,1.0,36.0,0.0,0.0,0.0,15.0,,,,
p_711,0.12237762237762238,0.08101851851851852,0.25,0.15863765863765864,0.10502400548696844,0.32407407407407407,108.0,0.0,0.0,0.0,19.0,0.0,0.0,0.0,19.0,0.0,0.0,0.0,35.0,0.48951048951048953,0.32407407407407407,1.0,35.0,,,,
p_712,0.12758620689655173,0.08564814814814815,0.25,0.1748403575989783,0.11736968449931415,0.3425925925925926,108.0,0.0,0.0,0.0,28.0,0.0,0.0,0.0,28.0,0.5103448275862069,0.3425925925925926,1.0,37.0,0.0,0.0,0.0,15.0,,,,
p_713,0.11594202898550725,0.0761904761904762,0.24242424242424243,0.14170692431561996,0.09312169312169313,0.2962962962962963,108.0,0.0,0.0,0.0,25.0,0.463768115942029,0.3047619047619048,0.9696969696969697,33.0,0.0,0.0,0.0,5.0,0.0,0.0,0.0,45.0,,,,
p_714,0.11971830985915492,0.0787037037037037,0.25,0.1507563901930099,0.09910836762688614,0.3148148148148148,108.0,0.0,0.0,0.0,28.0,0.4788732394366197,0.3148148148148148,1.0,34.0,0.0,0.0,0.0,26.0,0.0,0.0,0.0,20.0,,,,
p_715,0.13758389261744966,0.09490740740740741,0.25,0.20892368878946058,0.14411865569272977,0.37962962962962965,108.0,0.0,0.0,0.0,16.0,0.0,0.0,0.0,28.0,0.5503355704697986,0.37962962962962965,1.0,41.0,0.0,0.0,0.0,23.0,,,,
p_716,0.08778625954198473,0.05324074074074074,0.25,0.074780887757987,0.045353223593964334,0.21296296296296297,108.0,0.0,0.0,0.0,30.0,0.0,0.0,0.0,23.0,0.0,0.0,0.0,32.0,0.3511450381679389,0.21296296296296297,1.0,23.0,,,,
p_717,0.1326530612244898,0.09027777777777778,0.25,0.19160997732426305,0.13040123456790123,0.3611111111111111,108.0,0.0,0.0,0.0,12.0,0.0,0.0,0.0,33.0,0.0,0.0,0.0,24.0,0.5306122448979592,0.3611111111111111,1.0,39.0,,,,
p_718,0.13513513513513514,0.09259259259259259,0.25,0.20020020020020018,0.1371742112482853,0.37037037037037035,108.0,0.5405405405405406,0.37037037037037035,1.0,40.0,0.0,0.0,0.0,20.0,0.0,0.0,0.0,37.0,0.0,0.0,0.0,11.0,,,,
p_719,0.14473684210526316,0.10185185185185185,0.25,0.23586744639376217,0.16598079561042522,0.4074074074074074,108.0,0.0,0.0,0.0,17.0,0.0,0.0,0.0,30.0,0.0,0.0,0.0,17.0,0.5789473684210527,0.4074074074074074,1.0,44.0,,,,
p_720,0.1423841059602649,0.09953703703703703,0.25,0.22675987245523668,0.15852194787379972,0.39814814814814814,108.0,0.5695364238410596,0.39814814814814814,1.0,43.0,0.0,0.0,0.0,29.0,0.0,0.0,0.0,14.0,0.0,0.0,0.0,22.0,,,,
p_721,0.13448275862068965,0.09653465346534654,0.2215909090909091,0.21915708812260537,0.1573157315731573,0.3611111111111111,108.0,0.0,0.0,0.0,22.0,0.0,0.0,0.0,24.0,0.0,0.0,0.0,18.0,0.5379310344827586,0.38613861386138615,0.8863636363636364,44.0,,,,
p_722,0.16037735849056603,0.11805555555555555,0.25,0.30293501048218024,0.22299382716049382,0.4722222222222222,108.0,0.6415094339622641,0.4722222222222222,1.0,51.0,0.0,0.0,0.0,27.0,0.0,0.0,0.0,11.0,0.0,0.0,0.0,19.0,,,,
p_723,0.10869565217391304,0.06944444444444445,0.25,0.12077294685990338,0.0771604938271605,0.2777777777777778,108.0,0.0,0.0,0.0,29.0,0.0,0.0,0.0,28.0,0.0,0.0,0.0,21.0,0.43478260869565216,0.2777777777777778,1.0,30.0,,,,
p_724,0.11428571428571428,0.07407407407407407,0.25,0.13544973544973546,0.0877914951989026,0.2962962962962963,108.0,0.45714285714285713,0.2962962962962963,1.0,32.0,0.0,0.0,0.0,19.0,0.0,0.0,0.0,35.0,0.0,0.0,0.0,22.0,,,,
p_725,0.11971830985915492,0.08095238095238096,0.22972972972972974,0.1640584246218049,0.1109347442680776,0.3148148148148148,108.0,0.4788732394366197,0.3238095238095238,0.918918918918919,37.0,0.0,0.0,0.0,17.0,0.0,0.0,0.0,23.0,0.0,0.0,0.0,31.0,,,,
p_726,0.12408759124087591,0.08415841584158416,0.2361111111111111,0.16545012165450124,0.11221122112211221,0.3148148148148148,108.0,0.0,0.0,0.0,40.0,0.49635036496350365,0.33663366336633666,0.9444444444444444,36.0,0.0,0.0,0.0,18.0,0.0,0.0,0.0,14.0,,,,
p_727,0.10869565217391304,0.06944444444444445,0.25,0.12077294685990338,0.0771604938271605,0.2777777777777778,108.0,0.0,0.0,0.0,30.0,0.0,0.0,0.0,28.0,0.43478260869565216,0.2777777777777778,1.0,30.0,0.0,0.0,0.0,20.0,,,,
p_728,0.1795125164690382,0.20454545454545453,0.26575091575091575,0.2525618503879374,0.2789936401047512,0.37962962962962965,108.0,0.0,0.0,0.0,19.0,0.5362318840579711,0.37373737373737376,0.9487179487179487,39.0,0.18181818181818182,0.4444444444444444,0.11428571428571428,35.0,0.0,0.0,0.0,15.0,,,,
p_729,0.14935064935064934,0.10648148148148148,0.25,0.2544492544492544,0.18141289437585734,0.42592592592592593,108.0,0.0,0.0,0.0,22.0,0.0,0.0,0.0,33.0,0.5974025974025974,0.42592592592592593,1.0,46.0,0.0,0.0,0.0,7.0,,,,
p_730,0.10583941605839416,0.06712962962962964,0.25,0.1136793728034604,0.07210219478737999,0.26851851851851855,108.0,0.0,0.0,0.0,30.0,0.0,0.0,0.0,24.0,0.4233576642335766,0.26851851851851855,1.0,29.0,0.0,0.0,0.0,25.0,,,,
p_731,0.16868622448979592,0.1471004243281471,0.25456521739130433,0.27523856764928195,0.22283775996647281,0.42592592592592593,108.0,0.0,0.0,0.0,22.0,0.6122448979591837,0.44554455445544555,0.9782608695652174,46.0,0.0,0.0,0.0,15.0,0.0625,0.14285714285714285,0.04,25.0,,,,
p_732,0.13400389357560025,0.11375,0.24922600619195046,0.170355949719999,0.14787037037037037,0.3148148148148148,108.0,0.0,0.0,0.0,19.0,0.4925373134328358,0.33,0.9705882352941176,34.0,0.0,0.0,0.0,17.0,0.043478260869565216,0.125,0.02631578947368421,38.0,,,,
p_733,0.14377076411960132,0.1272984441301273,0.24412393162393162,0.2063768918420081,0.1799072764419299,0.35185185185185186,108.0,0.0,0.0,0.0,16.0,0.5285714285714286,0.36633663366336633,0.9487179487179487,39.0,0.0,0.0,0.0,17.0,0.046511627906976744,0.14285714285714285,0.027777777777777776,36.0,,,,
p_734,0.13513513513513514,0.09259259259259259,0.25,0.20020020020020018,0.1371742112482853,0.37037037037037035,108.0,0.5405405405405406,0.37037037037037035,1.0,40.0,0.0,0.0,0.0,33.0,0.0,0.0,0.0,17.0,0.0,0.0,0.0,18.0,,,,
p_735,0.12237762237762238,0.08101851851851852,0.25,0.15863765863765864,0.10502400548696844,0.32407407407407407,108.0,0.0,0.0,0.0,13.0,0.0,0.0,0.0,39.0,0.48951048951048953,0.32407407407407407,1.0,35.0,0.0,0.0,0.0,21.0,,,,
p_736,0.14705882352941177,0.10416666666666667,0.25,0.2450980392156863,0.1736111111111111,0.4166666666666667,108.0,0.5882352941176471,0.4166666666666667,1.0,45.0,0.0,0.0,0.0,13.0,0.0,0.0,0.0,21.0,0.0,0.0,0.0,29.0,,,,
p_737,0.09090909090909091,0.05555555555555555,0.25,0.0808080808080808,0.04938271604938271,0.2222222222222222,108.0,0.0,0.0,0.0,17.0,0.0,0.0,0.0,33.0,0.36363636363636365,0.2222222222222222,1.0,24.0,0.0,0.0,0.0,34.0,,,,
p_738,0.13758389261744966,0.09490740740740741,0.25,0.20892368878946058,0.14411865569272977,0.37962962962962965,108.0,0.5503355704697986,0.37962962962962965,1.0,41.0,0.0,0.0,0.0,27.0,0.0,0.0,0.0,15.0,0.0,0.0,0.0,25.0,,,,
p_739,0.14705882352941177,0.10416666666666667,0.25,0.2450980392156863,0.1736111111111111,0.4166666666666667,108.0,0.0,0.0,0.0,15.0,0.0,0.0,0.0,33.0,0.0,0.0,0.0,15.0,0.5882352941176471,0.4166666666666667,1.0,45.0,,,,
p_740,0.18353236957888122,0.20375,0.2505952380952381,0.3094839025071583,0.3170833333333334,0.4351851851851852,108.0,0.5945945945945946,0.44,0.9166666666666666,48.0,0.0,0.0,0.0,11.0,0.0,0.0,0.0,14.0,0.13953488372093023,0.375,0.08571428571428572,35.0,,,,
p_741,0.20120677651427246,0.2369165487977369,0.2916666666666667,0.2497271000403978,0.2593640316412594,0.3888888888888889,108.0,0.25806451612903225,0.5714285714285714,0.16666666666666666,24.0,0.0,0.0,0.0,22.0,0.0,0.0,0.0,24.0,0.5467625899280576,0.37623762376237624,1.0,38.0,,,,
p_742,0.13758389261744966,0.09490740740740741,0.25,0.20892368878946058,0.14411865569272977,0.37962962962962965,108.0,0.0,0.0,0.0,26.0,0.0,0.0,0.0,15.0,0.0,0.0,0.0,26.0,0.5503355704697986,0.37962962962962965,1.0,41.0,,,,
p_743,0.13513513513513514,0.09259259259259259,0.25,0.20020020020020018,0.1371742112482853,0.37037037037037035,108.0,0.5405405405405406,0.37037037037037035,1.0,40.0,0.0,0.0,0.0,20.0,0.0,0.0,0.0,21.0,0.0,0.0,0.0,27.0,,,,
p_744,0.10236220472440945,0.06435643564356436,0.25,0.09857101195683873,0.06197286395306198,0.24074074074074073,108.0,0.0,0.0,0.0,17.0,0.4094488188976378,0.25742574257425743,1.0,26.0,0.0,0.0,0.0,27.0,0.0,0.0,0.0,38.0,,,,
p_745,0.13541666666666666,0.09285714285714286,0.25,0.19560185185185186,0.13412698412698412,0.3611111111111111,108.0,0.0,0.0,0.0,23.0,0.0,0.0,0.0,25.0,0.5416666666666666,0.37142857142857144,1.0,39.0,0.0,0.0,0.0,21.0,,,,
p_746,0.14424141749723146,0.17644978783592646,0.2714285714285714,0.15884295147861038,0.21076274294096076,0.28703703703703703,108.0,0.0,0.0,0.0,16.0,0.0,0.0,0.0,29.0,0.43410852713178294,0.27722772277227725,1.0,28.0,0.14285714285714285,0.42857142857142855,0.08571428571428572,35.0,,,,
p_747,0.12709181365897784,0.10997171145685997,0.23688811188811187,0.1514062683216912,0.12515061029912514,0.28703703703703703,108.0,0.06060606060606061,0.14285714285714285,0.038461538461538464,26.0,0.0,0.0,0.0,34.0,0.0,0.0,0.0,15.0,0.44776119402985076,0.297029702970297,0.9090909090909091,33.0,,,,
p_748,0.16255886970172684,0.22875,0.27215447154471545,0.2014070585499157,0.3178240740740741,0.3148148148148148,108.0,0.20408163265306123,0.625,0.12195121951219512,41.0,0.0,0.0,0.0,11.0,0.0,0.0,0.0,26.0,0.4461538461538462,0.29,0.9666666666666667,30.0,,,,
p_749,0.14109848484848486,0.15441176470588236,0.2608974358974359,0.15214646464646464,0.15922294843863471,0.28703703703703703,108.0,0.0,0.0,0.0,32.0,0.0,0.0,0.0,20.0,0.125,0.3333333333333333,0.07692307692307693,26.0,0.4393939393939394,0.28431372549019607,0.9666666666666667,30.0,,,,
p_750,0.1369092273068267,0.13826025459688826,0.2619047619047619,0.13720096690839376,0.1327989941851328,0.26851851851851855,108.0,0.0,0.0,0.0,37.0,0.12903225806451613,0.2857142857142857,0.08333333333333333,24.0,0.0,0.0,0.0,19.0,0.4186046511627907,0.26732673267326734,0.9642857142857143,28.0,,,,
p_751,0.1442890442890443,0.16299392097264437,0.2648462354188759,0.1592765259431926,0.2102752448497129,0.25,108.0,0.21818181818181817,0.42857142857142855,0.14634146341463414,41.0,0.0,0.0,0.0,12.0,0.0,0.0,0.0,32.0,0.358974358974359,0.22340425531914893,0.9130434782608695,23.0,,,,
p_752,0.10149488591660111,0.0876944837340877,0.2490530303030303,0.08389427980301309,0.07410026716957409,0.2037037037037037,108.0,0.34146341463414637,0.2079207920792079,0.9545454545454546,22.0,0.06451612903225806,0.14285714285714285,0.041666666666666664,24.0,0.0,0.0,0.0,34.0,0.0,0.0,0.0,28.0,,,,
p_753,0.13513513513513514,0.09259259259259259,0.25,0.20020020020020018,0.1371742112482853,0.37037037037037035,108.0,0.0,0.0,0.0,39.0,0.0,0.0,0.0,6.0,0.5405405405405406,0.37037037037037035,1.0,40.0,0.0,0.0,0.0,23.0,,,,
p_754,0.1913265306122449,0.19117647058823528,0.2722222222222222,0.27721088435374147,0.23529411764705885,0.42592592592592593,108.0,0.16666666666666666,0.3333333333333333,0.1111111111111111,18.0,0.0,0.0,0.0,17.0,0.5986394557823129,0.43137254901960786,0.9777777777777777,45.0,0.0,0.0,0.0,28.0,,,,
p_755,0.09701492537313433,0.06018518518518518,0.25,0.09342177998894417,0.057956104252400546,0.24074074074074073,108.0,0.3880597014925373,0.24074074074074073,1.0,26.0,0.0,0.0,0.0,25.0,0.0,0.0,0.0,17.0,0.0,0.0,0.0,40.0,,,,
p_756,0.1284722222222222,0.0880952380952381,0.23717948717948717,0.18557098765432098,0.12724867724867725,0.3425925925925926,108.0,0.0,0.0,0.0,25.0,0.5138888888888888,0.3523809523809524,0.9487179487179487,39.0,0.0,0.0,0.0,23.0,0.0,0.0,0.0,21.0,,,,
p_757,0.11702127659574468,0.0763888888888889,0.25,0.1430260047281324,0.09336419753086421,0.3055555555555556,108.0,0.0,0.0,0.0,30.0,0.0,0.0,0.0,6.0,0.0,0.0,0.0,39.0,0.46808510638297873,0.3055555555555556,1.0,33.0,,,,
p_758,0.125,0.08571428571428572,0.23076923076923078,0.18055555555555555,0.12380952380952381,0.3333333333333333,108.0,0.0,0.0,0.0,29.0,0.0,0.0,0.0,14.0,0.0,0.0,0.0,26.0,0.5,0.34285714285714286,0.9230769230769231,39.0,,,,
p_759,0.14750445632798576,0.12125,0.26,0.19049976893114148,0.1489351851851852,0.3425925925925926,108.0,0.0,0.0,0.0,34.0,0.0,0.0,0.0,13.0,0.06060606060606061,0.125,0.04,25.0,0.5294117647058824,0.36,1.0,36.0,,,,
p_760,0.125,0.08333333333333333,0.25,0.16666666666666666,0.1111111111111111,0.3333333333333333,108.0,0.0,0.0,0.0,28.0,0.0,0.0,0.0,14.0,0.5,0.3333333333333333,1.0,36.0,0.0,0.0,0.0,30.0,,,,
p_761,0.20545454545454545,0.22595473833097596,0.2737441130298273,0.33414141414141413,0.31879616533081884,0.4722222222222222,108.0,0.18181818181818182,0.42857142857142855,0.11538461538461539,26.0,0.0,0.0,0.0,11.0,0.64,0.4752475247524752,0.9795918367346939,49.0,0.0,0.0,0.0,22.0,,,,
p_762,0.12237762237762238,0.08101851851851852,0.25,0.15863765863765864,0.10502400548696844,0.32407407407407407,108.0,0.48951048951048953,0.32407407407407407,1.0,35.0,0.0,0.0,0.0,15.0,0.0,0.0,0.0,44.0,0.0,0.0,0.0,14.0,,,,
p_763,0.16666666666666666,0.125,0.25,0.3333333333333333,0.25,0.5,108.0,0.6666666666666666,0.5,1.0,54.0,0.0,0.0,0.0,11.0,0.0,0.0,0.0,12.0,0.0,0.0,0.0,31.0,,,,
p_764,0.1590909090909091,0.21711456859971712,0.2689625108979948,0.19276094276094274,0.281025721619781,0.3148148148148148,108.0,0.45454545454545453,0.297029702970297,0.967741935483871,31.0,0.0,0.0,0.0,17.0,0.18181818181818182,0.5714285714285714,0.10810810810810811,37.0,0.0,0.0,0.0,23.0,,,,
p_765,0.14935064935064934,0.10648148148148148,0.25,0.2544492544492544,0.18141289437585734,0.42592592592592593,108.0,0.5974025974025974,0.42592592592592593,1.0,46.0,0.0,0.0,0.0,23.0,0.0,0.0,0.0,16.0,0.0,0.0,0.0,23.0,,,,
p_766,0.1326530612244898,0.09027777777777778,0.25,0.19160997732426305,0.13040123456790123,0.3611111111111111,108.0,0.0,0.0,0.0,33.0,0.0,0.0,0.0,7.0,0.5306122448979592,0.3611111111111111,1.0,39.0,0.0,0.0,0.0,29.0,,,,
p_767,0.16037735849056603,0.11805555555555555,0.25,0.30293501048218024,0.22299382716049382,0.4722222222222222,108.0,0.6415094339622641,0.4722222222222222,1.0,51.0,0.0,0.0,0.0,5.0,0.0,0.0,0.0,36.0,0.0,0.0,0.0,16.0,,,,
p_768,0.18786127167630057,0.15046296296296297,0.25,0.4522586169985014,0.36222565157750347,0.6018518518518519,108.0,0.7514450867052023,0.6018518518518519,1.0,65.0,0.0,0.0,0.0,14.0,0.0,0.0,0.0,19.0,0.0,0.0,0.0,10.0,,,,
p_769,0.18095156303675713,0.20862800565770862,0.27205882352941174,0.26529320457523825,0.28902771229503904,0.4074074074074074,108.0,0.14634146341463414,0.42857142857142855,0.08823529411764706,34.0,0.0,0.0,0.0,12.0,0.0,0.0,0.0,21.0,0.5774647887323944,0.40594059405940597,1.0,41.0,,,,
p_770,0.1746987951807229,0.13425925925925927,0.25,0.37527889335118253,0.28840877914951996,0.5370370370370371,108.0,0.6987951807228916,0.5370370370370371,1.0,58.0,0.0,0.0,0.0,13.0,0.0,0.0,0.0,18.0,0.0,0.0,0.0,19.0,,,,
p_771,0.1347517730496454,0.09313725490196079,0.24358974358974358,0.1946414499605989,0.13453159041394336,0.35185185185185186,108.0,0.0,0.0,0.0,18.0,0.0,0.0,0.0,34.0,0.0,0.0,0.0,17.0,0.5390070921985816,0.37254901960784315,0.9743589743589743,39.0,,,,
p_772,0.1341901603095633,0.11244695898161244,0.24734848484848487,0.15509387220277215,0.12023940489287023,0.2962962962962963,108.0,0.4626865671641791,0.3069306930693069,0.9393939393939394,33.0,0.0,0.0,0.0,20.0,0.07407407407407407,0.14285714285714285,0.05,20.0,0.0,0.0,0.0,35.0,,,,
p_773,0.1326530612244898,0.09027777777777778,0.25,0.19160997732426305,0.13040123456790123,0.3611111111111111,108.0,0.5306122448979592,0.3611111111111111,1.0,39.0,0.0,0.0,0.0,22.0,0.0,0.0,0.0,20.0,0.0,0.0,0.0,27.0,,,,
p_774,0.15786713286713286,0.16548797736916548,0.24134199134199136,0.23723776223776222,0.2336162187647336,0.37037037037037035,108.0,0.5314685314685315,0.37623762376237624,0.9047619047619048,42.0,0.0,0.0,0.0,14.0,0.0,0.0,0.0,19.0,0.1,0.2857142857142857,0.06060606060606061,33.0,,,,
p_775,0.1687116564417178,0.12731481481481483,0.25,0.34367189275164733,0.25934499314128945,0.5092592592592593,108.0,0.6748466257668712,0.5092592592592593,1.0,55.0,0.0,0.0,0.0,16.0,0.0,0.0,0.0,21.0,0.0,0.0,0.0,16.0,,,,
p_776,0.12642314990512332,0.10997171145685997,0.22470238095238093,0.15731077377187433,0.128005657708628,0.28703703703703703,108.0,0.4411764705882353,0.297029702970297,0.8571428571428571,35.0,0.06451612903225806,0.14285714285714285,0.041666666666666664,24.0,0.0,0.0,0.0,34.0,0.0,0.0,0.0,15.0,,,,
p_777,0.15161290322580645,0.1087962962962963,0.25,0.26391875746714455,0.18938614540466392,0.4351851851851852,108.0,0.0,0.0,0.0,23.0,0.0,0.0,0.0,19.0,0.6064516129032258,0.4351851851851852,1.0,47.0,0.0,0.0,0.0,19.0,,,,
p_778,0.17073170731707318,0.12962962962962962,0.25,0.3541102077687444,0.2688614540466392,0.5185185185185185,108.0,0.6829268292682927,0.5185185185185185,1.0,56.0,0.0,0.0,0.0,13.0,0.0,0.0,0.0,23.0,0.0,0.0,0.0,16.0,,,,
p_779,0.12758620689655173,0.08564814814814815,0.25,0.1748403575989783,0.11736968449931415,0.3425925925925926,108.0,0.0,0.0,0.0,30.0,0.0,0.0,0.0,28.0,0.5103448275862069,0.3425925925925926,1.0,37.0,0.0,0.0,0.0,13.0,,,,
p_780,0.14705882352941177,0.10416666666666667,0.25,0.2450980392156863,0.1736111111111111,0.4166666666666667,108.0,0.5882352941176471,0.4166666666666667,1.0,45.0,0.0,0.0,0.0,20.0,0.0,0.0,0.0,18.0,0.0,0.0,0.0,25.0,,,,
p_781,0.1503267973856209,0.10952380952380952,0.23958333333333334,0.2672476397966594,0.19470899470899472,0.42592592592592593,108.0,0.6013071895424836,0.4380952380952381,0.9583333333333334,48.0,0.0,0.0,0.0,11.0,0.0,0.0,0.0,21.0,0.0,0.0,0.0,28.0,,,,
p_782,0.16037735849056603,0.11805555555555555,0.25,0.30293501048218024,0.22299382716049382,0.4722222222222222,108.0,0.6415094339622641,0.4722222222222222,1.0,51.0,0.0,0.0,0.0,29.0,0.0,0.0,0.0,20.0,0.0,0.0,0.0,8.0,,,,
p_783,0.15822784810126583,0.11574074074074074,0.25,0.29301453352086265,0.21433470507544583,0.46296296296296297,108.0,0.6329113924050633,0.46296296296296297,1.0,50.0,0.0,0.0,0.0,25.0,0.0,0.0,0.0,16.0,0.0,0.0,0.0,17.0,,,,
p_784,0.17521008403361343,0.18375,0.2777777777777778,0.21932773109243697,0.21375,0.3611111111111111,108.0,0.0,0.0,0.0,26.0,0.17142857142857143,0.375,0.1111111111111111,27.0,0.5294117647058824,0.36,1.0,36.0,0.0,0.0,0.0,19.0,,,,
p_785,0.15365296803652967,0.17857142857142855,0.2531616982836495,0.22468290208016234,0.2279541446208113,0.37962962962962965,108.0,0.547945205479452,0.38095238095238093,0.975609756097561,41.0,0.06666666666666667,0.3333333333333333,0.037037037037037035,27.0,0.0,0.0,0.0,27.0,0.0,0.0,0.0,13.0,,,,
p_786,0.15161290322580645,0.1087962962962963,0.25,0.26391875746714455,0.18938614540466392,0.4351851851851852,108.0,0.6064516129032258,0.4351851851851852,1.0,47.0,0.0,0.0,0.0,18.0,0.0,0.0,0.0,30.0,0.0,0.0,0.0,13.0,,,,
p_787,0.13513513513513514,0.09259259259259259,0.25,0.20020020020020018,0.1371742112482853,0.37037037037037035,108.0,0.5405405405405406,0.37037037037037035,1.0,40.0,0.0,0.0,0.0,21.0,0.0,0.0,0.0,38.0,0.0,0.0,0.0,9.0,,,,
p_788,0.1423841059602649,0.09953703703703703,0.25,0.22675987245523668,0.15852194787379972,0.39814814814814814,108.0,0.5695364238410596,0.39814814814814814,1.0,43.0,0.0,0.0,0.0,22.0,0.0,0.0,0.0,19.0,0.0,0.0,0.0,24.0,,,,
p_789,0.13013698630136986,0.08796296296296297,0.25,0.18315575849822424,0.1237997256515775,0.35185185185185186,108.0,0.5205479452054794,0.35185185185185186,1.0,38.0,0.0,0.0,0.0,30.0,0.0,0.0,0.0,21.0,0.0,0.0,0.0,19.0,,,,
p_790,0.1625,0.12037037037037036,0.25,0.312962962962963,0.23182441700960219,0.48148148148148145,108.0,0.65,0.48148148148148145,1.0,52.0,0.0,0.0,0.0,9.0,0.0,0.0,0.0,28.0,0.0,0.0,0.0,19.0,,,,
p_791,0.1423841059602649,0.09953703703703703,0.25,0.22675987245523668,0.15852194787379972,0.39814814814814814,108.0,0.5695364238410596,0.39814814814814814,1.0,43.0,0.0,0.0,0.0,24.0,0.0,0.0,0.0,15.0,0.0,0.0,0.0,26.0,,,,
p_792,0.14473684210526316,0.10185185185185185,0.25,0.23586744639376217,0.16598079561042522,0.4074074074074074,108.0,0.5789473684210527,0.4074074074074074,1.0,44.0,0.0,0.0,0.0,22.0,0.0,0.0,0.0,15.0,0.0,0.0,0.0,27.0,,,,
p_793,0.16536050156739812,0.19925742574257427,0.27454417952314164,0.17453268315337278,0.19174000733406674,0.3055555555555556,108.0,0.45454545454545453,0.297029702970297,0.967741935483871,31.0,0.20689655172413793,0.5,0.13043478260869565,23.0,0.0,0.0,0.0,34.0,0.0,0.0,0.0,20.0,,,,
p_794,0.15161290322580645,0.1087962962962963,0.25,0.26391875746714455,0.18938614540466392,0.4351851851851852,108.0,0.6064516129032258,0.4351851851851852,1.0,47.0,0.0,0.0,0.0,30.0,0.0,0.0,0.0,14.0,0.0,0.0,0.0,17.0,,,,
p_795,0.14891774891774892,0.19362745098039216,0.2591954022988506,0.1638768638768639,0.21051198257080608,0.28703703703703703,108.0,0.42424242424242425,0.27450980392156865,0.9333333333333333,30.0,0.0,0.0,0.0,22.0,0.0,0.0,0.0,27.0,0.17142857142857143,0.5,0.10344827586206896,29.0,,,,
p_796,0.13758389261744966,0.09490740740740741,0.25,0.20892368878946058,0.14411865569272977,0.37962962962962965,108.0,0.5503355704697986,0.37962962962962965,1.0,41.0,0.0,0.0,0.0,20.0,0.0,0.0,0.0,34.0,0.0,0.0,0.0,13.0,,,,
p_797,0.17904135338345864,0.2195898161244696,0.2821875,0.19599345586187691,0.2232175598512232,0.32407407407407407,108.0,0.25,0.5714285714285714,0.16,25.0,0.46616541353383456,0.3069306930693069,0.96875,32.0,0.0,0.0,0.0,36.0,0.0,0.0,0.0,15.0,,,,
p_798,0.14473684210526316,0.10185185185185185,0.25,0.23586744639376217,0.16598079561042522,0.4074074074074074,108.0,0.5789473684210527,0.4074074074074074,1.0,44.0,0.0,0.0,0.0,12.0,0.0,0.0,0.0,28.0,0.0,0.0,0.0,24.0,,,,
p_799,0.125,0.08333333333333333,0.25,0.16666666666666666,0.1111111111111111,0.3333333333333333,108.0,0.0,0.0,0.0,28.0,0.5,0.3333333333333333,1.0,36.0,0.0,0.0,0.0,27.0,0.0,0.0,0.0,17.0,,,,
p_800,0.11956521739130435,0.08168316831683169,0.22297297297297297,0.1638486312399356,0.11193619361936194,0.3055555555555556,108.0,0.4782608695652174,0.32673267326732675,0.8918918918918919,37.0,0.0,0.0,0.0,25.0,0.0,0.0,0.0,31.0,0.0,0.0,0.0,15.0,,,,
p_801,0.1423841059602649,0.09953703703703703,0.25,0.22675987245523668,0.15852194787379972,0.39814814814814814,108.0,0.0,0.0,0.0,35.0,0.0,0.0,0.0,11.0,0.0,0.0,0.0,19.0,0.5695364238410596,0.39814814814814814,1.0,43.0,,,,
p_802,0.10869565217391304,0.06944444444444445,0.25,0.12077294685990338,0.0771604938271605,0.2777777777777778,108.0,0.43478260869565216,0.2777777777777778,1.0,30.0,0.0,0.0,0.0,25.0,0.0,0.0,0.0,26.0,0.0,0.0,0.0,27.0,,,,
p_803,0.11957411957411958,0.10502121640735503,0.23413978494623655,0.13678830345497012,0.11925716381161926,0.26851851851851855,108.0,0.05405405405405406,0.14285714285714285,0.03333333333333333,30.0,0.0,0.0,0.0,27.0,0.42424242424242425,0.27722772277227725,0.9032258064516129,31.0,0.0,0.0,0.0,20.0,,,,
p_804,0.1462121212121212,0.16414141414141414,0.2571301247771836,0.1796296296296296,0.2037037037037037,0.3148148148148148,108.0,0.1,0.3333333333333333,0.058823529411764705,34.0,0.48484848484848486,0.32323232323232326,0.9696969696969697,33.0,0.0,0.0,0.0,28.0,0.0,0.0,0.0,13.0,,,,
p_805,0.16552422495715843,0.2528288543140028,0.27976190476190477,0.20659154246940506,0.36028602860286024,0.32407407407407407,108.0,0.20408163265306123,0.7142857142857143,0.11904761904761904,42.0,0.4580152671755725,0.297029702970297,1.0,30.0,0.0,0.0,0.0,27.0,0.0,0.0,0.0,9.0,,,,
p_806,0.1326530612244898,0.09027777777777778,0.25,0.19160997732426305,0.13040123456790123,0.3611111111111111,108.0,0.5306122448979592,0.3611111111111111,1.0,39.0,0.0,0.0,0.0,10.0,0.0,0.0,0.0,22.0,0.0,0.0,0.0,37.0,,,,
p_807,0.17073170731707318,0.12962962962962962,0.25,0.3541102077687444,0.2688614540466392,0.5185185185185185,108.0,0.6829268292682927,0.5185185185185185,1.0,56.0,0.0,0.0,0.0,26.0,0.0,0.0,0.0,15.0,0.0,0.0,0.0,11.0,,,,
p_808,0.15210622710622712,0.13224893917963226,0.2578125,0.21638515805182473,0.18176698622243176,0.37037037037037035,108.0,0.05128205128205128,0.14285714285714285,0.03125,32.0,0.0,0.0,0.0,14.0,0.0,0.0,0.0,23.0,0.5571428571428572,0.38613861386138615,1.0,39.0,,,,
p_809,0.17272727272727273,0.13194444444444445,0.25,0.36464646464646466,0.2785493827160494,0.5277777777777778,108.0,0.6909090909090909,0.5277777777777778,1.0,57.0,0.0,0.0,0.0,18.0,0.0,0.0,0.0,18.0,0.0,0.0,0.0,15.0,,,,
p_810,0.13889406069633214,0.13131313131313133,0.25,0.16461518304750478,0.1556303778526001,0.2962962962962963,108.0,0.0975609756097561,0.2222222222222222,0.0625,32.0,0.0,0.0,0.0,25.0,0.0,0.0,0.0,19.0,0.4580152671755725,0.30303030303030304,0.9375,32.0,,,,
p_811,0.12249466950959488,0.10749646393210749,0.22862554112554112,0.1470702045328911,0.12477081041437475,0.2777777777777778,108.0,0.43283582089552236,0.2871287128712871,0.8787878787878788,33.0,0.05714285714285714,0.14285714285714285,0.03571428571428571,28.0,0.0,0.0,0.0,14.0,0.0,0.0,0.0,33.0,,,,
p_812,0.12758620689655173,0.08564814814814815,0.25,0.1748403575989783,0.11736968449931415,0.3425925925925926,108.0,0.0,0.0,0.0,43.0,0.5103448275862069,0.3425925925925926,1.0,37.0,0.0,0.0,0.0,9.0,0.0,0.0,0.0,19.0,,,,
p_813,0.125,0.08333333333333333,0.25,0.16666666666666666,0.1111111111111111,0.3333333333333333,108.0,0.5,0.3333333333333333,1.0,36.0,0.0,0.0,0.0,31.0,0.0,0.0,0.0,28.0,0.0,0.0,0.0,13.0,,,,
p_814,0.12318840579710146,0.08415841584158416,0.22972972972972974,0.1688137412775094,0.11532819948661534,0.3148148148148148,108.0,0.4927536231884058,0.33663366336633666,0.918918918918919,37.0,0.0,0.0,0.0,15.0,0.0,0.0,0.0,20.0,0.0,0.0,0.0,36.0,,,,
p_815,0.19335664335664338,0.24434229137199434,0.27435064935064934,0.2841103341103341,0.3324689611818325,0.4166666666666667,108.0,0.5734265734265734,0.40594059405940597,0.9761904761904762,42.0,0.0,0.0,0.0,12.0,0.2,0.5714285714285714,0.12121212121212122,33.0,0.0,0.0,0.0,21.0,,,,
p_816,0.15822784810126583,0.11574074074074074,0.25,0.29301453352086265,0.21433470507544583,0.46296296296296297,108.0,0.6329113924050633,0.46296296296296297,1.0,50.0,0.0,0.0,0.0,19.0,0.0,0.0,0.0,17.0,0.0,0.0,0.0,22.0,,,,
p_817,0.14705882352941177,0.10416666666666667,0.25,0.2450980392156863,0.1736111111111111,0.4166666666666667,108.0,0.5882352941176471,0.4166666666666667,1.0,45.0,0.0,0.0,0.0,15.0,0.0,0.0,0.0,20.0,0.0,0.0,0.0,28.0,,,,
p_818,0.19142857142857142,0.1550925925925926,0.25,0.475026455026455,0.3848593964334705,0.6203703703703703,108.0,0.7657142857142857,0.6203703703703703,1.0,67.0,0.0,0.0,0.0,16.0,0.0,0.0,0.0,12.0,0.0,0.0,0.0,13.0,,,,
p_819,0.14705882352941177,0.10416666666666667,0.25,0.2450980392156863,0.1736111111111111,0.4166666666666667,108.0,0.0,0.0,0.0,36.0,0.0,0.0,0.0,16.0,0.5882352941176471,0.4166666666666667,1.0,45.0,0.0,0.0,0.0,11.0,,,,
p_820,0.11455422910845822,0.09759547383309759,0.25080128205128205,0.10911673675199204,0.09133532400859135,0.24074074074074073,108.0,0.0,0.0,0.0,38.0,0.06451612903225806,0.14285714285714285,0.041666666666666664,24.0,0.0,0.0,0.0,20.0,0.3937007874015748,0.24752475247524752,0.9615384615384616,26.0,,,,
p_821,0.1408831908831909,0.13826025459688826,0.25775862068965516,0.1389733037881186,0.1246922311278747,0.26851851851851855,108.0,0.0,0.0,0.0,31.0,0.4153846153846154,0.26732673267326734,0.9310344827586207,29.0,0.14814814814814814,0.2857142857142857,0.1,20.0,0.0,0.0,0.0,28.0,,,,
p_822,0.12237762237762238,0.08101851851851852,0.25,0.15863765863765864,0.10502400548696844,0.32407407407407407,108.0,0.0,0.0,0.0,23.0,0.0,0.0,0.0,25.0,0.0,0.0,0.0,25.0,0.48951048951048953,0.32407407407407407,1.0,35.0,,,,
p_823,0.12237762237762238,0.08101851851851852,0.25,0.15863765863765864,0.10502400548696844,0.32407407407407407,108.0,0.48951048951048953,0.32407407407407407,1.0,35.0,0.0,0.0,0.0,11.0,0.0,0.0,0.0,22.0,0.0,0.0,0.0,40.0,,,,
p_824,0.18650534118160017,0.22949080622347948,0.26872469635627527,0.23555297176400294,0.2594949971187595,0.3611111111111111,108.0,0.0,0.0,0.0,22.0,0.24242424242424243,0.5714285714285714,0.15384615384615385,26.0,0.0,0.0,0.0,22.0,0.5035971223021583,0.3465346534653465,0.9210526315789473,38.0,,,,
p_825,0.15822784810126583,0.11574074074074074,0.25,0.29301453352086265,0.21433470507544583,0.46296296296296297,108.0,0.6329113924050633,0.46296296296296297,1.0,50.0,0.0,0.0,0.0,8.0,0.0,0.0,0.0,29.0,0.0,0.0,0.0,21.0,,,,
p_826,0.1464300121016539,0.15063649222065062,0.2590909090909091,0.1759670117879073,0.17617476033317617,0.3148148148148148,108.0,0.0,0.0,0.0,26.0,0.47761194029850745,0.31683168316831684,0.9696969696969697,33.0,0.0,0.0,0.0,19.0,0.10810810810810811,0.2857142857142857,0.06666666666666667,30.0,,,,
p_827,0.15384615384615385,0.1111111111111111,0.25,0.27350427350427353,0.19753086419753085,0.4444444444444444,108.0,0.6153846153846154,0.4444444444444444,1.0,48.0,0.0,0.0,0.0,14.0,0.0,0.0,0.0,31.0,0.0,0.0,0.0,15.0,,,,
p_828,0.13758389261744966,0.09490740740740741,0.25,0.20892368878946058,0.14411865569272977,0.37962962962962965,108.0,0.5503355704697986,0.37962962962962965,1.0,41.0,0.0,0.0,0.0,15.0,0.0,0.0,0.0,23.0,0.0,0.0,0.0,29.0,,,,
p_829,0.15384615384615385,0.1111111111111111,0.25,0.27350427350427353,0.19753086419753085,0.4444444444444444,108.0,0.6153846153846154,0.4444444444444444,1.0,48.0,0.0,0.0,0.0,13.0,0.0,0.0,0.0,43.0,0.0,0.0,0.0,4.0,,,,
p_830,0.12937062937062938,0.0889423076923077,0.23717948717948717,0.18686868686868688,0.1284722222222222,0.3425925925925926,108.0,0.5174825174825175,0.3557692307692308,0.9487179487179487,39.0,0.0,0.0,0.0,14.0,0.0,0.0,0.0,36.0,0.0,0.0,0.0,19.0,,,,
p_831,0.1625,0.12037037037037036,0.25,0.312962962962963,0.23182441700960219,0.48148148148148145,108.0,0.65,0.48148148148148145,1.0,52.0,0.0,0.0,0.0,19.0,0.0,0.0,0.0,19.0,0.0,0.0,0.0,18.0,,,,
p_832,0.14736928913079334,0.25,0.25555555555555554,0.1999376912786116,0.35802469135802467,0.3425925925925926,108.0,0.49645390070921985,0.3333333333333333,0.9722222222222222,36.0,0.0,0.0,0.0,12.0,0.09302325581395349,0.6666666666666666,0.05,40.0,0.0,0.0,0.0,20.0,,,,
p_833,0.1660893946890978,0.17676767676767677,0.242296918767507,0.24802536331482397,0.250280583613917,0.37037037037037035,108.0,0.524822695035461,0.37373737373737376,0.8809523809523809,42.0,0.0,0.0,0.0,24.0,0.13953488372093023,0.3333333333333333,0.08823529411764706,34.0,0.0,0.0,0.0,8.0,,,,
p_834,0.10583941605839416,0.06712962962962964,0.25,0.1136793728034604,0.07210219478737999,0.26851851851851855,108.0,0.4233576642335766,0.26851851851851855,1.0,29.0,0.0,0.0,0.0,15.0,0.0,0.0,0.0,34.0,0.0,0.0,0.0,30.0,,,,
p_835,0.17073170731707318,0.12962962962962962,0.25,0.3541102077687444,0.2688614540466392,0.5185185185185185,108.0,0.6829268292682927,0.5185185185185185,1.0,56.0,0.0,0.0,0.0,19.0,0.0,0.0,0.0,25.0,0.0,0.0,0.0,8.0,,,,
p_836,0.125,0.08333333333333333,0.25,0.16666666666666666,0.1111111111111111,0.3333333333333333,108.0,0.0,0.0,0.0,23.0,0.0,0.0,0.0,17.0,0.5,0.3333333333333333,1.0,36.0,0.0,0.0,0.0,32.0,,,,
p_837,0.1739674593241552,0.2369165487977369,0.2602272727272727,0.2635393006690462,0.3721515008643721,0.3888888888888889,108.0,0.1568627450980392,0.5714285714285714,0.09090909090909091,44.0,0.0,0.0,0.0,17.0,0.5390070921985816,0.37623762376237624,0.95,40.0,0.0,0.0,0.0,7.0,,,,
p_838,0.125,0.08333333333333333,0.25,0.16666666666666666,0.1111111111111111,0.3333333333333333,108.0,0.0,0.0,0.0,32.0,0.0,0.0,0.0,21.0,0.5,0.3333333333333333,1.0,36.0,0.0,0.0,0.0,19.0,,,,
p_839,0.12758620689655173,0.08564814814814815,0.25,0.1748403575989783,0.11736968449931415,0.3425925925925926,108.0,0.0,0.0,0.0,36.0,0.0,0.0,0.0,25.0,0.5103448275862069,0.3425925925925926,1.0,37.0,0.0,0.0,0.0,10.0,,,,
p_840,0.15605095541401273,0.11342592592592593,0.25,0.28320358575135646,0.20584705075445817,0.4537037037037037,108.0,0.0,0.0,0.0,36.0,0.0,0.0,0.0,14.0,0.6242038216560509,0.4537037037037037,1.0,49.0,0.0,0.0,0.0,9.0,,,,
p_841,0.1580907830907831,0.18571428571428572,0.2569444444444444,0.24845037345037344,0.2741622574955908,0.4074074074074074,108.0,0.0,0.0,0.0,17.0,0.581081081081081,0.4095238095238095,1.0,43.0,0.05128205128205128,0.3333333333333333,0.027777777777777776,36.0,0.0,0.0,0.0,12.0,,,,
p_842,0.14705882352941177,0.10416666666666667,0.25,0.2450980392156863,0.1736111111111111,0.4166666666666667,108.0,0.0,0.0,0.0,31.0,0.0,0.0,0.0,16.0,0.5882352941176471,0.4166666666666667,1.0,45.0,0.0,0.0,0.0,16.0,,,,
p_843,0.14681159420289855,0.12745098039215685,0.25621345029239767,0.1831561996779388,0.14370007262164125,0.3333333333333333,108.0,0.0,0.0,0.0,26.0,0.0,0.0,0.0,27.0,0.5072463768115942,0.3431372549019608,0.9722222222222222,36.0,0.08,0.16666666666666666,0.05263157894736842,19.0,,,,
p_844,0.16037735849056603,0.11805555555555555,0.25,0.30293501048218024,0.22299382716049382,0.4722222222222222,108.0,0.0,0.0,0.0,21.0,0.6415094339622641,0.4722222222222222,1.0,51.0,0.0,0.0,0.0,24.0,0.0,0.0,0.0,12.0,,,,
p_845,0.18961352657004832,0.1987270155586987,0.2875,0.2248613347647164,0.20486929645345486,0.37037037037037035,108.0,0.2222222222222222,0.42857142857142855,0.15,20.0,0.0,0.0,0.0,20.0,0.5362318840579711,0.36633663366336633,1.0,37.0,0.0,0.0,0.0,31.0,,,,
p_846,0.12758620689655173,0.0880952380952381,0.23125,0.18901660280970628,0.1305114638447972,0.3425925925925926,108.0,0.0,0.0,0.0,27.0,0.0,0.0,0.0,27.0,0.5103448275862069,0.3523809523809524,0.925,40.0,0.0,0.0,0.0,14.0,,,,
p_847,0.15111838516093837,0.13224893917963226,0.2515625,0.22008041866197897,0.1853423437581853,0.37037037037037035,108.0,0.0,0.0,0.0,16.0,0.5531914893617021,0.38613861386138615,0.975,40.0,0.05128205128205128,0.14285714285714285,0.03125,32.0,0.0,0.0,0.0,20.0,,,,
p_848,0.1423841059602649,0.09953703703703703,0.25,0.22675987245523668,0.15852194787379972,0.39814814814814814,108.0,0.5695364238410596,0.39814814814814814,1.0,43.0,0.0,0.0,0.0,15.0,0.0,0.0,0.0,33.0,0.0,0.0,0.0,17.0,,,,
p_849,0.14473684210526316,0.10185185185185185,0.25,0.23586744639376217,0.16598079561042522,0.4074074074074074,108.0,0.0,0.0,0.0,28.0,0.0,0.0,0.0,25.0,0.0,0.0,0.0,11.0,0.5789473684210527,0.4074074074074074,1.0,44.0,,,,
p_850,0.13013698630136986,0.08796296296296297,0.25,0.18315575849822424,0.1237997256515775,0.35185185185185186,108.0,0.0,0.0,0.0,27.0,0.5205479452054794,0.35185185185185186,1.0,38.0,0.0,0.0,0.0,21.0,0.0,0.0,0.0,22.0,,,,
p_851,0.12222222222222222,0.08168316831683169,0.2426470588235294,0.15390946502057612,0.10286028602860287,0.3055555555555556,108.0,0.0,0.0,0.0,23.0,0.0,0.0,0.0,35.0,0.4888888888888889,0.32673267326732675,0.9705882352941176,34.0,0.0,0.0,0.0,16.0,,,,
p_852,0.10074626865671642,0.06428571428571428,0.23275862068965517,0.10820895522388059,0.06904761904761904,0.25,108.0,0.0,0.0,0.0,30.0,0.0,0.0,0.0,26.0,0.40298507462686567,0.2571428571428571,0.9310344827586207,29.0,0.0,0.0,0.0,23.0,,,,
p_853,0.1326530612244898,0.09027777777777778,0.25,0.19160997732426305,0.13040123456790123,0.3611111111111111,108.0,0.5306122448979592,0.3611111111111111,1.0,39.0,0.0,0.0,0.0,14.0,0.0,0.0,0.0,30.0,0.0,0.0,0.0,25.0,,,,
p_854,0.12658227848101267,0.09259259259259259,0.2,0.29301453352086265,0.21433470507544583,0.46296296296296297,108.0,0.0,0.0,0.0,29.0,0.0,0.0,0.0,10.0,0.6329113924050633,0.46296296296296297,1.0,50.0,0.0,0.0,0.0,18.0,0.0,0.0,0.0,1.0
p_855,0.15161290322580645,0.1087962962962963,0.25,0.26391875746714455,0.18938614540466392,0.4351851851851852,108.0,0.0,0.0,0.0,23.0,0.0,0.0,0.0,25.0,0.6064516129032258,0.4351851851851852,1.0,47.0,0.0,0.0,0.0,13.0,,,,
p_856,0.14473684210526316,0.10185185185185185,0.25,0.23586744639376217,0.16598079561042522,0.4074074074074074,108.0,0.5789473684210527,0.4074074074074074,1.0,44.0,0.0,0.0,0.0,6.0,0.0,0.0,0.0,32.0,0.0,0.0,0.0,26.0,,,,
p_857,0.1499433106575964,0.17857142857142855,0.24567099567099565,0.22861552028218693,0.25,0.37962962962962965,108.0,0.54421768707483,0.38095238095238093,0.9523809523809523,42.0,0.0,0.0,0.0,20.0,0.05555555555555555,0.3333333333333333,0.030303030303030304,33.0,0.0,0.0,0.0,13.0,,,,
p_858,0.14473684210526316,0.10185185185185185,0.25,0.23586744639376217,0.16598079561042522,0.4074074074074074,108.0,0.0,0.0,0.0,25.0,0.0,0.0,0.0,13.0,0.0,0.0,0.0,26.0,0.5789473684210527,0.4074074074074074,1.0,44.0,,,,
p_859,0.1481191222570533,0.1568627450980392,0.2717391304347826,0.15563682805062115,0.15268700072621644,0.2962962962962963,108.0,0.45454545454545453,0.29411764705882354,1.0,30.0,0.0,0.0,0.0,24.0,0.0,0.0,0.0,31.0,0.13793103448275862,0.3333333333333333,0.08695652173913043,23.0,,,,
p_860,0.11971830985915492,0.0787037037037037,0.25,0.1507563901930099,0.09910836762688614,0.3148148148148148,108.0,0.4788732394366197,0.3148148148148148,1.0,34.0,0.0,0.0,0.0,21.0,0.0,0.0,0.0,17.0,0.0,0.0,0.0,36.0,,,,
p_861,0.1423841059602649,0.09953703703703703,0.25,0.22675987245523668,0.15852194787379972,0.39814814814814814,108.0,0.0,0.0,0.0,35.0,0.0,0.0,0.0,12.0,0.5695364238410596,0.39814814814814814,1.0,43.0,0.0,0.0,0.0,18.0,,,,
p_862,0.14,0.09722222222222222,0.25,0.21777777777777782,0.15123456790123455,0.3888888888888889,108.0,0.56,0.3888888888888889,1.0,42.0,0.0,0.0,0.0,13.0,0.0,0.0,0.0,17.0,0.0,0.0,0.0,36.0,,,,
p_863,0.1625,0.12037037037037036,0.25,0.312962962962963,0.23182441700960219,0.48148148148148145,108.0,0.65,0.48148148148148145,1.0,52.0,0.0,0.0,0.0,7.0,0.0,0.0,0.0,27.0,0.0,0.0,0.0,22.0,,,,
p_864,0.18624522979923677,0.23284313725490197,0.26587301587301587,0.29685858083070626,0.34177559912854033,0.4351851851851852,108.0,0.5986394557823129,0.43137254901960786,0.9777777777777777,45.0,0.0,0.0,0.0,7.0,0.14634146341463414,0.5,0.08571428571428572,35.0,0.0,0.0,0.0,21.0,,,,
p_865,0.1423841059602649,0.09953703703703703,0.25,0.22675987245523668,0.15852194787379972,0.39814814814814814,108.0,0.0,0.0,0.0,38.0,0.0,0.0,0.0,15.0,0.5695364238410596,0.39814814814814814,1.0,43.0,0.0,0.0,0.0,12.0,,,,
p_866,0.15605095541401273,0.11342592592592593,0.25,0.28320358575135646,0.20584705075445817,0.4537037037037037,108.0,0.0,0.0,0.0,37.0,0.0,0.0,0.0,7.0,0.6242038216560509,0.4537037037037037,1.0,49.0,0.0,0.0,0.0,15.0,,,,
p_867,0.14935064935064934,0.10648148148148148,0.25,0.2544492544492544,0.18141289437585734,0.42592592592592593,108.0,0.0,0.0,0.0,30.0,0.0,0.0,0.0,9.0,0.5974025974025974,0.42592592592592593,1.0,46.0,0.0,0.0,0.0,23.0,,,,
p_868,0.15511727078891258,0.18635077793493635,0.26385281385281384,0.19223327805417356,0.23569856985698573,0.32407407407407407,108.0,0.14285714285714285,0.42857142857142855,0.08571428571428572,35.0,0.0,0.0,0.0,12.0,0.0,0.0,0.0,28.0,0.47761194029850745,0.31683168316831684,0.9696969696969697,33.0,,,,
p_869,0.11428571428571428,0.07407407407407407,0.25,0.13544973544973546,0.0877914951989026,0.2962962962962963,108.0,0.45714285714285713,0.2962962962962963,1.0,32.0,0.0,0.0,0.0,20.0,0.0,0.0,0.0,34.0,0.0,0.0,0.0,22.0,,,,
p_870,0.14635258358662612,0.12625,0.2439102564102564,0.21642463131824832,0.18587962962962962,0.3611111111111111,108.0,0.5428571428571428,0.38,0.95,40.0,0.0,0.0,0.0,9.0,0.0,0.0,0.0,20.0,0.0425531914893617,0.125,0.02564102564102564,39.0,,,,
p_871,0.166017316017316,0.1764705882352941,0.2685185185185185,0.2213083213083213,0.2144153957879448,0.37037037037037035,108.0,0.0,0.0,0.0,26.0,0.5428571428571428,0.37254901960784315,1.0,38.0,0.0,0.0,0.0,17.0,0.12121212121212122,0.3333333333333333,0.07407407407407407,27.0,,,,
p_872,0.12758620689655173,0.08564814814814815,0.25,0.1748403575989783,0.11736968449931415,0.3425925925925926,108.0,0.5103448275862069,0.3425925925925926,1.0,37.0,0.0,0.0,0.0,19.0,0.0,0.0,0.0,27.0,0.0,0.0,0.0,25.0,,,,
p_873,0.13528138528138528,0.1275,0.2530570652173913,0.15438111271444604,0.13444444444444445,0.2962962962962963,108.0,0.0,0.0,0.0,17.0,0.0,0.0,0.0,36.0,0.07142857142857142,0.2,0.043478260869565216,23.0,0.4696969696969697,0.31,0.96875,32.0,,,,
p_874,0.13013698630136986,0.08796296296296297,0.25,0.18315575849822424,0.1237997256515775,0.35185185185185186,108.0,0.5205479452054794,0.35185185185185186,1.0,38.0,0.0,0.0,0.0,12.0,0.0,0.0,0.0,30.0,0.0,0.0,0.0,28.0,,,,
p_875,0.1912461211824269,0.20014144271570014,0.24776785714285715,0.3738665989196775,0.3516161139923516,0.5,108.0,0.10256410256410256,0.2857142857142857,0.0625,32.0,0.0,0.0,0.0,13.0,0.0,0.0,0.0,7.0,0.6624203821656051,0.5148514851485149,0.9285714285714286,56.0,,,,
p_876,0.17073170731707318,0.12962962962962962,0.25,0.3541102077687444,0.2688614540466392,0.5185185185185185,108.0,0.6829268292682927,0.5185185185185185,1.0,56.0,0.0,0.0,0.0,17.0,0.0,0.0,0.0,15.0,0.0,0.0,0.0,20.0,,,,
p_877,0.13291649858814036,0.11492220650636492,0.2507575757575758,0.1609519967728923,0.13649222065063651,0.3055555555555556,108.0,0.0,0.0,0.0,17.0,0.47761194029850745,0.31683168316831684,0.9696969696969697,33.0,0.0,0.0,0.0,28.0,0.05405405405405406,0.14285714285714285,0.03333333333333333,30.0,,,,
p_878,0.11313868613138686,0.07380952380952381,0.2421875,0.13409029467423628,0.08747795414462081,0.28703703703703703,108.0,0.45255474452554745,0.29523809523809524,0.96875,32.0,0.0,0.0,0.0,27.0,0.0,0.0,0.0,22.0,0.0,0.0,0.0,27.0,,,,
p_879,0.1513736263736264,0.1272984441301273,0.25033738191632926,0.2044057794057794,0.15742050395515741,0.35185185185185186,108.0,0.07692307692307693,0.14285714285714285,0.05263157894736842,19.0,0.0,0.0,0.0,14.0,0.0,0.0,0.0,36.0,0.5285714285714286,0.36633663366336633,0.9487179487179487,39.0,,,,
p_880,0.13758389261744966,0.09490740740740741,0.25,0.20892368878946058,0.14411865569272977,0.37962962962962965,108.0,0.5503355704697986,0.37962962962962965,1.0,41.0,0.0,0.0,0.0,14.0,0.0,0.0,0.0,23.0,0.0,0.0,0.0,30.0,,,,
p_881,0.15605095541401273,0.11342592592592593,0.25,0.28320358575135646,0.20584705075445817,0.4537037037037037,108.0,0.0,0.0,0.0,28.0,0.0,0.0,0.0,12.0,0.6242038216560509,0.4537037037037037,1.0,49.0,0.0,0.0,0.0,19.0,,,,
p_882,0.1341901603095633,0.11244695898161244,0.24734848484848487,0.15509387220277215,0.12023940489287023,0.2962962962962963,108.0,0.4626865671641791,0.3069306930693069,0.9393939393939394,33.0,0.07407407407407407,0.14285714285714285,0.05,20.0,0.0,0.0,0.0,22.0,0.0,0.0,0.0,33.0,,,,
p_883,0.15161290322580645,0.1087962962962963,0.25,0.26391875746714455,0.18938614540466392,0.4351851851851852,108.0,0.6064516129032258,0.4351851851851852,1.0,47.0,0.0,0.0,0.0,19.0,0.0,0.0,0.0,31.0,0.0,0.0,0.0,11.0,,,,
p_884,0.1326530612244898,0.09027777777777778,0.25,0.19160997732426305,0.13040123456790123,0.3611111111111111,108.0,0.0,0.0,0.0,30.0,0.0,0.0,0.0,9.0,0.0,0.0,0.0,30.0,0.5306122448979592,0.3611111111111111,1.0,39.0,,,,
p_885,0.14513888888888887,0.17142857142857143,0.24643874643874641,0.20223765432098764,0.2105820105820106,0.35185185185185186,108.0,0.5138888888888888,0.3523809523809524,0.9487179487179487,39.0,0.0,0.0,0.0,24.0,0.0,0.0,0.0,18.0,0.06666666666666667,0.3333333333333333,0.037037037037037035,27.0,,,,
p_886,0.18035343035343035,0.26666666666666666,0.2659251769464105,0.25873950873950874,0.30123456790123454,0.4074074074074074,108.0,0.15384615384615385,0.6666666666666666,0.08695652173913043,23.0,0.0,0.0,0.0,22.0,0.0,0.0,0.0,20.0,0.5675675675675675,0.4,0.9767441860465116,43.0,,,,
p_887,0.188043748446433,0.19362745098039214,0.2631712259371834,0.29167011903775514,0.2568082788671024,0.4351851851851852,108.0,0.6040268456375839,0.4411764705882353,0.9574468085106383,47.0,0.14814814814814814,0.3333333333333333,0.09523809523809523,21.0,0.0,0.0,0.0,15.0,0.0,0.0,0.0,25.0,,,,
p_888,0.14972737186477644,0.19362745098039216,0.26724137931034486,0.16081828829920433,0.20797022512708788,0.28703703703703703,108.0,0.0,0.0,0.0,38.0,0.0,0.0,0.0,12.0,0.42748091603053434,0.27450980392156865,0.9655172413793104,29.0,0.17142857142857143,0.5,0.10344827586206896,29.0,,,,
p_889,0.14935064935064934,0.10648148148148148,0.25,0.2544492544492544,0.18141289437585734,0.42592592592592593,108.0,0.5974025974025974,0.42592592592592593,1.0,46.0,0.0,0.0,0.0,5.0,0.0,0.0,0.0,37.0,0.0,0.0,0.0,20.0,,,,
p_890,0.1625,0.12037037037037036,0.25,0.312962962962963,0.23182441700960219,0.48148148148148145,108.0,0.0,0.0,0.0,28.0,0.0,0.0,0.0,13.0,0.65,0.48148148148148145,1.0,52.0,0.0,0.0,0.0,15.0,,,,
p_891,0.1625,0.12037037037037036,0.25,0.312962962962963,0.23182441700960219,0.48148148148148145,108.0,0.0,0.0,0.0,19.0,0.0,0.0,0.0,20.0,0.65,0.48148148148148145,1.0,52.0,0.0,0.0,0.0,17.0,,,,
p_892,0.12253968253968255,0.10777934936350779,0.19318936877076412,0.2360082304526749,0.19471947194719472,0.37962962962962965,108.0,0.05714285714285714,0.14285714285714285,0.03571428571428571,28.0,0.0,0.0,0.0,6.0,0.5555555555555556,0.39603960396039606,0.9302325581395349,43.0,0.0,0.0,0.0,30.0,0.0,0.0,0.0,1.0
p_893,0.15,0.11138613861386139,0.22959183673469388,0.2722222222222222,0.20214521452145215,0.4166666666666667,108.0,0.0,0.0,0.0,34.0,0.0,0.0,0.0,9.0,0.6,0.44554455445544555,0.9183673469387755,49.0,0.0,0.0,0.0,16.0,,,,
p_894,0.16666666666666666,0.125,0.25,0.3333333333333333,0.25,0.5,108.0,0.6666666666666666,0.5,1.0,54.0,0.0,0.0,0.0,10.0,0.0,0.0,0.0,14.0,0.0,0.0,0.0,30.0,,,,
p_895,0.14473684210526316,0.10185185185185185,0.25,0.23586744639376217,0.16598079561042522,0.4074074074074074,108.0,0.0,0.0,0.0,24.0,0.0,0.0,0.0,20.0,0.0,0.0,0.0,20.0,0.5789473684210527,0.4074074074074074,1.0,44.0,,,,
p_896,0.17272727272727273,0.13194444444444445,0.25,0.36464646464646466,0.2785493827160494,0.5277777777777778,108.0,0.6909090909090909,0.5277777777777778,1.0,57.0,0.0,0.0,0.0,13.0,0.0,0.0,0.0,17.0,0.0,0.0,0.0,21.0,,,,
p_897,0.20351526364477335,0.22058823529411764,0.29411764705882354,0.24082639531298183,0.2167755991285403,0.3888888888888889,108.0,0.0,0.0,0.0,27.0,0.2608695652173913,0.5,0.17647058823529413,17.0,0.0,0.0,0.0,25.0,0.5531914893617021,0.38235294117647056,1.0,39.0,,,,
p_898,0.16835664335664335,0.16499999999999998,0.2539970930232558,0.2579383579383579,0.2373148148148148,0.39814814814814814,108.0,0.5734265734265734,0.41,0.9534883720930233,43.0,0.0,0.0,0.0,16.0,0.1,0.25,0.0625,32.0,0.0,0.0,0.0,17.0,,,,
p_899,0.14473684210526316,0.10185185185185185,0.25,0.23586744639376217,0.16598079561042522,0.4074074074074074,108.0,0.5789473684210527,0.4074074074074074,1.0,44.0,0.0,0.0,0.0,9.0,0.0,0.0,0.0,29.0,0.0,0.0,0.0,26.0,,,,
p_900,0.1687116564417178,0.12731481481481483,0.25,0.34367189275164733,0.25934499314128945,0.5092592592592593,108.0,0.6748466257668712,0.5092592592592593,1.0,55.0,0.0,0.0,0.0,13.0,0.0,0.0,0.0,16.0,0.0,0.0,0.0,24.0,,,,
p_901,0.14473684210526316,0.10185185185185185,0.25,0.23586744639376217,0.16598079561042522,0.4074074074074074,108.0,0.5789473684210527,0.4074074074074074,1.0,44.0,0.0,0.0,0.0,26.0,0.0,0.0,0.0,19.0,0.0,0.0,0.0,19.0,,,,
p_902,0.10820895522388059,0.06904761904761905,0.25,0.11622443338861249,0.07416225749559083,0.26851851851851855,108.0,0.0,0.0,0.0,32.0,0.0,0.0,0.0,26.0,0.0,0.0,0.0,21.0,0.43283582089552236,0.2761904761904762,1.0,29.0,,,,
p_903,0.1326530612244898,0.09027777777777778,0.25,0.19160997732426305,0.13040123456790123,0.3611111111111111,108.0,0.0,0.0,0.0,25.0,0.5306122448979592,0.3611111111111111,1.0,39.0,0.0,0.0,0.0,21.0,0.0,0.0,0.0,23.0,,,,
p_904,0.16011860637509265,0.1515151515151515,0.23817161186848437,0.24135848227768164,0.2124953236064347,0.37037037037037035,108.0,0.5352112676056338,0.3838383838383838,0.8837209302325582,43.0,0.0,0.0,0.0,13.0,0.0,0.0,0.0,23.0,0.10526315789473684,0.2222222222222222,0.06896551724137931,29.0,,,,
p_905,0.10822510822510822,0.08995756718528995,0.20952380952380953,0.14870931537598206,0.11587825449211588,0.2962962962962963,108.0,0.07142857142857142,0.14285714285714285,0.047619047619047616,21.0,0.0,0.0,0.0,21.0,0.4696969696969697,0.3069306930693069,1.0,31.0,0.0,0.0,0.0,34.0,0.0,0.0,0.0,1.0
p_906,0.16037735849056603,0.11805555555555555,0.25,0.30293501048218024,0.22299382716049382,0.4722222222222222,108.0,0.6415094339622641,0.4722222222222222,1.0,51.0,0.0,0.0,0.0,17.0,0.0,0.0,0.0,28.0,0.0,0.0,0.0,12.0,,,,
p_907,0.10964912280701754,0.10606060606060605,0.2553366174055829,0.09307992202729044,0.09895248784137671,0.2037037037037037,108.0,0.0,0.0,0.0,36.0,0.0,0.0,0.0,22.0,0.10526315789473684,0.2222222222222222,0.06896551724137931,29.0,0.3333333333333333,0.20202020202020202,0.9523809523809523,21.0,,,,
p_908,0.14325396825396824,0.1272984441301273,0.24375843454790821,0.20651087595532042,0.18255277908743253,0.35185185185185186,108.0,0.5285714285714286,0.36633663366336633,0.9487179487179487,39.0,0.0,0.0,0.0,14.0,0.044444444444444446,0.14285714285714285,0.02631578947368421,38.0,0.0,0.0,0.0,17.0,,,,
p_909,0.1381578947368421,0.1466346153846154,0.25040849673202614,0.18323586744639378,0.1908831908831909,0.3333333333333333,108.0,0.0,0.0,0.0,25.0,0.5,0.33653846153846156,0.9722222222222222,36.0,0.05263157894736842,0.25,0.029411764705882353,34.0,0.0,0.0,0.0,13.0,,,,
p_910,0.17951833848873178,0.18872549019607843,0.26431818181818184,0.26984828398880545,0.24891067538126363,0.4166666666666667,108.0,0.12903225806451613,0.3333333333333333,0.08,25.0,0.0,0.0,0.0,12.0,0.589041095890411,0.4215686274509804,0.9772727272727273,44.0,0.0,0.0,0.0,27.0,,,,
p_911,0.14801492139621636,0.12990196078431374,0.2551480051480052,0.19186132575421147,0.153322440087146,0.3425925925925926,108.0,0.5179856115107914,0.35294117647058826,0.972972972972973,37.0,0.0,0.0,0.0,31.0,0.0,0.0,0.0,19.0,0.07407407407407407,0.16666666666666666,0.047619047619047616,21.0,,,,
p_912,0.17583170254403133,0.17786421499292787,0.2567460317460318,0.2750634195839675,0.25146681334800147,0.4166666666666667,108.0,0.11428571428571428,0.2857142857142857,0.07142857142857142,28.0,0.0,0.0,0.0,12.0,0.0,0.0,0.0,23.0,0.589041095890411,0.42574257425742573,0.9555555555555556,45.0,,,,
p_913,0.1423841059602649,0.09953703703703703,0.25,0.22675987245523668,0.15852194787379972,0.39814814814814814,108.0,0.5695364238410596,0.39814814814814814,1.0,43.0,0.0,0.0,0.0,11.0,0.0,0.0,0.0,27.0,0.0,0.0,0.0,27.0,,,,
p_914,0.14,0.09722222222222222,0.25,0.21777777777777782,0.15123456790123455,0.3888888888888889,108.0,0.56,0.3888888888888889,1.0,42.0,0.0,0.0,0.0,27.0,0.0,0.0,0.0,18.0,0.0,0.0,0.0,21.0,,,,
p_915,0.13513513513513514,0.09259259259259259,0.25,0.20020020020020018,0.1371742112482853,0.37037037037037035,108.0,0.5405405405405406,0.37037037037037035,1.0,40.0,0.0,0.0,0.0,24.0,0.0,0.0,0.0,12.0,0.0,0.0,0.0,32.0,,,,
p_916,0.14246031746031745,0.12482319660537482,0.23938992042440319,0.20063198118753675,0.16707265964691706,0.3425925925925926,108.0,0.5142857142857142,0.3564356435643564,0.9230769230769231,39.0,0.0,0.0,0.0,24.0,0.0,0.0,0.0,16.0,0.05555555555555555,0.14285714285714285,0.034482758620689655,29.0,,,,
p_917,0.1876595744680851,0.33571428571428574,0.28409090909090906,0.21910165484633565,0.317989417989418,0.3611111111111111,108.0,0.24,1.0,0.13636363636363635,22.0,0.0,0.0,0.0,35.0,0.5106382978723404,0.34285714285714286,1.0,36.0,0.0,0.0,0.0,15.0,,,,
p_918,0.14705882352941177,0.10416666666666667,0.25,0.2450980392156863,0.1736111111111111,0.4166666666666667,108.0,0.5882352941176471,0.4166666666666667,1.0,45.0,0.0,0.0,0.0,21.0,0.0,0.0,0.0,31.0,0.0,0.0,0.0,11.0,,,,
p_919,0.1326530612244898,0.09027777777777778,0.25,0.19160997732426305,0.13040123456790123,0.3611111111111111,108.0,0.5306122448979592,0.3611111111111111,1.0,39.0,0.0,0.0,0.0,27.0,0.0,0.0,0.0,17.0,0.0,0.0,0.0,25.0,,,,
p_920,0.1495388669301713,0.14913366336633663,0.25037537537537535,0.1889303664665984,0.1603868720205354,0.3333333333333333,108.0,0.5072463768115942,0.3465346534653465,0.9459459459459459,37.0,0.09090909090909091,0.25,0.05555555555555555,18.0,0.0,0.0,0.0,35.0,0.0,0.0,0.0,18.0,,,,
p_921,0.15161290322580645,0.1087962962962963,0.25,0.26391875746714455,0.18938614540466392,0.4351851851851852,108.0,0.6064516129032258,0.4351851851851852,1.0,47.0,0.0,0.0,0.0,31.0,0.0,0.0,0.0,20.0,0.0,0.0,0.0,10.0,,,,
p_922,0.1326530612244898,0.09027777777777778,0.25,0.19160997732426305,0.13040123456790123,0.3611111111111111,108.0,0.0,0.0,0.0,18.0,0.0,0.0,0.0,19.0,0.0,0.0,0.0,32.0,0.5306122448979592,0.3611111111111111,1.0,39.0,,,,
p_923,0.12237762237762238,0.08101851851851852,0.25,0.15863765863765864,0.10502400548696844,0.32407407407407407,108.0,0.48951048951048953,0.32407407407407407,1.0,35.0,0.0,0.0,0.0,29.0,0.0,0.0,0.0,16.0,0.0,0.0,0.0,28.0,,,,
p_924,0.14,0.09722222222222222,0.25,0.21777777777777782,0.15123456790123455,0.3888888888888889,108.0,0.56,0.3888888888888889,1.0,42.0,0.0,0.0,0.0,26.0,0.0,0.0,0.0,27.0,0.0,0.0,0.0,13.0,,,,
p_925,0.13013698630136986,0.08796296296296297,0.25,0.18315575849822424,0.1237997256515775,0.35185185185185186,108.0,0.5205479452054794,0.35185185185185186,1.0,38.0,0.0,0.0,0.0,30.0,0.0,0.0,0.0,19.0,0.0,0.0,0.0,21.0,,,,
p_926,0.13013698630136986,0.08796296296296297,0.25,0.18315575849822424,0.1237997256515775,0.35185185185185186,108.0,0.0,0.0,0.0,32.0,0.0,0.0,0.0,12.0,0.0,0.0,0.0,26.0,0.5205479452054794,0.35185185185185186,1.0,38.0,,,,
p_927,0.14935064935064934,0.10648148148148148,0.25,0.2544492544492544,0.18141289437585734,0.42592592592592593,108.0,0.0,0.0,0.0,28.0,0.5974025974025974,0.42592592592592593,1.0,46.0,0.0,0.0,0.0,22.0,0.0,0.0,0.0,12.0,,,,
p_928,0.12237762237762238,0.08101851851851852,0.25,0.15863765863765864,0.10502400548696844,0.32407407407407407,108.0,0.0,0.0,0.0,23.0,0.0,0.0,0.0,29.0,0.48951048951048953,0.32407407407407407,1.0,35.0,0.0,0.0,0.0,21.0,,,,
p_929,0.13214285714285715,0.09158415841584158,0.23717948717948717,0.19087301587301586,0.13228822882288227,0.3425925925925926,108.0,0.0,0.0,0.0,25.0,0.5285714285714286,0.36633663366336633,0.9487179487179487,39.0,0.0,0.0,0.0,21.0,0.0,0.0,0.0,23.0,,,,
p_930,0.14871852517985612,0.1272984441301273,0.25342105263157894,0.2017844058086864,0.16196500602441194,0.35185185185185186,108.0,0.0,0.0,0.0,32.0,0.5323741007194245,0.36633663366336633,0.9736842105263158,38.0,0.0625,0.14285714285714285,0.04,25.0,0.0,0.0,0.0,13.0,,,,
p_931,0.16111707841031148,0.19191919191919193,0.26029411764705884,0.21195846759756534,0.2663673774784886,0.3333333333333333,108.0,0.16326530612244897,0.4444444444444444,0.1,40.0,0.0,0.0,0.0,19.0,0.0,0.0,0.0,15.0,0.48120300751879697,0.32323232323232326,0.9411764705882353,34.0,,,,
p_932,0.17664670658682635,0.13657407407407407,0.25,0.3860057662452872,0.29843964334705075,0.5462962962962963,108.0,0.7065868263473054,0.5462962962962963,1.0,59.0,0.0,0.0,0.0,24.0,0.0,0.0,0.0,16.0,0.0,0.0,0.0,9.0,,,,
p_933,0.16742424242424242,0.2195898161244696,0.2803030303030303,0.19593153759820428,0.2627036513175127,0.32407407407407407,108.0,0.2,0.5714285714285714,0.12121212121212122,33.0,0.0,0.0,0.0,25.0,0.4696969696969697,0.3069306930693069,1.0,31.0,0.0,0.0,0.0,19.0,,,,
p_934,0.1462962962962963,0.16176470588235292,0.2590909090909091,0.1757201646090535,0.1884531590413943,0.3148148148148148,108.0,0.4740740740740741,0.3137254901960784,0.9696969696969697,33.0,0.0,0.0,0.0,39.0,0.1111111111111111,0.3333333333333333,0.06666666666666667,30.0,0.0,0.0,0.0,6.0,,,,
p_935,0.1423841059602649,0.09953703703703703,0.25,0.22675987245523668,0.15852194787379972,0.39814814814814814,108.0,0.0,0.0,0.0,36.0,0.0,0.0,0.0,14.0,0.5695364238410596,0.39814814814814814,1.0,43.0,0.0,0.0,0.0,15.0,,,,
p_936,0.12237762237762238,0.08101851851851852,0.25,0.15863765863765864,0.10502400548696844,0.32407407407407407,108.0,0.48951048951048953,0.32407407407407407,1.0,35.0,0.0,0.0,0.0,11.0,0.0,0.0,0.0,37.0,0.0,0.0,0.0,25.0,,,,
p_937,0.20165745856353592,0.16898148148148148,0.25,0.5452220175977082,0.4568758573388203,0.6759259259259259,108.0,0.8066298342541437,0.6759259259259259,1.0,73.0,0.0,0.0,0.0,14.0,0.0,0.0,0.0,13.0,0.0,0.0,0.0,8.0,,,,
p_938,0.13013698630136986,0.08796296296296297,0.25,0.18315575849822424,0.1237997256515775,0.35185185185185186,108.0,0.0,0.0,0.0,23.0,0.0,0.0,0.0,9.0,0.0,0.0,0.0,38.0,0.5205479452054794,0.35185185185185186,1.0,38.0,,,,
p_939,0.14,0.09722222222222222,0.25,0.21777777777777782,0.15123456790123455,0.3888888888888889,108.0,0.56,0.3888888888888889,1.0,42.0,0.0,0.0,0.0,20.0,0.0,0.0,0.0,23.0,0.0,0.0,0.0,23.0,,,,
p_940,0.15384615384615385,0.1111111111111111,0.25,0.27350427350427353,0.19753086419753085,0.4444444444444444,108.0,0.0,0.0,0.0,32.0,0.6153846153846154,0.4444444444444444,1.0,48.0,0.0,0.0,0.0,18.0,0.0,0.0,0.0,10.0,,,,
p_941,0.08778625954198473,0.05324074074074074,0.25,0.074780887757987,0.045353223593964334,0.21296296296296297,108.0,0.0,0.0,0.0,34.0,0.0,0.0,0.0,14.0,0.3511450381679389,0.21296296296296297,1.0,23.0,0.0,0.0,0.0,37.0,,,,
p_942,0.15384615384615385,0.1111111111111111,0.25,0.27350427350427353,0.19753086419753085,0.4444444444444444,108.0,0.6153846153846154,0.4444444444444444,1.0,48.0,0.0,0.0,0.0,36.0,0.0,0.0,0.0,8.0,0.0,0.0,0.0,16.0,,,,
p_943,0.13513513513513514,0.09259259259259259,0.25,0.20020020020020018,0.1371742112482853,0.37037037037037035,108.0,0.5405405405405406,0.37037037037037035,1.0,40.0,0.0,0.0,0.0,23.0,0.0,0.0,0.0,24.0,0.0,0.0,0.0,21.0,,,,
p_944,0.16666666666666666,0.125,0.25,0.3333333333333333,0.25,0.5,108.0,0.6666666666666666,0.5,1.0,54.0,0.0,0.0,0.0,24.0,0.0,0.0,0.0,21.0,0.0,0.0,0.0,9.0,,,,
p_945,0.13013698630136986,0.08796296296296297,0.25,0.18315575849822424,0.1237997256515775,0.35185185185185186,108.0,0.5205479452054794,0.35185185185185186,1.0,38.0,0.0,0.0,0.0,31.0,0.0,0.0,0.0,30.0,0.0,0.0,0.0,9.0,,,,
p_946,0.15161290322580645,0.1087962962962963,0.25,0.26391875746714455,0.18938614540466392,0.4351851851851852,108.0,0.0,0.0,0.0,33.0,0.0,0.0,0.0,19.0,0.6064516129032258,0.4351851851851852,1.0,47.0,0.0,0.0,0.0,9.0,,,,
p_947,0.14,0.09722222222222222,0.25,0.21777777777777782,0.15123456790123455,0.3888888888888889,108.0,0.0,0.0,0.0,37.0,0.56,0.3888888888888889,1.0,42.0,0.0,0.0,0.0,20.0,0.0,0.0,0.0,9.0,,,,
p_948,0.15467193404328408,0.155,0.23538961038961037,0.23247070498874003,0.22027777777777777,0.3611111111111111,108.0,0.5211267605633803,0.37,0.8809523809523809,42.0,0.0,0.0,0.0,18.0,0.0975609756097561,0.25,0.06060606060606061,33.0,0.0,0.0,0.0,15.0,,,,
p_949,0.11678832116788321,0.0761904761904762,0.25,0.13841578805082455,0.09029982363315697,0.2962962962962963,108.0,0.46715328467153283,0.3047619047619048,1.0,32.0,0.0,0.0,0.0,19.0,0.0,0.0,0.0,31.0,0.0,0.0,0.0,26.0,,,,
p_950,0.14935064935064934,0.10648148148148148,0.25,0.2544492544492544,0.18141289437585734,0.42592592592592593,108.0,0.5974025974025974,0.42592592592592593,1.0,46.0,0.0,0.0,0.0,18.0,0.0,0.0,0.0,24.0,0.0,0.0,0.0,20.0,,,,
p_951,0.11151079136690648,0.07175925925925926,0.25,0.12803090860644817,0.08239026063100138,0.28703703703703703,108.0,0.4460431654676259,0.28703703703703703,1.0,31.0,0.0,0.0,0.0,15.0,0.0,0.0,0.0,32.0,0.0,0.0,0.0,30.0,,,,
p_952,0.12904135338345865,0.1616161616161616,0.234697933227345,0.16388540796435536,0.21277590722035167,0.2962962962962963,108.0,0.05,0.3333333333333333,0.02702702702702703,37.0,0.0,0.0,0.0,26.0,0.46616541353383456,0.31313131313131315,0.9117647058823529,34.0,0.0,0.0,0.0,11.0,,,,
p_953,0.17777777777777776,0.18281471004243283,0.24683321604503872,0.30205761316872426,0.27886479124102886,0.4351851851851852,108.0,0.6,0.44554455445544555,0.9183673469387755,49.0,0.0,0.0,0.0,12.0,0.1111111111111111,0.2857142857142857,0.06896551724137931,29.0,0.0,0.0,0.0,18.0,,,,
p_954,0.14473684210526316,0.10185185185185185,0.25,0.23586744639376217,0.16598079561042522,0.4074074074074074,108.0,0.5789473684210527,0.4074074074074074,1.0,44.0,0.0,0.0,0.0,28.0,0.0,0.0,0.0,31.0,0.0,0.0,0.0,5.0,,,,
p_955,0.16840579710144926,0.18033946251768035,0.23731030873888018,0.29757380568974773,0.3008277018178009,0.42592592592592593,108.0,0.5866666666666667,0.43564356435643564,0.8979591836734694,49.0,0.0,0.0,0.0,8.0,0.08695652173913043,0.2857142857142857,0.05128205128205128,39.0,0.0,0.0,0.0,12.0,,,,
p_956,0.15605095541401273,0.11342592592592593,0.25,0.28320358575135646,0.20584705075445817,0.4537037037037037,108.0,0.6242038216560509,0.4537037037037037,1.0,49.0,0.0,0.0,0.0,26.0,0.0,0.0,0.0,21.0,0.0,0.0,0.0,12.0,,,,
p_957,0.16037735849056603,0.11805555555555555,0.25,0.30293501048218024,0.22299382716049382,0.4722222222222222,108.0,0.6415094339622641,0.4722222222222222,1.0,51.0,0.0,0.0,0.0,15.0,0.0,0.0,0.0,35.0,0.0,0.0,0.0,7.0,,,,
p_958,0.14705882352941177,0.10416666666666667,0.25,0.2450980392156863,0.1736111111111111,0.4166666666666667,108.0,0.5882352941176471,0.4166666666666667,1.0,45.0,0.0,0.0,0.0,33.0,0.0,0.0,0.0,17.0,0.0,0.0,0.0,13.0,,,,
p_959,0.17471590909090912,0.26666666666666666,0.25339147286821706,0.2543463480963481,0.32901234567901233,0.3888888888888889,108.0,0.5594405594405595,0.4,0.9302325581395349,43.0,0.07692307692307693,0.16666666666666666,0.05,20.0,0.0625,0.5,0.03333333333333333,30.0,0.0,0.0,0.0,15.0,,,,
p_960,0.14,0.09722222222222222,0.25,0.21777777777777782,0.15123456790123455,0.3888888888888889,108.0,0.0,0.0,0.0,26.0,0.56,0.3888888888888889,1.0,42.0,0.0,0.0,0.0,31.0,0.0,0.0,0.0,9.0,,,,
p_961,0.14705882352941177,0.10416666666666667,0.25,0.2450980392156863,0.1736111111111111,0.4166666666666667,108.0,0.5882352941176471,0.4166666666666667,1.0,45.0,0.0,0.0,0.0,25.0,0.0,0.0,0.0,28.0,0.0,0.0,0.0,10.0,,,,
p_962,0.13670191931061498,0.11987270155586988,0.23806306306306307,0.1838287562925244,0.15501073916915503,0.32407407407407407,108.0,0.0,0.0,0.0,24.0,0.05405405405405406,0.14285714285714285,0.03333333333333333,30.0,0.4927536231884058,0.33663366336633666,0.918918918918919,37.0,0.0,0.0,0.0,17.0,,,,
p_963,0.1625,0.12037037037037036,0.25,0.312962962962963,0.23182441700960219,0.48148148148148145,108.0,0.65,0.48148148148148145,1.0,52.0,0.0,0.0,0.0,21.0,0.0,0.0,0.0,21.0,0.0,0.0,0.0,14.0,,,,
p_964,0.14527027027027026,0.10238095238095238,0.25,0.23135635635635635,0.1630511463844797,0.39814814814814814,108.0,0.581081081081081,0.4095238095238095,1.0,43.0,0.0,0.0,0.0,21.0,0.0,0.0,0.0,25.0,0.0,0.0,0.0,19.0,,,,
p_965,0.18421052631578946,0.14583333333333334,0.25,0.4298245614035088,0.3402777777777778,0.5833333333333334,108.0,0.7368421052631579,0.5833333333333334,1.0,63.0,0.0,0.0,0.0,27.0,0.0,0.0,0.0,13.0,0.0,0.0,0.0,5.0,,,,
p_966,0.14184397163120568,0.09900990099009901,0.25,0.21013921723141582,0.14668133480014667,0.37037037037037035,108.0,0.5673758865248227,0.39603960396039606,1.0,40.0,0.0,0.0,0.0,20.0,0.0,0.0,0.0,20.0,0.0,0.0,0.0,28.0,,,,
p_967,0.12237762237762238,0.08101851851851852,0.25,0.15863765863765864,0.10502400548696844,0.32407407407407407,108.0,0.0,0.0,0.0,33.0,0.48951048951048953,0.32407407407407407,1.0,35.0,0.0,0.0,0.0,27.0,0.0,0.0,0.0,13.0,,,,
p_968,0.17910602910602913,0.25035360678925034,0.2916666666666667,0.19487564487564488,0.2755120750170255,0.3148148148148148,108.0,0.2702702702702703,0.7142857142857143,0.16666666666666666,30.0,0.0,0.0,0.0,24.0,0.4461538461538462,0.2871287128712871,1.0,29.0,0.0,0.0,0.0,25.0,,,,
p_969,0.15161290322580645,0.1087962962962963,0.25,0.26391875746714455,0.18938614540466392,0.4351851851851852,108.0,0.6064516129032258,0.4351851851851852,1.0,47.0,0.0,0.0,0.0,27.0,0.0,0.0,0.0,24.0,0.0,0.0,0.0,10.0,,,,
p_970,0.1687116564417178,0.12731481481481483,0.25,0.34367189275164733,0.25934499314128945,0.5092592592592593,108.0,0.6748466257668712,0.5092592592592593,1.0,55.0,0.0,0.0,0.0,16.0,0.0,0.0,0.0,20.0,0.0,0.0,0.0,17.0,,,,
p_971,0.1326530612244898,0.09027777777777778,0.25,0.19160997732426305,0.13040123456790123,0.3611111111111111,108.0,0.0,0.0,0.0,30.0,0.5306122448979592,0.3611111111111111,1.0,39.0,0.0,0.0,0.0,21.0,0.0,0.0,0.0,18.0,,,,
p_972,0.14573643410852713,0.15656565656565657,0.2625,0.1693367786391042,0.19248035914702583,0.2962962962962963,108.0,0.0,0.0,0.0,31.0,0.4496124031007752,0.29292929292929293,0.9666666666666667,30.0,0.13333333333333333,0.3333333333333333,0.08333333333333333,36.0,0.0,0.0,0.0,11.0,,,,
p_973,0.14583333333333334,0.10396039603960396,0.2441860465116279,0.23225308641975312,0.16556655665566555,0.3888888888888889,108.0,0.0,0.0,0.0,26.0,0.0,0.0,0.0,29.0,0.5833333333333334,0.4158415841584158,0.9767441860465116,43.0,0.0,0.0,0.0,10.0,,,,
p_974,0.12237762237762238,0.08101851851851852,0.25,0.15863765863765864,0.10502400548696844,0.32407407407407407,108.0,0.48951048951048953,0.32407407407407407,1.0,35.0,0.0,0.0,0.0,14.0,0.0,0.0,0.0,28.0,0.0,0.0,0.0,31.0,,,,
p_975,0.1625,0.12037037037037036,0.25,0.312962962962963,0.23182441700960219,0.48148148148148145,108.0,0.65,0.48148148148148145,1.0,52.0,0.0,0.0,0.0,25.0,0.0,0.0,0.0,20.0,0.0,0.0,0.0,11.0,,,,
p_976,0.125,0.08333333333333333,0.25,0.16666666666666666,0.1111111111111111,0.3333333333333333,108.0,0.5,0.3333333333333333,1.0,36.0,0.0,0.0,0.0,27.0,0.0,0.0,0.0,18.0,0.0,0.0,0.0,27.0,,,,
p_977,0.18352135374697826,0.18281471004243283,0.2685185185185185,0.2862610797743755,0.2570721357850071,0.4351851851851852,108.0,0.6164383561643836,0.44554455445544555,1.0,45.0,0.0,0.0,0.0,25.0,0.11764705882352941,0.2857142857142857,0.07407407407407407,27.0,0.0,0.0,0.0,11.0,,,,
p_978,0.15605095541401273,0.11342592592592593,0.25,0.28320358575135646,0.20584705075445817,0.4537037037037037,108.0,0.6242038216560509,0.4537037037037037,1.0,49.0,0.0,0.0,0.0,22.0,0.0,0.0,0.0,28.0,0.0,0.0,0.0,9.0,,,,
p_979,0.13758389261744966,0.09490740740740741,0.25,0.20892368878946058,0.14411865569272977,0.37962962962962965,108.0,0.5503355704697986,0.37962962962962965,1.0,41.0,0.0,0.0,0.0,20.0,0.0,0.0,0.0,31.0,0.0,0.0,0.0,16.0,,,,
p_980,0.1913779977160259,0.26225490196078427,0.276008064516129,0.26550494156127963,0.3329702251270878,0.39814814814814814,108.0,0.21621621621621623,0.6666666666666666,0.12903225806451613,31.0,0.0,0.0,0.0,17.0,0.5492957746478874,0.38235294117647056,0.975,40.0,0.0,0.0,0.0,20.0,,,,
p_981,0.20079787234042554,0.2751060820367751,0.28162878787878787,0.28127462568951933,0.3612682696841113,0.4074074074074074,108.0,0.25,0.7142857142857143,0.15151515151515152,33.0,0.0,0.0,0.0,19.0,0.5531914893617021,0.38613861386138615,0.975,40.0,0.0,0.0,0.0,16.0,,,,
p_982,0.14935064935064934,0.10648148148148148,0.25,0.2544492544492544,0.18141289437585734,0.42592592592592593,108.0,0.5974025974025974,0.42592592592592593,1.0,46.0,0.0,0.0,0.0,31.0,0.0,0.0,0.0,19.0,0.0,0.0,0.0,12.0,,,,
p_983,0.12897094759706762,0.13083451202263083,0.2534965034965035,0.1190856890015185,0.11540677877311542,0.24074074074074073,108.0,0.0,0.0,0.0,37.0,0.13793103448275862,0.2857142857142857,0.09090909090909091,22.0,0.3779527559055118,0.2376237623762376,0.9230769230769231,26.0,0.0,0.0,0.0,23.0,,,,
p_984,0.15384615384615385,0.1111111111111111,0.25,0.27350427350427353,0.19753086419753085,0.4444444444444444,108.0,0.0,0.0,0.0,28.0,0.6153846153846154,0.4444444444444444,1.0,48.0,0.0,0.0,0.0,23.0,0.0,0.0,0.0,9.0,,,,
p_985,0.13488051470588236,0.13,0.2603021978021978,0.13769744008714596,0.13018518518518518,0.26851851851851855,108.0,0.0,0.0,0.0,30.0,0.11764705882352941,0.25,0.07692307692307693,26.0,0.0,0.0,0.0,24.0,0.421875,0.27,0.9642857142857143,28.0,,,,
p_986,0.12237762237762238,0.08101851851851852,0.25,0.15863765863765864,0.10502400548696844,0.32407407407407407,108.0,0.48951048951048953,0.32407407407407407,1.0,35.0,0.0,0.0,0.0,39.0,0.0,0.0,0.0,22.0,0.0,0.0,0.0,12.0,,,,
p_987,0.1326530612244898,0.09027777777777778,0.25,0.19160997732426305,0.13040123456790123,0.3611111111111111,108.0,0.0,0.0,0.0,22.0,0.5306122448979592,0.3611111111111111,1.0,39.0,0.0,0.0,0.0,25.0,0.0,0.0,0.0,22.0,,,,
p_988,0.16037735849056603,0.11805555555555555,0.25,0.30293501048218024,0.22299382716049382,0.4722222222222222,108.0,0.6415094339622641,0.4722222222222222,1.0,51.0,0.0,0.0,0.0,26.0,0.0,0.0,0.0,21.0,0.0,0.0,0.0,10.0,,,,
p_989,0.166219119226638,0.1471004243281471,0.25262973352033663,0.2758781875323229,0.23077426790298075,0.42592592592592593,108.0,0.0,0.0,0.0,19.0,0.6122448979591837,0.44554455445544555,0.9782608695652174,46.0,0.05263157894736842,0.14285714285714285,0.03225806451612903,31.0,0.0,0.0,0.0,12.0,,,,
p_990,0.13194444444444445,0.09047619047619047,0.24358974358974358,0.1905864197530864,0.1306878306878307,0.35185185185185186,108.0,0.5277777777777778,0.3619047619047619,0.9743589743589743,39.0,0.0,0.0,0.0,22.0,0.0,0.0,0.0,35.0,0.0,0.0,0.0,12.0,,,,
p_991,0.13380281690140844,0.09313725490196079,0.2375,0.198226395409494,0.13798111837327523,0.35185185185185186,108.0,0.0,0.0,0.0,22.0,0.5352112676056338,0.37254901960784315,0.95,40.0,0.0,0.0,0.0,27.0,0.0,0.0,0.0,19.0,,,,
p_992,0.125,0.08333333333333333,0.25,0.16666666666666666,0.1111111111111111,0.3333333333333333,108.0,0.0,0.0,0.0,27.0,0.0,0.0,0.0,31.0,0.5,0.3333333333333333,1.0,36.0,0.0,0.0,0.0,14.0,,,,
p_993,0.16037735849056603,0.11805555555555555,0.25,0.30293501048218024,0.22299382716049382,0.4722222222222222,108.0,0.6415094339622641,0.4722222222222222,1.0,51.0,0.0,0.0,0.0,16.0,0.0,0.0,0.0,12.0,0.0,0.0,0.0,29.0,,,,
p_994,0.14,0.09722222222222222,0.25,0.21777777777777782,0.15123456790123455,0.3888888888888889,108.0,0.0,0.0,0.0,30.0,0.56,0.3888888888888889,1.0,42.0,0.0,0.0,0.0,17.0,0.0,0.0,0.0,19.0,,,,
p_995,0.15372670807453415,0.13967468175388967,0.2346711259754738,0.2590867264780308,0.22870501335847868,0.39814814814814814,108.0,0.043478260869565216,0.14285714285714285,0.02564102564102564,39.0,0.0,0.0,0.0,6.0,0.5714285714285714,0.4158415841584158,0.9130434782608695,46.0,0.0,0.0,0.0,17.0,,,,
p_996,0.12237762237762238,0.08101851851851852,0.25,0.15863765863765864,0.10502400548696844,0.32407407407407407,108.0,0.0,0.0,0.0,36.0,0.48951048951048953,0.32407407407407407,1.0,35.0,0.0,0.0,0.0,28.0,0.0,0.0,0.0,9.0,,,,
p_997,0.14705882352941177,0.10416666666666667,0.25,0.2450980392156863,0.1736111111111111,0.4166666666666667,108.0,0.0,0.0,0.0,40.0,0.0,0.0,0.0,11.0,0.5882352941176471,0.4166666666666667,1.0,45.0,0.0,0.0,0.0,12.0,,,,
p_998,0.14970880438506337,0.12745098039215685,0.2531531531531532,0.18575615697917855,0.1407044299201162,0.3333333333333333,108.0,0.0,0.0,0.0,32.0,0.5035971223021583,0.3431372549019608,0.9459459459459459,37.0,0.09523809523809523,0.16666666666666666,0.06666666666666667,15.0,0.0,0.0,0.0,24.0,,,,
p_999,0.1423841059602649,0.09953703703703703,0.25,0.22675987245523668,0.15852194787379972,0.39814814814814814,108.0,0.5695364238410596,0.39814814814814814,1.0,43.0,0.0,0.0,0.0,20.0,0.0,0.0,0.0,35.0,0.0,0.0,0.0,10.0,,,,
p_1000,0.11151079136690648,0.07175925925925926,0.25,0.12803090860644817,0.08239026063100138,0.28703703703703703,108.0,0.4460431654676259,0.28703703703703703,1.0,31.0,0.0,0.0,0.0,36.0,0.0,0.0,0.0,20.0,0.0,0.0,0.0,21.0,,,,
p_1001,0.1625,0.12037037037037036,0.25,0.312962962962963,0.23182441700960219,0.48148148148148145,108.0,0.65,0.48148148148148145,1.0,52.0,0.0,0.0,0.0,23.0,0.0,0.0,0.0,27.0,0.0,0.0,0.0,6.0,,,,
p_1002,0.13013698630136986,0.08796296296296297,0.25,0.18315575849822424,0.1237997256515775,0.35185185185185186,108.0,0.0,0.0,0.0,20.0,0.0,0.0,0.0,20.0,0.5205479452054794,0.35185185185185186,1.0,38.0,0.0,0.0,0.0,30.0,,,,
p_1003,0.10583941605839416,0.06712962962962964,0.25,0.1136793728034604,0.07210219478737999,0.26851851851851855,108.0,0.4233576642335766,0.26851851851851855,1.0,29.0,0.0,0.0,0.0,30.0,0.0,0.0,0.0,32.0,0.0,0.0,0.0,17.0,,,,
p_1004,0.1,0.0625,0.25,0.1,0.0625,0.25,108.0,0.0,0.0,0.0,23.0,0.0,0.0,0.0,28.0,0.4,0.25,1.0,27.0,0.0,0.0,0.0,30.0,,,,
p_1005,0.16956521739130437,0.24523809523809523,0.27941176470588236,0.17761674718196457,0.2009700176366843,0.32407407407407407,108.0,0.0,0.0,0.0,24.0,0.0,0.0,0.0,34.0,0.4782608695652174,0.3142857142857143,1.0,33.0,0.2,0.6666666666666666,0.11764705882352941,17.0,,,,
p_1006,0.15161290322580645,0.1087962962962963,0.25,0.26391875746714455,0.18938614540466392,0.4351851851851852,108.0,0.6064516129032258,0.4351851851851852,1.0,47.0,0.0,0.0,0.0,17.0,0.0,0.0,0.0,21.0,0.0,0.0,0.0,23.0,,,,
p_1007,0.1687116564417178,0.12731481481481483,0.25,0.34367189275164733,0.25934499314128945,0.5092592592592593,108.0,0.6748466257668712,0.5092592592592593,1.0,55.0,0.0,0.0,0.0,22.0,0.0,0.0,0.0,24.0,0.0,0.0,0.0,7.0,,,,
p_1008,0.16080964685615848,0.17875000000000002,0.2642857142857143,0.20845694962835354,0.23171296296296295,0.3425925925925926,108.0,0.13953488372093023,0.375,0.08571428571428572,35.0,0.5037037037037037,0.34,0.9714285714285714,35.0,0.0,0.0,0.0,24.0,0.0,0.0,0.0,14.0,,,,
p_1009,0.19047619047619047,0.2904040404040404,0.30128205128205127,0.2275132275132275,0.38916947250280587,0.32407407407407407,108.0,0.3333333333333333,0.8888888888888888,0.20512820512820512,39.0,0.42857142857142855,0.2727272727272727,1.0,27.0,0.0,0.0,0.0,36.0,0.0,0.0,0.0,6.0,,,,
p_1010,0.1423841059602649,0.09953703703703703,0.25,0.22675987245523668,0.15852194787379972,0.39814814814814814,108.0,0.5695364238410596,0.39814814814814814,1.0,43.0,0.0,0.0,0.0,38.0,0.0,0.0,0.0,18.0,0.0,0.0,0.0,9.0,,,,
p_1011,0.15161290322580645,0.1087962962962963,0.25,0.26391875746714455,0.18938614540466392,0.4351851851851852,108.0,0.6064516129032258,0.4351851851851852,1.0,47.0,0.0,0.0,0.0,26.0,0.0,0.0,0.0,23.0,0.0,0.0,0.0,12.0,,,,
p_1012,0.1423841059602649,0.09953703703703703,0.25,0.22675987245523668,0.15852194787379972,0.39814814814814814,108.0,0.5695364238410596,0.39814814814814814,1.0,43.0,0.0,0.0,0.0,30.0,0.0,0.0,0.0,26.0,0.0,0.0,0.0,9.0,,,,
p_1013,0.2095959595959596,0.26625,0.2847222222222222,0.32472876917321364,0.3875925925925926,0.4537037037037037,108.0,0.6111111111111112,0.44,1.0,44.0,0.0,0.0,0.0,16.0,0.22727272727272727,0.625,0.1388888888888889,36.0,0.0,0.0,0.0,12.0,,,,
p_1014,0.1746987951807229,0.13425925925925927,0.25,0.37527889335118253,0.28840877914951996,0.5370370370370371,108.0,0.6987951807228916,0.5370370370370371,1.0,58.0,0.0,0.0,0.0,12.0,0.0,0.0,0.0,9.0,0.0,0.0,0.0,29.0,,,,
p_1015,0.16666666666666666,0.125,0.25,0.3333333333333333,0.25,0.5,108.0,0.6666666666666666,0.5,1.0,54.0,0.0,0.0,0.0,21.0,0.0,0.0,0.0,18.0,0.0,0.0,0.0,15.0,,,,
p_1016,0.15605095541401273,0.11342592592592593,0.25,0.28320358575135646,0.20584705075445817,0.4537037037037037,108.0,0.6242038216560509,0.4537037037037037,1.0,49.0,0.0,0.0,0.0,14.0,0.0,0.0,0.0,36.0,0.0,0.0,0.0,9.0,,,,
p_1017,0.18928571428571428,0.25735294117647056,0.2779038112522686,0.24735449735449735,0.3066448801742919,0.37962962962962965,108.0,0.22857142857142856,0.6666666666666666,0.13793103448275862,29.0,0.0,0.0,0.0,22.0,0.5285714285714286,0.3627450980392157,0.9736842105263158,38.0,0.0,0.0,0.0,19.0,,,,
p_1018,0.17272727272727273,0.13194444444444445,0.25,0.36464646464646466,0.2785493827160494,0.5277777777777778,108.0,0.6909090909090909,0.5277777777777778,1.0,57.0,0.0,0.0,0.0,23.0,0.0,0.0,0.0,13.0,0.0,0.0,0.0,15.0,,,,
p_1019,0.13513513513513514,0.09259259259259259,0.25,0.20020020020020018,0.1371742112482853,0.37037037037037035,108.0,0.0,0.0,0.0,41.0,0.0,0.0,0.0,13.0,0.5405405405405406,0.37037037037037035,1.0,40.0,0.0,0.0,0.0,14.0,,,,
p_1020,0.186560755689137,0.22949080622347948,0.28009259259259256,0.22913983111492772,0.2583686940122583,0.3611111111111111,108.0,0.5109489051094891,0.3465346534653465,0.9722222222222222,36.0,0.0,0.0,0.0,35.0,0.23529411764705882,0.5714285714285714,0.14814814814814814,27.0,0.0,0.0,0.0,10.0,,,,
p_1021,0.14,0.09722222222222222,0.25,0.21777777777777782,0.15123456790123455,0.3888888888888889,108.0,0.56,0.3888888888888889,1.0,42.0,0.0,0.0,0.0,23.0,0.0,0.0,0.0,34.0,0.0,0.0,0.0,9.0,,,,
p_1022,0.1629363176125766,0.22949080622347948,0.25153975363941766,0.241663459355972,0.37060610822987056,0.3611111111111111,108.0,0.14814814814814814,0.5714285714285714,0.0851063829787234,47.0,0.0,0.0,0.0,4.0,0.5035971223021583,0.3465346534653465,0.9210526315789473,38.0,0.0,0.0,0.0,19.0,,,,
p_1023,0.15384615384615385,0.1111111111111111,0.25,0.27350427350427353,0.19753086419753085,0.4444444444444444,108.0,0.6153846153846154,0.4444444444444444,1.0,48.0,0.0,0.0,0.0,11.0,0.0,0.0,0.0,34.0,0.0,0.0,0.0,15.0,,,,
p_1024,0.1326530612244898,0.09027777777777778,0.25,0.19160997732426305,0.13040123456790123,0.3611111111111111,108.0,0.5306122448979592,0.3611111111111111,1.0,39.0,0.0,0.0,0.0,10.0,0.0,0.0,0.0,33.0,0.0,0.0,0.0,26.0,,,,
p_1025,0.1746987951807229,0.13425925925925927,0.25,0.37527889335118253,0.28840877914951996,0.5370370370370371,108.0,0.6987951807228916,0.5370370370370371,1.0,58.0,0.0,0.0,0.0,4.0,0.0,0.0,0.0,30.0,0.0,0.0,0.0,16.0,,,,
p_1026,0.15260608085532912,0.13719943422913722,0.23513071895424836,0.24937508507505168,0.21411545916496413,0.3888888888888889,108.0,0.5616438356164384,0.40594059405940597,0.9111111111111111,45.0,0.0,0.0,0.0,15.0,0.04878048780487805,0.14285714285714285,0.029411764705882353,34.0,0.0,0.0,0.0,14.0,,,,
p_1027,0.1687116564417178,0.12731481481481483,0.25,0.34367189275164733,0.25934499314128945,0.5092592592592593,108.0,0.6748466257668712,0.5092592592592593,1.0,55.0,0.0,0.0,0.0,22.0,0.0,0.0,0.0,21.0,0.0,0.0,0.0,10.0,,,,
p_1028,0.1687116564417178,0.12731481481481483,0.25,0.34367189275164733,0.25934499314128945,0.5092592592592593,108.0,0.6748466257668712,0.5092592592592593,1.0,55.0,0.0,0.0,0.0,7.0,0.0,0.0,0.0,28.0,0.0,0.0,0.0,18.0,,,,
p_1029,0.125,0.08415841584158416,0.24285714285714285,0.16203703703703703,0.10909424275760911,0.3148148148148148,108.0,0.5,0.33663366336633666,0.9714285714285714,35.0,0.0,0.0,0.0,28.0,0.0,0.0,0.0,32.0,0.0,0.0,0.0,13.0,,,,
p_1030,0.13315105946684894,0.10562310030395136,0.2176360225140713,0.19300270879218248,0.15388945176179217,0.3148148148148148,108.0,0.49624060150375937,0.35106382978723405,0.8461538461538461,39.0,0.0,0.0,0.0,15.0,0.0,0.0,0.0,13.0,0.03636363636363636,0.07142857142857142,0.024390243902439025,41.0,,,,
p_1031,0.12259178480552527,0.10749646393210749,0.2488095238095238,0.13841767976628028,0.12605427209387604,0.2777777777777778,108.0,0.047619047619047616,0.14285714285714285,0.02857142857142857,35.0,0.0,0.0,0.0,20.0,0.44274809160305345,0.2871287128712871,0.9666666666666667,30.0,0.0,0.0,0.0,23.0,,,,
p_1032,0.15033490449020095,0.21568627450980393,0.25925925925925924,0.19962880270496247,0.24927378358750907,0.35185185185185186,108.0,0.0,0.0,0.0,21.0,0.0,0.0,0.0,23.0,0.06896551724137931,0.5,0.037037037037037035,27.0,0.5323741007194245,0.3627450980392157,1.0,37.0,,,,
p_1033,0.17272727272727273,0.13194444444444445,0.25,0.36464646464646466,0.2785493827160494,0.5277777777777778,108.0,0.6909090909090909,0.5277777777777778,1.0,57.0,0.0,0.0,0.0,22.0,0.0,0.0,0.0,19.0,0.0,0.0,0.0,10.0,,,,
p_1034,0.18786127167630057,0.15046296296296297,0.25,0.4522586169985014,0.36222565157750347,0.6018518518518519,108.0,0.0,0.0,0.0,16.0,0.0,0.0,0.0,10.0,0.7514450867052023,0.6018518518518519,1.0,65.0,0.0,0.0,0.0,17.0,,,,
p_1035,0.1687116564417178,0.12731481481481483,0.25,0.34367189275164733,0.25934499314128945,0.5092592592592593,108.0,0.6748466257668712,0.5092592592592593,1.0,55.0,0.0,0.0,0.0,20.0,0.0,0.0,0.0,12.0,0.0,0.0,0.0,21.0,,,,
p_1036,0.15384615384615385,0.1111111111111111,0.25,0.27350427350427353,0.19753086419753085,0.4444444444444444,108.0,0.6153846153846154,0.4444444444444444,1.0,48.0,0.0,0.0,0.0,12.0,0.0,0.0,0.0,22.0,0.0,0.0,0.0,26.0,,,,
p_1037,0.14705882352941177,0.10416666666666667,0.25,0.2450980392156863,0.1736111111111111,0.4166666666666667,108.0,0.5882352941176471,0.4166666666666667,1.0,45.0,0.0,0.0,0.0,18.0,0.0,0.0,0.0,19.0,0.0,0.0,0.0,26.0,,,,
p_1038,0.11971830985915492,0.0787037037037037,0.25,0.1507563901930099,0.09910836762688614,0.3148148148148148,108.0,0.0,0.0,0.0,30.0,0.0,0.0,0.0,10.0,0.0,0.0,0.0,34.0,0.4788732394366197,0.3148148148148148,1.0,34.0,,,,
p_1039,0.19142857142857142,0.1550925925925926,0.25,0.475026455026455,0.3848593964334705,0.6203703703703703,108.0,0.7657142857142857,0.6203703703703703,1.0,67.0,0.0,0.0,0.0,15.0,0.0,0.0,0.0,20.0,0.0,0.0,0.0,6.0,,,,
p_1040,0.1596989966555184,0.155,0.2595500848896435,0.21811387753416742,0.20194444444444445,0.3611111111111111,108.0,0.0,0.0,0.0,19.0,0.0,0.0,0.0,20.0,0.5362318840579711,0.37,0.9736842105263158,38.0,0.10256410256410256,0.25,0.06451612903225806,31.0,,,,
p_1041,0.15384615384615385,0.1111111111111111,0.25,0.27350427350427353,0.19753086419753085,0.4444444444444444,108.0,0.6153846153846154,0.4444444444444444,1.0,48.0,0.0,0.0,0.0,15.0,0.0,0.0,0.0,16.0,0.0,0.0,0.0,29.0,,,,
p_1042,0.18786127167630057,0.15046296296296297,0.25,0.4522586169985014,0.36222565157750347,0.6018518518518519,108.0,0.7514450867052023,0.6018518518518519,1.0,65.0,0.0,0.0,0.0,6.0,0.0,0.0,0.0,13.0,0.0,0.0,0.0,24.0,,,,
p_1043,0.14403195488721804,0.14568599717114566,0.254375,0.1626026872737399,0.15414636701765413,0.2962962962962963,108.0,0.45112781954887216,0.297029702970297,0.9375,32.0,0.125,0.2857142857142857,0.08,25.0,0.0,0.0,0.0,19.0,0.0,0.0,0.0,32.0,,,,
p_1044,0.1625,0.12037037037037036,0.25,0.312962962962963,0.23182441700960219,0.48148148148148145,108.0,0.65,0.48148148148148145,1.0,52.0,0.0,0.0,0.0,17.0,0.0,0.0,0.0,33.0,0.0,0.0,0.0,6.0,,,,
p_1045,0.11702127659574468,0.0763888888888889,0.25,0.1430260047281324,0.09336419753086421,0.3055555555555556,108.0,0.0,0.0,0.0,30.0,0.46808510638297873,0.3055555555555556,1.0,33.0,0.0,0.0,0.0,33.0,0.0,0.0,0.0,12.0,,,,
p_1046,0.14824504033137126,0.12375,0.24717948717948718,0.2062753837334173,0.1625462962962963,0.35185185185185186,108.0,0.5323741007194245,0.37,0.9487179487179487,39.0,0.0,0.0,0.0,26.0,0.06060606060606061,0.125,0.04,25.0,0.0,0.0,0.0,18.0,,,,
p_1047,0.11151079136690648,0.07175925925925926,0.25,0.12803090860644817,0.08239026063100138,0.28703703703703703,108.0,0.4460431654676259,0.28703703703703703,1.0,31.0,0.0,0.0,0.0,19.0,0.0,0.0,0.0,38.0,0.0,0.0,0.0,20.0,,,,
p_1048,0.14473684210526316,0.10185185185185185,0.25,0.23586744639376217,0.16598079561042522,0.4074074074074074,108.0,0.5789473684210527,0.4074074074074074,1.0,44.0,0.0,0.0,0.0,21.0,0.0,0.0,0.0,19.0,0.0,0.0,0.0,24.0,,,,
p_1049,0.15391156462585034,0.17857142857142855,0.2480952380952381,0.22817460317460317,0.22530864197530864,0.37962962962962965,108.0,0.54421768707483,0.38095238095238093,0.9523809523809523,42.0,0.0,0.0,0.0,22.0,0.07142857142857142,0.3333333333333333,0.04,25.0,0.0,0.0,0.0,19.0,,,,
p_1050,0.14,0.09722222222222222,0.25,0.21777777777777782,0.15123456790123455,0.3888888888888889,108.0,0.0,0.0,0.0,23.0,0.0,0.0,0.0,17.0,0.56,0.3888888888888889,1.0,42.0,0.0,0.0,0.0,26.0,,,,
p_1051,0.14417322834645668,0.13802083333333331,0.2536078098471986,0.17331000291630214,0.17467206790123455,0.2962962962962963,108.0,0.12,0.25,0.07894736842105263,38.0,0.4566929133858268,0.3020833333333333,0.9354838709677419,31.0,0.0,0.0,0.0,22.0,0.0,0.0,0.0,17.0,,,,
p_1052,0.14922255743792062,0.1272984441301273,0.2538377192982456,0.20165373077881782,0.16064225470166063,0.35185185185185186,108.0,0.5323741007194245,0.36633663366336633,0.9736842105263158,38.0,0.0,0.0,0.0,29.0,0.06451612903225806,0.14285714285714285,0.041666666666666664,24.0,0.0,0.0,0.0,17.0,,,,
p_1053,0.12669573643410853,0.10353535353535354,0.2564102564102564,0.14424526270456503,0.12429854096520765,0.28703703703703703,108.0,0.041666666666666664,0.1111111111111111,0.02564102564102564,39.0,0.46511627906976744,0.30303030303030304,1.0,30.0,0.0,0.0,0.0,16.0,0.0,0.0,0.0,23.0,,,,
p_1054,0.15161290322580645,0.1087962962962963,0.25,0.26391875746714455,0.18938614540466392,0.4351851851851852,108.0,0.6064516129032258,0.4351851851851852,1.0,47.0,0.0,0.0,0.0,21.0,0.0,0.0,0.0,23.0,0.0,0.0,0.0,17.0,,,,
p_1055,0.17337933247753531,0.15375,0.24315268065268064,0.32533399895402465,0.27412037037037035,0.46296296296296297,108.0,0.6447368421052632,0.49,0.9423076923076923,52.0,0.0,0.0,0.0,15.0,0.04878048780487805,0.125,0.030303030303030304,33.0,0.0,0.0,0.0,8.0,,,,
p_1056,0.1326530612244898,0.09027777777777778,0.25,0.19160997732426305,0.13040123456790123,0.3611111111111111,108.0,0.0,0.0,0.0,28.0,0.0,0.0,0.0,26.0,0.5306122448979592,0.3611111111111111,1.0,39.0,0.0,0.0,0.0,15.0,,,,
p_1057,0.15161290322580645,0.1087962962962963,0.25,0.26391875746714455,0.18938614540466392,0.4351851851851852,108.0,0.0,0.0,0.0,33.0,0.6064516129032258,0.4351851851851852,1.0,47.0,0.0,0.0,0.0,19.0,0.0,0.0,0.0,9.0,,,,
p_1058,0.13513513513513514,0.09259259259259259,0.25,0.20020020020020018,0.1371742112482853,0.37037037037037035,108.0,0.0,0.0,0.0,32.0,0.0,0.0,0.0,24.0,0.5405405405405406,0.37037037037037035,1.0,40.0,0.0,0.0,0.0,12.0,,,,
p_1059,0.09689922480620156,0.06188118811881188,0.22321428571428573,0.10048808498420903,0.06417308397506417,0.23148148148148148,108.0,0.0,0.0,0.0,27.0,0.0,0.0,0.0,29.0,0.3875968992248062,0.24752475247524752,0.8928571428571429,28.0,0.0,0.0,0.0,24.0,,,,
p_1060,0.15384615384615385,0.1111111111111111,0.25,0.27350427350427353,0.19753086419753085,0.4444444444444444,108.0,0.6153846153846154,0.4444444444444444,1.0,48.0,0.0,0.0,0.0,15.0,0.0,0.0,0.0,20.0,0.0,0.0,0.0,25.0,,,,
p_1061,0.14705882352941177,0.10416666666666667,0.25,0.2450980392156863,0.1736111111111111,0.4166666666666667,108.0,0.5882352941176471,0.4166666666666667,1.0,45.0,0.0,0.0,0.0,18.0,0.0,0.0,0.0,34.0,0.0,0.0,0.0,11.0,,,,
p_1062,0.1423841059602649,0.09953703703703703,0.25,0.22675987245523668,0.15852194787379972,0.39814814814814814,108.0,0.0,0.0,0.0,30.0,0.0,0.0,0.0,22.0,0.5695364238410596,0.39814814814814814,1.0,43.0,0.0,0.0,0.0,13.0,,,,
p_1063,0.15161290322580645,0.1087962962962963,0.25,0.26391875746714455,0.18938614540466392,0.4351851851851852,108.0,0.6064516129032258,0.4351851851851852,1.0,47.0,0.0,0.0,0.0,20.0,0.0,0.0,0.0,24.0,0.0,0.0,0.0,17.0,,,,
p_1064,0.09090909090909091,0.05555555555555555,0.25,0.0808080808080808,0.04938271604938271,0.2222222222222222,108.0,0.0,0.0,0.0,28.0,0.36363636363636365,0.2222222222222222,1.0,24.0,0.0,0.0,0.0,36.0,0.0,0.0,0.0,20.0,,,,
p_1065,0.15161290322580645,0.1087962962962963,0.25,0.26391875746714455,0.18938614540466392,0.4351851851851852,108.0,0.6064516129032258,0.4351851851851852,1.0,47.0,0.0,0.0,0.0,34.0,0.0,0.0,0.0,21.0,0.0,0.0,0.0,6.0,,,,
p_1066,0.16666666666666666,0.125,0.25,0.3333333333333333,0.25,0.5,108.0,0.6666666666666666,0.5,1.0,54.0,0.0,0.0,0.0,14.0,0.0,0.0,0.0,29.0,0.0,0.0,0.0,11.0,,,,
p_1067,0.12758620689655173,0.08564814814814815,0.25,0.1748403575989783,0.11736968449931415,0.3425925925925926,108.0,0.5103448275862069,0.3425925925925926,1.0,37.0,0.0,0.0,0.0,12.0,0.0,0.0,0.0,23.0,0.0,0.0,0.0,36.0,,,,
p_1068,0.1326530612244898,0.09027777777777778,0.25,0.19160997732426305,0.13040123456790123,0.3611111111111111,108.0,0.5306122448979592,0.3611111111111111,1.0,39.0,0.0,0.0,0.0,26.0,0.0,0.0,0.0,20.0,0.0,0.0,0.0,23.0,,,,
p_1069,0.1625,0.12037037037037036,0.25,0.312962962962963,0.23182441700960219,0.48148148148148145,108.0,0.65,0.48148148148148145,1.0,52.0,0.0,0.0,0.0,14.0,0.0,0.0,0.0,30.0,0.0,0.0,0.0,12.0,,,,
p_1070,0.11971830985915492,0.0787037037037037,0.25,0.1507563901930099,0.09910836762688614,0.3148148148148148,108.0,0.0,0.0,0.0,32.0,0.4788732394366197,0.3148148148148148,1.0,34.0,0.0,0.0,0.0,22.0,0.0,0.0,0.0,20.0,,,,
p_1071,0.10612244897959185,0.07222222222222222,0.2,0.19160997732426305,0.13040123456790123,0.3611111111111111,108.0,0.0,0.0,0.0,39.0,0.0,0.0,0.0,15.0,0.5306122448979592,0.3611111111111111,1.0,39.0,0.0,0.0,0.0,14.0,0.0,0.0,0.0,1.0
p_1072,0.17809364548494983,0.22949080622347948,0.2677364864864865,0.23455757876047734,0.28803237466603804,0.3611111111111111,108.0,0.5072463768115942,0.3465346534653465,0.9459459459459459,37.0,0.20512820512820512,0.5714285714285714,0.125,32.0,0.0,0.0,0.0,23.0,0.0,0.0,0.0,16.0,,,,
p_1073,0.12491325468424705,0.158,0.2093189964157706,0.18769116097360372,0.24990740740740744,0.3055555555555556,108.0,0.44274809160305345,0.29,0.9354838709677419,31.0,0.0,0.0,0.0,23.0,0.18181818181818182,0.5,0.1111111111111111,36.0,0.0,0.0,0.0,16.0,0.0,0.0,0.0,2.0
p_1074,0.13380281690140844,0.095,0.2261904761904762,0.20813771517996868,0.14777777777777779,0.35185185185185186,108.0,0.5352112676056338,0.38,0.9047619047619048,42.0,0.0,0.0,0.0,22.0,0.0,0.0,0.0,28.0,0.0,0.0,0.0,16.0,,,,
p_1075,0.11428571428571428,0.07407407407407407,0.25,0.13544973544973546,0.0877914951989026,0.2962962962962963,108.0,0.45714285714285713,0.2962962962962963,1.0,32.0,0.0,0.0,0.0,23.0,0.0,0.0,0.0,30.0,0.0,0.0,0.0,23.0,,,,
p_1076,0.1576923076923077,0.2032828282828283,0.2727272727272727,0.1839031339031339,0.24265806210250654,0.3148148148148148,108.0,0.15384615384615385,0.5,0.09090909090909091,33.0,0.0,0.0,0.0,18.0,0.47692307692307695,0.31313131313131315,1.0,31.0,0.0,0.0,0.0,26.0,,,,
p_1077,0.175,0.16796322489391796,0.27380952380952384,0.22896825396825396,0.194994499449945,0.37962962962962965,108.0,0.0,0.0,0.0,33.0,0.14285714285714285,0.2857142857142857,0.09523809523809523,21.0,0.5571428571428572,0.38613861386138615,1.0,39.0,0.0,0.0,0.0,15.0,,,,
p_1078,0.13013698630136986,0.08796296296296297,0.25,0.18315575849822424,0.1237997256515775,0.35185185185185186,108.0,0.0,0.0,0.0,17.0,0.0,0.0,0.0,24.0,0.0,0.0,0.0,29.0,0.5205479452054794,0.35185185185185186,1.0,38.0,,,,
p_1079,0.1326530612244898,0.09027777777777778,0.25,0.19160997732426305,0.13040123456790123,0.3611111111111111,108.0,0.5306122448979592,0.3611111111111111,1.0,39.0,0.0,0.0,0.0,19.0,0.0,0.0,0.0,36.0,0.0,0.0,0.0,14.0,,,,
p_1080,0.11151079136690648,0.07175925925925926,0.25,0.12803090860644817,0.08239026063100138,0.28703703703703703,108.0,0.4460431654676259,0.28703703703703703,1.0,31.0,0.0,0.0,0.0,26.0,0.0,0.0,0.0,26.0,0.0,0.0,0.0,25.0,,,,
p_1081,0.17485846628924342,0.18882602545968882,0.28409090909090906,0.19264310630754278,0.18713657079993715,0.3333333333333333,108.0,0.0,0.0,0.0,27.0,0.4925373134328358,0.32673267326732675,1.0,33.0,0.20689655172413793,0.42857142857142855,0.13636363636363635,22.0,0.0,0.0,0.0,26.0,,,,
p_1082,0.1332244008714597,0.11492220650636492,0.24455337690631807,0.16395142419107564,0.13545759337838545,0.3055555555555556,108.0,0.0,0.0,0.0,25.0,0.4740740740740741,0.31683168316831684,0.9411764705882353,34.0,0.058823529411764705,0.14285714285714285,0.037037037037037035,27.0,0.0,0.0,0.0,22.0,,,,
p_1083,0.16652869757174393,0.1880952380952381,0.2510351966873706,0.264425435369144,0.24329805996472662,0.4166666666666667,108.0,0.0,0.0,0.0,20.0,0.08333333333333333,0.3333333333333333,0.047619047619047616,21.0,0.5827814569536424,0.41904761904761906,0.9565217391304348,46.0,0.0,0.0,0.0,21.0,,,,
p_1084,0.14864066193853429,0.13480392156862744,0.2519230769230769,0.210073548726031,0.18082788671023967,0.3611111111111111,108.0,0.05555555555555555,0.16666666666666666,0.03333333333333333,30.0,0.0,0.0,0.0,25.0,0.0,0.0,0.0,14.0,0.5390070921985816,0.37254901960784315,0.9743589743589743,39.0,,,,
p_1085,0.16710114702815432,0.17424242424242425,0.2595693779904306,0.2285656354999421,0.2297979797979798,0.3611111111111111,108.0,0.14285714285714285,0.3333333333333333,0.09090909090909091,33.0,0.5255474452554745,0.36363636363636365,0.9473684210526315,38.0,0.0,0.0,0.0,22.0,0.0,0.0,0.0,15.0,,,,
p_1086,0.11151079136690648,0.07175925925925926,0.25,0.12803090860644817,0.08239026063100138,0.28703703703703703,108.0,0.0,0.0,0.0,45.0,0.0,0.0,0.0,19.0,0.0,0.0,0.0,13.0,0.4460431654676259,0.28703703703703703,1.0,31.0,,,,
p_1087,0.16429924242424243,0.18387553041018387,0.28,0.17822320426487095,0.1873068259206873,0.3148148148148148,108.0,0.1875,0.42857142857142855,0.12,25.0,0.0,0.0,0.0,27.0,0.0,0.0,0.0,25.0,0.4696969696969697,0.3069306930693069,1.0,31.0,,,,
p_1088,0.17384370015948963,0.19191919191919193,0.2769070010449321,0.2046783625730994,0.21810699588477367,0.3333333333333333,108.0,0.48484848484848486,0.32323232323232326,0.9696969696969697,33.0,0.0,0.0,0.0,12.0,0.21052631578947367,0.4444444444444444,0.13793103448275862,29.0,0.0,0.0,0.0,34.0,,,,
p_1089,0.19710144927536233,0.23196605374823195,0.2867215041128085,0.23553408480944713,0.24380533291424378,0.37037037037037035,108.0,0.26666666666666666,0.5714285714285714,0.17391304347826086,23.0,0.5217391304347826,0.3564356435643564,0.972972972972973,37.0,0.0,0.0,0.0,18.0,0.0,0.0,0.0,30.0,,,,
p_1090,0.13851351351351351,0.09761904761904762,0.23837209302325582,0.22059559559559558,0.1554673721340388,0.37962962962962965,108.0,0.5540540540540541,0.3904761904761905,0.9534883720930233,43.0,0.0,0.0,0.0,22.0,0.0,0.0,0.0,21.0,0.0,0.0,0.0,22.0,,,,
p_1091,0.15121283255086074,0.13224893917963226,0.24642556770395288,0.223446646959949,0.18494944732568494,0.37037037037037035,108.0,0.0,0.0,0.0,21.0,0.5492957746478874,0.38613861386138615,0.9512195121951219,41.0,0.0,0.0,0.0,17.0,0.05555555555555555,0.14285714285714285,0.034482758620689655,29.0,,,,
p_1092,0.1617588141025641,0.20202020202020204,0.257183908045977,0.17611511752136752,0.22212869435091656,0.2777777777777778,108.0,0.2564102564102564,0.5555555555555556,0.16666666666666666,30.0,0.0,0.0,0.0,20.0,0.390625,0.25252525252525254,0.8620689655172413,29.0,0.0,0.0,0.0,29.0,,,,
p_1093,0.13758389261744966,0.09490740740740741,0.25,0.20892368878946058,0.14411865569272977,0.37962962962962965,108.0,0.5503355704697986,0.37962962962962965,1.0,41.0,0.0,0.0,0.0,35.0,0.0,0.0,0.0,17.0,0.0,0.0,0.0,15.0,,,,
p_1094,0.14618599791013587,0.1738095238095238,0.24583333333333332,0.21096017647741785,0.22663139329805995,0.3611111111111111,108.0,0.5241379310344828,0.3619047619047619,0.95,40.0,0.0,0.0,0.0,25.0,0.06060606060606061,0.3333333333333333,0.03333333333333333,30.0,0.0,0.0,0.0,13.0,,,,
p_1095,0.17272727272727273,0.13194444444444445,0.25,0.36464646464646466,0.2785493827160494,0.5277777777777778,108.0,0.6909090909090909,0.5277777777777778,1.0,57.0,0.0,0.0,0.0,22.0,0.0,0.0,0.0,17.0,0.0,0.0,0.0,12.0,,,,
p_1096,0.15384615384615385,0.1111111111111111,0.25,0.27350427350427353,0.19753086419753085,0.4444444444444444,108.0,0.6153846153846154,0.4444444444444444,1.0,48.0,0.0,0.0,0.0,29.0,0.0,0.0,0.0,20.0,0.0,0.0,0.0,11.0,,,,
p_1097,0.15384615384615385,0.1111111111111111,0.25,0.27350427350427353,0.19753086419753085,0.4444444444444444,108.0,0.6153846153846154,0.4444444444444444,1.0,48.0,0.0,0.0,0.0,25.0,0.0,0.0,0.0,15.0,0.0,0.0,0.0,20.0,,,,
p_1098,0.1409502262443439,0.135,0.2608974358974359,0.1522540640187699,0.14074074074074072,0.28703703703703703,108.0,0.11764705882352941,0.25,0.07692307692307693,26.0,0.4461538461538462,0.29,0.9666666666666667,30.0,0.0,0.0,0.0,27.0,0.0,0.0,0.0,25.0,,,,
p_1099,0.1326530612244898,0.09027777777777778,0.25,0.19160997732426305,0.13040123456790123,0.3611111111111111,108.0,0.0,0.0,0.0,29.0,0.0,0.0,0.0,12.0,0.0,0.0,0.0,28.0,0.5306122448979592,0.3611111111111111,1.0,39.0,,,,
p_1100,0.11428571428571428,0.07407407407407407,0.25,0.13544973544973546,0.0877914951989026,0.2962962962962963,108.0,0.45714285714285713,0.2962962962962963,1.0,32.0,0.0,0.0,0.0,17.0,0.0,0.0,0.0,27.0,0.0,0.0,0.0,32.0,,,,
p_1101,0.1326530612244898,0.09027777777777778,0.25,0.19160997732426305,0.13040123456790123,0.3611111111111111,108.0,0.5306122448979592,0.3611111111111111,1.0,39.0,0.0,0.0,0.0,24.0,0.0,0.0,0.0,17.0,0.0,0.0,0.0,28.0,,,,
p_1102,0.14705882352941177,0.10416666666666667,0.25,0.2450980392156863,0.1736111111111111,0.4166666666666667,108.0,0.0,0.0,0.0,28.0,0.5882352941176471,0.4166666666666667,1.0,45.0,0.0,0.0,0.0,19.0,0.0,0.0,0.0,16.0,,,,
p_1103,0.1326530612244898,0.09027777777777778,0.25,0.19160997732426305,0.13040123456790123,0.3611111111111111,108.0,0.0,0.0,0.0,32.0,0.5306122448979592,0.3611111111111111,1.0,39.0,0.0,0.0,0.0,18.0,0.0,0.0,0.0,19.0,,,,
p_1104,0.10612244897959185,0.07222222222222222,0.2,0.19160997732426305,0.13040123456790123,0.3611111111111111,108.0,0.0,0.0,0.0,28.0,0.5306122448979592,0.3611111111111111,1.0,39.0,0.0,0.0,0.0,23.0,0.0,0.0,0.0,17.0,0.0,0.0,0.0,1.0
p_1105,0.09375,0.06060606060606061,0.20689655172413793,0.10069444444444445,0.06509539842873176,0.2222222222222222,108.0,0.375,0.24242424242424243,0.8275862068965517,29.0,0.0,0.0,0.0,30.0,0.0,0.0,0.0,26.0,0.0,0.0,0.0,23.0,,,,
p_1106,0.14705882352941177,0.10416666666666667,0.25,0.2450980392156863,0.1736111111111111,0.4166666666666667,108.0,0.0,0.0,0.0,32.0,0.0,0.0,0.0,19.0,0.5882352941176471,0.4166666666666667,1.0,45.0,0.0,0.0,0.0,12.0,,,,
p_1107,0.15605095541401273,0.11342592592592593,0.25,0.28320358575135646,0.20584705075445817,0.4537037037037037,108.0,0.6242038216560509,0.4537037037037037,1.0,49.0,0.0,0.0,0.0,16.0,0.0,0.0,0.0,25.0,0.0,0.0,0.0,18.0,,,,
p_1108,0.15357142857142858,0.15558698727015557,0.26071428571428573,0.19166666666666665,0.1831683168316832,0.3333333333333333,108.0,0.5,0.33663366336633666,0.9714285714285714,35.0,0.0,0.0,0.0,8.0,0.0,0.0,0.0,37.0,0.11428571428571428,0.2857142857142857,0.07142857142857142,28.0,,,,
p_1109,0.14935064935064934,0.10648148148148148,0.25,0.2544492544492544,0.18141289437585734,0.42592592592592593,108.0,0.5974025974025974,0.42592592592592593,1.0,46.0,0.0,0.0,0.0,20.0,0.0,0.0,0.0,11.0,0.0,0.0,0.0,31.0,,,,
p_1110,0.14434606161224867,0.14500000000000002,0.22766749379652607,0.20090252584257381,0.19092592592592594,0.32407407407407407,108.0,0.4748201438848921,0.33,0.8461538461538461,39.0,0.0,0.0,0.0,22.0,0.10256410256410256,0.25,0.06451612903225806,31.0,0.0,0.0,0.0,16.0,,,,
p_1111,0.18786127167630057,0.15046296296296297,0.25,0.4522586169985014,0.36222565157750347,0.6018518518518519,108.0,0.7514450867052023,0.6018518518518519,1.0,65.0,0.0,0.0,0.0,11.0,0.0,0.0,0.0,25.0,0.0,0.0,0.0,7.0,,,,
p_1112,0.1804733727810651,0.1412037037037037,0.25,0.40773613850536927,0.3190157750342935,0.5648148148148148,108.0,0.7218934911242604,0.5648148148148148,1.0,61.0,0.0,0.0,0.0,18.0,0.0,0.0,0.0,19.0,0.0,0.0,0.0,10.0,,,,
p_1113,0.10869565217391304,0.06944444444444445,0.25,0.12077294685990338,0.0771604938271605,0.2777777777777778,108.0,0.0,0.0,0.0,28.0,0.0,0.0,0.0,34.0,0.43478260869565216,0.2777777777777778,1.0,30.0,0.0,0.0,0.0,16.0,,,,
p_1114,0.15605095541401273,0.11342592592592593,0.25,0.28320358575135646,0.20584705075445817,0.4537037037037037,108.0,0.6242038216560509,0.4537037037037037,1.0,49.0,0.0,0.0,0.0,10.0,0.0,0.0,0.0,44.0,0.0,0.0,0.0,5.0,,,,
p_1115,0.13133903133903135,0.11492220650636492,0.24310661764705882,0.164440223699483,0.14207134999214208,0.3055555555555556,108.0,0.4740740740740741,0.31683168316831684,0.9411764705882353,34.0,0.05128205128205128,0.14285714285714285,0.03125,32.0,0.0,0.0,0.0,29.0,0.0,0.0,0.0,13.0,,,,
p_1116,0.14604236343366778,0.15806223479490805,0.24759759759759759,0.2058301333663653,0.23776782440148775,0.3425925925925926,108.0,0.5072463768115942,0.3465346534653465,0.9459459459459459,37.0,0.0,0.0,0.0,15.0,0.07692307692307693,0.2857142857142857,0.044444444444444446,45.0,0.0,0.0,0.0,11.0,,,,
p_1117,0.15822784810126583,0.11574074074074074,0.25,0.29301453352086265,0.21433470507544583,0.46296296296296297,108.0,0.6329113924050633,0.46296296296296297,1.0,50.0,0.0,0.0,0.0,16.0,0.0,0.0,0.0,25.0,0.0,0.0,0.0,17.0,,,,
p_1118,0.14414715719063545,0.26,0.25952380952380955,0.17465626161278336,0.37222222222222223,0.2962962962962963,108.0,0.13043478260869565,0.75,0.07142857142857142,42.0,0.0,0.0,0.0,14.0,0.4461538461538462,0.29,0.9666666666666667,30.0,0.0,0.0,0.0,22.0,,,,
p_1119,0.15822784810126583,0.11574074074074074,0.25,0.29301453352086265,0.21433470507544583,0.46296296296296297,108.0,0.6329113924050633,0.46296296296296297,1.0,50.0,0.0,0.0,0.0,34.0,0.0,0.0,0.0,12.0,0.0,0.0,0.0,12.0,,,,
p_1120,0.1718944099378882,0.19125,0.26348684210526313,0.2522429261559696,0.2763888888888889,0.3888888888888889,108.0,0.5571428571428572,0.39,0.975,40.0,0.0,0.0,0.0,19.0,0.13043478260869565,0.375,0.07894736842105263,38.0,0.0,0.0,0.0,11.0,,,,
p_1121,0.1223021582733813,0.08415841584158416,0.2236842105263158,0.17212896349586998,0.11844517785111845,0.3148148148148148,108.0,0.0,0.0,0.0,43.0,0.0,0.0,0.0,12.0,0.4892086330935252,0.33663366336633666,0.8947368421052632,38.0,0.0,0.0,0.0,15.0,,,,
p_1122,0.16263318112633182,0.17291371994342292,0.2409356725146199,0.2652939850047917,0.26967101472051963,0.39814814814814814,108.0,0.5616438356164384,0.40594059405940597,0.9111111111111111,45.0,0.0,0.0,0.0,17.0,0.08888888888888889,0.2857142857142857,0.05263157894736842,38.0,0.0,0.0,0.0,8.0,,,,
p_1123,0.2305936073059361,0.27205882352941174,0.29987373737373735,0.29553526128868596,0.28286129266521426,0.4351851851851852,108.0,0.589041095890411,0.4215686274509804,0.9772727272727273,44.0,0.0,0.0,0.0,16.0,0.0,0.0,0.0,30.0,0.3333333333333333,0.6666666666666666,0.2222222222222222,18.0,,,,
p_1124,0.18421052631578946,0.14583333333333334,0.25,0.4298245614035088,0.3402777777777778,0.5833333333333334,108.0,0.7368421052631579,0.5833333333333334,1.0,63.0,0.0,0.0,0.0,22.0,0.0,0.0,0.0,12.0,0.0,0.0,0.0,11.0,,,,
p_1125,0.1326530612244898,0.09027777777777778,0.25,0.19160997732426305,0.13040123456790123,0.3611111111111111,108.0,0.5306122448979592,0.3611111111111111,1.0,39.0,0.0,0.0,0.0,12.0,0.0,0.0,0.0,34.0,0.0,0.0,0.0,23.0,,,,
p_1126,0.12758620689655173,0.08564814814814815,0.25,0.1748403575989783,0.11736968449931415,0.3425925925925926,108.0,0.5103448275862069,0.3425925925925926,1.0,37.0,0.0,0.0,0.0,21.0,0.0,0.0,0.0,19.0,0.0,0.0,0.0,31.0,,,,
p_1127,0.13732394366197184,0.09558823529411764,0.24375,0.20344287949921755,0.14161220043572983,0.3611111111111111,108.0,0.5492957746478874,0.38235294117647056,0.975,40.0,0.0,0.0,0.0,20.0,0.0,0.0,0.0,27.0,0.0,0.0,0.0,21.0,,,,
p_1128,0.11702127659574468,0.0763888888888889,0.25,0.1430260047281324,0.09336419753086421,0.3055555555555556,108.0,0.46808510638297873,0.3055555555555556,1.0,33.0,0.0,0.0,0.0,14.0,0.0,0.0,0.0,40.0,0.0,0.0,0.0,21.0,,,,
p_1129,0.1423841059602649,0.09953703703703703,0.25,0.22675987245523668,0.15852194787379972,0.39814814814814814,108.0,0.5695364238410596,0.39814814814814814,1.0,43.0,0.0,0.0,0.0,14.0,0.0,0.0,0.0,24.0,0.0,0.0,0.0,27.0,,,,
p_1130,0.14935064935064934,0.10648148148148148,0.25,0.2544492544492544,0.18141289437585734,0.42592592592592593,108.0,0.0,0.0,0.0,15.0,0.0,0.0,0.0,20.0,0.0,0.0,0.0,27.0,0.5974025974025974,0.42592592592592593,1.0,46.0,,,,
p_1131,0.13513513513513514,0.09259259259259259,0.25,0.20020020020020018,0.1371742112482853,0.37037037037037035,108.0,0.5405405405405406,0.37037037037037035,1.0,40.0,0.0,0.0,0.0,13.0,0.0,0.0,0.0,26.0,0.0,0.0,0.0,29.0,,,,
p_1132,0.1616286938867584,0.25476190476190474,0.26127819548872183,0.21552998972353812,0.2968253968253968,0.3611111111111111,108.0,0.5174825174825175,0.3523809523809524,0.9736842105263158,38.0,0.0,0.0,0.0,29.0,0.0,0.0,0.0,13.0,0.12903225806451613,0.6666666666666666,0.07142857142857142,28.0,,,,
p_1133,0.13513513513513514,0.09259259259259259,0.25,0.20020020020020018,0.1371742112482853,0.37037037037037035,108.0,0.0,0.0,0.0,29.0,0.0,0.0,0.0,13.0,0.5405405405405406,0.37037037037037035,1.0,40.0,0.0,0.0,0.0,26.0,,,,
p_1134,0.13758389261744966,0.09490740740740741,0.25,0.20892368878946058,0.14411865569272977,0.37962962962962965,108.0,0.5503355704697986,0.37962962962962965,1.0,41.0,0.0,0.0,0.0,31.0,0.0,0.0,0.0,15.0,0.0,0.0,0.0,21.0,,,,
p_1135,0.14742424242424243,0.1616161616161616,0.25314116777531415,0.1890740740740741,0.2222222222222222,0.3148148148148148,108.0,0.12,0.3333333333333333,0.07317073170731707,41.0,0.0,0.0,0.0,5.0,0.0,0.0,0.0,29.0,0.4696969696969697,0.31313131313131315,0.9393939393939394,33.0,,,,
p_1136,0.19225146198830412,0.19519094766619519,0.2623394185260311,0.3405079055663851,0.31049295405731053,0.48148148148148145,108.0,0.1111111111111111,0.2857142857142857,0.06896551724137931,29.0,0.6578947368421053,0.49504950495049505,0.9803921568627451,51.0,0.0,0.0,0.0,17.0,0.0,0.0,0.0,11.0,,,,
p_1137,0.10305343511450382,0.0661764705882353,0.23275862068965517,0.11068702290076336,0.07107843137254902,0.25,108.0,0.0,0.0,0.0,24.0,0.0,0.0,0.0,31.0,0.4122137404580153,0.2647058823529412,0.9310344827586207,29.0,0.0,0.0,0.0,24.0,,,,
p_1138,0.14802631578947367,0.10714285714285714,0.2393617021276596,0.2576754385964912,0.1865079365079365,0.4166666666666667,108.0,0.5921052631578947,0.42857142857142855,0.9574468085106383,47.0,0.0,0.0,0.0,24.0,0.0,0.0,0.0,30.0,0.0,0.0,0.0,7.0,,,,
p_1139,0.1746987951807229,0.13425925925925927,0.25,0.37527889335118253,0.28840877914951996,0.5370370370370371,108.0,0.0,0.0,0.0,20.0,0.0,0.0,0.0,16.0,0.6987951807228916,0.5370370370370371,1.0,58.0,0.0,0.0,0.0,14.0,,,,
p_1140,0.13758389261744966,0.09490740740740741,0.25,0.20892368878946058,0.14411865569272977,0.37962962962962965,108.0,0.5503355704697986,0.37962962962962965,1.0,41.0,0.0,0.0,0.0,12.0,0.0,0.0,0.0,34.0,0.0,0.0,0.0,21.0,,,,
p_1141,0.15260891590678824,0.12977369165487979,0.2494047619047619,0.2135211452587339,0.16712504583791712,0.3611111111111111,108.0,0.07142857142857142,0.14285714285714285,0.047619047619047616,21.0,0.5390070921985816,0.37623762376237624,0.95,40.0,0.0,0.0,0.0,29.0,0.0,0.0,0.0,18.0,,,,
p_1142,0.15543478260869564,0.14646464646464646,0.24689826302729528,0.21710950080515298,0.19509913954358396,0.35185185185185186,108.0,0.1,0.2222222222222222,0.06451612903225806,31.0,0.0,0.0,0.0,20.0,0.0,0.0,0.0,18.0,0.5217391304347826,0.36363636363636365,0.9230769230769231,39.0,,,,
p_1143,0.1753696425229272,0.21000000000000002,0.2619877942458588,0.22892535057985178,0.26,0.35185185185185186,108.0,0.20512820512820512,0.5,0.12903225806451613,31.0,0.0,0.0,0.0,25.0,0.49635036496350365,0.34,0.918918918918919,37.0,0.0,0.0,0.0,15.0,,,,
p_1144,0.18604365955359334,0.2738095238095238,0.2653985507246377,0.28678494535742516,0.33068783068783064,0.4351851851851852,108.0,0.14814814814814814,0.6666666666666666,0.08333333333333333,24.0,0.0,0.0,0.0,26.0,0.0,0.0,0.0,12.0,0.5960264900662252,0.42857142857142855,0.9782608695652174,46.0,,,,
p_1145,0.09090909090909091,0.05555555555555555,0.25,0.0808080808080808,0.04938271604938271,0.2222222222222222,108.0,0.0,0.0,0.0,38.0,0.0,0.0,0.0,14.0,0.36363636363636365,0.2222222222222222,1.0,24.0,0.0,0.0,0.0,32.0,,,,
p_1146,0.15161290322580645,0.1087962962962963,0.25,0.26391875746714455,0.18938614540466392,0.4351851851851852,108.0,0.6064516129032258,0.4351851851851852,1.0,47.0,0.0,0.0,0.0,33.0,0.0,0.0,0.0,17.0,0.0,0.0,0.0,11.0,,,,
p_1147,0.10583941605839416,0.06712962962962964,0.25,0.1136793728034604,0.07210219478737999,0.26851851851851855,108.0,0.4233576642335766,0.26851851851851855,1.0,29.0,0.0,0.0,0.0,19.0,0.0,0.0,0.0,29.0,0.0,0.0,0.0,31.0,,,,
p_1148,0.1625,0.12037037037037036,0.25,0.312962962962963,0.23182441700960219,0.48148148148148145,108.0,0.65,0.48148148148148145,1.0,52.0,0.0,0.0,0.0,11.0,0.0,0.0,0.0,12.0,0.0,0.0,0.0,33.0,,,,
p_1149,0.14705882352941177,0.10416666666666667,0.25,0.2450980392156863,0.1736111111111111,0.4166666666666667,108.0,0.5882352941176471,0.4166666666666667,1.0,45.0,0.0,0.0,0.0,32.0,0.0,0.0,0.0,13.0,0.0,0.0,0.0,18.0,,,,
p_1150,0.12758620689655173,0.08564814814814815,0.25,0.1748403575989783,0.11736968449931415,0.3425925925925926,108.0,0.5103448275862069,0.3425925925925926,1.0,37.0,0.0,0.0,0.0,22.0,0.0,0.0,0.0,14.0,0.0,0.0,0.0,35.0,,,,
p_1151,0.16459627329192547,0.12268518518518519,0.25,0.3230963883137796,0.24082647462277093,0.49074074074074076,108.0,0.6583850931677019,0.49074074074074076,1.0,53.0,0.0,0.0,0.0,13.0,0.0,0.0,0.0,17.0,0.0,0.0,0.0,25.0,,,,
p_1152,0.13272311212814647,0.12254901960784315,0.23697916666666666,0.17501483176540386,0.15722585330428468,0.3148148148148148,108.0,0.0,0.0,0.0,22.0,0.0,0.0,0.0,18.0,0.05263157894736842,0.16666666666666666,0.03125,32.0,0.4782608695652174,0.3235294117647059,0.9166666666666666,36.0,,,,
p_1153,0.15235284982140085,0.16666666666666666,0.2368421052631579,0.21442252937826783,0.2345679012345679,0.3333333333333333,108.0,0.48175182481751827,0.3333333333333333,0.868421052631579,38.0,0.0,0.0,0.0,12.0,0.0,0.0,0.0,20.0,0.1276595744680851,0.3333333333333333,0.07894736842105263,38.0,,,,
p_1154,0.11971830985915492,0.0787037037037037,0.25,0.1507563901930099,0.09910836762688614,0.3148148148148148,108.0,0.0,0.0,0.0,28.0,0.0,0.0,0.0,17.0,0.4788732394366197,0.3148148148148148,1.0,34.0,0.0,0.0,0.0,29.0,,,,
p_1155,0.10606060606060606,0.06930693069306931,0.22580645161290322,0.12177328843995511,0.07957462412907958,0.25925925925925924,108.0,0.42424242424242425,0.27722772277227725,0.9032258064516129,31.0,0.0,0.0,0.0,41.0,0.0,0.0,0.0,20.0,0.0,0.0,0.0,16.0,,,,
p_1156,0.15822784810126583,0.11574074074074074,0.25,0.29301453352086265,0.21433470507544583,0.46296296296296297,108.0,0.6329113924050633,0.46296296296296297,1.0,50.0,0.0,0.0,0.0,17.0,0.0,0.0,0.0,12.0,0.0,0.0,0.0,29.0,,,,
p_1157,0.12237762237762238,0.08101851851851852,0.25,0.15863765863765864,0.10502400548696844,0.32407407407407407,108.0,0.48951048951048953,0.32407407407407407,1.0,35.0,0.0,0.0,0.0,21.0,0.0,0.0,0.0,21.0,0.0,0.0,0.0,31.0,,,,
p_1158,0.1713235294117647,0.20750000000000002,0.26041666666666663,0.22102396514161218,0.2581481481481482,0.3425925925925926,108.0,0.4852941176470588,0.33,0.9166666666666666,36.0,0.0,0.0,0.0,22.0,0.0,0.0,0.0,18.0,0.2,0.5,0.125,32.0,,,,
p_1159,0.14473684210526316,0.10185185185185185,0.25,0.23586744639376217,0.16598079561042522,0.4074074074074074,108.0,0.0,0.0,0.0,18.0,0.0,0.0,0.0,23.0,0.0,0.0,0.0,23.0,0.5789473684210527,0.4074074074074074,1.0,44.0,,,,
p_1160,0.12758620689655173,0.08564814814814815,0.25,0.1748403575989783,0.11736968449931415,0.3425925925925926,108.0,0.0,0.0,0.0,34.0,0.0,0.0,0.0,25.0,0.0,0.0,0.0,12.0,0.5103448275862069,0.3425925925925926,1.0,37.0,,,,
p_1161,0.14887218045112782,0.15655940594059406,0.2509426847662142,0.21260094681147312,0.21456729006233957,0.3611111111111111,108.0,0.5428571428571428,0.37623762376237624,0.9743589743589743,39.0,0.0,0.0,0.0,12.0,0.0,0.0,0.0,23.0,0.05263157894736842,0.25,0.029411764705882353,34.0,,,,
p_1162,0.15384615384615385,0.1111111111111111,0.25,0.27350427350427353,0.19753086419753085,0.4444444444444444,108.0,0.6153846153846154,0.4444444444444444,1.0,48.0,0.0,0.0,0.0,23.0,0.0,0.0,0.0,13.0,0.0,0.0,0.0,24.0,,,,
p_1163,0.16037735849056603,0.11805555555555555,0.25,0.30293501048218024,0.22299382716049382,0.4722222222222222,108.0,0.6415094339622641,0.4722222222222222,1.0,51.0,0.0,0.0,0.0,16.0,0.0,0.0,0.0,23.0,0.0,0.0,0.0,18.0,,,,
p_1164,0.14705882352941177,0.10416666666666667,0.25,0.2450980392156863,0.1736111111111111,0.4166666666666667,108.0,0.5882352941176471,0.4166666666666667,1.0,45.0,0.0,0.0,0.0,33.0,0.0,0.0,0.0,18.0,0.0,0.0,0.0,12.0,,,,
p_1165,0.13541666666666666,0.09285714285714286,0.25,0.19560185185185186,0.13412698412698412,0.3611111111111111,108.0,0.5416666666666666,0.37142857142857144,1.0,39.0,0.0,0.0,0.0,30.0,0.0,0.0,0.0,18.0,0.0,0.0,0.0,21.0,,,,
p_1166,0.1527777777777778,0.15558698727015557,0.2600985221674877,0.1918724279835391,0.1858138194771858,0.3333333333333333,108.0,0.1111111111111111,0.2857142857142857,0.06896551724137931,29.0,0.0,0.0,0.0,28.0,0.5,0.33663366336633666,0.9714285714285714,35.0,0.0,0.0,0.0,16.0,,,,
p_1167,0.17428730099962977,0.18872549019607843,0.2604472140762463,0.27101073676416143,0.26742919389978215,0.4166666666666667,108.0,0.589041095890411,0.4215686274509804,0.9772727272727273,44.0,0.10810810810810811,0.3333333333333333,0.06451612903225806,31.0,0.0,0.0,0.0,10.0,0.0,0.0,0.0,23.0,,,,
p_1168,0.16459627329192547,0.12268518518518519,0.25,0.3230963883137796,0.24082647462277093,0.49074074074074076,108.0,0.6583850931677019,0.49074074074074076,1.0,53.0,0.0,0.0,0.0,12.0,0.0,0.0,0.0,12.0,0.0,0.0,0.0,31.0,,,,
p_1169,0.16188350340136054,0.14214992927864215,0.24369565217391306,0.2636487465356513,0.2144035832154644,0.4074074074074074,108.0,0.5850340136054422,0.42574257425742573,0.9347826086956522,46.0,0.0,0.0,0.0,26.0,0.0625,0.14285714285714285,0.04,25.0,0.0,0.0,0.0,11.0,,,,
p_1170,0.1111111111111111,0.07142857142857142,0.25,0.12345679012345678,0.07936507936507936,0.2777777777777778,108.0,0.0,0.0,0.0,25.0,0.0,0.0,0.0,8.0,0.4444444444444444,0.2857142857142857,1.0,30.0,0.0,0.0,0.0,45.0,,,,
p_1171,0.18235294117647058,0.14351851851851852,0.25,0.41873638344226577,0.32956104252400553,0.5740740740740741,108.0,0.7294117647058823,0.5740740740740741,1.0,62.0,0.0,0.0,0.0,14.0,0.0,0.0,0.0,12.0,0.0,0.0,0.0,20.0,,,,
p_1172,0.14705882352941177,0.10416666666666667,0.25,0.2450980392156863,0.1736111111111111,0.4166666666666667,108.0,0.0,0.0,0.0,24.0,0.0,0.0,0.0,5.0,0.5882352941176471,0.4166666666666667,1.0,45.0,0.0,0.0,0.0,34.0,,,,
p_1173,0.16037735849056603,0.11805555555555555,0.25,0.30293501048218024,0.22299382716049382,0.4722222222222222,108.0,0.6415094339622641,0.4722222222222222,1.0,51.0,0.0,0.0,0.0,13.0,0.0,0.0,0.0,23.0,0.0,0.0,0.0,21.0,,,,
p_1174,0.1746987951807229,0.13425925925925927,0.25,0.37527889335118253,0.28840877914951996,0.5370370370370371,108.0,0.6987951807228916,0.5370370370370371,1.0,58.0,0.0,0.0,0.0,7.0,0.0,0.0,0.0,26.0,0.0,0.0,0.0,17.0,,,,
p_1175,0.15605095541401273,0.11342592592592593,0.25,0.28320358575135646,0.20584705075445817,0.4537037037037037,108.0,0.6242038216560509,0.4537037037037037,1.0,49.0,0.0,0.0,0.0,28.0,0.0,0.0,0.0,14.0,0.0,0.0,0.0,17.0,,,,
p_1176,0.11428571428571428,0.07407407407407407,0.25,0.13544973544973546,0.0877914951989026,0.2962962962962963,108.0,0.45714285714285713,0.2962962962962963,1.0,32.0,0.0,0.0,0.0,17.0,0.0,0.0,0.0,32.0,0.0,0.0,0.0,27.0,,,,
p_1177,0.19662921348314608,0.16203703703703703,0.25,0.5097794423637121,0.42009602194787377,0.6481481481481481,108.0,0.7865168539325843,0.6481481481481481,1.0,70.0,0.0,0.0,0.0,13.0,0.0,0.0,0.0,11.0,0.0,0.0,0.0,14.0,,,,
p_1178,0.20723684210526316,0.2785714285714286,0.28125,0.30031676413255365,0.2935626102292769,0.4537037037037037,108.0,0.618421052631579,0.44761904761904764,1.0,47.0,0.21052631578947367,0.6666666666666666,0.125,16.0,0.0,0.0,0.0,31.0,0.0,0.0,0.0,14.0,,,,
p_1179,0.15161290322580645,0.1087962962962963,0.25,0.26391875746714455,0.18938614540466392,0.4351851851851852,108.0,0.6064516129032258,0.4351851851851852,1.0,47.0,0.0,0.0,0.0,11.0,0.0,0.0,0.0,19.0,0.0,0.0,0.0,31.0,,,,
p_1180,0.1540868454661558,0.13967468175388967,0.24395551257253387,0.2521332954921716,0.23158625386348156,0.39814814814814814,108.0,0.037037037037037035,0.14285714285714285,0.02127659574468085,47.0,0.0,0.0,0.0,12.0,0.0,0.0,0.0,5.0,0.5793103448275863,0.4158415841584158,0.9545454545454546,44.0,,,,
p_1181,0.14935064935064934,0.10648148148148148,0.25,0.2544492544492544,0.18141289437585734,0.42592592592592593,108.0,0.5974025974025974,0.42592592592592593,1.0,46.0,0.0,0.0,0.0,25.0,0.0,0.0,0.0,17.0,0.0,0.0,0.0,20.0,,,,
p_1182,0.12237762237762238,0.08101851851851852,0.25,0.15863765863765864,0.10502400548696844,0.32407407407407407,108.0,0.0,0.0,0.0,29.0,0.0,0.0,0.0,18.0,0.0,0.0,0.0,26.0,0.48951048951048953,0.32407407407407407,1.0,35.0,,,,
p_1183,0.18306636155606407,0.2549019607843137,0.28125,0.2362912111195864,0.3151779230210603,0.37037037037037035,108.0,0.21052631578947367,0.6666666666666666,0.125,32.0,0.0,0.0,0.0,18.0,0.0,0.0,0.0,22.0,0.5217391304347826,0.35294117647058826,1.0,36.0,,,,
p_1184,0.11428571428571428,0.07407407407407407,0.25,0.13544973544973546,0.0877914951989026,0.2962962962962963,108.0,0.45714285714285713,0.2962962962962963,1.0,32.0,0.0,0.0,0.0,18.0,0.0,0.0,0.0,21.0,0.0,0.0,0.0,37.0,,,,
p_1185,0.11428571428571428,0.07407407407407407,0.25,0.13544973544973546,0.0877914951989026,0.2962962962962963,108.0,0.0,0.0,0.0,37.0,0.0,0.0,0.0,15.0,0.45714285714285713,0.2962962962962963,1.0,32.0,0.0,0.0,0.0,24.0,,,,
p_1186,0.13513513513513514,0.09259259259259259,0.25,0.20020020020020018,0.1371742112482853,0.37037037037037035,108.0,0.0,0.0,0.0,36.0,0.5405405405405406,0.37037037037037035,1.0,40.0,0.0,0.0,0.0,27.0,0.0,0.0,0.0,5.0,,,,
p_1187,0.11151079136690648,0.07175925925925926,0.25,0.12803090860644817,0.08239026063100138,0.28703703703703703,108.0,0.0,0.0,0.0,22.0,0.0,0.0,0.0,29.0,0.4460431654676259,0.28703703703703703,1.0,31.0,0.0,0.0,0.0,26.0,,,,
p_1188,0.1745985115550333,0.18625,0.2692831215970962,0.23221772497134818,0.23087962962962966,0.37037037037037035,108.0,0.5362318840579711,0.37,0.9736842105263158,38.0,0.0,0.0,0.0,28.0,0.16216216216216217,0.375,0.10344827586206896,29.0,0.0,0.0,0.0,13.0,,,,
p_1189,0.14473684210526316,0.10185185185185185,0.25,0.23586744639376217,0.16598079561042522,0.4074074074074074,108.0,0.5789473684210527,0.4074074074074074,1.0,44.0,0.0,0.0,0.0,10.0,0.0,0.0,0.0,32.0,0.0,0.0,0.0,22.0,,,,
p_1190,0.15161290322580645,0.1087962962962963,0.25,0.26391875746714455,0.18938614540466392,0.4351851851851852,108.0,0.6064516129032258,0.4351851851851852,1.0,47.0,0.0,0.0,0.0,18.0,0.0,0.0,0.0,24.0,0.0,0.0,0.0,19.0,,,,
p_1191,0.17073170731707318,0.12962962962962962,0.25,0.3541102077687444,0.2688614540466392,0.5185185185185185,108.0,0.6829268292682927,0.5185185185185185,1.0,56.0,0.0,0.0,0.0,14.0,0.0,0.0,0.0,24.0,0.0,0.0,0.0,14.0,,,,
p_1192,0.13758389261744966,0.09490740740740741,0.25,0.20892368878946058,0.14411865569272977,0.37962962962962965,108.0,0.0,0.0,0.0,19.0,0.0,0.0,0.0,23.0,0.0,0.0,0.0,25.0,0.5503355704697986,0.37962962962962965,1.0,41.0,,,,
p_1193,0.15161290322580645,0.1087962962962963,0.25,0.26391875746714455,0.18938614540466392,0.4351851851851852,108.0,0.6064516129032258,0.4351851851851852,1.0,47.0,0.0,0.0,0.0,25.0,0.0,0.0,0.0,13.0,0.0,0.0,0.0,23.0,,,,
p_1194,0.13513513513513514,0.09259259259259259,0.25,0.20020020020020018,0.1371742112482853,0.37037037037037035,108.0,0.0,0.0,0.0,25.0,0.0,0.0,0.0,26.0,0.5405405405405406,0.37037037037037035,1.0,40.0,0.0,0.0,0.0,17.0,,,,
p_1195,0.1625,0.12037037037037036,0.25,0.312962962962963,0.23182441700960219,0.48148148148148145,108.0,0.65,0.48148148148148145,1.0,52.0,0.0,0.0,0.0,17.0,0.0,0.0,0.0,15.0,0.0,0.0,0.0,24.0,,,,
p_1196,0.12237762237762238,0.08101851851851852,0.25,0.15863765863765864,0.10502400548696844,0.32407407407407407,108.0,0.48951048951048953,0.32407407407407407,1.0,35.0,0.0,0.0,0.0,18.0,0.0,0.0,0.0,34.0,0.0,0.0,0.0,21.0,,,,
p_1197,0.16459627329192547,0.12268518518518519,0.25,0.3230963883137796,0.24082647462277093,0.49074074074074076,108.0,0.6583850931677019,0.49074074074074076,1.0,53.0,0.0,0.0,0.0,23.0,0.0,0.0,0.0,12.0,0.0,0.0,0.0,20.0,,,,
p_1198,0.13513513513513514,0.09259259259259259,0.25,0.20020020020020018,0.1371742112482853,0.37037037037037035,108.0,0.0,0.0,0.0,34.0,0.0,0.0,0.0,23.0,0.0,0.0,0.0,11.0,0.5405405405405406,0.37037037037037035,1.0,40.0,,,,
p_1199,0.14473684210526316,0.10185185185185185,0.25,0.23586744639376217,0.16598079561042522,0.4074074074074074,108.0,0.5789473684210527,0.4074074074074074,1.0,44.0,0.0,0.0,0.0,21.0,0.0,0.0,0.0,26.0,0.0,0.0,0.0,17.0,,,,
p_1200,0.15354416575790622,0.1789250353606789,0.26845238095238094,0.16743002544529265,0.19086908690869087,0.2962962962962963,108.0,0.0,0.0,0.0,23.0,0.0,0.0,0.0,27.0,0.17142857142857143,0.42857142857142855,0.10714285714285714,28.0,0.44274809160305345,0.2871287128712871,0.9666666666666667,30.0,,,,
p_1201,0.15384615384615385,0.1111111111111111,0.25,0.27350427350427353,0.19753086419753085,0.4444444444444444,108.0,0.6153846153846154,0.4444444444444444,1.0,48.0,0.0,0.0,0.0,18.0,0.0,0.0,0.0,18.0,0.0,0.0,0.0,24.0,,,,
p_1202,0.10583941605839416,0.06712962962962964,0.25,0.1136793728034604,0.07210219478737999,0.26851851851851855,108.0,0.4233576642335766,0.26851851851851855,1.0,29.0,0.0,0.0,0.0,34.0,0.0,0.0,0.0,39.0,0.0,0.0,0.0,6.0,,,,
p_1203,0.11594202898550725,0.0761904761904762,0.24242424242424243,0.14170692431561996,0.09312169312169313,0.2962962962962963,108.0,0.463768115942029,0.3047619047619048,0.9696969696969697,33.0,0.0,0.0,0.0,26.0,0.0,0.0,0.0,29.0,0.0,0.0,0.0,20.0,,,,
p_1204,0.13513513513513514,0.09259259259259259,0.25,0.20020020020020018,0.1371742112482853,0.37037037037037035,108.0,0.5405405405405406,0.37037037037037035,1.0,40.0,0.0,0.0,0.0,24.0,0.0,0.0,0.0,23.0,0.0,0.0,0.0,21.0,,,,
p_1205,0.1423841059602649,0.09953703703703703,0.25,0.22675987245523668,0.15852194787379972,0.39814814814814814,108.0,0.5695364238410596,0.39814814814814814,1.0,43.0,0.0,0.0,0.0,20.0,0.0,0.0,0.0,25.0,0.0,0.0,0.0,20.0,,,,
p_1206,0.11702127659574468,0.0763888888888889,0.25,0.1430260047281324,0.09336419753086421,0.3055555555555556,108.0,0.0,0.0,0.0,28.0,0.0,0.0,0.0,14.0,0.0,0.0,0.0,33.0,0.46808510638297873,0.3055555555555556,1.0,33.0,,,,
p_1207,0.16567164179104477,0.20098039215686275,0.2734375,0.18153676064123825,0.20116194625998549,0.3148148148148148,108.0,0.0,0.0,0.0,21.0,0.4626865671641791,0.30392156862745096,0.96875,32.0,0.2,0.5,0.125,24.0,0.0,0.0,0.0,31.0,,,,
p_1208,0.11594202898550725,0.0761904761904762,0.24242424242424243,0.14170692431561996,0.09312169312169313,0.2962962962962963,108.0,0.0,0.0,0.0,24.0,0.0,0.0,0.0,23.0,0.0,0.0,0.0,28.0,0.463768115942029,0.3047619047619048,0.9696969696969697,33.0,,,,
p_1209,0.10869565217391304,0.06944444444444445,0.25,0.12077294685990338,0.0771604938271605,0.2777777777777778,108.0,0.0,0.0,0.0,11.0,0.43478260869565216,0.2777777777777778,1.0,30.0,0.0,0.0,0.0,27.0,0.0,0.0,0.0,40.0,,,,
p_1210,0.1423841059602649,0.09953703703703703,0.25,0.22675987245523668,0.15852194787379972,0.39814814814814814,108.0,0.5695364238410596,0.39814814814814814,1.0,43.0,0.0,0.0,0.0,28.0,0.0,0.0,0.0,21.0,0.0,0.0,0.0,16.0,,,,
p_1211,0.13028169014084506,0.0880952380952381,0.25,0.17853416797078767,0.12072310405643741,0.3425925925925926,108.0,0.0,0.0,0.0,28.0,0.5211267605633803,0.3523809523809524,1.0,37.0,0.0,0.0,0.0,28.0,0.0,0.0,0.0,15.0,,,,
p_1212,0.10294117647058823,0.06481481481481481,0.25,0.10675381263616558,0.0672153635116598,0.25925925925925924,108.0,0.4117647058823529,0.25925925925925924,1.0,28.0,0.0,0.0,0.0,27.0,0.0,0.0,0.0,25.0,0.0,0.0,0.0,28.0,,,,
p_1213,0.1812763616357968,0.21969696969696972,0.2743566176470588,0.22375722504092208,0.2663673774784886,0.3425925925925926,108.0,0.0,0.0,0.0,28.0,0.48120300751879697,0.32323232323232326,0.9411764705882353,34.0,0.24390243902439024,0.5555555555555556,0.15625,32.0,0.0,0.0,0.0,14.0,,,,
p_1214,0.14857456140350878,0.13224893917963226,0.23480870217554387,0.23077079272254708,0.19474566504269472,0.37037037037037035,108.0,0.0,0.0,0.0,22.0,0.5416666666666666,0.38613861386138615,0.9069767441860465,43.0,0.05263157894736842,0.14285714285714285,0.03225806451612903,31.0,0.0,0.0,0.0,12.0,,,,
p_1215,0.17272727272727273,0.13194444444444445,0.25,0.36464646464646466,0.2785493827160494,0.5277777777777778,108.0,0.0,0.0,0.0,18.0,0.0,0.0,0.0,20.0,0.6909090909090909,0.5277777777777778,1.0,57.0,0.0,0.0,0.0,13.0,,,,
p_1216,0.18235294117647058,0.14351851851851852,0.25,0.41873638344226577,0.32956104252400553,0.5740740740740741,108.0,0.7294117647058823,0.5740740740740741,1.0,62.0,0.0,0.0,0.0,13.0,0.0,0.0,0.0,26.0,0.0,0.0,0.0,7.0,,,,
p_1217,0.16459627329192547,0.12268518518518519,0.25,0.3230963883137796,0.24082647462277093,0.49074074074074076,108.0,0.0,0.0,0.0,22.0,0.0,0.0,0.0,20.0,0.6583850931677019,0.49074074074074076,1.0,53.0,0.0,0.0,0.0,13.0,,,,
p_1218,0.17857142857142858,0.1388888888888889,0.25,0.39682539682539686,0.308641975308642,0.5555555555555556,108.0,0.7142857142857143,0.5555555555555556,1.0,60.0,0.0,0.0,0.0,22.0,0.0,0.0,0.0,21.0,0.0,0.0,0.0,5.0,,,,
p_1219,0.10583941605839416,0.06712962962962964,0.25,0.1136793728034604,0.07210219478737999,0.26851851851851855,108.0,0.4233576642335766,0.26851851851851855,1.0,29.0,0.0,0.0,0.0,20.0,0.0,0.0,0.0,35.0,0.0,0.0,0.0,24.0,,,,
p_1220,0.1440076701821668,0.15098039215686274,0.2011605415860735,0.28028124001278365,0.25136165577342046,0.4166666666666667,108.0,0.5771812080536913,0.4215686274509804,0.9148936170212766,47.0,0.14285714285714285,0.3333333333333333,0.09090909090909091,22.0,0.0,0.0,0.0,15.0,0.0,0.0,0.0,23.0,0.0,0.0,0.0,1.0
p_1221,0.1326530612244898,0.09027777777777778,0.25,0.19160997732426305,0.13040123456790123,0.3611111111111111,108.0,0.0,0.0,0.0,25.0,0.0,0.0,0.0,33.0,0.5306122448979592,0.3611111111111111,1.0,39.0,0.0,0.0,0.0,11.0,,,,
p_1222,0.15161290322580645,0.1087962962962963,0.25,0.26391875746714455,0.18938614540466392,0.4351851851851852,108.0,0.6064516129032258,0.4351851851851852,1.0,47.0,0.0,0.0,0.0,21.0,0.0,0.0,0.0,15.0,0.0,0.0,0.0,25.0,,,,
p_1223,0.09689922480620156,0.06188118811881188,0.22321428571428573,0.10048808498420903,0.06417308397506417,0.23148148148148148,108.0,0.3875968992248062,0.24752475247524752,0.8928571428571429,28.0,0.0,0.0,0.0,33.0,0.0,0.0,0.0,30.0,0.0,0.0,0.0,17.0,,,,
p_1224,0.17073170731707318,0.12962962962962962,0.25,0.3541102077687444,0.2688614540466392,0.5185185185185185,108.0,0.6829268292682927,0.5185185185185185,1.0,56.0,0.0,0.0,0.0,14.0,0.0,0.0,0.0,25.0,0.0,0.0,0.0,13.0,,,,
p_1225,0.13286713286713286,0.09313725490196079,0.23170731707317074,0.20176120176120177,0.14143064633260713,0.35185185185185186,108.0,0.0,0.0,0.0,15.0,0.5314685314685315,0.37254901960784315,0.926829268292683,41.0,0.0,0.0,0.0,30.0,0.0,0.0,0.0,22.0,,,,
p_1226,0.12237762237762238,0.08101851851851852,0.25,0.15863765863765864,0.10502400548696844,0.32407407407407407,108.0,0.0,0.0,0.0,30.0,0.0,0.0,0.0,21.0,0.0,0.0,0.0,22.0,0.48951048951048953,0.32407407407407407,1.0,35.0,,,,
p_1227,0.14321250888415066,0.15063649222065062,0.2567099567099567,0.17680117928874145,0.18940227356068942,0.3148148148148148,108.0,0.0,0.0,0.0,22.0,0.09523809523809523,0.2857142857142857,0.05714285714285714,35.0,0.47761194029850745,0.31683168316831684,0.9696969696969697,33.0,0.0,0.0,0.0,18.0,,,,
p_1228,0.11682721869235499,0.09635627530364373,0.2470238095238095,0.10745978608245467,0.09134802819013345,0.2222222222222222,108.0,0.0,0.0,0.0,29.0,0.3697478991596639,0.23157894736842105,0.9166666666666666,24.0,0.0975609756097561,0.15384615384615385,0.07142857142857142,28.0,0.0,0.0,0.0,27.0,,,,
p_1229,0.13013698630136986,0.08796296296296297,0.25,0.18315575849822424,0.1237997256515775,0.35185185185185186,108.0,0.5205479452054794,0.35185185185185186,1.0,38.0,0.0,0.0,0.0,23.0,0.0,0.0,0.0,40.0,0.0,0.0,0.0,7.0,,,,
p_1230,0.14705882352941177,0.10416666666666667,0.25,0.2450980392156863,0.1736111111111111,0.4166666666666667,108.0,0.5882352941176471,0.4166666666666667,1.0,45.0,0.0,0.0,0.0,38.0,0.0,0.0,0.0,20.0,0.0,0.0,0.0,5.0,,,,
p_1231,0.13758389261744966,0.09490740740740741,0.25,0.20892368878946058,0.14411865569272977,0.37962962962962965,108.0,0.0,0.0,0.0,27.0,0.5503355704697986,0.37962962962962965,1.0,41.0,0.0,0.0,0.0,30.0,0.0,0.0,0.0,10.0,,,,
p_1232,0.1625,0.12037037037037036,0.25,0.312962962962963,0.23182441700960219,0.48148148148148145,108.0,0.65,0.48148148148148145,1.0,52.0,0.0,0.0,0.0,13.0,0.0,0.0,0.0,28.0,0.0,0.0,0.0,15.0,,,,
p_1233,0.1423841059602649,0.09953703703703703,0.25,0.22675987245523668,0.15852194787379972,0.39814814814814814,108.0,0.0,0.0,0.0,29.0,0.0,0.0,0.0,30.0,0.5695364238410596,0.39814814814814814,1.0,43.0,0.0,0.0,0.0,6.0,,,,
p_1234,0.19123931623931625,0.2222222222222222,0.2677002583979328,0.31588319088319095,0.36213991769547327,0.4444444444444444,108.0,0.6111111111111112,0.4444444444444444,0.9777777777777777,45.0,0.0,0.0,0.0,12.0,0.15384615384615385,0.4444444444444444,0.09302325581395349,43.0,0.0,0.0,0.0,8.0,,,,
p_1235,0.14473684210526316,0.10185185185185185,0.25,0.23586744639376217,0.16598079561042522,0.4074074074074074,108.0,0.0,0.0,0.0,32.0,0.0,0.0,0.0,18.0,0.5789473684210527,0.4074074074074074,1.0,44.0,0.0,0.0,0.0,14.0,,,,
p_1236,0.21560509554140128,0.3738095238095238,0.2777777777777778,0.3689431469686247,0.4884479717813051,0.5092592592592593,108.0,0.2,1.0,0.1111111111111111,27.0,0.0,0.0,0.0,15.0,0.6624203821656051,0.49523809523809526,1.0,52.0,0.0,0.0,0.0,14.0,,,,
p_1237,0.17904135338345864,0.16176470588235295,0.25636363636363635,0.3130395433027012,0.25635439360929557,0.46296296296296297,108.0,0.6447368421052632,0.4803921568627451,0.98,50.0,0.0,0.0,0.0,4.0,0.0,0.0,0.0,32.0,0.07142857142857142,0.16666666666666666,0.045454545454545456,22.0,,,,
p_1238,0.17857142857142858,0.1388888888888889,0.25,0.39682539682539686,0.308641975308642,0.5555555555555556,108.0,0.0,0.0,0.0,14.0,0.0,0.0,0.0,13.0,0.7142857142857143,0.5555555555555556,1.0,60.0,0.0,0.0,0.0,21.0,,,,
p_1239,0.1404109589041096,0.10148514851485149,0.22777777777777777,0.23401826484018265,0.16914191419141916,0.37962962962962965,108.0,0.0,0.0,0.0,23.0,0.5616438356164384,0.40594059405940597,0.9111111111111111,45.0,0.0,0.0,0.0,27.0,0.0,0.0,0.0,13.0,,,,
p_1240,0.14473684210526316,0.10185185185185185,0.25,0.23586744639376217,0.16598079561042522,0.4074074074074074,108.0,0.0,0.0,0.0,32.0,0.0,0.0,0.0,17.0,0.5789473684210527,0.4074074074074074,1.0,44.0,0.0,0.0,0.0,15.0,,,,
p_1241,0.13029486603801826,0.1432107496463932,0.25303030303030305,0.1549391031504488,0.19616009219969616,0.28703703703703703,108.0,0.0,0.0,0.0,19.0,0.0784313725490196,0.2857142857142857,0.045454545454545456,44.0,0.44274809160305345,0.2871287128712871,0.9666666666666667,30.0,0.0,0.0,0.0,15.0,,,,
p_1242,0.14,0.09722222222222222,0.25,0.21777777777777782,0.15123456790123455,0.3888888888888889,108.0,0.56,0.3888888888888889,1.0,42.0,0.0,0.0,0.0,23.0,0.0,0.0,0.0,37.0,0.0,0.0,0.0,6.0,,,,
p_1243,0.1746987951807229,0.13425925925925927,0.25,0.37527889335118253,0.28840877914951996,0.5370370370370371,108.0,0.6987951807228916,0.5370370370370371,1.0,58.0,0.0,0.0,0.0,7.0,0.0,0.0,0.0,20.0,0.0,0.0,0.0,23.0,,,,
p_1244,0.15605095541401273,0.11342592592592593,0.25,0.28320358575135646,0.20584705075445817,0.4537037037037037,108.0,0.6242038216560509,0.4537037037037037,1.0,49.0,0.0,0.0,0.0,13.0,0.0,0.0,0.0,14.0,0.0,0.0,0.0,32.0,,,,
p_1245,0.15605095541401273,0.11342592592592593,0.25,0.28320358575135646,0.20584705075445817,0.4537037037037037,108.0,0.6242038216560509,0.4537037037037037,1.0,49.0,0.0,0.0,0.0,10.0,0.0,0.0,0.0,19.0,0.0,0.0,0.0,30.0,,,,
p_1246,0.14935064935064934,0.10648148148148148,0.25,0.2544492544492544,0.18141289437585734,0.42592592592592593,108.0,0.5974025974025974,0.42592592592592593,1.0,46.0,0.0,0.0,0.0,16.0,0.0,0.0,0.0,36.0,0.0,0.0,0.0,10.0,,,,
p_1247,0.13013698630136986,0.08796296296296297,0.25,0.18315575849822424,0.1237997256515775,0.35185185185185186,108.0,0.0,0.0,0.0,33.0,0.0,0.0,0.0,22.0,0.5205479452054794,0.35185185185185186,1.0,38.0,0.0,0.0,0.0,15.0,,,,
p_1248,0.1413793103448276,0.10049019607843138,0.23837209302325582,0.2251596424010217,0.160039941902687,0.37962962962962965,108.0,0.0,0.0,0.0,31.0,0.0,0.0,0.0,20.0,0.5655172413793104,0.4019607843137255,0.9534883720930233,43.0,0.0,0.0,0.0,14.0,,,,
p_1249,0.14935064935064934,0.10648148148148148,0.25,0.2544492544492544,0.18141289437585734,0.42592592592592593,108.0,0.5974025974025974,0.42592592592592593,1.0,46.0,0.0,0.0,0.0,16.0,0.0,0.0,0.0,15.0,0.0,0.0,0.0,31.0,,,,
p_1250,0.15821590865696722,0.26966089466089466,0.2687830687830688,0.17176334313463426,0.2804433221099888,0.2962962962962963,108.0,0.4496124031007752,0.29292929292929293,0.9666666666666667,30.0,0.06896551724137931,0.5,0.037037037037037035,27.0,0.11428571428571428,0.2857142857142857,0.07142857142857142,28.0,0.0,0.0,0.0,23.0,,,,
p_1251,0.125,0.08333333333333333,0.25,0.16666666666666666,0.1111111111111111,0.3333333333333333,108.0,0.5,0.3333333333333333,1.0,36.0,0.0,0.0,0.0,27.0,0.0,0.0,0.0,26.0,0.0,0.0,0.0,19.0,,,,
p_1252,0.10869565217391304,0.06944444444444445,0.25,0.12077294685990338,0.0771604938271605,0.2777777777777778,108.0,0.43478260869565216,0.2777777777777778,1.0,30.0,0.0,0.0,0.0,34.0,0.0,0.0,0.0,26.0,0.0,0.0,0.0,18.0,,,,
p_1253,0.11971830985915492,0.0787037037037037,0.25,0.1507563901930099,0.09910836762688614,0.3148148148148148,108.0,0.0,0.0,0.0,27.0,0.0,0.0,0.0,9.0,0.4788732394366197,0.3148148148148148,1.0,34.0,0.0,0.0,0.0,38.0,,,,
p_1254,0.14473684210526316,0.10185185185185185,0.25,0.23586744639376217,0.16598079561042522,0.4074074074074074,108.0,0.5789473684210527,0.4074074074074074,1.0,44.0,0.0,0.0,0.0,26.0,0.0,0.0,0.0,29.0,0.0,0.0,0.0,9.0,,,,
p_1255,0.15161290322580645,0.1087962962962963,0.25,0.26391875746714455,0.18938614540466392,0.4351851851851852,108.0,0.6064516129032258,0.4351851851851852,1.0,47.0,0.0,0.0,0.0,14.0,0.0,0.0,0.0,31.0,0.0,0.0,0.0,16.0,,,,
p_1256,0.1607142857142857,0.18333333333333335,0.26,0.23875661375661375,0.23271604938271603,0.39814814814814814,108.0,0.5714285714285714,0.4,1.0,42.0,0.07142857142857142,0.3333333333333333,0.04,25.0,0.0,0.0,0.0,18.0,0.0,0.0,0.0,23.0,,,,
p_1257,0.136986301369863,0.09900990099009901,0.2222222222222222,0.228310502283105,0.16501650165016504,0.37037037037037035,108.0,0.547945205479452,0.39603960396039606,0.8888888888888888,45.0,0.0,0.0,0.0,25.0,0.0,0.0,0.0,13.0,0.0,0.0,0.0,25.0,,,,
p_1258,0.16554054054054054,0.3333333333333333,0.27205882352941174,0.2130880880880881,0.4228395061728395,0.35185185185185186,108.0,0.16216216216216217,1.0,0.08823529411764706,34.0,0.0,0.0,0.0,27.0,0.5,0.3333333333333333,1.0,35.0,0.0,0.0,0.0,12.0,,,,
p_1259,0.125,0.08333333333333333,0.25,0.16666666666666666,0.1111111111111111,0.3333333333333333,108.0,0.5,0.3333333333333333,1.0,36.0,0.0,0.0,0.0,20.0,0.0,0.0,0.0,26.0,0.0,0.0,0.0,26.0,,,,
p_1260,0.12139381299965242,0.15476190476190477,0.24078525641025642,0.1469605684934152,0.20502645502645503,0.28703703703703703,108.0,0.43795620437956206,0.2857142857142857,0.9375,32.0,0.047619047619047616,0.3333333333333333,0.02564102564102564,39.0,0.0,0.0,0.0,24.0,0.0,0.0,0.0,13.0,,,,
p_1261,0.11428571428571428,0.07407407407407407,0.25,0.13544973544973546,0.0877914951989026,0.2962962962962963,108.0,0.45714285714285713,0.2962962962962963,1.0,32.0,0.0,0.0,0.0,19.0,0.0,0.0,0.0,32.0,0.0,0.0,0.0,25.0,,,,
p_1262,0.125,0.08415841584158416,0.24285714285714285,0.16203703703703703,0.10909424275760911,0.3148148148148148,108.0,0.5,0.33663366336633666,0.9714285714285714,35.0,0.0,0.0,0.0,16.0,0.0,0.0,0.0,29.0,0.0,0.0,0.0,28.0,,,,
p_1263,0.11971830985915492,0.0787037037037037,0.25,0.1507563901930099,0.09910836762688614,0.3148148148148148,108.0,0.0,0.0,0.0,34.0,0.0,0.0,0.0,36.0,0.4788732394366197,0.3148148148148148,1.0,34.0,0.0,0.0,0.0,4.0,,,,
p_1264,0.1423841059602649,0.09953703703703703,0.25,0.22675987245523668,0.15852194787379972,0.39814814814814814,108.0,0.0,0.0,0.0,27.0,0.0,0.0,0.0,10.0,0.5695364238410596,0.39814814814814814,1.0,43.0,0.0,0.0,0.0,28.0,,,,
p_1265,0.19360902255639095,0.2403846153846154,0.2708333333333333,0.31244778613199664,0.3162393162393162,0.46296296296296297,108.0,0.0,0.0,0.0,21.0,0.14285714285714285,0.5,0.08333333333333333,24.0,0.631578947368421,0.46153846153846156,1.0,48.0,0.0,0.0,0.0,15.0,,,,
p_1266,0.1423841059602649,0.09953703703703703,0.25,0.22675987245523668,0.15852194787379972,0.39814814814814814,108.0,0.5695364238410596,0.39814814814814814,1.0,43.0,0.0,0.0,0.0,22.0,0.0,0.0,0.0,33.0,0.0,0.0,0.0,10.0,,,,
p_1267,0.13758389261744966,0.09490740740740741,0.25,0.20892368878946058,0.14411865569272977,0.37962962962962965,108.0,0.5503355704697986,0.37962962962962965,1.0,41.0,0.0,0.0,0.0,26.0,0.0,0.0,0.0,30.0,0.0,0.0,0.0,11.0,,,,
p_1268,0.1309958289885297,0.11244695898161244,0.2271825396825397,0.1647404703974047,0.1300880088008801,0.2962962962962963,108.0,0.07142857142857142,0.14285714285714285,0.047619047619047616,21.0,0.0,0.0,0.0,27.0,0.45255474452554745,0.3069306930693069,0.8611111111111112,36.0,0.0,0.0,0.0,24.0,,,,
p_1269,0.09361702127659574,0.061111111111111116,0.2,0.1430260047281324,0.09336419753086421,0.3055555555555556,108.0,0.46808510638297873,0.3055555555555556,1.0,33.0,0.0,0.0,0.0,26.0,0.0,0.0,0.0,36.0,0.0,0.0,0.0,12.0,0.0,0.0,0.0,1.0
p_1270,0.15645424836601307,0.15,0.26091269841269843,0.2003752118131203,0.1814814814814815,0.3425925925925926,108.0,0.5147058823529411,0.35,0.9722222222222222,36.0,0.0,0.0,0.0,35.0,0.1111111111111111,0.25,0.07142857142857142,28.0,0.0,0.0,0.0,9.0,,,,
p_1271,0.12758620689655173,0.08564814814814815,0.25,0.1748403575989783,0.11736968449931415,0.3425925925925926,108.0,0.5103448275862069,0.3425925925925926,1.0,37.0,0.0,0.0,0.0,22.0,0.0,0.0,0.0,41.0,0.0,0.0,0.0,8.0,,,,
p_1272,0.15822784810126583,0.11574074074074074,0.25,0.29301453352086265,0.21433470507544583,0.46296296296296297,108.0,0.6329113924050633,0.46296296296296297,1.0,50.0,0.0,0.0,0.0,24.0,0.0,0.0,0.0,21.0,0.0,0.0,0.0,13.0,,,,
p_1273,0.13013698630136986,0.08796296296296297,0.25,0.18315575849822424,0.1237997256515775,0.35185185185185186,108.0,0.5205479452054794,0.35185185185185186,1.0,38.0,0.0,0.0,0.0,22.0,0.0,0.0,0.0,36.0,0.0,0.0,0.0,12.0,,,,
p_1274,0.14935064935064934,0.10648148148148148,0.25,0.2544492544492544,0.18141289437585734,0.42592592592592593,108.0,0.5974025974025974,0.42592592592592593,1.0,46.0,0.0,0.0,0.0,20.0,0.0,0.0,0.0,21.0,0.0,0.0,0.0,21.0,,,,
p_1275,0.114681342091248,0.10254596888260255,0.23194444444444445,0.13000769276288537,0.12187647336162187,0.25925925925925924,108.0,0.046511627906976744,0.14285714285714285,0.027777777777777776,36.0,0.0,0.0,0.0,25.0,0.4122137404580153,0.26732673267326734,0.9,30.0,0.0,0.0,0.0,17.0,,,,
p_1276,0.1310344827586207,0.095,0.2111111111111111,0.21839080459770116,0.15833333333333335,0.35185185185185186,108.0,0.5241379310344828,0.38,0.8444444444444444,45.0,0.0,0.0,0.0,12.0,0.0,0.0,0.0,32.0,0.0,0.0,0.0,19.0,,,,
p_1277,0.16306729264475744,0.1625,0.2516087516087516,0.24954500666550744,0.2412037037037037,0.3888888888888889,108.0,0.08888888888888889,0.25,0.05405405405405406,37.0,0.0,0.0,0.0,23.0,0.5633802816901409,0.4,0.9523809523809523,42.0,0.0,0.0,0.0,6.0,,,,
p_1278,0.17986896962477666,0.21357850070721357,0.25811965811965815,0.2925352392297002,0.3321546440358321,0.42592592592592593,108.0,0.13043478260869565,0.42857142857142855,0.07692307692307693,39.0,0.0,0.0,0.0,8.0,0.589041095890411,0.42574257425742573,0.9555555555555556,45.0,0.0,0.0,0.0,16.0,,,,
p_1279,0.17223252937538652,0.21969696969696972,0.27367424242424243,0.2237339380196523,0.30452674897119336,0.3425925925925926,108.0,0.48484848484848486,0.32323232323232326,0.9696969696969697,33.0,0.0,0.0,0.0,20.0,0.20408163265306123,0.5555555555555556,0.125,40.0,0.0,0.0,0.0,15.0,,,,
p_1280,0.1607142857142857,0.1913012729844413,0.2642857142857143,0.20833333333333334,0.247983131646498,0.3425925925925926,108.0,0.14285714285714285,0.42857142857142855,0.08571428571428572,35.0,0.0,0.0,0.0,12.0,0.0,0.0,0.0,26.0,0.5,0.33663366336633666,0.9714285714285714,35.0,,,,
p_1281,0.14473684210526316,0.10185185185185185,0.25,0.23586744639376217,0.16598079561042522,0.4074074074074074,108.0,0.0,0.0,0.0,31.0,0.0,0.0,0.0,10.0,0.5789473684210527,0.4074074074074074,1.0,44.0,0.0,0.0,0.0,23.0,,,,
p_1282,0.14852713178294574,0.18181818181818182,0.2577235772357724,0.18132644272179158,0.24728769173213616,0.2962962962962963,108.0,0.0,0.0,0.0,31.0,0.0,0.0,0.0,6.0,0.16,0.4444444444444444,0.0975609756097561,41.0,0.43410852713178294,0.2828282828282828,0.9333333333333333,30.0,,,,
p_1283,0.13028169014084506,0.09158415841584158,0.22560975609756098,0.19783515910276475,0.13907224055738907,0.3425925925925926,108.0,0.0,0.0,0.0,20.0,0.5211267605633803,0.36633663366336633,0.9024390243902439,41.0,0.0,0.0,0.0,22.0,0.0,0.0,0.0,25.0,,,,
p_1284,0.11428571428571428,0.07407407407407407,0.25,0.13544973544973546,0.0877914951989026,0.2962962962962963,108.0,0.45714285714285713,0.2962962962962963,1.0,32.0,0.0,0.0,0.0,19.0,0.0,0.0,0.0,31.0,0.0,0.0,0.0,26.0,,,,
p_1285,0.13013698630136986,0.08796296296296297,0.25,0.18315575849822424,0.1237997256515775,0.35185185185185186,108.0,0.5205479452054794,0.35185185185185186,1.0,38.0,0.0,0.0,0.0,35.0,0.0,0.0,0.0,21.0,0.0,0.0,0.0,14.0,,,,
p_1286,0.14705882352941177,0.10416666666666667,0.25,0.2450980392156863,0.1736111111111111,0.4166666666666667,108.0,0.5882352941176471,0.4166666666666667,1.0,45.0,0.0,0.0,0.0,26.0,0.0,0.0,0.0,22.0,0.0,0.0,0.0,15.0,,,,
p_1287,0.10583941605839416,0.06712962962962964,0.25,0.1136793728034604,0.07210219478737999,0.26851851851851855,108.0,0.0,0.0,0.0,31.0,0.0,0.0,0.0,26.0,0.4233576642335766,0.26851851851851855,1.0,29.0,0.0,0.0,0.0,22.0,,,,
p_1288,0.12758620689655173,0.08564814814814815,0.25,0.1748403575989783,0.11736968449931415,0.3425925925925926,108.0,0.0,0.0,0.0,25.0,0.0,0.0,0.0,23.0,0.5103448275862069,0.3425925925925926,1.0,37.0,0.0,0.0,0.0,23.0,,,,
p_1289,0.17664670658682635,0.13657407407407407,0.25,0.3860057662452872,0.29843964334705075,0.5462962962962963,108.0,0.0,0.0,0.0,28.0,0.0,0.0,0.0,14.0,0.7065868263473054,0.5462962962962963,1.0,59.0,0.0,0.0,0.0,7.0,,,,
p_1290,0.13013698630136986,0.08796296296296297,0.25,0.18315575849822424,0.1237997256515775,0.35185185185185186,108.0,0.0,0.0,0.0,36.0,0.0,0.0,0.0,23.0,0.5205479452054794,0.35185185185185186,1.0,38.0,0.0,0.0,0.0,11.0,,,,
p_1291,0.1,0.0625,0.25,0.1,0.0625,0.25,108.0,0.4,0.25,1.0,27.0,0.0,0.0,0.0,16.0,0.0,0.0,0.0,40.0,0.0,0.0,0.0,25.0,,,,
p_1292,0.1258741258741259,0.08571428571428572,0.23684210526315788,0.17715617715617715,0.12063492063492064,0.3333333333333333,108.0,0.5034965034965035,0.34285714285714286,0.9473684210526315,38.0,0.0,0.0,0.0,13.0,0.0,0.0,0.0,23.0,0.0,0.0,0.0,34.0,,,,
p_1293,0.1310344827586207,0.09047619047619047,0.2375,0.19412515964240104,0.13403880070546736,0.35185185185185186,108.0,0.5241379310344828,0.3619047619047619,0.95,40.0,0.0,0.0,0.0,18.0,0.0,0.0,0.0,32.0,0.0,0.0,0.0,18.0,,,,
p_1294,0.15161290322580645,0.1087962962962963,0.25,0.26391875746714455,0.18938614540466392,0.4351851851851852,108.0,0.6064516129032258,0.4351851851851852,1.0,47.0,0.0,0.0,0.0,35.0,0.0,0.0,0.0,12.0,0.0,0.0,0.0,14.0,,,,
p_1295,0.14473684210526316,0.10185185185185185,0.25,0.23586744639376217,0.16598079561042522,0.4074074074074074,108.0,0.5789473684210527,0.4074074074074074,1.0,44.0,0.0,0.0,0.0,6.0,0.0,0.0,0.0,36.0,0.0,0.0,0.0,22.0,,,,
p_1296,0.14,0.09722222222222222,0.25,0.21777777777777782,0.15123456790123455,0.3888888888888889,108.0,0.0,0.0,0.0,26.0,0.56,0.3888888888888889,1.0,42.0,0.0,0.0,0.0,22.0,0.0,0.0,0.0,18.0,,,,
p_1297,0.1687116564417178,0.12731481481481483,0.25,0.34367189275164733,0.25934499314128945,0.5092592592592593,108.0,0.0,0.0,0.0,22.0,0.0,0.0,0.0,16.0,0.6748466257668712,0.5092592592592593,1.0,55.0,0.0,0.0,0.0,15.0,,,,
p_1298,0.12758620689655173,0.08564814814814815,0.25,0.1748403575989783,0.11736968449931415,0.3425925925925926,108.0,0.0,0.0,0.0,25.0,0.0,0.0,0.0,32.0,0.0,0.0,0.0,14.0,0.5103448275862069,0.3425925925925926,1.0,37.0,,,,
p_1299,0.11428571428571428,0.07407407407407407,0.25,0.13544973544973546,0.0877914951989026,0.2962962962962963,108.0,0.0,0.0,0.0,25.0,0.0,0.0,0.0,34.0,0.45714285714285713,0.2962962962962963,1.0,32.0,0.0,0.0,0.0,17.0,,,,
p_1300,0.14184397163120568,0.10101010101010101,0.23809523809523808,0.22064617809298662,0.15712682379349044,0.37037037037037035,108.0,0.0,0.0,0.0,24.0,0.0,0.0,0.0,20.0,0.0,0.0,0.0,22.0,0.5673758865248227,0.40404040404040403,0.9523809523809523,42.0,,,,
p_1301,0.15046296296296297,0.14393939393939392,0.25587606837606836,0.20293209876543208,0.19809203142536472,0.3425925925925926,108.0,0.08333333333333333,0.2222222222222222,0.05128205128205128,39.0,0.0,0.0,0.0,18.0,0.5185185185185185,0.35353535353535354,0.9722222222222222,36.0,0.0,0.0,0.0,15.0,,,,
p_1302,0.13286713286713286,0.09047619047619047,0.25,0.18699818699818702,0.127336860670194,0.35185185185185186,108.0,0.0,0.0,0.0,36.0,0.0,0.0,0.0,19.0,0.5314685314685315,0.3619047619047619,1.0,38.0,0.0,0.0,0.0,15.0,,,,
p_1303,0.1357142857142857,0.09405940594059406,0.24358974358974358,0.19603174603174603,0.13586358635863588,0.35185185185185186,108.0,0.0,0.0,0.0,21.0,0.0,0.0,0.0,19.0,0.5428571428571428,0.37623762376237624,0.9743589743589743,39.0,0.0,0.0,0.0,29.0,,,,
p_1304,0.12758620689655173,0.08564814814814815,0.25,0.1748403575989783,0.11736968449931415,0.3425925925925926,108.0,0.5103448275862069,0.3425925925925926,1.0,37.0,0.0,0.0,0.0,13.0,0.0,0.0,0.0,37.0,0.0,0.0,0.0,21.0,,,,
p_1305,0.16200466200466201,0.13967468175388967,0.25961538461538464,0.24302857636190967,0.1961077060086961,0.39814814814814814,108.0,0.5874125874125874,0.4158415841584158,1.0,42.0,0.0,0.0,0.0,8.0,0.0,0.0,0.0,32.0,0.06060606060606061,0.14285714285714285,0.038461538461538464,26.0,,,,
p_1306,0.09701492537313433,0.06018518518518518,0.25,0.09342177998894417,0.057956104252400546,0.24074074074074073,108.0,0.0,0.0,0.0,27.0,0.0,0.0,0.0,17.0,0.0,0.0,0.0,38.0,0.3880597014925373,0.24074074074074073,1.0,26.0,,,,
p_1307,0.13120567375886524,0.09158415841584158,0.23125,0.19437877593905964,0.13568023469013568,0.3425925925925926,108.0,0.0,0.0,0.0,31.0,0.0,0.0,0.0,14.0,0.0,0.0,0.0,23.0,0.524822695035461,0.36633663366336633,0.925,40.0,,,,
p_1308,0.12237762237762238,0.08101851851851852,0.25,0.15863765863765864,0.10502400548696844,0.32407407407407407,108.0,0.0,0.0,0.0,16.0,0.0,0.0,0.0,20.0,0.48951048951048953,0.32407407407407407,1.0,35.0,0.0,0.0,0.0,37.0,,,,
p_1309,0.10869565217391304,0.06944444444444445,0.25,0.12077294685990338,0.0771604938271605,0.2777777777777778,108.0,0.0,0.0,0.0,35.0,0.0,0.0,0.0,17.0,0.43478260869565216,0.2777777777777778,1.0,30.0,0.0,0.0,0.0,26.0,,,,
p_1310,0.10948905109489052,0.07142857142857142,0.234375,0.12976480129764803,0.08465608465608465,0.2777777777777778,108.0,0.43795620437956206,0.2857142857142857,0.9375,32.0,0.0,0.0,0.0,21.0,0.0,0.0,0.0,25.0,0.0,0.0,0.0,30.0,,,,
p_1311,0.09398496240601503,0.05787037037037037,0.25,0.08702311333890281,0.05358367626886146,0.23148148148148148,108.0,0.0,0.0,0.0,29.0,0.37593984962406013,0.23148148148148148,1.0,25.0,0.0,0.0,0.0,27.0,0.0,0.0,0.0,27.0,,,,
p_1312,0.15384615384615385,0.1111111111111111,0.25,0.27350427350427353,0.19753086419753085,0.4444444444444444,108.0,0.0,0.0,0.0,18.0,0.0,0.0,0.0,18.0,0.6153846153846154,0.4444444444444444,1.0,48.0,0.0,0.0,0.0,24.0,,,,
p_1313,0.17073170731707318,0.12962962962962962,0.25,0.3541102077687444,0.2688614540466392,0.5185185185185185,108.0,0.6829268292682927,0.5185185185185185,1.0,56.0,0.0,0.0,0.0,14.0,0.0,0.0,0.0,27.0,0.0,0.0,0.0,11.0,,,,
p_1314,0.18604651162790697,0.14814814814814814,0.25,0.4409991386735573,0.3511659807956104,0.5925925925925926,108.0,0.0,0.0,0.0,23.0,0.0,0.0,0.0,8.0,0.7441860465116279,0.5925925925925926,1.0,64.0,0.0,0.0,0.0,13.0,,,,
p_1315,0.14473684210526316,0.10185185185185185,0.25,0.23586744639376217,0.16598079561042522,0.4074074074074074,108.0,0.0,0.0,0.0,38.0,0.0,0.0,0.0,4.0,0.5789473684210527,0.4074074074074074,1.0,44.0,0.0,0.0,0.0,22.0,,,,
p_1316,0.1423841059602649,0.09953703703703703,0.25,0.22675987245523668,0.15852194787379972,0.39814814814814814,108.0,0.0,0.0,0.0,40.0,0.0,0.0,0.0,17.0,0.5695364238410596,0.39814814814814814,1.0,43.0,0.0,0.0,0.0,8.0,,,,
p_1317,0.1625,0.12037037037037036,0.25,0.312962962962963,0.23182441700960219,0.48148148148148145,108.0,0.0,0.0,0.0,17.0,0.0,0.0,0.0,12.0,0.65,0.48148148148148145,1.0,52.0,0.0,0.0,0.0,27.0,,,,
p_1318,0.16554054054054054,0.1913012729844413,0.26785714285714285,0.20708208208208206,0.22814186180522816,0.3425925925925926,108.0,0.5,0.33663366336633666,0.9714285714285714,35.0,0.0,0.0,0.0,6.0,0.0,0.0,0.0,37.0,0.16216216216216217,0.42857142857142855,0.1,30.0,,,,
p_1319,0.14951906561319137,0.12626262626262624,0.23455668604651161,0.23315457332977088,0.189768050879162,0.37037037037037035,108.0,0.04878048780487805,0.1111111111111111,0.03125,32.0,0.0,0.0,0.0,13.0,0.5492957746478874,0.3939393939393939,0.9069767441860465,43.0,0.0,0.0,0.0,20.0,,,,
p_1320,0.14473684210526316,0.10185185185185185,0.25,0.23586744639376217,0.16598079561042522,0.4074074074074074,108.0,0.0,0.0,0.0,27.0,0.0,0.0,0.0,18.0,0.0,0.0,0.0,19.0,0.5789473684210527,0.4074074074074074,1.0,44.0,,,,
p_1321,0.1625,0.12037037037037036,0.25,0.312962962962963,0.23182441700960219,0.48148148148148145,108.0,0.0,0.0,0.0,21.0,0.0,0.0,0.0,14.0,0.65,0.48148148148148145,1.0,52.0,0.0,0.0,0.0,21.0,,,,
p_1322,0.15384615384615385,0.1111111111111111,0.25,0.27350427350427353,0.19753086419753085,0.4444444444444444,108.0,0.6153846153846154,0.4444444444444444,1.0,48.0,0.0,0.0,0.0,18.0,0.0,0.0,0.0,30.0,0.0,0.0,0.0,12.0,,,,
p_1323,0.15384615384615385,0.1111111111111111,0.25,0.27350427350427353,0.19753086419753085,0.4444444444444444,108.0,0.6153846153846154,0.4444444444444444,1.0,48.0,0.0,0.0,0.0,15.0,0.0,0.0,0.0,28.0,0.0,0.0,0.0,17.0,,,,
p_1324,0.14705882352941177,0.10416666666666667,0.25,0.2450980392156863,0.1736111111111111,0.4166666666666667,108.0,0.0,0.0,0.0,23.0,0.0,0.0,0.0,19.0,0.5882352941176471,0.4166666666666667,1.0,45.0,0.0,0.0,0.0,21.0,,,,
p_1325,0.17115009746588694,0.22206506364922207,0.2675521821631879,0.20967439174066857,0.26376447168526373,0.3333333333333333,108.0,0.4740740740740741,0.31683168316831684,0.9411764705882353,34.0,0.21052631578947367,0.5714285714285714,0.12903225806451613,31.0,0.0,0.0,0.0,23.0,0.0,0.0,0.0,20.0,,,,
p_1326,0.17406015037593986,0.2222222222222222,0.2731348637015782,0.23214981899192427,0.315843621399177,0.35185185185185186,108.0,0.49624060150375937,0.3333333333333333,0.9705882352941176,34.0,0.0,0.0,0.0,25.0,0.2,0.5555555555555556,0.12195121951219512,41.0,0.0,0.0,0.0,8.0,,,,
p_1327,0.17519869097709212,0.2107843137254902,0.27305555555555555,0.2138849929873773,0.230119825708061,0.35185185185185186,108.0,0.0,0.0,0.0,33.0,0.5072463768115942,0.3431372549019608,0.9722222222222222,36.0,0.1935483870967742,0.5,0.12,25.0,0.0,0.0,0.0,14.0,,,,
p_1328,0.15161290322580645,0.1087962962962963,0.25,0.26391875746714455,0.18938614540466392,0.4351851851851852,108.0,0.0,0.0,0.0,21.0,0.0,0.0,0.0,22.0,0.6064516129032258,0.4351851851851852,1.0,47.0,0.0,0.0,0.0,18.0,,,,
p_1329,0.13013698630136986,0.08796296296296297,0.25,0.18315575849822424,0.1237997256515775,0.35185185185185186,108.0,0.0,0.0,0.0,20.0,0.0,0.0,0.0,38.0,0.5205479452054794,0.35185185185185186,1.0,38.0,0.0,0.0,0.0,12.0,,,,
p_1330,0.125,0.08415841584158416,0.24285714285714285,0.16203703703703703,0.10909424275760911,0.3148148148148148,108.0,0.0,0.0,0.0,26.0,0.0,0.0,0.0,20.0,0.5,0.33663366336633666,0.9714285714285714,35.0,0.0,0.0,0.0,27.0,,,,
p_1331,0.16436567164179106,0.17875000000000002,0.2734375,0.20420121614151465,0.21814814814814817,0.3425925925925926,108.0,0.0,0.0,0.0,24.0,0.15,0.375,0.09375,32.0,0.5074626865671642,0.34,1.0,34.0,0.0,0.0,0.0,18.0,,,,
p_1332,0.14611528822055136,0.14568599717114566,0.2561141304347826,0.16206256381694978,0.14885536172664884,0.2962962962962963,108.0,0.0,0.0,0.0,27.0,0.13333333333333333,0.2857142857142857,0.08695652173913043,23.0,0.0,0.0,0.0,26.0,0.45112781954887216,0.297029702970297,0.9375,32.0,,,,
p_1333,0.15605095541401273,0.11342592592592593,0.25,0.28320358575135646,0.20584705075445817,0.4537037037037037,108.0,0.0,0.0,0.0,14.0,0.6242038216560509,0.4537037037037037,1.0,49.0,0.0,0.0,0.0,26.0,0.0,0.0,0.0,19.0,,,,
p_1334,0.145995670995671,0.14816124469589814,0.26785714285714285,0.16445005611672278,0.16217455078841217,0.3055555555555556,108.0,0.4696969696969697,0.3069306930693069,1.0,31.0,0.0,0.0,0.0,25.0,0.0,0.0,0.0,24.0,0.11428571428571428,0.2857142857142857,0.07142857142857142,28.0,,,,
p_1335,0.15984848484848485,0.23774509803921567,0.271078431372549,0.18501683501683505,0.2888525780682643,0.3055555555555556,108.0,0.0,0.0,0.0,13.0,0.4393939393939394,0.28431372549019607,0.9666666666666667,30.0,0.2,0.6666666666666666,0.11764705882352941,34.0,0.0,0.0,0.0,31.0,,,,
p_1336,0.1253968253968254,0.15476190476190477,0.2578125,0.14038800705467372,0.1781305114638448,0.28703703703703703,108.0,0.05714285714285714,0.3333333333333333,0.03125,32.0,0.4444444444444444,0.2857142857142857,1.0,30.0,0.0,0.0,0.0,33.0,0.0,0.0,0.0,13.0,,,,
p_1337,0.11151079136690648,0.07175925925925926,0.25,0.12803090860644817,0.08239026063100138,0.28703703703703703,108.0,0.0,0.0,0.0,29.0,0.0,0.0,0.0,28.0,0.4460431654676259,0.28703703703703703,1.0,31.0,0.0,0.0,0.0,20.0,,,,
p_1338,0.1664076664076664,0.25476190476190474,0.2642543859649123,0.2149989927767706,0.27213403880070547,0.3611111111111111,108.0,0.0,0.0,0.0,33.0,0.5174825174825175,0.3523809523809524,0.9736842105263158,38.0,0.14814814814814814,0.6666666666666666,0.08333333333333333,24.0,0.0,0.0,0.0,13.0,,,,
p_1339,0.1292096991468343,0.125,0.2505561735261402,0.14726255217948078,0.1398148148148148,0.28703703703703703,108.0,0.4580152671755725,0.3,0.967741935483871,31.0,0.0,0.0,0.0,25.0,0.058823529411764705,0.2,0.034482758620689655,29.0,0.0,0.0,0.0,23.0,,,,
p_1340,0.12758620689655173,0.08564814814814815,0.25,0.1748403575989783,0.11736968449931415,0.3425925925925926,108.0,0.0,0.0,0.0,37.0,0.0,0.0,0.0,14.0,0.5103448275862069,0.3425925925925926,1.0,37.0,0.0,0.0,0.0,20.0,,,,
p_1341,0.18421052631578946,0.14583333333333334,0.25,0.4298245614035088,0.3402777777777778,0.5833333333333334,108.0,0.0,0.0,0.0,14.0,0.0,0.0,0.0,17.0,0.7368421052631579,0.5833333333333334,1.0,63.0,0.0,0.0,0.0,14.0,,,,
p_1342,0.13318601848131778,0.14073550212164074,0.24946236559139784,0.1489591238486377,0.159018282780659,0.2777777777777778,108.0,0.42748091603053434,0.27722772277227725,0.9333333333333333,30.0,0.0,0.0,0.0,30.0,0.10526315789473684,0.2857142857142857,0.06451612903225806,31.0,0.0,0.0,0.0,17.0,,,,
p_1343,0.15384615384615385,0.1111111111111111,0.25,0.27350427350427353,0.19753086419753085,0.4444444444444444,108.0,0.0,0.0,0.0,16.0,0.0,0.0,0.0,19.0,0.6153846153846154,0.4444444444444444,1.0,48.0,0.0,0.0,0.0,25.0,,,,
p_1344,0.14358198326508814,0.12482319660537482,0.25735294117647056,0.19053930198669386,0.16378542616166378,0.3425925925925926,108.0,0.5255474452554745,0.3564356435643564,1.0,36.0,0.0,0.0,0.0,29.0,0.04878048780487805,0.14285714285714285,0.029411764705882353,34.0,0.0,0.0,0.0,9.0,,,,
p_1345,0.18720078851027877,0.255050505050505,0.28409090909090906,0.2615356133379225,0.38617658062102506,0.37962962962962965,108.0,0.0,0.0,0.0,3.0,0.0,0.0,0.0,26.0,0.22641509433962265,0.6666666666666666,0.13636363636363635,44.0,0.5223880597014925,0.35353535353535354,1.0,35.0,,,,
p_1346,0.14965986394557823,0.10784313725490197,0.24444444444444444,0.2494331065759637,0.1797385620915033,0.4074074074074074,108.0,0.5986394557823129,0.43137254901960786,0.9777777777777777,45.0,0.0,0.0,0.0,24.0,0.0,0.0,0.0,25.0,0.0,0.0,0.0,14.0,,,,
p_1347,0.125,0.08333333333333333,0.25,0.16666666666666666,0.1111111111111111,0.3333333333333333,108.0,0.0,0.0,0.0,15.0,0.0,0.0,0.0,23.0,0.5,0.3333333333333333,1.0,36.0,0.0,0.0,0.0,34.0,,,,
p_1348,0.1326530612244898,0.09027777777777778,0.25,0.19160997732426305,0.13040123456790123,0.3611111111111111,108.0,0.5306122448979592,0.3611111111111111,1.0,39.0,0.0,0.0,0.0,19.0,0.0,0.0,0.0,23.0,0.0,0.0,0.0,27.0,,,,
p_1349,0.13758389261744966,0.09490740740740741,0.25,0.20892368878946058,0.14411865569272977,0.37962962962962965,108.0,0.0,0.0,0.0,24.0,0.0,0.0,0.0,30.0,0.5503355704697986,0.37962962962962965,1.0,41.0,0.0,0.0,0.0,13.0,,,,
p_1350,0.14473684210526316,0.10185185185185185,0.25,0.23586744639376217,0.16598079561042522,0.4074074074074074,108.0,0.0,0.0,0.0,12.0,0.5789473684210527,0.4074074074074074,1.0,44.0,0.0,0.0,0.0,22.0,0.0,0.0,0.0,30.0,,,,
p_1351,0.13513513513513514,0.09259259259259259,0.25,0.20020020020020018,0.1371742112482853,0.37037037037037035,108.0,0.0,0.0,0.0,15.0,0.0,0.0,0.0,29.0,0.5405405405405406,0.37037037037037035,1.0,40.0,0.0,0.0,0.0,24.0,,,,
p_1352,0.14705882352941177,0.10416666666666667,0.25,0.2450980392156863,0.1736111111111111,0.4166666666666667,108.0,0.0,0.0,0.0,13.0,0.5882352941176471,0.4166666666666667,1.0,45.0,0.0,0.0,0.0,34.0,0.0,0.0,0.0,16.0,,,,
p_1353,0.14473684210526316,0.10185185185185185,0.25,0.23586744639376217,0.16598079561042522,0.4074074074074074,108.0,0.0,0.0,0.0,9.0,0.0,0.0,0.0,26.0,0.5789473684210527,0.4074074074074074,1.0,44.0,0.0,0.0,0.0,29.0,,,,
p_1354,0.11971830985915492,0.0787037037037037,0.25,0.1507563901930099,0.09910836762688614,0.3148148148148148,108.0,0.0,0.0,0.0,30.0,0.0,0.0,0.0,28.0,0.4788732394366197,0.3148148148148148,1.0,34.0,0.0,0.0,0.0,16.0,,,,
p_1355,0.14142857142857143,0.11987270155586988,0.23183760683760685,0.18873015873015875,0.1453716800251454,0.32407407407407407,108.0,0.08,0.14285714285714285,0.05555555555555555,18.0,0.0,0.0,0.0,29.0,0.4857142857142857,0.33663366336633666,0.8717948717948718,39.0,0.0,0.0,0.0,22.0,,,,
p_1356,0.1326530612244898,0.09027777777777778,0.25,0.19160997732426305,0.13040123456790123,0.3611111111111111,108.0,0.0,0.0,0.0,31.0,0.5306122448979592,0.3611111111111111,1.0,39.0,0.0,0.0,0.0,28.0,0.0,0.0,0.0,10.0,,,,
p_1357,0.13513513513513514,0.09259259259259259,0.25,0.20020020020020018,0.1371742112482853,0.37037037037037035,108.0,0.0,0.0,0.0,17.0,0.5405405405405406,0.37037037037037035,1.0,40.0,0.0,0.0,0.0,36.0,0.0,0.0,0.0,15.0,,,,
p_1358,0.1326530612244898,0.09027777777777778,0.25,0.19160997732426305,0.13040123456790123,0.3611111111111111,108.0,0.0,0.0,0.0,21.0,0.5306122448979592,0.3611111111111111,1.0,39.0,0.0,0.0,0.0,25.0,0.0,0.0,0.0,23.0,,,,
p_1359,0.17165051787504176,0.16999999999999998,0.24884716732542822,0.28069817227852645,0.25953703703703707,0.4166666666666667,108.0,0.0,0.0,0.0,15.0,0.589041095890411,0.43,0.9347826086956522,46.0,0.0975609756097561,0.25,0.06060606060606061,33.0,0.0,0.0,0.0,14.0,,,,
p_1360,0.15822784810126583,0.11574074074074074,0.25,0.29301453352086265,0.21433470507544583,0.46296296296296297,108.0,0.0,0.0,0.0,12.0,0.6329113924050633,0.46296296296296297,1.0,50.0,0.0,0.0,0.0,35.0,0.0,0.0,0.0,11.0,,,,
p_1361,0.20060706401766004,0.19024045261669023,0.26941176470588235,0.3205686370697408,0.264995547173765,0.46296296296296297,108.0,0.16666666666666666,0.2857142857142857,0.11764705882352941,17.0,0.0,0.0,0.0,31.0,0.6357615894039735,0.4752475247524752,0.96,50.0,0.0,0.0,0.0,10.0,,,,
p_1362,0.14,0.09722222222222222,0.25,0.21777777777777782,0.15123456790123455,0.3888888888888889,108.0,0.0,0.0,0.0,17.0,0.56,0.3888888888888889,1.0,42.0,0.0,0.0,0.0,42.0,0.0,0.0,0.0,7.0,,,,
p_1363,0.11702127659574468,0.0763888888888889,0.25,0.1430260047281324,0.09336419753086421,0.3055555555555556,108.0,0.46808510638297873,0.3055555555555556,1.0,33.0,0.0,0.0,0.0,20.0,0.0,0.0,0.0,37.0,0.0,0.0,0.0,18.0,,,,
p_1364,0.15706862957350076,0.18333333333333335,0.24756493506493507,0.24640574759648148,0.24938271604938272,0.39814814814814814,108.0,0.0,0.0,0.0,11.0,0.5637583892617449,0.4,0.9545454545454546,44.0,0.06451612903225806,0.3333333333333333,0.03571428571428571,28.0,0.0,0.0,0.0,25.0,,,,
p_1365,0.1588235294117647,0.18882602545968882,0.2584415584415584,0.20310457516339867,0.23683796951123684,0.3333333333333333,108.0,0.4852941176470588,0.32673267326732675,0.9428571428571428,35.0,0.0,0.0,0.0,14.0,0.15,0.42857142857142855,0.09090909090909091,33.0,0.0,0.0,0.0,26.0,,,,
p_1366,0.1670940170940171,0.21212121212121213,0.2685931899641577,0.20213675213675214,0.26926674148896373,0.3148148148148148,108.0,0.0,0.0,0.0,13.0,0.2222222222222222,0.5555555555555556,0.1388888888888889,36.0,0.4461538461538462,0.29292929292929293,0.9354838709677419,31.0,0.0,0.0,0.0,28.0,,,,
p_1367,0.12065046336772162,0.10101010101010101,0.22058823529411764,0.15193021312972355,0.12719790497568276,0.2777777777777778,108.0,0.046511627906976744,0.1111111111111111,0.029411764705882353,34.0,0.0,0.0,0.0,27.0,0.0,0.0,0.0,13.0,0.43609022556390975,0.29292929292929293,0.8529411764705882,34.0,,,,
p_1368,0.1316643882433356,0.11492220650636492,0.25675675675675674,0.15815105946684896,0.14281785321389281,0.3055555555555556,108.0,0.0,0.0,0.0,21.0,0.045454545454545456,0.14285714285714285,0.02702702702702703,37.0,0.48120300751879697,0.31683168316831684,1.0,32.0,0.0,0.0,0.0,18.0,,,,
p_1369,0.15161290322580645,0.1087962962962963,0.25,0.26391875746714455,0.18938614540466392,0.4351851851851852,108.0,0.0,0.0,0.0,28.0,0.0,0.0,0.0,22.0,0.6064516129032258,0.4351851851851852,1.0,47.0,0.0,0.0,0.0,11.0,,,,
p_1370,0.1405577390978851,0.12234794908062234,0.2508680555555556,0.18551098356451157,0.15783959348315782,0.3333333333333333,108.0,0.5109489051094891,0.3465346534653465,0.9722222222222222,36.0,0.0,0.0,0.0,26.0,0.05128205128205128,0.14285714285714285,0.03125,32.0,0.0,0.0,0.0,14.0,,,,
p_1371,0.14935064935064934,0.10648148148148148,0.25,0.2544492544492544,0.18141289437585734,0.42592592592592593,108.0,0.0,0.0,0.0,24.0,0.0,0.0,0.0,13.0,0.5974025974025974,0.42592592592592593,1.0,46.0,0.0,0.0,0.0,25.0,,,,
p_1372,0.11151079136690648,0.07175925925925926,0.25,0.12803090860644817,0.08239026063100138,0.28703703703703703,108.0,0.0,0.0,0.0,37.0,0.4460431654676259,0.28703703703703703,1.0,31.0,0.0,0.0,0.0,28.0,0.0,0.0,0.0,12.0,,,,
p_1373,0.16459627329192547,0.12268518518518519,0.25,0.3230963883137796,0.24082647462277093,0.49074074074074076,108.0,0.0,0.0,0.0,21.0,0.0,0.0,0.0,12.0,0.6583850931677019,0.49074074074074076,1.0,53.0,0.0,0.0,0.0,22.0,,,,
p_1374,0.15384615384615385,0.1111111111111111,0.25,0.27350427350427353,0.19753086419753085,0.4444444444444444,108.0,0.0,0.0,0.0,23.0,0.0,0.0,0.0,20.0,0.6153846153846154,0.4444444444444444,1.0,48.0,0.0,0.0,0.0,17.0,,,,
p_1375,0.12237762237762238,0.08101851851851852,0.25,0.15863765863765864,0.10502400548696844,0.32407407407407407,108.0,0.48951048951048953,0.32407407407407407,1.0,35.0,0.0,0.0,0.0,38.0,0.0,0.0,0.0,25.0,0.0,0.0,0.0,10.0,,,,
p_1376,0.15161290322580645,0.1087962962962963,0.25,0.26391875746714455,0.18938614540466392,0.4351851851851852,108.0,0.0,0.0,0.0,14.0,0.0,0.0,0.0,29.0,0.6064516129032258,0.4351851851851852,1.0,47.0,0.0,0.0,0.0,18.0,,,,
p_1377,0.15384615384615385,0.1111111111111111,0.25,0.27350427350427353,0.19753086419753085,0.4444444444444444,108.0,0.0,0.0,0.0,23.0,0.6153846153846154,0.4444444444444444,1.0,48.0,0.0,0.0,0.0,19.0,0.0,0.0,0.0,18.0,,,,
p_1378,0.13203324808184141,0.1346153846153846,0.2475328947368421,0.14601686085062043,0.12945156695156695,0.28703703703703703,108.0,0.0,0.0,0.0,26.0,0.4411764705882353,0.28846153846153844,0.9375,32.0,0.0,0.0,0.0,31.0,0.08695652173913043,0.25,0.05263157894736842,19.0,,,,
p_1379,0.1326530612244898,0.09027777777777778,0.25,0.19160997732426305,0.13040123456790123,0.3611111111111111,108.0,0.0,0.0,0.0,17.0,0.0,0.0,0.0,34.0,0.0,0.0,0.0,18.0,0.5306122448979592,0.3611111111111111,1.0,39.0,,,,
p_1380,0.14935064935064934,0.10648148148148148,0.25,0.2544492544492544,0.18141289437585734,0.42592592592592593,108.0,0.0,0.0,0.0,29.0,0.5974025974025974,0.42592592592592593,1.0,46.0,0.0,0.0,0.0,20.0,0.0,0.0,0.0,13.0,,,,
p_1381,0.14,0.09722222222222222,0.25,0.21777777777777782,0.15123456790123455,0.3888888888888889,108.0,0.0,0.0,0.0,24.0,0.0,0.0,0.0,23.0,0.0,0.0,0.0,19.0,0.56,0.3888888888888889,1.0,42.0,,,,
p_1382,0.1746987951807229,0.13425925925925927,0.25,0.37527889335118253,0.28840877914951996,0.5370370370370371,108.0,0.6987951807228916,0.5370370370370371,1.0,58.0,0.0,0.0,0.0,16.0,0.0,0.0,0.0,17.0,0.0,0.0,0.0,17.0,,,,
p_1383,0.13376524390243902,0.12626262626262624,0.2570043103448276,0.14638380758807587,0.141788252899364,0.2777777777777778,108.0,0.0,0.0,0.0,29.0,0.0975609756097561,0.2222222222222222,0.0625,32.0,0.0,0.0,0.0,18.0,0.4375,0.2828282828282828,0.9655172413793104,29.0,,,,
p_1384,0.1398420479302832,0.1173974540311174,0.24821428571428572,0.17098866295489387,0.13234061501388236,0.3148148148148148,108.0,0.4852941176470588,0.32673267326732675,0.9428571428571428,35.0,0.07407407407407407,0.14285714285714285,0.05,20.0,0.0,0.0,0.0,29.0,0.0,0.0,0.0,24.0,,,,
p_1385,0.15605095541401273,0.11342592592592593,0.25,0.28320358575135646,0.20584705075445817,0.4537037037037037,108.0,0.0,0.0,0.0,28.0,0.6242038216560509,0.4537037037037037,1.0,49.0,0.0,0.0,0.0,13.0,0.0,0.0,0.0,18.0,,,,
p_1386,0.11428571428571428,0.07407407407407407,0.25,0.13544973544973546,0.0877914951989026,0.2962962962962963,108.0,0.0,0.0,0.0,22.0,0.0,0.0,0.0,21.0,0.0,0.0,0.0,33.0,0.45714285714285713,0.2962962962962963,1.0,32.0,,,,
p_1387,0.15161290322580645,0.1087962962962963,0.25,0.26391875746714455,0.18938614540466392,0.4351851851851852,108.0,0.0,0.0,0.0,25.0,0.6064516129032258,0.4351851851851852,1.0,47.0,0.0,0.0,0.0,26.0,0.0,0.0,0.0,10.0,,,,
p_1388,0.15623100303951368,0.2523809523809524,0.265625,0.20407519981988068,0.3118165784832452,0.35185185185185186,108.0,0.5106382978723404,0.34285714285714286,1.0,36.0,0.0,0.0,0.0,22.0,0.11428571428571428,0.6666666666666666,0.0625,32.0,0.0,0.0,0.0,18.0,,,,
p_1389,0.10869565217391304,0.06944444444444445,0.25,0.12077294685990338,0.0771604938271605,0.2777777777777778,108.0,0.0,0.0,0.0,20.0,0.0,0.0,0.0,35.0,0.43478260869565216,0.2777777777777778,1.0,30.0,0.0,0.0,0.0,23.0,,,,
p_1390,0.1706043956043956,0.1987270155586987,0.26061698717948717,0.23645706145706147,0.2592723558070093,0.37037037037037035,108.0,0.15384615384615385,0.42857142857142855,0.09375,32.0,0.0,0.0,0.0,16.0,0.5285714285714286,0.36633663366336633,0.9487179487179487,39.0,0.0,0.0,0.0,21.0,,,,
p_1391,0.09361702127659574,0.061111111111111116,0.2,0.1430260047281324,0.09336419753086421,0.3055555555555556,108.0,0.0,0.0,0.0,33.0,0.0,0.0,0.0,27.0,0.46808510638297873,0.3055555555555556,1.0,33.0,0.0,0.0,0.0,14.0,0.0,0.0,0.0,1.0
p_1392,0.19640062597809077,0.2775813295615276,0.2767971758664955,0.2920651480901872,0.4016711194929017,0.4166666666666667,108.0,0.2222222222222222,0.7142857142857143,0.13157894736842105,38.0,0.0,0.0,0.0,17.0,0.5633802816901409,0.39603960396039606,0.975609756097561,41.0,0.0,0.0,0.0,12.0,,,,
p_1393,0.13758389261744966,0.09490740740740741,0.25,0.20892368878946058,0.14411865569272977,0.37962962962962965,108.0,0.5503355704697986,0.37962962962962965,1.0,41.0,0.0,0.0,0.0,26.0,0.0,0.0,0.0,16.0,0.0,0.0,0.0,25.0,,,,
p_1394,0.1625,0.12037037037037036,0.25,0.312962962962963,0.23182441700960219,0.48148148148148145,108.0,0.65,0.48148148148148145,1.0,52.0,0.0,0.0,0.0,19.0,0.0,0.0,0.0,24.0,0.0,0.0,0.0,13.0,,,,
p_1395,0.11702127659574468,0.0763888888888889,0.25,0.1430260047281324,0.09336419753086421,0.3055555555555556,108.0,0.0,0.0,0.0,35.0,0.46808510638297873,0.3055555555555556,1.0,33.0,0.0,0.0,0.0,22.0,0.0,0.0,0.0,18.0,,,,
p_1396,0.12237762237762238,0.08101851851851852,0.25,0.15863765863765864,0.10502400548696844,0.32407407407407407,108.0,0.0,0.0,0.0,26.0,0.0,0.0,0.0,30.0,0.48951048951048953,0.32407407407407407,1.0,35.0,0.0,0.0,0.0,17.0,,,,
p_1397,0.15161290322580645,0.1087962962962963,0.25,0.26391875746714455,0.18938614540466392,0.4351851851851852,108.0,0.0,0.0,0.0,15.0,0.0,0.0,0.0,28.0,0.6064516129032258,0.4351851851851852,1.0,47.0,0.0,0.0,0.0,18.0,,,,
p_1398,0.1576711644177911,0.20673076923076922,0.27,0.18705462083772928,0.21866096866096865,0.3333333333333333,108.0,0.13793103448275862,0.5,0.08,25.0,0.0,0.0,0.0,22.0,0.0,0.0,0.0,27.0,0.4927536231884058,0.3269230769230769,1.0,34.0,,,,
p_1399,0.13013698630136986,0.08796296296296297,0.25,0.18315575849822424,0.1237997256515775,0.35185185185185186,108.0,0.0,0.0,0.0,29.0,0.5205479452054794,0.35185185185185186,1.0,38.0,0.0,0.0,0.0,18.0,0.0,0.0,0.0,23.0,,,,
p_1400,0.11702127659574468,0.0763888888888889,0.25,0.1430260047281324,0.09336419753086421,0.3055555555555556,108.0,0.46808510638297873,0.3055555555555556,1.0,33.0,0.0,0.0,0.0,20.0,0.0,0.0,0.0,28.0,0.0,0.0,0.0,27.0,,,,
p_1401,0.13793103448275862,0.09900990099009901,0.22727272727272727,0.2247765006385696,0.16134946828016136,0.37037037037037035,108.0,0.0,0.0,0.0,16.0,0.5517241379310345,0.39603960396039606,0.9090909090909091,44.0,0.0,0.0,0.0,16.0,0.0,0.0,0.0,32.0,,,,
p_1402,0.16079721362229102,0.18882602545968882,0.25990783410138246,0.20259287925696595,0.2289014615747289,0.3333333333333333,108.0,0.0,0.0,0.0,27.0,0.15789473684210525,0.42857142857142855,0.0967741935483871,31.0,0.0,0.0,0.0,15.0,0.4852941176470588,0.32673267326732675,0.9428571428571428,35.0,,,,
p_1403,0.13758389261744966,0.09490740740740741,0.25,0.20892368878946058,0.14411865569272977,0.37962962962962965,108.0,0.0,0.0,0.0,21.0,0.0,0.0,0.0,23.0,0.0,0.0,0.0,23.0,0.5503355704697986,0.37962962962962965,1.0,41.0,,,,
p_1404,0.12121212121212122,0.08,0.25,0.143658810325477,0.09481481481481481,0.2962962962962963,108.0,0.48484848484848486,0.32,1.0,32.0,0.0,0.0,0.0,30.0,0.0,0.0,0.0,28.0,0.0,0.0,0.0,18.0,,,,
p_1405,0.10150375939849623,0.06428571428571428,0.24107142857142858,0.10526315789473684,0.06666666666666667,0.25,108.0,0.0,0.0,0.0,34.0,0.0,0.0,0.0,26.0,0.0,0.0,0.0,20.0,0.40601503759398494,0.2571428571428571,0.9642857142857143,28.0,,,,
p_1406,0.13309352517985612,0.09158415841584158,0.24342105263157895,0.1873168132160938,0.1288962229556289,0.3425925925925926,108.0,0.0,0.0,0.0,19.0,0.0,0.0,0.0,22.0,0.0,0.0,0.0,29.0,0.5323741007194245,0.36633663366336633,0.9736842105263158,38.0,,,,
p_1407,0.12237762237762238,0.08101851851851852,0.25,0.15863765863765864,0.10502400548696844,0.32407407407407407,108.0,0.0,0.0,0.0,26.0,0.0,0.0,0.0,28.0,0.48951048951048953,0.32407407407407407,1.0,35.0,0.0,0.0,0.0,19.0,,,,
p_1408,0.11428571428571428,0.07407407407407407,0.25,0.13544973544973546,0.0877914951989026,0.2962962962962963,108.0,0.0,0.0,0.0,32.0,0.45714285714285713,0.2962962962962963,1.0,32.0,0.0,0.0,0.0,28.0,0.0,0.0,0.0,16.0,,,,
p_1409,0.10227272727272728,0.06428571428571428,0.25,0.10227272727272728,0.06428571428571428,0.25,108.0,0.0,0.0,0.0,29.0,0.4090909090909091,0.2571428571428571,1.0,27.0,0.0,0.0,0.0,39.0,0.0,0.0,0.0,13.0,,,,
p_1410,0.1687116564417178,0.12731481481481483,0.25,0.34367189275164733,0.25934499314128945,0.5092592592592593,108.0,0.0,0.0,0.0,29.0,0.6748466257668712,0.5092592592592593,1.0,55.0,0.0,0.0,0.0,18.0,0.0,0.0,0.0,6.0,,,,
p_1411,0.15384615384615385,0.1111111111111111,0.25,0.27350427350427353,0.19753086419753085,0.4444444444444444,108.0,0.0,0.0,0.0,15.0,0.6153846153846154,0.4444444444444444,1.0,48.0,0.0,0.0,0.0,29.0,0.0,0.0,0.0,16.0,,,,
p_1412,0.1804733727810651,0.1412037037037037,0.25,0.40773613850536927,0.3190157750342935,0.5648148148148148,108.0,0.0,0.0,0.0,20.0,0.7218934911242604,0.5648148148148148,1.0,61.0,0.0,0.0,0.0,15.0,0.0,0.0,0.0,12.0,,,,
p_1413,0.11428571428571428,0.07407407407407407,0.25,0.13544973544973546,0.0877914951989026,0.2962962962962963,108.0,0.0,0.0,0.0,20.0,0.0,0.0,0.0,35.0,0.45714285714285713,0.2962962962962963,1.0,32.0,0.0,0.0,0.0,21.0,,,,
p_1414,0.13013698630136986,0.08796296296296297,0.25,0.18315575849822424,0.1237997256515775,0.35185185185185186,108.0,0.0,0.0,0.0,18.0,0.5205479452054794,0.35185185185185186,1.0,38.0,0.0,0.0,0.0,27.0,0.0,0.0,0.0,25.0,,,,
p_1415,0.12758620689655173,0.08564814814814815,0.25,0.1748403575989783,0.11736968449931415,0.3425925925925926,108.0,0.0,0.0,0.0,28.0,0.0,0.0,0.0,33.0,0.5103448275862069,0.3425925925925926,1.0,37.0,0.0,0.0,0.0,10.0,,,,
p_1416,0.12758620689655173,0.08564814814814815,0.25,0.1748403575989783,0.11736968449931415,0.3425925925925926,108.0,0.0,0.0,0.0,21.0,0.0,0.0,0.0,37.0,0.5103448275862069,0.3425925925925926,1.0,37.0,0.0,0.0,0.0,13.0,,,,
p_1417,0.13758389261744966,0.09490740740740741,0.25,0.20892368878946058,0.14411865569272977,0.37962962962962965,108.0,0.5503355704697986,0.37962962962962965,1.0,41.0,0.0,0.0,0.0,14.0,0.0,0.0,0.0,35.0,0.0,0.0,0.0,18.0,,,,
p_1418,0.12758620689655173,0.08564814814814815,0.25,0.1748403575989783,0.11736968449931415,0.3425925925925926,108.0,0.0,0.0,0.0,13.0,0.0,0.0,0.0,26.0,0.5103448275862069,0.3425925925925926,1.0,37.0,0.0,0.0,0.0,32.0,,,,
p_1419,0.10583941605839416,0.06712962962962964,0.25,0.1136793728034604,0.07210219478737999,0.26851851851851855,108.0,0.0,0.0,0.0,34.0,0.0,0.0,0.0,20.0,0.4233576642335766,0.26851851851851855,1.0,29.0,0.0,0.0,0.0,25.0,,,,
p_1420,0.125,0.08333333333333333,0.25,0.16666666666666666,0.1111111111111111,0.3333333333333333,108.0,0.0,0.0,0.0,29.0,0.0,0.0,0.0,27.0,0.0,0.0,0.0,16.0,0.5,0.3333333333333333,1.0,36.0,,,,
p_1421,0.14705882352941177,0.10416666666666667,0.25,0.2450980392156863,0.1736111111111111,0.4166666666666667,108.0,0.5882352941176471,0.4166666666666667,1.0,45.0,0.0,0.0,0.0,23.0,0.0,0.0,0.0,20.0,0.0,0.0,0.0,20.0,,,,
p_1422,0.16666666666666666,0.125,0.25,0.3333333333333333,0.25,0.5,108.0,0.0,0.0,0.0,13.0,0.6666666666666666,0.5,1.0,54.0,0.0,0.0,0.0,22.0,0.0,0.0,0.0,19.0,,,,
p_1423,0.11940298507462686,0.07920792079207921,0.24242424242424243,0.14593698175787728,0.09680968096809682,0.2962962962962963,108.0,0.0,0.0,0.0,24.0,0.0,0.0,0.0,26.0,0.0,0.0,0.0,25.0,0.47761194029850745,0.31683168316831684,0.9696969696969697,33.0,,,,
p_1424,0.1896551724137931,0.1527777777777778,0.25,0.4636015325670498,0.37345679012345684,0.6111111111111112,108.0,0.0,0.0,0.0,8.0,0.7586206896551724,0.6111111111111112,1.0,66.0,0.0,0.0,0.0,23.0,0.0,0.0,0.0,11.0,,,,
p_1425,0.12758620689655173,0.08564814814814815,0.25,0.1748403575989783,0.11736968449931415,0.3425925925925926,108.0,0.0,0.0,0.0,27.0,0.0,0.0,0.0,25.0,0.5103448275862069,0.3425925925925926,1.0,37.0,0.0,0.0,0.0,19.0,,,,
p_1426,0.13513513513513514,0.09259259259259259,0.25,0.20020020020020018,0.1371742112482853,0.37037037037037035,108.0,0.0,0.0,0.0,15.0,0.0,0.0,0.0,43.0,0.5405405405405406,0.37037037037037035,1.0,40.0,0.0,0.0,0.0,10.0,,,,
p_1427,0.23391304347826086,0.3833333333333333,0.28409090909090906,0.409597423510467,0.4802469135802469,0.5462962962962963,108.0,0.24,1.0,0.13636363636363635,22.0,0.0,0.0,0.0,21.0,0.6956521739130435,0.5333333333333333,1.0,56.0,0.0,0.0,0.0,9.0,,,,
p_1428,0.15161290322580645,0.1087962962962963,0.25,0.26391875746714455,0.18938614540466392,0.4351851851851852,108.0,0.0,0.0,0.0,13.0,0.0,0.0,0.0,34.0,0.6064516129032258,0.4351851851851852,1.0,47.0,0.0,0.0,0.0,14.0,,,,
p_1429,0.1625,0.12037037037037036,0.25,0.312962962962963,0.23182441700960219,0.48148148148148145,108.0,0.0,0.0,0.0,11.0,0.65,0.48148148148148145,1.0,52.0,0.0,0.0,0.0,35.0,0.0,0.0,0.0,10.0,,,,
p_1430,0.1628847157016171,0.13719943422913722,0.2625,0.23294016499545972,0.18056210382943055,0.3888888888888889,108.0,0.0,0.0,0.0,19.0,0.07407407407407407,0.14285714285714285,0.05,20.0,0.5774647887323944,0.40594059405940597,1.0,41.0,0.0,0.0,0.0,28.0,,,,
p_1431,0.11702127659574468,0.0763888888888889,0.25,0.1430260047281324,0.09336419753086421,0.3055555555555556,108.0,0.0,0.0,0.0,25.0,0.46808510638297873,0.3055555555555556,1.0,33.0,0.0,0.0,0.0,22.0,0.0,0.0,0.0,28.0,,,,
p_1432,0.136986301369863,0.09900990099009901,0.2222222222222222,0.228310502283105,0.16501650165016504,0.37037037037037035,108.0,0.0,0.0,0.0,23.0,0.547945205479452,0.39603960396039606,0.8888888888888888,45.0,0.0,0.0,0.0,33.0,0.0,0.0,0.0,7.0,,,,
p_1433,0.16459627329192547,0.12268518518518519,0.25,0.3230963883137796,0.24082647462277093,0.49074074074074076,108.0,0.0,0.0,0.0,18.0,0.0,0.0,0.0,25.0,0.6583850931677019,0.49074074074074076,1.0,53.0,0.0,0.0,0.0,12.0,,,,
p_1434,0.1729442970822281,0.2595238095238095,0.2654891304347826,0.23199724923862852,0.2795414462081129,0.37962962962962965,108.0,0.15384615384615385,0.6666666666666666,0.08695652173913043,23.0,0.5379310344827586,0.37142857142857144,0.975,40.0,0.0,0.0,0.0,18.0,0.0,0.0,0.0,27.0,,,,
p_1435,0.14473684210526316,0.10185185185185185,0.25,0.23586744639376217,0.16598079561042522,0.4074074074074074,108.0,0.0,0.0,0.0,21.0,0.5789473684210527,0.4074074074074074,1.0,44.0,0.0,0.0,0.0,22.0,0.0,0.0,0.0,21.0,,,,
p_1436,0.12336047037539574,0.11274509803921567,0.23582175925925924,0.14339916578722547,0.12590777051561364,0.2777777777777778,108.0,0.06060606060606061,0.16666666666666666,0.037037037037037035,27.0,0.43283582089552236,0.28431372549019607,0.90625,32.0,0.0,0.0,0.0,18.0,0.0,0.0,0.0,31.0,,,,
p_1437,0.11428571428571428,0.07407407407407407,0.25,0.13544973544973546,0.0877914951989026,0.2962962962962963,108.0,0.0,0.0,0.0,33.0,0.45714285714285713,0.2962962962962963,1.0,32.0,0.0,0.0,0.0,29.0,0.0,0.0,0.0,14.0,,,,
p_1438,0.10526315789473684,0.06930693069306931,0.21875,0.12475633528265107,0.08214154748808215,0.25925925925925924,108.0,0.0,0.0,0.0,21.0,0.0,0.0,0.0,35.0,0.42105263157894735,0.27722772277227725,0.875,32.0,0.0,0.0,0.0,20.0,,,,
p_1439,0.08778625954198473,0.05324074074074074,0.25,0.074780887757987,0.045353223593964334,0.21296296296296297,108.0,0.0,0.0,0.0,26.0,0.0,0.0,0.0,36.0,0.0,0.0,0.0,23.0,0.3511450381679389,0.21296296296296297,1.0,23.0,,,,
p_1440,0.16037735849056603,0.11805555555555555,0.25,0.30293501048218024,0.22299382716049382,0.4722222222222222,108.0,0.0,0.0,0.0,15.0,0.0,0.0,0.0,31.0,0.6415094339622641,0.4722222222222222,1.0,51.0,0.0,0.0,0.0,11.0,,,,
p_1441,0.14383561643835616,0.10294117647058823,0.23863636363636365,0.2343987823439878,0.16775599128540306,0.3888888888888889,108.0,0.0,0.0,0.0,20.0,0.0,0.0,0.0,31.0,0.5753424657534246,0.4117647058823529,0.9545454545454546,44.0,0.0,0.0,0.0,13.0,,,,
p_1442,0.15359477124183007,0.11190476190476191,0.24479166666666666,0.2730573710965868,0.19894179894179895,0.4351851851851852,108.0,0.0,0.0,0.0,23.0,0.0,0.0,0.0,28.0,0.6143790849673203,0.44761904761904764,0.9791666666666666,48.0,0.0,0.0,0.0,9.0,,,,
p_1443,0.14473684210526316,0.10185185185185185,0.25,0.23586744639376217,0.16598079561042522,0.4074074074074074,108.0,0.0,0.0,0.0,29.0,0.0,0.0,0.0,28.0,0.5789473684210527,0.4074074074074074,1.0,44.0,0.0,0.0,0.0,7.0,,,,
p_1444,0.11877104377104378,0.10749646393210749,0.21999205087440382,0.15082616286319991,0.13933417151238933,0.2777777777777778,108.0,0.0,0.0,0.0,30.0,0.42962962962962964,0.2871287128712871,0.8529411764705882,34.0,0.045454545454545456,0.14285714285714285,0.02702702702702703,37.0,0.0,0.0,0.0,7.0,,,,
p_1445,0.1547202797202797,0.13719943422913722,0.2508043758043758,0.23857161357161358,0.20680758552045683,0.3888888888888889,108.0,0.0,0.0,0.0,19.0,0.5734265734265734,0.40594059405940597,0.9761904761904762,42.0,0.045454545454545456,0.14285714285714285,0.02702702702702703,37.0,0.0,0.0,0.0,10.0,,,,
p_1446,0.17724483204134367,0.20862800565770862,0.25920542635658916,0.2732348789357833,0.30448163864005445,0.4074074074074074,108.0,0.0,0.0,0.0,20.0,0.5694444444444444,0.40594059405940597,0.9534883720930233,43.0,0.13953488372093023,0.42857142857142855,0.08333333333333333,36.0,0.0,0.0,0.0,9.0,,,,
p_1447,0.11702127659574468,0.0763888888888889,0.25,0.1430260047281324,0.09336419753086421,0.3055555555555556,108.0,0.0,0.0,0.0,21.0,0.0,0.0,0.0,29.0,0.0,0.0,0.0,25.0,0.46808510638297873,0.3055555555555556,1.0,33.0,,,,
p_1448,0.13758389261744966,0.09490740740740741,0.25,0.20892368878946058,0.14411865569272977,0.37962962962962965,108.0,0.0,0.0,0.0,26.0,0.5503355704697986,0.37962962962962965,1.0,41.0,0.0,0.0,0.0,29.0,0.0,0.0,0.0,12.0,,,,
p_1449,0.14,0.09722222222222222,0.25,0.21777777777777782,0.15123456790123455,0.3888888888888889,108.0,0.0,0.0,0.0,26.0,0.56,0.3888888888888889,1.0,42.0,0.0,0.0,0.0,18.0,0.0,0.0,0.0,22.0,,,,
p_1450,0.11151079136690648,0.07175925925925926,0.25,0.12803090860644817,0.08239026063100138,0.28703703703703703,108.0,0.0,0.0,0.0,41.0,0.4460431654676259,0.28703703703703703,1.0,31.0,0.0,0.0,0.0,27.0,0.0,0.0,0.0,9.0,,,,
p_1451,0.16508838383838384,0.13719943422913722,0.2550387596899225,0.2393495136550692,0.18146576562418149,0.3888888888888889,108.0,0.09090909090909091,0.14285714285714285,0.06666666666666667,15.0,0.5694444444444444,0.40594059405940597,0.9534883720930233,43.0,0.0,0.0,0.0,34.0,0.0,0.0,0.0,16.0,,,,
p_1452,0.1423841059602649,0.09953703703703703,0.25,0.22675987245523668,0.15852194787379972,0.39814814814814814,108.0,0.5695364238410596,0.39814814814814814,1.0,43.0,0.0,0.0,0.0,20.0,0.0,0.0,0.0,26.0,0.0,0.0,0.0,19.0,,,,
p_1453,0.1,0.0625,0.25,0.1,0.0625,0.25,108.0,0.0,0.0,0.0,28.0,0.0,0.0,0.0,22.0,0.0,0.0,0.0,31.0,0.4,0.25,1.0,27.0,,,,
p_1454,0.125,0.08333333333333333,0.25,0.16666666666666666,0.1111111111111111,0.3333333333333333,108.0,0.5,0.3333333333333333,1.0,36.0,0.0,0.0,0.0,21.0,0.0,0.0,0.0,27.0,0.0,0.0,0.0,24.0,,,,
p_1455,0.13013698630136986,0.08796296296296297,0.25,0.18315575849822424,0.1237997256515775,0.35185185185185186,108.0,0.5205479452054794,0.35185185185185186,1.0,38.0,0.0,0.0,0.0,23.0,0.0,0.0,0.0,18.0,0.0,0.0,0.0,29.0,,,,
p_1456,0.15822784810126583,0.11574074074074074,0.25,0.29301453352086265,0.21433470507544583,0.46296296296296297,108.0,0.0,0.0,0.0,29.0,0.6329113924050633,0.46296296296296297,1.0,50.0,0.0,0.0,0.0,11.0,0.0,0.0,0.0,18.0,,,,
p_1457,0.14473684210526316,0.10185185185185185,0.25,0.23586744639376217,0.16598079561042522,0.4074074074074074,108.0,0.5789473684210527,0.4074074074074074,1.0,44.0,0.0,0.0,0.0,34.0,0.0,0.0,0.0,22.0,0.0,0.0,0.0,8.0,,,,
p_1458,0.13722826086956522,0.12234794908062234,0.24258404746209625,0.1895967525496511,0.17295300958667295,0.3333333333333333,108.0,0.5072463768115942,0.3465346534653465,0.9459459459459459,37.0,0.041666666666666664,0.14285714285714285,0.024390243902439025,41.0,0.0,0.0,0.0,15.0,0.0,0.0,0.0,15.0,,,,
p_1459,0.15653008962868117,0.16548797736916548,0.24522083058668426,0.23432683643951246,0.2407145476452407,0.37037037037037035,108.0,0.09090909090909091,0.2857142857142857,0.05405405405405406,37.0,0.0,0.0,0.0,12.0,0.5352112676056338,0.37623762376237624,0.926829268292683,41.0,0.0,0.0,0.0,18.0,,,,
p_1460,0.15822784810126583,0.11574074074074074,0.25,0.29301453352086265,0.21433470507544583,0.46296296296296297,108.0,0.6329113924050633,0.46296296296296297,1.0,50.0,0.0,0.0,0.0,23.0,0.0,0.0,0.0,19.0,0.0,0.0,0.0,16.0,,,,
p_1461,0.16666666666666666,0.125,0.25,0.3333333333333333,0.25,0.5,108.0,0.6666666666666666,0.5,1.0,54.0,0.0,0.0,0.0,27.0,0.0,0.0,0.0,19.0,0.0,0.0,0.0,8.0,,,,
p_1462,0.14705882352941177,0.10416666666666667,0.25,0.2450980392156863,0.1736111111111111,0.4166666666666667,108.0,0.0,0.0,0.0,32.0,0.5882352941176471,0.4166666666666667,1.0,45.0,0.0,0.0,0.0,21.0,0.0,0.0,0.0,10.0,,,,
p_1463,0.15605095541401273,0.11342592592592593,0.25,0.28320358575135646,0.20584705075445817,0.4537037037037037,108.0,0.6242038216560509,0.4537037037037037,1.0,49.0,0.0,0.0,0.0,17.0,0.0,0.0,0.0,31.0,0.0,0.0,0.0,11.0,,,,
p_1464,0.1638428262436914,0.14462517680339462,0.2525089605734767,0.2662487649870491,0.2225234428204725,0.4166666666666667,108.0,0.0,0.0,0.0,26.0,0.05263157894736842,0.14285714285714285,0.03225806451612903,31.0,0.6027397260273972,0.43564356435643564,0.9777777777777777,45.0,0.0,0.0,0.0,6.0,,,,
p_1465,0.17587358684480986,0.33095238095238094,0.28,0.20361329983632143,0.3334215167548501,0.3425925925925926,108.0,0.21428571428571427,1.0,0.12,25.0,0.0,0.0,0.0,19.0,0.4892086330935252,0.3238095238095238,1.0,34.0,0.0,0.0,0.0,30.0,,,,
p_1466,0.12237762237762238,0.08101851851851852,0.25,0.15863765863765864,0.10502400548696844,0.32407407407407407,108.0,0.48951048951048953,0.32407407407407407,1.0,35.0,0.0,0.0,0.0,41.0,0.0,0.0,0.0,11.0,0.0,0.0,0.0,21.0,,,,
p_1467,0.14,0.09722222222222222,0.25,0.21777777777777782,0.15123456790123455,0.3888888888888889,108.0,0.0,0.0,0.0,31.0,0.56,0.3888888888888889,1.0,42.0,0.0,0.0,0.0,23.0,0.0,0.0,0.0,12.0,,,,
p_1468,0.14705882352941177,0.10416666666666667,0.25,0.2450980392156863,0.1736111111111111,0.4166666666666667,108.0,0.0,0.0,0.0,10.0,0.5882352941176471,0.4166666666666667,1.0,45.0,0.0,0.0,0.0,24.0,0.0,0.0,0.0,29.0,,,,
p_1469,0.14,0.09722222222222222,0.25,0.21777777777777782,0.15123456790123455,0.3888888888888889,108.0,0.56,0.3888888888888889,1.0,42.0,0.0,0.0,0.0,26.0,0.0,0.0,0.0,27.0,0.0,0.0,0.0,13.0,,,,
p_1470,0.14,0.09722222222222222,0.25,0.21777777777777782,0.15123456790123455,0.3888888888888889,108.0,0.0,0.0,0.0,22.0,0.56,0.3888888888888889,1.0,42.0,0.0,0.0,0.0,31.0,0.0,0.0,0.0,13.0,,,,
p_1471,0.16051587301587303,0.2571428571428571,0.2592147435897436,0.22444885361552028,0.3282186948853615,0.37037037037037035,108.0,0.5277777777777778,0.3619047619047619,0.9743589743589743,39.0,0.0,0.0,0.0,25.0,0.11428571428571428,0.6666666666666666,0.0625,32.0,0.0,0.0,0.0,12.0,,,,
p_1472,0.14,0.09722222222222222,0.25,0.21777777777777782,0.15123456790123455,0.3888888888888889,108.0,0.0,0.0,0.0,20.0,0.0,0.0,0.0,30.0,0.56,0.3888888888888889,1.0,42.0,0.0,0.0,0.0,16.0,,,,
p_1473,0.16452569169960474,0.19625176803394623,0.26351351351351354,0.2254611330698287,0.2689376080465189,0.3611111111111111,108.0,0.13636363636363635,0.42857142857142855,0.08108108108108109,37.0,0.0,0.0,0.0,21.0,0.5217391304347826,0.3564356435643564,0.972972972972973,37.0,0.0,0.0,0.0,13.0,,,,
p_1474,0.13758389261744966,0.09490740740740741,0.25,0.20892368878946058,0.14411865569272977,0.37962962962962965,108.0,0.0,0.0,0.0,39.0,0.5503355704697986,0.37962962962962965,1.0,41.0,0.0,0.0,0.0,15.0,0.0,0.0,0.0,13.0,,,,
p_1475,0.1585612968591692,0.16548797736916548,0.2517857142857143,0.2304964539007092,0.23193986065273192,0.37037037037037035,108.0,0.0,0.0,0.0,23.0,0.09523809523809523,0.2857142857142857,0.05714285714285714,35.0,0.5390070921985816,0.37623762376237624,0.95,40.0,0.0,0.0,0.0,10.0,,,,
p_1476,0.1343984962406015,0.11244695898161244,0.2540922619047619,0.15201197438039543,0.11872020535386872,0.2962962962962963,108.0,0.0,0.0,0.0,25.0,0.46616541353383456,0.3069306930693069,0.96875,32.0,0.0,0.0,0.0,30.0,0.07142857142857142,0.14285714285714285,0.047619047619047616,21.0,,,,
p_1477,0.14527027027027026,0.10238095238095238,0.25,0.23135635635635635,0.1630511463844797,0.39814814814814814,108.0,0.0,0.0,0.0,18.0,0.581081081081081,0.4095238095238095,1.0,43.0,0.0,0.0,0.0,16.0,0.0,0.0,0.0,31.0,,,,
p_1478,0.13286713286713286,0.09047619047619047,0.25,0.18699818699818702,0.127336860670194,0.35185185185185186,108.0,0.0,0.0,0.0,21.0,0.0,0.0,0.0,35.0,0.5314685314685315,0.3619047619047619,1.0,38.0,0.0,0.0,0.0,14.0,,,,
p_1479,0.14,0.09722222222222222,0.25,0.21777777777777782,0.15123456790123455,0.3888888888888889,108.0,0.0,0.0,0.0,27.0,0.56,0.3888888888888889,1.0,42.0,0.0,0.0,0.0,19.0,0.0,0.0,0.0,20.0,,,,
p_1480,0.1,0.06313131313131314,0.2403846153846154,0.0962962962962963,0.060793116348671905,0.23148148148148148,108.0,0.0,0.0,0.0,28.0,0.0,0.0,0.0,26.0,0.4,0.25252525252525254,0.9615384615384616,26.0,0.0,0.0,0.0,28.0,,,,
p_1481,0.14473684210526316,0.10185185185185185,0.25,0.23586744639376217,0.16598079561042522,0.4074074074074074,108.0,0.5789473684210527,0.4074074074074074,1.0,44.0,0.0,0.0,0.0,24.0,0.0,0.0,0.0,35.0,0.0,0.0,0.0,5.0,,,,
p_1482,0.17857142857142858,0.1388888888888889,0.25,0.39682539682539686,0.308641975308642,0.5555555555555556,108.0,0.7142857142857143,0.5555555555555556,1.0,60.0,0.0,0.0,0.0,30.0,0.0,0.0,0.0,11.0,0.0,0.0,0.0,7.0,,,,
p_1483,0.125,0.08333333333333333,0.25,0.16666666666666666,0.1111111111111111,0.3333333333333333,108.0,0.0,0.0,0.0,26.0,0.0,0.0,0.0,27.0,0.0,0.0,0.0,19.0,0.5,0.3333333333333333,1.0,36.0,,,,
p_1484,0.15822784810126583,0.11574074074074074,0.25,0.29301453352086265,0.21433470507544583,0.46296296296296297,108.0,0.6329113924050633,0.46296296296296297,1.0,50.0,0.0,0.0,0.0,29.0,0.0,0.0,0.0,20.0,0.0,0.0,0.0,9.0,,,,
p_1485,0.1436096203538064,0.14247720364741642,0.26049475262368815,0.13525401768295825,0.14121073961499495,0.23148148148148148,108.0,0.3418803418803419,0.2127659574468085,0.8695652173913043,23.0,0.23255813953488372,0.35714285714285715,0.1724137931034483,29.0,0.0,0.0,0.0,27.0,0.0,0.0,0.0,29.0,,,,
p_1486,0.16047098402018503,0.14214992927864215,0.2516711229946524,0.2569915584213313,0.21842422337471842,0.4074074074074074,108.0,0.593103448275862,0.42574257425742573,0.9772727272727273,44.0,0.0,0.0,0.0,13.0,0.04878048780487805,0.14285714285714285,0.029411764705882353,34.0,0.0,0.0,0.0,17.0,,,,
p_1487,0.12237762237762238,0.08101851851851852,0.25,0.15863765863765864,0.10502400548696844,0.32407407407407407,108.0,0.0,0.0,0.0,27.0,0.48951048951048953,0.32407407407407407,1.0,35.0,0.0,0.0,0.0,27.0,0.0,0.0,0.0,19.0,,,,
p_1488,0.13518518518518519,0.11492220650636492,0.24616368286445012,0.16344307270233197,0.1301665880873802,0.3055555555555556,108.0,0.0,0.0,0.0,25.0,0.0,0.0,0.0,26.0,0.4740740740740741,0.31683168316831684,0.9411764705882353,34.0,0.06666666666666667,0.14285714285714285,0.043478260869565216,23.0,,,,
p_1489,0.14705882352941177,0.10416666666666667,0.25,0.2450980392156863,0.1736111111111111,0.4166666666666667,108.0,0.0,0.0,0.0,18.0,0.5882352941176471,0.4166666666666667,1.0,45.0,0.0,0.0,0.0,31.0,0.0,0.0,0.0,14.0,,,,
p_1490,0.15605095541401273,0.11342592592592593,0.25,0.28320358575135646,0.20584705075445817,0.4537037037037037,108.0,0.6242038216560509,0.4537037037037037,1.0,49.0,0.0,0.0,0.0,16.0,0.0,0.0,0.0,25.0,0.0,0.0,0.0,18.0,,,,
p_1491,0.08656716417910447,0.05742574257425742,0.17575757575757575,0.1322553897180763,0.08773377337733772,0.26851851851851855,108.0,0.43283582089552236,0.2871287128712871,0.8787878787878788,33.0,0.0,0.0,0.0,29.0,0.0,0.0,0.0,29.0,0.0,0.0,0.0,16.0,0.0,0.0,0.0,1.0
p_1492,0.15384615384615385,0.1111111111111111,0.25,0.27350427350427353,0.19753086419753085,0.4444444444444444,108.0,0.6153846153846154,0.4444444444444444,1.0,48.0,0.0,0.0,0.0,22.0,0.0,0.0,0.0,25.0,0.0,0.0,0.0,13.0,,,,
p_1493,0.16695369307309604,0.1893939393939394,0.25476190476190474,0.2069247778203002,0.22493453049008605,0.32407407407407407,108.0,0.0,0.0,0.0,29.0,0.20512820512820512,0.4444444444444444,0.13333333333333333,30.0,0.4626865671641791,0.31313131313131315,0.8857142857142857,35.0,0.0,0.0,0.0,14.0,,,,
p_1494,0.14,0.09722222222222222,0.25,0.21777777777777782,0.15123456790123455,0.3888888888888889,108.0,0.0,0.0,0.0,20.0,0.56,0.3888888888888889,1.0,42.0,0.0,0.0,0.0,32.0,0.0,0.0,0.0,14.0,,,,
p_1495,0.14070048309178745,0.12234794908062234,0.2451071761416589,0.18869654678833425,0.15707999371365705,0.3333333333333333,108.0,0.5072463768115942,0.3465346534653465,0.9459459459459459,37.0,0.05555555555555555,0.14285714285714285,0.034482758620689655,29.0,0.0,0.0,0.0,17.0,0.0,0.0,0.0,25.0,,,,
p_1496,0.17947330447330448,0.16666666666666666,0.253525641025641,0.33433541766875097,0.28703703703703703,0.48148148148148145,108.0,0.6623376623376623,0.5,0.9807692307692307,52.0,0.0,0.0,0.0,13.0,0.05555555555555555,0.16666666666666666,0.03333333333333333,30.0,0.0,0.0,0.0,13.0,,,,
p_1497,0.18090577305905772,0.22474747474747475,0.2593984962406015,0.24829499373294991,0.3008791619902731,0.3611111111111111,108.0,0.49635036496350365,0.3434343434343434,0.8947368421052632,38.0,0.22727272727272727,0.5555555555555556,0.14285714285714285,35.0,0.0,0.0,0.0,15.0,0.0,0.0,0.0,20.0,,,,
p_1498,0.13286713286713286,0.09313725490196079,0.23170731707317074,0.20176120176120177,0.14143064633260713,0.35185185185185186,108.0,0.5314685314685315,0.37254901960784315,0.926829268292683,41.0,0.0,0.0,0.0,23.0,0.0,0.0,0.0,26.0,0.0,0.0,0.0,18.0,,,,
p_1499,0.16982758620689656,0.1753889674681754,0.2537878787878788,0.26657088122605366,0.2567185289957567,0.4074074074074074,108.0,0.5793103448275863,0.4158415841584158,0.9545454545454546,44.0,0.1,0.2857142857142857,0.06060606060606061,33.0,0.0,0.0,0.0,9.0,0.0,0.0,0.0,22.0,,,,
p_1500,0.14,0.09722222222222222,0.25,0.21777777777777782,0.15123456790123455,0.3888888888888889,108.0,0.0,0.0,0.0,37.0,0.56,0.3888888888888889,1.0,42.0,0.0,0.0,0.0,11.0,0.0,0.0,0.0,18.0,,,,
p_1501,0.14411764705882354,0.1714992927864215,0.25191570881226055,0.15152505446623096,0.17626643616742627,0.26851851851851855,108.0,0.17647058823529413,0.42857142857142855,0.1111111111111111,27.0,0.0,0.0,0.0,43.0,0.0,0.0,0.0,9.0,0.4,0.25742574257425743,0.896551724137931,29.0,,,,
p_1502,0.12748783724015922,0.10997171145685997,0.24363425925925924,0.1483733844414959,0.12372308659437371,0.28703703703703703,108.0,0.45112781954887216,0.297029702970297,0.9375,32.0,0.0,0.0,0.0,36.0,0.0,0.0,0.0,13.0,0.058823529411764705,0.14285714285714285,0.037037037037037035,27.0,,,,
p_1503,0.1326530612244898,0.09027777777777778,0.25,0.19160997732426305,0.13040123456790123,0.3611111111111111,108.0,0.5306122448979592,0.3611111111111111,1.0,39.0,0.0,0.0,0.0,23.0,0.0,0.0,0.0,15.0,0.0,0.0,0.0,31.0,,,,
p_1504,0.1369047619047619,0.18382352941176472,0.275,0.13095238095238096,0.1911764705882353,0.25,108.0,0.16666666666666666,0.5,0.1,30.0,0.0,0.0,0.0,31.0,0.38095238095238093,0.23529411764705882,1.0,24.0,0.0,0.0,0.0,23.0,,,,
p_1505,0.15295295295295294,0.14750000000000002,0.2600985221674877,0.19226634041448853,0.17731481481481481,0.3333333333333333,108.0,0.0,0.0,0.0,20.0,0.0,0.0,0.0,24.0,0.10810810810810811,0.25,0.06896551724137931,29.0,0.5037037037037037,0.34,0.9714285714285714,35.0,,,,
p_1506,0.12651515151515152,0.10749646393210749,0.24474053295932677,0.14031986531986532,0.11283985541411284,0.2777777777777778,108.0,0.4393939393939394,0.2871287128712871,0.9354838709677419,31.0,0.06666666666666667,0.14285714285714285,0.043478260869565216,23.0,0.0,0.0,0.0,30.0,0.0,0.0,0.0,24.0,,,,
p_1507,0.1407268170426065,0.1111111111111111,0.2545518207282913,0.16918685602896127,0.1265432098765432,0.3148148148148148,108.0,0.0,0.0,0.0,27.0,0.49624060150375937,0.3333333333333333,0.9705882352941176,34.0,0.0,0.0,0.0,26.0,0.06666666666666667,0.1111111111111111,0.047619047619047616,21.0,,,,
p_1508,0.13013698630136986,0.08796296296296297,0.25,0.18315575849822424,0.1237997256515775,0.35185185185185186,108.0,0.5205479452054794,0.35185185185185186,1.0,38.0,0.0,0.0,0.0,21.0,0.0,0.0,0.0,12.0,0.0,0.0,0.0,37.0,,,,
p_1509,0.14935064935064934,0.10648148148148148,0.25,0.2544492544492544,0.18141289437585734,0.42592592592592593,108.0,0.0,0.0,0.0,34.0,0.0,0.0,0.0,19.0,0.5974025974025974,0.42592592592592593,1.0,46.0,0.0,0.0,0.0,9.0,,,,
p_1510,0.125,0.08333333333333333,0.25,0.16666666666666666,0.1111111111111111,0.3333333333333333,108.0,0.0,0.0,0.0,19.0,0.0,0.0,0.0,33.0,0.0,0.0,0.0,20.0,0.5,0.3333333333333333,1.0,36.0,,,,
p_1511,0.1423841059602649,0.09953703703703703,0.25,0.22675987245523668,0.15852194787379972,0.39814814814814814,108.0,0.0,0.0,0.0,34.0,0.0,0.0,0.0,14.0,0.5695364238410596,0.39814814814814814,1.0,43.0,0.0,0.0,0.0,17.0,,,,
p_1512,0.11971830985915492,0.0787037037037037,0.25,0.1507563901930099,0.09910836762688614,0.3148148148148148,108.0,0.0,0.0,0.0,31.0,0.4788732394366197,0.3148148148148148,1.0,34.0,0.0,0.0,0.0,16.0,0.0,0.0,0.0,27.0,,,,
p_1513,0.14935064935064934,0.10648148148148148,0.25,0.2544492544492544,0.18141289437585734,0.42592592592592593,108.0,0.0,0.0,0.0,26.0,0.0,0.0,0.0,22.0,0.0,0.0,0.0,14.0,0.5974025974025974,0.42592592592592593,1.0,46.0,,,,
p_1514,0.1423841059602649,0.09953703703703703,0.25,0.22675987245523668,0.15852194787379972,0.39814814814814814,108.0,0.0,0.0,0.0,33.0,0.5695364238410596,0.39814814814814814,1.0,43.0,0.0,0.0,0.0,17.0,0.0,0.0,0.0,15.0,,,,
p_1515,0.13758389261744966,0.09490740740740741,0.25,0.20892368878946058,0.14411865569272977,0.37962962962962965,108.0,0.0,0.0,0.0,19.0,0.0,0.0,0.0,29.0,0.0,0.0,0.0,19.0,0.5503355704697986,0.37962962962962965,1.0,41.0,,,,
p_1516,0.1347517730496454,0.09405940594059406,0.2375,0.19963225636984502,0.13934726806013933,0.35185185185185186,108.0,0.0,0.0,0.0,29.0,0.5390070921985816,0.37623762376237624,0.95,40.0,0.0,0.0,0.0,21.0,0.0,0.0,0.0,18.0,,,,
p_1517,0.15384615384615385,0.1111111111111111,0.25,0.27350427350427353,0.19753086419753085,0.4444444444444444,108.0,0.0,0.0,0.0,16.0,0.0,0.0,0.0,24.0,0.0,0.0,0.0,20.0,0.6153846153846154,0.4444444444444444,1.0,48.0,,,,
p_1518,0.15605095541401273,0.11342592592592593,0.25,0.28320358575135646,0.20584705075445817,0.4537037037037037,108.0,0.0,0.0,0.0,24.0,0.6242038216560509,0.4537037037037037,1.0,49.0,0.0,0.0,0.0,20.0,0.0,0.0,0.0,15.0,,,,
p_1519,0.11428571428571428,0.07407407407407407,0.25,0.13544973544973546,0.0877914951989026,0.2962962962962963,108.0,0.0,0.0,0.0,26.0,0.0,0.0,0.0,20.0,0.0,0.0,0.0,30.0,0.45714285714285713,0.2962962962962963,1.0,32.0,,,,
p_1520,0.1326530612244898,0.09027777777777778,0.25,0.19160997732426305,0.13040123456790123,0.3611111111111111,108.0,0.0,0.0,0.0,25.0,0.5306122448979592,0.3611111111111111,1.0,39.0,0.0,0.0,0.0,30.0,0.0,0.0,0.0,14.0,,,,
p_1521,0.1515625,0.2072135785007072,0.27104377104377103,0.16267361111111112,0.23895961024673898,0.2777777777777778,108.0,0.40625,0.25742574257425743,0.9629629629629629,27.0,0.2,0.5714285714285714,0.12121212121212122,33.0,0.0,0.0,0.0,17.0,0.0,0.0,0.0,31.0,,,,
p_1522,0.16057471264367817,0.18571428571428572,0.2485042735042735,0.25549169859514687,0.2508818342151675,0.4074074074074074,108.0,0.0,0.0,0.0,24.0,0.5733333333333334,0.4095238095238095,0.9555555555555556,45.0,0.06896551724137931,0.3333333333333333,0.038461538461538464,26.0,0.0,0.0,0.0,13.0,,,,
p_1523,0.14335664335664336,0.10148514851485149,0.24404761904761904,0.222999222999223,0.15786578657865788,0.37962962962962965,108.0,0.0,0.0,0.0,18.0,0.0,0.0,0.0,25.0,0.5734265734265734,0.40594059405940597,0.9761904761904762,42.0,0.0,0.0,0.0,23.0,,,,
p_1524,0.14473684210526316,0.10185185185185185,0.25,0.23586744639376217,0.16598079561042522,0.4074074074074074,108.0,0.5789473684210527,0.4074074074074074,1.0,44.0,0.0,0.0,0.0,27.0,0.0,0.0,0.0,20.0,0.0,0.0,0.0,17.0,,,,
p_1525,0.177839401977333,0.17291371994342292,0.2667748917748918,0.2510962855790442,0.21606684477971608,0.39814814814814814,108.0,0.0,0.0,0.0,23.0,0.0,0.0,0.0,21.0,0.5734265734265734,0.40594059405940597,0.9761904761904762,42.0,0.13793103448275862,0.2857142857142857,0.09090909090909091,22.0,,,,
p_1526,0.13758389261744966,0.09490740740740741,0.25,0.20892368878946058,0.14411865569272977,0.37962962962962965,108.0,0.0,0.0,0.0,24.0,0.5503355704697986,0.37962962962962965,1.0,41.0,0.0,0.0,0.0,27.0,0.0,0.0,0.0,16.0,,,,
p_1527,0.13758389261744966,0.09490740740740741,0.25,0.20892368878946058,0.14411865569272977,0.37962962962962965,108.0,0.0,0.0,0.0,10.0,0.5503355704697986,0.37962962962962965,1.0,41.0,0.0,0.0,0.0,22.0,0.0,0.0,0.0,35.0,,,,
p_1528,0.15161290322580645,0.1087962962962963,0.25,0.26391875746714455,0.18938614540466392,0.4351851851851852,108.0,0.0,0.0,0.0,29.0,0.0,0.0,0.0,18.0,0.6064516129032258,0.4351851851851852,1.0,47.0,0.0,0.0,0.0,14.0,,,,
p_1529,0.1653729647860659,0.2107843137254902,0.2599239864864865,0.21931226948265947,0.26570442992011617,0.35185185185185186,108.0,0.0,0.0,0.0,14.0,0.15789473684210525,0.5,0.09375,32.0,0.0,0.0,0.0,25.0,0.5035971223021583,0.3431372549019608,0.9459459459459459,37.0,,,,
p_1530,0.11702127659574468,0.0763888888888889,0.25,0.1430260047281324,0.09336419753086421,0.3055555555555556,108.0,0.46808510638297873,0.3055555555555556,1.0,33.0,0.0,0.0,0.0,41.0,0.0,0.0,0.0,20.0,0.0,0.0,0.0,14.0,,,,
p_1531,0.13013698630136986,0.08796296296296297,0.25,0.18315575849822424,0.1237997256515775,0.35185185185185186,108.0,0.0,0.0,0.0,45.0,0.5205479452054794,0.35185185185185186,1.0,38.0,0.0,0.0,0.0,21.0,0.0,0.0,0.0,4.0,,,,
p_1532,0.15426587301587302,0.13719943422913722,0.24551495016611297,0.2421553497942387,0.20792079207920794,0.3888888888888889,108.0,0.0,0.0,0.0,17.0,0.047619047619047616,0.14285714285714285,0.02857142857142857,35.0,0.5694444444444444,0.40594059405940597,0.9534883720930233,43.0,0.0,0.0,0.0,13.0,,,,
p_1533,0.13758389261744966,0.09490740740740741,0.25,0.20892368878946058,0.14411865569272977,0.37962962962962965,108.0,0.0,0.0,0.0,20.0,0.5503355704697986,0.37962962962962965,1.0,41.0,0.0,0.0,0.0,37.0,0.0,0.0,0.0,10.0,,,,
p_1534,0.12175324675324675,0.11274509803921567,0.24861111111111112,0.13792688792688793,0.13453159041394336,0.2777777777777778,108.0,0.4393939393939394,0.28431372549019607,0.9666666666666667,30.0,0.0,0.0,0.0,16.0,0.047619047619047616,0.16666666666666666,0.027777777777777776,36.0,0.0,0.0,0.0,26.0,,,,
p_1535,0.14429530201342283,0.10238095238095238,0.24431818181818182,0.23514789957742982,0.16684303350970017,0.39814814814814814,108.0,0.0,0.0,0.0,34.0,0.5771812080536913,0.4095238095238095,0.9772727272727273,44.0,0.0,0.0,0.0,26.0,0.0,0.0,0.0,4.0,,,,
p_1536,0.17673107890499196,0.2297979797979798,0.25854700854700857,0.2655662909286097,0.3627946127946128,0.37962962962962965,108.0,0.0,0.0,0.0,16.0,0.5217391304347826,0.36363636363636365,0.9230769230769231,39.0,0.18518518518518517,0.5555555555555556,0.1111111111111111,45.0,0.0,0.0,0.0,8.0,,,,
p_1537,0.12318840579710146,0.08415841584158416,0.22972972972972974,0.1688137412775094,0.11532819948661534,0.3148148148148148,108.0,0.0,0.0,0.0,32.0,0.4927536231884058,0.33663366336633666,0.918918918918919,37.0,0.0,0.0,0.0,31.0,0.0,0.0,0.0,8.0,,,,
p_1538,0.13758389261744966,0.09490740740740741,0.25,0.20892368878946058,0.14411865569272977,0.37962962962962965,108.0,0.0,0.0,0.0,20.0,0.0,0.0,0.0,27.0,0.5503355704697986,0.37962962962962965,1.0,41.0,0.0,0.0,0.0,20.0,,,,
p_1539,0.12237762237762238,0.08101851851851852,0.25,0.15863765863765864,0.10502400548696844,0.32407407407407407,108.0,0.0,0.0,0.0,32.0,0.48951048951048953,0.32407407407407407,1.0,35.0,0.0,0.0,0.0,21.0,0.0,0.0,0.0,20.0,,,,
p_1540,0.15605095541401273,0.11342592592592593,0.25,0.28320358575135646,0.20584705075445817,0.4537037037037037,108.0,0.0,0.0,0.0,22.0,0.0,0.0,0.0,22.0,0.6242038216560509,0.4537037037037037,1.0,49.0,0.0,0.0,0.0,15.0,,,,
p_1541,0.11428571428571428,0.07407407407407407,0.25,0.13544973544973546,0.0877914951989026,0.2962962962962963,108.0,0.0,0.0,0.0,7.0,0.0,0.0,0.0,39.0,0.45714285714285713,0.2962962962962963,1.0,32.0,0.0,0.0,0.0,30.0,,,,
p_1542,0.13881935753024613,0.12234794908062234,0.22800925925925924,0.19857769743043002,0.16406045366441405,0.3333333333333333,108.0,0.058823529411764705,0.14285714285714285,0.037037037037037035,27.0,0.0,0.0,0.0,32.0,0.49645390070921985,0.3465346534653465,0.875,40.0,0.0,0.0,0.0,9.0,,,,
p_1543,0.20465686274509803,0.22999999999999998,0.2770979020979021,0.29429920116194624,0.2914814814814815,0.42592592592592593,108.0,0.0,0.0,0.0,22.0,0.5833333333333334,0.42,0.9545454545454546,44.0,0.23529411764705882,0.5,0.15384615384615385,26.0,0.0,0.0,0.0,16.0,,,,
p_1544,0.16037735849056603,0.11805555555555555,0.25,0.30293501048218024,0.22299382716049382,0.4722222222222222,108.0,0.0,0.0,0.0,21.0,0.0,0.0,0.0,27.0,0.6415094339622641,0.4722222222222222,1.0,51.0,0.0,0.0,0.0,9.0,,,,
p_1545,0.14311043566362713,0.1272984441301273,0.23839285714285716,0.20981087470449175,0.18197653098643196,0.35185185185185186,108.0,0.0,0.0,0.0,19.0,0.047619047619047616,0.14285714285714285,0.02857142857142857,35.0,0.524822695035461,0.36633663366336633,0.925,40.0,0.0,0.0,0.0,14.0,,,,
p_1546,0.1423841059602649,0.09953703703703703,0.25,0.22675987245523668,0.15852194787379972,0.39814814814814814,108.0,0.0,0.0,0.0,24.0,0.5695364238410596,0.39814814814814814,1.0,43.0,0.0,0.0,0.0,19.0,0.0,0.0,0.0,22.0,,,,
p_1547,0.17886942010846893,0.20120226308345118,0.2652777777777778,0.24374990342866856,0.24649012520299646,0.37962962962962965,108.0,0.0,0.0,0.0,15.0,0.0,0.0,0.0,26.0,0.5390070921985816,0.37623762376237624,0.95,40.0,0.17647058823529413,0.42857142857142855,0.1111111111111111,27.0,,,,
p_1548,0.19726368159203977,0.255050505050505,0.2916666666666667,0.25818131564400215,0.33679386457164234,0.37962962962962965,108.0,0.26666666666666666,0.6666666666666666,0.16666666666666666,36.0,0.5223880597014925,0.35353535353535354,1.0,35.0,0.0,0.0,0.0,16.0,0.0,0.0,0.0,21.0,,,,
p_1549,0.12237762237762238,0.08101851851851852,0.25,0.15863765863765864,0.10502400548696844,0.32407407407407407,108.0,0.0,0.0,0.0,22.0,0.0,0.0,0.0,24.0,0.48951048951048953,0.32407407407407407,1.0,35.0,0.0,0.0,0.0,27.0,,,,
p_1550,0.14473684210526316,0.10185185185185185,0.25,0.23586744639376217,0.16598079561042522,0.4074074074074074,108.0,0.5789473684210527,0.4074074074074074,1.0,44.0,0.0,0.0,0.0,26.0,0.0,0.0,0.0,34.0,0.0,0.0,0.0,4.0,,,,
p_1551,0.1326530612244898,0.09027777777777778,0.25,0.19160997732426305,0.13040123456790123,0.3611111111111111,108.0,0.0,0.0,0.0,21.0,0.0,0.0,0.0,16.0,0.0,0.0,0.0,32.0,0.5306122448979592,0.3611111111111111,1.0,39.0,,,,
p_1552,0.13013698630136986,0.08796296296296297,0.25,0.18315575849822424,0.1237997256515775,0.35185185185185186,108.0,0.0,0.0,0.0,34.0,0.5205479452054794,0.35185185185185186,1.0,38.0,0.0,0.0,0.0,25.0,0.0,0.0,0.0,11.0,,,,
p_1553,0.12758620689655173,0.08564814814814815,0.25,0.1748403575989783,0.11736968449931415,0.3425925925925926,108.0,0.0,0.0,0.0,18.0,0.0,0.0,0.0,38.0,0.5103448275862069,0.3425925925925926,1.0,37.0,0.0,0.0,0.0,15.0,,,,
p_1554,0.15584415584415584,0.11764705882352941,0.23076923076923078,0.3001443001443001,0.22657952069716775,0.4444444444444444,108.0,0.0,0.0,0.0,14.0,0.6233766233766234,0.47058823529411764,0.9230769230769231,52.0,0.0,0.0,0.0,20.0,0.0,0.0,0.0,22.0,,,,
p_1555,0.13378273269380347,0.11244695898161244,0.25355113636363635,0.15217161678141713,0.12004295667662003,0.2962962962962963,108.0,0.46616541353383456,0.3069306930693069,0.96875,32.0,0.06896551724137931,0.14285714285714285,0.045454545454545456,22.0,0.0,0.0,0.0,39.0,0.0,0.0,0.0,15.0,,,,
p_1556,0.1445221445221445,0.1272984441301273,0.22985347985347984,0.21583354916688247,0.17685578081617684,0.35185185185185186,108.0,0.06060606060606061,0.14285714285714285,0.038461538461538464,26.0,0.5174825174825175,0.36633663366336633,0.8809523809523809,42.0,0.0,0.0,0.0,13.0,0.0,0.0,0.0,27.0,,,,
p_1557,0.1,0.0625,0.25,0.1,0.0625,0.25,108.0,0.0,0.0,0.0,32.0,0.0,0.0,0.0,16.0,0.4,0.25,1.0,27.0,0.0,0.0,0.0,33.0,,,,
p_1558,0.14705882352941177,0.10416666666666667,0.25,0.2450980392156863,0.1736111111111111,0.4166666666666667,108.0,0.0,0.0,0.0,20.0,0.5882352941176471,0.4166666666666667,1.0,45.0,0.0,0.0,0.0,28.0,0.0,0.0,0.0,15.0,,,,
p_1559,0.20976027397260275,0.27205882352941174,0.2827797202797203,0.3001648909183156,0.332244008714597,0.4351851851851852,108.0,0.0,0.0,0.0,28.0,0.589041095890411,0.4215686274509804,0.9772727272727273,44.0,0.25,0.6666666666666666,0.15384615384615385,26.0,0.0,0.0,0.0,10.0,,,,
p_1560,0.14,0.09722222222222222,0.25,0.21777777777777782,0.15123456790123455,0.3888888888888889,108.0,0.0,0.0,0.0,24.0,0.0,0.0,0.0,38.0,0.56,0.3888888888888889,1.0,42.0,0.0,0.0,0.0,4.0,,,,
p_1561,0.1746987951807229,0.13425925925925927,0.25,0.37527889335118253,0.28840877914951996,0.5370370370370371,108.0,0.0,0.0,0.0,14.0,0.0,0.0,0.0,22.0,0.6987951807228916,0.5370370370370371,1.0,58.0,0.0,0.0,0.0,14.0,,,,
p_1562,0.14,0.09722222222222222,0.25,0.21777777777777782,0.15123456790123455,0.3888888888888889,108.0,0.0,0.0,0.0,38.0,0.0,0.0,0.0,17.0,0.56,0.3888888888888889,1.0,42.0,0.0,0.0,0.0,11.0,,,,
p_1563,0.17664670658682635,0.13657407407407407,0.25,0.3860057662452872,0.29843964334705075,0.5462962962962963,108.0,0.0,0.0,0.0,19.0,0.0,0.0,0.0,21.0,0.7065868263473054,0.5462962962962963,1.0,59.0,0.0,0.0,0.0,9.0,,,,
p_1564,0.14549138804457953,0.1514423076923077,0.25806451612903225,0.19620248414574654,0.1936431623931624,0.35185185185185186,108.0,0.0,0.0,0.0,29.0,0.524822695035461,0.3557692307692308,1.0,37.0,0.05714285714285714,0.25,0.03225806451612903,31.0,0.0,0.0,0.0,11.0,,,,
p_1565,0.13818181818181818,0.10555555555555556,0.2,0.36464646464646466,0.2785493827160494,0.5277777777777778,108.0,0.6909090909090909,0.5277777777777778,1.0,57.0,0.0,0.0,0.0,18.0,0.0,0.0,0.0,18.0,0.0,0.0,0.0,14.0,0.0,0.0,0.0,1.0
p_1566,0.16445578231292515,0.2642857142857143,0.25756113256113256,0.2511904761904762,0.38024691358024687,0.39814814814814814,108.0,0.5578231292517006,0.3904761904761905,0.9761904761904762,42.0,0.0,0.0,0.0,14.0,0.1,0.6666666666666666,0.05405405405405406,37.0,0.0,0.0,0.0,15.0,,,,
p_1567,0.14705882352941177,0.10416666666666667,0.25,0.2450980392156863,0.1736111111111111,0.4166666666666667,108.0,0.5882352941176471,0.4166666666666667,1.0,45.0,0.0,0.0,0.0,16.0,0.0,0.0,0.0,22.0,0.0,0.0,0.0,25.0,,,,
p_1568,0.11957411957411958,0.10502121640735503,0.23413978494623655,0.13678830345497012,0.11925716381161926,0.26851851851851855,108.0,0.05405405405405406,0.14285714285714285,0.03333333333333333,30.0,0.0,0.0,0.0,21.0,0.0,0.0,0.0,26.0,0.42424242424242425,0.27722772277227725,0.9032258064516129,31.0,,,,
p_1569,0.125,0.08333333333333333,0.25,0.16666666666666666,0.1111111111111111,0.3333333333333333,108.0,0.5,0.3333333333333333,1.0,36.0,0.0,0.0,0.0,11.0,0.0,0.0,0.0,32.0,0.0,0.0,0.0,29.0,,,,
p_1570,0.1687116564417178,0.12731481481481483,0.25,0.34367189275164733,0.25934499314128945,0.5092592592592593,108.0,0.6748466257668712,0.5092592592592593,1.0,55.0,0.0,0.0,0.0,18.0,0.0,0.0,0.0,13.0,0.0,0.0,0.0,22.0,,,,
p_1571,0.11237373737373738,0.10539215686274508,0.225,0.12485970819304153,0.11710239651416121,0.25,108.0,0.0,0.0,0.0,39.0,0.0,0.0,0.0,9.0,0.3939393939393939,0.2549019607843137,0.8666666666666667,30.0,0.05555555555555555,0.16666666666666666,0.03333333333333333,30.0,,,,
p_1572,0.18604651162790697,0.14814814814814814,0.25,0.4409991386735573,0.3511659807956104,0.5925925925925926,108.0,0.7441860465116279,0.5925925925925926,1.0,64.0,0.0,0.0,0.0,11.0,0.0,0.0,0.0,17.0,0.0,0.0,0.0,16.0,,,,
p_1573,0.14935064935064934,0.10648148148148148,0.25,0.2544492544492544,0.18141289437585734,0.42592592592592593,108.0,0.5974025974025974,0.42592592592592593,1.0,46.0,0.0,0.0,0.0,20.0,0.0,0.0,0.0,16.0,0.0,0.0,0.0,26.0,,,,
p_1574,0.14705882352941177,0.10416666666666667,0.25,0.2450980392156863,0.1736111111111111,0.4166666666666667,108.0,0.5882352941176471,0.4166666666666667,1.0,45.0,0.0,0.0,0.0,29.0,0.0,0.0,0.0,23.0,0.0,0.0,0.0,11.0,,,,
p_1575,0.12237762237762238,0.08101851851851852,0.25,0.15863765863765864,0.10502400548696844,0.32407407407407407,108.0,0.0,0.0,0.0,27.0,0.0,0.0,0.0,26.0,0.0,0.0,0.0,20.0,0.48951048951048953,0.32407407407407407,1.0,35.0,,,,
p_1576,0.12307692307692308,0.08888888888888888,0.2,0.27350427350427353,0.19753086419753085,0.4444444444444444,108.0,0.6153846153846154,0.4444444444444444,1.0,48.0,0.0,0.0,0.0,20.0,0.0,0.0,0.0,24.0,0.0,0.0,0.0,15.0,0.0,0.0,0.0,1.0
p_1577,0.15384615384615385,0.1111111111111111,0.25,0.27350427350427353,0.19753086419753085,0.4444444444444444,108.0,0.6153846153846154,0.4444444444444444,1.0,48.0,0.0,0.0,0.0,5.0,0.0,0.0,0.0,18.0,0.0,0.0,0.0,37.0,,,,
p_1578,0.14935064935064934,0.10648148148148148,0.25,0.2544492544492544,0.18141289437585734,0.42592592592592593,108.0,0.5974025974025974,0.42592592592592593,1.0,46.0,0.0,0.0,0.0,19.0,0.0,0.0,0.0,12.0,0.0,0.0,0.0,31.0,,,,
p_1579,0.11578947368421053,0.08148148148148147,0.2,0.23586744639376217,0.16598079561042522,0.4074074074074074,108.0,0.5789473684210527,0.4074074074074074,1.0,44.0,0.0,0.0,0.0,17.0,0.0,0.0,0.0,19.0,0.0,0.0,0.0,26.0,0.0,0.0,0.0,2.0
p_1580,0.09577464788732394,0.06296296296296297,0.2,0.1507563901930099,0.09910836762688614,0.3148148148148148,108.0,0.0,0.0,0.0,26.0,0.4788732394366197,0.3148148148148148,1.0,34.0,0.0,0.0,0.0,30.0,0.0,0.0,0.0,17.0,0.0,0.0,0.0,1.0
p_1581,0.2266949152542373,0.2616354234001293,0.30627705627705626,0.310969868173258,0.3786001580119227,0.39814814814814814,108.0,0.4067796610169492,0.7058823529411765,0.2857142857142857,42.0,0.0,0.0,0.0,16.0,0.5,0.34065934065934067,0.9393939393939394,33.0,0.0,0.0,0.0,17.0,,,,
p_1582,0.17073170731707318,0.12962962962962962,0.25,0.3541102077687444,0.2688614540466392,0.5185185185185185,108.0,0.6829268292682927,0.5185185185185185,1.0,56.0,0.0,0.0,0.0,24.0,0.0,0.0,0.0,14.0,0.0,0.0,0.0,14.0,,,,
p_1583,0.14935064935064934,0.10648148148148148,0.25,0.2544492544492544,0.18141289437585734,0.42592592592592593,108.0,0.5974025974025974,0.42592592592592593,1.0,46.0,0.0,0.0,0.0,12.0,0.0,0.0,0.0,33.0,0.0,0.0,0.0,17.0,,,,
p_1584,0.15161290322580645,0.1087962962962963,0.25,0.26391875746714455,0.18938614540466392,0.4351851851851852,108.0,0.6064516129032258,0.4351851851851852,1.0,47.0,0.0,0.0,0.0,22.0,0.0,0.0,0.0,22.0,0.0,0.0,0.0,17.0,,,,
p_1585,0.13013698630136986,0.08796296296296297,0.25,0.18315575849822424,0.1237997256515775,0.35185185185185186,108.0,0.0,0.0,0.0,34.0,0.0,0.0,0.0,22.0,0.0,0.0,0.0,14.0,0.5205479452054794,0.35185185185185186,1.0,38.0,,,,
p_1586,0.15161290322580645,0.1087962962962963,0.25,0.26391875746714455,0.18938614540466392,0.4351851851851852,108.0,0.6064516129032258,0.4351851851851852,1.0,47.0,0.0,0.0,0.0,13.0,0.0,0.0,0.0,20.0,0.0,0.0,0.0,28.0,,,,
p_1587,0.15822784810126583,0.11574074074074074,0.25,0.29301453352086265,0.21433470507544583,0.46296296296296297,108.0,0.6329113924050633,0.46296296296296297,1.0,50.0,0.0,0.0,0.0,17.0,0.0,0.0,0.0,29.0,0.0,0.0,0.0,12.0,,,,
p_1588,0.14705882352941177,0.10416666666666667,0.25,0.2450980392156863,0.1736111111111111,0.4166666666666667,108.0,0.0,0.0,0.0,31.0,0.0,0.0,0.0,16.0,0.5882352941176471,0.4166666666666667,1.0,45.0,0.0,0.0,0.0,16.0,,,,
p_1589,0.14473684210526316,0.10185185185185185,0.25,0.23586744639376217,0.16598079561042522,0.4074074074074074,108.0,0.5789473684210527,0.4074074074074074,1.0,44.0,0.0,0.0,0.0,15.0,0.0,0.0,0.0,31.0,0.0,0.0,0.0,18.0,,,,
p_1590,0.20331219168428472,0.2398989898989899,0.3041666666666667,0.2057004150027406,0.22951739618406286,0.32407407407407407,108.0,0.4496124031007752,0.29292929292929293,0.9666666666666667,30.0,0.0,0.0,0.0,35.0,0.36363636363636365,0.6666666666666666,0.25,24.0,0.0,0.0,0.0,19.0,,,,
p_1591,0.12237762237762238,0.08101851851851852,0.25,0.15863765863765864,0.10502400548696844,0.32407407407407407,108.0,0.48951048951048953,0.32407407407407407,1.0,35.0,0.0,0.0,0.0,33.0,0.0,0.0,0.0,22.0,0.0,0.0,0.0,18.0,,,,
p_1592,0.1625,0.12037037037037036,0.25,0.312962962962963,0.23182441700960219,0.48148148148148145,108.0,0.65,0.48148148148148145,1.0,52.0,0.0,0.0,0.0,11.0,0.0,0.0,0.0,25.0,0.0,0.0,0.0,20.0,,,,
p_1593,0.13028169014084506,0.0880952380952381,0.25,0.17853416797078767,0.12072310405643741,0.3425925925925926,108.0,0.0,0.0,0.0,30.0,0.0,0.0,0.0,14.0,0.5211267605633803,0.3523809523809524,1.0,37.0,0.0,0.0,0.0,27.0,,,,
p_1594,0.14935064935064934,0.10648148148148148,0.25,0.2544492544492544,0.18141289437585734,0.42592592592592593,108.0,0.5974025974025974,0.42592592592592593,1.0,46.0,0.0,0.0,0.0,15.0,0.0,0.0,0.0,24.0,0.0,0.0,0.0,23.0,,,,
p_1595,0.1625,0.12037037037037036,0.25,0.312962962962963,0.23182441700960219,0.48148148148148145,108.0,0.65,0.48148148148148145,1.0,52.0,0.0,0.0,0.0,12.0,0.0,0.0,0.0,21.0,0.0,0.0,0.0,23.0,,,,
p_1596,0.13513513513513514,0.09259259259259259,0.25,0.20020020020020018,0.1371742112482853,0.37037037037037035,108.0,0.0,0.0,0.0,38.0,0.0,0.0,0.0,7.0,0.5405405405405406,0.37037037037037035,1.0,40.0,0.0,0.0,0.0,23.0,,,,
p_1597,0.11151079136690648,0.07175925925925926,0.25,0.12803090860644817,0.08239026063100138,0.28703703703703703,108.0,0.0,0.0,0.0,38.0,0.4460431654676259,0.28703703703703703,1.0,31.0,0.0,0.0,0.0,24.0,0.0,0.0,0.0,15.0,,,,
p_1598,0.13513513513513514,0.09259259259259259,0.25,0.20020020020020018,0.1371742112482853,0.37037037037037035,108.0,0.5405405405405406,0.37037037037037035,1.0,40.0,0.0,0.0,0.0,16.0,0.0,0.0,0.0,18.0,0.0,0.0,0.0,34.0,,,,
p_1599,0.15161290322580645,0.1087962962962963,0.25,0.26391875746714455,0.18938614540466392,0.4351851851851852,108.0,0.6064516129032258,0.4351851851851852,1.0,47.0,0.0,0.0,0.0,22.0,0.0,0.0,0.0,14.0,0.0,0.0,0.0,25.0,,,,
p_1600,0.12237762237762238,0.08101851851851852,0.25,0.15863765863765864,0.10502400548696844,0.32407407407407407,108.0,0.0,0.0,0.0,33.0,0.0,0.0,0.0,17.0,0.48951048951048953,0.32407407407407407,1.0,35.0,0.0,0.0,0.0,23.0,,,,
p_1601,0.16011904761904763,0.1446078431372549,0.25862068965517243,0.24219576719576721,0.20488380537400144,0.39814814814814814,108.0,0.05714285714285714,0.16666666666666666,0.034482758620689655,29.0,0.0,0.0,0.0,20.0,0.5833333333333334,0.4117647058823529,1.0,42.0,0.0,0.0,0.0,17.0,,,,
p_1602,0.10294117647058823,0.06481481481481481,0.25,0.10675381263616558,0.0672153635116598,0.25925925925925924,108.0,0.0,0.0,0.0,29.0,0.0,0.0,0.0,33.0,0.0,0.0,0.0,18.0,0.4117647058823529,0.25925925925925924,1.0,28.0,,,,
p_1603,0.13013698630136986,0.08796296296296297,0.25,0.18315575849822424,0.1237997256515775,0.35185185185185186,108.0,0.0,0.0,0.0,31.0,0.0,0.0,0.0,12.0,0.0,0.0,0.0,27.0,0.5205479452054794,0.35185185185185186,1.0,38.0,,,,
p_1604,0.15605095541401273,0.11342592592592593,0.25,0.28320358575135646,0.20584705075445817,0.4537037037037037,108.0,0.0,0.0,0.0,24.0,0.0,0.0,0.0,10.0,0.6242038216560509,0.4537037037037037,1.0,49.0,0.0,0.0,0.0,25.0,,,,
p_1605,0.14473684210526316,0.10185185185185185,0.25,0.23586744639376217,0.16598079561042522,0.4074074074074074,108.0,0.5789473684210527,0.4074074074074074,1.0,44.0,0.0,0.0,0.0,18.0,0.0,0.0,0.0,36.0,0.0,0.0,0.0,10.0,,,,
p_1606,0.14780219780219778,0.12482319660537482,0.24392712550607287,0.19924704924704922,0.15384514641940383,0.3425925925925926,108.0,0.5142857142857142,0.3564356435643564,0.9230769230769231,39.0,0.0,0.0,0.0,19.0,0.07692307692307693,0.14285714285714285,0.05263157894736842,19.0,0.0,0.0,0.0,31.0,,,,
p_1607,0.15711805555555555,0.1714992927864215,0.27824074074074073,0.1427147633744856,0.14372151500864372,0.26851851851851855,108.0,0.0,0.0,0.0,37.0,0.40625,0.25742574257425743,0.9629629629629629,27.0,0.0,0.0,0.0,24.0,0.2222222222222222,0.42857142857142855,0.15,20.0,,,,
p_1608,0.12758620689655173,0.08564814814814815,0.25,0.1748403575989783,0.11736968449931415,0.3425925925925926,108.0,0.0,0.0,0.0,28.0,0.5103448275862069,0.3425925925925926,1.0,37.0,0.0,0.0,0.0,20.0,0.0,0.0,0.0,23.0,,,,
p_1609,0.15161290322580645,0.1087962962962963,0.25,0.26391875746714455,0.18938614540466392,0.4351851851851852,108.0,0.6064516129032258,0.4351851851851852,1.0,47.0,0.0,0.0,0.0,24.0,0.0,0.0,0.0,26.0,0.0,0.0,0.0,11.0,,,,
p_1610,0.16459627329192547,0.12268518518518519,0.25,0.3230963883137796,0.24082647462277093,0.49074074074074076,108.0,0.6583850931677019,0.49074074074074076,1.0,53.0,0.0,0.0,0.0,4.0,0.0,0.0,0.0,31.0,0.0,0.0,0.0,20.0,,,,
p_1611,0.13013698630136986,0.08796296296296297,0.25,0.18315575849822424,0.1237997256515775,0.35185185185185186,108.0,0.0,0.0,0.0,21.0,0.0,0.0,0.0,15.0,0.5205479452054794,0.35185185185185186,1.0,38.0,0.0,0.0,0.0,34.0,,,,
p_1612,0.125,0.08333333333333333,0.25,0.16666666666666666,0.1111111111111111,0.3333333333333333,108.0,0.0,0.0,0.0,28.0,0.0,0.0,0.0,13.0,0.0,0.0,0.0,31.0,0.5,0.3333333333333333,1.0,36.0,,,,
p_1613,0.18693693693693691,0.26904761904761904,0.27380952380952384,0.26376376376376376,0.2926807760141093,0.4166666666666667,108.0,0.0,0.0,0.0,32.0,0.0,0.0,0.0,12.0,0.16666666666666666,0.6666666666666666,0.09523809523809523,21.0,0.581081081081081,0.4095238095238095,1.0,43.0,,,,
p_1614,0.14473684210526316,0.10185185185185185,0.25,0.23586744639376217,0.16598079561042522,0.4074074074074074,108.0,0.5789473684210527,0.4074074074074074,1.0,44.0,0.0,0.0,0.0,20.0,0.0,0.0,0.0,33.0,0.0,0.0,0.0,11.0,,,,
p_1615,0.1396479851783233,0.23737373737373735,0.2661290322580645,0.1480881066337296,0.26468387579498687,0.2777777777777778,108.0,0.4409448818897638,0.2828282828282828,1.0,28.0,0.0,0.0,0.0,32.0,0.11764705882352941,0.6666666666666666,0.06451612903225806,31.0,0.0,0.0,0.0,17.0,,,,
p_1616,0.15822784810126583,0.11574074074074074,0.25,0.29301453352086265,0.21433470507544583,0.46296296296296297,108.0,0.6329113924050633,0.46296296296296297,1.0,50.0,0.0,0.0,0.0,15.0,0.0,0.0,0.0,22.0,0.0,0.0,0.0,21.0,,,,
p_1617,0.15822784810126583,0.11574074074074074,0.25,0.29301453352086265,0.21433470507544583,0.46296296296296297,108.0,0.0,0.0,0.0,27.0,0.0,0.0,0.0,10.0,0.6329113924050633,0.46296296296296297,1.0,50.0,0.0,0.0,0.0,21.0,,,,
p_1618,0.22545546558704455,0.2333804809052334,0.2894736842105263,0.35748425551057134,0.3138456702813138,0.5,108.0,0.0,0.0,0.0,26.0,0.6710526315789473,0.504950495049505,1.0,51.0,0.0,0.0,0.0,12.0,0.23076923076923078,0.42857142857142855,0.15789473684210525,19.0,,,,
p_1619,0.1607142857142857,0.1764705882352941,0.2647058823529412,0.22248677248677245,0.23602033405954972,0.37037037037037035,108.0,0.5428571428571428,0.37254901960784315,1.0,38.0,0.0,0.0,0.0,8.0,0.0,0.0,0.0,28.0,0.1,0.3333333333333333,0.058823529411764705,34.0,,,,
p_1620,0.12484076433121019,0.09074074074074075,0.2,0.28320358575135646,0.20584705075445817,0.4537037037037037,108.0,0.0,0.0,0.0,27.0,0.0,0.0,0.0,15.0,0.0,0.0,0.0,16.0,0.6242038216560509,0.4537037037037037,1.0,49.0,0.0,0.0,0.0,1.0
p_1621,0.1658313943082155,0.17307692307692307,0.2522566086395874,0.2816624571591459,0.2688746438746439,0.4351851851851852,108.0,0.0,0.0,0.0,19.0,0.0,0.0,0.0,9.0,0.609271523178808,0.4423076923076923,0.9787234042553191,47.0,0.05405405405405406,0.25,0.030303030303030304,33.0,,,,
p_1622,0.13818181818181818,0.10555555555555556,0.2,0.36464646464646466,0.2785493827160494,0.5277777777777778,108.0,0.0,0.0,0.0,13.0,0.0,0.0,0.0,15.0,0.6909090909090909,0.5277777777777778,1.0,57.0,0.0,0.0,0.0,22.0,0.0,0.0,0.0,1.0
p_1623,0.10869565217391304,0.06944444444444445,0.25,0.12077294685990338,0.0771604938271605,0.2777777777777778,108.0,0.0,0.0,0.0,23.0,0.43478260869565216,0.2777777777777778,1.0,30.0,0.0,0.0,0.0,28.0,0.0,0.0,0.0,27.0,,,,
p_1624,0.13568840579710145,0.11987270155586988,0.2373054873054873,0.18409151905528717,0.15897899313740899,0.32407407407407407,108.0,0.4927536231884058,0.33663366336633666,0.918918918918919,37.0,0.0,0.0,0.0,17.0,0.0,0.0,0.0,21.0,0.05,0.14285714285714285,0.030303030303030304,33.0,,,,
p_1625,0.11971830985915492,0.0787037037037037,0.25,0.1507563901930099,0.09910836762688614,0.3148148148148148,108.0,0.0,0.0,0.0,36.0,0.0,0.0,0.0,20.0,0.0,0.0,0.0,18.0,0.4788732394366197,0.3148148148148148,1.0,34.0,,,,
p_1626,0.11428571428571428,0.07407407407407407,0.25,0.13544973544973546,0.0877914951989026,0.2962962962962963,108.0,0.45714285714285713,0.2962962962962963,1.0,32.0,0.0,0.0,0.0,29.0,0.0,0.0,0.0,30.0,0.0,0.0,0.0,17.0,,,,
p_1627,0.12758620689655173,0.08564814814814815,0.25,0.1748403575989783,0.11736968449931415,0.3425925925925926,108.0,0.5103448275862069,0.3425925925925926,1.0,37.0,0.0,0.0,0.0,22.0,0.0,0.0,0.0,25.0,0.0,0.0,0.0,24.0,,,,
p_1628,0.08461538461538462,0.05092592592592592,0.25,0.06894586894586895,0.041495198902606306,0.2037037037037037,108.0,0.0,0.0,0.0,37.0,0.0,0.0,0.0,18.0,0.3384615384615385,0.2037037037037037,1.0,22.0,0.0,0.0,0.0,31.0,,,,
p_1629,0.16666666666666666,0.125,0.25,0.3333333333333333,0.25,0.5,108.0,0.0,0.0,0.0,16.0,0.0,0.0,0.0,15.0,0.0,0.0,0.0,23.0,0.6666666666666666,0.5,1.0,54.0,,,,
p_1630,0.171875,0.3333333333333333,0.27586206896551724,0.21238425925925927,0.37654320987654316,0.35185185185185186,108.0,0.1875,1.0,0.10344827586206896,29.0,0.5,0.3333333333333333,1.0,35.0,0.0,0.0,0.0,18.0,0.0,0.0,0.0,26.0,,,,
p_1631,0.14935064935064934,0.10648148148148148,0.25,0.2544492544492544,0.18141289437585734,0.42592592592592593,108.0,0.5974025974025974,0.42592592592592593,1.0,46.0,0.0,0.0,0.0,4.0,0.0,0.0,0.0,25.0,0.0,0.0,0.0,33.0,,,,
p_1632,0.17155797101449277,0.1987270155586987,0.2727272727272727,0.22954240472356416,0.25645659804075643,0.37037037037037035,108.0,0.0,0.0,0.0,19.0,0.5362318840579711,0.36633663366336633,1.0,37.0,0.15,0.42857142857142855,0.09090909090909091,33.0,0.0,0.0,0.0,19.0,,,,
p_1633,0.14473684210526316,0.10185185185185185,0.25,0.23586744639376217,0.16598079561042522,0.4074074074074074,108.0,0.0,0.0,0.0,19.0,0.0,0.0,0.0,27.0,0.5789473684210527,0.4074074074074074,1.0,44.0,0.0,0.0,0.0,18.0,,,,
p_1634,0.1423841059602649,0.09953703703703703,0.25,0.22675987245523668,0.15852194787379972,0.39814814814814814,108.0,0.0,0.0,0.0,22.0,0.0,0.0,0.0,20.0,0.0,0.0,0.0,23.0,0.5695364238410596,0.39814814814814814,1.0,43.0,,,,
p_1635,0.1659914712153518,0.17625000000000002,0.2704248366013072,0.19791518597488747,0.1976388888888889,0.3333333333333333,108.0,0.17142857142857143,0.375,0.1111111111111111,27.0,0.4925373134328358,0.33,0.9705882352941176,34.0,0.0,0.0,0.0,24.0,0.0,0.0,0.0,23.0,,,,
p_1636,0.1326530612244898,0.09027777777777778,0.25,0.19160997732426305,0.13040123456790123,0.3611111111111111,108.0,0.5306122448979592,0.3611111111111111,1.0,39.0,0.0,0.0,0.0,13.0,0.0,0.0,0.0,36.0,0.0,0.0,0.0,20.0,,,,
p_1637,0.1310344827586207,0.09047619047619047,0.2375,0.19412515964240104,0.13403880070546736,0.35185185185185186,108.0,0.0,0.0,0.0,38.0,0.0,0.0,0.0,11.0,0.0,0.0,0.0,19.0,0.5241379310344828,0.3619047619047619,0.95,40.0,,,,
p_1638,0.14802631578947367,0.10714285714285714,0.2393617021276596,0.2576754385964912,0.1865079365079365,0.4166666666666667,108.0,0.0,0.0,0.0,18.0,0.0,0.0,0.0,12.0,0.0,0.0,0.0,31.0,0.5921052631578947,0.42857142857142855,0.9574468085106383,47.0,,,,
p_1639,0.11702127659574468,0.0763888888888889,0.25,0.1430260047281324,0.09336419753086421,0.3055555555555556,108.0,0.0,0.0,0.0,26.0,0.46808510638297873,0.3055555555555556,1.0,33.0,0.0,0.0,0.0,21.0,0.0,0.0,0.0,28.0,,,,
p_1640,0.17073170731707318,0.12962962962962962,0.25,0.3541102077687444,0.2688614540466392,0.5185185185185185,108.0,0.0,0.0,0.0,26.0,0.0,0.0,0.0,8.0,0.6829268292682927,0.5185185185185185,1.0,56.0,0.0,0.0,0.0,18.0,,,,
p_1641,0.12583853805227851,0.10749646393210749,0.2512820512820513,0.13757592892452944,0.11414951018911414,0.2777777777777778,108.0,0.06060606060606061,0.14285714285714285,0.038461538461538464,26.0,0.44274809160305345,0.2871287128712871,0.9666666666666667,30.0,0.0,0.0,0.0,18.0,0.0,0.0,0.0,34.0,,,,
p_1642,0.13,0.0962962962962963,0.2,0.312962962962963,0.23182441700960219,0.48148148148148145,108.0,0.0,0.0,0.0,21.0,0.0,0.0,0.0,12.0,0.65,0.48148148148148145,1.0,52.0,0.0,0.0,0.0,22.0,0.0,0.0,0.0,1.0
p_1643,0.14473684210526316,0.10185185185185185,0.25,0.23586744639376217,0.16598079561042522,0.4074074074074074,108.0,0.5789473684210527,0.4074074074074074,1.0,44.0,0.0,0.0,0.0,15.0,0.0,0.0,0.0,32.0,0.0,0.0,0.0,17.0,,,,
p_1644,0.11428571428571428,0.07407407407407407,0.25,0.13544973544973546,0.0877914951989026,0.2962962962962963,108.0,0.0,0.0,0.0,39.0,0.0,0.0,0.0,18.0,0.45714285714285713,0.2962962962962963,1.0,32.0,0.0,0.0,0.0,19.0,,,,
p_1645,0.11390728476821192,0.07962962962962963,0.2,0.22675987245523668,0.15852194787379972,0.39814814814814814,108.0,0.5695364238410596,0.39814814814814814,1.0,43.0,0.0,0.0,0.0,4.0,0.0,0.0,0.0,23.0,0.0,0.0,0.0,37.0,0.0,0.0,0.0,1.0
p_1646,0.118997668997669,0.10254596888260255,0.24237400530503977,0.1261288094621428,0.10617371260935617,0.25925925925925924,108.0,0.0,0.0,0.0,36.0,0.0,0.0,0.0,17.0,0.06060606060606061,0.14285714285714285,0.038461538461538464,26.0,0.4153846153846154,0.26732673267326734,0.9310344827586207,29.0,,,,
p_1647,0.12059278920592789,0.13137254901960785,0.2033862433862434,0.18642630686426306,0.18818082788671026,0.32407407407407407,108.0,0.0,0.0,0.0,30.0,0.0,0.0,0.0,15.0,0.12121212121212122,0.3333333333333333,0.07407407407407407,27.0,0.48175182481751827,0.3235294117647059,0.9428571428571428,35.0,0.0,0.0,0.0,1.0
p_1648,0.13513513513513514,0.09259259259259259,0.25,0.20020020020020018,0.1371742112482853,0.37037037037037035,108.0,0.0,0.0,0.0,37.0,0.0,0.0,0.0,10.0,0.0,0.0,0.0,21.0,0.5405405405405406,0.37037037037037035,1.0,40.0,,,,
p_1649,0.15384615384615385,0.1111111111111111,0.25,0.27350427350427353,0.19753086419753085,0.4444444444444444,108.0,0.0,0.0,0.0,27.0,0.0,0.0,0.0,18.0,0.6153846153846154,0.4444444444444444,1.0,48.0,0.0,0.0,0.0,15.0,,,,
p_1650,0.17543290043290044,0.4346428571428571,0.2767857142857143,0.20157126823793495,0.4992592592592593,0.32407407407407407,108.0,0.17142857142857143,0.42857142857142855,0.10714285714285714,28.0,0.4696969696969697,0.31,0.96875,32.0,0.06060606060606061,1.0,0.03125,32.0,0.0,0.0,0.0,16.0,,,,
p_1651,0.13758389261744966,0.09490740740740741,0.25,0.20892368878946058,0.14411865569272977,0.37962962962962965,108.0,0.0,0.0,0.0,20.0,0.0,0.0,0.0,27.0,0.0,0.0,0.0,20.0,0.5503355704697986,0.37962962962962965,1.0,41.0,,,,
p_1652,0.15652680652680653,0.13472418670438474,0.24896480331262938,0.2317577484244151,0.18443868196343444,0.37962962962962965,108.0,0.0,0.0,0.0,20.0,0.06666666666666667,0.14285714285714285,0.043478260869565216,23.0,0.0,0.0,0.0,23.0,0.5594405594405595,0.39603960396039606,0.9523809523809523,42.0,,,,
p_1653,0.1423841059602649,0.09953703703703703,0.25,0.22675987245523668,0.15852194787379972,0.39814814814814814,108.0,0.5695364238410596,0.39814814814814814,1.0,43.0,0.0,0.0,0.0,25.0,0.0,0.0,0.0,18.0,0.0,0.0,0.0,22.0,,,,
p_1654,0.16037735849056603,0.11805555555555555,0.25,0.30293501048218024,0.22299382716049382,0.4722222222222222,108.0,0.6415094339622641,0.4722222222222222,1.0,51.0,0.0,0.0,0.0,16.0,0.0,0.0,0.0,19.0,0.0,0.0,0.0,22.0,,,,
p_1655,0.15161290322580645,0.1087962962962963,0.25,0.26391875746714455,0.18938614540466392,0.4351851851851852,108.0,0.0,0.0,0.0,35.0,0.0,0.0,0.0,5.0,0.6064516129032258,0.4351851851851852,1.0,47.0,0.0,0.0,0.0,21.0,,,,
p_1656,0.1326530612244898,0.09027777777777778,0.25,0.19160997732426305,0.13040123456790123,0.3611111111111111,108.0,0.5306122448979592,0.3611111111111111,1.0,39.0,0.0,0.0,0.0,13.0,0.0,0.0,0.0,41.0,0.0,0.0,0.0,15.0,,,,
p_1657,0.16037735849056603,0.11805555555555555,0.25,0.30293501048218024,0.22299382716049382,0.4722222222222222,108.0,0.6415094339622641,0.4722222222222222,1.0,51.0,0.0,0.0,0.0,11.0,0.0,0.0,0.0,33.0,0.0,0.0,0.0,13.0,,,,
p_1658,0.15605095541401273,0.11342592592592593,0.25,0.28320358575135646,0.20584705075445817,0.4537037037037037,108.0,0.0,0.0,0.0,21.0,0.0,0.0,0.0,9.0,0.0,0.0,0.0,29.0,0.6242038216560509,0.4537037037037037,1.0,49.0,,,,
p_1659,0.14473684210526316,0.10185185185185185,0.25,0.23586744639376217,0.16598079561042522,0.4074074074074074,108.0,0.0,0.0,0.0,26.0,0.0,0.0,0.0,10.0,0.5789473684210527,0.4074074074074074,1.0,44.0,0.0,0.0,0.0,28.0,,,,
p_1660,0.1982142857142857,0.2369165487977369,0.2835897435897436,0.2539021164021164,0.26813871863376815,0.3888888888888889,108.0,0.0,0.0,0.0,16.0,0.5428571428571428,0.37623762376237624,0.9743589743589743,39.0,0.0,0.0,0.0,28.0,0.25,0.5714285714285714,0.16,25.0,,,,
p_1661,0.13513513513513514,0.09259259259259259,0.25,0.20020020020020018,0.1371742112482853,0.37037037037037035,108.0,0.5405405405405406,0.37037037037037035,1.0,40.0,0.0,0.0,0.0,24.0,0.0,0.0,0.0,29.0,0.0,0.0,0.0,15.0,,,,
p_1662,0.15384615384615385,0.1111111111111111,0.25,0.27350427350427353,0.19753086419753085,0.4444444444444444,108.0,0.6153846153846154,0.4444444444444444,1.0,48.0,0.0,0.0,0.0,17.0,0.0,0.0,0.0,19.0,0.0,0.0,0.0,24.0,,,,
p_1663,0.1226989496172334,0.26095238095238094,0.21578947368421053,0.18990630295597358,0.44215167548500883,0.32407407407407407,108.0,0.46715328467153283,0.3047619047619048,1.0,32.0,0.0,0.0,0.0,15.0,0.14634146341463414,1.0,0.07894736842105263,38.0,0.0,0.0,0.0,22.0,0.0,0.0,0.0,1.0
p_1664,0.12658227848101267,0.09259259259259259,0.2,0.29301453352086265,0.21433470507544583,0.46296296296296297,108.0,0.6329113924050633,0.46296296296296297,1.0,50.0,0.0,0.0,0.0,11.0,0.0,0.0,0.0,19.0,0.0,0.0,0.0,27.0,0.0,0.0,0.0,1.0
p_1665,0.10869565217391304,0.06944444444444445,0.25,0.12077294685990338,0.0771604938271605,0.2777777777777778,108.0,0.0,0.0,0.0,25.0,0.0,0.0,0.0,21.0,0.43478260869565216,0.2777777777777778,1.0,30.0,0.0,0.0,0.0,32.0,,,,
p_1666,0.15330592668722165,0.16053748231966053,0.25112781954887214,0.21311839417355002,0.218005133846718,0.35185185185185186,108.0,0.0,0.0,0.0,17.0,0.0,0.0,0.0,18.0,0.5179856115107914,0.3564356435643564,0.9473684210526315,38.0,0.09523809523809523,0.2857142857142857,0.05714285714285714,35.0,,,,
p_1667,0.12758620689655173,0.08564814814814815,0.25,0.1748403575989783,0.11736968449931415,0.3425925925925926,108.0,0.5103448275862069,0.3425925925925926,1.0,37.0,0.0,0.0,0.0,24.0,0.0,0.0,0.0,18.0,0.0,0.0,0.0,29.0,,,,
p_1668,0.125,0.08333333333333333,0.25,0.16666666666666666,0.1111111111111111,0.3333333333333333,108.0,0.5,0.3333333333333333,1.0,36.0,0.0,0.0,0.0,10.0,0.0,0.0,0.0,30.0,0.0,0.0,0.0,32.0,,,,
p_1669,0.13513513513513514,0.09259259259259259,0.25,0.20020020020020018,0.1371742112482853,0.37037037037037035,108.0,0.0,0.0,0.0,21.0,0.0,0.0,0.0,9.0,0.5405405405405406,0.37037037037037035,1.0,40.0,0.0,0.0,0.0,38.0,,,,
p_1670,0.09600669536107126,0.08621933621933622,0.21759259259259262,0.08697327169350125,0.08060766394099728,0.19444444444444445,108.0,0.058823529411764705,0.14285714285714285,0.037037037037037035,27.0,0.0,0.0,0.0,27.0,0.0,0.0,0.0,30.0,0.3252032520325203,0.20202020202020202,0.8333333333333334,24.0,,,,
p_1671,0.14705882352941177,0.10416666666666667,0.25,0.2450980392156863,0.1736111111111111,0.4166666666666667,108.0,0.0,0.0,0.0,28.0,0.0,0.0,0.0,15.0,0.0,0.0,0.0,20.0,0.5882352941176471,0.4166666666666667,1.0,45.0,,,,
p_1672,0.16313813813813813,0.1471004243281471,0.24594064949608063,0.28027749972194416,0.24415893970349417,0.42592592592592593,108.0,0.6081081081081081,0.44554455445544555,0.9574468085106383,47.0,0.0,0.0,0.0,8.0,0.0,0.0,0.0,15.0,0.044444444444444446,0.14285714285714285,0.02631578947368421,38.0,,,,
p_1673,0.1675531914893617,0.22701555869872703,0.26785714285714285,0.2250788022064618,0.3207344543978208,0.35185185185185186,108.0,0.1702127659574468,0.5714285714285714,0.1,40.0,0.0,0.0,0.0,17.0,0.5,0.33663366336633666,0.9714285714285714,35.0,0.0,0.0,0.0,16.0,,,,
p_1674,0.16233766233766234,0.12254901960784313,0.2403846153846154,0.3126503126503127,0.23602033405954972,0.46296296296296297,108.0,0.0,0.0,0.0,32.0,0.0,0.0,0.0,7.0,0.6493506493506493,0.49019607843137253,0.9615384615384616,52.0,0.0,0.0,0.0,17.0,,,,
p_1675,0.14473684210526316,0.10185185185185185,0.25,0.23586744639376217,0.16598079561042522,0.4074074074074074,108.0,0.0,0.0,0.0,39.0,0.0,0.0,0.0,10.0,0.0,0.0,0.0,15.0,0.5789473684210527,0.4074074074074074,1.0,44.0,,,,
p_1676,0.15161290322580645,0.1087962962962963,0.25,0.26391875746714455,0.18938614540466392,0.4351851851851852,108.0,0.0,0.0,0.0,25.0,0.0,0.0,0.0,5.0,0.0,0.0,0.0,31.0,0.6064516129032258,0.4351851851851852,1.0,47.0,,,,
p_1677,0.11971830985915492,0.0787037037037037,0.25,0.1507563901930099,0.09910836762688614,0.3148148148148148,108.0,0.0,0.0,0.0,37.0,0.0,0.0,0.0,13.0,0.4788732394366197,0.3148148148148148,1.0,34.0,0.0,0.0,0.0,24.0,,,,
p_1678,0.12237762237762238,0.08101851851851852,0.25,0.15863765863765864,0.10502400548696844,0.32407407407407407,108.0,0.0,0.0,0.0,37.0,0.0,0.0,0.0,19.0,0.0,0.0,0.0,17.0,0.48951048951048953,0.32407407407407407,1.0,35.0,,,,
p_1679,0.11587571823792296,0.10007072135785007,0.25833333333333336,0.11358602697185374,0.10165540363560167,0.25,108.0,0.4094488188976378,0.25742574257425743,1.0,26.0,0.05405405405405406,0.14285714285714285,0.03333333333333333,30.0,0.0,0.0,0.0,30.0,0.0,0.0,0.0,22.0,,,,
p_1680,0.158178500331785,0.1913012729844413,0.2563813813813814,0.21216729337167292,0.25903661794750904,0.3425925925925926,108.0,0.49635036496350365,0.33663366336633666,0.9444444444444444,36.0,0.0,0.0,0.0,12.0,0.13636363636363635,0.42857142857142855,0.08108108108108109,37.0,0.0,0.0,0.0,23.0,,,,
p_1681,0.13758389261744966,0.09490740740740741,0.25,0.20892368878946058,0.14411865569272977,0.37962962962962965,108.0,0.0,0.0,0.0,11.0,0.0,0.0,0.0,31.0,0.0,0.0,0.0,25.0,0.5503355704697986,0.37962962962962965,1.0,41.0,,,,
p_1682,0.14473684210526316,0.10185185185185185,0.25,0.23586744639376217,0.16598079561042522,0.4074074074074074,108.0,0.5789473684210527,0.4074074074074074,1.0,44.0,0.0,0.0,0.0,20.0,0.0,0.0,0.0,26.0,0.0,0.0,0.0,18.0,,,,
p_1683,0.13954353758372612,0.11987270155586988,0.23504784688995214,0.18617749478578058,0.14754570695164754,0.32407407407407407,108.0,0.4892086330935252,0.33663366336633666,0.8947368421052632,38.0,0.0,0.0,0.0,20.0,0.06896551724137931,0.14285714285714285,0.045454545454545456,22.0,0.0,0.0,0.0,28.0,,,,
p_1684,0.15722523744911804,0.18882602545968882,0.2702702702702703,0.1972146841549827,0.24666038032374665,0.3333333333333333,108.0,0.4925373134328358,0.32673267326732675,1.0,33.0,0.0,0.0,0.0,18.0,0.13636363636363635,0.42857142857142855,0.08108108108108109,37.0,0.0,0.0,0.0,20.0,,,,
p_1685,0.13096695226438188,0.13826025459688826,0.2572004608294931,0.13874155673421282,0.15131751270365132,0.26851851851851855,108.0,0.10526315789473684,0.2857142857142857,0.06451612903225806,31.0,0.4186046511627907,0.26732673267326734,0.9642857142857143,28.0,0.0,0.0,0.0,21.0,0.0,0.0,0.0,28.0,,,,
p_1686,0.2066003616636528,0.21568627450980393,0.2637987012987013,0.38353090884736457,0.3424110384894699,0.5185185185185185,108.0,0.0,0.0,0.0,17.0,0.14285714285714285,0.3333333333333333,0.09090909090909091,22.0,0.6835443037974683,0.5294117647058824,0.9642857142857143,56.0,0.0,0.0,0.0,13.0,,,,
p_1687,0.11428571428571428,0.07407407407407407,0.25,0.13544973544973546,0.0877914951989026,0.2962962962962963,108.0,0.0,0.0,0.0,25.0,0.0,0.0,0.0,18.0,0.45714285714285713,0.2962962962962963,1.0,32.0,0.0,0.0,0.0,33.0,,,,
p_1688,0.10869565217391304,0.06944444444444445,0.25,0.12077294685990338,0.0771604938271605,0.2777777777777778,108.0,0.0,0.0,0.0,34.0,0.0,0.0,0.0,11.0,0.0,0.0,0.0,33.0,0.43478260869565216,0.2777777777777778,1.0,30.0,,,,
p_1689,0.15384615384615385,0.1111111111111111,0.25,0.27350427350427353,0.19753086419753085,0.4444444444444444,108.0,0.6153846153846154,0.4444444444444444,1.0,48.0,0.0,0.0,0.0,17.0,0.0,0.0,0.0,26.0,0.0,0.0,0.0,17.0,,,,
p_1690,0.10583941605839416,0.06712962962962964,0.25,0.1136793728034604,0.07210219478737999,0.26851851851851855,108.0,0.0,0.0,0.0,26.0,0.4233576642335766,0.26851851851851855,1.0,29.0,0.0,0.0,0.0,24.0,0.0,0.0,0.0,29.0,,,,
p_1691,0.17128935532233883,0.32857142857142857,0.27884615384615385,0.19594369481925702,0.3367724867724868,0.3333333333333333,108.0,0.4782608695652174,0.3142857142857143,1.0,33.0,0.0,0.0,0.0,21.0,0.0,0.0,0.0,28.0,0.20689655172413793,1.0,0.11538461538461539,26.0,,,,
p_1692,0.14186046511627906,0.14073550212164074,0.2717391304347826,0.14094171691070917,0.13272041489863273,0.2777777777777778,108.0,0.43410852713178294,0.27722772277227725,1.0,28.0,0.13333333333333333,0.2857142857142857,0.08695652173913043,23.0,0.0,0.0,0.0,23.0,0.0,0.0,0.0,34.0,,,,
p_1693,0.15161290322580645,0.1087962962962963,0.25,0.26391875746714455,0.18938614540466392,0.4351851851851852,108.0,0.0,0.0,0.0,22.0,0.0,0.0,0.0,10.0,0.0,0.0,0.0,29.0,0.6064516129032258,0.4351851851851852,1.0,47.0,,,,
p_1694,0.11971830985915492,0.0787037037037037,0.25,0.1507563901930099,0.09910836762688614,0.3148148148148148,108.0,0.0,0.0,0.0,15.0,0.0,0.0,0.0,32.0,0.0,0.0,0.0,27.0,0.4788732394366197,0.3148148148148148,1.0,34.0,,,,
p_1695,0.12237762237762238,0.08101851851851852,0.25,0.15863765863765864,0.10502400548696844,0.32407407407407407,108.0,0.0,0.0,0.0,23.0,0.48951048951048953,0.32407407407407407,1.0,35.0,0.0,0.0,0.0,32.0,0.0,0.0,0.0,18.0,,,,
p_1696,0.1726833976833977,0.1987270155586987,0.2621794871794872,0.2359180609180609,0.2513358478705013,0.37037037037037035,108.0,0.0,0.0,0.0,24.0,0.0,0.0,0.0,15.0,0.5285714285714286,0.36633663366336633,0.9487179487179487,39.0,0.16216216216216217,0.42857142857142855,0.1,30.0,,,,
p_1697,0.1385119855269109,0.15441176470588236,0.24508101851851852,0.1585506809387406,0.16757443718228032,0.28703703703703703,108.0,0.43283582089552236,0.28431372549019607,0.90625,32.0,0.0,0.0,0.0,18.0,0.0,0.0,0.0,31.0,0.12121212121212122,0.3333333333333333,0.07407407407407407,27.0,,,,
p_1698,0.16459627329192547,0.12268518518518519,0.25,0.3230963883137796,0.24082647462277093,0.49074074074074076,108.0,0.0,0.0,0.0,17.0,0.0,0.0,0.0,13.0,0.6583850931677019,0.49074074074074076,1.0,53.0,0.0,0.0,0.0,25.0,,,,
p_1699,0.19717868338557992,0.21605374823196605,0.27884615384615385,0.2910251944734703,0.28065901828278067,0.4351851851851852,108.0,0.0,0.0,0.0,17.0,0.0,0.0,0.0,21.0,0.18181818181818182,0.42857142857142855,0.11538461538461539,26.0,0.6068965517241379,0.43564356435643564,1.0,44.0,,,,
p_1700,0.1347517730496454,0.09313725490196079,0.24358974358974358,0.1946414499605989,0.13453159041394336,0.35185185185185186,108.0,0.0,0.0,0.0,28.0,0.0,0.0,0.0,19.0,0.5390070921985816,0.37254901960784315,0.9743589743589743,39.0,0.0,0.0,0.0,22.0,,,,
p_1701,0.18095238095238095,0.20367751060820366,0.27586206896551724,0.24594356261022926,0.2545183089737545,0.3888888888888889,108.0,0.5571428571428572,0.38613861386138615,1.0,39.0,0.0,0.0,0.0,19.0,0.16666666666666666,0.42857142857142855,0.10344827586206896,29.0,0.0,0.0,0.0,21.0,,,,
p_1702,0.17482993197278912,0.17786421499292787,0.25155279503105593,0.2788107835726883,0.25540887422075537,0.4166666666666667,108.0,0.11428571428571428,0.2857142857142857,0.07142857142857142,28.0,0.0,0.0,0.0,11.0,0.5850340136054422,0.42574257425742573,0.9347826086956522,46.0,0.0,0.0,0.0,23.0,,,,
p_1703,0.18683385579937306,0.22549019607843138,0.2661498708010336,0.2706141878555672,0.285039941902687,0.4074074074074074,108.0,0.18181818181818182,0.5,0.1111111111111111,27.0,0.0,0.0,0.0,19.0,0.0,0.0,0.0,19.0,0.5655172413793104,0.4019607843137255,0.9534883720930233,43.0,,,,
p_1704,0.10948905109489052,0.07142857142857142,0.234375,0.12976480129764803,0.08465608465608465,0.2777777777777778,108.0,0.0,0.0,0.0,22.0,0.43795620437956206,0.2857142857142857,0.9375,32.0,0.0,0.0,0.0,28.0,0.0,0.0,0.0,26.0,,,,
p_1705,0.14935064935064934,0.10648148148148148,0.25,0.2544492544492544,0.18141289437585734,0.42592592592592593,108.0,0.0,0.0,0.0,35.0,0.0,0.0,0.0,11.0,0.5974025974025974,0.42592592592592593,1.0,46.0,0.0,0.0,0.0,16.0,,,,
p_1706,0.125,0.08333333333333333,0.25,0.16666666666666666,0.1111111111111111,0.3333333333333333,108.0,0.0,0.0,0.0,27.0,0.5,0.3333333333333333,1.0,36.0,0.0,0.0,0.0,16.0,0.0,0.0,0.0,29.0,,,,
p_1707,0.14,0.09722222222222222,0.25,0.21777777777777782,0.15123456790123455,0.3888888888888889,108.0,0.0,0.0,0.0,22.0,0.0,0.0,0.0,21.0,0.56,0.3888888888888889,1.0,42.0,0.0,0.0,0.0,23.0,,,,
p_1708,0.11428571428571428,0.07407407407407407,0.25,0.13544973544973546,0.0877914951989026,0.2962962962962963,108.0,0.0,0.0,0.0,26.0,0.0,0.0,0.0,25.0,0.0,0.0,0.0,25.0,0.45714285714285713,0.2962962962962963,1.0,32.0,,,,
p_1709,0.14,0.09722222222222222,0.25,0.21777777777777782,0.15123456790123455,0.3888888888888889,108.0,0.56,0.3888888888888889,1.0,42.0,0.0,0.0,0.0,24.0,0.0,0.0,0.0,20.0,0.0,0.0,0.0,22.0,,,,
p_1710,0.1,0.0693069306930693,0.1794871794871795,0.18055555555555555,0.12513751375137513,0.32407407407407407,108.0,0.0,0.0,0.0,28.0,0.0,0.0,0.0,21.0,0.5,0.3465346534653465,0.8974358974358975,39.0,0.0,0.0,0.0,19.0,0.0,0.0,0.0,1.0
p_1711,0.11285714285714285,0.11923076923076922,0.20555555555555555,0.1880952380952381,0.1987179487179487,0.3425925925925926,108.0,0.0,0.0,0.0,20.0,0.0,0.0,0.0,15.0,0.05,0.25,0.027777777777777776,36.0,0.5142857142857142,0.34615384615384615,1.0,36.0,0.0,0.0,0.0,1.0
p_1712,0.13951559389515594,0.15063649222065062,0.23573573573573572,0.18686254270195876,0.2034941589397035,0.3148148148148148,108.0,0.0,0.0,0.0,18.0,0.0,0.0,0.0,17.0,0.09090909090909091,0.2857142857142857,0.05405405405405406,37.0,0.46715328467153283,0.31683168316831684,0.8888888888888888,36.0,,,,
p_1713,0.1744342672413793,0.17929292929292928,0.2827586206896552,0.16436681832694763,0.15553684998129444,0.28703703703703703,108.0,0.0,0.0,0.0,33.0,0.0,0.0,0.0,26.0,0.27586206896551724,0.4444444444444444,0.2,20.0,0.421875,0.2727272727272727,0.9310344827586207,29.0,,,,
p_1714,0.16037735849056603,0.11805555555555555,0.25,0.30293501048218024,0.22299382716049382,0.4722222222222222,108.0,0.0,0.0,0.0,15.0,0.0,0.0,0.0,20.0,0.6415094339622641,0.4722222222222222,1.0,51.0,0.0,0.0,0.0,22.0,,,,
p_1715,0.11742424242424243,0.07673267326732673,0.25,0.13482042648709316,0.0881004767143381,0.28703703703703703,108.0,0.0,0.0,0.0,30.0,0.0,0.0,0.0,24.0,0.0,0.0,0.0,23.0,0.4696969696969697,0.3069306930693069,1.0,31.0,,,,
p_1716,0.11971830985915492,0.0787037037037037,0.25,0.1507563901930099,0.09910836762688614,0.3148148148148148,108.0,0.4788732394366197,0.3148148148148148,1.0,34.0,0.0,0.0,0.0,16.0,0.0,0.0,0.0,34.0,0.0,0.0,0.0,24.0,,,,
p_1717,0.15605095541401273,0.11342592592592593,0.25,0.28320358575135646,0.20584705075445817,0.4537037037037037,108.0,0.0,0.0,0.0,25.0,0.0,0.0,0.0,12.0,0.6242038216560509,0.4537037037037037,1.0,49.0,0.0,0.0,0.0,22.0,,,,
p_1718,0.12237762237762238,0.08101851851851852,0.25,0.15863765863765864,0.10502400548696844,0.32407407407407407,108.0,0.0,0.0,0.0,20.0,0.0,0.0,0.0,19.0,0.48951048951048953,0.32407407407407407,1.0,35.0,0.0,0.0,0.0,34.0,,,,
p_1719,0.13013698630136986,0.08796296296296297,0.25,0.18315575849822424,0.1237997256515775,0.35185185185185186,108.0,0.0,0.0,0.0,18.0,0.0,0.0,0.0,26.0,0.5205479452054794,0.35185185185185186,1.0,38.0,0.0,0.0,0.0,26.0,,,,
p_1720,0.10869565217391304,0.06944444444444445,0.25,0.12077294685990338,0.0771604938271605,0.2777777777777778,108.0,0.0,0.0,0.0,22.0,0.0,0.0,0.0,24.0,0.43478260869565216,0.2777777777777778,1.0,30.0,0.0,0.0,0.0,32.0,,,,
p_1721,0.1815415821501014,0.25757575757575757,0.2730468898070581,0.2276312823980167,0.29124579124579125,0.3611111111111111,108.0,0.13793103448275862,0.3333333333333333,0.08695652173913043,23.0,0.0,0.0,0.0,17.0,0.5294117647058824,0.36363636363636365,0.972972972972973,37.0,0.058823529411764705,0.3333333333333333,0.03225806451612903,31.0,,,,
p_1722,0.11702127659574468,0.0763888888888889,0.25,0.1430260047281324,0.09336419753086421,0.3055555555555556,108.0,0.46808510638297873,0.3055555555555556,1.0,33.0,0.0,0.0,0.0,21.0,0.0,0.0,0.0,30.0,0.0,0.0,0.0,24.0,,,,
p_1723,0.12237762237762238,0.08101851851851852,0.25,0.15863765863765864,0.10502400548696844,0.32407407407407407,108.0,0.0,0.0,0.0,25.0,0.0,0.0,0.0,16.0,0.48951048951048953,0.32407407407407407,1.0,35.0,0.0,0.0,0.0,32.0,,,,
p_1724,0.13013698630136986,0.08796296296296297,0.25,0.18315575849822424,0.1237997256515775,0.35185185185185186,108.0,0.0,0.0,0.0,28.0,0.0,0.0,0.0,15.0,0.0,0.0,0.0,27.0,0.5205479452054794,0.35185185185185186,1.0,38.0,,,,
p_1725,0.1677900818488204,0.18635077793493635,0.27367424242424243,0.18894773444604931,0.19204777620619207,0.32407407407407407,108.0,0.0,0.0,0.0,29.0,0.47761194029850745,0.31683168316831684,0.9696969696969697,33.0,0.0,0.0,0.0,22.0,0.1935483870967742,0.42857142857142855,0.125,24.0,,,,
p_1726,0.125,0.08333333333333333,0.25,0.16666666666666666,0.1111111111111111,0.3333333333333333,108.0,0.5,0.3333333333333333,1.0,36.0,0.0,0.0,0.0,7.0,0.0,0.0,0.0,41.0,0.0,0.0,0.0,24.0,,,,
p_1727,0.1326530612244898,0.09027777777777778,0.25,0.19160997732426305,0.13040123456790123,0.3611111111111111,108.0,0.5306122448979592,0.3611111111111111,1.0,39.0,0.0,0.0,0.0,18.0,0.0,0.0,0.0,28.0,0.0,0.0,0.0,23.0,,,,
p_1728,0.13758389261744966,0.09490740740740741,0.25,0.20892368878946058,0.14411865569272977,0.37962962962962965,108.0,0.0,0.0,0.0,28.0,0.0,0.0,0.0,13.0,0.5503355704697986,0.37962962962962965,1.0,41.0,0.0,0.0,0.0,26.0,,,,
p_1729,0.11428571428571428,0.07407407407407407,0.25,0.13544973544973546,0.0877914951989026,0.2962962962962963,108.0,0.45714285714285713,0.2962962962962963,1.0,32.0,0.0,0.0,0.0,28.0,0.0,0.0,0.0,17.0,0.0,0.0,0.0,31.0,,,,
p_1730,0.13758389261744966,0.09490740740740741,0.25,0.20892368878946058,0.14411865569272977,0.37962962962962965,108.0,0.5503355704697986,0.37962962962962965,1.0,41.0,0.0,0.0,0.0,15.0,0.0,0.0,0.0,30.0,0.0,0.0,0.0,22.0,,,,
p_1731,0.1326530612244898,0.09027777777777778,0.25,0.19160997732426305,0.13040123456790123,0.3611111111111111,108.0,0.0,0.0,0.0,30.0,0.0,0.0,0.0,22.0,0.5306122448979592,0.3611111111111111,1.0,39.0,0.0,0.0,0.0,17.0,,,,
p_1732,0.1687116564417178,0.12731481481481483,0.25,0.34367189275164733,0.25934499314128945,0.5092592592592593,108.0,0.0,0.0,0.0,24.0,0.0,0.0,0.0,15.0,0.6748466257668712,0.5092592592592593,1.0,55.0,0.0,0.0,0.0,14.0,,,,
p_1733,0.15056818181818182,0.13224893917963226,0.23635957066189622,0.2302539281705948,0.18813190842893815,0.37037037037037035,108.0,0.06060606060606061,0.14285714285714285,0.038461538461538464,26.0,0.0,0.0,0.0,27.0,0.5416666666666666,0.38613861386138615,0.9069767441860465,43.0,0.0,0.0,0.0,12.0,,,,
p_1734,0.15161290322580645,0.1087962962962963,0.25,0.26391875746714455,0.18938614540466392,0.4351851851851852,108.0,0.0,0.0,0.0,17.0,0.0,0.0,0.0,11.0,0.6064516129032258,0.4351851851851852,1.0,47.0,0.0,0.0,0.0,33.0,,,,
p_1735,0.1481191222570533,0.14568599717114566,0.26466275659824046,0.15856844305120166,0.14345958405364345,0.2962962962962963,108.0,0.45454545454545453,0.297029702970297,0.967741935483871,31.0,0.0,0.0,0.0,31.0,0.13793103448275862,0.2857142857142857,0.09090909090909091,22.0,0.0,0.0,0.0,24.0,,,,
p_1736,0.17142857142857143,0.1753889674681754,0.24611801242236023,0.273015873015873,0.2511917858452512,0.4074074074074074,108.0,0.5714285714285714,0.4158415841584158,0.9130434782608695,46.0,0.0,0.0,0.0,7.0,0.11428571428571428,0.2857142857142857,0.07142857142857142,28.0,0.0,0.0,0.0,27.0,,,,
p_1737,0.10294117647058823,0.06481481481481481,0.25,0.10675381263616558,0.0672153635116598,0.25925925925925924,108.0,0.4117647058823529,0.25925925925925924,1.0,28.0,0.0,0.0,0.0,22.0,0.0,0.0,0.0,26.0,0.0,0.0,0.0,32.0,,,,
p_1738,0.15605095541401273,0.11342592592592593,0.25,0.28320358575135646,0.20584705075445817,0.4537037037037037,108.0,0.6242038216560509,0.4537037037037037,1.0,49.0,0.0,0.0,0.0,9.0,0.0,0.0,0.0,32.0,0.0,0.0,0.0,18.0,,,,
p_1739,0.11702127659574468,0.0763888888888889,0.25,0.1430260047281324,0.09336419753086421,0.3055555555555556,108.0,0.0,0.0,0.0,28.0,0.0,0.0,0.0,25.0,0.46808510638297873,0.3055555555555556,1.0,33.0,0.0,0.0,0.0,22.0,,,,
p_1740,0.15898713158987132,0.13967468175388967,0.24294871794871795,0.25431637532094153,0.20765886112420767,0.39814814814814814,108.0,0.5753424657534246,0.4158415841584158,0.9333333333333333,45.0,0.0,0.0,0.0,11.0,0.0,0.0,0.0,26.0,0.06060606060606061,0.14285714285714285,0.038461538461538464,26.0,,,,
p_1741,0.12758620689655173,0.08564814814814815,0.25,0.1748403575989783,0.11736968449931415,0.3425925925925926,108.0,0.5103448275862069,0.3425925925925926,1.0,37.0,0.0,0.0,0.0,6.0,0.0,0.0,0.0,38.0,0.0,0.0,0.0,27.0,,,,
p_1742,0.10583941605839416,0.06712962962962964,0.25,0.1136793728034604,0.07210219478737999,0.26851851851851855,108.0,0.0,0.0,0.0,31.0,0.0,0.0,0.0,27.0,0.4233576642335766,0.26851851851851855,1.0,29.0,0.0,0.0,0.0,21.0,,,,
p_1743,0.12142857142857143,0.08095238095238096,0.24285714285714285,0.1574074074074074,0.10493827160493828,0.3148148148148148,108.0,0.0,0.0,0.0,33.0,0.0,0.0,0.0,12.0,0.0,0.0,0.0,28.0,0.4857142857142857,0.3238095238095238,0.9714285714285714,35.0,,,,
p_1744,0.1796281487405038,0.20572916666666669,0.28149867374005305,0.18246034919365586,0.2143132716049383,0.2777777777777778,108.0,0.0,0.0,0.0,27.0,0.0,0.0,0.0,26.0,0.34146341463414637,0.5833333333333334,0.2413793103448276,29.0,0.3770491803278688,0.23958333333333334,0.8846153846153846,26.0,,,,
p_1745,0.1423841059602649,0.09953703703703703,0.25,0.22675987245523668,0.15852194787379972,0.39814814814814814,108.0,0.0,0.0,0.0,31.0,0.0,0.0,0.0,6.0,0.5695364238410596,0.39814814814814814,1.0,43.0,0.0,0.0,0.0,28.0,,,,
p_1746,0.12758620689655173,0.08564814814814815,0.25,0.1748403575989783,0.11736968449931415,0.3425925925925926,108.0,0.0,0.0,0.0,27.0,0.0,0.0,0.0,14.0,0.5103448275862069,0.3425925925925926,1.0,37.0,0.0,0.0,0.0,30.0,,,,
p_1747,0.1459913326110509,0.12990196078431374,0.23750000000000002,0.20203844147506123,0.16158315177923022,0.3425925925925926,108.0,0.0,0.0,0.0,40.0,0.0,0.0,0.0,8.0,0.5070422535211268,0.35294117647058826,0.9,40.0,0.07692307692307693,0.16666666666666666,0.05,20.0,,,,
p_1748,0.14473684210526316,0.10185185185185185,0.25,0.23586744639376217,0.16598079561042522,0.4074074074074074,108.0,0.5789473684210527,0.4074074074074074,1.0,44.0,0.0,0.0,0.0,26.0,0.0,0.0,0.0,22.0,0.0,0.0,0.0,16.0,,,,
p_1749,0.17073170731707318,0.12962962962962962,0.25,0.3541102077687444,0.2688614540466392,0.5185185185185185,108.0,0.0,0.0,0.0,22.0,0.0,0.0,0.0,11.0,0.6829268292682927,0.5185185185185185,1.0,56.0,0.0,0.0,0.0,19.0,,,,
p_1750,0.15605095541401273,0.11342592592592593,0.25,0.28320358575135646,0.20584705075445817,0.4537037037037037,108.0,0.0,0.0,0.0,20.0,0.0,0.0,0.0,15.0,0.6242038216560509,0.4537037037037037,1.0,49.0,0.0,0.0,0.0,24.0,,,,
p_1751,0.13405797101449277,0.09158415841584158,0.25,0.18370907139023082,0.1255042170883755,0.3425925925925926,108.0,0.0,0.0,0.0,32.0,0.0,0.0,0.0,17.0,0.0,0.0,0.0,22.0,0.5362318840579711,0.36633663366336633,1.0,37.0,,,,
p_1752,0.1667357083678542,0.16796322489391796,0.25632339656729897,0.23794071619258034,0.218018230394468,0.37962962962962965,108.0,0.5492957746478874,0.38613861386138615,0.9512195121951219,41.0,0.0,0.0,0.0,9.0,0.0,0.0,0.0,31.0,0.11764705882352941,0.2857142857142857,0.07407407407407407,27.0,,,,
p_1753,0.14705882352941177,0.10416666666666667,0.25,0.2450980392156863,0.1736111111111111,0.4166666666666667,108.0,0.5882352941176471,0.4166666666666667,1.0,45.0,0.0,0.0,0.0,8.0,0.0,0.0,0.0,30.0,0.0,0.0,0.0,25.0,,,,
p_1754,0.15605095541401273,0.11342592592592593,0.25,0.28320358575135646,0.20584705075445817,0.4537037037037037,108.0,0.0,0.0,0.0,28.0,0.0,0.0,0.0,11.0,0.0,0.0,0.0,20.0,0.6242038216560509,0.4537037037037037,1.0,49.0,,,,
p_1755,0.125,0.08333333333333333,0.25,0.16666666666666666,0.1111111111111111,0.3333333333333333,108.0,0.5,0.3333333333333333,1.0,36.0,0.0,0.0,0.0,11.0,0.0,0.0,0.0,31.0,0.0,0.0,0.0,30.0,,,,
p_1756,0.1757854821235103,0.20367751060820366,0.2612423780487805,0.2541129970707436,0.2735737859500236,0.3888888888888889,108.0,0.5492957746478874,0.38613861386138615,0.9512195121951219,41.0,0.0,0.0,0.0,10.0,0.15384615384615385,0.42857142857142855,0.09375,32.0,0.0,0.0,0.0,25.0,,,,
p_1757,0.16459627329192547,0.12268518518518519,0.25,0.3230963883137796,0.24082647462277093,0.49074074074074076,108.0,0.6583850931677019,0.49074074074074076,1.0,53.0,0.0,0.0,0.0,17.0,0.0,0.0,0.0,15.0,0.0,0.0,0.0,23.0,,,,
p_1758,0.14473684210526316,0.10185185185185185,0.25,0.23586744639376217,0.16598079561042522,0.4074074074074074,108.0,0.0,0.0,0.0,33.0,0.0,0.0,0.0,7.0,0.0,0.0,0.0,24.0,0.5789473684210527,0.4074074074074074,1.0,44.0,,,,
p_1759,0.1962719298245614,0.24019607843137253,0.26,0.3326023391812865,0.3522149600580973,0.46296296296296297,108.0,0.0,0.0,0.0,20.0,0.0,0.0,0.0,8.0,0.16666666666666666,0.5,0.1,30.0,0.618421052631579,0.46078431372549017,0.94,50.0,,,,
p_1760,0.125,0.08333333333333333,0.25,0.16666666666666666,0.1111111111111111,0.3333333333333333,108.0,0.5,0.3333333333333333,1.0,36.0,0.0,0.0,0.0,12.0,0.0,0.0,0.0,35.0,0.0,0.0,0.0,25.0,,,,
p_1761,0.1326530612244898,0.09027777777777778,0.25,0.19160997732426305,0.13040123456790123,0.3611111111111111,108.0,0.0,0.0,0.0,18.0,0.0,0.0,0.0,32.0,0.5306122448979592,0.3611111111111111,1.0,39.0,0.0,0.0,0.0,19.0,,,,
p_1762,0.14935064935064934,0.10648148148148148,0.25,0.2544492544492544,0.18141289437585734,0.42592592592592593,108.0,0.0,0.0,0.0,27.0,0.0,0.0,0.0,22.0,0.5974025974025974,0.42592592592592593,1.0,46.0,0.0,0.0,0.0,13.0,,,,
p_1763,0.15605095541401273,0.11666666666666667,0.23557692307692307,0.3005425807973579,0.22469135802469134,0.4537037037037037,108.0,0.0,0.0,0.0,25.0,0.0,0.0,0.0,17.0,0.6242038216560509,0.4666666666666667,0.9423076923076923,52.0,0.0,0.0,0.0,14.0,,,,
p_1764,0.13758389261744966,0.09490740740740741,0.25,0.20892368878946058,0.14411865569272977,0.37962962962962965,108.0,0.5503355704697986,0.37962962962962965,1.0,41.0,0.0,0.0,0.0,15.0,0.0,0.0,0.0,36.0,0.0,0.0,0.0,16.0,,,,
p_1765,0.1789906103286385,0.20367751060820366,0.2636669470142977,0.2532820379064511,0.26166902404526166,0.3888888888888889,108.0,0.0,0.0,0.0,27.0,0.0,0.0,0.0,11.0,0.5492957746478874,0.38613861386138615,0.9512195121951219,41.0,0.16666666666666666,0.42857142857142855,0.10344827586206896,29.0,,,,
p_1766,0.13758389261744966,0.09490740740740741,0.25,0.20892368878946058,0.14411865569272977,0.37962962962962965,108.0,0.0,0.0,0.0,25.0,0.0,0.0,0.0,24.0,0.5503355704697986,0.37962962962962965,1.0,41.0,0.0,0.0,0.0,18.0,,,,
p_1767,0.1479933110367893,0.16875,0.26973684210526316,0.1740988480118915,0.2152777777777778,0.3055555555555556,108.0,0.0,0.0,0.0,31.0,0.0,0.0,0.0,9.0,0.13043478260869565,0.375,0.07894736842105263,38.0,0.46153846153846156,0.3,1.0,30.0,,,,
p_1768,0.12758620689655173,0.08564814814814815,0.25,0.1748403575989783,0.11736968449931415,0.3425925925925926,108.0,0.0,0.0,0.0,27.0,0.5103448275862069,0.3425925925925926,1.0,37.0,0.0,0.0,0.0,26.0,0.0,0.0,0.0,18.0,,,,
p_1769,0.18986467826567247,0.2398989898989899,0.26232004429678846,0.30056153916965844,0.37691732136176587,0.4166666666666667,108.0,0.19607843137254902,0.5555555555555556,0.11904761904761904,42.0,0.0,0.0,0.0,9.0,0.5633802816901409,0.40404040404040403,0.9302325581395349,43.0,0.0,0.0,0.0,14.0,,,,
p_1770,0.14935064935064934,0.10648148148148148,0.25,0.2544492544492544,0.18141289437585734,0.42592592592592593,108.0,0.0,0.0,0.0,21.0,0.0,0.0,0.0,23.0,0.5974025974025974,0.42592592592592593,1.0,46.0,0.0,0.0,0.0,18.0,,,,
p_1771,0.17666021921341069,0.21568627450980393,0.26495726495726496,0.2349738519951286,0.2559912854030501,0.37037037037037035,108.0,0.524822695035461,0.3627450980392157,0.9487179487179487,39.0,0.0,0.0,0.0,14.0,0.18181818181818182,0.5,0.1111111111111111,27.0,0.0,0.0,0.0,28.0,,,,
p_1772,0.14202294056308656,0.12234794908062234,0.251984126984127,0.18513111651797784,0.15254858819215256,0.3333333333333333,108.0,0.05714285714285714,0.14285714285714285,0.03571428571428571,28.0,0.0,0.0,0.0,14.0,0.0,0.0,0.0,30.0,0.5109489051094891,0.3465346534653465,0.9722222222222222,36.0,,,,
p_1773,0.1625,0.12037037037037036,0.25,0.312962962962963,0.23182441700960219,0.48148148148148145,108.0,0.0,0.0,0.0,15.0,0.0,0.0,0.0,25.0,0.65,0.48148148148148145,1.0,52.0,0.0,0.0,0.0,16.0,,,,
p_1774,0.129520697167756,0.11764705882352941,0.2437770562770563,0.15557976276930527,0.13607480029048655,0.2962962962962963,108.0,0.0,0.0,0.0,38.0,0.0,0.0,0.0,9.0,0.058823529411764705,0.16666666666666666,0.03571428571428571,28.0,0.45925925925925926,0.30392156862745096,0.9393939393939394,33.0,,,,
p_1775,0.12758620689655173,0.08564814814814815,0.25,0.1748403575989783,0.11736968449931415,0.3425925925925926,108.0,0.5103448275862069,0.3425925925925926,1.0,37.0,0.0,0.0,0.0,17.0,0.0,0.0,0.0,20.0,0.0,0.0,0.0,34.0,,,,
p_1776,0.11654135338345864,0.0775,0.23484848484848486,0.14243943191311612,0.09472222222222222,0.28703703703703703,108.0,0.0,0.0,0.0,25.0,0.46616541353383456,0.31,0.9393939393939394,33.0,0.0,0.0,0.0,29.0,0.0,0.0,0.0,21.0,,,,
p_1777,0.15161290322580645,0.1087962962962963,0.25,0.26391875746714455,0.18938614540466392,0.4351851851851852,108.0,0.0,0.0,0.0,22.0,0.0,0.0,0.0,9.0,0.6064516129032258,0.4351851851851852,1.0,47.0,0.0,0.0,0.0,30.0,,,,
p_1778,0.16089527027027026,0.14214992927864215,0.23872340425531915,0.2673454704704704,0.21834564408821835,0.4074074074074074,108.0,0.0,0.0,0.0,25.0,0.0,0.0,0.0,11.0,0.581081081081081,0.42574257425742573,0.9148936170212766,47.0,0.0625,0.14285714285714285,0.04,25.0,,,,
p_1779,0.16210462287104624,0.18882602545968882,0.2550287356321839,0.20533702802559248,0.22399025616847398,0.3333333333333333,108.0,0.16666666666666666,0.42857142857142855,0.10344827586206896,29.0,0.0,0.0,0.0,31.0,0.0,0.0,0.0,12.0,0.48175182481751827,0.32673267326732675,0.9166666666666666,36.0,,,,
p_1780,0.1687116564417178,0.12731481481481483,0.25,0.34367189275164733,0.25934499314128945,0.5092592592592593,108.0,0.0,0.0,0.0,20.0,0.0,0.0,0.0,15.0,0.6748466257668712,0.5092592592592593,1.0,55.0,0.0,0.0,0.0,18.0,,,,
p_1781,0.11151079136690648,0.07175925925925926,0.25,0.12803090860644817,0.08239026063100138,0.28703703703703703,108.0,0.0,0.0,0.0,7.0,0.0,0.0,0.0,30.0,0.0,0.0,0.0,40.0,0.4460431654676259,0.28703703703703703,1.0,31.0,,,,
p_1782,0.09090909090909091,0.05555555555555555,0.25,0.0808080808080808,0.04938271604938271,0.2222222222222222,108.0,0.0,0.0,0.0,32.0,0.0,0.0,0.0,34.0,0.36363636363636365,0.2222222222222222,1.0,24.0,0.0,0.0,0.0,18.0,,,,
p_1783,0.15822784810126583,0.11574074074074074,0.25,0.29301453352086265,0.21433470507544583,0.46296296296296297,108.0,0.0,0.0,0.0,27.0,0.0,0.0,0.0,14.0,0.6329113924050633,0.46296296296296297,1.0,50.0,0.0,0.0,0.0,17.0,,,,
p_1784,0.16102484472049688,0.16796322489391796,0.26282051282051283,0.23259144237405105,0.2426135470689926,0.37962962962962965,108.0,0.0,0.0,0.0,18.0,0.5571428571428572,0.38613861386138615,1.0,39.0,0.08695652173913043,0.2857142857142857,0.05128205128205128,39.0,0.0,0.0,0.0,12.0,,,,
p_1785,0.16666666666666666,0.125,0.25,0.3333333333333333,0.25,0.5,108.0,0.0,0.0,0.0,29.0,0.0,0.0,0.0,14.0,0.6666666666666666,0.5,1.0,54.0,0.0,0.0,0.0,11.0,,,,
p_1786,0.16612903225806452,0.19047619047619047,0.25892857142857145,0.266726403823178,0.2649911816578483,0.42592592592592593,108.0,0.06451612903225806,0.3333333333333333,0.03571428571428571,28.0,0.0,0.0,0.0,11.0,0.6,0.42857142857142855,1.0,45.0,0.0,0.0,0.0,24.0,,,,
p_1787,0.16599597585513076,0.2139423076923077,0.2642543859649123,0.21510544749981367,0.2362891737891738,0.3611111111111111,108.0,0.5211267605633803,0.3557692307692308,0.9736842105263158,38.0,0.0,0.0,0.0,11.0,0.0,0.0,0.0,35.0,0.14285714285714285,0.5,0.08333333333333333,24.0,,,,
p_1788,0.15384615384615385,0.1111111111111111,0.25,0.27350427350427353,0.19753086419753085,0.4444444444444444,108.0,0.0,0.0,0.0,18.0,0.0,0.0,0.0,19.0,0.0,0.0,0.0,23.0,0.6153846153846154,0.4444444444444444,1.0,48.0,,,,
p_1789,0.08943089430894309,0.054455445544554455,0.25,0.07286961758506474,0.04437110377704437,0.2037037037037037,108.0,0.0,0.0,0.0,46.0,0.35772357723577236,0.21782178217821782,1.0,22.0,0.0,0.0,0.0,18.0,0.0,0.0,0.0,22.0,,,,
p_1790,0.15822784810126583,0.11574074074074074,0.25,0.29301453352086265,0.21433470507544583,0.46296296296296297,108.0,0.6329113924050633,0.46296296296296297,1.0,50.0,0.0,0.0,0.0,8.0,0.0,0.0,0.0,29.0,0.0,0.0,0.0,21.0,,,,
p_1791,0.15384615384615385,0.1111111111111111,0.25,0.27350427350427353,0.19753086419753085,0.4444444444444444,108.0,0.0,0.0,0.0,30.0,0.0,0.0,0.0,10.0,0.6153846153846154,0.4444444444444444,1.0,48.0,0.0,0.0,0.0,20.0,,,,
p_1792,0.13513513513513514,0.09259259259259259,0.25,0.20020020020020018,0.1371742112482853,0.37037037037037035,108.0,0.0,0.0,0.0,28.0,0.0,0.0,0.0,13.0,0.0,0.0,0.0,27.0,0.5405405405405406,0.37037037037037035,1.0,40.0,,,,
p_1793,0.17073170731707318,0.12962962962962962,0.25,0.3541102077687444,0.2688614540466392,0.5185185185185185,108.0,0.0,0.0,0.0,10.0,0.0,0.0,0.0,13.0,0.6829268292682927,0.5185185185185185,1.0,56.0,0.0,0.0,0.0,29.0,,,,
p_1794,0.1347517730496454,0.09405940594059406,0.2375,0.19963225636984502,0.13934726806013933,0.35185185185185186,108.0,0.0,0.0,0.0,30.0,0.0,0.0,0.0,9.0,0.5390070921985816,0.37623762376237624,0.95,40.0,0.0,0.0,0.0,29.0,,,,
p_1795,0.1,0.0625,0.25,0.1,0.0625,0.25,108.0,0.4,0.25,1.0,27.0,0.0,0.0,0.0,37.0,0.0,0.0,0.0,21.0,0.0,0.0,0.0,23.0,,,,
p_1796,0.17520315193302144,0.21463932107496464,0.2833333333333333,0.18033325125174426,0.2067421027817067,0.3055555555555556,108.0,0.0,0.0,0.0,29.0,0.0,0.0,0.0,25.0,0.44274809160305345,0.2871287128712871,0.9666666666666667,30.0,0.25806451612903225,0.5714285714285714,0.16666666666666666,24.0,,,,
p_1797,0.14,0.09722222222222222,0.25,0.21777777777777782,0.15123456790123455,0.3888888888888889,108.0,0.56,0.3888888888888889,1.0,42.0,0.0,0.0,0.0,14.0,0.0,0.0,0.0,18.0,0.0,0.0,0.0,34.0,,,,
p_1798,0.1561624649859944,0.14646464646464646,0.2583947583947584,0.21047307812013696,0.19248035914702583,0.35185185185185186,108.0,0.0,0.0,0.0,21.0,0.0,0.0,0.0,17.0,0.09523809523809523,0.2222222222222222,0.06060606060606061,33.0,0.5294117647058824,0.36363636363636365,0.972972972972973,37.0,,,,
p_1799,0.11702127659574468,0.0763888888888889,0.25,0.1430260047281324,0.09336419753086421,0.3055555555555556,108.0,0.0,0.0,0.0,39.0,0.0,0.0,0.0,9.0,0.0,0.0,0.0,27.0,0.46808510638297873,0.3055555555555556,1.0,33.0,,,,
p_1800,0.14,0.09722222222222222,0.25,0.21777777777777782,0.15123456790123455,0.3888888888888889,108.0,0.0,0.0,0.0,25.0,0.0,0.0,0.0,7.0,0.56,0.3888888888888889,1.0,42.0,0.0,0.0,0.0,34.0,,,,
p_1801,0.12323943661971831,0.08413461538461539,0.23026315789473684,0.17344809598330727,0.11841168091168093,0.32407407407407407,108.0,0.0,0.0,0.0,35.0,0.0,0.0,0.0,25.0,0.49295774647887325,0.33653846153846156,0.9210526315789473,38.0,0.0,0.0,0.0,10.0,,,,
p_1802,0.10869565217391304,0.06944444444444445,0.25,0.12077294685990338,0.0771604938271605,0.2777777777777778,108.0,0.43478260869565216,0.2777777777777778,1.0,30.0,0.0,0.0,0.0,12.0,0.0,0.0,0.0,39.0,0.0,0.0,0.0,27.0,,,,
p_1803,0.14705882352941177,0.10416666666666667,0.25,0.2450980392156863,0.1736111111111111,0.4166666666666667,108.0,0.0,0.0,0.0,20.0,0.0,0.0,0.0,20.0,0.5882352941176471,0.4166666666666667,1.0,45.0,0.0,0.0,0.0,23.0,,,,
p_1804,0.11006711409395972,0.07592592592592592,0.2,0.20892368878946058,0.14411865569272977,0.37962962962962965,108.0,0.5503355704697986,0.37962962962962965,1.0,41.0,0.0,0.0,0.0,14.0,0.0,0.0,0.0,22.0,0.0,0.0,0.0,29.0,0.0,0.0,0.0,2.0
p_1805,0.10206896551724139,0.06851851851851852,0.2,0.1748403575989783,0.11736968449931415,0.3425925925925926,108.0,0.0,0.0,0.0,23.0,0.0,0.0,0.0,10.0,0.0,0.0,0.0,34.0,0.5103448275862069,0.3425925925925926,1.0,37.0,0.0,0.0,0.0,4.0
p_1806,0.12651515151515152,0.14095238095238094,0.21052631578947367,0.21159511784511784,0.1927689594356261,0.37037037037037035,108.0,0.0,0.0,0.0,30.0,0.0,0.0,0.0,16.0,0.09090909090909091,0.3333333333333333,0.05263157894736842,19.0,0.5416666666666666,0.37142857142857144,1.0,39.0,0.0,0.0,0.0,4.0
p_1807,0.10649701176016965,0.11336633663366338,0.20571428571428568,0.15919785218030832,0.1748945727906124,0.3055555555555556,108.0,0.05128205128205128,0.25,0.02857142857142857,35.0,0.0,0.0,0.0,12.0,0.0,0.0,0.0,25.0,0.48120300751879697,0.31683168316831684,1.0,32.0,0.0,0.0,0.0,4.0
p_1808,0.1,0.06666666666666667,0.2,0.16666666666666666,0.1111111111111111,0.3333333333333333,108.0,0.0,0.0,0.0,26.0,0.0,0.0,0.0,7.0,0.5,0.3333333333333333,1.0,36.0,0.0,0.0,0.0,35.0,0.0,0.0,0.0,4.0
p_1809,0.07039999999999999,0.043137254901960784,0.19130434782608696,0.07496296296296297,0.045933188090050835,0.2037037037037037,108.0,0.352,0.21568627450980393,0.9565217391304348,23.0,0.0,0.0,0.0,32.0,0.0,0.0,0.0,22.0,0.0,0.0,0.0,27.0,0.0,0.0,0.0,4.0
p_1810,0.1279182630906769,0.12884615384615383,0.20869565217391303,0.23046213518755024,0.20290242165242164,0.3888888888888889,108.0,0.0,0.0,0.0,23.0,0.0,0.0,0.0,17.0,0.07407407407407407,0.25,0.043478260869565216,23.0,0.5655172413793104,0.3942307692307692,1.0,41.0,0.0,0.0,0.0,4.0
p_1811,0.13,0.0962962962962963,0.2,0.312962962962963,0.23182441700960219,0.48148148148148145,108.0,0.0,0.0,0.0,29.0,0.0,0.0,0.0,9.0,0.0,0.0,0.0,14.0,0.65,0.48148148148148145,1.0,52.0,0.0,0.0,0.0,4.0
p_1812,0.11764705882352941,0.08333333333333334,0.2,0.2450980392156863,0.1736111111111111,0.4166666666666667,108.0,0.0,0.0,0.0,24.0,0.0,0.0,0.0,9.0,0.0,0.0,0.0,25.0,0.5882352941176471,0.4166666666666667,1.0,45.0,0.0,0.0,0.0,5.0
p_1813,0.11375198728139904,0.09787835926449787,0.2066666666666667,0.1818178472590237,0.15198543663890196,0.3333333333333333,108.0,0.5147058823529411,0.3465346534653465,1.0,35.0,0.0,0.0,0.0,19.0,0.0,0.0,0.0,19.0,0.05405405405405406,0.14285714285714285,0.03333333333333333,30.0,0.0,0.0,0.0,5.0
p_1814,0.07761194029850746,0.04814814814814815,0.2,0.09342177998894417,0.057956104252400546,0.24074074074074073,108.0,0.3880597014925373,0.24074074074074073,1.0,26.0,0.0,0.0,0.0,26.0,0.0,0.0,0.0,23.0,0.0,0.0,0.0,28.0,0.0,0.0,0.0,5.0
p_1815,0.12830188679245283,0.09444444444444444,0.2,0.30293501048218024,0.22299382716049382,0.4722222222222222,108.0,0.0,0.0,0.0,24.0,0.0,0.0,0.0,10.0,0.6415094339622641,0.4722222222222222,1.0,51.0,0.0,0.0,0.0,18.0,0.0,0.0,0.0,5.0
p_1816,0.08920863309352518,0.05740740740740741,0.2,0.12803090860644817,0.08239026063100138,0.28703703703703703,108.0,0.0,0.0,0.0,34.0,0.0,0.0,0.0,1.0,0.4460431654676259,0.28703703703703703,1.0,31.0,0.0,0.0,0.0,36.0,0.0,0.0,0.0,6.0
p_1817,0.12640692640692638,0.14666666666666667,0.2066666666666667,0.23905723905723908,0.24814814814814815,0.39814814814814814,108.0,0.5714285714285714,0.4,1.0,42.0,0.0,0.0,0.0,6.0,0.06060606060606061,0.3333333333333333,0.03333333333333333,30.0,0.0,0.0,0.0,24.0,0.0,0.0,0.0,6.0
p_1818,0.11948051948051948,0.08518518518518518,0.2,0.2544492544492544,0.18141289437585734,0.42592592592592593,108.0,0.5974025974025974,0.42592592592592593,1.0,46.0,0.0,0.0,0.0,7.0,0.0,0.0,0.0,30.0,0.0,0.0,0.0,19.0,0.0,0.0,0.0,6.0
p_1819,0.09142857142857143,0.059259259259259255,0.2,0.13544973544973546,0.0877914951989026,0.2962962962962963,108.0,0.0,0.0,0.0,32.0,0.0,0.0,0.0,8.0,0.45714285714285713,0.2962962962962963,1.0,32.0,0.0,0.0,0.0,30.0,0.0,0.0,0.0,6.0
p_1820,0.10855263157894737,0.101010101010101,0.20689655172413796,0.1457419590643275,0.13561541339319116,0.2777777777777778,108.0,0.10526315789473684,0.2222222222222222,0.06896551724137931,29.0,0.0,0.0,0.0,21.0,0.0,0.0,0.0,23.0,0.4375,0.2828282828282828,0.9655172413793104,29.0,0.0,0.0,0.0,6.0
p_1821,0.10931827349737797,0.09391796322489392,0.2066666666666667,0.16551252745282596,0.13951752318088953,0.3148148148148148,108.0,0.0,0.0,0.0,33.0,0.0,0.0,0.0,6.0,0.05405405405405406,0.14285714285714285,0.03333333333333333,30.0,0.4925373134328358,0.32673267326732675,1.0,33.0,0.0,0.0,0.0,6.0
p_1822,0.10410958904109588,0.07037037037037037,0.2,0.18315575849822424,0.1237997256515775,0.35185185185185186,108.0,0.0,0.0,0.0,22.0,0.0,0.0,0.0,5.0,0.5205479452054794,0.35185185185185186,1.0,38.0,0.0,0.0,0.0,37.0,0.0,0.0,0.0,6.0
p_1823,0.12129032258064516,0.08703703703703704,0.2,0.26391875746714455,0.18938614540466392,0.4351851851851852,108.0,0.0,0.0,0.0,21.0,0.0,0.0,0.0,11.0,0.0,0.0,0.0,23.0,0.6064516129032258,0.4351851851851852,1.0,47.0,0.0,0.0,0.0,6.0
p_1824,0.11006711409395972,0.07592592592592592,0.2,0.20892368878946058,0.14411865569272977,0.37962962962962965,108.0,0.0,0.0,0.0,29.0,0.0,0.0,0.0,11.0,0.0,0.0,0.0,21.0,0.5503355704697986,0.37962962962962965,1.0,41.0,0.0,0.0,0.0,6.0
p_1825,0.11200000000000002,0.07777777777777778,0.2,0.21777777777777782,0.15123456790123455,0.3888888888888889,108.0,0.0,0.0,0.0,32.0,0.0,0.0,0.0,7.0,0.56,0.3888888888888889,1.0,42.0,0.0,0.0,0.0,21.0,0.0,0.0,0.0,6.0
p_1826,0.15553319919517103,0.17843137254901958,0.22727272727272724,0.2523101572397347,0.24709513435003633,0.39814814814814814,108.0,0.21428571428571427,0.5,0.13636363636363635,22.0,0.0,0.0,0.0,8.0,0.0,0.0,0.0,29.0,0.5633802816901409,0.39215686274509803,1.0,40.0,0.0,0.0,0.0,9.0
p_1827,0.15198094825719852,0.15021216407355023,0.2125,0.3090616054461042,0.27031274556027035,0.4537037037037037,108.0,0.6308724832214765,0.46534653465346537,0.9791666666666666,48.0,0.0,0.0,0.0,7.0,0.12903225806451613,0.2857142857142857,0.08333333333333333,24.0,0.0,0.0,0.0,20.0,0.0,0.0,0.0,9.0
p_1828,0.12335985853227234,0.10975954738330977,0.19261363636363635,0.2455905950158824,0.20771124731520774,0.3888888888888889,108.0,0.5655172413793104,0.40594059405940597,0.9318181818181818,44.0,0.0,0.0,0.0,5.0,0.0,0.0,0.0,18.0,0.05128205128205128,0.14285714285714285,0.03125,32.0,0.0,0.0,0.0,9.0
p_1829,0.11543624161073826,0.0819047619047619,0.19545454545454546,0.23514789957742982,0.16684303350970017,0.39814814814814814,108.0,0.0,0.0,0.0,21.0,0.0,0.0,0.0,12.0,0.0,0.0,0.0,22.0,0.5771812080536913,0.4095238095238095,0.9772727272727273,44.0,0.0,0.0,0.0,9.0
p_1830,0.12244897959183673,0.0891089108910891,0.1956521739130435,0.26077097505668934,0.18976897689768976,0.4166666666666667,108.0,0.6122448979591837,0.44554455445544555,0.9782608695652174,46.0,0.0,0.0,0.0,10.0,0.0,0.0,0.0,17.0,0.0,0.0,0.0,26.0,0.0,0.0,0.0,9.0
p_1831,0.0979020979020979,0.06481481481481481,0.2,0.15863765863765864,0.10502400548696844,0.32407407407407407,108.0,0.48951048951048953,0.32407407407407407,1.0,35.0,0.0,0.0,0.0,30.0,0.0,0.0,0.0,13.0,0.0,0.0,0.0,21.0,0.0,0.0,0.0,9.0
p_1832,0.10410958904109588,0.07037037037037037,0.2,0.18315575849822424,0.1237997256515775,0.35185185185185186,108.0,0.5205479452054794,0.35185185185185186,1.0,38.0,0.0,0.0,0.0,25.0,0.0,0.0,0.0,17.0,0.0,0.0,0.0,19.0,0.0,0.0,0.0,9.0
p_1833,0.10206896551724139,0.06851851851851852,0.2,0.1748403575989783,0.11736968449931415,0.3425925925925926,108.0,0.0,0.0,0.0,22.0,0.0,0.0,0.0,12.0,0.5103448275862069,0.3425925925925926,1.0,37.0,0.0,0.0,0.0,28.0,0.0,0.0,0.0,9.0
p_1834,0.10206896551724139,0.06851851851851852,0.2,0.1748403575989783,0.11736968449931415,0.3425925925925926,108.0,0.0,0.0,0.0,34.0,0.0,0.0,0.0,11.0,0.5103448275862069,0.3425925925925926,1.0,37.0,0.0,0.0,0.0,16.0,0.0,0.0,0.0,10.0
p_1835,0.11578947368421053,0.08148148148148147,0.2,0.23586744639376217,0.16598079561042522,0.4074074074074074,108.0,0.0,0.0,0.0,24.0,0.0,0.0,0.0,11.0,0.5789473684210527,0.4074074074074074,1.0,44.0,0.0,0.0,0.0,19.0,0.0,0.0,0.0,10.0
p_1836,0.11764705882352941,0.08333333333333334,0.2,0.2450980392156863,0.1736111111111111,0.4166666666666667,108.0,0.0,0.0,0.0,22.0,0.0,0.0,0.0,6.0,0.5882352941176471,0.4166666666666667,1.0,45.0,0.0,0.0,0.0,25.0,0.0,0.0,0.0,10.0
p_1837,0.10612244897959185,0.07222222222222222,0.2,0.19160997732426305,0.13040123456790123,0.3611111111111111,108.0,0.0,0.0,0.0,36.0,0.0,0.0,0.0,11.0,0.5306122448979592,0.3611111111111111,1.0,39.0,0.0,0.0,0.0,12.0,0.0,0.0,0.0,10.0
p_1838,0.10480769230769231,0.08282828282828283,0.20224403927068724,0.14578881766381768,0.11064347175458288,0.28703703703703703,108.0,0.0625,0.1111111111111111,0.043478260869565216,23.0,0.0,0.0,0.0,10.0,0.0,0.0,0.0,34.0,0.46153846153846156,0.30303030303030304,0.967741935483871,31.0,0.0,0.0,0.0,10.0
p_1839,0.09590994371482177,0.08401697312588402,0.19898580121703854,0.13102633590438467,0.11941432238461942,0.26851851851851855,108.0,0.4307692307692308,0.27722772277227725,0.9655172413793104,29.0,0.0,0.0,0.0,7.0,0.0,0.0,0.0,27.0,0.04878048780487805,0.14285714285714285,0.029411764705882353,34.0,0.0,0.0,0.0,11.0
p_1840,0.10183150183150183,0.08282828282828283,0.19960899315738026,0.14702889702889704,0.12093153759820427,0.28703703703703703,108.0,0.0,0.0,0.0,26.0,0.0,0.0,0.0,7.0,0.46153846153846156,0.30303030303030304,0.967741935483871,31.0,0.047619047619047616,0.1111111111111111,0.030303030303030304,33.0,0.0,0.0,0.0,11.0
p_1841,0.11556101556101557,0.10707070707070707,0.20216450216450216,0.17154654654654655,0.15329218106995887,0.3055555555555556,108.0,0.4696969696969697,0.31313131313131315,0.9393939393939394,33.0,0.0,0.0,0.0,15.0,0.10810810810810811,0.2222222222222222,0.07142857142857142,28.0,0.0,0.0,0.0,21.0,0.0,0.0,0.0,11.0
p_1842,0.13333333333333333,0.1,0.2,0.3333333333333333,0.25,0.5,108.0,0.6666666666666666,0.5,1.0,54.0,0.0,0.0,0.0,7.0,0.0,0.0,0.0,19.0,0.0,0.0,0.0,17.0,0.0,0.0,0.0,11.0
p_1843,0.12190476190476189,0.10381895332390383,0.20356744704570792,0.21022927689594353,0.1662868667819163,0.3611111111111111,108.0,0.06666666666666667,0.14285714285714285,0.043478260869565216,23.0,0.0,0.0,0.0,15.0,0.5428571428571428,0.37623762376237624,0.9743589743589743,39.0,0.0,0.0,0.0,20.0,0.0,0.0,0.0,11.0
p_1844,0.10012127091923358,0.10576923076923077,0.2074074074074074,0.13322733356689215,0.13737535612535612,0.2777777777777778,108.0,0.06451612903225806,0.25,0.037037037037037035,27.0,0.0,0.0,0.0,16.0,0.43609022556390975,0.27884615384615385,1.0,29.0,0.0,0.0,0.0,25.0,0.0,0.0,0.0,11.0
p_1845,0.12452488687782806,0.14314002828854314,0.22222222222222224,0.16391821685939334,0.18424223374718426,0.2962962962962963,108.0,0.0,0.0,0.0,15.0,0.0,0.0,0.0,26.0,0.17647058823529413,0.42857142857142855,0.1111111111111111,27.0,0.4461538461538462,0.2871287128712871,1.0,29.0,0.0,0.0,0.0,11.0
p_1846,0.11390728476821192,0.07962962962962963,0.2,0.22675987245523668,0.15852194787379972,0.39814814814814814,108.0,0.0,0.0,0.0,20.0,0.0,0.0,0.0,16.0,0.5695364238410596,0.39814814814814814,1.0,43.0,0.0,0.0,0.0,18.0,0.0,0.0,0.0,11.0
p_1847,0.08920863309352518,0.05740740740740741,0.2,0.12803090860644817,0.08239026063100138,0.28703703703703703,108.0,0.4460431654676259,0.28703703703703703,1.0,31.0,0.0,0.0,0.0,16.0,0.0,0.0,0.0,34.0,0.0,0.0,0.0,16.0,0.0,0.0,0.0,11.0
p_1848,0.1330612244897959,0.1157001414427157,0.2,0.26917359536407154,0.21597516894546598,0.4166666666666667,108.0,0.0,0.0,0.0,17.0,0.0,0.0,0.0,11.0,0.5986394557823129,0.43564356435643564,0.9565217391304348,46.0,0.06666666666666667,0.14285714285714285,0.043478260869565216,23.0,0.0,0.0,0.0,11.0
p_1849,0.10810810810810811,0.07407407407407407,0.2,0.20020020020020018,0.1371742112482853,0.37037037037037035,108.0,0.5405405405405406,0.37037037037037035,1.0,40.0,0.0,0.0,0.0,12.0,0.0,0.0,0.0,16.0,0.0,0.0,0.0,29.0,0.0,0.0,0.0,11.0
p_1850,0.1435690913667254,0.155021216407355,0.2217171717171717,0.21246189557289483,0.2028131384567028,0.35185185185185186,108.0,0.20689655172413793,0.42857142857142855,0.13636363636363635,22.0,0.5109489051094891,0.3465346534653465,0.9722222222222222,36.0,0.0,0.0,0.0,16.0,0.0,0.0,0.0,20.0,0.0,0.0,0.0,14.0
p_1851,0.1,0.06666666666666667,0.2,0.16666666666666666,0.1111111111111111,0.3333333333333333,108.0,0.0,0.0,0.0,16.0,0.0,0.0,0.0,24.0,0.5,0.3333333333333333,1.0,36.0,0.0,0.0,0.0,18.0,0.0,0.0,0.0,14.0
p_1852,0.12129032258064516,0.08703703703703704,0.2,0.26391875746714455,0.18938614540466392,0.4351851851851852,108.0,0.6064516129032258,0.4351851851851852,1.0,47.0,0.0,0.0,0.0,12.0,0.0,0.0,0.0,21.0,0.0,0.0,0.0,13.0,0.0,0.0,0.0,15.0
p_1853,0.11948051948051948,0.08518518518518518,0.2,0.2544492544492544,0.18141289437585734,0.42592592592592593,108.0,0.5974025974025974,0.42592592592592593,1.0,46.0,0.0,0.0,0.0,14.0,0.0,0.0,0.0,19.0,0.0,0.0,0.0,11.0,0.0,0.0,0.0,18.0
p_1854,0.10206896551724139,0.06851851851851852,0.2,0.1748403575989783,0.11736968449931415,0.3425925925925926,108.0,0.0,0.0,0.0,24.0,0.0,0.0,0.0,9.0,0.5103448275862069,0.3425925925925926,1.0,37.0,0.0,0.0,0.0,19.0,0.0,0.0,0.0,19.0
p_1855,0.08097367113760556,0.142,0.1973607038123167,0.08752368861658479,0.1862962962962963,0.2037037037037037,108.0,0.06060606060606061,0.5,0.03225806451612903,31.0,0.0,0.0,0.0,13.0,0.0,0.0,0.0,22.0,0.3442622950819672,0.21,0.9545454545454546,22.0,0.0,0.0,0.0,20.0
p_1856,0.07518796992481203,0.046296296296296294,0.2,0.08702311333890281,0.05358367626886146,0.23148148148148148,108.0,0.0,0.0,0.0,27.0,0.37593984962406013,0.23148148148148148,1.0,25.0,0.0,0.0,0.0,24.0,0.0,0.0,0.0,12.0,0.0,0.0,0.0,20.0
p_1857,0.1341216216216216,0.11768033946251769,0.19948936170212767,0.2791072322322322,0.226963172507727,0.42592592592592593,108.0,0.0625,0.14285714285714285,0.04,25.0,0.0,0.0,0.0,4.0,0.6081081081081081,0.44554455445544555,0.9574468085106383,47.0,0.0,0.0,0.0,12.0,0.0,0.0,0.0,20.0
p_1858,0.08,0.05,0.2,0.1,0.0625,0.25,108.0,0.0,0.0,0.0,27.0,0.0,0.0,0.0,23.0,0.4,0.25,1.0,27.0,0.0,0.0,0.0,11.0,0.0,0.0,0.0,20.0
p_1859,0.12129032258064516,0.08703703703703704,0.2,0.26391875746714455,0.18938614540466392,0.4351851851851852,108.0,0.6064516129032258,0.4351851851851852,1.0,47.0,0.0,0.0,0.0,11.0,0.0,0.0,0.0,23.0,0.0,0.0,0.0,7.0,0.0,0.0,0.0,20.0
p_1860,0.10612244897959185,0.07222222222222222,0.2,0.19160997732426305,0.13040123456790123,0.3611111111111111,108.0,0.0,0.0,0.0,24.0,0.0,0.0,0.0,5.0,0.5306122448979592,0.3611111111111111,1.0,39.0,0.0,0.0,0.0,20.0,0.0,0.0,0.0,20.0
p_1861,0.09479298958597918,0.08005657708628006,0.20833333333333334,0.11290792951956276,0.09371889569909372,0.25,108.0,0.0,0.0,0.0,21.0,0.4094488188976378,0.25742574257425743,1.0,26.0,0.06451612903225806,0.14285714285714285,0.041666666666666664,24.0,0.0,0.0,0.0,13.0,0.0,0.0,0.0,24.0
p_1862,0.10401866735805029,0.08797736916548797,0.1965909090909091,0.1477160333784653,0.1171093299806171,0.28703703703703703,108.0,0.06896551724137931,0.14285714285714285,0.045454545454545456,22.0,0.0,0.0,0.0,5.0,0.0,0.0,0.0,24.0,0.45112781954887216,0.297029702970297,0.9375,32.0,0.0,0.0,0.0,25.0
p_1863,0.07022900763358778,0.04259259259259259,0.2,0.074780887757987,0.045353223593964334,0.21296296296296297,108.0,0.0,0.0,0.0,18.0,0.0,0.0,0.0,24.0,0.3511450381679389,0.21296296296296297,1.0,23.0,0.0,0.0,0.0,17.0,0.0,0.0,0.0,26.0
p_1864,0.08467153284671533,0.05370370370370371,0.2,0.1136793728034604,0.07210219478737999,0.26851851851851855,108.0,0.4233576642335766,0.26851851851851855,1.0,29.0,0.0,0.0,0.0,6.0,0.0,0.0,0.0,16.0,0.0,0.0,0.0,31.0,0.0,0.0,0.0,26.0
p_1865,0.09285714285714285,0.07609618104667609,0.20376470588235293,0.10130070546737213,0.0774922730368275,0.23148148148148148,108.0,0.38095238095238093,0.2376237623762376,0.96,25.0,0.0,0.0,0.0,12.0,0.0,0.0,0.0,27.0,0.08333333333333333,0.14285714285714285,0.058823529411764705,17.0,0.0,0.0,0.0,27.0
p_1866,0.08920863309352518,0.05740740740740741,0.2,0.12803090860644817,0.08239026063100138,0.28703703703703703,108.0,0.0,0.0,0.0,12.0,0.0,0.0,0.0,16.0,0.0,0.0,0.0,22.0,0.4460431654676259,0.28703703703703703,1.0,31.0,0.0,0.0,0.0,27.0
p_1867,0.0955223880597015,0.06336633663366337,0.19393939393939394,0.14593698175787728,0.09680968096809682,0.2962962962962963,108.0,0.0,0.0,0.0,16.0,0.47761194029850745,0.31683168316831684,0.9696969696969697,33.0,0.0,0.0,0.0,19.0,0.0,0.0,0.0,13.0,0.0,0.0,0.0,27.0
p_1868,0.10206896551724139,0.06851851851851852,0.2,0.1748403575989783,0.11736968449931415,0.3425925925925926,108.0,0.0,0.0,0.0,23.0,0.0,0.0,0.0,9.0,0.5103448275862069,0.3425925925925926,1.0,37.0,0.0,0.0,0.0,12.0,0.0,0.0,0.0,27.0
p_1869,0.08235552625796529,0.06899999999999999,0.19820089955022488,0.09069638744435492,0.08041666666666665,0.21296296296296297,108.0,0.35772357723577236,0.22,0.9565217391304348,23.0,0.0,0.0,0.0,16.0,0.05405405405405406,0.125,0.034482758620689655,29.0,0.0,0.0,0.0,13.0,0.0,0.0,0.0,27.0
p_1870,0.10410958904109588,0.07037037037037037,0.2,0.18315575849822424,0.1237997256515775,0.35185185185185186,108.0,0.5205479452054794,0.35185185185185186,1.0,38.0,0.0,0.0,0.0,9.0,0.0,0.0,0.0,21.0,0.0,0.0,0.0,13.0,0.0,0.0,0.0,27.0
p_1871,0.1063304168811117,0.08995756718528995,0.19696969696969696,0.1554249823678542,0.12288490753837288,0.2962962962962963,108.0,0.4626865671641791,0.3069306930693069,0.9393939393939394,33.0,0.0,0.0,0.0,10.0,0.0,0.0,0.0,15.0,0.06896551724137931,0.14285714285714285,0.045454545454545456,22.0,0.0,0.0,0.0,28.0
p_1872,0.08888888888888888,0.05769230769230769,0.1935483870967742,0.12757201646090535,0.0827991452991453,0.2777777777777778,108.0,0.0,0.0,0.0,18.0,0.0,0.0,0.0,16.0,0.4444444444444444,0.28846153846153844,0.967741935483871,31.0,0.0,0.0,0.0,15.0,0.0,0.0,0.0,28.0
p_1873,0.1435690913667254,0.155021216407355,0.2217171717171717,0.21246189557289483,0.2028131384567028,0.35185185185185186,108.0,0.20689655172413793,0.42857142857142855,0.13636363636363635,22.0,0.0,0.0,0.0,6.0,0.5109489051094891,0.3465346534653465,0.9722222222222222,36.0,0.0,0.0,0.0,13.0,0.0,0.0,0.0,31.0
p_1874,0.10612244897959185,0.07222222222222222,0.2,0.19160997732426305,0.13040123456790123,0.3611111111111111,108.0,0.5306122448979592,0.3611111111111111,1.0,39.0,0.0,0.0,0.0,14.0,0.0,0.0,0.0,13.0,0.0,0.0,0.0,11.0,0.0,0.0,0.0,31.0
p_1875,0.07022900763358778,0.04259259259259259,0.2,0.074780887757987,0.045353223593964334,0.21296296296296297,108.0,0.0,0.0,0.0,19.0,0.0,0.0,0.0,9.0,0.3511450381679389,0.21296296296296297,1.0,23.0,0.0,0.0,0.0,27.0,0.0,0.0,0.0,30.0
p_1876,0.07272727272727272,0.04444444444444444,0.2,0.0808080808080808,0.04938271604938271,0.2222222222222222,108.0,0.36363636363636365,0.2222222222222222,1.0,24.0,0.0,0.0,0.0,20.0,0.0,0.0,0.0,19.0,0.0,0.0,0.0,15.0,0.0,0.0,0.0,30.0
p_1877,0.08,0.05,0.2,0.1,0.0625,0.25,108.0,0.4,0.25,1.0,27.0,0.0,0.0,0.0,12.0,0.0,0.0,0.0,16.0,0.0,0.0,0.0,22.0,0.0,0.0,0.0,31.0
p_1878,0.1115223880597015,0.09193776520509193,0.20505050505050507,0.15927031509121062,0.12061920477762061,0.3055555555555556,108.0,0.08,0.14285714285714285,0.05555555555555555,18.0,0.0,0.0,0.0,6.0,0.47761194029850745,0.31683168316831684,0.9696969696969697,33.0,0.0,0.0,0.0,19.0,0.0,0.0,0.0,32.0
p_1879,0.0979020979020979,0.06481481481481481,0.2,0.15863765863765864,0.10502400548696844,0.32407407407407407,108.0,0.48951048951048953,0.32407407407407407,1.0,35.0,0.0,0.0,0.0,6.0,0.0,0.0,0.0,22.0,0.0,0.0,0.0,11.0,0.0,0.0,0.0,34.0
p_1880,0.09717261904761905,0.08235294117647059,0.20564102564102565,0.10726686507936509,0.08215323166303558,0.24074074074074073,108.0,0.09523809523809523,0.16666666666666666,0.06666666666666667,15.0,0.0,0.0,0.0,8.0,0.390625,0.24509803921568626,0.9615384615384616,26.0,0.0,0.0,0.0,25.0,0.0,0.0,0.0,34.0
p_1881,0.08920863309352518,0.05740740740740741,0.2,0.12803090860644817,0.08239026063100138,0.28703703703703703,108.0,0.4460431654676259,0.28703703703703703,1.0,31.0,0.0,0.0,0.0,4.0,0.0,0.0,0.0,20.0,0.0,0.0,0.0,18.0,0.0,0.0,0.0,35.0
p_1882,0.09821138211382115,0.1007072135785007,0.21739130434782608,0.10126467931345981,0.10521766462360521,0.2222222222222222,108.0,0.13333333333333333,0.2857142857142857,0.08695652173913043,23.0,0.0,0.0,0.0,17.0,0.0,0.0,0.0,10.0,0.35772357723577236,0.21782178217821782,1.0,22.0,0.0,0.0,0.0,36.0
p_1883,0.06,0.03564356435643564,0.1894736842105263,0.05277777777777778,0.03135313531353135,0.16666666666666666,108.0,0.3,0.1782178217821782,0.9473684210526315,19.0,0.0,0.0,0.0,17.0,0.0,0.0,0.0,15.0,0.0,0.0,0.0,21.0,0.0,0.0,0.0,36.0
p_1884,0.07761194029850746,0.04814814814814815,0.2,0.09342177998894417,0.057956104252400546,0.24074074074074073,108.0,0.3880597014925373,0.24074074074074073,1.0,26.0,0.0,0.0,0.0,10.0,0.0,0.0,0.0,10.0,0.0,0.0,0.0,26.0,0.0,0.0,0.0,36.0
p_1885,0.10007158196134573,0.08005657708628006,0.21333333333333332,0.11119727458310136,0.08181413379433182,0.25,108.0,0.4094488188976378,0.25742574257425743,1.0,26.0,0.0,0.0,0.0,14.0,0.09090909090909091,0.14285714285714285,0.06666666666666667,15.0,0.0,0.0,0.0,17.0,0.0,0.0,0.0,36.0
p_1886,0.1205587610081992,0.09109123434704831,0.1913978494623656,0.1497199446637649,0.11477837408069966,0.23148148148148148,108.0,0.24324324324324326,0.20930232558139536,0.2903225806451613,31.0,0.0,0.0,0.0,7.0,0.0,0.0,0.0,10.0,0.3595505617977528,0.24615384615384617,0.6666666666666666,24.0,0.0,0.0,0.0,36.0
p_1887,0.07761194029850746,0.04814814814814815,0.2,0.09342177998894417,0.057956104252400546,0.24074074074074073,108.0,0.3880597014925373,0.24074074074074073,1.0,26.0,0.0,0.0,0.0,10.0,0.0,0.0,0.0,23.0,0.0,0.0,0.0,13.0,0.0,0.0,0.0,36.0
p_1888,0.08,0.05,0.2,0.1,0.0625,0.25,108.0,0.4,0.25,1.0,27.0,0.0,0.0,0.0,8.0,0.0,0.0,0.0,21.0,0.0,0.0,0.0,16.0,0.0,0.0,0.0,36.0
p_1889,0.09361702127659574,0.061111111111111116,0.2,0.1430260047281324,0.09336419753086421,0.3055555555555556,108.0,0.46808510638297873,0.3055555555555556,1.0,33.0,0.0,0.0,0.0,5.0,0.0,0.0,0.0,18.0,0.0,0.0,0.0,16.0,0.0,0.0,0.0,36.0
p_1890,0.09412477286493035,0.07807637906647807,0.202834008097166,0.10831258272203155,0.08472156739483472,0.24074074074074073,108.0,0.3937007874015748,0.24752475247524752,0.9615384615384616,26.0,0.0,0.0,0.0,8.0,0.0,0.0,0.0,19.0,0.07692307692307693,0.14285714285714285,0.05263157894736842,19.0,0.0,0.0,0.0,36.0
p_1891,0.09142857142857143,0.059259259259259255,0.2,0.13544973544973546,0.0877914951989026,0.2962962962962963,108.0,0.45714285714285713,0.2962962962962963,1.0,32.0,0.0,0.0,0.0,13.0,0.0,0.0,0.0,13.0,0.0,0.0,0.0,14.0,0.0,0.0,0.0,36.0
p_1892,0.09253326092859082,0.075,0.1947089947089947,0.11183515853621746,0.08680555555555555,0.24074074074074073,108.0,0.3937007874015748,0.25,0.9259259259259259,27.0,0.0,0.0,0.0,8.0,0.06896551724137931,0.125,0.047619047619047616,21.0,0.0,0.0,0.0,15.0,0.0,0.0,0.0,37.0
p_1893,0.06769230769230769,0.04074074074074074,0.2,0.06894586894586895,0.041495198902606306,0.2037037037037037,108.0,0.3384615384615385,0.2037037037037037,1.0,22.0,0.0,0.0,0.0,10.0,0.0,0.0,0.0,14.0,0.0,0.0,0.0,25.0,0.0,0.0,0.0,37.0
p_1894,0.07518796992481203,0.046296296296296294,0.2,0.08702311333890281,0.05358367626886146,0.23148148148148148,108.0,0.0,0.0,0.0,21.0,0.0,0.0,0.0,10.0,0.0,0.0,0.0,15.0,0.37593984962406013,0.23148148148148148,1.0,25.0,0.0,0.0,0.0,37.0
p_1895,0.0979020979020979,0.06481481481481481,0.2,0.15863765863765864,0.10502400548696844,0.32407407407407407,108.0,0.48951048951048953,0.32407407407407407,1.0,35.0,0.0,0.0,0.0,6.0,0.0,0.0,0.0,12.0,0.0,0.0,0.0,18.0,0.0,0.0,0.0,37.0
p_1896,0.09480991735537189,0.09476661951909476,0.21222222222222223,0.08482399755127029,0.08245586463408244,0.19444444444444445,108.0,0.3140495867768595,0.18811881188118812,0.95,20.0,0.0,0.0,0.0,8.0,0.0,0.0,0.0,25.0,0.16,0.2857142857142857,0.1111111111111111,18.0,0.0,0.0,0.0,37.0
p_1897,0.07619047619047618,0.047524752475247525,0.192,0.08818342151675485,0.05500550055005501,0.2222222222222222,108.0,0.38095238095238093,0.2376237623762376,0.96,25.0,0.0,0.0,0.0,6.0,0.0,0.0,0.0,13.0,0.0,0.0,0.0,27.0,0.0,0.0,0.0,37.0
p_1898,0.08,0.05148514851485149,0.1793103448275862,0.10740740740740742,0.06912357902456913,0.24074074074074073,108.0,0.4,0.25742574257425743,0.896551724137931,29.0,0.0,0.0,0.0,6.0,0.0,0.0,0.0,18.0,0.0,0.0,0.0,17.0,0.0,0.0,0.0,38.0
p_1899,0.09361702127659574,0.061111111111111116,0.2,0.1430260047281324,0.09336419753086421,0.3055555555555556,108.0,0.0,0.0,0.0,24.0,0.0,0.0,0.0,6.0,0.46808510638297873,0.3055555555555556,1.0,33.0,0.0,0.0,0.0,7.0,0.0,0.0,0.0,38.0
p_1900,0.11200000000000002,0.07777777777777778,0.2,0.21777777777777782,0.15123456790123455,0.3888888888888889,108.0,0.56,0.3888888888888889,1.0,42.0,0.0,0.0,0.0,1.0,0.0,0.0,0.0,8.0,0.0,0.0,0.0,18.0,0.0,0.0,0.0,39.0
p_1901,0.07761194029850746,0.04814814814814815,0.2,0.09342177998894417,0.057956104252400546,0.24074074074074073,108.0,0.3880597014925373,0.24074074074074073,1.0,26.0,0.0,0.0,0.0,7.0,0.0,0.0,0.0,13.0,0.0,0.0,0.0,24.0,0.0,0.0,0.0,38.0
p_1902,0.10206896551724139,0.06851851851851852,0.2,0.1748403575989783,0.11736968449931415,0.3425925925925926,108.0,0.5103448275862069,0.3425925925925926,1.0,37.0,0.0,0.0,0.0,7.0,0.0,0.0,0.0,13.0,0.0,0.0,0.0,13.0,0.0,0.0,0.0,38.0
p_1903,0.09636363636363636,0.09278642149929278,0.216140350877193,0.07803030303030303,0.07103567499607104,0.18518518518518517,108.0,0.18181818181818182,0.2857142857142857,0.13333333333333333,15.0,0.0,0.0,0.0,8.0,0.3,0.1782178217821782,0.9473684210526315,19.0,0.0,0.0,0.0,27.0,0.0,0.0,0.0,39.0
p_1904,0.08695652173913043,0.05555555555555556,0.2,0.12077294685990338,0.0771604938271605,0.2777777777777778,108.0,0.43478260869565216,0.2777777777777778,1.0,30.0,0.0,0.0,0.0,5.0,0.0,0.0,0.0,12.0,0.0,0.0,0.0,22.0,0.0,0.0,0.0,39.0
p_1905,0.07272727272727272,0.04444444444444444,0.2,0.0808080808080808,0.04938271604938271,0.2222222222222222,108.0,0.36363636363636365,0.2222222222222222,1.0,24.0,0.0,0.0,0.0,8.0,0.0,0.0,0.0,11.0,0.0,0.0,0.0,26.0,0.0,0.0,0.0,39.0
p_1906,0.07761194029850746,0.04814814814814815,0.2,0.09342177998894417,0.057956104252400546,0.24074074074074073,108.0,0.3880597014925373,0.24074074074074073,1.0,26.0,0.0,0.0,0.0,9.0,0.0,0.0,0.0,18.0,0.0,0.0,0.0,16.0,0.0,0.0,0.0,39.0
p_1907,0.08476084538375975,0.07647058823529411,0.20869565217391303,0.08696906027273102,0.07942992011619462,0.21296296296296297,108.0,0.3548387096774194,0.21568627450980393,1.0,22.0,0.0,0.0,0.0,12.0,0.0,0.0,0.0,12.0,0.06896551724137931,0.16666666666666666,0.043478260869565216,23.0,0.0,0.0,0.0,39.0
p_1908,0.11031543052003409,0.09090909090909091,0.18235897435897436,0.19155536610779578,0.1497381219603442,0.32407407407407407,108.0,0.058823529411764705,0.1111111111111111,0.04,25.0,0.0,0.0,0.0,16.0,0.0,0.0,0.0,5.0,0.0,0.0,0.0,23.0,0.4927536231884058,0.3434343434343434,0.8717948717948718,39.0
p_1909,0.08216470588235295,0.07213578500707214,0.19074074074074074,0.0929281045751634,0.08411912619833412,0.21296296296296297,108.0,0.352,0.21782178217821782,0.9166666666666666,24.0,0.0,0.0,0.0,8.0,0.058823529411764705,0.14285714285714285,0.037037037037037035,27.0,0.0,0.0,0.0,10.0,0.0,0.0,0.0,39.0
p_1910,0.10028050490883592,0.13125884016973127,0.21538461538461537,0.1261038387616228,0.20325842108020323,0.24074074074074073,108.0,0.0,0.0,0.0,16.0,0.0,0.0,0.0,11.0,0.0,0.0,0.0,19.0,0.3709677419354839,0.22772277227722773,1.0,23.0,0.13043478260869565,0.42857142857142855,0.07692307692307693,39.0
p_1911,0.1099286177806619,0.09411764705882353,0.20551470588235293,0.1507799168409162,0.11628540305010893,0.2962962962962963,108.0,0.4626865671641791,0.30392156862745096,0.96875,32.0,0.0,0.0,0.0,7.0,0.08695652173913043,0.16666666666666666,0.058823529411764705,17.0,0.0,0.0,0.0,13.0,0.0,0.0,0.0,39.0
p_1912,0.10833333333333332,0.15151515151515152,0.2161172161172161,0.1400462962962963,0.23989898989898992,0.23148148148148148,108.0,0.0,0.0,0.0,20.0,0.0,0.0,0.0,9.0,0.3333333333333333,0.20202020202020202,0.9523809523809523,21.0,0.0,0.0,0.0,19.0,0.20833333333333334,0.5555555555555556,0.1282051282051282,39.0
p_1913,0.07761194029850746,0.04814814814814815,0.2,0.09342177998894417,0.057956104252400546,0.24074074074074073,108.0,0.0,0.0,0.0,11.0,0.0,0.0,0.0,7.0,0.0,0.0,0.0,25.0,0.3880597014925373,0.24074074074074073,1.0,26.0,0.0,0.0,0.0,39.0
p_1914,0.08695652173913043,0.05555555555555556,0.2,0.12077294685990338,0.0771604938271605,0.2777777777777778,108.0,0.43478260869565216,0.2777777777777778,1.0,30.0,0.0,0.0,0.0,10.0,0.0,0.0,0.0,15.0,0.0,0.0,0.0,14.0,0.0,0.0,0.0,39.0
p_1915,0.0976316719688936,0.1292786421499293,0.21538461538461537,0.11997106686042705,0.1991330085389491,0.23148148148148148,108.0,0.0,0.0,0.0,14.0,0.35772357723577236,0.21782178217821782,1.0,22.0,0.0,0.0,0.0,19.0,0.0,0.0,0.0,14.0,0.13043478260869565,0.42857142857142855,0.07692307692307693,39.0
p_1916,0.12154255319148936,0.156,0.22051282051282053,0.17489164696611503,0.2531481481481481,0.2962962962962963,108.0,0.4375,0.28,1.0,28.0,0.0,0.0,0.0,13.0,0.0,0.0,0.0,18.0,0.0,0.0,0.0,10.0,0.1702127659574468,0.5,0.10256410256410256,39.0
p_1917,0.10810810810810811,0.07407407407407407,0.2,0.20020020020020018,0.1371742112482853,0.37037037037037035,108.0,0.0,0.0,0.0,22.0,0.0,0.0,0.0,21.0,0.0,0.0,0.0,12.0,0.0,0.0,0.0,13.0,0.5405405405405406,0.37037037037037035,1.0,40.0
p_1918,0.10810810810810811,0.07407407407407407,0.2,0.20020020020020018,0.1371742112482853,0.37037037037037035,108.0,0.0,0.0,0.0,15.0,0.0,0.0,0.0,24.0,0.0,0.0,0.0,16.0,0.0,0.0,0.0,13.0,0.5405405405405406,0.37037037037037035,1.0,40.0
p_1919,0.11006711409395972,0.07592592592592592,0.2,0.20892368878946058,0.14411865569272977,0.37962962962962965,108.0,0.0,0.0,0.0,28.0,0.0,0.0,0.0,7.0,0.0,0.0,0.0,22.0,0.0,0.0,0.0,10.0,0.5503355704697986,0.37962962962962965,1.0,41.0
p_1920,0.12015503875968991,0.16973125884016974,0.21951219512195125,0.17581826012058568,0.2888050709832888,0.2962962962962963,108.0,0.43410852713178294,0.27722772277227725,1.0,28.0,0.0,0.0,0.0,17.0,0.0,0.0,0.0,13.0,0.0,0.0,0.0,9.0,0.16666666666666666,0.5714285714285714,0.0975609756097561,41.0
p_1921,0.11006711409395972,0.07592592592592592,0.2,0.20892368878946058,0.14411865569272977,0.37962962962962965,108.0,0.0,0.0,0.0,26.0,0.0,0.0,0.0,6.0,0.0,0.0,0.0,13.0,0.0,0.0,0.0,22.0,0.5503355704697986,0.37962962962962965,1.0,41.0
p_1922,0.1245372567631704,0.179,0.21059714045416317,0.18987853539348554,0.3097685185185185,0.2962962962962963,108.0,0.0,0.0,0.0,13.0,0.0,0.0,0.0,6.0,0.4186046511627907,0.27,0.9310344827586207,29.0,0.0,0.0,0.0,19.0,0.20408163265306123,0.625,0.12195121951219512,41.0
p_1923,0.11006711409395972,0.07592592592592592,0.2,0.20892368878946058,0.14411865569272977,0.37962962962962965,108.0,0.0,0.0,0.0,25.0,0.0,0.0,0.0,11.0,0.0,0.0,0.0,10.0,0.0,0.0,0.0,21.0,0.5503355704697986,0.37962962962962965,1.0,41.0
p_1924,0.1062937062937063,0.07524752475247524,0.18095238095238095,0.20668220668220666,0.1463146314631463,0.35185185185185186,108.0,0.0,0.0,0.0,9.0,0.0,0.0,0.0,16.0,0.0,0.0,0.0,21.0,0.0,0.0,0.0,20.0,0.5314685314685315,0.37623762376237624,0.9047619047619048,42.0
p_1925,0.11578947368421053,0.08148148148148147,0.2,0.23586744639376217,0.16598079561042522,0.4074074074074074,108.0,0.0,0.0,0.0,15.0,0.0,0.0,0.0,12.0,0.0,0.0,0.0,13.0,0.0,0.0,0.0,24.0,0.5789473684210527,0.4074074074074074,1.0,44.0
p_1926,0.11578947368421053,0.08148148148148147,0.2,0.23586744639376217,0.16598079561042522,0.4074074074074074,108.0,0.0,0.0,0.0,17.0,0.0,0.0,0.0,18.0,0.0,0.0,0.0,16.0,0.0,0.0,0.0,13.0,0.5789473684210527,0.4074074074074074,1.0,44.0
p_1927,0.11578947368421053,0.08148148148148147,0.2,0.23586744639376217,0.16598079561042522,0.4074074074074074,108.0,0.0,0.0,0.0,11.0,0.0,0.0,0.0,23.0,0.0,0.0,0.0,23.0,0.0,0.0,0.0,7.0,0.5789473684210527,0.4074074074074074,1.0,44.0
p_1928,0.08,0.05,0.2,0.1,0.0625,0.25,108.0,0.4,0.25,1.0,27.0,0.0,0.0,0.0,12.0,0.0,0.0,0.0,19.0,0.0,0.0,0.0,5.0,0.0,0.0,0.0,45.0
p_1929,0.11764705882352941,0.08333333333333334,0.2,0.2450980392156863,0.1736111111111111,0.4166666666666667,108.0,0.0,0.0,0.0,20.0,0.0,0.0,0.0,18.0,0.0,0.0,0.0,12.0,0.0,0.0,0.0,13.0,0.5882352941176471,0.4166666666666667,1.0,45.0
p_1930,0.11948051948051948,0.08518518518518518,0.2,0.2544492544492544,0.18141289437585734,0.42592592592592593,108.0,0.0,0.0,0.0,18.0,0.0,0.0,0.0,28.0,0.0,0.0,0.0,10.0,0.0,0.0,0.0,6.0,0.5974025974025974,0.42592592592592593,1.0,46.0
p_1931,0.11764705882352941,0.08333333333333334,0.2,0.2450980392156863,0.1736111111111111,0.4166666666666667,108.0,0.0,0.0,0.0,9.0,0.0,0.0,0.0,11.0,0.0,0.0,0.0,23.0,0.0,0.0,0.0,20.0,0.5882352941176471,0.4166666666666667,1.0,45.0
p_1932,0.11948051948051948,0.08518518518518518,0.2,0.2544492544492544,0.18141289437585734,0.42592592592592593,108.0,0.0,0.0,0.0,22.0,0.0,0.0,0.0,10.0,0.0,0.0,0.0,8.0,0.0,0.0,0.0,22.0,0.5974025974025974,0.42592592592592593,1.0,46.0
p_1933,0.11428571428571428,0.07407407407407407,0.25,0.13544973544973546,0.0877914951989026,0.2962962962962963,108.0,0.0,0.0,0.0,15.0,0.0,0.0,0.0,15.0,,,,,0.45714285714285713,0.2962962962962963,1.0,32.0,0.0,0.0,0.0,46.0
p_1934,0.11948051948051948,0.08518518518518518,0.2,0.2544492544492544,0.18141289437585734,0.42592592592592593,108.0,0.0,0.0,0.0,3.0,0.0,0.0,0.0,16.0,0.0,0.0,0.0,21.0,0.0,0.0,0.0,22.0,0.5974025974025974,0.42592592592592593,1.0,46.0
p_1935,0.11948051948051948,0.08518518518518518,0.2,0.2544492544492544,0.18141289437585734,0.42592592592592593,108.0,0.0,0.0,0.0,17.0,0.0,0.0,0.0,5.0,0.0,0.0,0.0,17.0,0.0,0.0,0.0,23.0,0.5974025974025974,0.42592592592592593,1.0,46.0
p_1936,0.11948051948051948,0.08518518518518518,0.2,0.2544492544492544,0.18141289437585734,0.42592592592592593,108.0,0.0,0.0,0.0,7.0,0.0,0.0,0.0,17.0,0.0,0.0,0.0,21.0,0.0,0.0,0.0,17.0,0.5974025974025974,0.42592592592592593,1.0,46.0
p_1937,0.11948051948051948,0.08518518518518518,0.2,0.2544492544492544,0.18141289437585734,0.42592592592592593,108.0,0.0,0.0,0.0,13.0,0.0,0.0,0.0,11.0,0.0,0.0,0.0,24.0,0.0,0.0,0.0,14.0,0.5974025974025974,0.42592592592592593,1.0,46.0
p_1938,0.11948051948051948,0.08518518518518518,0.2,0.2544492544492544,0.18141289437585734,0.42592592592592593,108.0,0.0,0.0,0.0,19.0,0.0,0.0,0.0,8.0,0.0,0.0,0.0,22.0,0.0,0.0,0.0,13.0,0.5974025974025974,0.42592592592592593,1.0,46.0
p_1939,0.11948051948051948,0.08518518518518518,0.2,0.2544492544492544,0.18141289437585734,0.42592592592592593,108.0,0.0,0.0,0.0,19.0,0.0,0.0,0.0,13.0,0.0,0.0,0.0,18.0,0.0,0.0,0.0,12.0,0.5974025974025974,0.42592592592592593,1.0,46.0
p_1940,0.11655629139072847,0.0838095238095238,0.19130434782608696,0.24822173166544026,0.17848324514991182,0.4074074074074074,108.0,0.0,0.0,0.0,20.0,0.0,0.0,0.0,14.0,0.0,0.0,0.0,14.0,0.0,0.0,0.0,14.0,0.5827814569536424,0.41904761904761906,0.9565217391304348,46.0
p_1941,0.11948051948051948,0.08518518518518518,0.2,0.2544492544492544,0.18141289437585734,0.42592592592592593,108.0,0.0,0.0,0.0,12.0,0.0,0.0,0.0,12.0,0.0,0.0,0.0,15.0,0.0,0.0,0.0,23.0,0.5974025974025974,0.42592592592592593,1.0,46.0
p_1942,0.12307692307692308,0.08888888888888888,0.2,0.27350427350427353,0.19753086419753085,0.4444444444444444,108.0,0.0,0.0,0.0,28.0,0.0,0.0,0.0,11.0,0.0,0.0,0.0,2.0,0.0,0.0,0.0,19.0,0.6153846153846154,0.4444444444444444,1.0,48.0
p_1943,0.12484076433121019,0.09074074074074075,0.2,0.28320358575135646,0.20584705075445817,0.4537037037037037,108.0,0.0,0.0,0.0,9.0,0.0,0.0,0.0,21.0,0.0,0.0,0.0,11.0,0.0,0.0,0.0,18.0,0.6242038216560509,0.4537037037037037,1.0,49.0
p_1944,0.12484076433121019,0.09074074074074075,0.2,0.28320358575135646,0.20584705075445817,0.4537037037037037,108.0,0.0,0.0,0.0,17.0,0.0,0.0,0.0,4.0,0.0,0.0,0.0,13.0,0.0,0.0,0.0,25.0,0.6242038216560509,0.4537037037037037,1.0,49.0
p_1945,0.12830188679245283,0.09444444444444444,0.2,0.30293501048218024,0.22299382716049382,0.4722222222222222,108.0,0.0,0.0,0.0,15.0,0.0,0.0,0.0,3.0,0.0,0.0,0.0,6.0,0.0,0.0,0.0,33.0,0.6415094339622641,0.4722222222222222,1.0,51.0
p_1946,0.12830188679245283,0.09444444444444444,0.2,0.30293501048218024,0.22299382716049382,0.4722222222222222,108.0,0.0,0.0,0.0,13.0,0.0,0.0,0.0,18.0,0.0,0.0,0.0,9.0,0.0,0.0,0.0,17.0,0.6415094339622641,0.4722222222222222,1.0,51.0
p_1947,0.12830188679245283,0.09444444444444444,0.2,0.30293501048218024,0.22299382716049382,0.4722222222222222,108.0,0.0,0.0,0.0,17.0,0.0,0.0,0.0,9.0,0.0,0.0,0.0,21.0,0.0,0.0,0.0,10.0,0.6415094339622641,0.4722222222222222,1.0,51.0
p_1948,0.13,0.0962962962962963,0.2,0.312962962962963,0.23182441700960219,0.48148148148148145,108.0,0.0,0.0,0.0,10.0,0.0,0.0,0.0,8.0,0.0,0.0,0.0,21.0,0.0,0.0,0.0,17.0,0.65,0.48148148148148145,1.0,52.0
p_1949,0.13,0.0962962962962963,0.2,0.312962962962963,0.23182441700960219,0.48148148148148145,108.0,0.0,0.0,0.0,23.0,0.0,0.0,0.0,11.0,0.0,0.0,0.0,5.0,0.0,0.0,0.0,17.0,0.65,0.48148148148148145,1.0,52.0
p_1950,0.13333333333333333,0.1,0.2,0.3333333333333333,0.25,0.5,108.0,0.0,0.0,0.0,16.0,0.0,0.0,0.0,17.0,0.0,0.0,0.0,11.0,0.0,0.0,0.0,10.0,0.6666666666666666,0.5,1.0,54.0
p_1951,0.1325,0.10095238095238095,0.19272727272727272,0.33738425925925924,0.2570546737213404,0.49074074074074076,108.0,0.0,0.0,0.0,19.0,0.0,0.0,0.0,8.0,0.0,0.0,0.0,7.0,0.0,0.0,0.0,19.0,0.6625,0.5047619047619047,0.9636363636363636,55.0
p_1952,0.13818181818181818,0.10555555555555556,0.2,0.36464646464646466,0.2785493827160494,0.5277777777777778,108.0,0.0,0.0,0.0,14.0,0.0,0.0,0.0,13.0,0.0,0.0,0.0,5.0,0.0,0.0,0.0,19.0,0.6909090909090909,0.5277777777777778,1.0,57.0
p_1953,0.13818181818181818,0.10555555555555556,0.2,0.36464646464646466,0.2785493827160494,0.5277777777777778,108.0,0.0,0.0,0.0,6.0,0.0,0.0,0.0,25.0,0.0,0.0,0.0,5.0,0.0,0.0,0.0,15.0,0.6909090909090909,0.5277777777777778,1.0,57.0
p_1954,0.13818181818181818,0.10555555555555556,0.2,0.36464646464646466,0.2785493827160494,0.5277777777777778,108.0,0.0,0.0,0.0,15.0,0.0,0.0,0.0,6.0,0.0,0.0,0.0,8.0,0.0,0.0,0.0,22.0,0.6909090909090909,0.5277777777777778,1.0,57.0
p_1955,0.14285714285714285,0.11111111111111112,0.2,0.39682539682539686,0.308641975308642,0.5555555555555556,108.0,0.0,0.0,0.0,12.0,0.0,0.0,0.0,12.0,0.0,0.0,0.0,6.0,0.0,0.0,0.0,18.0,0.7142857142857143,0.5555555555555556,1.0,60.0
p_1956,0.14437869822485208,0.11296296296296296,0.2,0.40773613850536927,0.3190157750342935,0.5648148148148148,108.0,0.0,0.0,0.0,14.0,0.0,0.0,0.0,5.0,0.0,0.0,0.0,20.0,0.0,0.0,0.0,8.0,0.7218934911242604,0.5648148148148148,1.0,61.0
p_1957,0.14736842105263157,0.11666666666666667,0.2,0.4298245614035088,0.3402777777777778,0.5833333333333334,108.0,0.0,0.0,0.0,7.0,0.0,0.0,0.0,1.0,0.0,0.0,0.0,17.0,0.0,0.0,0.0,20.0,0.7368421052631579,0.5833333333333334,1.0,63.0
p_1958,0.14883720930232558,0.11851851851851851,0.2,0.4409991386735573,0.3511659807956104,0.5925925925925926,108.0,0.0,0.0,0.0,18.0,0.0,0.0,0.0,11.0,0.0,0.0,0.0,7.0,0.0,0.0,0.0,8.0,0.7441860465116279,0.5925925925925926,1.0,64.0
p_1959,0.14883720930232558,0.11851851851851851,0.2,0.4409991386735573,0.3511659807956104,0.5925925925925926,108.0,0.0,0.0,0.0,9.0,0.0,0.0,0.0,8.0,0.0,0.0,0.0,14.0,0.0,0.0,0.0,13.0,0.7441860465116279,0.5925925925925926,1.0,64.0
p_1960,0.14883720930232558,0.11851851851851851,0.2,0.4409991386735573,0.3511659807956104,0.5925925925925926,108.0,0.0,0.0,0.0,9.0,0.0,0.0,0.0,12.0,0.0,0.0,0.0,5.0,0.0,0.0,0.0,18.0,0.7441860465116279,0.5925925925925926,1.0,64.0
p_1961,0.14883720930232558,0.11851851851851851,0.2,0.4409991386735573,0.3511659807956104,0.5925925925925926,108.0,0.0,0.0,0.0,14.0,0.0,0.0,0.0,1.0,0.0,0.0,0.0,11.0,0.0,0.0,0.0,18.0,0.7441860465116279,0.5925925925925926,1.0,64.0
p_1962,0.18604651162790697,0.14814814814814814,0.25,0.4409991386735573,0.3511659807956104,0.5925925925925926,108.0,0.0,0.0,0.0,15.0,0.0,0.0,0.0,19.0,,,,,0.0,0.0,0.0,10.0,0.7441860465116279,0.5925925925925926,1.0,64.0
p_1963,0.15314285714285714,0.12407407407407407,0.2,0.475026455026455,0.3848593964334705,0.6203703703703703,108.0,0.0,0.0,0.0,12.0,0.0,0.0,0.0,8.0,0.0,0.0,0.0,4.0,0.0,0.0,0.0,17.0,0.7657142857142857,0.6203703703703703,1.0,67.0
p_1964,0.15314285714285714,0.12407407407407407,0.2,0.475026455026455,0.3848593964334705,0.6203703703703703,108.0,0.0,0.0,0.0,16.0,0.0,0.0,0.0,8.0,0.0,0.0,0.0,5.0,0.0,0.0,0.0,12.0,0.7657142857142857,0.6203703703703703,1.0,67.0
p_1965,0.15314285714285714,0.12407407407407407,0.2,0.475026455026455,0.3848593964334705,0.6203703703703703,108.0,0.0,0.0,0.0,21.0,0.0,0.0,0.0,2.0,0.0,0.0,0.0,10.0,0.0,0.0,0.0,8.0,0.7657142857142857,0.6203703703703703,1.0,67.0
p_1966,0.15314285714285714,0.12407407407407407,0.2,0.475026455026455,0.3848593964334705,0.6203703703703703,108.0,0.0,0.0,0.0,14.0,0.0,0.0,0.0,5.0,0.0,0.0,0.0,4.0,0.0,0.0,0.0,18.0,0.7657142857142857,0.6203703703703703,1.0,67.0
p_1967,0.19491525423728814,0.1597222222222222,0.25,0.49811676082862527,0.408179012345679,0.6388888888888888,108.0,0.0,0.0,0.0,17.0,,,,,0.0,0.0,0.0,12.0,0.0,0.0,0.0,10.0,0.7796610169491526,0.6388888888888888,1.0,69.0
p_1968,0.15454545454545454,0.12592592592592594,0.2,0.48653198653198654,0.39643347050754457,0.6296296296296297,108.0,0.0,0.0,0.0,11.0,0.0,0.0,0.0,2.0,0.0,0.0,0.0,19.0,0.0,0.0,0.0,8.0,0.7727272727272727,0.6296296296296297,1.0,68.0
p_1969,0.15454545454545454,0.12592592592592594,0.2,0.48653198653198654,0.39643347050754457,0.6296296296296297,108.0,0.0,0.0,0.0,10.0,0.0,0.0,0.0,4.0,0.0,0.0,0.0,5.0,0.0,0.0,0.0,21.0,0.7727272727272727,0.6296296296296297,1.0,68.0
p_1970,0.15593220338983052,0.12777777777777777,0.2,0.49811676082862527,0.408179012345679,0.6388888888888888,108.0,0.0,0.0,0.0,21.0,0.0,0.0,0.0,5.0,0.0,0.0,0.0,4.0,0.0,0.0,0.0,9.0,0.7796610169491526,0.6388888888888888,1.0,69.0
p_1971,0.15454545454545454,0.12592592592592594,0.2,0.48653198653198654,0.39643347050754457,0.6296296296296297,108.0,0.0,0.0,0.0,9.0,0.0,0.0,0.0,13.0,0.0,0.0,0.0,11.0,0.0,0.0,0.0,7.0,0.7727272727272727,0.6296296296296297,1.0,68.0
p_1972,0.15593220338983052,0.12777777777777777,0.2,0.49811676082862527,0.408179012345679,0.6388888888888888,108.0,0.0,0.0,0.0,11.0,0.0,0.0,0.0,5.0,0.0,0.0,0.0,11.0,0.0,0.0,0.0,12.0,0.7796610169491526,0.6388888888888888,1.0,69.0
p_1973,0.15593220338983052,0.12777777777777777,0.2,0.49811676082862527,0.408179012345679,0.6388888888888888,108.0,0.0,0.0,0.0,25.0,0.0,0.0,0.0,3.0,0.0,0.0,0.0,10.0,0.0,0.0,0.0,1.0,0.7796610169491526,0.6388888888888888,1.0,69.0
p_1974,0.15593220338983052,0.12777777777777777,0.2,0.49811676082862527,0.408179012345679,0.6388888888888888,108.0,0.0,0.0,0.0,18.0,0.0,0.0,0.0,12.0,0.0,0.0,0.0,3.0,0.0,0.0,0.0,6.0,0.7796610169491526,0.6388888888888888,1.0,69.0
p_1975,0.15593220338983052,0.12777777777777777,0.2,0.49811676082862527,0.408179012345679,0.6388888888888888,108.0,0.0,0.0,0.0,20.0,0.0,0.0,0.0,11.0,0.0,0.0,0.0,5.0,0.0,0.0,0.0,3.0,0.7796610169491526,0.6388888888888888,1.0,69.0
p_1976,0.15593220338983052,0.12777777777777777,0.2,0.49811676082862527,0.408179012345679,0.6388888888888888,108.0,0.0,0.0,0.0,10.0,0.0,0.0,0.0,5.0,0.0,0.0,0.0,9.0,0.0,0.0,0.0,15.0,0.7796610169491526,0.6388888888888888,1.0,69.0
p_1977,0.15865921787709497,0.13148148148148148,0.2,0.52151872542934,0.432184499314129,0.6574074074074074,108.0,0.0,0.0,0.0,6.0,0.0,0.0,0.0,4.0,0.0,0.0,0.0,16.0,0.0,0.0,0.0,11.0,0.7932960893854749,0.6574074074074074,1.0,71.0
p_1978,0.16132596685082873,0.13518518518518519,0.2,0.5452220175977082,0.4568758573388203,0.6759259259259259,108.0,0.0,0.0,0.0,13.0,0.0,0.0,0.0,3.0,0.0,0.0,0.0,14.0,0.0,0.0,0.0,5.0,0.8066298342541437,0.6759259259259259,1.0,73.0
p_1979,0.15865921787709497,0.13148148148148148,0.2,0.52151872542934,0.432184499314129,0.6574074074074074,108.0,0.0,0.0,0.0,6.0,0.0,0.0,0.0,5.0,0.0,0.0,0.0,15.0,0.0,0.0,0.0,11.0,0.7932960893854749,0.6574074074074074,1.0,71.0
p_1980,0.15865921787709497,0.13148148148148148,0.2,0.52151872542934,0.432184499314129,0.6574074074074074,108.0,0.0,0.0,0.0,14.0,0.0,0.0,0.0,2.0,0.0,0.0,0.0,13.0,0.0,0.0,0.0,8.0,0.7932960893854749,0.6574074074074074,1.0,71.0
p_1981,0.15865921787709497,0.13148148148148148,0.2,0.52151872542934,0.432184499314129,0.6574074074074074,108.0,0.0,0.0,0.0,8.0,0.0,0.0,0.0,8.0,0.0,0.0,0.0,9.0,0.0,0.0,0.0,12.0,0.7932960893854749,0.6574074074074074,1.0,71.0
p_1982,0.15865921787709497,0.13148148148148148,0.2,0.52151872542934,0.432184499314129,0.6574074074074074,108.0,0.0,0.0,0.0,18.0,0.0,0.0,0.0,5.0,0.0,0.0,0.0,12.0,0.0,0.0,0.0,2.0,0.7932960893854749,0.6574074074074074,1.0,71.0
p_1983,0.16,0.13333333333333333,0.2,0.5333333333333333,0.4444444444444444,0.6666666666666666,108.0,0.0,0.0,0.0,11.0,0.0,0.0,0.0,5.0,0.0,0.0,0.0,13.0,0.0,0.0,0.0,7.0,0.8,0.6666666666666666,1.0,72.0
p_1984,0.16132596685082873,0.13518518518518519,0.2,0.5452220175977082,0.4568758573388203,0.6759259259259259,108.0,0.0,0.0,0.0,17.0,0.0,0.0,0.0,11.0,0.0,0.0,0.0,5.0,0.0,0.0,0.0,2.0,0.8066298342541437,0.6759259259259259,1.0,73.0
p_1985,0.16132596685082873,0.13518518518518519,0.2,0.5452220175977082,0.4568758573388203,0.6759259259259259,108.0,0.0,0.0,0.0,10.0,0.0,0.0,0.0,5.0,0.0,0.0,0.0,17.0,0.0,0.0,0.0,3.0,0.8066298342541437,0.6759259259259259,1.0,73.0
p_1986,0.16132596685082873,0.13518518518518519,0.2,0.5452220175977082,0.4568758573388203,0.6759259259259259,108.0,0.0,0.0,0.0,16.0,0.0,0.0,0.0,5.0,0.0,0.0,0.0,7.0,0.0,0.0,0.0,7.0,0.8066298342541437,0.6759259259259259,1.0,73.0
p_1987,0.16263736263736264,0.13703703703703704,0.2,0.5571835571835572,0.4694787379972566,0.6851851851851852,108.0,0.0,0.0,0.0,13.0,0.0,0.0,0.0,9.0,0.0,0.0,0.0,8.0,0.0,0.0,0.0,4.0,0.8131868131868132,0.6851851851851852,1.0,74.0
p_1988,0.16263736263736264,0.13703703703703704,0.2,0.5571835571835572,0.4694787379972566,0.6851851851851852,108.0,0.0,0.0,0.0,1.0,0.0,0.0,0.0,9.0,0.0,0.0,0.0,11.0,0.0,0.0,0.0,13.0,0.8131868131868132,0.6851851851851852,1.0,74.0
p_1989,0.16263736263736264,0.13703703703703704,0.2,0.5571835571835572,0.4694787379972566,0.6851851851851852,108.0,0.0,0.0,0.0,6.0,0.0,0.0,0.0,6.0,0.0,0.0,0.0,14.0,0.0,0.0,0.0,8.0,0.8131868131868132,0.6851851851851852,1.0,74.0
p_1990,0.16263736263736264,0.13703703703703704,0.2,0.5571835571835572,0.4694787379972566,0.6851851851851852,108.0,0.0,0.0,0.0,16.0,0.0,0.0,0.0,8.0,0.0,0.0,0.0,3.0,0.0,0.0,0.0,7.0,0.8131868131868132,0.6851851851851852,1.0,74.0
p_1991,0.16521739130434782,0.14074074074074075,0.2,0.5813204508856683,0.49519890260631,0.7037037037037037,108.0,0.0,0.0,0.0,8.0,0.0,0.0,0.0,8.0,0.0,0.0,0.0,9.0,0.0,0.0,0.0,7.0,0.8260869565217391,0.7037037037037037,1.0,76.0
p_1992,0.16774193548387098,0.14444444444444443,0.2,0.6057347670250897,0.5216049382716049,0.7222222222222222,108.0,0.0,0.0,0.0,13.0,0.0,0.0,0.0,6.0,0.0,0.0,0.0,7.0,0.0,0.0,0.0,4.0,0.8387096774193549,0.7222222222222222,1.0,78.0
p_1993,0.16774193548387098,0.14444444444444443,0.2,0.6057347670250897,0.5216049382716049,0.7222222222222222,108.0,0.0,0.0,0.0,14.0,0.0,0.0,0.0,2.0,0.0,0.0,0.0,13.0,0.0,0.0,0.0,1.0,0.8387096774193549,0.7222222222222222,1.0,78.0
p_1994,0.16774193548387098,0.14444444444444443,0.2,0.6057347670250897,0.5216049382716049,0.7222222222222222,108.0,0.0,0.0,0.0,13.0,0.0,0.0,0.0,9.0,0.0,0.0,0.0,7.0,0.0,0.0,0.0,1.0,0.8387096774193549,0.7222222222222222,1.0,78.0
p_1995,0.16774193548387098,0.14444444444444443,0.2,0.6057347670250897,0.5216049382716049,0.7222222222222222,108.0,0.0,0.0,0.0,11.0,0.0,0.0,0.0,6.0,0.0,0.0,0.0,9.0,0.0,0.0,0.0,4.0,0.8387096774193549,0.7222222222222222,1.0,78.0
p_1996,0.16898395721925136,0.1462962962962963,0.2,0.6180431768667063,0.5350651577503429,0.7314814814814815,108.0,0.0,0.0,0.0,12.0,0.0,0.0,0.0,6.0,0.0,0.0,0.0,3.0,0.0,0.0,0.0,8.0,0.8449197860962567,0.7314814814814815,1.0,79.0
p_1997,0.1702127659574468,0.14814814814814814,0.2,0.6304176516942475,0.5486968449931412,0.7407407407407407,108.0,0.0,0.0,0.0,14.0,0.0,0.0,0.0,10.0,0.0,0.0,0.0,1.0,0.0,0.0,0.0,3.0,0.851063829787234,0.7407407407407407,1.0,80.0
p_1998,0.1702127659574468,0.14814814814814814,0.2,0.6304176516942475,0.5486968449931412,0.7407407407407407,108.0,0.0,0.0,0.0,4.0,0.0,0.0,0.0,8.0,0.0,0.0,0.0,6.0,0.0,0.0,0.0,10.0,0.851063829787234,0.7407407407407407,1.0,80.0
p_1999,0.1702127659574468,0.14814814814814814,0.2,0.6304176516942475,0.5486968449931412,0.7407407407407407,108.0,0.0,0.0,0.0,7.0,0.0,0.0,0.0,8.0,0.0,0.0,0.0,9.0,0.0,0.0,0.0,4.0,0.851063829787234,0.7407407407407407,1.0,80.0
p_2000,0.1761658031088083,0.1574074074074074,0.2,0.6932450585300326,0.6194272976680385,0.7870370370370371,108.0,0.0,0.0,0.0,4.0,0.0,0.0,0.0,7.0,0.0,0.0,0.0,11.0,0.0,0.0,0.0,1.0,0.8808290155440415,0.7870370370370371,1.0,85.0
p_2001,0.22164948453608246,0.19907407407407407,0.25,0.7059946544482627,0.6340877914951989,0.7962962962962963,108.0,0.0,0.0,0.0,8.0,0.0,0.0,0.0,3.0,0.0,0.0,0.0,11.0,,,,,0.8865979381443299,0.7962962962962963,1.0,86.0
p_2002,0.22164948453608246,0.19907407407407407,0.25,0.7059946544482627,0.6340877914951989,0.7962962962962963,108.0,0.0,0.0,0.0,12.0,0.0,0.0,0.0,4.0,0.0,0.0,0.0,6.0,,,,,0.8865979381443299,0.7962962962962963,1.0,86.0
p_2003,0.22448979591836735,0.2037037037037037,0.25,0.7316704459561602,0.6639231824417009,0.8148148148148148,108.0,0.0,0.0,0.0,6.0,0.0,0.0,0.0,13.0,0.0,0.0,0.0,1.0,,,,,0.8979591836734694,0.8148148148148148,1.0,88.0
p_2004,0.17959183673469387,0.16296296296296295,0.2,0.7316704459561602,0.6639231824417009,0.8148148148148148,108.0,0.0,0.0,0.0,2.0,0.0,0.0,0.0,7.0,0.0,0.0,0.0,8.0,0.0,0.0,0.0,3.0,0.8979591836734694,0.8148148148148148,1.0,88.0
p_2005,0.17959183673469387,0.16296296296296295,0.2,0.7316704459561602,0.6639231824417009,0.8148148148148148,108.0,0.0,0.0,0.0,1.0,0.0,0.0,0.0,5.0,0.0,0.0,0.0,8.0,0.0,0.0,0.0,6.0,0.8979591836734694,0.8148148148148148,1.0,88.0
p_2006,0.228643216080402,0.21064814814814814,0.25,0.7706123208635771,0.7099622770919067,0.8425925925925926,108.0,0.0,0.0,0.0,5.0,0.0,0.0,0.0,9.0,,,,,0.0,0.0,0.0,3.0,0.914572864321608,0.8425925925925926,1.0,91.0
p_2007,0.18507462686567164,0.17222222222222222,0.2,0.796849087893864,0.7415123456790125,0.8611111111111112,108.0,0.0,0.0,0.0,6.0,0.0,0.0,0.0,1.0,0.0,0.0,0.0,7.0,0.0,0.0,0.0,1.0,0.9253731343283582,0.8611111111111112,1.0,93.0
p_2008,0.23267326732673269,0.2175925925925926,0.25,0.8100476714338101,0.7575445816186557,0.8703703703703703,108.0,0.0,0.0,0.0,1.0,,,,,0.0,0.0,0.0,1.0,0.0,0.0,0.0,12.0,0.9306930693069307,0.8703703703703703,1.0,94.0
p_2009,0.23267326732673269,0.2175925925925926,0.25,0.8100476714338101,0.7575445816186557,0.8703703703703703,108.0,0.0,0.0,0.0,5.0,0.0,0.0,0.0,8.0,,,,,0.0,0.0,0.0,1.0,0.9306930693069307,0.8703703703703703,1.0,94.0
p_2010,0.23267326732673269,0.2175925925925926,0.25,0.8100476714338101,0.7575445816186557,0.8703703703703703,108.0,0.0,0.0,0.0,2.0,0.0,0.0,0.0,1.0,0.0,0.0,0.0,11.0,,,,,0.9306930693069307,0.8703703703703703,1.0,94.0
p_2011,0.23267326732673269,0.2175925925925926,0.25,0.8100476714338101,0.7575445816186557,0.8703703703703703,108.0,,,,,0.0,0.0,0.0,7.0,0.0,0.0,0.0,6.0,0.0,0.0,0.0,1.0,0.9306930693069307,0.8703703703703703,1.0,94.0
p_2012,0.23267326732673269,0.2175925925925926,0.25,0.8100476714338101,0.7575445816186557,0.8703703703703703,108.0,0.0,0.0,0.0,2.0,0.0,0.0,0.0,11.0,0.0,0.0,0.0,1.0,,,,,0.9306930693069307,0.8703703703703703,1.0,94.0
p_2013,0.23267326732673269,0.2175925925925926,0.25,0.8100476714338101,0.7575445816186557,0.8703703703703703,108.0,0.0,0.0,0.0,1.0,0.0,0.0,0.0,5.0,0.0,0.0,0.0,8.0,,,,,0.9306930693069307,0.8703703703703703,1.0,94.0
p_2014,0.18823529411764706,0.17777777777777776,0.2,0.8366013071895424,0.7901234567901234,0.8888888888888888,108.0,0.0,0.0,0.0,7.0,0.0,0.0,0.0,1.0,0.0,0.0,0.0,1.0,0.0,0.0,0.0,3.0,0.9411764705882353,0.8888888888888888,1.0,96.0
p_2015,0.23529411764705882,0.2222222222222222,0.25,0.8366013071895424,0.7901234567901234,0.8888888888888888,108.0,0.0,0.0,0.0,7.0,0.0,0.0,0.0,4.0,,,,,0.0,0.0,0.0,1.0,0.9411764705882353,0.8888888888888888,1.0,96.0
