position,macro_f1,macro_precision,macro_recall,weighted_f1,weighted_precision,weighted_recall,support,f1_1,precision_1,recall_1,support_1,f1_2,precision_2,recall_2,support_2,f1_3,precision_3,recall_3,support_3,f1_4,precision_4,recall_4,support_4,f1_0,precision_0,recall_0,support_0
p_1,0.38622494114824646,0.3886828644501279,0.38644125683060104,0.5674386395151694,0.5550274699251682,0.5833333333333334,108.0,0.7131782945736435,0.6764705882352942,0.7540983606557377,61.0,0.36363636363636365,0.4,0.3333333333333333,18.0,0.46808510638297873,0.4782608695652174,0.4583333333333333,24.0,0.0,0.0,0.0,5.0,,,,
p_2,0.3615975422427036,0.37251082251082246,0.3984962406015037,0.4056551174830745,0.3945566778900112,0.46296296296296297,108.0,0.6021505376344086,0.509090909090909,0.7368421052631579,38.0,0.0,0.0,0.0,21.0,0.45714285714285713,0.38095238095238093,0.5714285714285714,28.0,0.3870967741935484,0.6,0.2857142857142857,21.0,,,,
p_3,0.46042038084902975,0.5432900432900433,0.454309905780494,0.4927434087318333,0.5110790444123777,0.5277777777777778,108.0,0.5333333333333333,0.8,0.4,10.0,0.5263157894736842,0.47619047619047616,0.5882352941176471,34.0,0.14285714285714285,0.3333333333333333,0.09090909090909091,22.0,0.6391752577319587,0.5636363636363636,0.7380952380952381,42.0,,,,
p_4,0.3913753907360046,0.39082792207792205,0.4005464480874317,0.5543951880269016,0.5207130832130832,0.6018518518518519,108.0,0.4444444444444444,0.5,0.4,15.0,0.7681159420289855,0.6883116883116883,0.8688524590163934,61.0,0.0,0.0,0.0,14.0,0.35294117647058826,0.375,0.3333333333333333,18.0,,,,
p_5,0.30318165001849795,0.3203125,0.325036075036075,0.48084432934599414,0.4264081790123457,0.5833333333333334,108.0,0.0,0.0,0.0,15.0,0.0,0.0,0.0,19.0,0.7421383647798742,0.6145833333333334,0.9365079365079365,63.0,0.47058823529411764,0.6666666666666666,0.36363636363636365,11.0,,,,
p_6,0.43547231843643924,0.5067549727160712,0.4333545918367347,0.548959117920668,0.5623643137945197,0.5648148148148148,108.0,0.34146341463414637,0.30434782608695654,0.3888888888888889,18.0,0.7358490566037735,0.6842105263157895,0.7959183673469388,49.0,0.4827586206896552,0.5384615384615384,0.4375,32.0,0.18181818181818182,0.5,0.1111111111111111,9.0,,,,
p_7,0.2925724637681159,0.2647315023570404,0.34788995726495725,0.42800590445517983,0.36754268102905113,0.5277777777777778,108.0,0.0,0.0,0.0,25.0,0.75,0.6219512195121951,0.9444444444444444,54.0,0.08695652173913043,0.14285714285714285,0.0625,16.0,0.3333333333333333,0.29411764705882354,0.38461538461538464,13.0,,,,
p_8,0.29334583540638115,0.28530377668308704,0.30694444444444446,0.5691235649902266,0.528005838350666,0.6203703703703703,108.0,0.779874213836478,0.7126436781609196,0.8611111111111112,72.0,0.11764705882352941,0.14285714285714285,0.1,10.0,0.0,0.0,0.0,11.0,0.27586206896551724,0.2857142857142857,0.26666666666666666,15.0,,,,
p_9,0.3482765612327656,0.35389254385964913,0.3524487448128518,0.5284108317563306,0.5059393274853802,0.5648148148148148,108.0,0.4,0.4375,0.3684210526315789,19.0,0.0,0.0,0.0,7.0,0.7153284671532847,0.6447368421052632,0.8032786885245902,61.0,0.2777777777777778,0.3333333333333333,0.23809523809523808,21.0,,,,
p_10,0.33265856950067474,0.28474025974025974,0.40240641711229946,0.4776078372569601,0.4150913900913901,0.5648148148148148,108.0,0.0,0.0,0.0,22.0,0.7692307692307693,0.6818181818181818,0.8823529411764706,51.0,0.5614035087719298,0.45714285714285713,0.7272727272727273,22.0,0.0,0.0,0.0,13.0,,,,
p_11,0.4932046172035933,0.503968253968254,0.5132225063938618,0.5288656484765747,0.5119047619047619,0.5833333333333334,108.0,0.5217391304347826,0.5714285714285714,0.48,25.0,0.6666666666666666,0.6666666666666666,0.6666666666666666,9.0,0.06896551724137931,0.16666666666666666,0.043478260869565216,23.0,0.7154471544715447,0.6111111111111112,0.8627450980392157,51.0,,,,
p_12,0.4670306388526727,0.47807017543859653,0.4687728937728938,0.6319094355111303,0.6249187784275504,0.6574074074074074,108.0,0.55,0.5789473684210527,0.5238095238095238,21.0,0.7796610169491526,0.696969696969697,0.8846153846153846,52.0,0.0,0.0,0.0,5.0,0.5384615384615384,0.6363636363636364,0.4666666666666667,30.0,,,,
p_13,0.40512068576584703,0.5082981715893109,0.41184887416505067,0.4620347394540943,0.5288430483929781,0.5185185185185185,108.0,0.6615384615384615,0.5443037974683544,0.8431372549019608,51.0,0.45454545454545453,0.5555555555555556,0.38461538461538464,13.0,0.18181818181818182,0.6,0.10714285714285714,28.0,0.3225806451612903,0.3333333333333333,0.3125,16.0,,,,
p_14,0.3410437091503268,0.3690814393939394,0.3484280731523378,0.48021060275962235,0.4665404040404041,0.5185185185185185,108.0,0.46875,0.46875,0.46875,32.0,0.11764705882352941,0.25,0.07692307692307693,13.0,0.1111111111111111,0.16666666666666666,0.08333333333333333,12.0,0.6666666666666666,0.5909090909090909,0.7647058823529411,51.0,,,,
p_15,0.3297275641025641,0.33025451559934316,0.338768115942029,0.5665954415954416,0.5285075716110198,0.6203703703703703,108.0,0.4375,0.5,0.3888888888888889,18.0,0.0,0.0,0.0,12.0,0.7564102564102564,0.6781609195402298,0.855072463768116,69.0,0.125,0.14285714285714285,0.1111111111111111,9.0,,,,
p_16,0.5085308308712564,0.5905555555555556,0.47994734310523784,0.5547216770621026,0.554835390946502,0.5925925925925926,108.0,0.425531914893617,0.5,0.37037037037037035,27.0,0.7384615384615385,0.64,0.8727272727272727,55.0,0.14285714285714285,0.2222222222222222,0.10526315789473684,19.0,0.7272727272727273,1.0,0.5714285714285714,7.0,,,,
p_17,0.5082874752366278,0.5067850637522768,0.5208583433373349,0.6317203512118766,0.622395938743844,0.6574074074074074,108.0,0.5084745762711864,0.6,0.4411764705882353,34.0,0.7428571428571429,0.7222222222222222,0.7647058823529411,17.0,0.7818181818181819,0.7049180327868853,0.8775510204081632,49.0,0.0,0.0,0.0,8.0,,,,
p_18,0.3914900888585099,0.44814814814814813,0.4290232793522267,0.4727158806106174,0.48223593964334704,0.5555555555555556,108.0,0.18181818181818182,0.3333333333333333,0.125,24.0,0.5714285714285714,0.5333333333333333,0.6153846153846154,13.0,0.7218045112781954,0.5925925925925926,0.9230769230769231,52.0,0.09090909090909091,0.3333333333333333,0.05263157894736842,19.0,,,,
p_19,0.4183914406935989,0.44548872180451127,0.415018315018315,0.6277186797570491,0.6072820941241994,0.6666666666666666,108.0,0.8633093525179856,0.7894736842105263,0.9523809523809523,63.0,0.4,0.5714285714285714,0.3076923076923077,13.0,0.0,0.0,0.0,12.0,0.41025641025641024,0.42105263157894735,0.4,20.0,,,,
p_20,0.34584717607973425,0.3150241109101869,0.4011363636363636,0.4166482096714655,0.36181713660616616,0.5092592592592593,108.0,0.0,0.0,0.0,27.0,0.4,0.35714285714285715,0.45454545454545453,11.0,0.2857142857142857,0.3333333333333333,0.25,20.0,0.6976744186046512,0.569620253164557,0.9,50.0,,,,
p_21,0.4058818312247294,0.4230676328502415,0.40283855637116506,0.5456220550797309,0.5314859545535874,0.5740740740740741,108.0,0.36363636363636365,0.4,0.3333333333333333,18.0,0.3902439024390244,0.4444444444444444,0.34782608695652173,23.0,0.11764705882352941,0.16666666666666666,0.09090909090909091,11.0,0.752,0.6811594202898551,0.8392857142857143,56.0,,,,
p_22,0.419557617643742,0.529071379071379,0.4176899696048632,0.4942281220856447,0.5561138061138061,0.5370370370370371,108.0,0.2962962962962963,0.6666666666666666,0.19047619047619047,21.0,0.42105263157894735,0.6153846153846154,0.32,25.0,0.6942148760330579,0.5675675675675675,0.8936170212765957,47.0,0.26666666666666666,0.26666666666666666,0.26666666666666666,15.0,,,,
p_23,0.2960358056265985,0.25576923076923075,0.35178571428571426,0.4545798995926873,0.38945868945868944,0.5462962962962963,108.0,0.7058823529411765,0.6,0.8571428571428571,56.0,0.4782608695652174,0.4230769230769231,0.55,20.0,0.0,0.0,0.0,15.0,0.0,0.0,0.0,17.0,,,,
p_24,0.33111743622180057,0.49992319508448535,0.341970310391363,0.4793452339119638,0.5717955282471412,0.5648148148148148,108.0,0.1111111111111111,0.3333333333333333,0.06666666666666667,15.0,0.25806451612903225,0.8,0.15384615384615385,26.0,0.23529411764705882,0.2857142857142857,0.2,10.0,0.72,0.5806451612903226,0.9473684210526315,57.0,,,,
p_25,0.30965832660747916,0.29358141858141856,0.34833024118738404,0.4866429518030272,0.44732582232582235,0.5648148148148148,108.0,0.7301587301587301,0.5974025974025974,0.9387755102040817,49.0,0.0,0.0,0.0,16.0,0.5084745762711864,0.5769230769230769,0.45454545454545453,33.0,0.0,0.0,0.0,10.0,,,,
p_26,0.34337941628264207,0.361383032128514,0.3617324561403509,0.5423712806508505,0.5192273724527741,0.6018518518518519,108.0,0.7619047619047619,0.6746987951807228,0.875,64.0,0.16,0.3333333333333333,0.10526315789473684,19.0,0.45161290322580644,0.4375,0.4666666666666667,15.0,0.0,0.0,0.0,10.0,,,,
p_27,0.39764484741264927,0.4408307210031348,0.4066832790237046,0.49705390928301135,0.5539010797631488,0.5,108.0,0.5263157894736842,0.6896551724137931,0.425531914893617,47.0,0.35714285714285715,0.5,0.2777777777777778,18.0,0.5894736842105263,0.4827586206896552,0.7567567567567568,37.0,0.11764705882352941,0.09090909090909091,0.16666666666666666,6.0,,,,
p_28,0.3668331419823957,0.4512096774193548,0.36180555555555555,0.4188544457201174,0.43803265631222615,0.4444444444444444,108.0,0.58,0.48333333333333334,0.725,40.0,0.358974358974359,0.4666666666666667,0.2916666666666667,24.0,0.3283582089552239,0.3548387096774194,0.3055555555555556,36.0,0.2,0.5,0.125,8.0,,,,
p_29,0.3683687943262411,0.4096153846153846,0.38396369712159184,0.5523666929340688,0.5440408357075024,0.6018518518518519,108.0,0.7801418439716312,0.7051282051282052,0.873015873015873,63.0,0.13333333333333333,0.25,0.09090909090909091,11.0,0.4,0.35,0.4666666666666667,15.0,0.16,0.3333333333333333,0.10526315789473684,19.0,,,,
p_30,0.38159435920629947,0.5036799620132953,0.37940966266437964,0.5143294148269272,0.5447354999824136,0.5740740740740741,108.0,0.15384615384615385,0.5,0.09090909090909091,11.0,0.18181818181818182,0.23076923076923078,0.15,20.0,0.4444444444444444,0.6666666666666666,0.3333333333333333,24.0,0.746268656716418,0.6172839506172839,0.9433962264150944,53.0,,,,
p_31,0.3623188405797101,0.35466507177033496,0.3760752688172043,0.5656096453197902,0.5306131490342016,0.6111111111111112,108.0,0.782608695652174,0.7105263157894737,0.8709677419354839,62.0,0.5128205128205128,0.5263157894736842,0.5,20.0,0.15384615384615385,0.18181818181818182,0.13333333333333333,15.0,0.0,0.0,0.0,11.0,,,,
p_32,0.33184257602862255,0.291875,0.3849206349206349,0.5417412045319023,0.48104166666666665,0.6203703703703703,108.0,0.0,0.0,0.0,16.0,0.5581395348837209,0.48,0.6666666666666666,18.0,0.7692307692307693,0.6875,0.873015873015873,63.0,0.0,0.0,0.0,11.0,,,,
p_33,0.38726215644820294,0.3748902064119455,0.4005602240896359,0.5098152063268343,0.4931419671757836,0.5277777777777778,108.0,0.5581395348837209,0.5454545454545454,0.5714285714285714,42.0,0.5909090909090909,0.5652173913043478,0.6190476190476191,42.0,0.4,0.3888888888888889,0.4117647058823529,17.0,0.0,0.0,0.0,7.0,,,,
p_34,0.4997121802520695,0.5013736263736264,0.5133579638752053,0.5754716117974936,0.5686050061050061,0.5925925925925926,108.0,0.17391304347826086,0.25,0.13333333333333333,15.0,0.7169811320754716,0.6785714285714286,0.76,50.0,0.5454545454545454,0.5769230769230769,0.5172413793103449,29.0,0.5625,0.5,0.6428571428571429,14.0,,,,
p_35,0.2564263322884013,0.263768115942029,0.29538061158100193,0.4225473122024846,0.3992485238862051,0.5185185185185185,108.0,0.0,0.0,0.0,8.0,0.6620689655172414,0.5217391304347826,0.9056603773584906,53.0,0.0,0.0,0.0,18.0,0.36363636363636365,0.5333333333333333,0.27586206896551724,29.0,,,,
p_36,0.36668353576248314,0.3613247863247863,0.3841642228739003,0.4798033188384065,0.4586815447926559,0.5185185185185185,108.0,0.35,0.3888888888888889,0.3181818181818182,22.0,0.38596491228070173,0.4230769230769231,0.3548387096774194,31.0,0.0,0.0,0.0,11.0,0.7307692307692307,0.6333333333333333,0.8636363636363636,44.0,,,,
p_37,0.48182960830019655,0.5271892655367232,0.4711622807017544,0.5639920234691478,0.591206319313664,0.5740740740740741,108.0,0.5128205128205128,0.6666666666666666,0.4166666666666667,24.0,0.6262626262626263,0.5254237288135594,0.775,40.0,0.5882352941176471,0.6666666666666666,0.5263157894736842,38.0,0.2,0.25,0.16666666666666666,6.0,,,,
p_38,0.3613095238095238,0.3547619047619048,0.3820833333333333,0.48037918871252205,0.4563492063492064,0.5277777777777778,108.0,0.6833333333333333,0.5857142857142857,0.82,50.0,0.42857142857142855,0.5,0.375,32.0,0.3333333333333333,0.3333333333333333,0.3333333333333333,12.0,0.0,0.0,0.0,14.0,,,,
p_39,0.24176825705939628,0.22578703703703704,0.26231884057971017,0.332612427422554,0.31072745198902607,0.3611111111111111,108.0,0.43037974683544306,0.37777777777777777,0.5,34.0,0.3384615384615385,0.34375,0.3333333333333333,33.0,0.0,0.0,0.0,17.0,0.44,0.4074074074074074,0.4782608695652174,23.0,0.0,0.0,0.0,1.0
p_40,0.3304958183990442,0.43032746823069407,0.3428815807848066,0.41323731138545955,0.47525252525252526,0.4537037037037037,108.0,0.0,0.0,0.0,13.0,0.5740740740740741,0.4696969696969697,0.7380952380952381,42.0,0.45161290322580644,0.45161290322580644,0.45161290322580644,31.0,0.2962962962962963,0.8,0.18181818181818182,22.0,,,,
p_41,0.42732128826029503,0.4523933578736534,0.4305555555555555,0.484145895422191,0.4873153210591635,0.5,108.0,0.5411764705882353,0.46938775510204084,0.6388888888888888,36.0,0.5245901639344263,0.5517241379310345,0.5,32.0,0.125,0.25,0.08333333333333333,12.0,0.5185185185185185,0.5384615384615384,0.5,28.0,,,,
p_42,0.4292929292929293,0.4699244915357447,0.4181882931882932,0.5166479610924055,0.5162131197084309,0.5462962962962963,108.0,0.36363636363636365,0.47058823529411764,0.2962962962962963,27.0,0.18181818181818182,0.2,0.16666666666666666,18.0,0.7272727272727273,0.6376811594202898,0.8461538461538461,52.0,0.4444444444444444,0.5714285714285714,0.36363636363636365,11.0,,,,
p_43,0.23847167325428195,0.22175802139037432,0.29055555555555557,0.38353340164934374,0.3354996038819568,0.49074074074074076,108.0,0.0,0.0,0.0,24.0,0.2727272727272727,0.35294117647058826,0.2222222222222222,27.0,0.6811594202898551,0.5340909090909091,0.94,50.0,0.0,0.0,0.0,7.0,,,,
p_44,0.4373355402767167,0.4947916666666667,0.43376623376623374,0.46952720482132243,0.5383101851851853,0.4722222222222222,108.0,0.5252525252525253,0.43333333333333335,0.6666666666666666,39.0,0.38095238095238093,0.4,0.36363636363636365,22.0,0.5098039215686274,0.8125,0.37142857142857144,35.0,0.3333333333333333,0.3333333333333333,0.3333333333333333,12.0,,,,
p_45,0.29906468531468533,0.28534663865546217,0.3360871647509579,0.46697228697228693,0.4142234671646436,0.5555555555555556,108.0,0.7412587412587412,0.6235294117647059,0.9137931034482759,58.0,0.08,0.14285714285714285,0.05555555555555555,18.0,0.375,0.375,0.375,16.0,0.0,0.0,0.0,16.0,,,,
p_46,0.460782967032967,0.4922652676889965,0.4620540669097828,0.5916590354090354,0.5862279416893352,0.6111111111111112,108.0,0.15384615384615385,0.3333333333333333,0.1,10.0,0.42857142857142855,0.42857142857142855,0.42857142857142855,28.0,0.8035714285714286,0.7627118644067796,0.8490566037735849,53.0,0.45714285714285713,0.4444444444444444,0.47058823529411764,17.0,,,,
p_47,0.4357457228227639,0.4888095238095238,0.4328234265734266,0.511217268767943,0.5094532627865961,0.5555555555555556,108.0,0.13793103448275862,0.2857142857142857,0.09090909090909091,22.0,0.3673469387755102,0.36,0.375,24.0,0.5,0.6666666666666666,0.4,10.0,0.7377049180327869,0.6428571428571429,0.8653846153846154,52.0,,,,
p_48,0.3382537989869368,0.3750843454790823,0.36103801169590644,0.4795388883951933,0.4904064827310442,0.5370370370370371,108.0,0.5483870967741935,0.6538461538461539,0.4722222222222222,36.0,0.6446280991735537,0.5131578947368421,0.8666666666666667,45.0,0.16,0.3333333333333333,0.10526315789473684,19.0,0.0,0.0,0.0,8.0,,,,
p_49,0.37162686104218356,0.5443802521008403,0.40565476190476185,0.522619704071317,0.5581232492997199,0.5925925925925926,108.0,0.6875,0.5892857142857143,0.825,40.0,0.6451612903225806,0.5882352941176471,0.7142857142857143,42.0,0.0,0.0,0.0,14.0,0.15384615384615385,1.0,0.08333333333333333,12.0,,,,
p_50,0.48699030251449604,0.4890484449307979,0.490976690976691,0.5095597229333789,0.5150878533231475,0.5092592592592593,108.0,0.5945945945945946,0.5945945945945946,0.5945945945945946,37.0,0.4583333333333333,0.5238095238095238,0.4074074074074074,27.0,0.5079365079365079,0.48484848484848486,0.5333333333333333,30.0,0.3870967741935484,0.35294117647058826,0.42857142857142855,14.0,,,,
p_51,0.3076750963249819,0.3608014571948998,0.32449673202614376,0.4069082342919109,0.4518788369425892,0.4444444444444444,108.0,0.46153846153846156,0.4444444444444444,0.48,25.0,0.17391304347826086,0.4,0.1111111111111111,18.0,0.35555555555555557,0.5333333333333333,0.26666666666666666,30.0,0.5473684210526316,0.4262295081967213,0.7647058823529411,34.0,0.0,0.0,0.0,1.0
p_52,0.49896331738437,0.5940377253343672,0.4881298449612403,0.5158278693366413,0.594275869928855,0.5277777777777778,108.0,0.47368421052631576,0.8181818181818182,0.3333333333333333,27.0,0.5818181818181818,0.47761194029850745,0.7441860465116279,43.0,0.4666666666666667,0.4375,0.5,14.0,0.47368421052631576,0.6428571428571429,0.375,24.0,,,,
p_53,0.2522001205545509,0.27130883301096065,0.2848611111111111,0.516219052084031,0.48008453327602263,0.6203703703703703,108.0,0.09523809523809523,0.3333333333333333,0.05555555555555555,18.0,0.7848101265822784,0.6595744680851063,0.96875,64.0,0.0,0.0,0.0,15.0,0.38095238095238093,0.36363636363636365,0.4,10.0,0.0,0.0,0.0,1.0
p_54,0.4327421410365335,0.49240812950490365,0.4230352303523035,0.549351379842034,0.5616922901869138,0.5740740740740741,108.0,0.6355140186915887,0.5483870967741935,0.7555555555555555,45.0,0.55,0.5641025641025641,0.5365853658536586,41.0,0.0,0.0,0.0,7.0,0.5454545454545454,0.8571428571428571,0.4,15.0,,,,
p_55,0.38072047000618425,0.41339631782945735,0.3850263466042154,0.6094848713896333,0.603915446454206,0.6666666666666666,108.0,0.7891156462585034,0.6744186046511628,0.9508196721311475,61.0,0.5909090909090909,0.8125,0.4642857142857143,28.0,0.14285714285714285,0.16666666666666666,0.125,8.0,0.0,0.0,0.0,11.0,,,,
p_56,0.4645807068507022,0.515625,0.45835050366300367,0.5308574983659762,0.5691287878787878,0.5370370370370371,108.0,0.5060240963855421,0.4772727272727273,0.5384615384615384,39.0,0.5652173913043478,0.8125,0.43333333333333335,30.0,0.18181818181818182,0.25,0.14285714285714285,7.0,0.6052631578947368,0.5227272727272727,0.71875,32.0,,,,
p_57,0.41192141192141196,0.3701105442176871,0.4660714285714286,0.4305339722006388,0.38470017636684306,0.49074074074074076,108.0,0.0,0.0,0.0,23.0,0.5909090909090909,0.5416666666666666,0.65,20.0,0.46153846153846156,0.42857142857142855,0.5,30.0,0.5952380952380952,0.5102040816326531,0.7142857142857143,35.0,,,,
p_58,0.3799487913661142,0.628125,0.3754380475594493,0.4915529206867789,0.595460390946502,0.5370370370370371,108.0,0.15384615384615385,0.2222222222222222,0.11764705882352941,17.0,0.6456692913385826,0.5125,0.8723404255319149,47.0,0.5384615384615384,0.7777777777777778,0.4117647058823529,34.0,0.18181818181818182,1.0,0.1,10.0,,,,
p_59,0.3983136003200931,0.39045545649319235,0.41311478629792586,0.4855322390082502,0.4607660566780063,0.5185185185185185,108.0,0.5063291139240507,0.47619047619047616,0.5405405405405406,37.0,0.6041666666666666,0.5471698113207547,0.6744186046511628,43.0,0.4827586206896552,0.5384615384615384,0.4375,16.0,0.0,0.0,0.0,12.0,,,,
p_60,0.3696755431373667,0.38453087233575034,0.3687730968218773,0.4681305205150028,0.48981908738006297,0.46296296296296297,108.0,0.41025641025641024,0.43243243243243246,0.3902439024390244,41.0,0.5614035087719298,0.6666666666666666,0.48484848484848486,33.0,0.5070422535211268,0.43902439024390244,0.6,30.0,0.0,0.0,0.0,4.0,,,,
p_61,0.3375935288169869,0.3535714285714286,0.3559976422045388,0.4368677676665543,0.4378306878306879,0.48148148148148145,108.0,0.48,0.5,0.46153846153846156,26.0,0.591304347826087,0.4857142857142857,0.7555555555555555,45.0,0.27906976744186046,0.42857142857142855,0.20689655172413793,29.0,0.0,0.0,0.0,8.0,,,,
p_62,0.30824175824175826,0.2980769230769231,0.3248847926267281,0.5625152625152625,0.527065527065527,0.6111111111111112,108.0,0.46153846153846156,0.5,0.42857142857142855,28.0,0.7714285714285715,0.6923076923076923,0.8709677419354839,62.0,0.0,0.0,0.0,15.0,0.0,0.0,0.0,3.0,,,,
p_63,0.5345779220779221,0.5717780026990553,0.5531015037593985,0.5468414301747635,0.5929799570150446,0.5555555555555556,108.0,0.45,0.75,0.32142857142857145,28.0,0.5974025974025974,0.5897435897435898,0.6052631578947368,38.0,0.48484848484848486,0.42105263157894735,0.5714285714285714,14.0,0.6060606060606061,0.5263157894736842,0.7142857142857143,28.0,,,,
p_64,0.37524366471734893,0.3617948717948718,0.40499198075380916,0.4631434553461844,0.4326115859449193,0.5185185185185185,108.0,0.5185185185185185,0.56,0.4827586206896552,29.0,0.6666666666666666,0.5538461538461539,0.8372093023255814,43.0,0.0,0.0,0.0,16.0,0.3157894736842105,0.3333333333333333,0.3,20.0,,,,
p_65,0.27456856187290973,0.3903296703296703,0.2740952380952381,0.46417936330979814,0.5556573056573056,0.49074074074074076,108.0,0.591304347826087,0.5230769230769231,0.68,50.0,0.46153846153846156,0.42857142857142855,0.5,30.0,0.32,1.0,0.19047619047619047,21.0,0.0,0.0,0.0,6.0,0.0,0.0,0.0,1.0
p_66,0.3810171746492501,0.37443284936479126,0.38958333333333334,0.5753865863928758,0.56918397526383,0.5833333333333334,108.0,0.75,0.75,0.75,60.0,0.358974358974359,0.3684210526315789,0.35,20.0,0.41509433962264153,0.3793103448275862,0.4583333333333333,24.0,0.0,0.0,0.0,4.0,,,,
p_67,0.32149292149292147,0.31574660633484164,0.3423601147776184,0.36301539634872965,0.35897938662644546,0.37962962962962965,108.0,0.26666666666666666,0.3076923076923077,0.23529411764705882,34.0,0.16216216216216217,0.2,0.13636363636363635,22.0,0.2857142857142857,0.23529411764705882,0.36363636363636365,11.0,0.5714285714285714,0.52,0.6341463414634146,41.0,,,,
p_68,0.37875141480262775,0.43153958944281523,0.3686868686868687,0.40904866488873676,0.4310274790919952,0.42592592592592593,108.0,0.5283018867924528,0.45161290322580644,0.6363636363636364,44.0,0.32653061224489793,0.32,0.3333333333333333,24.0,0.35714285714285715,0.5,0.2777777777777778,18.0,0.30303030303030304,0.45454545454545453,0.22727272727272727,22.0,,,,
p_69,0.29452341137123744,0.27494517543859653,0.31757736943907156,0.4975922829183698,0.46414067576348284,0.5370370370370371,108.0,0.5434782608695652,0.5208333333333334,0.5681818181818182,44.0,0.0,0.0,0.0,13.0,0.6346153846153846,0.5789473684210527,0.7021276595744681,47.0,0.0,0.0,0.0,4.0,,,,
p_70,0.3491499696417729,0.34268184693232134,0.3726077666295058,0.4211574355168769,0.4184138027971045,0.4444444444444444,108.0,0.48148148148148145,0.41935483870967744,0.5652173913043478,23.0,0.4888888888888889,0.43137254901960786,0.5641025641025641,39.0,0.4262295081967213,0.52,0.3611111111111111,36.0,0.0,0.0,0.0,10.0,,,,
p_71,0.31448331501531696,0.3768939393939394,0.31922814207650274,0.5283790677472131,0.5609567901234568,0.5833333333333334,108.0,0.3902439024390244,0.7272727272727273,0.26666666666666666,30.0,0.7248322147651006,0.6136363636363636,0.8852459016393442,61.0,0.0,0.0,0.0,9.0,0.14285714285714285,0.16666666666666666,0.125,8.0,,,,
p_72,0.30788324979114456,0.49861111111111106,0.31851851851851853,0.4406119465329991,0.5569444444444445,0.5185185185185185,108.0,0.2857142857142857,1.0,0.16666666666666666,24.0,0.6805555555555556,0.5444444444444444,0.9074074074074074,54.0,0.16,0.2,0.13333333333333333,15.0,0.10526315789473684,0.25,0.06666666666666667,15.0,,,,
p_73,0.45134143743020044,0.4583982683982684,0.48657959687371455,0.5317494478623102,0.5392608625941959,0.5462962962962963,108.0,0.5283018867924528,0.56,0.5,28.0,0.6728971962616822,0.6545454545454545,0.6923076923076923,52.0,0.16666666666666666,0.2857142857142857,0.11764705882352941,17.0,0.4375,0.3333333333333333,0.6363636363636364,11.0,,,,
p_74,0.2743055555555556,0.2651098901098901,0.3201114922813036,0.42682613168724287,0.37688237688237686,0.5370370370370371,108.0,0.3888888888888889,0.5,0.3181818181818182,22.0,0.7083333333333334,0.5604395604395604,0.9622641509433962,53.0,0.0,0.0,0.0,12.0,0.0,0.0,0.0,21.0,,,,
p_75,0.29589646464646463,0.3727355072463768,0.32129120879120876,0.42374672652450435,0.444327026301664,0.5185185185185185,108.0,0.30303030303030304,0.625,0.2,25.0,0.6805555555555556,0.532608695652174,0.9423076923076923,52.0,0.2,0.3333333333333333,0.14285714285714285,14.0,0.0,0.0,0.0,17.0,,,,
p_76,0.3719029128290705,0.3942241968557758,0.37401792524790234,0.3910799388757948,0.4034961140224298,0.4074074074074074,108.0,0.5106382978723404,0.42857142857142855,0.631578947368421,38.0,0.3137254901960784,0.42105263157894735,0.25,32.0,0.35555555555555557,0.36363636363636365,0.34782608695652173,23.0,0.3076923076923077,0.36363636363636365,0.26666666666666666,15.0,,,,
p_77,0.2797222222222222,0.35909090909090907,0.3055555555555556,0.365895061728395,0.45033670033670037,0.39814814814814814,108.0,0.48,0.43636363636363634,0.5333333333333333,45.0,0.4166666666666667,0.3333333333333333,0.5555555555555556,27.0,0.2222222222222222,0.6666666666666666,0.13333333333333333,30.0,0.0,0.0,0.0,6.0,,,,
p_78,0.32394224581724584,0.301434816908816,0.35179452330615124,0.377466007674341,0.3457713350718413,0.4166666666666667,108.0,0.4791666666666667,0.4339622641509434,0.5348837209302325,43.0,0.4594594594594595,0.4146341463414634,0.5151515151515151,33.0,0.0,0.0,0.0,18.0,0.35714285714285715,0.35714285714285715,0.35714285714285715,14.0,,,,
p_79,0.4003781004234725,0.40083027892007866,0.4130412991178829,0.4115065761466245,0.41552436577467866,0.4166666666666667,108.0,0.4666666666666667,0.44680851063829785,0.4883720930232558,43.0,0.42105263157894735,0.42857142857142855,0.41379310344827586,29.0,0.41379310344827586,0.35294117647058826,0.5,12.0,0.3,0.375,0.25,24.0,,,,
p_80,0.4372648504475046,0.4775793650793651,0.43450854700854696,0.44793915543538254,0.4778218694885361,0.4537037037037037,108.0,0.4838709677419355,0.4166666666666667,0.5769230769230769,26.0,0.42105263157894735,0.5714285714285714,0.3333333333333333,36.0,0.4691358024691358,0.4222222222222222,0.5277777777777778,36.0,0.375,0.5,0.3,10.0,,,,
p_81,0.31291834002677377,0.3281914893617021,0.320874183006536,0.6081114581783926,0.5696217494089835,0.6759259259259259,108.0,0.8072289156626506,0.7127659574468085,0.9305555555555556,72.0,0.4444444444444444,0.6,0.35294117647058826,17.0,0.0,0.0,0.0,8.0,0.0,0.0,0.0,11.0,,,,
p_82,0.42791889483065954,0.560551948051948,0.44284013040244347,0.5440392486961114,0.6022246272246272,0.5925925925925926,108.0,0.5294117647058824,0.45,0.6428571428571429,14.0,0.36363636363636365,1.0,0.2222222222222222,18.0,0.7352941176470589,0.6493506493506493,0.847457627118644,59.0,0.08333333333333333,0.14285714285714285,0.058823529411764705,17.0,,,,
p_83,0.33861336032388667,0.42342032967032966,0.3365209471766849,0.5138757684810317,0.5229192104192104,0.5833333333333334,108.0,0.7236842105263158,0.6043956043956044,0.9016393442622951,61.0,0.0,0.0,0.0,11.0,0.23076923076923078,0.375,0.16666666666666666,18.0,0.4,0.7142857142857143,0.2777777777777778,18.0,,,,
p_84,0.3773379143323996,0.40140013495276655,0.38628094878094876,0.5624443450219594,0.5557117508871896,0.6111111111111112,108.0,0.5396825396825397,0.6538461538461539,0.4594594594594595,37.0,0.23529411764705882,0.3333333333333333,0.18181818181818182,11.0,0.734375,0.618421052631579,0.9038461538461539,52.0,0.0,0.0,0.0,8.0,,,,
p_85,0.2647562582345191,0.25916075650118203,0.2934027777777778,0.3724052115356463,0.3501444707118466,0.4166666666666667,108.0,0.43478260869565216,0.425531914893617,0.4444444444444444,45.0,0.0,0.0,0.0,11.0,0.09090909090909091,0.16666666666666666,0.0625,16.0,0.5333333333333333,0.4444444444444444,0.6666666666666666,36.0,,,,
p_86,0.40619694397283534,0.5595619658119658,0.3695306725794531,0.3889098492946823,0.46788936372269707,0.37962962962962965,108.0,0.34408602150537637,0.3076923076923077,0.3902439024390244,41.0,0.42105263157894735,1.0,0.26666666666666666,15.0,0.3333333333333333,0.3055555555555556,0.36666666666666664,30.0,0.5263157894736842,0.625,0.45454545454545453,22.0,,,,
p_87,0.3679125752296484,0.3725198412698413,0.40790370202134907,0.44165229531083194,0.4580761316872428,0.48148148148148145,108.0,0.5714285714285714,0.47619047619047616,0.7142857142857143,28.0,0.0,0.0,0.0,9.0,0.5365853658536586,0.4583333333333333,0.6470588235294118,34.0,0.36363636363636365,0.5555555555555556,0.2702702702702703,37.0,,,,
p_88,0.3692857142857143,0.47789115646258506,0.3515963203463203,0.6609523809523808,0.6545414462081128,0.7222222222222222,108.0,0.8342857142857143,0.7448979591836735,0.948051948051948,77.0,0.5,1.0,0.3333333333333333,12.0,0.14285714285714285,0.16666666666666666,0.125,8.0,0.0,0.0,0.0,11.0,,,,
p_89,0.42005981136415915,0.46884317233154443,0.4370492252845194,0.43164293808416193,0.4641804147618101,0.4537037037037037,108.0,0.5797101449275363,0.46511627906976744,0.7692307692307693,26.0,0.4444444444444444,0.41025641025641024,0.48484848484848486,33.0,0.37037037037037035,0.5,0.29411764705882354,34.0,0.2857142857142857,0.5,0.2,15.0,,,,
p_90,0.3455573800401387,0.34490626202649954,0.3570632798573975,0.4445728341002926,0.4383937789017782,0.46296296296296297,108.0,0.4827586206896552,0.4883720930232558,0.4772727272727273,44.0,0.0,0.0,0.0,6.0,0.38095238095238093,0.4444444444444444,0.3333333333333333,24.0,0.5185185185185185,0.44680851063829785,0.6176470588235294,34.0,,,,
p_91,0.3889833035181872,0.4094401544401544,0.4340961959496442,0.5523658870558096,0.559103389103389,0.6203703703703703,108.0,0.16666666666666666,0.42857142857142855,0.10344827586206896,29.0,0.7846153846153846,0.6891891891891891,0.9107142857142857,56.0,0.6046511627906976,0.52,0.7222222222222222,18.0,0.0,0.0,0.0,5.0,,,,
p_92,0.3412820512820513,0.4497248211337369,0.35862745098039217,0.5004463437796771,0.5699311033653357,0.5648148148148148,108.0,0.36,0.391304347826087,0.3333333333333333,27.0,0.0,0.0,0.0,5.0,0.26666666666666666,0.8,0.16,25.0,0.7384615384615385,0.6075949367088608,0.9411764705882353,51.0,,,,
p_93,0.37953712953712954,0.3845046082949309,0.40721884498480243,0.544393877727211,0.5119901006997781,0.6111111111111112,108.0,0.6060606060606061,0.6451612903225806,0.5714285714285714,35.0,0.7692307692307693,0.6428571428571429,0.9574468085106383,47.0,0.14285714285714285,0.25,0.1,10.0,0.0,0.0,0.0,16.0,,,,
p_94,0.33667312865959803,0.3328233374133007,0.35610725481415134,0.45133247466488485,0.44683953639481994,0.4722222222222222,108.0,0.6741573033707865,0.6666666666666666,0.6818181818181818,44.0,0.0,0.0,0.0,7.0,0.4225352112676056,0.3488372093023256,0.5357142857142857,28.0,0.25,0.3157894736842105,0.20689655172413793,29.0,,,,
p_95,0.3664797238999137,0.34141042780748665,0.3995460557960558,0.5489726136835714,0.5059727173697761,0.6018518518518519,108.0,0.7377049180327869,0.6818181818181818,0.8035714285714286,56.0,0.6229508196721312,0.5588235294117647,0.7037037037037037,27.0,0.10526315789473684,0.125,0.09090909090909091,11.0,0.0,0.0,0.0,14.0,,,,
p_96,0.31898579815246486,0.3466840177366493,0.3457332848249657,0.39844372020297947,0.41049204207098944,0.4351851851851852,108.0,0.5679012345679012,0.5897435897435898,0.5476190476190477,42.0,0.4772727272727273,0.3684210526315789,0.6774193548387096,31.0,0.23076923076923078,0.42857142857142855,0.15789473684210525,19.0,0.0,0.0,0.0,16.0,,,,
p_97,0.30443230115361264,0.3261617900172117,0.3293269230769231,0.5316692527378625,0.5487983680754766,0.5925925925925926,108.0,0.4918032786885246,0.7142857142857143,0.375,40.0,0.0,0.0,0.0,12.0,0.725925925925926,0.5903614457831325,0.9423076923076923,52.0,0.0,0.0,0.0,4.0,,,,
p_98,0.36771202125532837,0.45627670940170945,0.36592895136778114,0.4416580144926602,0.48162096391263065,0.49074074074074076,108.0,0.6141732283464567,0.4875,0.8297872340425532,47.0,0.09090909090909091,0.16666666666666666,0.0625,16.0,0.43243243243243246,0.6153846153846154,0.3333333333333333,24.0,0.3333333333333333,0.5555555555555556,0.23809523809523808,21.0,,,,
p_99,0.25466709143039185,0.23797692990239572,0.27726608187134505,0.2889974396186566,0.2705346873048736,0.3148148148148148,108.0,0.37209302325581395,0.34782608695652173,0.4,20.0,0.4,0.3469387755102041,0.4722222222222222,36.0,0.2465753424657534,0.2571428571428571,0.23684210526315788,38.0,0.0,0.0,0.0,14.0,,,,
p_100,0.36082202111613876,0.39778609072087334,0.3640522875816994,0.46406276185687956,0.4872704791183052,0.48148148148148145,108.0,0.35,0.30434782608695654,0.4117647058823529,17.0,0.358974358974359,0.5833333333333334,0.25925925925925924,27.0,0.6166666666666667,0.5606060606060606,0.6851851851851852,54.0,0.11764705882352941,0.14285714285714285,0.1,10.0,,,,
p_101,0.32723187207058174,0.3454166666666667,0.35859179197994984,0.4357179180835095,0.43700617283950616,0.5,108.0,0.24,0.3333333333333333,0.1875,16.0,0.6495726495726496,0.5066666666666667,0.9047619047619048,42.0,0.41935483870967744,0.5416666666666666,0.34210526315789475,38.0,0.0,0.0,0.0,12.0,,,,
p_102,0.3222437137330755,0.3082832595403753,0.3448915525114155,0.5573345750650716,0.5639260781971092,0.5555555555555556,108.0,0.32727272727272727,0.2903225806451613,0.375,24.0,0.26666666666666666,0.2222222222222222,0.3333333333333333,6.0,0.6950354609929078,0.7205882352941176,0.6712328767123288,73.0,0.0,0.0,0.0,5.0,,,,
p_103,0.3577597840755735,0.3600067385444744,0.36428571428571427,0.43115909431698907,0.42905810122791255,0.4444444444444444,108.0,0.2962962962962963,0.3333333333333333,0.26666666666666666,30.0,0.6105263157894737,0.5471698113207547,0.6904761904761905,42.0,0.37037037037037035,0.4166666666666667,0.3333333333333333,30.0,0.15384615384615385,0.14285714285714285,0.16666666666666666,6.0,,,,
p_104,0.3674954192203197,0.3629411764705882,0.3729411764705882,0.4798504197000438,0.4703703703703703,0.49074074074074076,108.0,0.4117647058823529,0.4117647058823529,0.4117647058823529,34.0,0.4897959183673469,0.5,0.48,25.0,0.5684210526315789,0.54,0.6,45.0,0.0,0.0,0.0,4.0,,,,
p_105,0.32033336493939535,0.3121914849856027,0.34784427284427283,0.4192001266583671,0.42516892149245095,0.4351851851851852,108.0,0.2777777777777778,0.22727272727272727,0.35714285714285715,14.0,0.5316455696202531,0.6176470588235294,0.4666666666666667,45.0,0.47191011235955055,0.40384615384615385,0.5675675675675675,37.0,0.0,0.0,0.0,12.0,,,,
p_106,0.5252820205650395,0.667094861660079,0.5013888888888889,0.5406327761324267,0.6100717318108623,0.5462962962962963,108.0,0.48148148148148145,0.5,0.4642857142857143,28.0,0.6037735849056604,0.6956521739130435,0.5333333333333333,30.0,0.5714285714285714,0.4727272727272727,0.7222222222222222,36.0,0.4444444444444444,1.0,0.2857142857142857,14.0,,,,
p_107,0.3810491787186703,0.3880208333333333,0.3872767857142857,0.49708788691839545,0.48418209876543206,0.5277777777777778,108.0,0.6785714285714286,0.59375,0.7916666666666666,48.0,0.5405405405405406,0.625,0.47619047619047616,21.0,0.3050847457627119,0.3333333333333333,0.28125,32.0,0.0,0.0,0.0,7.0,,,,
p_108,0.4338509316770186,0.5848984861346915,0.43470695970695966,0.4422935357717966,0.5533592980360099,0.4537037037037037,108.0,0.4782608695652174,0.38596491228070173,0.6285714285714286,35.0,0.4666666666666667,0.4375,0.5,14.0,0.45714285714285713,0.5161290322580645,0.41025641025641024,39.0,0.3333333333333333,1.0,0.2,20.0,,,,
p_109,0.28705996186573324,0.30528231359433405,0.30336293474496606,0.38392553172427385,0.39824105041496344,0.4166666666666667,108.0,0.5660377358490566,0.46153846153846156,0.7317073170731707,41.0,0.3076923076923077,0.34782608695652173,0.27586206896551724,29.0,0.27450980392156865,0.4117647058823529,0.20588235294117646,34.0,0.0,0.0,0.0,4.0,,,,
p_110,0.36036644165863063,0.3819308545335942,0.3701680672268907,0.5036715596985607,0.505303085211761,0.5462962962962963,108.0,0.6885245901639344,0.5753424657534246,0.8571428571428571,49.0,0.35294117647058826,0.42857142857142855,0.3,20.0,0.4,0.5238095238095238,0.3235294117647059,34.0,0.0,0.0,0.0,5.0,,,,
p_111,0.35231507622811964,0.45151430694908956,0.34731711525189785,0.4131062174540435,0.4503007280785059,0.4351851851851852,108.0,0.43478260869565216,0.5555555555555556,0.35714285714285715,28.0,0.30434782608695654,0.30434782608695654,0.30434782608695654,23.0,0.5272727272727272,0.4461538461538462,0.6444444444444445,45.0,0.14285714285714285,0.5,0.08333333333333333,12.0,,,,
p_112,0.35543052837573386,0.352219012605042,0.36885683760683763,0.5005028267014568,0.478874883286648,0.5370370370370371,108.0,0.4931506849315068,0.5294117647058824,0.46153846153846156,39.0,0.25,0.2857142857142857,0.2222222222222222,9.0,0.6785714285714286,0.59375,0.7916666666666666,48.0,0.0,0.0,0.0,12.0,,,,
p_113,0.32040160175913546,0.3592381404925952,0.3390291160452451,0.3417016630868667,0.37690648199478477,0.37037037037037035,108.0,0.34782608695652173,0.5333333333333333,0.25806451612903225,31.0,0.4791666666666667,0.3770491803278688,0.6571428571428571,35.0,0.12903225806451613,0.2222222222222222,0.09090909090909091,22.0,0.32558139534883723,0.30434782608695654,0.35,20.0,,,,
p_114,0.35013798986401723,0.3476190476190476,0.3658612529580272,0.42219750484590673,0.42530864197530865,0.4351851851851852,108.0,0.4657534246575342,0.40476190476190477,0.5483870967741935,31.0,0.0,0.0,0.0,12.0,0.38095238095238093,0.34285714285714286,0.42857142857142855,28.0,0.5538461538461539,0.6428571428571429,0.4864864864864865,37.0,,,,
p_115,0.44409603841536616,0.548076923076923,0.42931505290704297,0.5082568138366458,0.5651709401709402,0.5462962962962963,108.0,0.656,0.5256410256410257,0.8723404255319149,47.0,0.16,0.25,0.11764705882352941,17.0,0.4897959183673469,0.75,0.36363636363636365,33.0,0.47058823529411764,0.6666666666666666,0.36363636363636365,11.0,,,,
p_116,0.35360507839499433,0.388031045751634,0.3804204374057315,0.35651870175679706,0.4065843621399177,0.37037037037037035,108.0,0.3181818181818182,0.3888888888888889,0.2692307692307692,26.0,0.5,0.375,0.75,24.0,0.39215686274509803,0.5882352941176471,0.29411764705882354,34.0,0.20408163265306123,0.2,0.20833333333333334,24.0,,,,
p_117,0.3287089381207028,0.3172484731597557,0.35960975609756096,0.4850253232606174,0.4546174268128624,0.5462962962962963,108.0,0.7058823529411765,0.5901639344262295,0.8780487804878049,41.0,0.509090909090909,0.4666666666666667,0.56,25.0,0.42857142857142855,0.5294117647058824,0.36,25.0,0.0,0.0,0.0,16.0,0.0,0.0,0.0,1.0
p_118,0.29872579001019367,0.29642857142857143,0.3165227629513344,0.3890455695246725,0.3649470899470899,0.42592592592592593,108.0,0.2,0.2857142857142857,0.15384615384615385,13.0,0.4444444444444444,0.4,0.5,28.0,0.5504587155963303,0.5,0.6122448979591837,49.0,0.0,0.0,0.0,18.0,,,,
p_119,0.31401850008781684,0.33556547619047616,0.3266944210458109,0.5310080292809641,0.5121803350970018,0.5925925925925926,108.0,0.7586206896551724,0.6547619047619048,0.9016393442622951,61.0,0.3684210526315789,0.4375,0.3181818181818182,22.0,0.12903225806451613,0.25,0.08695652173913043,23.0,0.0,0.0,0.0,2.0,,,,
p_120,0.2623456790123457,0.3407766990291262,0.2983942908117752,0.44981710105166894,0.44836389787846104,0.5740740740740741,108.0,0.3333333333333333,0.8,0.21052631578947367,19.0,0.0,0.0,0.0,18.0,0.7160493827160493,0.5631067961165048,0.9830508474576272,59.0,0.0,0.0,0.0,12.0,,,,
p_121,0.42699435329687435,0.5232142857142856,0.431500626566416,0.5007123837189197,0.5529320987654321,0.5277777777777778,108.0,0.7037037037037037,0.6333333333333333,0.7916666666666666,48.0,0.23529411764705882,0.26666666666666666,0.21052631578947367,19.0,0.4489795918367347,0.39285714285714285,0.5238095238095238,21.0,0.32,0.8,0.2,20.0,,,,
p_122,0.2872017772626292,0.2988425925925926,0.29455128205128206,0.3093225796065553,0.3103137860082304,0.32407407407407407,108.0,0.39215686274509803,0.37037037037037035,0.4166666666666667,24.0,0.14285714285714285,0.25,0.1,20.0,0.41379310344827586,0.375,0.46153846153846156,39.0,0.2,0.2,0.2,25.0,,,,
p_123,0.3452297915213516,0.36084529505582136,0.38253502769631803,0.42100028417163965,0.4470760233918128,0.46296296296296297,108.0,0.3137254901960784,0.5333333333333333,0.2222222222222222,36.0,0.5454545454545454,0.43636363636363634,0.7272727272727273,33.0,0.5217391304347826,0.47368421052631576,0.5806451612903226,31.0,0.0,0.0,0.0,8.0,,,,
p_124,0.3652525252525253,0.3563348416289593,0.41557128412537914,0.41215114104002987,0.4179235796882856,0.4444444444444444,108.0,0.0,0.0,0.0,19.0,0.4266666666666667,0.3076923076923077,0.6956521739130435,23.0,0.5454545454545454,0.6176470588235294,0.4883720930232558,43.0,0.4888888888888889,0.5,0.4782608695652174,23.0,,,,
p_125,0.2811147186147186,0.32136093073593075,0.33511242334771746,0.31919392336059005,0.37529812008978675,0.3888888888888889,108.0,0.30303030303030304,0.3125,0.29411764705882354,17.0,0.5357142857142857,0.38961038961038963,0.8571428571428571,35.0,0.2857142857142857,0.5833333333333334,0.1891891891891892,37.0,0.0,0.0,0.0,19.0,,,,
p_126,0.2792001189414214,0.3286037491919845,0.29184560780834073,0.38223532780475983,0.4065012329718212,0.4166666666666667,108.0,0.26666666666666666,0.5714285714285714,0.17391304347826086,23.0,0.2711864406779661,0.23529411764705882,0.32,25.0,0.5789473684210527,0.5076923076923077,0.673469387755102,49.0,0.0,0.0,0.0,11.0,,,,
p_127,0.42647647647647646,0.4671717171717172,0.4229302832244009,0.5187354020687355,0.5134680134680134,0.5462962962962963,108.0,0.4444444444444444,0.6666666666666666,0.3333333333333333,12.0,0.7207207207207207,0.6666666666666666,0.7843137254901961,51.0,0.4666666666666667,0.42424242424242425,0.5185185185185185,27.0,0.07407407407407407,0.1111111111111111,0.05555555555555555,18.0,,,,
p_128,0.24686825949892152,0.2529689608636977,0.2777777777777778,0.3295309993916266,0.31006522717049034,0.39814814814814814,108.0,0.21428571428571427,0.3,0.16666666666666666,18.0,0.20408163265306123,0.2631578947368421,0.16666666666666666,30.0,0.5691056910569106,0.44871794871794873,0.7777777777777778,45.0,0.0,0.0,0.0,15.0,,,,
p_129,0.2670995670995671,0.3203225806451613,0.28885135135135137,0.36545347656458765,0.3769414575866189,0.42592592592592593,108.0,0.0,0.0,0.0,22.0,0.3888888888888889,0.35,0.4375,32.0,0.5656565656565656,0.45161290322580644,0.7567567567567568,37.0,0.38095238095238093,0.8,0.25,16.0,0.0,0.0,0.0,1.0
p_130,0.4003213242453749,0.4518939393939394,0.41334776334776335,0.3916795893589143,0.447516835016835,0.39814814814814814,108.0,0.4266666666666667,0.4,0.45714285714285713,35.0,0.3333333333333333,0.6666666666666666,0.2222222222222222,27.0,0.379746835443038,0.3409090909090909,0.42857142857142855,35.0,0.46153846153846156,0.4,0.5454545454545454,11.0,,,,
p_131,0.28728991596638653,0.34325396825396826,0.32986656200941916,0.380650871459695,0.3797766019988242,0.4444444444444444,108.0,0.47058823529411764,0.38095238095238093,0.6153846153846154,26.0,0.125,0.5,0.07142857142857142,14.0,0.5535714285714286,0.49206349206349204,0.6326530612244898,49.0,0.0,0.0,0.0,19.0,,,,
p_132,0.31921872801463347,0.47095959595959597,0.35287235287235286,0.39943795631849666,0.5455948372615039,0.4537037037037037,108.0,0.463768115942029,0.4444444444444444,0.48484848484848486,33.0,0.25,1.0,0.14285714285714285,28.0,0.5631067961165048,0.4393939393939394,0.7837837837837838,37.0,0.0,0.0,0.0,10.0,,,,
p_133,0.3270104895104895,0.32063348416289594,0.3443055800035205,0.4861531986531986,0.45324618736383443,0.5370370370370371,108.0,0.35,0.4117647058823529,0.30434782608695654,23.0,0.0,0.0,0.0,15.0,0.7272727272727273,0.64,0.8421052631578947,57.0,0.23076923076923078,0.23076923076923078,0.23076923076923078,13.0,,,,
p_134,0.3173501101021483,0.3280701754385965,0.31909013605442177,0.4249014154120095,0.4288011695906433,0.4351851851851852,108.0,0.25925925925925924,0.23333333333333334,0.2916666666666667,24.0,0.46808510638297873,0.5789473684210527,0.39285714285714285,28.0,0.5420560747663551,0.5,0.5918367346938775,49.0,0.0,0.0,0.0,7.0,,,,
p_135,0.31412213740458017,0.3459928229665072,0.33434343434343433,0.4343228724908114,0.42449716462874354,0.49074074074074076,108.0,0.25,0.5,0.16666666666666666,18.0,0.0,0.0,0.0,17.0,0.6564885496183206,0.5657894736842105,0.7818181818181819,55.0,0.35,0.3181818181818182,0.3888888888888889,18.0,,,,
p_136,0.32152778011602967,0.35368589743589746,0.33161235832606806,0.4005673035565996,0.4357609211775878,0.4166666666666667,108.0,0.425531914893617,0.6666666666666666,0.3125,32.0,0.36619718309859156,0.325,0.41935483870967744,31.0,0.4943820224719101,0.4230769230769231,0.5945945945945946,37.0,0.0,0.0,0.0,8.0,,,,
p_137,0.45879138782364587,0.6978939724037764,0.4577572964669739,0.5838010655214957,0.6773716345248663,0.6296296296296297,108.0,0.13333333333333333,1.0,0.07142857142857142,14.0,0.5161290322580645,0.47058823529411764,0.5714285714285714,14.0,0.7412587412587412,0.654320987654321,0.8548387096774194,62.0,0.4444444444444444,0.6666666666666666,0.3333333333333333,18.0,,,,
p_138,0.29105307029730476,0.2487714987714988,0.35256410256410253,0.4138495261029298,0.34966784966784964,0.5092592592592593,108.0,0.0,0.0,0.0,23.0,0.6557377049180327,0.5405405405405406,0.8333333333333334,48.0,0.5084745762711864,0.45454545454545453,0.5769230769230769,26.0,0.0,0.0,0.0,11.0,,,,
p_139,0.39897570313391817,0.5490384615384616,0.4130528846153846,0.408535303126243,0.544017094017094,0.42592592592592593,108.0,0.27586206896551724,1.0,0.16,25.0,0.5428571428571428,0.5,0.59375,32.0,0.42424242424242425,0.35,0.5384615384615384,26.0,0.35294117647058826,0.34615384615384615,0.36,25.0,,,,
p_140,0.4142292490118577,0.6015558397271952,0.40524146905725855,0.42541721563460694,0.5556660667487607,0.4444444444444444,108.0,0.5,0.37681159420289856,0.7428571428571429,35.0,0.4090909090909091,0.5,0.34615384615384615,26.0,0.4,0.5294117647058824,0.32142857142857145,28.0,0.34782608695652173,1.0,0.21052631578947367,19.0,,,,
p_141,0.24690402476780185,0.24255952380952378,0.27945804195804197,0.37305784887054233,0.33636463844797176,0.4537037037037037,108.0,0.0,0.0,0.0,20.0,0.10526315789473684,0.125,0.09090909090909091,11.0,0.6323529411764706,0.5119047619047619,0.8269230769230769,52.0,0.25,0.3333333333333333,0.2,25.0,,,,
p_142,0.325382211806718,0.3275495961035876,0.346031746031746,0.4007861225805652,0.40525428314986406,0.42592592592592593,108.0,0.4827586206896552,0.6086956521739131,0.4,35.0,0.3333333333333333,0.2916666666666667,0.3888888888888889,18.0,0.4854368932038835,0.4098360655737705,0.5952380952380952,42.0,0.0,0.0,0.0,13.0,,,,
p_143,0.3634775733179989,0.39619433198380566,0.3788690476190476,0.46524050646391074,0.47277702804018595,0.5185185185185185,108.0,0.425531914893617,0.5263157894736842,0.35714285714285715,28.0,0.3783783783783784,0.5384615384615384,0.2916666666666667,24.0,0.65,0.52,0.8666666666666667,45.0,0.0,0.0,0.0,11.0,,,,
p_144,0.2515527950310559,0.24122807017543857,0.28084415584415584,0.48930296756383707,0.4291747888239116,0.5833333333333334,108.0,0.2608695652173913,0.3333333333333333,0.21428571428571427,14.0,0.0,0.0,0.0,14.0,0.7453416149068323,0.631578947368421,0.9090909090909091,66.0,0.0,0.0,0.0,14.0,,,,
p_145,0.33837270937452674,0.3180418719211823,0.37974503095470835,0.3756458904762706,0.3611247947454843,0.4074074074074074,108.0,0.36666666666666664,0.3793103448275862,0.3548387096774194,31.0,0.0,0.0,0.0,19.0,0.5352112676056338,0.5428571428571428,0.5277777777777778,36.0,0.45161290322580644,0.35,0.6363636363636364,22.0,,,,
p_146,0.29473039215686275,0.27708333333333335,0.31994047619047616,0.3404139433551198,0.31296296296296294,0.37962962962962965,108.0,0.375,0.375,0.375,32.0,0.0,0.0,0.0,19.0,0.47058823529411764,0.4,0.5714285714285714,42.0,0.3333333333333333,0.3333333333333333,0.3333333333333333,15.0,,,,
p_147,0.2651975683890577,0.22648148148148148,0.3202205882352941,0.36113925475627595,0.3088614540466392,0.4351851851851852,108.0,0.5714285714285714,0.48,0.7058823529411765,34.0,0.0,0.0,0.0,22.0,0.48936170212765956,0.42592592592592593,0.575,40.0,0.0,0.0,0.0,12.0,,,,
p_148,0.3277391412984634,0.30657894736842106,0.3564814814814815,0.3614847513152598,0.3409147869674185,0.3888888888888889,108.0,0.5405405405405406,0.5263157894736842,0.5555555555555556,36.0,0.4067796610169492,0.34285714285714286,0.5,24.0,0.0,0.0,0.0,21.0,0.36363636363636365,0.35714285714285715,0.37037037037037035,27.0,,,,
p_149,0.35104497880233176,0.34375,0.3722619047619048,0.4629255480971168,0.45903784219001614,0.48148148148148145,108.0,0.6458333333333334,0.6739130434782609,0.62,50.0,0.35294117647058826,0.375,0.3333333333333333,18.0,0.40540540540540543,0.32608695652173914,0.5357142857142857,28.0,0.0,0.0,0.0,12.0,,,,
p_150,0.28886104149262043,0.3991379310344828,0.27890608209757145,0.39136008746145196,0.4688697318007663,0.39814814814814814,108.0,0.2962962962962963,0.8,0.18181818181818182,22.0,0.42105263157894735,0.4,0.4444444444444444,36.0,0.4380952380952381,0.39655172413793105,0.48936170212765956,47.0,0.0,0.0,0.0,3.0,,,,
p_151,0.3377450980392157,0.3808923317120038,0.3300083951926476,0.37357177438876793,0.38906903661002024,0.3888888888888889,108.0,0.4,0.42857142857142855,0.375,32.0,0.2222222222222222,0.3333333333333333,0.16666666666666666,12.0,0.45098039215686275,0.3770491803278688,0.5609756097560976,41.0,0.2777777777777778,0.38461538461538464,0.21739130434782608,23.0,,,,
p_152,0.3727981577246283,0.45454545454545453,0.3700376645177672,0.43479838516603214,0.46371118593340815,0.46296296296296297,108.0,0.35714285714285715,0.5555555555555556,0.2631578947368421,19.0,0.47058823529411764,0.48484848484848486,0.45714285714285713,35.0,0.5384615384615384,0.4444444444444444,0.6829268292682927,41.0,0.125,0.3333333333333333,0.07692307692307693,13.0,,,,
p_153,0.2901388888888889,0.2567204301075269,0.35558069381598795,0.3791512345679013,0.30899044205495824,0.5092592592592593,108.0,0.0,0.0,0.0,20.0,0.48,0.5,0.46153846153846156,13.0,0.6805555555555556,0.5268817204301075,0.9607843137254902,51.0,0.0,0.0,0.0,24.0,,,,
p_154,0.35666666666666663,0.5053775743707094,0.3948028673835125,0.3595061728395062,0.5006992117976099,0.39814814814814814,108.0,0.26666666666666666,0.8,0.16,25.0,0.5,0.34782608695652173,0.8888888888888888,27.0,0.36,0.47368421052631576,0.2903225806451613,31.0,0.3,0.4,0.24,25.0,,,,
p_155,0.45126937724782307,0.49185340802987865,0.4953272298118876,0.4511961956658497,0.5030008299616143,0.49074074074074076,108.0,0.2926829268292683,0.6,0.1935483870967742,31.0,0.32558139534883723,0.3888888888888889,0.28,25.0,0.6153846153846154,0.5079365079365079,0.7804878048780488,41.0,0.5714285714285714,0.47058823529411764,0.7272727272727273,11.0,,,,
p_156,0.3337934303719815,0.39775910364145656,0.3389161220043573,0.47500862359208246,0.4874053325033717,0.5370370370370371,108.0,0.3333333333333333,0.5714285714285714,0.23529411764705882,17.0,0.32558139534883723,0.4666666666666667,0.25,28.0,0.6762589928057554,0.5529411764705883,0.8703703703703703,54.0,0.0,0.0,0.0,9.0,,,,
p_157,0.3807221816296227,0.5602331965394853,0.38544722588200847,0.39793204711535024,0.5722601691642841,0.39814814814814814,108.0,0.42105263157894735,0.32653061224489793,0.5925925925925926,27.0,0.2545454545454545,0.21875,0.30434782608695654,23.0,0.5714285714285714,0.6956521739130435,0.48484848484848486,33.0,0.27586206896551724,1.0,0.16,25.0,,,,
p_158,0.28500000000000003,0.23863636363636365,0.3611111111111111,0.35,0.28409090909090906,0.46296296296296297,108.0,0.0,0.0,0.0,17.0,0.0,0.0,0.0,28.0,0.64,0.5,0.8888888888888888,45.0,0.5,0.45454545454545453,0.5555555555555556,18.0,,,,
p_159,0.32073268921095005,0.33335446247464506,0.33286340852130325,0.41140931591817265,0.4019936518668771,0.4444444444444444,108.0,0.43478260869565216,0.4411764705882353,0.42857142857142855,35.0,0.1,0.125,0.08333333333333333,12.0,0.6,0.5172413793103449,0.7142857142857143,42.0,0.14814814814814814,0.25,0.10526315789473684,19.0,,,,
p_160,0.4687760090134293,0.5063092885375494,0.4612525632262474,0.4762317915873314,0.49905138339920946,0.48148148148148145,108.0,0.4,0.5454545454545454,0.3157894736842105,19.0,0.39215686274509803,0.43478260869565216,0.35714285714285715,28.0,0.5769230769230769,0.625,0.5357142857142857,28.0,0.5060240963855421,0.42,0.6363636363636364,33.0,,,,
p_161,0.4728896103896104,0.5095618345618345,0.4534722222222222,0.511379669713003,0.5159614159614159,0.5185185185185185,108.0,0.6,0.5454545454545454,0.6666666666666666,45.0,0.26666666666666666,0.3333333333333333,0.2222222222222222,9.0,0.44155844155844154,0.4594594594594595,0.425,40.0,0.5833333333333334,0.7,0.5,14.0,,,,
p_162,0.3168711572244181,0.4445175438596491,0.335635019102761,0.36074614909155966,0.4725633528265107,0.39814814814814814,108.0,0.24242424242424243,0.8,0.14285714285714285,28.0,0.43478260869565216,0.39473684210526316,0.4838709677419355,31.0,0.4791666666666667,0.38333333333333336,0.6388888888888888,36.0,0.1111111111111111,0.2,0.07692307692307693,13.0,,,,
p_163,0.2873890758873929,0.2643589743589744,0.3405993877752543,0.332421715626275,0.30442545109211777,0.3888888888888889,108.0,0.47368421052631576,0.36,0.6923076923076923,26.0,0.4883720930232558,0.4666666666666667,0.5121951219512195,41.0,0.1875,0.23076923076923078,0.15789473684210525,19.0,0.0,0.0,0.0,22.0,,,,
p_164,0.3188538552512289,0.680237676056338,0.31845238095238093,0.3697985016854557,0.5789808294209702,0.4074074074074074,108.0,0.3225806451612903,0.3125,0.3333333333333333,30.0,0.2857142857142857,1.0,0.16666666666666666,24.0,0.5132743362831859,0.4084507042253521,0.6904761904761905,42.0,0.15384615384615385,1.0,0.08333333333333333,12.0,,,,
p_165,0.36046307972537484,0.39651455767077265,0.36386317316108585,0.38102234573090676,0.414242289134973,0.3888888888888889,108.0,0.2222222222222222,0.21052631578947367,0.23529411764705882,17.0,0.36065573770491804,0.36666666666666664,0.3548387096774194,31.0,0.358974358974359,0.5833333333333334,0.25925925925925924,27.0,0.5,0.425531914893617,0.6060606060606061,33.0,,,,
p_166,0.3507713818715531,0.361981658692185,0.35460446247464505,0.3737805114089361,0.3832882922795203,0.37962962962962965,108.0,0.11428571428571428,0.13333333333333333,0.1,20.0,0.410958904109589,0.3409090909090909,0.5172413793103449,29.0,0.46875,0.5,0.4411764705882353,34.0,0.4090909090909091,0.47368421052631576,0.36,25.0,,,,
p_167,0.3556967063899621,0.40775316455696203,0.3777140198511166,0.4156549171289177,0.455913033286451,0.46296296296296297,108.0,0.2777777777777778,0.5,0.19230769230769232,26.0,0.2608695652173913,0.4,0.1935483870967742,31.0,0.5984251968503937,0.4810126582278481,0.7916666666666666,48.0,0.2857142857142857,0.25,0.3333333333333333,3.0,,,,
p_168,0.29415543741869166,0.3422754946727549,0.3263586956521739,0.36423242862861893,0.3872188398444106,0.42592592592592593,108.0,0.20689655172413793,0.5,0.13043478260869565,23.0,0.42105263157894735,0.4444444444444444,0.4,30.0,0.5486725663716814,0.4246575342465753,0.775,40.0,0.0,0.0,0.0,15.0,,,,
p_169,0.5294986478052839,0.6557184750733137,0.5122546216885839,0.5982201881515382,0.6491039426523296,0.6111111111111112,108.0,0.7304347826086957,0.6774193548387096,0.7924528301886793,53.0,0.42105263157894735,1.0,0.26666666666666666,15.0,0.5454545454545454,0.5454545454545454,0.5454545454545454,22.0,0.42105263157894735,0.4,0.4444444444444444,18.0,,,,
p_170,0.4125,0.5297846889952154,0.4330022918258212,0.4722222222222222,0.5349991139464824,0.5370370370370371,108.0,0.08333333333333333,0.5,0.045454545454545456,22.0,0.4,0.6,0.3,20.0,0.6666666666666666,0.5454545454545454,0.8571428571428571,49.0,0.5,0.47368421052631576,0.5294117647058824,17.0,,,,
p_171,0.40383512070259053,0.49866903283052355,0.37480694980694984,0.4121067092954643,0.44639981596503336,0.4166666666666667,108.0,0.3956043956043956,0.3673469387755102,0.42857142857142855,42.0,0.47619047619047616,0.7142857142857143,0.35714285714285715,14.0,0.2857142857142857,0.5,0.2,15.0,0.4578313253012048,0.41304347826086957,0.5135135135135135,37.0,,,,
p_172,0.39464365291571174,0.3929227941176471,0.41047979797979794,0.529189832498656,0.5170225883563302,0.5555555555555556,108.0,0.773109243697479,0.71875,0.8363636363636363,55.0,0.09523809523809523,0.1111111111111111,0.08333333333333333,12.0,0.2727272727272727,0.35294117647058826,0.2222222222222222,27.0,0.4375,0.3888888888888889,0.5,14.0,,,,
p_173,0.399183367270389,0.49360795454545453,0.39841269841269844,0.4184124602579216,0.5028409090909091,0.4351851851851852,108.0,0.42857142857142855,0.75,0.3,30.0,0.32558139534883723,0.3181818181818182,0.3333333333333333,21.0,0.3225806451612903,0.5,0.23809523809523808,21.0,0.52,0.40625,0.7222222222222222,36.0,,,,
p_174,0.2234478601567209,0.1965350223546945,0.25925324675324674,0.32616257004442656,0.28618838659822265,0.37962962962962965,108.0,0.4380952380952381,0.3770491803278688,0.5227272727272727,44.0,0.0,0.0,0.0,13.0,0.45569620253164556,0.4090909090909091,0.5142857142857142,35.0,0.0,0.0,0.0,16.0,,,,
p_175,0.3324026171637249,0.35252192982456143,0.36746380415561447,0.3431958815175492,0.35643680961663415,0.3888888888888889,108.0,0.06451612903225806,0.2,0.038461538461538464,26.0,0.41509433962264153,0.4583333333333333,0.3793103448275862,29.0,0.5,0.38333333333333336,0.71875,32.0,0.35,0.3684210526315789,0.3333333333333333,21.0,,,,
p_176,0.3036553219130487,0.3773962189317821,0.30385157605552343,0.32204844501288504,0.3723240691775858,0.3425925925925926,108.0,0.3050847457627119,0.2903225806451613,0.32142857142857145,28.0,0.23529411764705882,0.5,0.15384615384615385,26.0,0.42424242424242425,0.3442622950819672,0.5526315789473685,38.0,0.25,0.375,0.1875,16.0,,,,
p_177,0.24260496183206107,0.345828233374133,0.2835796387520526,0.3364403684855339,0.3892458860329117,0.42592592592592593,108.0,0.20833333333333334,0.2631578947368421,0.1724137931034483,29.0,0.0,0.0,0.0,13.0,0.5954198473282443,0.45348837209302323,0.8666666666666667,45.0,0.16666666666666666,0.6666666666666666,0.09523809523809523,21.0,,,,
p_178,0.2520991332611051,0.23161764705882354,0.3039529914529915,0.34865173949680994,0.32271241830065356,0.4166666666666667,108.0,0.4507042253521127,0.5,0.41025641025641024,39.0,0.0,0.0,0.0,19.0,0.5576923076923077,0.4264705882352941,0.8055555555555556,36.0,0.0,0.0,0.0,14.0,,,,
p_179,0.3429364827430903,0.5371537825547748,0.32366220735785955,0.3427342535290129,0.44539946105675743,0.3611111111111111,108.0,0.3287671232876712,0.2926829268292683,0.375,32.0,0.47058823529411764,1.0,0.3076923076923077,13.0,0.14814814814814814,0.5,0.08695652173913043,23.0,0.42424242424242425,0.3559322033898305,0.525,40.0,,,,
p_180,0.30231836987832844,0.2700280112044818,0.35044334975369457,0.3055607691449804,0.2742089428363938,0.35185185185185186,108.0,0.5161290322580645,0.47058823529411764,0.5714285714285714,28.0,0.3880597014925373,0.30952380952380953,0.52,25.0,0.3050847457627119,0.3,0.3103448275862069,29.0,0.0,0.0,0.0,26.0,,,,
p_181,0.34833965027134123,0.36402591973244147,0.36240245261984394,0.4702106922151715,0.47997181964573266,0.49074074074074076,108.0,0.6382978723404256,0.625,0.6521739130434783,46.0,0.0,0.0,0.0,6.0,0.4473684210526316,0.3695652173913043,0.5666666666666667,30.0,0.3076923076923077,0.46153846153846156,0.23076923076923078,26.0,,,,
p_182,0.2606701940035273,0.26865573152337857,0.2860947712418301,0.29989809915735843,0.29841733702027823,0.3333333333333333,108.0,0.4533333333333333,0.4358974358974359,0.4722222222222222,36.0,0.3950617283950617,0.3137254901960784,0.5333333333333333,30.0,0.08,0.125,0.058823529411764705,17.0,0.11428571428571428,0.2,0.08,25.0,,,,
p_183,0.33596345514950166,0.3460480469466348,0.35242200328407225,0.5215177802387104,0.49559026292017305,0.5833333333333334,108.0,0.5581395348837209,0.631578947368421,0.5,24.0,0.0,0.0,0.0,5.0,0.7142857142857143,0.6097560975609756,0.8620689655172413,58.0,0.07142857142857142,0.14285714285714285,0.047619047619047616,21.0,,,,
p_184,0.40648307515777393,0.5850507982583455,0.43359260867848537,0.47804976519835957,0.5930925119604363,0.5185185185185185,108.0,0.5783132530120482,0.6,0.5581395348837209,43.0,0.6428571428571429,0.5094339622641509,0.8709677419354839,31.0,0.21428571428571427,0.23076923076923078,0.2,15.0,0.19047619047619047,1.0,0.10526315789473684,19.0,,,,
p_185,0.24720187220187223,0.24513888888888885,0.26597887216902266,0.3296364129697463,0.31396604938271605,0.3611111111111111,108.0,0.14814814814814814,0.2222222222222222,0.1111111111111111,18.0,0.0,0.0,0.0,13.0,0.35714285714285715,0.3,0.4411764705882353,34.0,0.4835164835164835,0.4583333333333333,0.5116279069767442,43.0,,,,
p_186,0.2820394153264685,0.3051321138211382,0.29914529914529914,0.40862869116947564,0.3959180216802168,0.4722222222222222,108.0,0.6268656716417911,0.5121951219512195,0.8076923076923077,52.0,0.27906976744186046,0.375,0.2222222222222222,27.0,0.0,0.0,0.0,11.0,0.2222222222222222,0.3333333333333333,0.16666666666666666,18.0,,,,
p_187,0.3437629937629938,0.35788690476190477,0.375561683006536,0.3974512974512975,0.4220403439153439,0.42592592592592593,108.0,0.5135135135135135,0.4523809523809524,0.59375,32.0,0.0,0.0,0.0,15.0,0.46153846153846156,0.6666666666666666,0.35294117647058826,34.0,0.4,0.3125,0.5555555555555556,27.0,,,,
p_188,0.343192950563046,0.4162758126506416,0.3353192559074912,0.3553581481294454,0.39561242240220806,0.3611111111111111,108.0,0.43902439024390244,0.4186046511627907,0.46153846153846156,39.0,0.34782608695652173,0.6666666666666666,0.23529411764705882,17.0,0.23809523809523808,0.29411764705882354,0.2,25.0,0.34782608695652173,0.2857142857142857,0.4444444444444444,27.0,,,,
p_189,0.23351926977687626,0.21594982078853048,0.26965601965601965,0.35576778604161974,0.3247378202575335,0.4166666666666667,108.0,0.5517241379310345,0.4444444444444444,0.7272727272727273,44.0,0.0,0.0,0.0,8.0,0.0,0.0,0.0,19.0,0.38235294117647056,0.41935483870967744,0.35135135135135137,37.0,,,,
p_190,0.3942910497532346,0.43028455284552847,0.3801406926406926,0.47176648437152635,0.4728093947606143,0.48148148148148145,108.0,0.5510204081632653,0.5,0.6136363636363636,44.0,0.2222222222222222,0.3333333333333333,0.16666666666666666,6.0,0.3333333333333333,0.4,0.2857142857142857,14.0,0.47058823529411764,0.4878048780487805,0.45454545454545453,44.0,,,,
p_191,0.42744606959193215,0.4998696287025448,0.42010836385836386,0.5701304323090205,0.5719504704955268,0.5925925925925926,108.0,0.6236559139784946,0.5686274509803921,0.6904761904761905,42.0,0.2,0.5,0.125,8.0,0.19047619047619047,0.25,0.15384615384615385,13.0,0.6956521739130435,0.6808510638297872,0.7111111111111111,45.0,,,,
p_192,0.2319324430479183,0.2316860465116279,0.2743524774774775,0.38016060050624073,0.3660529715762274,0.46296296296296297,108.0,0.6119402985074627,0.47674418604651164,0.8541666666666666,48.0,0.0,0.0,0.0,10.0,0.0,0.0,0.0,13.0,0.3157894736842105,0.45,0.24324324324324326,37.0,,,,
p_193,0.3380361258268235,0.3448474830016842,0.3535011500127779,0.4197235718553549,0.4268182941846469,0.4351851851851852,108.0,0.5476190476190477,0.5609756097560976,0.5348837209302325,43.0,0.43243243243243246,0.34782608695652173,0.5714285714285714,28.0,0.37209302325581395,0.47058823529411764,0.3076923076923077,26.0,0.0,0.0,0.0,11.0,,,,
p_194,0.33084607336910665,0.5209470636889991,0.3337021531100478,0.40613965354102377,0.5315075207548325,0.42592592592592593,108.0,0.4819277108433735,0.5128205128205128,0.45454545454545453,44.0,0.2,0.2,0.2,5.0,0.45098039215686275,0.3709677419354839,0.575,40.0,0.19047619047619047,1.0,0.10526315789473684,19.0,,,,
p_195,0.3355751716407454,0.3419573784848927,0.3753246753246753,0.3691612307277152,0.3798864183114657,0.4074074074074074,108.0,0.5901639344262295,0.6923076923076923,0.5142857142857142,35.0,0.3076923076923077,0.35294117647058826,0.2727272727272727,22.0,0.4444444444444444,0.3225806451612903,0.7142857142857143,28.0,0.0,0.0,0.0,23.0,,,,
p_196,0.3568632756132756,0.4114145658263305,0.3869359806859807,0.40457351290684623,0.4424992219109866,0.4537037037037037,108.0,0.18181818181818182,0.42857142857142855,0.11538461538461539,26.0,0.34285714285714286,0.2857142857142857,0.42857142857142855,14.0,0.2777777777777778,0.4166666666666667,0.20833333333333334,24.0,0.625,0.5147058823529411,0.7954545454545454,44.0,,,,
p_197,0.3794545733108625,0.3776515151515152,0.39621327254305977,0.4670286956176338,0.43994107744107747,0.5092592592592593,108.0,0.6915887850467289,0.6166666666666667,0.7872340425531915,47.0,0.0,0.0,0.0,18.0,0.4262295081967213,0.3939393939393939,0.4642857142857143,28.0,0.4,0.5,0.3333333333333333,15.0,,,,
p_198,0.46192307692307694,0.5583333333333333,0.4446311858076565,0.5037749287749288,0.542283950617284,0.5370370370370371,108.0,0.64,0.5333333333333333,0.8,50.0,0.4,0.6666666666666666,0.2857142857142857,14.0,0.5,0.5333333333333333,0.47058823529411764,17.0,0.3076923076923077,0.5,0.2222222222222222,27.0,,,,
p_199,0.31527777777777777,0.5476539589442815,0.3175338477889192,0.5531378600823045,0.6536059519930488,0.6203703703703703,108.0,0.75,0.6451612903225806,0.8955223880597015,67.0,0.0,0.0,0.0,5.0,0.1111111111111111,1.0,0.058823529411764705,17.0,0.4,0.5454545454545454,0.3157894736842105,19.0,,,,
p_200,0.2442362754671389,0.2968253968253968,0.27180631868131866,0.3813354076673121,0.40058788947677837,0.46296296296296297,108.0,0.6197183098591549,0.4888888888888889,0.8461538461538461,52.0,0.0,0.0,0.0,12.0,0.08695652173913043,0.14285714285714285,0.0625,16.0,0.2702702702702703,0.5555555555555556,0.17857142857142858,28.0,,,,
p_201,0.35380244755244755,0.4309523809523809,0.3451409057850603,0.5090245402745404,0.5311287477954144,0.5555555555555556,108.0,0.6993006993006993,0.5952380952380952,0.847457627118644,59.0,0.16666666666666666,0.2857142857142857,0.11764705882352941,17.0,0.125,0.14285714285714285,0.1111111111111111,9.0,0.42424242424242425,0.7,0.30434782608695654,23.0,,,,
p_202,0.3894686907020873,0.37379599567099564,0.41284479893652376,0.5251950242462576,0.4820912497995831,0.5833333333333334,108.0,0.7352941176470589,0.6493506493506493,0.847457627118644,59.0,0.5,0.5333333333333333,0.47058823529411764,17.0,0.3225806451612903,0.3125,0.3333333333333333,15.0,0.0,0.0,0.0,17.0,,,,
p_203,0.30782077577614686,0.4349624060150376,0.30805335968379444,0.3779352143966109,0.4629768866610972,0.4166666666666667,108.0,0.5365853658536586,0.42857142857142855,0.717391304347826,46.0,0.2978723404255319,0.3684210526315789,0.25,28.0,0.1111111111111111,0.14285714285714285,0.09090909090909091,11.0,0.2857142857142857,0.8,0.17391304347826086,23.0,,,,
p_204,0.35416666666666663,0.4545454545454546,0.3518423816895179,0.476954732510288,0.4960016835016835,0.5462962962962963,108.0,0.6944444444444444,0.5681818181818182,0.8928571428571429,56.0,0.1,0.25,0.0625,16.0,0.2222222222222222,0.375,0.15789473684210525,19.0,0.4,0.625,0.29411764705882354,17.0,,,,
p_205,0.21714879939497073,0.2082122093023256,0.26767441860465113,0.2889190003011141,0.2586805555555556,0.37962962962962965,108.0,0.5271317829457365,0.3953488372093023,0.7906976744186046,43.0,0.0,0.0,0.0,12.0,0.0,0.0,0.0,28.0,0.34146341463414637,0.4375,0.28,25.0,,,,
p_206,0.3041843327276398,0.40675105485232066,0.31220819185059423,0.40888705685293614,0.45582903578684175,0.46296296296296297,108.0,0.6141732283464567,0.4936708860759494,0.8125,48.0,0.0,0.0,0.0,10.0,0.2692307692307692,0.3333333333333333,0.22580645161290322,31.0,0.3333333333333333,0.8,0.21052631578947367,19.0,,,,
p_207,0.3462886288628863,0.3899313962873285,0.3612012987012987,0.40890689068906894,0.40836770992138227,0.4537037037037037,108.0,0.5148514851485149,0.4406779661016949,0.6190476190476191,42.0,0.36363636363636365,0.6666666666666666,0.25,16.0,0.0,0.0,0.0,17.0,0.5066666666666667,0.4523809523809524,0.5757575757575758,33.0,,,,
p_208,0.3424500690010767,0.3340118135376756,0.3804848966613672,0.4214196529220566,0.4210376164798259,0.4537037037037037,108.0,0.5957446808510638,0.5185185185185185,0.7,40.0,0.34782608695652173,0.27586206896551724,0.47058823529411764,17.0,0.0,0.0,0.0,14.0,0.4262295081967213,0.5416666666666666,0.35135135135135137,37.0,,,,
p_209,0.3175805230846859,0.33303030303030307,0.3305392156862745,0.3339111123569958,0.3413860830527497,0.35185185185185186,108.0,0.4,0.32,0.5333333333333333,30.0,0.5106382978723404,0.5454545454545454,0.48,25.0,0.08695652173913043,0.16666666666666666,0.058823529411764705,17.0,0.2727272727272727,0.3,0.25,36.0,,,,
p_210,0.39473170350699055,0.38984674329501917,0.4136217948717949,0.4958531131303139,0.45579679296154396,0.5555555555555556,108.0,0.7096774193548387,0.6111111111111112,0.8461538461538461,52.0,0.0,0.0,0.0,18.0,0.42857142857142855,0.5,0.375,8.0,0.4406779661016949,0.4482758620689655,0.43333333333333335,30.0,,,,
p_211,0.272765246449457,0.25609756097560976,0.3107843137254902,0.4288034902069989,0.3865176151761518,0.5092592592592593,108.0,0.6466165413533834,0.524390243902439,0.8431372549019608,51.0,0.0,0.0,0.0,16.0,0.0,0.0,0.0,11.0,0.4444444444444444,0.5,0.4,30.0,,,,
p_212,0.24955436720142604,0.24922600619195046,0.2908909574468085,0.37994322308047795,0.36073844742575395,0.46296296296296297,108.0,0.6060606060606061,0.47058823529411764,0.851063829787234,47.0,0.0,0.0,0.0,15.0,0.39215686274509803,0.5263157894736842,0.3125,32.0,0.0,0.0,0.0,14.0,,,,
p_213,0.4519568554051313,0.5948464912280701,0.4476536272077069,0.45598206958360216,0.5488953866146848,0.4722222222222222,108.0,0.4482758620689655,0.5416666666666666,0.38235294117647056,34.0,0.35555555555555557,0.42105263157894735,0.3076923076923077,26.0,0.45454545454545453,1.0,0.29411764705882354,17.0,0.5494505494505495,0.4166666666666667,0.8064516129032258,31.0,,,,
p_214,0.30829714640198513,0.29537188009532167,0.32489152990001885,0.4915902720338204,0.4609422541819381,0.5277777777777778,108.0,0.6774193548387096,0.6268656716417911,0.7368421052631579,57.0,0.4307692307692308,0.4117647058823529,0.45161290322580644,31.0,0.0,0.0,0.0,11.0,0.125,0.14285714285714285,0.1111111111111111,9.0,,,,
p_215,0.3247493734335839,0.33106060606060606,0.3417678182384065,0.38940174510349945,0.40075757575757576,0.4074074074074074,108.0,0.45614035087719296,0.5909090909090909,0.37142857142857144,35.0,0.36666666666666664,0.3333333333333333,0.4074074074074074,27.0,0.47619047619047616,0.4,0.5882352941176471,34.0,0.0,0.0,0.0,12.0,,,,
p_216,0.24504662004662006,0.23637999503598908,0.29930092430092425,0.2679897263230597,0.2420472408372632,0.35185185185185186,108.0,0.0,0.0,0.0,28.0,0.358974358974359,0.4117647058823529,0.3181818181818182,22.0,0.5,0.3670886075949367,0.7837837837837838,37.0,0.12121212121212122,0.16666666666666666,0.09523809523809523,21.0,,,,
p_217,0.3514384920634921,0.5262254901960784,0.3516316001072099,0.36230526161081716,0.47207697893972406,0.4166666666666667,108.0,0.5238095238095238,0.38823529411764707,0.8048780487804879,41.0,0.4444444444444444,0.8,0.3076923076923077,13.0,0.25,0.4166666666666667,0.17857142857142858,28.0,0.1875,0.5,0.11538461538461539,26.0,,,,
p_218,0.34467775295826303,0.3951624293785311,0.3487629468232917,0.35381846563801045,0.3912573237078887,0.37037037037037035,108.0,0.25806451612903225,0.4,0.19047619047619047,21.0,0.34146341463414637,0.4666666666666667,0.2692307692307692,26.0,0.33962264150943394,0.375,0.3103448275862069,29.0,0.43956043956043955,0.3389830508474576,0.625,32.0,,,,
p_219,0.3394075021312873,0.4218875502008032,0.35587002096436054,0.43623898834896274,0.45160642570281123,0.5092592592592593,108.0,0.6764705882352942,0.5542168674698795,0.8679245283018868,53.0,0.34782608695652173,0.8,0.2222222222222222,18.0,0.0,0.0,0.0,22.0,0.3333333333333333,0.3333333333333333,0.3333333333333333,15.0,,,,
p_220,0.3836965257576155,0.40383478814329876,0.43601190476190477,0.3989530584650746,0.41325022057882577,0.4537037037037037,108.0,0.5079365079365079,0.41025641025641024,0.6666666666666666,24.0,0.6075949367088608,0.5106382978723404,0.75,32.0,0.07142857142857142,0.25,0.041666666666666664,24.0,0.34782608695652173,0.4444444444444444,0.2857142857142857,28.0,,,,
p_221,0.4831541899956222,0.4822760996290408,0.48446724182018297,0.5101907107448455,0.511358024691358,0.5092592592592593,108.0,0.4411764705882353,0.4411764705882353,0.4411764705882353,34.0,0.5945945945945946,0.5945945945945946,0.5945945945945946,37.0,0.5490196078431373,0.56,0.5384615384615384,26.0,0.34782608695652173,0.3333333333333333,0.36363636363636365,11.0,,,,
p_222,0.406516028504183,0.47925741076830003,0.4025479954827781,0.4194078805735825,0.4687425780287243,0.4351851851851852,108.0,0.38596491228070173,0.3793103448275862,0.39285714285714285,28.0,0.29411764705882354,0.4166666666666667,0.22727272727272727,22.0,0.5217391304347826,0.42105263157894735,0.6857142857142857,35.0,0.42424242424242425,0.7,0.30434782608695654,23.0,,,,
p_223,0.3783287950987066,0.4080092956271275,0.38391778812974464,0.4450017648690215,0.44443656473965454,0.48148148148148145,108.0,0.6194690265486725,0.5223880597014925,0.7608695652173914,46.0,0.24,0.3333333333333333,0.1875,32.0,0.15384615384615385,0.25,0.1111111111111111,9.0,0.5,0.5263157894736842,0.47619047619047616,21.0,,,,
p_224,0.43906951438647923,0.573397435897436,0.4432935723696593,0.44245200794287837,0.556054131054131,0.4537037037037037,108.0,0.4657534246575342,0.425,0.5151515151515151,33.0,0.3448275862068966,1.0,0.20833333333333334,24.0,0.47761194029850745,0.41025641025641024,0.5714285714285714,28.0,0.46808510638297873,0.4583333333333333,0.4782608695652174,23.0,,,,
p_225,0.24310895540044952,0.21845975232198142,0.28955597248280174,0.359127375334639,0.32383757596605894,0.42592592592592593,108.0,0.5420560747663551,0.4264705882352941,0.7435897435897436,39.0,0.0,0.0,0.0,16.0,0.0,0.0,0.0,12.0,0.43037974683544306,0.4473684210526316,0.4146341463414634,41.0,,,,
p_226,0.287116212338594,0.28423529411764703,0.301358543417367,0.42555396142196716,0.4137254901960784,0.4537037037037037,108.0,0.5294117647058824,0.5294117647058824,0.5294117647058824,34.0,0.5647058823529412,0.48,0.6857142857142857,35.0,0.34146341463414637,0.4117647058823529,0.2916666666666667,24.0,0.0,0.0,0.0,15.0,0.0,0.0,0.0,0.0
p_227,0.2551133661011574,0.24995143745143744,0.2823887962872177,0.3766303166969094,0.350925566203344,0.4351851851851852,108.0,0.2641509433962264,0.3181818181818182,0.22580645161290322,31.0,0.0,0.0,0.0,9.0,0.11764705882352941,0.15384615384615385,0.09523809523809523,21.0,0.6386554621848739,0.5277777777777778,0.8085106382978723,47.0,,,,
p_228,0.46454553847574204,0.4989489489489489,0.48533632468267446,0.48900420754965374,0.5219191413635859,0.5092592592592593,108.0,0.3111111111111111,0.5,0.22580645161290322,31.0,0.6987951807228916,0.6444444444444445,0.7631578947368421,38.0,0.4,0.5,0.3333333333333333,18.0,0.4482758620689655,0.35135135135135137,0.6190476190476191,21.0,,,,
p_229,0.3304674391630913,0.3270557491289198,0.3503877813572086,0.4272876583665634,0.40633565621370493,0.46296296296296297,108.0,0.5454545454545454,0.48,0.631578947368421,38.0,0.07407407407407407,0.1,0.058823529411764705,17.0,0.6153846153846154,0.5853658536585366,0.6486486486486487,37.0,0.08695652173913043,0.14285714285714285,0.0625,16.0,,,,
p_230,0.3839696223316913,0.4039115646258503,0.4046197790168645,0.4559485799428328,0.46066389518770473,0.49074074074074076,108.0,0.5287356321839081,0.5,0.5609756097560976,41.0,0.0,0.0,0.0,13.0,0.55,0.4489795918367347,0.7096774193548387,31.0,0.45714285714285713,0.6666666666666666,0.34782608695652173,23.0,,,,
p_231,0.35592160133444534,0.42637362637362636,0.3704365079365079,0.4075215898610394,0.4507834757834758,0.4444444444444444,108.0,0.6055045871559633,0.5076923076923077,0.75,44.0,0.2857142857142857,0.5,0.2,25.0,0.21428571428571427,0.42857142857142855,0.14285714285714285,21.0,0.3181818181818182,0.2692307692307692,0.3888888888888889,18.0,,,,
p_232,0.24820751064653504,0.23913419913419914,0.28247971602434074,0.48129794525458486,0.43779862113195445,0.5555555555555556,108.0,0.7555555555555555,0.6623376623376623,0.8793103448275862,58.0,0.09523809523809523,0.2,0.0625,16.0,0.0,0.0,0.0,17.0,0.3902439024390244,0.3333333333333333,0.47058823529411764,17.0,0.0,0.0,0.0,0.0
p_233,0.2930518119197364,0.38665501165501165,0.3349621212121212,0.38550297827027385,0.4536389536389536,0.4537037037037037,108.0,0.5849056603773585,0.4696969696969697,0.775,40.0,0.0,0.0,0.0,10.0,0.4444444444444444,0.41025641025641024,0.48484848484848486,33.0,0.14285714285714285,0.6666666666666666,0.08,25.0,,,,
p_234,0.36129468599033815,0.43097165991902836,0.36802672074584547,0.4636958310967973,0.4844204528415055,0.5185185185185185,108.0,0.656,0.5256410256410257,0.8723404255319149,47.0,0.2222222222222222,0.4,0.15384615384615385,13.0,0.48,0.631578947368421,0.3870967741935484,31.0,0.08695652173913043,0.16666666666666666,0.058823529411764705,17.0,,,,
p_235,0.2554155614500442,0.23909266409266408,0.2843319194061506,0.41259783213806195,0.38356928356928355,0.46296296296296297,108.0,0.48717948717948717,0.5135135135135135,0.4634146341463415,41.0,0.0,0.0,0.0,1.0,0.0,0.0,0.0,20.0,0.5344827586206896,0.44285714285714284,0.6739130434782609,46.0,,,,
p_236,0.3518913837936608,0.4795646523716699,0.366404370489174,0.3799044010276353,0.4345438355834717,0.4537037037037037,108.0,0.6129032258064516,0.4691358024691358,0.8837209302325582,43.0,0.47058823529411764,0.8,0.3333333333333333,12.0,0.07407407407407407,0.3333333333333333,0.041666666666666664,24.0,0.25,0.3157894736842105,0.20689655172413793,29.0,,,,
p_237,0.336992159657876,0.3307152406417112,0.35112256940541753,0.4233863942345767,0.4123403149138443,0.4444444444444444,108.0,0.4262295081967213,0.3939393939393939,0.4642857142857143,28.0,0.0,0.0,0.0,8.0,0.5217391304347826,0.47058823529411764,0.5853658536585366,41.0,0.4,0.4583333333333333,0.3548387096774194,31.0,,,,
p_238,0.3893581081081081,0.4581575246132208,0.3938806291747468,0.5971462533962535,0.615317497525655,0.6296296296296297,108.0,0.7916666666666666,0.7215189873417721,0.8769230769230769,65.0,0.14285714285714285,0.1111111111111111,0.2,5.0,0.19047619047619047,0.5,0.11764705882352941,17.0,0.43243243243243246,0.5,0.38095238095238093,21.0,,,,
p_239,0.28959158779074035,0.333048800799467,0.35375,0.3824126216428476,0.4489699768055864,0.4537037037037037,108.0,0.06060606060606061,0.125,0.04,25.0,0.0,0.0,0.0,10.0,0.5892857142857143,0.4177215189873418,1.0,33.0,0.5084745762711864,0.7894736842105263,0.375,40.0,,,,
p_240,0.3874665933629603,0.40671031096563015,0.4002747252747253,0.4919565585041067,0.5305358550039402,0.49074074074074076,108.0,0.4927536231884058,0.5,0.4857142857142857,35.0,0.0,0.0,0.0,8.0,0.410958904109589,0.3191489361702128,0.5769230769230769,26.0,0.6461538461538462,0.8076923076923077,0.5384615384615384,39.0,,,,
p_241,0.29411843638817325,0.33197628458498024,0.3361060697721314,0.3506610044438992,0.3763690040501635,0.4166666666666667,108.0,0.5964912280701754,0.4927536231884058,0.7555555555555555,45.0,0.0625,0.3333333333333333,0.034482758620689655,29.0,0.15384615384615385,0.18181818181818182,0.13333333333333333,15.0,0.36363636363636365,0.32,0.42105263157894735,19.0,,,,
p_242,0.39131944444444444,0.44297165327110877,0.3910762483130904,0.41617798353909463,0.444475652733366,0.4351851851851852,108.0,0.4888888888888889,0.5789473684210527,0.4230769230769231,26.0,0.2222222222222222,0.42857142857142855,0.15,20.0,0.3333333333333333,0.3333333333333333,0.3333333333333333,24.0,0.5208333333333334,0.43103448275862066,0.6578947368421053,38.0,,,,
p_243,0.3432766990291262,0.3746947496947497,0.36875,0.423002517080187,0.40553068330846104,0.48148148148148145,108.0,0.5631067961165048,0.4603174603174603,0.725,40.0,0.25,0.5,0.16666666666666666,12.0,0.0,0.0,0.0,20.0,0.56,0.5384615384615384,0.5833333333333334,36.0,,,,
p_244,0.3411797467525022,0.5328706128863279,0.37107142857142855,0.4936718460396938,0.6401790737830549,0.5740740740740741,108.0,0.5098039215686274,0.5652173913043478,0.4642857142857143,28.0,0.0,0.0,0.0,5.0,0.14814814814814814,1.0,0.08,25.0,0.706766917293233,0.5662650602409639,0.94,50.0,,,,
p_245,0.358050962847695,0.36813852813852815,0.36098214285714286,0.4338794153032628,0.44042007375340714,0.4444444444444444,108.0,0.37735849056603776,0.47619047619047616,0.3125,32.0,0.0,0.0,0.0,9.0,0.4948453608247423,0.43636363636363634,0.5714285714285714,42.0,0.56,0.56,0.56,25.0,,,,
p_246,0.3076576576576576,0.3516553480475382,0.33019179894179895,0.41574908241574915,0.41572344840596115,0.46296296296296297,108.0,0.6306306306306306,0.5645161290322581,0.7142857142857143,49.0,0.0,0.0,0.0,16.0,0.2,0.5,0.125,16.0,0.4,0.34210526315789475,0.48148148148148145,27.0,,,,
p_247,0.42069972643145304,0.47414434523809523,0.4176106151912603,0.4701900792928399,0.5056354717813051,0.49074074074074076,108.0,0.6226415094339622,0.515625,0.7857142857142857,42.0,0.2222222222222222,0.21428571428571427,0.23076923076923078,13.0,0.3673469387755102,0.5,0.2903225806451613,31.0,0.47058823529411764,0.6666666666666666,0.36363636363636365,22.0,,,,
p_248,0.28845598845598847,0.28267045454545453,0.3211746236956321,0.39111485222596337,0.35955537518037517,0.46296296296296297,108.0,0.2,0.2857142857142857,0.15384615384615385,26.0,0.0,0.0,0.0,16.0,0.30303030303030304,0.3125,0.29411764705882354,17.0,0.6507936507936508,0.5324675324675324,0.8367346938775511,49.0,,,,
p_249,0.371740200098409,0.39419934640522875,0.3824760765550239,0.43410934238048665,0.4254720406681191,0.4722222222222222,108.0,0.6346153846153846,0.55,0.75,44.0,0.38095238095238093,0.4444444444444444,0.3333333333333333,12.0,0.08333333333333333,0.2,0.05263157894736842,19.0,0.3880597014925373,0.38235294117647056,0.3939393939393939,33.0,,,,
p_250,0.35525401069518714,0.35864288578302217,0.3714114832535885,0.38674456988182476,0.3947945969798416,0.39814814814814814,108.0,0.45454545454545453,0.5357142857142857,0.39473684210526316,38.0,0.5098039215686274,0.4482758620689655,0.5909090909090909,22.0,0.08333333333333333,0.125,0.0625,16.0,0.37333333333333335,0.32558139534883723,0.4375,32.0,,,,
p_251,0.2985226681084545,0.2746810207336523,0.3415646853146853,0.30036226402220234,0.27106444562584914,0.35185185185185186,108.0,0.34146341463414637,0.3684210526315789,0.3181818181818182,22.0,0.0,0.0,0.0,28.0,0.39285714285714285,0.36666666666666664,0.4230769230769231,26.0,0.45977011494252873,0.36363636363636365,0.625,32.0,,,,
p_252,0.4531573936082133,0.4630325814536341,0.4553001277139208,0.4674007531293506,0.4748329156223893,0.4722222222222222,108.0,0.5573770491803278,0.5,0.6296296296296297,27.0,0.30303030303030304,0.3333333333333333,0.2777777777777778,18.0,0.4722222222222222,0.4473684210526316,0.5,34.0,0.48,0.5714285714285714,0.41379310344827586,29.0,,,,
p_253,0.40201055268202335,0.42652894491129784,0.4052697302697303,0.4058101637349736,0.4312061244250786,0.4074074074074074,108.0,0.46511627906976744,0.5555555555555556,0.4,25.0,0.4126984126984127,0.4642857142857143,0.37142857142857144,35.0,0.3076923076923077,0.35294117647058826,0.2727272727272727,22.0,0.4225352112676056,0.3333333333333333,0.5769230769230769,26.0,,,,
p_254,0.34202337554962603,0.4396103896103896,0.34475158084914187,0.384721543671523,0.44877344877344877,0.42592592592592593,108.0,0.24390243902439024,0.35714285714285715,0.18518518518518517,27.0,0.18181818181818182,0.2857142857142857,0.13333333333333333,15.0,0.5423728813559322,0.4155844155844156,0.7804878048780488,41.0,0.4,0.7,0.28,25.0,,,,
p_255,0.3603093854701217,0.4401605817300409,0.3709677419354838,0.40339386271211203,0.43577291880579266,0.42592592592592593,108.0,0.5526315789473685,0.5121951219512195,0.6,35.0,0.11764705882352941,0.5,0.06666666666666667,15.0,0.410958904109589,0.35714285714285715,0.4838709677419355,31.0,0.36,0.391304347826087,0.3333333333333333,27.0,,,,
p_256,0.43435547295841415,0.4460858585858586,0.4518716577540107,0.44998758050228643,0.45527497194163863,0.48148148148148145,108.0,0.42857142857142855,0.45,0.4090909090909091,22.0,0.27450980392156865,0.3888888888888889,0.21212121212121213,33.0,0.375,0.4,0.35294117647058826,17.0,0.6593406593406593,0.5454545454545454,0.8333333333333334,36.0,,,,
p_257,0.346183844640879,0.3451923076923077,0.3598911411411411,0.419161242946652,0.40915242165242166,0.4444444444444444,108.0,0.39436619718309857,0.4,0.3888888888888889,36.0,0.42857142857142855,0.5,0.375,24.0,0.0,0.0,0.0,11.0,0.5617977528089888,0.4807692307692308,0.6756756756756757,37.0,,,,
p_258,0.3620385055952066,0.42036401098901105,0.3970486111111111,0.36991838080039685,0.42234940984940983,0.4166666666666667,108.0,0.2222222222222222,0.42857142857142855,0.15,20.0,0.2692307692307692,0.4375,0.19444444444444445,36.0,0.4,0.4,0.4,20.0,0.5567010309278351,0.4153846153846154,0.84375,32.0,,,,
p_259,0.44133343599746766,0.5042840375586854,0.4409090909090909,0.5287173130387887,0.5387976004173188,0.5740740740740741,108.0,0.17391304347826086,0.4,0.1111111111111111,18.0,0.743801652892562,0.6338028169014085,0.9,50.0,0.38095238095238093,0.4,0.36363636363636365,22.0,0.4666666666666667,0.5833333333333334,0.3888888888888889,18.0,,,,
p_260,0.3045137796980179,0.37373198940363117,0.32783882783882784,0.38629320561440683,0.43625906063717007,0.4351851851851852,108.0,0.30303030303030304,0.7142857142857143,0.19230769230769232,26.0,0.0,0.0,0.0,12.0,0.5871559633027523,0.47761194029850745,0.7619047619047619,42.0,0.32786885245901637,0.30303030303030304,0.35714285714285715,28.0,,,,
p_261,0.3333776301218162,0.34702650290885584,0.348448275862069,0.3305959558672737,0.34934999640882,0.3425925925925926,108.0,0.32,0.3076923076923077,0.3333333333333333,24.0,0.38095238095238093,0.35294117647058826,0.41379310344827586,29.0,0.4,0.34285714285714286,0.48,25.0,0.23255813953488372,0.38461538461538464,0.16666666666666666,30.0,,,,
p_262,0.3420672114075142,0.36293859649122806,0.3576911027568922,0.41960087941823104,0.42422027290448344,0.4537037037037037,108.0,0.410958904109589,0.39473684210526316,0.42857142857142855,35.0,0.3888888888888889,0.5833333333333334,0.2916666666666667,24.0,0.5684210526315789,0.47368421052631576,0.7105263157894737,38.0,0.0,0.0,0.0,11.0,,,,
p_263,0.3964229559748428,0.38764880952380953,0.43148148148148147,0.47608752620545075,0.4714781746031746,0.5,108.0,0.6666666666666666,0.6458333333333334,0.6888888888888889,45.0,0.37735849056603776,0.2857142857142857,0.5555555555555556,18.0,0.5416666666666666,0.6190476190476191,0.48148148148148145,27.0,0.0,0.0,0.0,18.0,,,,
p_264,0.3746108861898335,0.37886119257087,0.38714177978883857,0.4582546108861898,0.4334881068752036,0.5,108.0,0.6324786324786325,0.5606060606060606,0.7254901960784313,51.0,0.0,0.0,0.0,16.0,0.38596491228070173,0.3548387096774194,0.4230769230769231,26.0,0.48,0.6,0.4,15.0,,,,
p_265,0.36464442815249265,0.42368220015278835,0.3682212192850491,0.46377077223851415,0.4896995161701043,0.5092592592592593,108.0,0.6290322580645161,0.5064935064935064,0.8297872340425532,47.0,0.0,0.0,0.0,12.0,0.45454545454545453,0.5882352941176471,0.37037037037037035,27.0,0.375,0.6,0.2727272727272727,22.0,,,,
p_266,0.43433480919249423,0.5798611111111112,0.4111260116694899,0.5373454837928799,0.5690586419753088,0.6018518518518519,108.0,0.7333333333333333,0.6111111111111112,0.9166666666666666,60.0,0.2222222222222222,0.5,0.14285714285714285,14.0,0.1935483870967742,0.375,0.13043478260869565,23.0,0.5882352941176471,0.8333333333333334,0.45454545454545453,11.0,,,,
p_267,0.30443812361731903,0.3239490772385509,0.3375,0.40140178555005407,0.40194393812814866,0.4444444444444444,108.0,0.5607476635514018,0.5263157894736842,0.6,50.0,0.0,0.0,0.0,13.0,0.2222222222222222,0.42857142857142855,0.15,20.0,0.43478260869565216,0.3409090909090909,0.6,25.0,,,,
p_268,0.41877208385317993,0.42474747474747476,0.4150560224089636,0.4342462666600491,0.4355359147025813,0.4351851851851852,108.0,0.44776119402985076,0.45454545454545453,0.4411764705882353,34.0,0.4533333333333333,0.425,0.4857142857142857,35.0,0.42105263157894735,0.4444444444444444,0.4,30.0,0.35294117647058826,0.375,0.3333333333333333,9.0,,,,
p_269,0.41210094253572516,0.4517348927875243,0.41977124183006537,0.42742080785559045,0.4464536856544654,0.4537037037037037,108.0,0.30434782608695654,0.3684210526315789,0.25925925925925924,27.0,0.6363636363636364,0.5185185185185185,0.8235294117647058,34.0,0.3076923076923077,0.32,0.2962962962962963,27.0,0.4,0.6,0.3,20.0,,,,
p_270,0.26815578465063,0.2679001031045939,0.31351631876369507,0.3264307835900046,0.3101857155586105,0.3888888888888889,108.0,0.4948453608247423,0.41379310344827586,0.6153846153846154,39.0,0.4444444444444444,0.37209302325581395,0.5517241379310345,29.0,0.0,0.0,0.0,17.0,0.13333333333333333,0.2857142857142857,0.08695652173913043,23.0,,,,
p_271,0.2871456500488758,0.28219125048393345,0.3401442307692307,0.31592809818616274,0.33053440587315924,0.35185185185185186,108.0,0.45161290322580644,0.34146341463414637,0.6666666666666666,21.0,0.0,0.0,0.0,16.0,0.36363636363636365,0.3111111111111111,0.4375,32.0,0.3333333333333333,0.47619047619047616,0.2564102564102564,39.0,,,,
p_272,0.2802444536965443,0.2833225766795746,0.29987071751777633,0.3323235877881093,0.3299230756972474,0.3611111111111111,108.0,0.38235294117647056,0.3939393939393939,0.37142857142857144,35.0,0.32558139534883723,0.4117647058823529,0.2692307692307692,26.0,0.0,0.0,0.0,13.0,0.41304347826086957,0.3275862068965517,0.5588235294117647,34.0,,,,
p_273,0.34141784820683907,0.35443722943722944,0.36098219720024344,0.48035894109288607,0.45963604296937627,0.5185185185185185,108.0,0.6238532110091743,0.6071428571428571,0.6415094339622641,53.0,0.18181818181818182,0.3333333333333333,0.125,8.0,0.56,0.4772727272727273,0.6774193548387096,31.0,0.0,0.0,0.0,16.0,,,,
p_274,0.34090909090909094,0.4149122807017544,0.3694295900178253,0.41217732884399544,0.4236842105263158,0.49074074074074076,108.0,0.3333333333333333,0.3333333333333333,0.3333333333333333,27.0,0.6666666666666666,0.5263157894736842,0.9090909090909091,44.0,0.36363636363636365,0.8,0.23529411764705882,17.0,0.0,0.0,0.0,20.0,,,,
p_275,0.41370471633629524,0.5424679487179487,0.42808586762075135,0.46434267486899067,0.5252552231718898,0.5092592592592593,108.0,0.5714285714285714,0.5416666666666666,0.6046511627906976,43.0,0.5714285714285714,0.46153846153846156,0.75,32.0,0.42105263157894735,0.6666666666666666,0.3076923076923077,13.0,0.09090909090909091,0.5,0.05,20.0,,,,
p_276,0.40244663382594414,0.4322772657450077,0.4070684523809524,0.4222903363133248,0.4348594754508733,0.4351851851851852,108.0,0.47619047619047616,0.4838709677419355,0.46875,32.0,0.3793103448275862,0.36666666666666664,0.39285714285714285,28.0,0.5142857142857142,0.45,0.6,30.0,0.24,0.42857142857142855,0.16666666666666666,18.0,,,,
p_277,0.2962314225053079,0.38637992831541224,0.3058276016746411,0.5142152237162854,0.528003451480154,0.5925925925925926,108.0,0.7515923566878981,0.6344086021505376,0.921875,64.0,0.0,0.0,0.0,14.0,0.3333333333333333,0.8,0.21052631578947367,19.0,0.1,0.1111111111111111,0.09090909090909091,11.0,,,,
p_278,0.27856362217017955,0.2677295382213415,0.3345959595959596,0.32193367450198057,0.2943925129717479,0.3888888888888889,108.0,0.49523809523809526,0.4262295081967213,0.5909090909090909,44.0,0.0,0.0,0.0,24.0,0.45901639344262296,0.358974358974359,0.6363636363636364,22.0,0.16,0.2857142857142857,0.1111111111111111,18.0,,,,
p_279,0.23432556801840668,0.19291795665634676,0.29891304347826086,0.3154326313659072,0.2614235752780644,0.39814814814814814,108.0,0.543859649122807,0.45588235294117646,0.6739130434782609,46.0,0.0,0.0,0.0,23.0,0.39344262295081966,0.3157894736842105,0.5217391304347826,23.0,0.0,0.0,0.0,16.0,,,,
p_280,0.31371916236374064,0.314696160691584,0.33032695374800636,0.37418058477295424,0.3787265399139287,0.3888888888888889,108.0,0.4642857142857143,0.5652173913043478,0.3939393939393939,33.0,0.0,0.0,0.0,12.0,0.38095238095238093,0.3157894736842105,0.48,25.0,0.40963855421686746,0.37777777777777777,0.4473684210526316,38.0,,,,
p_281,0.3681540778314972,0.42825102529049897,0.39318882225553886,0.37709703838736097,0.4363663261689577,0.4074074074074074,108.0,0.36363636363636365,0.5263157894736842,0.2777777777777778,36.0,0.2702702702702703,0.35714285714285715,0.21739130434782608,23.0,0.5161290322580645,0.375,0.8275862068965517,29.0,0.3225806451612903,0.45454545454545453,0.25,20.0,,,,
p_282,0.36736111111111114,0.5,0.3630952380952381,0.4465020576131687,0.49074074074074076,0.5,108.0,0.625,0.5,0.8333333333333334,48.0,0.4444444444444444,1.0,0.2857142857142857,14.0,0.0,0.0,0.0,16.0,0.4,0.5,0.3333333333333333,30.0,,,,
p_283,0.2669469085131736,0.3282828282828283,0.2865332428765265,0.5213981689885304,0.49672652450430227,0.6203703703703703,108.0,0.7710843373493976,0.6464646464646465,0.9552238805970149,67.0,0.0,0.0,0.0,10.0,0.14285714285714285,0.3333333333333333,0.09090909090909091,11.0,0.15384615384615385,0.3333333333333333,0.1,20.0,,,,
p_284,0.45103004705531846,0.5512914230019493,0.45006018571592343,0.618233505892219,0.6271974947657208,0.6666666666666666,108.0,0.8029197080291971,0.7236842105263158,0.9016393442622951,61.0,0.0,0.0,0.0,12.0,0.47058823529411764,1.0,0.3076923076923077,13.0,0.5306122448979592,0.48148148148148145,0.5909090909090909,22.0,,,,
p_285,0.28907997762863535,0.36987577639751557,0.3051452742528257,0.45210094042588445,0.4707959512307338,0.5370370370370371,108.0,0.697986577181208,0.5652173913043478,0.9122807017543859,57.0,0.0,0.0,0.0,17.0,0.125,0.2,0.09090909090909091,11.0,0.3333333333333333,0.7142857142857143,0.21739130434782608,23.0,,,,
p_286,0.5639151746708724,0.5682291666666667,0.56559934318555,0.5724804728314435,0.5773726851851853,0.5740740740740741,108.0,0.5573770491803278,0.53125,0.5862068965517241,29.0,0.5925925925925926,0.6666666666666666,0.5333333333333333,30.0,0.6666666666666666,0.625,0.7142857142857143,28.0,0.43902439024390244,0.45,0.42857142857142855,21.0,,,,
p_287,0.2726508785332315,0.30531400966183575,0.30116959064327486,0.3431344254873667,0.3651100375738057,0.3888888888888889,108.0,0.49523809523809526,0.37681159420289856,0.7222222222222222,36.0,0.24242424242424243,0.4444444444444444,0.16666666666666666,24.0,0.0,0.0,0.0,10.0,0.35294117647058826,0.4,0.3157894736842105,38.0,,,,
p_288,0.40571219715956564,0.42931034482758623,0.42275378827102966,0.46300125313283214,0.46526890875549887,0.5,108.0,0.5357142857142857,0.5555555555555556,0.5172413793103449,29.0,0.631578947368421,0.5172413793103449,0.8108108108108109,37.0,0.1,0.2,0.06666666666666667,15.0,0.35555555555555557,0.4444444444444444,0.2962962962962963,27.0,,,,
p_289,0.4331155146223639,0.4313725490196078,0.48621031746031745,0.4341691033471855,0.4684355223570909,0.4351851851851852,108.0,0.4383561643835616,0.5714285714285714,0.35555555555555557,45.0,0.45454545454545453,0.3333333333333333,0.7142857142857143,7.0,0.4,0.42857142857142855,0.375,16.0,0.43956043956043955,0.39215686274509803,0.5,40.0,,,,
p_290,0.22536764705882353,0.265,0.25423280423280425,0.5345179738562091,0.5277777777777778,0.6296296296296297,108.0,0.7764705882352941,0.66,0.9428571428571428,70.0,0.0,0.0,0.0,8.0,0.0,0.0,0.0,3.0,0.125,0.4,0.07407407407407407,27.0,,,,
p_291,0.31371065375302665,0.31661925082977715,0.3501464751464751,0.38788561563985297,0.3895913457316966,0.4444444444444444,108.0,0.576271186440678,0.4594594594594595,0.7727272727272727,44.0,0.35714285714285715,0.3333333333333333,0.38461538461538464,13.0,0.0,0.0,0.0,14.0,0.32142857142857145,0.47368421052631576,0.24324324324324326,37.0,,,,
p_292,0.39117886429074594,0.3821969696969697,0.403980278980279,0.514197695510402,0.5145622895622896,0.5185185185185185,108.0,0.5490196078431373,0.5833333333333334,0.5185185185185185,54.0,0.0,0.0,0.0,4.0,0.425531914893617,0.4,0.45454545454545453,22.0,0.5901639344262295,0.5454545454545454,0.6428571428571429,28.0,,,,
p_293,0.34100391134289443,0.42603448275862066,0.360078378796473,0.4863851465546381,0.516941251596424,0.5370370370370371,108.0,0.6101694915254238,0.48,0.8372093023255814,43.0,0.0,0.0,0.0,13.0,0.15384615384615385,0.5,0.09090909090909091,11.0,0.6,0.7241379310344828,0.5121951219512195,41.0,,,,
p_294,0.23504273504273504,0.2276632302405498,0.278954802259887,0.4292497625830959,0.3709431080565101,0.5462962962962963,108.0,0.717948717948718,0.5773195876288659,0.9491525423728814,59.0,0.0,0.0,0.0,14.0,0.0,0.0,0.0,17.0,0.2222222222222222,0.3333333333333333,0.16666666666666666,18.0,,,,
p_295,0.3798657072712668,0.5794715447154472,0.39513888888888893,0.40784235343513087,0.5597109304426378,0.4722222222222222,108.0,0.2222222222222222,0.6666666666666666,0.13333333333333333,30.0,0.34285714285714286,0.4,0.3,20.0,0.34782608695652173,0.8,0.2222222222222222,18.0,0.6065573770491803,0.45121951219512196,0.925,40.0,,,,
p_296,0.2824803149606299,0.2357142857142857,0.3671735241502683,0.3109871682706328,0.24576719576719575,0.4351851851851852,108.0,0.6299212598425197,0.47619047619047616,0.9302325581395349,43.0,0.5,0.4666666666666667,0.5384615384615384,13.0,0.0,0.0,0.0,17.0,0.0,0.0,0.0,35.0,,,,
p_297,0.2565573770491803,0.24791666666666667,0.31283783783783786,0.36824529447480264,0.35223765432098764,0.4537037037037037,108.0,0.6,0.45,0.9,40.0,0.0,0.0,0.0,18.0,0.0,0.0,0.0,13.0,0.4262295081967213,0.5416666666666666,0.35135135135135137,37.0,,,,
p_298,0.37504009163802976,0.4247448979591837,0.37993777056277056,0.55719061558695,0.5428004535147393,0.5925925925925926,108.0,0.68,0.6071428571428571,0.7727272727272727,44.0,0.0,0.0,0.0,9.0,0.2222222222222222,0.5,0.14285714285714285,7.0,0.5979381443298969,0.5918367346938775,0.6041666666666666,48.0,,,,
p_299,0.27709291263675284,0.3183333333333333,0.31376984126984125,0.38325508400425157,0.3995679012345679,0.4537037037037037,108.0,0.6218487394957983,0.5,0.8222222222222222,45.0,0.07142857142857142,0.3333333333333333,0.04,25.0,0.0,0.0,0.0,10.0,0.41509433962264153,0.44,0.39285714285714285,28.0,,,,
p_300,0.44490261858167923,0.4634259259259259,0.4403569403569404,0.5386937118835357,0.5327331961591221,0.5555555555555556,108.0,0.6530612244897959,0.5925925925925926,0.7272727272727273,44.0,0.19047619047619047,0.25,0.15384615384615385,13.0,0.3333333333333333,0.4,0.2857142857142857,14.0,0.6027397260273972,0.6111111111111112,0.5945945945945946,37.0,,,,
p_301,0.2779505582137161,0.27862394957983194,0.29758219077104525,0.33326540256364817,0.3295790538437597,0.3611111111111111,108.0,0.34210526315789475,0.38235294117647056,0.30952380952380953,42.0,0.0,0.0,0.0,13.0,0.30303030303030304,0.35714285714285715,0.2631578947368421,19.0,0.4666666666666667,0.375,0.6176470588235294,34.0,,,,
p_302,0.3229864433811802,0.33316674995835416,0.32973831300813006,0.38589624313308524,0.38530349023019356,0.4074074074074074,108.0,0.5454545454545454,0.46551724137931033,0.6585365853658537,41.0,0.2631578947368421,0.2777777777777778,0.25,20.0,0.08333333333333333,0.1111111111111111,0.06666666666666667,15.0,0.4,0.4782608695652174,0.34375,32.0,,,,
p_303,0.266144018583043,0.2411931818181818,0.2994117647058824,0.41697853486471376,0.38183922558922556,0.46296296296296297,108.0,0.0,0.0,0.0,13.0,0.0,0.0,0.0,11.0,0.5121951219512195,0.4375,0.6176470588235294,34.0,0.5523809523809524,0.5272727272727272,0.58,50.0,,,,
p_304,0.2647058823529412,0.2418987341772152,0.29706477732793524,0.4575163398692811,0.4073417721518987,0.5277777777777778,108.0,0.7058823529411765,0.6075949367088608,0.8421052631578947,57.0,0.0,0.0,0.0,19.0,0.0,0.0,0.0,6.0,0.35294117647058826,0.36,0.34615384615384615,26.0,,,,
p_305,0.3885888654724271,0.39764641488779423,0.386964886964887,0.4047852515318269,0.4099920939001399,0.4074074074074074,108.0,0.5,0.5714285714285714,0.4444444444444444,27.0,0.2564102564102564,0.2777777777777778,0.23809523809523808,21.0,0.547945205479452,0.5,0.6060606060606061,33.0,0.25,0.2413793103448276,0.25925925925925924,27.0,,,,
p_306,0.4561031880505937,0.4993325939204788,0.4796921739833455,0.4586773780238871,0.5103277777061292,0.48148148148148145,108.0,0.4,0.6428571428571429,0.2903225806451613,31.0,0.3829787234042553,0.47368421052631576,0.32142857142857145,28.0,0.43902439024390244,0.4090909090909091,0.47368421052631576,19.0,0.6024096385542169,0.4716981132075472,0.8333333333333334,30.0,,,,
p_307,0.3449241924851681,0.3619216417910448,0.35372257053291534,0.4299848629116922,0.42984452736318407,0.46296296296296297,108.0,0.5585585585585585,0.4626865671641791,0.7045454545454546,44.0,0.0,0.0,0.0,10.0,0.4878048780487805,0.625,0.4,25.0,0.3333333333333333,0.36,0.3103448275862069,29.0,,,,
p_308,0.4963713506828912,0.5727182539682539,0.4778697822141561,0.5300114049265132,0.581007495590829,0.5370370370370371,108.0,0.5631067961165048,0.4603174603174603,0.725,40.0,0.3448275862068966,0.5555555555555556,0.25,20.0,0.7346938775510204,0.9,0.6206896551724138,29.0,0.34285714285714286,0.375,0.3157894736842105,19.0,,,,
p_309,0.4205203730976927,0.41344537815126053,0.4283643892339545,0.5236731576937762,0.5116194625998548,0.5370370370370371,108.0,0.5773195876288659,0.5490196078431373,0.6086956521739131,46.0,0.0,0.0,0.0,6.0,0.6190476190476191,0.6190476190476191,0.6190476190476191,21.0,0.4857142857142857,0.4857142857142857,0.4857142857142857,35.0,,,,
p_310,0.39025520909578876,0.4143450515733124,0.3992200328407225,0.43854631482114037,0.4595468052593657,0.4537037037037037,108.0,0.5454545454545454,0.4864864864864865,0.6206896551724138,29.0,0.43478260869565216,0.625,0.3333333333333333,30.0,0.49382716049382713,0.43478260869565216,0.5714285714285714,35.0,0.08695652173913043,0.1111111111111111,0.07142857142857142,14.0,,,,
p_311,0.4582114735658043,0.6195777906304221,0.42629288274449567,0.48670124567762363,0.5378831694621168,0.5277777777777778,108.0,0.6614173228346457,0.5384615384615384,0.8571428571428571,49.0,0.5714285714285714,1.0,0.4,10.0,0.32,0.5714285714285714,0.2222222222222222,18.0,0.28,0.3684210526315789,0.22580645161290322,31.0,,,,
p_312,0.30344424094424094,0.2867057673509286,0.346195652173913,0.3576958877884803,0.3403587849824409,0.4074074074074074,108.0,0.37037037037037035,0.3225806451612903,0.43478260869565216,23.0,0.5934065934065934,0.4909090909090909,0.75,36.0,0.25,0.3333333333333333,0.2,35.0,0.0,0.0,0.0,14.0,,,,
p_313,0.3571495836304199,0.3518705952916479,0.3654128494244773,0.4596489221924762,0.4593739413427522,0.46296296296296297,108.0,0.4594594594594595,0.4473684210526316,0.4722222222222222,36.0,0.0,0.0,0.0,7.0,0.5609756097560976,0.5897435897435898,0.5348837209302325,43.0,0.40816326530612246,0.37037037037037035,0.45454545454545453,22.0,,,,
p_314,0.4032776406277553,0.39914398595259,0.43877436281859067,0.48049342986082544,0.4570651643742074,0.5462962962962963,108.0,0.45,0.5294117647058824,0.391304347826087,23.0,0.7102803738317757,0.5671641791044776,0.95,40.0,0.4528301886792453,0.5,0.41379310344827586,29.0,0.0,0.0,0.0,16.0,,,,
p_315,0.32884140550807217,0.33616383616383616,0.3281059574163023,0.4325148605395519,0.43746993746993745,0.4351851851851852,108.0,0.36,0.42857142857142855,0.3103448275862069,29.0,0.0,0.0,0.0,3.0,0.46153846153846156,0.46153846153846156,0.46153846153846156,39.0,0.49382716049382713,0.45454545454545453,0.5405405405405406,37.0,,,,
p_316,0.3915566226490596,0.36363636363636365,0.443859649122807,0.41842662991122376,0.3792087542087542,0.49074074074074076,108.0,0.3673469387755102,0.4090909090909091,0.3333333333333333,27.0,0.5714285714285714,0.5454545454545454,0.6,20.0,0.0,0.0,0.0,23.0,0.6274509803921569,0.5,0.8421052631578947,38.0,,,,
p_317,0.39342105263157895,0.39725952415705734,0.40682352372200997,0.3887751786874593,0.3949700503305817,0.39814814814814814,108.0,0.3157894736842105,0.34615384615384615,0.2903225806451613,31.0,0.49122807017543857,0.4117647058823529,0.6086956521739131,23.0,0.43333333333333335,0.41935483870967744,0.4482758620689655,29.0,0.3333333333333333,0.4117647058823529,0.28,25.0,,,,
p_318,0.4636904761904762,0.5266690009337068,0.459970549484616,0.47232142857142856,0.5053947504927897,0.5,108.0,0.5535714285714286,0.45588235294117646,0.7045454545454546,44.0,0.625,0.6666666666666666,0.5882352941176471,17.0,0.2,0.42857142857142855,0.13043478260869565,23.0,0.47619047619047616,0.5555555555555556,0.4166666666666667,24.0,,,,
p_319,0.34340222575516693,0.32309779257614996,0.3791602167182663,0.36565977742448336,0.3422625980277972,0.4074074074074074,108.0,0.43243243243243246,0.4444444444444444,0.42105263157894735,38.0,0.47058823529411764,0.47058823529411764,0.47058823529411764,17.0,0.0,0.0,0.0,21.0,0.47058823529411764,0.37735849056603776,0.625,32.0,,,,
p_320,0.2902444126773822,0.3598178137651822,0.3356743535988819,0.44685602934966623,0.4919215774478932,0.5277777777777778,108.0,0.7441860465116279,0.631578947368421,0.9056603773584906,53.0,0.0,0.0,0.0,8.0,0.34782608695652173,0.3076923076923077,0.4,20.0,0.06896551724137931,0.5,0.037037037037037035,27.0,,,,
p_321,0.3510959244107427,0.3338526392961877,0.37387254901960787,0.4638026534091305,0.43542956446182257,0.5,108.0,0.3404255319148936,0.36363636363636365,0.32,25.0,0.0,0.0,0.0,12.0,0.4090909090909091,0.375,0.45,20.0,0.6548672566371682,0.5967741935483871,0.7254901960784313,51.0,,,,
p_322,0.30590221700190867,0.28346153846153843,0.33401639344262296,0.5233119626747581,0.475968660968661,0.5833333333333334,108.0,0.7338129496402878,0.6538461538461539,0.8360655737704918,61.0,0.0,0.0,0.0,7.0,0.0,0.0,0.0,16.0,0.4897959183673469,0.48,0.5,24.0,,,,
p_323,0.37897026219394636,0.41380208333333335,0.39535984848484845,0.4416614899071039,0.4508487654320988,0.4722222222222222,108.0,0.625,0.546875,0.7291666666666666,48.0,0.38461538461538464,0.3333333333333333,0.45454545454545453,11.0,0.19047619047619047,0.4,0.125,16.0,0.3157894736842105,0.375,0.2727272727272727,33.0,,,,
p_324,0.3950595238095238,0.40582655826558267,0.3978729603729603,0.4601653439153439,0.46119391749473054,0.4722222222222222,108.0,0.525,0.5121951219512195,0.5384615384615384,39.0,0.09523809523809523,0.1111111111111111,0.08333333333333333,12.0,0.56,0.5,0.6363636363636364,33.0,0.4,0.5,0.3333333333333333,24.0,,,,
p_325,0.39062905580791696,0.4106918238993711,0.38836574130691776,0.42997234539861084,0.43334498020032614,0.4444444444444444,108.0,0.5869565217391305,0.5094339622641509,0.6923076923076923,39.0,0.4,0.5,0.3333333333333333,15.0,0.3880597014925373,0.43333333333333335,0.35135135135135137,37.0,0.1875,0.2,0.17647058823529413,17.0,,,,
p_326,0.2279702033311702,0.32781954887218046,0.2860120908901397,0.2624290483973049,0.3206070732386522,0.37037037037037035,108.0,0.041666666666666664,0.14285714285714285,0.024390243902439025,41.0,0.0,0.0,0.0,10.0,0.5223880597014925,0.3684210526315789,0.8974358974358975,39.0,0.34782608695652173,0.8,0.2222222222222222,18.0,,,,
p_327,0.31165501165501164,0.31492248062015504,0.35035087719298247,0.45670379003712336,0.4240956072351421,0.5462962962962963,108.0,0.06666666666666667,0.2,0.04,25.0,0.0,0.0,0.0,11.0,0.7132867132867133,0.5930232558139535,0.8947368421052632,57.0,0.4666666666666667,0.4666666666666667,0.4666666666666667,15.0,,,,
p_328,0.2537037037037037,0.253125,0.2723011363636364,0.43004115226337447,0.40914351851851855,0.48148148148148145,108.0,0.6074074074074074,0.5125,0.7454545454545455,55.0,0.0,0.0,0.0,9.0,0.4074074074074074,0.5,0.34375,32.0,0.0,0.0,0.0,12.0,,,,
p_329,0.28857222106650027,0.2910846267553585,0.30855855855855857,0.3432475017143209,0.33039028496345574,0.37962962962962965,108.0,0.45652173913043476,0.38181818181818183,0.5675675675675675,37.0,0.30303030303030304,0.4166666666666667,0.23809523809523808,21.0,0.39473684210526316,0.36585365853658536,0.42857142857142855,35.0,0.0,0.0,0.0,15.0,,,,
p_330,0.29008152173913043,0.27395506792058516,0.31978844169246645,0.35321054750402575,0.32698053330237237,0.39814814814814814,108.0,0.34782608695652173,0.36363636363636365,0.3333333333333333,36.0,0.0,0.0,0.0,17.0,0.5625,0.46551724137931033,0.7105263157894737,38.0,0.25,0.26666666666666666,0.23529411764705882,17.0,,,,
p_331,0.24537815126050422,0.25999999999999995,0.26857142857142857,0.365546218487395,0.35833333333333334,0.4166666666666667,108.0,0.5294117647058824,0.45,0.6428571428571429,42.0,0.0,0.0,0.0,17.0,0.2857142857142857,0.5,0.2,20.0,0.4117647058823529,0.35,0.5,28.0,0.0,0.0,0.0,1.0
p_332,0.3707120260691689,0.4252907942838152,0.3768810039424732,0.3684238380666952,0.419666001994018,0.37962962962962965,108.0,0.45,0.5294117647058824,0.391304347826087,23.0,0.2564102564102564,0.4166666666666667,0.18518518518518517,27.0,0.4090909090909091,0.3050847457627119,0.6206896551724138,29.0,0.3673469387755102,0.45,0.3103448275862069,29.0,,,,
p_333,0.3819782168186423,0.5808738425925926,0.3883567090803933,0.47606852039476144,0.5546982167352538,0.5,108.0,0.6166666666666667,0.578125,0.6607142857142857,56.0,0.14285714285714285,1.0,0.07692307692307693,13.0,0.425531914893617,0.37037037037037035,0.5,20.0,0.34285714285714286,0.375,0.3157894736842105,19.0,,,,
p_334,0.3735141775042039,0.512390350877193,0.40946553446553446,0.4222299571983702,0.5592551981806367,0.46296296296296297,108.0,0.45161290322580644,0.35,0.6363636363636364,22.0,0.11764705882352941,0.3333333333333333,0.07142857142857142,14.0,0.34146341463414637,0.875,0.21212121212121213,33.0,0.5833333333333334,0.49122807017543857,0.717948717948718,39.0,,,,
p_335,0.2211788211788212,0.2009507346585998,0.2702020202020202,0.3915639915639916,0.33352540094113126,0.5,108.0,0.7132867132867133,0.5730337078651685,0.9444444444444444,54.0,0.0,0.0,0.0,15.0,0.17142857142857143,0.23076923076923078,0.13636363636363635,22.0,0.0,0.0,0.0,17.0,,,,
p_336,0.40463488388674285,0.3926470588235294,0.44380694268250487,0.46584072696239315,0.45114379084967315,0.5092592592592593,108.0,0.0,0.0,0.0,17.0,0.5614035087719298,0.47058823529411764,0.6956521739130435,23.0,0.6741573033707865,0.6,0.7692307692307693,39.0,0.3829787234042553,0.5,0.3103448275862069,29.0,,,,
p_337,0.37761539229924,0.3520833333333333,0.4279569892473118,0.41415084432764987,0.3833333333333333,0.4722222222222222,108.0,0.5633802816901409,0.5,0.6451612903225806,31.0,0.5641025641025641,0.4583333333333333,0.7333333333333333,30.0,0.0,0.0,0.0,20.0,0.3829787234042553,0.45,0.3333333333333333,27.0,,,,
p_338,0.3236736736736737,0.3429945054945055,0.33266715116279066,0.4142874355837319,0.41776556776556784,0.4444444444444444,108.0,0.43333333333333335,0.4642857142857143,0.40625,32.0,0.0,0.0,0.0,9.0,0.5370370370370371,0.4461538461538462,0.6744186046511628,43.0,0.32432432432432434,0.46153846153846156,0.25,24.0,,,,
p_339,0.30991902834008095,0.30105263157894735,0.3201797385620915,0.3994851801869346,0.38430799220272904,0.4166666666666667,108.0,0.5473684210526316,0.52,0.5777777777777777,45.0,0.358974358974359,0.3684210526315789,0.35,20.0,0.3333333333333333,0.3157894736842105,0.35294117647058826,34.0,0.0,0.0,0.0,9.0,,,,
p_340,0.24165527455001135,0.3666666666666667,0.2856163847117794,0.3211184526974001,0.44588477366255147,0.4074074074074074,108.0,0.5606060606060606,0.4111111111111111,0.8809523809523809,42.0,0.0,0.0,0.0,15.0,0.2631578947368421,0.8333333333333334,0.15625,32.0,0.14285714285714285,0.2222222222222222,0.10526315789473684,19.0,,,,
p_341,0.2905510608820254,0.3131638620360425,0.2938034188034188,0.39382535681641395,0.40383973602436424,0.39814814814814814,108.0,0.5742574257425742,0.5918367346938775,0.5576923076923077,52.0,0.125,0.25,0.08333333333333333,12.0,0.3548387096774194,0.3055555555555556,0.4230769230769231,26.0,0.10810810810810811,0.10526315789473684,0.1111111111111111,18.0,,,,
p_342,0.3622232347124743,0.5658141305302609,0.37965922501966953,0.42396072543131375,0.5327353163487617,0.4537037037037037,108.0,0.5609756097560976,0.5609756097560976,0.5609756097560976,41.0,0.11764705882352941,1.0,0.0625,16.0,0.5,0.40816326530612246,0.6451612903225806,31.0,0.2702702702702703,0.29411764705882354,0.25,20.0,,,,
p_343,0.2767896354852877,0.3743469174503657,0.3036111111111111,0.3588827079165244,0.41207090057664764,0.4351851851851852,108.0,0.5757575757575758,0.4367816091954023,0.8444444444444444,45.0,0.4444444444444444,0.7272727272727273,0.32,25.0,0.08695652173913043,0.3333333333333333,0.05,20.0,0.0,0.0,0.0,18.0,,,,
p_344,0.29477909222597776,0.3109872932634127,0.32369878183831674,0.4363961317667257,0.42576251624759087,0.49074074074074076,108.0,0.45,0.4864864864864865,0.4186046511627907,43.0,0.0,0.0,0.0,8.0,0.6238532110091743,0.5074626865671642,0.8095238095238095,42.0,0.10526315789473684,0.25,0.06666666666666667,15.0,,,,
p_345,0.24652897303499716,0.2211251862891207,0.28015734265734266,0.3816705977348548,0.3414127614947287,0.4351851851851852,108.0,0.43373493975903615,0.4090909090909091,0.46153846153846156,39.0,0.0,0.0,0.0,17.0,0.5523809523809524,0.47540983606557374,0.6590909090909091,44.0,0.0,0.0,0.0,8.0,,,,
p_346,0.4014161220043573,0.6153985507246377,0.4153552330022918,0.5379609456951505,0.6153717122920022,0.6111111111111112,108.0,0.7703703703703704,0.65,0.9454545454545454,55.0,0.1,0.3333333333333333,0.058823529411764705,17.0,0.5,0.4782608695652174,0.5238095238095238,21.0,0.23529411764705882,1.0,0.13333333333333333,15.0,,,,
p_347,0.3246355885588559,0.31662267080745343,0.36153846153846153,0.4049996434828668,0.4108606510236945,0.42592592592592593,108.0,0.375,0.48,0.3076923076923077,39.0,0.3888888888888889,0.30434782608695654,0.5384615384615384,13.0,0.5346534653465347,0.48214285714285715,0.6,45.0,0.0,0.0,0.0,11.0,,,,
p_348,0.43564695108812757,0.45729166666666665,0.43629403004403006,0.5102077298155729,0.5071759259259259,0.5370370370370371,108.0,0.6923076923076923,0.6,0.8181818181818182,44.0,0.19047619047619047,0.25,0.15384615384615385,13.0,0.35,0.4375,0.2916666666666667,24.0,0.5098039215686274,0.5416666666666666,0.48148148148148145,27.0,,,,
p_349,0.27135889979401434,0.2722222222222222,0.3212998102466793,0.3879809137866814,0.36707818930041153,0.48148148148148145,108.0,0.6870229007633588,0.5555555555555556,0.9,50.0,0.34285714285714286,0.3333333333333333,0.35294117647058826,17.0,0.05555555555555555,0.2,0.03225806451612903,31.0,0.0,0.0,0.0,10.0,,,,
p_350,0.2844373723086594,0.27261904761904765,0.31698078344419806,0.33014505154219126,0.3048500881834215,0.37962962962962965,108.0,0.5742574257425742,0.48333333333333334,0.7073170731707317,41.0,0.0,0.0,0.0,24.0,0.2857142857142857,0.25,0.3333333333333333,21.0,0.2777777777777778,0.35714285714285715,0.22727272727272727,22.0,,,,
p_351,0.4043493668493669,0.4614073426573427,0.3999125874125874,0.43081831831831835,0.46452991452991454,0.4537037037037037,108.0,0.5576923076923077,0.4461538461538462,0.7435897435897436,39.0,0.43243243243243246,0.6153846153846154,0.3333333333333333,24.0,0.32727272727272727,0.4090909090909091,0.2727272727272727,33.0,0.3,0.375,0.25,12.0,,,,
p_352,0.36629188712522043,0.4459643605870021,0.3637827611664821,0.44389329805996475,0.46219426974143957,0.4722222222222222,108.0,0.5833333333333334,0.5283018867924528,0.6511627906976745,43.0,0.19047619047619047,0.3333333333333333,0.13333333333333333,15.0,0.4691358024691358,0.4222222222222222,0.5277777777777778,36.0,0.2222222222222222,0.5,0.14285714285714285,14.0,,,,
p_353,0.3353215412038941,0.3474440411373261,0.34054196859903385,0.4038499626734921,0.4126369563756133,0.4166666666666667,108.0,0.358974358974359,0.3333333333333333,0.3888888888888889,18.0,0.09090909090909091,0.1,0.08333333333333333,12.0,0.5384615384615384,0.4827586206896552,0.6086956521739131,46.0,0.35294117647058826,0.47368421052631576,0.28125,32.0,,,,
p_354,0.36734785136162407,0.36542874396135266,0.4037036237826018,0.3961470749468782,0.3918534174270889,0.4351851851851852,108.0,0.5794392523364486,0.5166666666666667,0.6595744680851063,47.0,0.42105263157894735,0.34782608695652173,0.5333333333333333,15.0,0.10526315789473684,0.2222222222222222,0.06896551724137931,29.0,0.36363636363636365,0.375,0.35294117647058826,17.0,,,,
p_355,0.3337624685751358,0.3616216216216216,0.37653793574846206,0.3614929401057858,0.3393093093093093,0.4444444444444444,108.0,0.0,0.0,0.0,31.0,0.4090909090909091,0.36,0.47368421052631576,19.0,0.3157894736842105,0.6,0.21428571428571427,14.0,0.6101694915254238,0.4864864864864865,0.8181818181818182,44.0,,,,
p_356,0.4354256854256855,0.49749373433583965,0.4285714285714286,0.5476992143658811,0.5578297595841456,0.5740740740740741,108.0,0.6464646464646465,0.5614035087719298,0.7619047619047619,42.0,0.5,0.8333333333333334,0.35714285714285715,14.0,0.5952380952380952,0.5952380952380952,0.5952380952380952,42.0,0.0,0.0,0.0,10.0,,,,
p_357,0.39607740280934894,0.49518398268398267,0.3893960444589736,0.5207627704057732,0.5318322109988777,0.5648148148148148,108.0,0.6917293233082706,0.5974025974025974,0.8214285714285714,56.0,0.21428571428571427,0.3333333333333333,0.15789473684210525,19.0,0.16666666666666666,0.5,0.1,10.0,0.5116279069767442,0.55,0.4782608695652174,23.0,,,,
p_358,0.37037037037037035,0.5388257575757576,0.39320753123944613,0.41179698216735255,0.5228324915824916,0.5,108.0,0.6370370370370371,0.48863636363636365,0.9148936170212766,47.0,0.4444444444444444,0.5,0.4,15.0,0.3333333333333333,0.6666666666666666,0.2222222222222222,18.0,0.06666666666666667,0.5,0.03571428571428571,28.0,,,,
p_359,0.31277056277056275,0.29770084566596194,0.3342245989304813,0.3409491742825076,0.31932699083861876,0.37037037037037035,108.0,0.3333333333333333,0.29545454545454547,0.38235294117647056,34.0,0.0,0.0,0.0,18.0,0.47619047619047616,0.5,0.45454545454545453,22.0,0.44155844155844154,0.3953488372093023,0.5,34.0,,,,
p_360,0.3160095856524428,0.3156881313131313,0.3291182170542636,0.3906342334913763,0.3789842873176206,0.4166666666666667,108.0,0.35,0.4375,0.2916666666666667,24.0,0.4897959183673469,0.43636363636363634,0.5581395348837209,43.0,0.42424242424242425,0.3888888888888889,0.4666666666666667,30.0,0.0,0.0,0.0,11.0,,,,
p_361,0.25808731864437373,0.31627570056362625,0.28080835769980506,0.2727426546845137,0.3168108073938828,0.2962962962962963,108.0,0.35443037974683544,0.2692307692307692,0.5185185185185185,27.0,0.3125,0.29411764705882354,0.3333333333333333,30.0,0.27450980392156865,0.3684210526315789,0.21875,32.0,0.09090909090909091,0.3333333333333333,0.05263157894736842,19.0,,,,
p_362,0.3187185537549556,0.3281862745098039,0.34850837568228876,0.3702777087068187,0.36668482207697894,0.4074074074074074,108.0,0.4067796610169492,0.3333333333333333,0.5217391304347826,23.0,0.5806451612903226,0.5294117647058824,0.6428571428571429,42.0,0.07692307692307693,0.2,0.047619047619047616,21.0,0.21052631578947367,0.25,0.18181818181818182,22.0,,,,
p_363,0.33963763191557406,0.34822775263951733,0.3486111111111111,0.4457169633656682,0.43083486956035977,0.48148148148148145,108.0,0.4528301886792453,0.46153846153846156,0.4444444444444444,27.0,0.3125,0.4166666666666667,0.25,20.0,0.5932203389830508,0.5147058823529411,0.7,50.0,0.0,0.0,0.0,11.0,,,,
p_364,0.34389048767208524,0.4804778554778555,0.34664661319073076,0.44039630618666686,0.5113150738150738,0.49074074074074076,108.0,0.391304347826087,0.4090909090909091,0.375,24.0,0.6201550387596899,0.5128205128205128,0.7843137254901961,51.0,0.23076923076923078,0.75,0.13636363636363635,22.0,0.13333333333333333,0.25,0.09090909090909091,11.0,,,,
p_365,0.26139941929415617,0.27265197349467013,0.2930555555555555,0.4089261940139134,0.37721277889817223,0.5,108.0,0.0,0.0,0.0,17.0,0.2631578947368421,0.38461538461538464,0.2,25.0,0.6713286713286714,0.5393258426966292,0.8888888888888888,54.0,0.1111111111111111,0.16666666666666666,0.08333333333333333,12.0,,,,
p_366,0.26453060285319835,0.2874429223744292,0.2845238095238095,0.4260175384772716,0.42119059698968375,0.48148148148148145,108.0,0.22641509433962265,0.3333333333333333,0.17142857142857143,35.0,0.7317073170731707,0.6164383561643836,0.9,50.0,0.1,0.2,0.06666666666666667,15.0,0.0,0.0,0.0,8.0,,,,
p_367,0.4191729323308271,0.4026792750197005,0.4594116789385434,0.48823447507658035,0.4853194407961941,0.5185185185185185,108.0,0.5714285714285714,0.5185185185185185,0.6363636363636364,22.0,0.0,0.0,0.0,14.0,0.5789473684210527,0.6666666666666666,0.5116279069767442,43.0,0.5263157894736842,0.425531914893617,0.6896551724137931,29.0,,,,
p_368,0.4771065150782132,0.5176265928906775,0.5126975395652125,0.5557367539285779,0.5763260116253074,0.5740740740740741,108.0,0.33962264150943394,0.375,0.3103448275862069,29.0,0.7076923076923077,0.647887323943662,0.7796610169491526,59.0,0.4166666666666667,0.7142857142857143,0.29411764705882354,17.0,0.4444444444444444,0.3333333333333333,0.6666666666666666,3.0,,,,
p_369,0.3269642857142857,0.304801026957638,0.35302109974424556,0.3587014991181658,0.3331607473969477,0.3888888888888889,108.0,0.4583333333333333,0.44,0.4782608695652174,23.0,0.0,0.0,0.0,19.0,0.34285714285714286,0.3157894736842105,0.375,32.0,0.5066666666666667,0.4634146341463415,0.5588235294117647,34.0,,,,
p_370,0.38915510718789414,0.46953125,0.4149247877445552,0.38287095418242956,0.4681423611111111,0.4074074074074074,108.0,0.5,0.55,0.4583333333333333,24.0,0.3,0.5,0.21428571428571427,14.0,0.29508196721311475,0.5,0.20930232558139536,43.0,0.46153846153846156,0.328125,0.7777777777777778,27.0,,,,
p_371,0.24324324324324326,0.2930921052631579,0.2883864671437866,0.4174174174174174,0.4364400584795322,0.5277777777777778,108.0,0.7027027027027027,0.5473684210526316,0.9811320754716981,53.0,0.0,0.0,0.0,20.0,0.2702702702702703,0.625,0.1724137931034483,29.0,0.0,0.0,0.0,6.0,,,,
p_372,0.35943757822277844,0.3575311942959002,0.37264705882352944,0.40652580772261626,0.40098204264870935,0.42592592592592593,108.0,0.4470588235294118,0.37254901960784315,0.5588235294117647,34.0,0.0,0.0,0.0,15.0,0.4375,0.4666666666666667,0.4117647058823529,34.0,0.5531914893617021,0.5909090909090909,0.52,25.0,,,,
p_373,0.23086340892153734,0.22163120567375888,0.2523148148148148,0.3936264594201355,0.3877068557919622,0.4166666666666667,108.0,0.40860215053763443,0.3333333333333333,0.5277777777777778,36.0,0.0,0.0,0.0,8.0,0.5148514851485149,0.5531914893617021,0.48148148148148145,54.0,0.0,0.0,0.0,10.0,,,,
p_374,0.22204383638140443,0.2623462973197016,0.2238775018085363,0.28120459563290773,0.3221579075967374,0.28703703703703703,108.0,0.2413793103448276,0.21875,0.2692307692307692,26.0,0.20689655172413793,0.42857142857142855,0.13636363636363635,22.0,0.34615384615384615,0.4090909090909091,0.3,30.0,0.3157894736842105,0.2553191489361702,0.41379310344827586,29.0,0.0,0.0,0.0,1.0
p_375,0.28791317917435094,0.366118769883351,0.32009803921568625,0.4446598676985966,0.4580633125171832,0.5277777777777778,108.0,0.706766917293233,0.573170731707317,0.9215686274509803,51.0,0.10526315789473684,0.5,0.058823529411764705,17.0,0.33962264150943394,0.391304347826087,0.3,30.0,0.0,0.0,0.0,10.0,,,,
p_376,0.3378139655373718,0.33974358974358976,0.3626926977687627,0.35542503106299594,0.35315764482431145,0.37962962962962965,108.0,0.07692307692307693,0.16666666666666666,0.05,20.0,0.3283582089552239,0.3333333333333333,0.3235294117647059,34.0,0.5084745762711864,0.5,0.5172413793103449,29.0,0.4375,0.358974358974359,0.56,25.0,,,,
p_377,0.3307642393655371,0.3397245762711864,0.34830623306233066,0.5415578520120697,0.550871978970496,0.5740740740740741,108.0,0.6736842105263158,0.5423728813559322,0.8888888888888888,36.0,0.35,0.4375,0.2916666666666667,24.0,0.6301369863013698,0.71875,0.5609756097560976,41.0,0.0,0.0,0.0,6.0,0.0,0.0,0.0,1.0
p_378,0.3753682991318104,0.41278594771241833,0.39869111623143877,0.4227501399135857,0.4403140885984023,0.46296296296296297,108.0,0.07692307692307693,0.125,0.05555555555555555,18.0,0.5581395348837209,0.47058823529411764,0.6857142857142857,35.0,0.5633802816901409,0.5,0.6451612903225806,31.0,0.30303030303030304,0.5555555555555556,0.20833333333333334,24.0,,,,
p_379,0.41828303275671697,0.4470425407925408,0.4126225924613021,0.4328487302171513,0.4709245230078563,0.4166666666666667,108.0,0.4727272727272727,0.5416666666666666,0.41935483870967744,31.0,0.2692307692307692,0.2692307692307692,0.2692307692307692,26.0,0.6153846153846154,0.7272727272727273,0.5333333333333333,30.0,0.3157894736842105,0.25,0.42857142857142855,21.0,,,,
p_380,0.38825839528326067,0.3982608695652174,0.39016483516483513,0.4923375297881835,0.5036231884057971,0.5,108.0,0.5783132530120482,0.5,0.6857142857142857,35.0,0.48,0.5,0.46153846153846156,13.0,0.5,0.6,0.42857142857142855,35.0,0.3829787234042553,0.391304347826087,0.375,24.0,0.0,0.0,0.0,1.0
p_381,0.39715452424163855,0.5607638888888888,0.3758741258741259,0.42084329597941206,0.5029578189300411,0.4444444444444444,108.0,0.3684210526315789,0.4375,0.3181818181818182,22.0,0.2857142857142857,0.375,0.23076923076923078,26.0,0.5344827586206896,0.4305555555555556,0.7045454545454546,44.0,0.4,1.0,0.25,16.0,,,,
p_382,0.39493077819637,0.4195575084798026,0.3942804611409263,0.5178200699023371,0.5329070590788136,0.5277777777777778,108.0,0.4878048780487805,0.6666666666666666,0.38461538461538464,26.0,0.5301204819277109,0.46808510638297873,0.6111111111111112,36.0,0.5617977528089888,0.5434782608695652,0.5813953488372093,43.0,0.0,0.0,0.0,3.0,,,,
p_383,0.3882312679191612,0.6274390243902439,0.38207735247208924,0.5155462825988877,0.5910794941282747,0.5740740740740741,108.0,0.32432432432432434,0.4,0.2727272727272727,22.0,0.3448275862068966,0.5,0.2631578947368421,19.0,0.7299270072992701,0.6097560975609756,0.9090909090909091,55.0,0.15384615384615385,1.0,0.08333333333333333,12.0,,,,
p_384,0.3826143790849673,0.5505763116057234,0.38990874363327677,0.5653062212539337,0.5784939351115822,0.6111111111111112,108.0,0.0,0.0,0.0,12.0,0.5882352941176471,0.5405405405405406,0.6451612903225806,31.0,0.72,0.6617647058823529,0.7894736842105263,57.0,0.2222222222222222,1.0,0.125,8.0,,,,
p_385,0.3406005758946935,0.4073142414860681,0.3519127930892637,0.5286565286565287,0.5257066276803118,0.5740740740740741,108.0,0.6890756302521008,0.6029411764705882,0.803921568627451,51.0,0.15384615384615385,0.5,0.09090909090909091,11.0,0.5194805194805194,0.5263157894736842,0.5128205128205128,39.0,0.0,0.0,0.0,7.0,,,,
p_386,0.2736985511074349,0.2643019943019943,0.305948717948718,0.4180638723711044,0.42729371109000736,0.4351851851851852,108.0,0.0,0.0,0.0,10.0,0.45901639344262296,0.35,0.6666666666666666,21.0,0.4943820224719101,0.5641025641025641,0.44,50.0,0.41509433962264153,0.4074074074074074,0.4230769230769231,26.0,0.0,0.0,0.0,1.0
p_387,0.5044406364749082,0.5638888888888889,0.4878841421089165,0.5470186318509452,0.5513374485596708,0.5833333333333334,108.0,0.736,0.6388888888888888,0.8679245283018868,53.0,0.4186046511627907,0.45,0.391304347826087,23.0,0.2631578947368421,0.4166666666666667,0.19230769230769232,26.0,0.6,0.75,0.5,6.0,,,,
p_388,0.3995917277167277,0.5332417582417582,0.39018401983218914,0.44645542214986655,0.5229293854293855,0.49074074074074076,108.0,0.375,0.46153846153846156,0.3157894736842105,19.0,0.3076923076923077,0.5714285714285714,0.21052631578947367,19.0,0.6031746031746031,0.475,0.8260869565217391,46.0,0.3125,0.625,0.20833333333333334,24.0,,,,
p_389,0.3522833723653396,0.3526706137000255,0.36269923769923773,0.5766566918206263,0.5557099944354846,0.6111111111111112,108.0,0.7377049180327869,0.6617647058823529,0.8333333333333334,54.0,0.1,0.14285714285714285,0.07692307692307693,13.0,0.5714285714285714,0.6060606060606061,0.5405405405405406,37.0,0.0,0.0,0.0,4.0,,,,
p_390,0.2734885620915033,0.2712765957446809,0.3080508474576271,0.4622064875332849,0.41223404255319146,0.5648148148148148,108.0,0.0,0.0,0.0,13.0,0.375,0.5,0.3,20.0,0.7189542483660131,0.5851063829787234,0.9322033898305084,59.0,0.0,0.0,0.0,16.0,,,,
p_391,0.3220852260436946,0.32795698924731187,0.3267148683722655,0.5107033271644995,0.5007964954201514,0.5277777777777778,108.0,0.44776119402985076,0.4166666666666667,0.4838709677419355,31.0,0.17391304347826086,0.25,0.13333333333333333,15.0,0.6666666666666666,0.6451612903225806,0.6896551724137931,58.0,0.0,0.0,0.0,4.0,,,,
p_392,0.30316356930061,0.2889660493827161,0.33604111405835546,0.46332550453702387,0.42342535436671236,0.5370370370370371,108.0,0.0,0.0,0.0,19.0,0.0,0.0,0.0,8.0,0.6466165413533834,0.5308641975308642,0.8269230769230769,52.0,0.5660377358490566,0.625,0.5172413793103449,29.0,,,,
p_393,0.38450678841763786,0.3927777777777778,0.38680637158898024,0.5221849167041206,0.5300205761316873,0.5277777777777778,108.0,0.3902439024390244,0.4444444444444444,0.34782608695652173,23.0,0.5287356321839081,0.46,0.6216216216216216,37.0,0.6190476190476191,0.6666666666666666,0.5777777777777777,45.0,0.0,0.0,0.0,3.0,,,,
p_394,0.38634715412455023,0.3890046296296297,0.38815628815628817,0.49192138955107007,0.4907021604938272,0.5,108.0,0.39436619718309857,0.4375,0.358974358974359,39.0,0.5853658536585366,0.6,0.5714285714285714,21.0,0.5656565656565656,0.5185185185185185,0.6222222222222222,45.0,0.0,0.0,0.0,3.0,,,,
p_395,0.3751614505712866,0.46154097931395655,0.3671911421911422,0.5772368493679969,0.5928726251782026,0.6018518518518519,108.0,0.26666666666666666,0.6666666666666666,0.16666666666666666,12.0,0.5454545454545454,0.5526315789473685,0.5384615384615384,39.0,0.6885245901639344,0.6268656716417911,0.7636363636363637,55.0,0.0,0.0,0.0,2.0,,,,
p_396,0.31006493506493504,0.28879310344827586,0.3376865671641791,0.5333092833092833,0.4805236270753512,0.6018518518518519,108.0,0.0,0.0,0.0,15.0,0.5,0.5,0.5,16.0,0.7402597402597403,0.6551724137931034,0.8507462686567164,67.0,0.0,0.0,0.0,10.0,,,,
p_397,0.3246393861208775,0.33314814814814814,0.34024725274725276,0.5059771815450064,0.4881550068587106,0.5555555555555556,108.0,0.10526315789473684,0.16666666666666666,0.07692307692307693,13.0,0.5161290322580645,0.5925925925925926,0.45714285714285713,35.0,0.6771653543307087,0.5733333333333334,0.8269230769230769,52.0,0.0,0.0,0.0,8.0,,,,
p_398,0.18674698795180725,0.1706451612903226,0.2152998776009792,0.34861668897813475,0.32104241338112305,0.39814814814814814,108.0,0.0,0.0,0.0,13.0,0.5,0.4032258064516129,0.6578947368421053,38.0,0.43373493975903615,0.45,0.4186046511627907,43.0,0.0,0.0,0.0,13.0,0.0,0.0,0.0,1.0
p_399,0.5592211673699016,0.5900786308973173,0.548641304347826,0.46864484033963644,0.48598691198136157,0.4722222222222222,108.0,0.5063291139240507,0.425531914893617,0.625,32.0,0.4166666666666667,0.43478260869565216,0.4,25.0,0.425,0.5,0.3695652173913043,46.0,0.8888888888888888,1.0,0.8,5.0,,,,
p_400,0.37800252844500637,0.43583724569640064,0.39107142857142857,0.46631081144355485,0.48043818466353677,0.5185185185185185,108.0,0.6548672566371682,0.5211267605633803,0.8809523809523809,42.0,0.38095238095238093,0.6666666666666666,0.26666666666666666,15.0,0.47619047619047616,0.5555555555555556,0.4166666666666667,36.0,0.0,0.0,0.0,15.0,,,,
p_401,0.36772948063270644,0.5287124060150377,0.3976370851370851,0.3816397042203494,0.5052509746588694,0.42592592592592593,108.0,0.45161290322580644,0.3684210526315789,0.5833333333333334,24.0,0.16216216216216217,0.3,0.1111111111111111,27.0,0.5494505494505495,0.44642857142857145,0.7142857142857143,35.0,0.3076923076923077,1.0,0.18181818181818182,22.0,,,,
p_402,0.3591297591297591,0.35893234672304436,0.37375541125541123,0.4436530547641659,0.4196597760551249,0.48148148148148145,108.0,0.6262626262626263,0.5636363636363636,0.7045454545454546,44.0,0.4,0.5,0.3333333333333333,15.0,0.41025641025641024,0.37209302325581395,0.45714285714285713,35.0,0.0,0.0,0.0,14.0,,,,
p_403,0.3948672356567094,0.4309233032293377,0.39638263167674936,0.4233632755562581,0.4378202350544304,0.4444444444444444,108.0,0.4864864864864865,0.5625,0.42857142857142855,21.0,0.5263157894736842,0.43103448275862066,0.6756756756756757,37.0,0.4,0.4444444444444444,0.36363636363636365,33.0,0.16666666666666666,0.2857142857142857,0.11764705882352941,17.0,,,,
p_404,0.3579467878700776,0.4261904761904762,0.3892857142857143,0.43976474588270364,0.4910934744268077,0.49074074074074076,108.0,0.3125,0.7142857142857143,0.2,25.0,0.6122448979591837,0.47619047619047616,0.8571428571428571,35.0,0.5070422535211268,0.5142857142857142,0.5,36.0,0.0,0.0,0.0,12.0,,,,
p_405,0.41090120865401764,0.5199960598896769,0.4147727272727273,0.49934351494900814,0.5310429617955229,0.5370370370370371,108.0,0.0,0.0,0.0,15.0,0.6373626373626373,0.6170212765957447,0.6590909090909091,44.0,0.5617977528089888,0.46296296296296297,0.7142857142857143,35.0,0.4444444444444444,1.0,0.2857142857142857,14.0,,,,
p_406,0.428396560236998,0.47533785710212695,0.4118172790466733,0.5595348578499499,0.5806189664603304,0.5740740740740741,108.0,0.4897959183673469,0.631578947368421,0.4,30.0,0.5625,0.6923076923076923,0.47368421052631576,19.0,0.6612903225806451,0.5774647887323944,0.7735849056603774,53.0,0.0,0.0,0.0,6.0,,,,
p_407,0.37093416601613327,0.4196428571428572,0.36802682611506143,0.5414052486001484,0.5499338624338624,0.5740740740740741,108.0,0.3333333333333333,0.5714285714285714,0.23529411764705882,17.0,0.7377049180327869,0.6428571428571429,0.8653846153846154,52.0,0.4126984126984127,0.4642857142857143,0.37142857142857144,35.0,0.0,0.0,0.0,4.0,,,,
p_408,0.504966439501668,0.6875676406926406,0.48648056923918986,0.6197048867305233,0.655348124098124,0.6296296296296297,108.0,0.6382978723404256,0.6818181818181818,0.6,25.0,0.41025641025641024,0.38095238095238093,0.4444444444444444,18.0,0.7213114754098361,0.6875,0.7586206896551724,58.0,0.25,1.0,0.14285714285714285,7.0,,,,
p_409,0.2478354978354978,0.26814516129032256,0.2621512641673932,0.29773929773929775,0.31190262843488653,0.32407407407407407,108.0,0.3333333333333333,0.5,0.25,28.0,0.25396825396825395,0.25,0.25806451612903225,31.0,0.40404040404040403,0.3225806451612903,0.5405405405405406,37.0,0.0,0.0,0.0,12.0,,,,
p_410,0.2099317988064791,0.21651785714285715,0.2574468085106383,0.3349357456348078,0.3282903439153439,0.42592592592592593,108.0,0.27450980392156865,0.4375,0.2,35.0,0.0,0.0,0.0,20.0,0.5652173913043478,0.42857142857142855,0.8297872340425532,47.0,0.0,0.0,0.0,6.0,,,,
p_411,0.2741541353383459,0.26187101346562724,0.31282608695652175,0.395192843219159,0.35259338005617236,0.48148148148148145,108.0,0.0,0.0,0.0,14.0,0.45,0.5294117647058824,0.391304347826087,23.0,0.6466165413533834,0.5180722891566265,0.86,50.0,0.0,0.0,0.0,21.0,,,,
p_412,0.35145145145145146,0.3598790322580645,0.3594425375031782,0.47756460163867576,0.47963958582238153,0.5,108.0,0.43333333333333335,0.5416666666666666,0.3611111111111111,36.0,0.6481481481481481,0.5645161290322581,0.7608695652173914,46.0,0.32432432432432434,0.3333333333333333,0.3157894736842105,19.0,0.0,0.0,0.0,7.0,,,,
p_413,0.2955655435398482,0.31725302061122956,0.3195516945516945,0.3731488015255686,0.3994149622259075,0.4074074074074074,108.0,0.5048543689320388,0.3880597014925373,0.7222222222222222,36.0,0.32653061224489793,0.38095238095238093,0.2857142857142857,28.0,0.3508771929824561,0.5,0.2702702702702703,37.0,0.0,0.0,0.0,7.0,,,,
p_414,0.47089169000933706,0.5696441730708496,0.45638066713648107,0.5114906456409725,0.5549221555485373,0.5277777777777778,108.0,0.5,0.5714285714285714,0.4444444444444444,27.0,0.6470588235294118,0.559322033898305,0.7674418604651163,43.0,0.35555555555555557,0.34782608695652173,0.36363636363636365,22.0,0.38095238095238093,0.8,0.25,16.0,,,,
p_415,0.3269610187202239,0.3271490414347557,0.3564593301435407,0.3847464842594397,0.39758125472411193,0.4074074074074074,108.0,0.3389830508474576,0.47619047619047616,0.2631578947368421,38.0,0.45977011494252873,0.40816326530612246,0.5263157894736842,38.0,0.509090909090909,0.42424242424242425,0.6363636363636364,22.0,0.0,0.0,0.0,10.0,,,,
p_416,0.35785808225729315,0.3490783410138249,0.38363095238095235,0.3992037081318525,0.37760283324799454,0.4444444444444444,108.0,0.4878048780487805,0.5,0.47619047619047616,21.0,0.5686274509803921,0.46774193548387094,0.725,40.0,0.375,0.42857142857142855,0.3333333333333333,27.0,0.0,0.0,0.0,20.0,,,,
p_417,0.33133971291866027,0.35654761904761906,0.3477413391206495,0.4243457971528147,0.4490079365079365,0.4537037037037037,108.0,0.3333333333333333,0.5333333333333333,0.24242424242424243,33.0,0.38596491228070173,0.39285714285714285,0.3793103448275862,29.0,0.6060606060606061,0.5,0.7692307692307693,39.0,0.0,0.0,0.0,7.0,,,,
p_418,0.3728171023836281,0.47148617511520735,0.3806015037593985,0.44465460832572085,0.49624864880241226,0.4722222222222222,108.0,0.18181818181818182,0.6666666666666666,0.10526315789473684,19.0,0.33962264150943394,0.32142857142857145,0.36,25.0,0.625,0.5645161290322581,0.7,50.0,0.3448275862068966,0.3333333333333333,0.35714285714285715,14.0,,,,
p_419,0.27008346374543557,0.2464349376114082,0.3104890604890605,0.3992638961340057,0.36155674390968506,0.46296296296296297,108.0,0.4507042253521127,0.47058823529411764,0.43243243243243246,37.0,0.0,0.0,0.0,17.0,0.6296296296296297,0.5151515151515151,0.8095238095238095,42.0,0.0,0.0,0.0,12.0,,,,
p_420,0.2344403375149343,0.26860825741422756,0.25626966955153424,0.2994943775167042,0.31517377039765093,0.3425925925925926,108.0,0.46296296296296297,0.373134328358209,0.6097560975609756,41.0,0.1935483870967742,0.42857142857142855,0.125,24.0,0.28125,0.2727272727272727,0.2903225806451613,31.0,0.0,0.0,0.0,12.0,,,,
p_421,0.3390473148697358,0.3392940354147251,0.36740509237981434,0.468450331976362,0.4490158261709986,0.5185185185185185,108.0,0.7128712871287128,0.6206896551724138,0.8372093023255814,43.0,0.12903225806451613,0.25,0.08695652173913043,23.0,0.5142857142857142,0.4864864864864865,0.5454545454545454,33.0,0.0,0.0,0.0,9.0,,,,
p_422,0.29339893852277754,0.3072204968944099,0.3316287878787879,0.4228217602830605,0.4126293995859213,0.49074074074074076,108.0,0.47058823529411764,0.45714285714285713,0.48484848484848486,33.0,0.07142857142857142,0.25,0.041666666666666664,24.0,0.631578947368421,0.5217391304347826,0.8,45.0,0.0,0.0,0.0,6.0,,,,
p_423,0.24009208541716281,0.23114285714285715,0.24984582668793193,0.3810923529705779,0.36554232804232806,0.39814814814814814,108.0,0.29411764705882354,0.2857142857142857,0.30303030303030304,33.0,0.358974358974359,0.35,0.3684210526315789,19.0,0.5473684210526316,0.52,0.5777777777777777,45.0,0.0,0.0,0.0,10.0,0.0,0.0,0.0,1.0
p_424,0.3376442307692308,0.35352564102564105,0.35593749999999996,0.47697649572649575,0.46578822412155746,0.5370370370370371,108.0,0.4230769230769231,0.55,0.34375,32.0,0.0,0.0,0.0,11.0,0.6875,0.5641025641025641,0.88,50.0,0.24,0.3,0.2,15.0,,,,
p_425,0.26407407407407407,0.23709677419354838,0.29906832298136643,0.40644718792866946,0.36320191158900833,0.46296296296296297,108.0,0.6296296296296297,0.5483870967741935,0.7391304347826086,46.0,0.0,0.0,0.0,13.0,0.4266666666666667,0.4,0.45714285714285713,35.0,0.0,0.0,0.0,14.0,,,,
p_426,0.26931900507123885,0.24646464646464644,0.2968566392479436,0.4202219002388044,0.3847175458286569,0.46296296296296297,108.0,0.6138613861386139,0.5636363636363636,0.6739130434782609,46.0,0.0,0.0,0.0,10.0,0.4634146341463415,0.4222222222222222,0.5135135135135135,37.0,0.0,0.0,0.0,15.0,,,,
p_427,0.3465367965367966,0.3859126984126984,0.3520762471655329,0.471933621933622,0.4603909465020576,0.5092592592592593,108.0,0.6428571428571429,0.5714285714285714,0.7346938775510204,49.0,0.09090909090909091,0.16666666666666666,0.0625,16.0,0.4857142857142857,0.4722222222222222,0.5,34.0,0.16666666666666666,0.3333333333333333,0.1111111111111111,9.0,,,,
p_428,0.46864319705818736,0.49321266968325794,0.4594932241671372,0.4576455484253451,0.4758044243338361,0.4537037037037037,108.0,0.6,0.7058823529411765,0.5217391304347826,23.0,0.45,0.5,0.4090909090909091,22.0,0.37681159420289856,0.38235294117647056,0.37142857142857144,35.0,0.44776119402985076,0.38461538461538464,0.5357142857142857,28.0,,,,
p_429,0.3142976426558516,0.2857954545454545,0.3634259259259259,0.3059171342753432,0.26508838383838385,0.37037037037037035,108.0,0.0,0.0,0.0,33.0,0.5054945054945055,0.41818181818181815,0.6388888888888888,36.0,0.3880597014925373,0.325,0.48148148148148145,27.0,0.36363636363636365,0.4,0.3333333333333333,12.0,,,,
p_430,0.3340001396453009,0.3758129237581292,0.3379637206764866,0.41067510744930097,0.4155565036463058,0.4537037037037037,108.0,0.09523809523809523,0.16666666666666666,0.06666666666666667,15.0,0.6,0.4931506849315068,0.7659574468085106,47.0,0.3225806451612903,0.45454545454545453,0.25,20.0,0.3181818181818182,0.3888888888888889,0.2692307692307692,26.0,,,,
p_431,0.3714291751183232,0.3555311176278918,0.3963236635650429,0.4633182455613152,0.4385838673473082,0.5,108.0,0.625,0.5555555555555556,0.7142857142857143,42.0,0.5862068965517241,0.5483870967741935,0.6296296296296297,27.0,0.27450980392156865,0.3181818181818182,0.2413793103448276,29.0,0.0,0.0,0.0,10.0,,,,
p_432,0.3820388290045559,0.39593073593073597,0.38011690261690256,0.3887124985192973,0.39282828282828286,0.39814814814814814,108.0,0.48484848484848486,0.5333333333333333,0.4444444444444444,18.0,0.5057471264367817,0.44,0.5945945945945946,37.0,0.3673469387755102,0.42857142857142855,0.32142857142857145,28.0,0.1702127659574468,0.18181818181818182,0.16,25.0,,,,
p_433,0.4109927051170245,0.409842041029272,0.42754329004329,0.41244874638704043,0.42223284977947817,0.4166666666666667,108.0,0.36363636363636365,0.45454545454545453,0.30303030303030304,33.0,0.47368421052631576,0.43902439024390244,0.5142857142857142,35.0,0.41379310344827586,0.35294117647058826,0.5,12.0,0.39285714285714285,0.39285714285714285,0.39285714285714285,28.0,,,,
p_434,0.3471195966608811,0.34543650793650793,0.3821937658957828,0.4973989279799678,0.4722148736037625,0.5462962962962963,108.0,0.6605504587155964,0.6428571428571429,0.6792452830188679,53.0,0.0,0.0,0.0,15.0,0.5945945945945946,0.4888888888888889,0.7586206896551724,29.0,0.13333333333333333,0.25,0.09090909090909091,11.0,,,,
p_435,0.20701951951951952,0.18417280917280918,0.2396825396825397,0.3167403514625737,0.27942715442715443,0.37037037037037035,108.0,0.5225225225225225,0.4393939393939394,0.6444444444444445,45.0,0.3055555555555556,0.2972972972972973,0.3142857142857143,35.0,0.0,0.0,0.0,19.0,0.0,0.0,0.0,9.0,,,,
p_436,0.28536818738518066,0.25986997635933806,0.31926406926406925,0.3056906454832052,0.2783184484721128,0.3425925925925926,108.0,0.0,0.0,0.0,19.0,0.43478260869565216,0.4,0.47619047619047616,21.0,0.28169014084507044,0.2777777777777778,0.2857142857142857,35.0,0.425,0.3617021276595745,0.5151515151515151,33.0,,,,
p_437,0.3547932381048055,0.48194801026957634,0.32664196747779956,0.35150546026554436,0.41283637617077923,0.3425925925925926,108.0,0.39080459770114945,0.4146341463414634,0.3695652173913043,46.0,0.2564102564102564,0.2631578947368421,0.25,20.0,0.3013698630136986,0.25,0.3793103448275862,29.0,0.47058823529411764,1.0,0.3076923076923077,13.0,,,,
p_438,0.39766457680250783,0.41977657004830915,0.41178977272727274,0.4666318355973529,0.4601672928967615,0.5185185185185185,108.0,0.48,0.6,0.4,15.0,0.6379310344827587,0.5138888888888888,0.8409090909090909,44.0,0.0,0.0,0.0,17.0,0.4727272727272727,0.5652173913043478,0.40625,32.0,,,,
p_439,0.35759160585588357,0.3907967032967033,0.36877090301003346,0.37595308207476924,0.39781746031746024,0.39814814814814814,108.0,0.2857142857142857,0.4166666666666667,0.21739130434782608,23.0,0.3829787234042553,0.3333333333333333,0.45,20.0,0.5052631578947369,0.42857142857142855,0.6153846153846154,39.0,0.2564102564102564,0.38461538461538464,0.19230769230769232,26.0,,,,
p_440,0.295527950310559,0.29251805985552115,0.3157407407407407,0.47694962042788125,0.449661736039445,0.5370370370370371,108.0,0.43478260869565216,0.5263157894736842,0.37037037037037035,27.0,0.7,0.5833333333333334,0.875,48.0,0.34285714285714286,0.35294117647058826,0.3333333333333333,18.0,0.0,0.0,0.0,14.0,0.0,0.0,0.0,1.0
p_441,0.31627192512413815,0.3237229102167183,0.34048693308332356,0.4556995068873039,0.43284170393303517,0.5185185185185185,108.0,0.34285714285714286,0.5,0.2608695652173913,23.0,0.1935483870967742,0.17647058823529413,0.21428571428571427,14.0,0.7286821705426356,0.618421052631579,0.8867924528301887,53.0,0.0,0.0,0.0,18.0,,,,
p_442,0.35099260907388363,0.37680481283422457,0.37799259902918436,0.38117723408521015,0.4438453159041394,0.37962962962962965,108.0,0.39344262295081966,0.6,0.2926829268292683,41.0,0.39436619718309857,0.4117647058823529,0.3783783783783784,37.0,0.2222222222222222,0.2,0.25,8.0,0.3939393939393939,0.29545454545454547,0.5909090909090909,22.0,,,,
p_443,0.2700206083826774,0.2927559912854031,0.3265509828009828,0.3415291161938672,0.3452856451222464,0.4166666666666667,108.0,0.5287356321839081,0.42592592592592593,0.696969696969697,33.0,0.07407407407407407,0.3333333333333333,0.041666666666666664,24.0,0.4772727272727273,0.4117647058823529,0.5675675675675675,37.0,0.0,0.0,0.0,14.0,,,,
p_444,0.24708093763821315,0.25529827315541603,0.2698952210580117,0.3290735007453274,0.30993080993080996,0.37037037037037035,108.0,0.4421052631578947,0.40384615384615385,0.4883720930232558,43.0,0.0,0.0,0.0,17.0,0.11764705882352941,0.25,0.07692307692307693,13.0,0.42857142857142855,0.3673469387755102,0.5142857142857142,35.0,,,,
p_445,0.3213622303858561,0.3727992957746479,0.3366702741702742,0.38815959812070566,0.44266757955138236,0.4166666666666667,108.0,0.48598130841121495,0.36619718309859156,0.7222222222222222,36.0,0.40816326530612246,0.625,0.30303030303030304,33.0,0.0,0.0,0.0,11.0,0.391304347826087,0.5,0.32142857142857145,28.0,,,,
p_446,0.24519821291184687,0.3253623188405797,0.27889498970487303,0.3354499639812853,0.3700751476113795,0.42592592592592593,108.0,0.5755395683453237,0.43478260869565216,0.851063829787234,47.0,0.3076923076923077,0.6666666666666666,0.2,20.0,0.0975609756097561,0.2,0.06451612903225806,31.0,0.0,0.0,0.0,10.0,,,,
p_447,0.4382494382494383,0.49581594651590605,0.4427083333333333,0.5222320222320221,0.5302580477906901,0.5648148148148148,108.0,0.4864864864864865,0.5294117647058824,0.45,20.0,0.7008547008547008,0.5942028985507246,0.8541666666666666,48.0,0.45454545454545453,0.5263157894736842,0.4,25.0,0.1111111111111111,0.3333333333333333,0.06666666666666667,15.0,,,,
p_448,0.31524845538930046,0.30919117647058825,0.3233563259654341,0.39831575887913917,0.3918028322440087,0.4074074074074074,108.0,0.4788732394366197,0.5,0.4594594594594595,37.0,0.35135135135135137,0.325,0.38235294117647056,34.0,0.4307692307692308,0.4117647058823529,0.45161290322580644,31.0,0.0,0.0,0.0,6.0,,,,
p_449,0.274212715389186,0.24246704331450095,0.31875,0.40624105983583114,0.3592104345400014,0.4722222222222222,108.0,0.47058823529411764,0.4444444444444444,0.5,40.0,0.6262626262626263,0.5254237288135594,0.775,40.0,0.0,0.0,0.0,13.0,0.0,0.0,0.0,15.0,,,,
p_450,0.3414298731540809,0.35276154234294843,0.33692002442002444,0.3507482564645671,0.35746261567260645,0.35185185185185186,108.0,0.3614457831325301,0.3191489361702128,0.4166666666666667,36.0,0.32,0.36363636363636365,0.2857142857142857,28.0,0.4489795918367347,0.4782608695652174,0.4230769230769231,26.0,0.23529411764705882,0.25,0.2222222222222222,18.0,,,,
p_451,0.3397999163148085,0.4538396386222473,0.3383850931677019,0.3941544343994038,0.4201539201539201,0.4444444444444444,108.0,0.5669291338582677,0.4675324675324675,0.72,50.0,0.4444444444444444,1.0,0.2857142857142857,14.0,0.0,0.0,0.0,21.0,0.34782608695652173,0.34782608695652173,0.34782608695652173,23.0,,,,
p_452,0.27502579979360164,0.3655140758873929,0.2942105263157895,0.41249092229484385,0.43906115417743324,0.48148148148148145,108.0,0.6176470588235294,0.4883720930232558,0.84,50.0,0.0,0.0,0.0,10.0,0.3157894736842105,0.47368421052631576,0.23684210526315788,38.0,0.16666666666666666,0.5,0.1,10.0,,,,
p_453,0.5057070412201751,0.5168852225470975,0.5042634932533733,0.5136601127648476,0.5182033794565764,0.5185185185185185,108.0,0.3829787234042553,0.391304347826087,0.375,24.0,0.41379310344827586,0.41379310344827586,0.41379310344827586,29.0,0.55,0.6470588235294118,0.4782608695652174,23.0,0.676056338028169,0.6153846153846154,0.75,32.0,,,,
p_454,0.2934819897084048,0.3376233376233376,0.29627310673822305,0.4748189441585668,0.4864348475459586,0.5092592592592593,108.0,0.6037735849056604,0.5079365079365079,0.7441860465116279,43.0,0.36363636363636365,0.6666666666666666,0.25,16.0,0.5,0.5135135135135135,0.48717948717948717,39.0,0.0,0.0,0.0,10.0,0.0,0.0,0.0,0.0
p_455,0.42488501082251073,0.5204239045890588,0.455249822641127,0.5030638728555394,0.5620776078126352,0.5555555555555556,108.0,0.65625,0.5526315789473685,0.8076923076923077,26.0,0.6666666666666666,0.5862068965517241,0.7727272727272727,44.0,0.09090909090909091,0.14285714285714285,0.06666666666666667,15.0,0.2857142857142857,0.8,0.17391304347826086,23.0,,,,
p_456,0.3443076923076923,0.5354166666666667,0.34480095068330363,0.46131054131054133,0.6114969135802468,0.5,108.0,0.46153846153846156,0.6666666666666666,0.35294117647058826,34.0,0.0,0.0,0.0,7.0,0.608,0.475,0.8444444444444444,45.0,0.3076923076923077,1.0,0.18181818181818182,22.0,,,,
p_457,0.4559592889380123,0.478219696969697,0.46777167277167275,0.5551594977126892,0.5751262626262625,0.5648148148148148,108.0,0.723404255319149,0.7727272727272727,0.68,50.0,0.5428571428571428,0.4318181818181818,0.7307692307692307,26.0,0.09090909090909091,0.125,0.07142857142857142,14.0,0.4666666666666667,0.5833333333333334,0.3888888888888889,18.0,,,,
p_458,0.3763586956521739,0.5113636363636364,0.37102159704461496,0.4959694425274136,0.557800224466891,0.5277777777777778,108.0,0.6607142857142857,0.5606060606060606,0.8043478260869565,46.0,0.38095238095238093,1.0,0.23529411764705882,17.0,0.463768115942029,0.48484848484848486,0.4444444444444444,36.0,0.0,0.0,0.0,9.0,,,,
p_459,0.31709558823529416,0.4210789210789211,0.31298003072196623,0.47293709150326796,0.4694472194472194,0.5462962962962963,108.0,0.7058823529411765,0.5934065934065934,0.8709677419354839,62.0,0.5,1.0,0.3333333333333333,12.0,0.0625,0.09090909090909091,0.047619047619047616,21.0,0.0,0.0,0.0,13.0,,,,
p_460,0.3439648753996408,0.3424754341095706,0.3569638381668457,0.41464311725556413,0.39334465034424654,0.4537037037037037,108.0,0.559322033898305,0.4782608695652174,0.673469387755102,49.0,0.37209302325581395,0.42105263157894735,0.3333333333333333,24.0,0.4444444444444444,0.47058823529411764,0.42105263157894735,19.0,0.0,0.0,0.0,16.0,,,,
p_461,0.34556277056277057,0.5861263736263737,0.34643675652079015,0.42348484848484846,0.5549145299145299,0.5,108.0,0.6428571428571429,0.4945054945054945,0.9183673469387755,49.0,0.3333333333333333,1.0,0.2,20.0,0.13333333333333333,0.25,0.09090909090909091,22.0,0.2727272727272727,0.6,0.17647058823529413,17.0,,,,
p_462,0.2550461390112909,0.27087719298245616,0.2652589972956106,0.49038495479120237,0.4742365172189733,0.5462962962962963,108.0,0.7007299270072993,0.6,0.8421052631578947,57.0,0.0,0.0,0.0,5.0,0.38095238095238093,0.42105263157894735,0.34782608695652173,23.0,0.1935483870967742,0.3333333333333333,0.13636363636363635,22.0,0.0,0.0,0.0,1.0
p_463,0.2588286713286713,0.23486267166042446,0.3063973063973064,0.4139536389536389,0.3544990058722893,0.5185185185185185,108.0,0.6853146853146853,0.550561797752809,0.9074074074074074,54.0,0.0,0.0,0.0,12.0,0.35,0.3888888888888889,0.3181818181818182,22.0,0.0,0.0,0.0,20.0,,,,
p_464,0.3464364129764401,0.44326285240464347,0.3446535244922342,0.5094897413757657,0.557770560776365,0.5370370370370371,108.0,0.6776859504132231,0.6119402985074627,0.7592592592592593,54.0,0.32,0.8,0.2,20.0,0.3880597014925373,0.3611111111111111,0.41935483870967744,31.0,0.0,0.0,0.0,3.0,,,,
p_465,0.2143687707641196,0.20409663865546218,0.2757800013897575,0.2754798818752307,0.2404800809212574,0.37962962962962965,108.0,0.5714285714285714,0.4235294117647059,0.8780487804878049,41.0,0.1,0.14285714285714285,0.07692307692307693,13.0,0.18604651162790697,0.25,0.14814814814814814,27.0,0.0,0.0,0.0,27.0,,,,
p_466,0.35930980341549446,0.3529040404040404,0.4123498498498498,0.38687389372424,0.36323887018331463,0.4537037037037037,108.0,0.5679012345679012,0.5227272727272727,0.6216216216216216,37.0,0.5121951219512195,0.3888888888888889,0.75,28.0,0.0,0.0,0.0,25.0,0.35714285714285715,0.5,0.2777777777777778,18.0,,,,
p_467,0.30363427422250955,0.42708333333333326,0.31746411483253584,0.42733047635008425,0.42939814814814814,0.5277777777777778,108.0,0.6797385620915033,0.5416666666666666,0.9122807017543859,57.0,0.0,0.0,0.0,25.0,0.15384615384615385,0.5,0.09090909090909091,11.0,0.38095238095238093,0.6666666666666666,0.26666666666666666,15.0,,,,
p_468,0.3244418502845469,0.3296225832990539,0.36974337207783725,0.38497684171841473,0.3910694425400308,0.4351851851851852,108.0,0.5393258426966292,0.47058823529411764,0.631578947368421,38.0,0.2727272727272727,0.46153846153846156,0.1935483870967742,31.0,0.4857142857142857,0.38636363636363635,0.6538461538461539,26.0,0.0,0.0,0.0,13.0,,,,
p_469,0.4576020066889632,0.49452614379084964,0.4655090192826042,0.5117513935340022,0.5526779230210602,0.5277777777777778,108.0,0.608,0.5277777777777778,0.7169811320754716,53.0,0.2608695652173913,0.3,0.23076923076923078,13.0,0.46153846153846156,0.7058823529411765,0.34285714285714286,35.0,0.5,0.4444444444444444,0.5714285714285714,7.0,,,,
p_470,0.3664407592122306,0.44637002341920373,0.37577707798296034,0.386200871597459,0.4262425188654697,0.42592592592592593,108.0,0.37681159420289856,0.37142857142857144,0.38235294117647056,34.0,0.13793103448275862,0.4,0.08333333333333333,24.0,0.5510204081632653,0.4426229508196721,0.7297297297297297,37.0,0.4,0.5714285714285714,0.3076923076923077,13.0,,,,
p_471,0.29413083988852057,0.30654337492572786,0.3139705882352941,0.3954816390625029,0.42361936357034397,0.4074074074074074,108.0,0.4367816091954023,0.5277777777777778,0.37254901960784315,51.0,0.2926829268292683,0.35294117647058826,0.25,24.0,0.4470588235294118,0.34545454545454546,0.6333333333333333,30.0,0.0,0.0,0.0,3.0,,,,
p_472,0.3154004449388209,0.4701298701298701,0.32018513401492127,0.42729349482964607,0.5257816257816258,0.4722222222222222,108.0,0.5967741935483871,0.4805194805194805,0.7872340425531915,47.0,0.0,0.0,0.0,7.0,0.3448275862068966,0.4,0.30303030303030304,33.0,0.32,1.0,0.19047619047619047,21.0,,,,
p_473,0.24409655061250807,0.2672322775263952,0.26175115207373273,0.4004241588461447,0.39424054522093743,0.46296296296296297,108.0,0.624113475177305,0.5176470588235295,0.7857142857142857,56.0,0.0,0.0,0.0,11.0,0.22727272727272727,0.38461538461538464,0.16129032258064516,31.0,0.125,0.16666666666666666,0.1,10.0,,,,
p_474,0.3009601832276251,0.3217147435897436,0.3221600800029631,0.4178199958238718,0.4119628442545109,0.48148148148148145,108.0,0.6356589147286822,0.5125,0.8367346938775511,49.0,0.0,0.0,0.0,11.0,0.3181818181818182,0.4666666666666667,0.2413793103448276,29.0,0.25,0.3076923076923077,0.21052631578947367,19.0,,,,
p_475,0.33731419064903634,0.5829365079365079,0.32974495792831954,0.5026795116783017,0.5825102880658436,0.5648148148148148,108.0,0.6973684210526315,0.5888888888888889,0.8548387096774194,62.0,0.41379310344827586,0.6,0.3157894736842105,19.0,0.09523809523809523,0.14285714285714285,0.07142857142857142,14.0,0.14285714285714285,1.0,0.07692307692307693,13.0,,,,
p_476,0.3113338122605364,0.3410791226008617,0.34093915343915343,0.37253006598552574,0.3779910345127736,0.4351851851851852,108.0,0.5517241379310345,0.43243243243243246,0.7619047619047619,42.0,0.1111111111111111,0.16666666666666666,0.08333333333333333,12.0,0.0625,0.2,0.037037037037037035,27.0,0.52,0.5652173913043478,0.48148148148148145,27.0,,,,
p_477,0.34670743760810474,0.36979166666666663,0.3601327678406786,0.5236125982666631,0.4984016754850088,0.5925925925925926,108.0,0.7464788732394366,0.6309523809523809,0.9137931034482759,58.0,0.0,0.0,0.0,11.0,0.16666666666666666,0.2857142857142857,0.11764705882352941,17.0,0.47368421052631576,0.5625,0.4090909090909091,22.0,,,,
p_478,0.2999362630714718,0.42857142857142855,0.32424647726474104,0.33284940480191544,0.4445767195767196,0.37037037037037035,108.0,0.39473684210526316,0.35714285714285715,0.4411764705882353,34.0,0.45977011494252873,0.35714285714285715,0.6451612903225806,31.0,0.25,0.8,0.14814814814814814,27.0,0.09523809523809523,0.2,0.0625,16.0,,,,
p_479,0.33567638960399365,0.36604938271604937,0.3583423913043478,0.4291606867327133,0.42293095564700506,0.5,108.0,0.6564885496183206,0.5308641975308642,0.86,50.0,0.0,0.0,0.0,19.0,0.36363636363636365,0.6,0.2608695652173913,23.0,0.3225806451612903,0.3333333333333333,0.3125,16.0,,,,
p_480,0.3602280156914024,0.36560405077734986,0.39632893261925517,0.4209277723293741,0.43973623459431477,0.4537037037037037,108.0,0.5217391304347826,0.43902439024390244,0.6428571428571429,28.0,0.39285714285714285,0.5789473684210527,0.2972972972972973,37.0,0.5263157894736842,0.4444444444444444,0.6451612903225806,31.0,0.0,0.0,0.0,12.0,,,,
p_481,0.3949814074814075,0.49921171171171175,0.42572795561925997,0.4524527941194608,0.5178553553553554,0.5092592592592593,108.0,0.5846153846153846,0.5135135135135135,0.6785714285714286,28.0,0.6262626262626263,0.5166666666666667,0.7948717948717948,39.0,0.2857142857142857,0.8,0.17391304347826086,23.0,0.08333333333333333,0.16666666666666666,0.05555555555555555,18.0,,,,
p_482,0.33221034105251596,0.3291925465838509,0.34481792717086834,0.4343208786087041,0.44684421858334894,0.42592592592592593,108.0,0.6391752577319587,0.6739130434782609,0.6078431372549019,51.0,0.2127659574468085,0.22727272727272727,0.2,25.0,0.29508196721311475,0.2727272727272727,0.32142857142857145,28.0,0.18181818181818182,0.14285714285714285,0.25,4.0,,,,
p_483,0.3432709820010759,0.33167400674662667,0.36515151515151517,0.41827808156468377,0.4047307943250597,0.4444444444444444,108.0,0.5396825396825397,0.5862068965517241,0.5,34.0,0.22580645161290322,0.21875,0.23333333333333334,30.0,0.0,0.0,0.0,11.0,0.6075949367088608,0.5217391304347826,0.7272727272727273,33.0,,,,
p_484,0.31020671834625324,0.3226839516294322,0.33511800699300703,0.3900756053210833,0.3679336233138242,0.46296296296296297,108.0,0.6,0.47560975609756095,0.8125,48.0,0.0,0.0,0.0,23.0,0.4186046511627907,0.5294117647058824,0.34615384615384615,26.0,0.2222222222222222,0.2857142857142857,0.18181818181818182,11.0,,,,
p_485,0.21646673936750271,0.20478395061728394,0.2503448275862069,0.3453087766064865,0.3111739826245999,0.4166666666666667,108.0,0.5801526717557252,0.4691358024691358,0.76,50.0,0.0,0.0,0.0,13.0,0.0,0.0,0.0,16.0,0.2857142857142857,0.35,0.2413793103448276,29.0,,,,
p_486,0.3354860931714458,0.35548340548340546,0.34759136212624586,0.39613491904028375,0.3812196034418257,0.4351851851851852,108.0,0.5306122448979592,0.4727272727272727,0.6046511627906976,43.0,0.43037974683544306,0.37777777777777777,0.5,34.0,0.38095238095238093,0.5714285714285714,0.2857142857142857,14.0,0.0,0.0,0.0,17.0,,,,
p_487,0.17307692307692307,0.13636363636363635,0.23684210526315788,0.36538461538461536,0.28787878787878785,0.5,108.0,0.6923076923076923,0.5454545454545454,0.9473684210526315,57.0,0.0,0.0,0.0,7.0,0.0,0.0,0.0,11.0,0.0,0.0,0.0,33.0,,,,
p_488,0.34065473634638554,0.3673051948051948,0.3550903119868637,0.4234568585234126,0.44747594997594997,0.4444444444444444,108.0,0.4186046511627907,0.6428571428571429,0.3103448275862069,29.0,0.4657534246575342,0.38636363636363635,0.5862068965517241,29.0,0.0,0.0,0.0,8.0,0.4782608695652174,0.44,0.5238095238095238,42.0,,,,
p_489,0.3102505089846862,0.3260912698412698,0.34558823529411764,0.2856266877363924,0.3199808935920047,0.3148148148148148,108.0,0.13333333333333333,0.3333333333333333,0.08333333333333333,36.0,0.38461538461538464,0.35714285714285715,0.4166666666666667,12.0,0.3939393939393939,0.325,0.5,26.0,0.3291139240506329,0.28888888888888886,0.38235294117647056,34.0,,,,
p_490,0.4092548444281435,0.6302910052910053,0.4152506549178376,0.5055558951579491,0.6100578091318832,0.5740740740740741,108.0,0.7218045112781954,0.5925925925925926,0.9230769230769231,52.0,0.43902439024390244,0.42857142857142855,0.45,20.0,0.38095238095238093,1.0,0.23529411764705882,17.0,0.09523809523809523,0.5,0.05263157894736842,19.0,,,,
p_491,0.2670212765957447,0.20846394984326017,0.37336601307189543,0.266903073286052,0.2063160339022408,0.37962962962962965,108.0,0.0,0.0,0.0,40.0,0.0,0.0,0.0,16.0,0.6,0.45454545454545453,0.8823529411764706,34.0,0.46808510638297873,0.3793103448275862,0.6111111111111112,18.0,,,,
p_492,0.20277777777777778,0.1726641414141414,0.2545081967213115,0.4056584362139918,0.33106528245417133,0.5277777777777778,108.0,0.7,0.5656565656565656,0.9180327868852459,61.0,0.0,0.0,0.0,20.0,0.0,0.0,0.0,17.0,0.1111111111111111,0.125,0.1,10.0,,,,
p_493,0.3611829899423884,0.5135869565217391,0.35920358413964554,0.4638259610064121,0.5110104669887279,0.5462962962962963,108.0,0.6938775510204082,0.5543478260869565,0.9272727272727272,55.0,0.07142857142857142,0.2,0.043478260869565216,23.0,0.36363636363636365,0.8,0.23529411764705882,17.0,0.3157894736842105,0.5,0.23076923076923078,13.0,,,,
p_494,0.30697782340284907,0.31006493506493504,0.32651515151515154,0.3665500519011228,0.37307599807599806,0.3888888888888889,108.0,0.35294117647058826,0.42857142857142855,0.3,40.0,0.425531914893617,0.45454545454545453,0.4,25.0,0.0,0.0,0.0,10.0,0.449438202247191,0.35714285714285715,0.6060606060606061,33.0,,,,
p_495,0.21048951048951048,0.2134646962233169,0.2651162790697674,0.3023957523957524,0.2883749923979809,0.39814814814814814,108.0,0.5692307692307692,0.42528735632183906,0.8604651162790697,43.0,0.0,0.0,0.0,22.0,0.0,0.0,0.0,13.0,0.2727272727272727,0.42857142857142855,0.2,30.0,,,,
p_496,0.3481328806156051,0.40876010781671157,0.34082491582491586,0.35396643670577704,0.3898734651093142,0.3611111111111111,108.0,0.3793103448275862,0.39285714285714285,0.36666666666666664,30.0,0.3953488372093023,0.32075471698113206,0.5151515151515151,33.0,0.32,0.5714285714285714,0.2222222222222222,18.0,0.2978723404255319,0.35,0.25925925925925924,27.0,,,,
p_497,0.35976646748970814,0.43001194743130233,0.3496587622903412,0.4337019117622311,0.47325545378114076,0.4444444444444444,108.0,0.34285714285714286,0.3870967741935484,0.3076923076923077,39.0,0.5405405405405406,0.5555555555555556,0.5263157894736842,19.0,0.42105263157894735,0.8,0.2857142857142857,14.0,0.4943820224719101,0.4074074074074074,0.6285714285714286,35.0,0.0,0.0,0.0,1.0
p_498,0.2649607984998597,0.2936244979919679,0.28831845238095233,0.3696731266976516,0.37415960136843673,0.4351851851851852,108.0,0.5801526717557252,0.4578313253012048,0.7916666666666666,48.0,0.2978723404255319,0.4666666666666667,0.21875,32.0,0.18181818181818182,0.25,0.14285714285714285,14.0,0.0,0.0,0.0,14.0,,,,
p_499,0.35357049012809755,0.3657894736842105,0.3584856719367589,0.3932707714100729,0.3920890188434048,0.4074074074074074,108.0,0.5319148936170213,0.5,0.5681818181818182,44.0,0.24,0.3333333333333333,0.1875,16.0,0.41509433962264153,0.36666666666666664,0.4782608695652174,23.0,0.22727272727272727,0.2631578947368421,0.2,25.0,,,,
p_500,0.37083333333333335,0.4159477699530516,0.3723214285714286,0.4296436588103255,0.4420209528777604,0.46296296296296297,108.0,0.5833333333333334,0.49295774647887325,0.7142857142857143,49.0,0.18181818181818182,0.3333333333333333,0.125,16.0,0.3181818181818182,0.4375,0.25,28.0,0.4,0.4,0.4,15.0,,,,
p_501,0.3622982651288956,0.37777412280701755,0.37466978256451944,0.4073799420480918,0.4218672839506173,0.42592592592592593,108.0,0.5263157894736842,0.43859649122807015,0.6578947368421053,38.0,0.45161290322580644,0.56,0.3783783783783784,37.0,0.3333333333333333,0.3125,0.35714285714285715,14.0,0.13793103448275862,0.2,0.10526315789473684,19.0,,,,
p_502,0.34257901596611273,0.40856481481481477,0.3871229260935143,0.4672079215089968,0.5310356652949245,0.5277777777777778,108.0,0.6935483870967742,0.5972222222222222,0.8269230769230769,52.0,0.45454545454545453,0.37037037037037035,0.5882352941176471,17.0,0.2222222222222222,0.6666666666666666,0.13333333333333333,30.0,0.0,0.0,0.0,9.0,,,,
p_503,0.3772964015151515,0.4658834586466165,0.3710030165912519,0.4793946408529742,0.4972570314675577,0.5277777777777778,108.0,0.3333333333333333,0.5714285714285714,0.23529411764705882,17.0,0.703125,0.5921052631578947,0.8653846153846154,52.0,0.2727272727272727,0.3,0.25,24.0,0.2,0.4,0.13333333333333333,15.0,,,,
p_504,0.3188811337207059,0.37051282051282053,0.3693974630021142,0.3573826071597907,0.39532288698955365,0.4444444444444444,108.0,0.5785123966942148,0.44871794871794873,0.813953488372093,43.0,0.05555555555555555,0.3333333333333333,0.030303030303030304,33.0,0.11764705882352941,0.2,0.08333333333333333,12.0,0.5238095238095238,0.5,0.55,20.0,,,,
p_505,0.23776223776223776,0.33533834586466166,0.28645833333333337,0.3771043771043771,0.4691729323308271,0.48148148148148145,108.0,0.3076923076923077,0.8571428571428571,0.1875,32.0,0.0,0.0,0.0,9.0,0.0,0.0,0.0,19.0,0.6433566433566433,0.4842105263157895,0.9583333333333334,48.0,,,,
p_506,0.30895691609977327,0.3073498964803313,0.34091694754126695,0.34404132023179634,0.34508856682769723,0.37037037037037035,108.0,0.42857142857142855,0.391304347826087,0.47368421052631576,38.0,0.0,0.0,0.0,20.0,0.31746031746031744,0.23809523809523808,0.47619047619047616,21.0,0.4897959183673469,0.6,0.41379310344827586,29.0,,,,
p_507,0.3338972431077694,0.3334942084942085,0.34157754010695185,0.41649494105634455,0.4162019162019162,0.42592592592592593,108.0,0.47368421052631576,0.42857142857142855,0.5294117647058824,34.0,0.0,0.0,0.0,7.0,0.43333333333333335,0.5,0.38235294117647056,34.0,0.42857142857142855,0.40540540540540543,0.45454545454545453,33.0,,,,
p_508,0.35914843414843417,0.377565124933546,0.3606905194019531,0.46515017001128106,0.48199096225412014,0.4722222222222222,108.0,0.375,0.47368421052631576,0.3103448275862069,29.0,0.4722222222222222,0.38636363636363635,0.6071428571428571,28.0,0.38095238095238093,0.4444444444444444,0.3333333333333333,12.0,0.5675675675675675,0.5833333333333334,0.5526315789473685,38.0,0.0,0.0,0.0,1.0
p_509,0.18234782608695652,0.1559093516924842,0.24047619047619045,0.24943317230273754,0.205047704043688,0.3425925925925926,108.0,0.512,0.3855421686746988,0.7619047619047619,42.0,0.0,0.0,0.0,16.0,0.21739130434782608,0.23809523809523808,0.2,25.0,0.0,0.0,0.0,25.0,,,,
p_510,0.38240740740740736,0.4269469660774008,0.3894061954223734,0.42767489711934153,0.44330395852134985,0.46296296296296297,108.0,0.5925925925925926,0.49230769230769234,0.7441860465116279,43.0,0.3888888888888889,0.5384615384615384,0.30434782608695654,23.0,0.4,0.391304347826087,0.4090909090909091,22.0,0.14814814814814814,0.2857142857142857,0.1,20.0,,,,
p_511,0.3477272727272727,0.352124183006536,0.380121237458194,0.409006734006734,0.39409343984507383,0.4722222222222222,108.0,0.3,0.35294117647058826,0.2608695652173913,23.0,0.6363636363636364,0.5,0.875,40.0,0.45454545454545453,0.5555555555555556,0.38461538461538464,26.0,0.0,0.0,0.0,19.0,,,,
p_512,0.2589918946301925,0.2465583554376658,0.2866822788697789,0.2948046831025554,0.28385204833480693,0.32407407407407407,108.0,0.3333333333333333,0.3793103448275862,0.2972972972972973,37.0,0.0,0.0,0.0,17.0,0.40476190476190477,0.3269230769230769,0.53125,32.0,0.2978723404255319,0.28,0.3181818181818182,22.0,,,,
p_513,0.39271126493142805,0.41263188212466645,0.38663009404388715,0.4002909842935376,0.4156847090845393,0.39814814814814814,108.0,0.5079365079365079,0.5161290322580645,0.5,32.0,0.3157894736842105,0.375,0.2727272727272727,22.0,0.3380281690140845,0.2857142857142857,0.41379310344827586,29.0,0.4090909090909091,0.47368421052631576,0.36,25.0,,,,
p_514,0.47061786252962723,0.4667207792207792,0.4840082584758042,0.4579357098964942,0.46085858585858586,0.46296296296296297,108.0,0.43137254901960786,0.5,0.3793103448275862,29.0,0.32142857142857145,0.32142857142857145,0.32142857142857145,28.0,0.5142857142857142,0.5,0.5294117647058824,34.0,0.6153846153846154,0.5454545454545454,0.7058823529411765,17.0,,,,
p_515,0.2782903255641879,0.306547619047619,0.2746473354231975,0.3227107055260958,0.3368606701940035,0.3333333333333333,108.0,0.3018867924528302,0.3333333333333333,0.27586206896551724,29.0,0.0,0.0,0.0,17.0,0.35294117647058826,0.5,0.2727272727272727,22.0,0.4583333333333333,0.39285714285714285,0.55,40.0,,,,
p_516,0.391432483924744,0.41153127917833804,0.391340348456098,0.43081796371270054,0.4504703115814227,0.4351851851851852,108.0,0.47058823529411764,0.39215686274509803,0.5882352941176471,34.0,0.38461538461538464,0.47619047619047616,0.3225806451612903,31.0,0.21052631578947367,0.2222222222222222,0.2,10.0,0.5,0.5555555555555556,0.45454545454545453,33.0,,,,
p_517,0.39775641025641023,0.6257965778513724,0.3893150702925655,0.46162155745489075,0.5400347158338027,0.5,108.0,0.6166666666666667,0.5068493150684932,0.7872340425531915,47.0,0.16666666666666666,1.0,0.09090909090909091,11.0,0.5,0.6153846153846154,0.42105263157894735,19.0,0.3076923076923077,0.38095238095238093,0.25806451612903225,31.0,,,,
p_518,0.2276366964081446,0.21728271728271728,0.28,0.34986484997924033,0.3013653013653014,0.46296296296296297,108.0,0.6524822695035462,0.5054945054945055,0.92,50.0,0.0,0.0,0.0,24.0,0.25806451612903225,0.36363636363636365,0.2,20.0,0.0,0.0,0.0,14.0,,,,
p_519,0.3702278983091416,0.3647168803418803,0.37777777777777777,0.4672399742410513,0.4562410968660969,0.48148148148148145,108.0,0.4444444444444444,0.4444444444444444,0.4444444444444444,18.0,0.0,0.0,0.0,10.0,0.6185567010309279,0.5769230769230769,0.6666666666666666,45.0,0.417910447761194,0.4375,0.4,35.0,,,,
p_520,0.30100324557706953,0.5193452380952381,0.32298299412737475,0.3733236456157327,0.501929012345679,0.4074074074074074,108.0,0.49557522123893805,0.4666666666666667,0.5283018867924528,53.0,0.4126984126984127,0.325,0.5652173913043478,23.0,0.10526315789473684,1.0,0.05555555555555555,18.0,0.19047619047619047,0.2857142857142857,0.14285714285714285,14.0,,,,
p_521,0.32584214569406533,0.34226190476190477,0.3290909090909091,0.464995723212875,0.4630731922398589,0.49074074074074076,108.0,0.4918032786885246,0.5357142857142857,0.45454545454545453,33.0,0.0,0.0,0.0,3.0,0.23529411764705882,0.3333333333333333,0.18181818181818182,22.0,0.576271186440678,0.5,0.68,50.0,,,,
p_522,0.2845308286484757,0.3370958751393534,0.31107448325017817,0.500724100397303,0.49829163053800735,0.5925925925925926,108.0,0.07692307692307693,0.3333333333333333,0.043478260869565216,23.0,0.0,0.0,0.0,4.0,0.30303030303030304,0.38461538461538464,0.25,20.0,0.7581699346405228,0.6304347826086957,0.9508196721311475,61.0,,,,
p_523,0.35517970401691334,0.37671502474134055,0.3683333333333333,0.413045180487041,0.4078520434514587,0.46296296296296297,108.0,0.5454545454545454,0.4342105263157895,0.7333333333333333,45.0,0.36363636363636365,0.46153846153846156,0.3,20.0,0.5116279069767442,0.6111111111111112,0.44,25.0,0.0,0.0,0.0,18.0,,,,
p_524,0.38363950231255295,0.4011736751152074,0.4086832591768632,0.4907739150785207,0.4970678123399897,0.5370370370370371,108.0,0.37209302325581395,0.5714285714285714,0.27586206896551724,29.0,0.0,0.0,0.0,8.0,0.47619047619047616,0.46875,0.4838709677419355,31.0,0.6862745098039216,0.5645161290322581,0.875,40.0,,,,
p_525,0.31368440719585755,0.327689594356261,0.34041666666666665,0.47451269397834284,0.46053628584492784,0.5462962962962963,108.0,0.7022900763358778,0.5679012345679012,0.92,50.0,0.0,0.0,0.0,11.0,0.46153846153846156,0.6,0.375,32.0,0.09090909090909091,0.14285714285714285,0.06666666666666667,15.0,,,,
p_526,0.4955840122610309,0.5276580459770115,0.5000070028011204,0.5456717724419589,0.5488106641123883,0.5740740740740741,108.0,0.6938775510204082,0.7083333333333334,0.68,25.0,0.17391304347826086,0.3333333333333333,0.11764705882352941,17.0,0.45454545454545453,0.5,0.4166666666666667,24.0,0.66,0.5689655172413793,0.7857142857142857,42.0,,,,
p_527,0.23848699763593378,0.21264433811802236,0.2761025641025641,0.34598546537080815,0.30407584618110933,0.4074074074074074,108.0,0.1702127659574468,0.18181818181818182,0.16,25.0,0.6666666666666666,0.5614035087719298,0.8205128205128205,39.0,0.35555555555555557,0.32,0.4,20.0,0.0,0.0,0.0,23.0,0.0,0.0,0.0,1.0
p_528,0.3942728197304856,0.5951704545454546,0.37587719298245614,0.4028121498055391,0.5283038720538721,0.42592592592592593,108.0,0.2777777777777778,0.45454545454545453,0.2,25.0,0.42105263157894735,1.0,0.26666666666666666,15.0,0.48695652173913045,0.36363636363636365,0.7368421052631579,38.0,0.391304347826087,0.5625,0.3,30.0,,,,
p_529,0.20501237623762375,0.1833131557707829,0.2343358395989975,0.3068711037770444,0.27368995306848415,0.35185185185185186,108.0,0.325,0.30952380952380953,0.34210526315789475,38.0,0.0,0.0,0.0,9.0,0.49504950495049505,0.423728813559322,0.5952380952380952,42.0,0.0,0.0,0.0,19.0,,,,
p_530,0.252611855553032,0.24425541316836058,0.2828614762386249,0.41911449264390443,0.40269799184956057,0.4722222222222222,108.0,0.40540540540540543,0.4838709677419355,0.3488372093023256,43.0,0.0,0.0,0.0,2.0,0.6050420168067226,0.4931506849315068,0.782608695652174,46.0,0.0,0.0,0.0,17.0,,,,
p_531,0.37446752814069156,0.5164241622574957,0.382116326853169,0.5178878814560973,0.6201866549088771,0.5648148148148148,108.0,0.5862068965517241,0.8095238095238095,0.4594594594594595,37.0,0.0,0.0,0.0,7.0,0.6507936507936508,0.5061728395061729,0.9111111111111111,45.0,0.2608695652173913,0.75,0.15789473684210525,19.0,,,,
p_532,0.2966413082854629,0.36495535714285715,0.32144732893157263,0.43860894999434563,0.45002480158730157,0.49074074074074076,108.0,0.6017699115044248,0.53125,0.6938775510204082,49.0,0.0,0.0,0.0,9.0,0.47368421052631576,0.42857142857142855,0.5294117647058824,34.0,0.1111111111111111,0.5,0.0625,16.0,,,,
p_533,0.401542317331791,0.5020833333333333,0.41622549019607846,0.39182714621311115,0.48335537918871246,0.4074074074074074,108.0,0.5263157894736842,0.47619047619047616,0.5882352941176471,17.0,0.26666666666666666,0.8,0.16,25.0,0.38461538461538464,0.35714285714285715,0.4166666666666667,36.0,0.42857142857142855,0.375,0.5,30.0,,,,
p_534,0.35682286463536467,0.3444559110193785,0.38391891891891894,0.4131429912679913,0.3908058241706906,0.4537037037037037,108.0,0.5494505494505495,0.46296296296296297,0.6756756756756757,37.0,0.0,0.0,0.0,16.0,0.46875,0.4411764705882353,0.5,30.0,0.4090909090909091,0.47368421052631576,0.36,25.0,,,,
p_535,0.30795363709032775,0.341566265060241,0.3231547619047619,0.4607351156112148,0.4417670682730924,0.5277777777777778,108.0,0.6762589928057554,0.5662650602409639,0.8392857142857143,56.0,0.0,0.0,0.0,12.0,0.35555555555555557,0.4,0.32,25.0,0.2,0.4,0.13333333333333333,15.0,,,,
p_536,0.4367030965391621,0.5748511904761905,0.41554160125588696,0.563634217095055,0.6464230599647266,0.5925925925925926,108.0,0.5245901639344263,0.7619047619047619,0.4,40.0,0.0,0.0,0.0,6.0,0.6666666666666666,0.5375,0.8775510204081632,49.0,0.5555555555555556,1.0,0.38461538461538464,13.0,,,,
p_537,0.2989145183175034,0.2819753086419753,0.33364779874213835,0.4783406201316649,0.4342478280749886,0.5555555555555556,108.0,0.6865671641791045,0.5679012345679012,0.8679245283018868,53.0,0.0,0.0,0.0,8.0,0.0,0.0,0.0,17.0,0.509090909090909,0.56,0.4666666666666667,30.0,,,,
p_538,0.3319157806962685,0.47214419475655434,0.34636431784107946,0.41598298319165533,0.4980666527951172,0.49074074074074076,108.0,0.6222222222222222,0.47191011235955055,0.9130434782608695,46.0,0.0,0.0,0.0,13.0,0.24390243902439024,0.4166666666666667,0.1724137931034483,29.0,0.46153846153846156,1.0,0.3,20.0,,,,
p_539,0.3541452731556716,0.34805603201829616,0.3726851851851852,0.44498281318715405,0.433771679054698,0.4722222222222222,108.0,0.5393258426966292,0.4528301886792453,0.6666666666666666,36.0,0.0,0.0,0.0,9.0,0.32653061224489793,0.36363636363636365,0.2962962962962963,27.0,0.5507246376811594,0.5757575757575758,0.5277777777777778,36.0,,,,
p_540,0.33126680978113354,0.3261155445655839,0.34522162619988706,0.4283520634163416,0.4321381739163013,0.4351851851851852,108.0,0.4810126582278481,0.5428571428571428,0.4318181818181818,44.0,0.0,0.0,0.0,6.0,0.37037037037037035,0.3225806451612903,0.43478260869565216,23.0,0.47368421052631576,0.43902439024390244,0.5142857142857142,35.0,,,,
p_541,0.3734274660490578,0.5005636724386724,0.37849598094397235,0.41072744499420993,0.4856167495056384,0.46296296296296297,108.0,0.6101694915254238,0.4675324675324675,0.8780487804878049,41.0,0.25,0.3125,0.20833333333333334,24.0,0.2857142857142857,0.5555555555555556,0.19230769230769232,26.0,0.34782608695652173,0.6666666666666666,0.23529411764705882,17.0,,,,
p_542,0.2725507765830346,0.2563559322033898,0.29149659863945576,0.47551329704854195,0.44672002510985565,0.5092592592592593,108.0,0.5161290322580645,0.5,0.5333333333333333,45.0,0.0,0.0,0.0,5.0,0.5740740740740741,0.5254237288135594,0.6326530612244898,49.0,0.0,0.0,0.0,9.0,,,,
p_543,0.34922069455967764,0.37594696969696967,0.3620482778091474,0.44364768941040134,0.4429012345679012,0.49074074074074076,108.0,0.4230769230769231,0.4583333333333333,0.39285714285714285,28.0,0.0,0.0,0.0,12.0,0.6101694915254238,0.5,0.782608695652174,46.0,0.36363636363636365,0.5454545454545454,0.2727272727272727,22.0,,,,
p_544,0.3178642056690837,0.3237416917986707,0.3501132404181185,0.37047047047047044,0.3795073584989551,0.39814814814814814,108.0,0.43902439024390244,0.43902439024390244,0.43902439024390244,41.0,0.43243243243243246,0.32653061224489793,0.64,25.0,0.4,0.5294117647058824,0.32142857142857145,28.0,0.0,0.0,0.0,14.0,,,,
p_545,0.25,0.23777777777777778,0.2795918367346939,0.40352449223416964,0.37390946502057615,0.46296296296296297,108.0,0.3870967741935484,0.4444444444444444,0.34285714285714286,35.0,0.0,0.0,0.0,9.0,0.6129032258064516,0.5066666666666667,0.7755102040816326,49.0,0.0,0.0,0.0,15.0,,,,
p_546,0.45262667534397116,0.4746514371514372,0.47775277853076714,0.48905550518807756,0.5177508858064415,0.5092592592592593,108.0,0.6764705882352942,0.6216216216216216,0.7419354838709677,31.0,0.4727272727272727,0.65,0.37142857142857144,35.0,0.5074626865671642,0.40476190476190477,0.68,25.0,0.15384615384615385,0.2222222222222222,0.11764705882352941,17.0,,,,
p_547,0.38819930069930075,0.403988603988604,0.4002531472359058,0.43725718725718726,0.4352907038092223,0.46296296296296297,108.0,0.38461538461538464,0.4166666666666667,0.35714285714285715,28.0,0.5,0.5185185185185185,0.4827586206896552,29.0,0.5681818181818182,0.4807692307692308,0.6944444444444444,36.0,0.1,0.2,0.06666666666666667,15.0,,,,
p_548,0.27489135968245304,0.26037958180815324,0.2965686274509804,0.3139533708078555,0.2942153656439371,0.3425925925925926,108.0,0.3855421686746988,0.32653061224489793,0.47058823529411764,34.0,0.0,0.0,0.0,16.0,0.36619718309859156,0.35135135135135137,0.38235294117647056,34.0,0.34782608695652173,0.36363636363636365,0.3333333333333333,24.0,,,,
p_549,0.32559831992181815,0.3805465367965368,0.34324381926683717,0.3992338147308725,0.4033539762706429,0.46296296296296297,108.0,0.6016260162601627,0.4805194805194805,0.8043478260869565,46.0,0.0,0.0,0.0,18.0,0.35294117647058826,0.375,0.3333333333333333,27.0,0.34782608695652173,0.6666666666666666,0.23529411764705882,17.0,,,,
p_550,0.2833333333333333,0.27111223179900973,0.3193971075902726,0.4376543209876542,0.39812522498658565,0.5092592592592593,108.0,0.6666666666666666,0.573170731707317,0.7966101694915254,59.0,0.0,0.0,0.0,10.0,0.06666666666666667,0.14285714285714285,0.043478260869565216,23.0,0.4,0.3684210526315789,0.4375,16.0,,,,
p_551,0.35059858840346647,0.34356039713182573,0.37742946708463954,0.41074530708677054,0.40867398010255157,0.4351851851851852,108.0,0.43902439024390244,0.4864864864864865,0.4,45.0,0.48717948717948717,0.3877551020408163,0.6551724137931034,29.0,0.47619047619047616,0.5,0.45454545454545453,22.0,0.0,0.0,0.0,12.0,,,,
p_552,0.3289378129419409,0.45416666666666666,0.3186991869918699,0.40321715286360016,0.4532407407407408,0.42592592592592593,108.0,0.345679012345679,0.35,0.34146341463414637,41.0,0.0,0.0,0.0,10.0,0.5490196078431373,0.4666666666666667,0.6666666666666666,42.0,0.42105263157894735,1.0,0.26666666666666666,15.0,,,,
p_553,0.3589999819946344,0.4338972431077694,0.3670966632266942,0.4020934905268437,0.44185695720783436,0.4537037037037037,108.0,0.5950413223140496,0.47368421052631576,0.8,45.0,0.37037037037037035,0.5,0.29411764705882354,17.0,0.29411764705882354,0.3333333333333333,0.2631578947368421,19.0,0.17647058823529413,0.42857142857142855,0.1111111111111111,27.0,,,,
p_554,0.46332968236582694,0.4956717914438502,0.47397054165346847,0.5036204075561506,0.5352555374001453,0.5092592592592593,108.0,0.5066666666666667,0.5588235294117647,0.4634146341463415,41.0,0.32,0.26666666666666666,0.4,10.0,0.6024096385542169,0.5208333333333334,0.7142857142857143,35.0,0.42424242424242425,0.6363636363636364,0.3181818181818182,22.0,,,,
p_555,0.31635508454393907,0.3216354723707665,0.38330853174603174,0.49954354211320157,0.45829207103716907,0.5925925925925926,108.0,0.7631578947368421,0.6590909090909091,0.90625,64.0,0.11764705882352941,0.3333333333333333,0.07142857142857142,14.0,0.38461538461538464,0.29411764705882354,0.5555555555555556,9.0,0.0,0.0,0.0,21.0,,,,
p_556,0.3302893956437264,0.5069408067050812,0.39664502164502163,0.4104475576916522,0.6131627961119842,0.5185185185185185,108.0,0.11428571428571428,1.0,0.06060606060606061,33.0,0.0,0.0,0.0,10.0,0.5454545454545454,0.5217391304347826,0.5714285714285714,21.0,0.6614173228346457,0.5060240963855421,0.9545454545454546,44.0,,,,
p_557,0.227603481058944,0.2894565217391304,0.24829931972789115,0.4094263105433941,0.4181109098228663,0.48148148148148145,108.0,0.6356589147286822,0.5125,0.8367346938775511,49.0,0.0,0.0,0.0,14.0,0.37735849056603776,0.43478260869565216,0.3333333333333333,30.0,0.125,0.5,0.07142857142857142,14.0,0.0,0.0,0.0,1.0
p_558,0.3423535111719106,0.36713286713286714,0.336038961038961,0.4397303710459205,0.4354118104118104,0.4537037037037037,108.0,0.4583333333333333,0.4230769230769231,0.5,44.0,0.0,0.0,0.0,11.0,0.35294117647058826,0.5,0.2727272727272727,11.0,0.5581395348837209,0.5454545454545454,0.5714285714285714,42.0,,,,
p_559,0.3183986928104575,0.3373482177830004,0.34919871794871793,0.3219438392641007,0.3550173361767565,0.3333333333333333,108.0,0.32941176470588235,0.3783783783783784,0.2916666666666667,48.0,0.32,0.26666666666666666,0.4,10.0,0.23529411764705882,0.4,0.16666666666666666,24.0,0.3888888888888889,0.30434782608695654,0.5384615384615384,26.0,,,,
p_560,0.2793649706159983,0.27777777777777773,0.29080723198370256,0.35997136032533855,0.3508230452674897,0.37962962962962965,108.0,0.449438202247191,0.4444444444444444,0.45454545454545453,44.0,0.0,0.0,0.0,9.0,0.3902439024390244,0.3333333333333333,0.47058823529411764,34.0,0.2777777777777778,0.3333333333333333,0.23809523809523808,21.0,,,,
p_561,0.29504870129870125,0.294618315842079,0.32443683656105665,0.43754509379509376,0.42606358857608234,0.49074074074074076,108.0,0.42857142857142855,0.5172413793103449,0.36585365853658536,41.0,0.0,0.0,0.0,10.0,0.6607142857142857,0.5362318840579711,0.8604651162790697,43.0,0.09090909090909091,0.125,0.07142857142857142,14.0,,,,
p_562,0.37114285714285716,0.43098484848484847,0.3762382445141066,0.4984126984126985,0.5400392817059484,0.5370370370370371,108.0,0.656,0.5466666666666666,0.82,50.0,0.0,0.0,0.0,7.0,0.4,0.7272727272727273,0.27586206896551724,29.0,0.42857142857142855,0.45,0.4090909090909091,22.0,,,,
p_563,0.2999345977763244,0.34275210084033614,0.31092659521435695,0.45426224676824206,0.44464674758792405,0.5092592592592593,108.0,0.6906474820143885,0.6,0.8135593220338984,59.0,0.1,0.25,0.0625,16.0,0.24242424242424243,0.23529411764705882,0.25,16.0,0.16666666666666666,0.2857142857142857,0.11764705882352941,17.0,,,,
p_564,0.25192604006163327,0.23011494252873566,0.3020113136392206,0.3810135250813217,0.34349084716900813,0.46296296296296297,108.0,0.6440677966101694,0.5066666666666667,0.8837209302325582,43.0,0.0,0.0,0.0,10.0,0.0,0.0,0.0,18.0,0.36363636363636365,0.41379310344827586,0.32432432432432434,37.0,,,,
p_565,0.36118004092966227,0.5773148148148148,0.36779398762157384,0.5076368938266262,0.5892318244170096,0.5648148148148148,108.0,0.6906474820143885,0.5925925925925926,0.8275862068965517,58.0,0.10526315789473684,0.16666666666666666,0.07692307692307693,13.0,0.125,1.0,0.06666666666666667,15.0,0.5238095238095238,0.55,0.5,22.0,,,,
p_566,0.2917824316906886,0.40380799755799757,0.32286902286902286,0.33186320877452385,0.41708921222810114,0.3888888888888889,108.0,0.3076923076923077,0.3076923076923077,0.3076923076923077,26.0,0.21621621621621623,0.5714285714285714,0.13333333333333333,30.0,0.1111111111111111,0.3333333333333333,0.06666666666666667,15.0,0.5321100917431193,0.4027777777777778,0.7837837837837838,37.0,,,,
p_567,0.3096402622718412,0.3076937134502924,0.33973285486443383,0.45560543708691853,0.4226466049382716,0.5277777777777778,108.0,0.6962962962962963,0.5875,0.8545454545454545,55.0,0.0,0.0,0.0,10.0,0.12121212121212122,0.2222222222222222,0.08333333333333333,24.0,0.42105263157894735,0.42105263157894735,0.42105263157894735,19.0,,,,
p_568,0.3415335655522988,0.370884324009324,0.33537356321839085,0.3473817154310761,0.37366183199516534,0.3425925925925926,108.0,0.4444444444444444,0.42424242424242425,0.4666666666666667,30.0,0.3684210526315789,0.5384615384615384,0.28,25.0,0.21428571428571427,0.1875,0.25,24.0,0.3389830508474576,0.3333333333333333,0.3448275862068966,29.0,,,,
p_569,0.3128122147539623,0.5127154266498528,0.30445856227106227,0.35490953570780975,0.406294272414491,0.37962962962962965,108.0,0.4854368932038835,0.4098360655737705,0.5952380952380952,42.0,0.2222222222222222,1.0,0.125,8.0,0.3384615384615385,0.3333333333333333,0.34375,32.0,0.20512820512820512,0.3076923076923077,0.15384615384615385,26.0,,,,
p_570,0.28255669737774625,0.3074910554561717,0.3013257575757576,0.3360180919757461,0.33987278870999804,0.37037037037037035,108.0,0.40963855421686746,0.3953488372093023,0.425,40.0,0.125,0.2,0.09090909090909091,11.0,0.47058823529411764,0.38461538461538464,0.6060606060606061,33.0,0.125,0.25,0.08333333333333333,24.0,,,,
p_571,0.27107526881720434,0.4659863945578231,0.2894338118022328,0.4321465551573078,0.5331317712270093,0.5277777777777778,108.0,0.08,0.3333333333333333,0.045454545454545456,22.0,0.0,0.0,0.0,9.0,0.3333333333333333,1.0,0.2,20.0,0.6709677419354839,0.5306122448979592,0.9122807017543859,57.0,,,,
p_572,0.2892904197252023,0.41085858585858587,0.32606564364876384,0.3716774368948282,0.4240179573512907,0.4722222222222222,108.0,0.6376811594202898,0.4888888888888889,0.9166666666666666,48.0,0.07142857142857142,0.2,0.043478260869565216,23.0,0.35714285714285715,0.45454545454545453,0.29411764705882354,17.0,0.09090909090909091,0.5,0.05,20.0,,,,
p_573,0.3016955266955267,0.36639747191011235,0.3489583333333333,0.40030329752551974,0.39231559508947145,0.5092592592592593,108.0,0.6714285714285714,0.5280898876404494,0.9215686274509803,51.0,0.1111111111111111,0.5,0.0625,16.0,0.0,0.0,0.0,24.0,0.42424242424242425,0.4375,0.4117647058823529,17.0,,,,
p_574,0.46395571832567034,0.47607323232323234,0.47630494505494503,0.5067484703078684,0.5136246726524504,0.5185185185185185,108.0,0.5822784810126582,0.575,0.5897435897435898,39.0,0.25806451612903225,0.4,0.19047619047619047,21.0,0.6470588235294118,0.6111111111111112,0.6875,32.0,0.3684210526315789,0.3181818181818182,0.4375,16.0,,,,
p_575,0.21270077357723888,0.26752917300862505,0.26246498599439777,0.28800155947810296,0.3252602551816149,0.37037037037037035,108.0,0.49056603773584906,0.48148148148148145,0.5,26.0,0.0,0.0,0.0,26.0,0.48598130841121495,0.3561643835616438,0.7647058823529411,34.0,0.08695652173913043,0.5,0.047619047619047616,21.0,0.0,0.0,0.0,1.0
p_576,0.2386206896551724,0.24734042553191488,0.28431372549019607,0.34998722860791825,0.30979117415287627,0.46296296296296297,108.0,0.6344827586206897,0.48936170212765956,0.9019607843137255,51.0,0.32,0.5,0.23529411764705882,17.0,0.0,0.0,0.0,27.0,0.0,0.0,0.0,13.0,,,,
p_577,0.288470066518847,0.4169245647969052,0.2984126984126984,0.31670362158167037,0.383050361773766,0.35185185185185186,108.0,0.3902439024390244,0.3404255319148936,0.45714285714285713,35.0,0.0,0.0,0.0,20.0,0.36363636363636365,1.0,0.2222222222222222,18.0,0.4,0.32727272727272727,0.5142857142857142,35.0,,,,
p_578,0.3557209385131463,0.4572112098427888,0.36133033633033634,0.4294141337792131,0.48098022834864945,0.48148148148148145,108.0,0.628099173553719,0.4935064935064935,0.8636363636363636,44.0,0.1111111111111111,0.2,0.07692307692307693,13.0,0.35714285714285715,0.7142857142857143,0.23809523809523808,21.0,0.32653061224489793,0.42105263157894735,0.26666666666666666,30.0,,,,
p_579,0.4090909090909091,0.5053692084942085,0.3960220673635308,0.4302444737227346,0.49633115258115257,0.4537037037037037,108.0,0.5217391304347826,0.40540540540540543,0.7317073170731707,41.0,0.4782608695652174,0.6875,0.36666666666666664,30.0,0.36363636363636365,0.5,0.2857142857142857,7.0,0.2727272727272727,0.42857142857142855,0.2,30.0,,,,
p_580,0.29620960434913923,0.3086021505376344,0.32216042154566743,0.5413073145631285,0.513878932696137,0.6296296296296297,108.0,0.4186046511627907,0.6,0.32142857142857145,28.0,0.0,0.0,0.0,8.0,0.0,0.0,0.0,11.0,0.7662337662337663,0.6344086021505376,0.9672131147540983,61.0,,,,
p_581,0.3472024426596298,0.36261787857532535,0.35084033613445376,0.38583642081963143,0.3865861614088565,0.39814814814814814,108.0,0.40540540540540543,0.38461538461538464,0.42857142857142855,35.0,0.3448275862068966,0.3333333333333333,0.35714285714285715,14.0,0.16666666666666666,0.2857142857142857,0.11764705882352941,17.0,0.47191011235955055,0.44680851063829785,0.5,42.0,,,,
p_582,0.5219220434737677,0.5992245657568238,0.5279558404558404,0.597286493838218,0.6415322580645161,0.6018518518518519,108.0,0.7307692307692307,0.7307692307692307,0.7307692307692307,52.0,0.38095238095238093,0.8,0.25,16.0,0.42424242424242425,0.35,0.5384615384615384,13.0,0.5517241379310345,0.5161290322580645,0.5925925925925926,27.0,,,,
p_583,0.34002100840336136,0.3456156716417911,0.3555555555555555,0.39676704014939307,0.3746372305140962,0.4444444444444444,108.0,0.6071428571428571,0.5074626865671642,0.7555555555555555,45.0,0.0,0.0,0.0,21.0,0.4,0.5,0.3333333333333333,15.0,0.35294117647058826,0.375,0.3333333333333333,27.0,,,,
p_584,0.36469459132382254,0.4183298319327731,0.3720293933708568,0.3925186554013578,0.42773498288204165,0.42592592592592593,108.0,0.5504587155963303,0.4411764705882353,0.7317073170731707,41.0,0.3448275862068966,0.35714285714285715,0.3333333333333333,15.0,0.2857142857142857,0.375,0.23076923076923078,26.0,0.2777777777777778,0.5,0.19230769230769232,26.0,,,,
p_585,0.31574761574761573,0.3896270396270396,0.3292694256374002,0.35719211274766827,0.39595959595959596,0.39814814814814814,108.0,0.5045045045045045,0.4,0.6829268292682927,41.0,0.3076923076923077,0.46153846153846156,0.23076923076923078,26.0,0.09523809523809523,0.3333333333333333,0.05555555555555555,18.0,0.35555555555555557,0.36363636363636365,0.34782608695652173,23.0,,,,
p_586,0.23245421245421244,0.2523809523809524,0.27589285714285716,0.3163342830009497,0.31922398589065254,0.3888888888888889,108.0,0.5641025641025641,0.42857142857142855,0.825,40.0,0.0,0.0,0.0,13.0,0.08,0.2,0.05,20.0,0.2857142857142857,0.38095238095238093,0.22857142857142856,35.0,,,,
p_587,0.425,0.5285714285714285,0.42077020202020204,0.5049382716049382,0.5412698412698412,0.5462962962962963,108.0,0.6666666666666666,0.5428571428571428,0.8636363636363636,44.0,0.3333333333333333,0.5,0.25,12.0,0.2,0.5,0.125,16.0,0.5,0.5714285714285714,0.4444444444444444,36.0,,,,
p_588,0.37286130423131136,0.4291666666666667,0.36725370625050124,0.4474122780792091,0.46404320987654324,0.48148148148148145,108.0,0.3673469387755102,0.45,0.3103448275862069,29.0,0.10526315789473684,0.16666666666666666,0.07692307692307693,13.0,0.41379310344827586,0.6,0.3157894736842105,19.0,0.6050420168067226,0.5,0.7659574468085106,47.0,,,,
p_589,0.25469924812030076,0.25828812537673296,0.2751322751322751,0.4465678084099136,0.4328020003125488,0.5,108.0,0.6616541353383458,0.5569620253164557,0.8148148148148148,54.0,0.0,0.0,0.0,13.0,0.0,0.0,0.0,6.0,0.35714285714285715,0.47619047619047616,0.2857142857142857,35.0,,,,
p_590,0.28677221203740005,0.2798626373626374,0.30011655011655014,0.3582483388012157,0.34588624338624335,0.37962962962962965,108.0,0.3137254901960784,0.32,0.3076923076923077,26.0,0.32786885245901637,0.35714285714285715,0.30303030303030304,33.0,0.0,0.0,0.0,10.0,0.5054945054945055,0.4423076923076923,0.5897435897435898,39.0,,,,
p_591,0.30435547875064006,0.4342885375494071,0.3293269230769231,0.43503110124973926,0.5072829746742791,0.5277777777777778,108.0,0.0,0.0,0.0,12.0,0.21428571428571427,0.75,0.125,24.0,0.3225806451612903,0.45454545454545453,0.25,20.0,0.6805555555555556,0.532608695652174,0.9423076923076923,52.0,,,,
p_592,0.44052892474819383,0.4813305468477882,0.432658371040724,0.4630957752035641,0.4764380716487996,0.48148148148148145,108.0,0.6122448979591837,0.5172413793103449,0.75,40.0,0.37209302325581395,0.4444444444444444,0.32,25.0,0.4444444444444444,0.6,0.35294117647058826,17.0,0.3333333333333333,0.36363636363636365,0.3076923076923077,26.0,,,,
p_593,0.32295647742802214,0.3136842105263158,0.34440406976744187,0.3931744034122836,0.3844444444444444,0.4166666666666667,108.0,0.43902439024390244,0.36,0.5625,32.0,0.358974358974359,0.3684210526315789,0.35,20.0,0.0,0.0,0.0,13.0,0.49382716049382713,0.5263157894736842,0.46511627906976744,43.0,,,,
p_594,0.1874141876430206,0.15888888888888889,0.24375000000000002,0.2581574709721163,0.21481481481481476,0.3425925925925926,108.0,0.5391304347826087,0.41333333333333333,0.775,40.0,0.0,0.0,0.0,19.0,0.21052631578947367,0.2222222222222222,0.2,30.0,0.0,0.0,0.0,19.0,,,,
p_595,0.4478712746430523,0.48878125517469784,0.43263462467736047,0.4940147397744533,0.501369186706163,0.5092592592592593,108.0,0.2608695652173913,0.3333333333333333,0.21428571428571427,14.0,0.5,0.6363636363636364,0.4117647058823529,17.0,0.41379310344827586,0.4444444444444444,0.3870967741935484,31.0,0.616822429906542,0.5409836065573771,0.717391304347826,46.0,,,,
p_596,0.30332225913621264,0.2934478596243302,0.3338788702239789,0.329598867970961,0.3118276228298015,0.37037037037037035,108.0,0.37142857142857144,0.35135135135135137,0.3939393939393939,33.0,0.4418604651162791,0.35185185185185186,0.59375,32.0,0.4,0.47058823529411764,0.34782608695652173,23.0,0.0,0.0,0.0,20.0,,,,
p_597,0.36943938414526645,0.37371323529411765,0.36882687165775396,0.3971047471047471,0.39872685185185186,0.39814814814814814,108.0,0.5538461538461539,0.5625,0.5454545454545454,33.0,0.21428571428571427,0.25,0.1875,16.0,0.38235294117647056,0.38235294117647056,0.38235294117647056,34.0,0.32727272727272727,0.3,0.36,25.0,,,,
p_598,0.3133766968325792,0.3074013157894737,0.34270833333333334,0.3643288084464555,0.3579922027290448,0.39814814814814814,108.0,0.34615384615384615,0.45,0.28125,32.0,0.38235294117647056,0.34210526315789475,0.43333333333333335,30.0,0.0,0.0,0.0,14.0,0.525,0.4375,0.65625,32.0,,,,
p_599,0.37745217745217746,0.3712121212121212,0.418974358974359,0.4339920710291081,0.41185666185666187,0.5,108.0,0.5925925925925926,0.5714285714285714,0.6153846153846154,26.0,0.6095238095238096,0.48484848484848486,0.8205128205128205,39.0,0.0,0.0,0.0,18.0,0.3076923076923077,0.42857142857142855,0.24,25.0,,,,
p_600,0.38835279552982904,0.5812271062271063,0.3801714591209379,0.42613510891022854,0.5231888481888481,0.4722222222222222,108.0,0.5785123966942148,0.44871794871794873,0.813953488372093,43.0,0.42105263157894735,1.0,0.26666666666666666,15.0,0.15384615384615385,0.4,0.09523809523809523,21.0,0.4,0.47619047619047616,0.3448275862068966,29.0,,,,
p_601,0.3517983789260385,0.3475694444444445,0.37681159420289856,0.46479229989868287,0.4485339506172839,0.5,108.0,0.5333333333333333,0.4444444444444444,0.6666666666666666,30.0,0.21428571428571427,0.3,0.16666666666666666,18.0,0.0,0.0,0.0,14.0,0.6595744680851063,0.6458333333333334,0.6739130434782609,46.0,,,,
p_602,0.3251194743130227,0.41387959866220736,0.3406107660455487,0.40335855568830475,0.444594120318758,0.46296296296296297,108.0,0.5967741935483871,0.47435897435897434,0.8043478260869565,46.0,0.0,0.0,0.0,16.0,0.3333333333333333,0.34782608695652173,0.32,25.0,0.37037037037037035,0.8333333333333334,0.23809523809523808,21.0,,,,
p_603,0.3277972027972028,0.3121979887684472,0.3585347985347985,0.40999740999741,0.3789536565427906,0.46296296296296297,108.0,0.2727272727272727,0.3157894736842105,0.24,25.0,0.6538461538461539,0.5483870967741935,0.8095238095238095,42.0,0.38461538461538464,0.38461538461538464,0.38461538461538464,26.0,0.0,0.0,0.0,15.0,,,,
p_604,0.4224272349272349,0.49290986790986796,0.4191791979949875,0.43163997330664,0.4807908141241474,0.4537037037037037,108.0,0.3333333333333333,0.5454545454545454,0.24,25.0,0.32432432432432434,0.46153846153846156,0.25,24.0,0.5128205128205128,0.5555555555555556,0.47619047619047616,21.0,0.5192307692307693,0.4090909090909091,0.7105263157894737,38.0,,,,
p_605,0.2757618283881315,0.2916332531408714,0.3283593394940161,0.3397747185838606,0.3457879156890116,0.39814814814814814,108.0,0.5,0.4883720930232558,0.5121951219512195,41.0,0.0,0.0,0.0,16.0,0.46511627906976744,0.3448275862068966,0.7142857142857143,28.0,0.13793103448275862,0.3333333333333333,0.08695652173913043,23.0,,,,
p_606,0.3942481884057971,0.41488095238095235,0.42041666666666666,0.4331471417069243,0.4259700176366843,0.48148148148148145,108.0,0.5,0.4166666666666667,0.625,32.0,0.34782608695652173,0.5,0.26666666666666666,15.0,0.0625,0.14285714285714285,0.04,25.0,0.6666666666666666,0.6,0.75,36.0,,,,
p_607,0.3792211328976035,0.38411915204678365,0.4837962962962963,0.4814915678205438,0.4837719298245614,0.5648148148148148,108.0,0.7205882352941176,0.6125,0.875,56.0,0.2777777777777778,0.5555555555555556,0.18518518518518517,27.0,0.0,0.0,0.0,17.0,0.5185185185185185,0.3684210526315789,0.875,8.0,,,,
p_608,0.30604211628525546,0.32290598290598294,0.3138538257752844,0.32226922447192063,0.33319404874960423,0.3333333333333333,108.0,0.18181818181818182,0.15384615384615385,0.2222222222222222,27.0,0.12903225806451613,0.25,0.08695652173913043,23.0,0.34615384615384615,0.36,0.3333333333333333,27.0,0.5671641791044776,0.5277777777777778,0.6129032258064516,31.0,,,,
p_609,0.42546241570420895,0.44099821746880563,0.42174369747899154,0.4501162431422198,0.45124777183600706,0.46296296296296297,108.0,0.5773195876288659,0.509090909090909,0.6666666666666666,42.0,0.2857142857142857,0.3333333333333333,0.25,28.0,0.3125,0.3333333333333333,0.29411764705882354,17.0,0.5263157894736842,0.5882352941176471,0.47619047619047616,21.0,,,,
p_610,0.40192183702822,0.41351258581235695,0.4126965010141988,0.41335660661901796,0.4256737859140606,0.42592592592592593,108.0,0.5641025641025641,0.4782608695652174,0.6875,32.0,0.32727272727272727,0.36,0.3,30.0,0.3829787234042553,0.5,0.3103448275862069,29.0,0.3333333333333333,0.3157894736842105,0.35294117647058826,17.0,,,,
p_611,0.2590017825311943,0.2470068330362448,0.2725477158948686,0.3050075922624942,0.288377786580401,0.32407407407407407,108.0,0.2,0.19444444444444445,0.20588235294117646,34.0,0.42424242424242425,0.4117647058823529,0.4375,16.0,0.4117647058823529,0.38181818181818183,0.44680851063829785,47.0,0.0,0.0,0.0,11.0,,,,
p_612,0.38848039215686275,0.42407407407407405,0.39415584415584415,0.542619825708061,0.5342249657064472,0.6018518518518519,108.0,0.47058823529411764,0.6666666666666666,0.36363636363636365,22.0,0.0,0.0,0.0,10.0,0.3333333333333333,0.4,0.2857142857142857,21.0,0.75,0.6296296296296297,0.9272727272727272,55.0,,,,
p_613,0.4637034161490683,0.5170619235836627,0.47026270456503017,0.5272242351046699,0.5409212901966525,0.5740740740740741,108.0,0.6964285714285714,0.5652173913043478,0.9069767441860465,43.0,0.08695652173913043,0.2,0.05555555555555555,18.0,0.5714285714285714,0.6363636363636364,0.5185185185185185,27.0,0.5,0.6666666666666666,0.4,20.0,,,,
p_614,0.28614910269586524,0.3392045454545455,0.3183210784313726,0.44038176052564537,0.4703493265993266,0.5277777777777778,108.0,0.15384615384615385,0.2,0.125,16.0,0.2857142857142857,0.6,0.1875,32.0,0.7050359712230215,0.5568181818181818,0.9607843137254902,51.0,0.0,0.0,0.0,9.0,,,,
p_615,0.2784076711644178,0.2810771744595274,0.29285714285714287,0.32099343846595224,0.3192128465821276,0.3425925925925926,108.0,0.34782608695652173,0.4444444444444444,0.2857142857142857,28.0,0.0,0.0,0.0,15.0,0.375,0.35294117647058826,0.4,30.0,0.39080459770114945,0.3269230769230769,0.4857142857142857,35.0,,,,
p_616,0.27882599128446306,0.25662261467346215,0.3143867626626248,0.3370529372190501,0.30430829371507334,0.3888888888888889,108.0,0.5918367346938775,0.4915254237288136,0.7435897435897436,39.0,0.2909090909090909,0.3076923076923077,0.27586206896551724,29.0,0.23255813953488372,0.22727272727272727,0.23809523809523808,21.0,0.0,0.0,0.0,19.0,,,,
p_617,0.2842176683953887,0.29454802754435105,0.2946588693957115,0.32874185811947393,0.32536899790780505,0.35185185185185186,108.0,0.5617977528089888,0.49019607843137253,0.6578947368421053,38.0,0.08,0.14285714285714285,0.05555555555555555,18.0,0.1694915254237288,0.15625,0.18518518518518517,27.0,0.32558139534883723,0.3888888888888889,0.28,25.0,,,,
p_618,0.38379726890756305,0.5280097926267281,0.36881419234360413,0.38469045025417575,0.4775665642601126,0.39814814814814814,108.0,0.4791666666666667,0.3709677419354839,0.6764705882352942,34.0,0.29411764705882354,0.3125,0.2777777777777778,36.0,0.3333333333333333,0.5714285714285714,0.23529411764705882,17.0,0.42857142857142855,0.8571428571428571,0.2857142857142857,21.0,,,,
p_619,0.3779178820662408,0.5128034755941733,0.36276455026455023,0.37686692896049323,0.4488007685682104,0.37962962962962965,108.0,0.4383561643835616,0.37209302325581395,0.5333333333333333,30.0,0.4,1.0,0.25,16.0,0.37142857142857144,0.37142857142857144,0.37142857142857144,35.0,0.3018867924528302,0.3076923076923077,0.2962962962962963,27.0,,,,
p_620,0.3861350574712644,0.4152777777777778,0.3891025641025641,0.475654533844189,0.47690329218107,0.5,108.0,0.5,0.4666666666666667,0.5384615384615384,39.0,0.6436781609195402,0.5833333333333334,0.717948717948718,39.0,0.125,0.16666666666666666,0.1,10.0,0.27586206896551724,0.4444444444444444,0.2,20.0,,,,
p_621,0.4178385020776325,0.3772296544035675,0.47157738095238094,0.477668265711744,0.4384677319459928,0.5277777777777778,108.0,0.0,0.0,0.0,20.0,0.46153846153846156,0.391304347826087,0.5625,16.0,0.5507246376811594,0.48717948717948717,0.6333333333333333,30.0,0.6590909090909091,0.6304347826086957,0.6904761904761905,42.0,,,,
p_622,0.3545892981732439,0.44879227053140097,0.37313022374941884,0.44257568289978316,0.467051350867776,0.5,108.0,0.6846846846846847,0.5507246376811594,0.9047619047619048,42.0,0.13333333333333333,0.5,0.07692307692307693,13.0,0.39344262295081966,0.4444444444444444,0.35294117647058826,34.0,0.20689655172413793,0.3,0.15789473684210525,19.0,,,,
p_623,0.2665425819450587,0.28770703933747416,0.32333137408568446,0.2949448785362098,0.3009805613066483,0.37037037037037035,108.0,0.38596491228070173,0.39285714285714285,0.3793103448275862,29.0,0.09523809523809523,0.2,0.0625,16.0,0.5294117647058824,0.391304347826087,0.8181818181818182,33.0,0.05555555555555555,0.16666666666666666,0.03333333333333333,30.0,,,,
p_624,0.34242767036884686,0.37910283730717165,0.36924390968508614,0.3617758784425451,0.4149262043998886,0.37962962962962965,108.0,0.17647058823529413,0.17647058823529413,0.17647058823529413,17.0,0.2727272727272727,0.5454545454545454,0.18181818181818182,33.0,0.48717948717948717,0.4523809523809524,0.5277777777777778,36.0,0.43333333333333335,0.34210526315789475,0.5909090909090909,22.0,,,,
p_625,0.24702393804609118,0.39740566037735847,0.27794612794612794,0.2755330361669697,0.4207285115303983,0.3148148148148148,108.0,0.43373493975903615,0.33962264150943394,0.6,30.0,0.0,0.0,0.0,18.0,0.25806451612903225,1.0,0.14814814814814814,27.0,0.2962962962962963,0.25,0.36363636363636365,33.0,,,,
p_626,0.3260640648719279,0.2997017772626292,0.36646220159151194,0.351482627301693,0.3213009022255134,0.39814814814814814,108.0,0.43636363636363634,0.41379310344827586,0.46153846153846156,26.0,0.38596491228070173,0.39285714285714285,0.3793103448275862,29.0,0.0,0.0,0.0,21.0,0.4819277108433735,0.39215686274509803,0.625,32.0,,,,
p_627,0.3580680349062702,0.35393350473885865,0.3663194444444444,0.3834853599559481,0.38286542238952,0.3888888888888889,108.0,0.375,0.375,0.375,32.0,0.23529411764705882,0.2222222222222222,0.25,8.0,0.3076923076923077,0.3448275862068966,0.2777777777777778,36.0,0.5142857142857142,0.47368421052631576,0.5625,32.0,,,,
p_628,0.38291328236980415,0.5089139344262295,0.385094246031746,0.3804569021960326,0.46808338393037846,0.39814814814814814,108.0,0.34782608695652173,0.8,0.2222222222222222,18.0,0.17857142857142858,0.20833333333333334,0.15625,32.0,0.4835164835164835,0.36065573770491804,0.7333333333333333,30.0,0.5217391304347826,0.6666666666666666,0.42857142857142855,28.0,,,,
p_629,0.3166260558804418,0.3475708742477035,0.37177339901477835,0.3475582388756528,0.38378595771888463,0.39814814814814814,108.0,0.4473684210526316,0.4146341463414634,0.4857142857142857,35.0,0.35,0.6363636363636364,0.2413793103448276,29.0,0.4691358024691358,0.3392857142857143,0.76,25.0,0.0,0.0,0.0,19.0,,,,
p_630,0.2577643706039292,0.2702277131782946,0.3010017730496454,0.3610217299521204,0.343274476026414,0.4537037037037037,108.0,0.06451612903225806,0.16666666666666666,0.04,25.0,0.0,0.0,0.0,12.0,0.6165413533834586,0.47674418604651164,0.8723404255319149,47.0,0.35,0.4375,0.2916666666666667,24.0,,,,
p_631,0.28615702479338845,0.2604978354978355,0.3202087286527514,0.4479262320171411,0.4022647105980439,0.5092592592592593,108.0,0.0,0.0,0.0,15.0,0.0,0.0,0.0,11.0,0.5,0.48484848484848486,0.5161290322580645,31.0,0.6446280991735537,0.5571428571428572,0.7647058823529411,51.0,,,,
p_632,0.34291809123053096,0.34375,0.3763287529167747,0.38713503837258256,0.36863425925925924,0.4444444444444444,108.0,0.5490196078431373,0.4375,0.7368421052631579,38.0,0.36363636363636365,0.5,0.2857142857142857,21.0,0.45901639344262296,0.4375,0.4827586206896552,29.0,0.0,0.0,0.0,20.0,,,,
p_633,0.33688705234159777,0.34387045416457185,0.3502871205906481,0.4798153249668402,0.4644953106282082,0.5185185185185185,108.0,0.32,0.2962962962962963,0.34782608695652173,23.0,0.0,0.0,0.0,9.0,0.3333333333333333,0.46153846153846156,0.2608695652173913,23.0,0.6942148760330579,0.6176470588235294,0.7924528301886793,53.0,,,,
p_634,0.2671405797371147,0.2529918864097363,0.31414108997549306,0.3152189320782035,0.28059687476523176,0.3888888888888889,108.0,0.0,0.0,0.0,26.0,0.5871559633027523,0.47058823529411764,0.7804878048780488,41.0,0.20689655172413793,0.3,0.15789473684210525,19.0,0.27450980392156865,0.2413793103448276,0.3181818181818182,22.0,,,,
p_635,0.25202020202020203,0.25277523834399895,0.2711616476829458,0.2774784885895997,0.2732128432467991,0.3055555555555556,108.0,0.3111111111111111,0.3684210526315789,0.2692307692307692,26.0,0.36363636363636365,0.38461538461538464,0.3448275862068966,29.0,0.3333333333333333,0.25806451612903225,0.47058823529411764,34.0,0.0,0.0,0.0,19.0,,,,
p_636,0.35333961755992455,0.37715813598166537,0.3580952380952381,0.37178382260526077,0.3933010072715955,0.37962962962962965,108.0,0.43037974683544306,0.38636363636363635,0.4857142857142857,35.0,0.3829787234042553,0.5294117647058824,0.3,30.0,0.4,0.34285714285714286,0.48,25.0,0.2,0.25,0.16666666666666666,18.0,,,,
p_637,0.36758016758016754,0.40634920634920635,0.4013586956521739,0.392019642019642,0.4190917107583774,0.4537037037037037,108.0,0.16216216216216217,0.21428571428571427,0.13043478260869565,23.0,0.20512820512820512,0.4444444444444444,0.13333333333333333,30.0,0.4666666666666667,0.4666666666666667,0.4666666666666667,15.0,0.6363636363636364,0.5,0.875,40.0,,,,
p_638,0.35422133932772226,0.46868131868131874,0.39434043778801847,0.41467192531022323,0.5269637769637769,0.48148148148148145,108.0,0.6727272727272727,0.5285714285714286,0.925,40.0,0.2702702702702703,0.8333333333333334,0.16129032258064516,31.0,0.3829787234042553,0.34615384615384615,0.42857142857142855,21.0,0.09090909090909091,0.16666666666666666,0.0625,16.0,,,,
p_639,0.2744949553370606,0.32864402864402864,0.29177589852008456,0.3857660295087196,0.416867722423278,0.4444444444444444,108.0,0.08,0.3333333333333333,0.045454545454545456,22.0,0.5811965811965812,0.4594594594594595,0.7906976744186046,43.0,0.34285714285714286,0.46153846153846156,0.2727272727272727,22.0,0.3684210526315789,0.3888888888888889,0.35,20.0,0.0,0.0,0.0,1.0
p_640,0.36553117618600417,0.389164402173913,0.39129072681704263,0.40402017174122246,0.4070576690821256,0.4537037037037037,108.0,0.07692307692307693,0.2,0.047619047619047616,21.0,0.37735849056603776,0.43478260869565216,0.3333333333333333,30.0,0.6078431372549019,0.484375,0.8157894736842105,38.0,0.4,0.4375,0.3684210526315789,19.0,,,,
p_641,0.2535199175824176,0.2397089397089397,0.2834757834757835,0.3121279761904762,0.290990990990991,0.35185185185185186,108.0,0.5274725274725275,0.46153846153846156,0.6153846153846154,39.0,0.0,0.0,0.0,15.0,0.34375,0.2972972972972973,0.4074074074074074,27.0,0.14285714285714285,0.2,0.1111111111111111,27.0,,,,
p_642,0.28419635459817727,0.28851540616246496,0.30631363122171945,0.3288732394366197,0.32539682539682535,0.3611111111111111,108.0,0.3,0.42857142857142855,0.23076923076923078,26.0,0.47058823529411764,0.39215686274509803,0.5882352941176471,34.0,0.36619718309859156,0.3333333333333333,0.40625,32.0,0.0,0.0,0.0,16.0,,,,
p_643,0.29283069921899024,0.380952380952381,0.3295484163270675,0.34020658380537844,0.400352733686067,0.3888888888888889,108.0,0.4057971014492754,0.5,0.34146341463414637,41.0,0.19047619047619047,0.5,0.11764705882352941,17.0,0.49504950495049505,0.35714285714285715,0.8064516129032258,31.0,0.08,0.16666666666666666,0.05263157894736842,19.0,,,,
p_644,0.3610707346001464,0.3573882918552036,0.36635131471943616,0.3717963995741773,0.3657184829059829,0.37962962962962965,108.0,0.13333333333333333,0.15,0.12,25.0,0.4117647058823529,0.4117647058823529,0.4117647058823529,17.0,0.4864864864864865,0.46153846153846156,0.5142857142857142,35.0,0.4126984126984127,0.40625,0.41935483870967744,31.0,,,,
p_645,0.41144392033542976,0.4439080656185919,0.41100989895401985,0.4034788221135181,0.42595440621756414,0.4166666666666667,108.0,0.4888888888888889,0.39285714285714285,0.6470588235294118,34.0,0.3018867924528302,0.36363636363636365,0.25806451612903225,31.0,0.48,0.5454545454545454,0.42857142857142855,14.0,0.375,0.47368421052631576,0.3103448275862069,29.0,,,,
p_646,0.30188997993876043,0.3132878151260504,0.32885202135774216,0.3684989656534372,0.35715258325552446,0.42592592592592593,108.0,0.06666666666666667,0.14285714285714285,0.043478260869565216,23.0,0.3902439024390244,0.47058823529411764,0.3333333333333333,24.0,0.6363636363636364,0.5147058823529411,0.8333333333333334,42.0,0.11428571428571428,0.125,0.10526315789473684,19.0,,,,
p_647,0.2930189834660135,0.23973727422003283,0.37829614604462475,0.34290444761969563,0.2798455269719638,0.4444444444444444,108.0,0.5633802816901409,0.47619047619047616,0.6896551724137931,29.0,0.6086956521739131,0.4827586206896552,0.8235294117647058,34.0,0.0,0.0,0.0,15.0,0.0,0.0,0.0,30.0,,,,
p_648,0.234375,0.22322297955209347,0.30422647527910684,0.30671296296296297,0.29775686104800025,0.3888888888888889,108.0,0.4375,0.5384615384615384,0.3684210526315789,38.0,0.0,0.0,0.0,22.0,0.5,0.35443037974683544,0.8484848484848485,33.0,0.0,0.0,0.0,15.0,,,,
p_649,0.4286989795918367,0.5178337366404516,0.45531934858310574,0.44591364323507177,0.4884212580194633,0.49074074074074076,108.0,0.6,0.5172413793103449,0.7142857142857143,21.0,0.2857142857142857,0.75,0.17647058823529413,17.0,0.20408163265306123,0.2777777777777778,0.16129032258064516,31.0,0.625,0.5263157894736842,0.7692307692307693,39.0,,,,
p_650,0.3038370596510131,0.35924835359675783,0.2977673368298368,0.3424459897328114,0.3628571897632181,0.35185185185185186,108.0,0.4418604651162791,0.40425531914893614,0.48717948717948717,39.0,0.2972972972972973,0.2619047619047619,0.34375,32.0,0.3333333333333333,0.4375,0.2692307692307692,26.0,0.14285714285714285,0.3333333333333333,0.09090909090909091,11.0,,,,
p_651,0.2936613475177305,0.2898116438356164,0.34025032938076416,0.380942999737326,0.3530726788432268,0.46296296296296297,108.0,0.125,0.25,0.08333333333333333,24.0,0.3829787234042553,0.375,0.391304347826087,23.0,0.0,0.0,0.0,17.0,0.6666666666666666,0.5342465753424658,0.8863636363636364,44.0,,,,
p_652,0.3637057387057387,0.38981313436848825,0.3795310015898251,0.37278410889522,0.38442139121039437,0.39814814814814814,108.0,0.5,0.47368421052631576,0.5294117647058824,17.0,0.31746031746031744,0.3448275862068966,0.29411764705882354,34.0,0.15384615384615385,0.3333333333333333,0.1,20.0,0.4835164835164835,0.4074074074074074,0.5945945945945946,37.0,,,,
p_653,0.3896843194755908,0.36948287220026355,0.4489182692307692,0.39575067563682365,0.384454447860245,0.4444444444444444,108.0,0.5454545454545454,0.6521739130434783,0.46875,32.0,0.0,0.0,0.0,26.0,0.4838709677419355,0.4166666666666667,0.5769230769230769,26.0,0.5294117647058824,0.4090909090909091,0.75,24.0,,,,
p_654,0.3921295706008188,0.435491759702286,0.3953598484848485,0.4260371624404662,0.44749089333884656,0.4444444444444444,108.0,0.4782608695652174,0.44,0.5238095238095238,42.0,0.2222222222222222,0.2727272727272727,0.1875,16.0,0.5454545454545454,0.47368421052631576,0.6428571428571429,28.0,0.3225806451612903,0.5555555555555556,0.22727272727272727,22.0,,,,
p_655,0.3425903547259612,0.3331043956043956,0.3767857142857143,0.44072941369271407,0.4304131054131054,0.48148148148148145,108.0,0.32142857142857145,0.42857142857142855,0.2571428571428571,35.0,0.4117647058823529,0.35,0.5,14.0,0.6371681415929203,0.5538461538461539,0.75,48.0,0.0,0.0,0.0,11.0,,,,
p_656,0.3603439300651601,0.44049043062200954,0.37030766391231507,0.4208797966682689,0.47665248981038455,0.46296296296296297,108.0,0.6194690265486725,0.5,0.813953488372093,43.0,0.06896551724137931,0.09090909090909091,0.05555555555555555,18.0,0.4,0.42105263157894735,0.38095238095238093,21.0,0.35294117647058826,0.75,0.23076923076923078,26.0,,,,
p_657,0.343830995772453,0.35931174089068824,0.3514114023127809,0.34651817733695434,0.3603613735192682,0.35185185185185186,108.0,0.35443037974683544,0.3684210526315789,0.34146341463414637,41.0,0.39344262295081966,0.3157894736842105,0.5217391304347826,23.0,0.3333333333333333,0.3684210526315789,0.30434782608695654,23.0,0.29411764705882354,0.38461538461538464,0.23809523809523808,21.0,,,,
p_658,0.2927074831346576,0.2899245836745837,0.3168682151979566,0.3086577478077831,0.3049610848221959,0.3333333333333333,108.0,0.25925925925925924,0.3181818181818182,0.21875,32.0,0.45454545454545453,0.40540540540540543,0.5172413793103449,29.0,0.06896551724137931,0.1111111111111111,0.05,20.0,0.3880597014925373,0.325,0.48148148148148145,27.0,,,,
p_659,0.3712481146304676,0.46379834854411117,0.36623931623931627,0.42993059046980614,0.4558082637178682,0.4537037037037037,108.0,0.6153846153846154,0.5423728813559322,0.7111111111111111,45.0,0.26666666666666666,0.3,0.24,25.0,0.35294117647058826,0.34615384615384615,0.36,25.0,0.25,0.6666666666666666,0.15384615384615385,13.0,,,,
p_660,0.3960058373782558,0.4023268398268398,0.3991754122938531,0.4071030835410138,0.40711680295013625,0.4166666666666667,108.0,0.2631578947368421,0.3333333333333333,0.21739130434782608,23.0,0.42857142857142855,0.42857142857142855,0.42857142857142855,21.0,0.5063291139240507,0.45454545454545453,0.5714285714285714,35.0,0.38596491228070173,0.39285714285714285,0.3793103448275862,29.0,,,,
p_661,0.40252364081403896,0.5342592592592592,0.40190242763772177,0.4172995401202531,0.4721536351165981,0.4537037037037037,108.0,0.20512820512820512,0.26666666666666666,0.16666666666666666,24.0,0.32786885245901637,0.37037037037037035,0.29411764705882354,34.0,0.6326530612244898,0.5,0.8611111111111112,36.0,0.4444444444444444,1.0,0.2857142857142857,14.0,,,,
p_662,0.47849025974025977,0.5397095044914517,0.48070875718708533,0.5196909571909573,0.5472428818270603,0.5462962962962963,108.0,0.5357142857142857,0.5357142857142857,0.5357142857142857,28.0,0.5714285714285714,0.7058823529411765,0.48,25.0,0.625,0.5172413793103449,0.7894736842105263,38.0,0.18181818181818182,0.4,0.11764705882352941,17.0,,,,
p_663,0.2971576227390181,0.26673789173789175,0.3488707983193277,0.2952435639774141,0.2670412577819985,0.3425925925925926,108.0,0.32558139534883723,0.25925925925925924,0.4375,16.0,0.4186046511627907,0.34615384615384615,0.5294117647058824,34.0,0.4444444444444444,0.46153846153846156,0.42857142857142855,28.0,0.0,0.0,0.0,30.0,,,,
p_664,0.36166104094764917,0.46222527472527475,0.370087265675501,0.37224233247039534,0.4636752136752137,0.39814814814814814,108.0,0.35294117647058826,0.42857142857142855,0.3,20.0,0.5050505050505051,0.38461538461538464,0.7352941176470589,34.0,0.3333333333333333,0.75,0.21428571428571427,28.0,0.2553191489361702,0.2857142857142857,0.23076923076923078,26.0,,,,
p_665,0.3113948676009566,0.31192826191622536,0.3592820999367489,0.30556989712163624,0.2894421262861321,0.37037037037037035,108.0,0.4262295081967213,0.41935483870967744,0.43333333333333335,30.0,0.37037037037037035,0.5,0.29411764705882354,17.0,0.0,0.0,0.0,30.0,0.4489795918367347,0.3283582089552239,0.7096774193548387,31.0,,,,
p_666,0.35603337612323493,0.3798076923076923,0.3819966583124478,0.4663291018875101,0.478988603988604,0.5092592592592593,108.0,0.6,0.5192307692307693,0.7105263157894737,38.0,0.5609756097560976,0.5,0.6388888888888888,36.0,0.2631578947368421,0.5,0.17857142857142858,28.0,0.0,0.0,0.0,6.0,,,,
p_667,0.3246125375896368,0.44849537037037035,0.3310294117647059,0.4122454399808089,0.4943201303155007,0.46296296296296297,108.0,0.5954198473282443,0.48148148148148145,0.78,50.0,0.30303030303030304,0.3125,0.29411764705882354,17.0,0.0,0.0,0.0,17.0,0.4,1.0,0.25,24.0,,,,
p_668,0.2685380116959064,0.28846153846153844,0.30522727272727274,0.29844054580896684,0.30783475783475783,0.3425925925925926,108.0,0.4444444444444444,0.4666666666666667,0.42424242424242425,33.0,0.10526315789473684,0.15384615384615385,0.08,25.0,0.4444444444444444,0.3333333333333333,0.6666666666666666,30.0,0.08,0.2,0.05,20.0,,,,
p_669,0.4180871212121212,0.4449300699300699,0.406691270860077,0.41959525813692483,0.4288396788396789,0.42592592592592593,108.0,0.4791666666666667,0.41818181818181815,0.5609756097560976,41.0,0.36363636363636365,0.4,0.3333333333333333,36.0,0.375,0.46153846153846156,0.3157894736842105,19.0,0.45454545454545453,0.5,0.4166666666666667,12.0,,,,
p_670,0.4006646518256425,0.4062510486929092,0.44132275132275134,0.4202602093468966,0.43268929606138906,0.4537037037037037,108.0,0.42105263157894735,0.5454545454545454,0.34285714285714286,35.0,0.4117647058823529,0.32558139534883723,0.56,25.0,0.07142857142857142,0.14285714285714285,0.047619047619047616,21.0,0.6984126984126984,0.6111111111111112,0.8148148148148148,27.0,,,,
p_671,0.3526234567901234,0.35062261005980977,0.36610197549939305,0.4417295381801555,0.4453223446016856,0.4537037037037037,108.0,0.49382716049382713,0.425531914893617,0.5882352941176471,34.0,0.4722222222222222,0.5483870967741935,0.4146341463414634,41.0,0.4444444444444444,0.42857142857142855,0.46153846153846156,26.0,0.0,0.0,0.0,7.0,,,,
p_672,0.30411949161949164,0.38185185185185183,0.33424557562488594,0.392116371283038,0.4523593964334705,0.4537037037037037,108.0,0.5811965811965812,0.4533333333333333,0.8095238095238095,42.0,0.39285714285714285,0.4074074074074074,0.3793103448275862,29.0,0.24242424242424243,0.6666666666666666,0.14814814814814814,27.0,0.0,0.0,0.0,10.0,,,,
p_673,0.3299133861194751,0.3097789115646259,0.3651729101023068,0.37794822442233317,0.36132212144116904,0.4074074074074074,108.0,0.4444444444444444,0.40816326530612246,0.4878048780487805,41.0,0.4489795918367347,0.36666666666666664,0.5789473684210527,19.0,0.0,0.0,0.0,15.0,0.4262295081967213,0.4642857142857143,0.3939393939393939,33.0,,,,
p_674,0.3244971818003234,0.3294793868921776,0.32540997657276727,0.42795345703077997,0.426557239057239,0.4351851851851852,108.0,0.49382716049382713,0.45454545454545453,0.5405405405405406,37.0,0.4883720930232558,0.4883720930232558,0.4883720930232558,43.0,0.3157894736842105,0.375,0.2727272727272727,22.0,0.0,0.0,0.0,6.0,,,,
p_675,0.17624088858035403,0.14559386973180077,0.23808510638297872,0.28784051319629245,0.23080743578827873,0.39814814814814814,108.0,0.6119402985074627,0.47126436781609193,0.8723404255319149,47.0,0.0,0.0,0.0,25.0,0.09302325581395349,0.1111111111111111,0.08,25.0,0.0,0.0,0.0,11.0,,,,
p_676,0.26368323638286617,0.2601816180517336,0.3067251461988304,0.41397114989129796,0.3998196049654497,0.49074074074074076,108.0,0.39344262295081966,0.5217391304347826,0.3157894736842105,38.0,0.6612903225806451,0.5189873417721519,0.9111111111111111,45.0,0.0,0.0,0.0,13.0,0.0,0.0,0.0,12.0,,,,
p_677,0.24129098360655737,0.20218373493975905,0.3245192307692308,0.296448087431694,0.23995983935742973,0.4166666666666667,108.0,0.375,0.375,0.375,24.0,0.0,0.0,0.0,25.0,0.5901639344262295,0.43373493975903615,0.9230769230769231,39.0,0.0,0.0,0.0,20.0,,,,
p_678,0.4164988875515191,0.45968725604996097,0.42037878787878785,0.5177529756477125,0.5173882166710035,0.5462962962962963,108.0,0.7027027027027027,0.639344262295082,0.78,50.0,0.3684210526315789,0.4375,0.3181818181818182,22.0,0.46153846153846156,0.42857142857142855,0.5,24.0,0.13333333333333333,0.3333333333333333,0.08333333333333333,12.0,,,,
p_679,0.3354133948054506,0.3702413479052823,0.36855158730158727,0.39861722290466983,0.4171119206638333,0.4537037037037037,108.0,0.4722222222222222,0.4722222222222222,0.4722222222222222,36.0,0.5979381443298969,0.47540983606557374,0.8055555555555556,36.0,0.11764705882352941,0.3333333333333333,0.07142857142857142,28.0,0.15384615384615385,0.2,0.125,8.0,,,,
p_680,0.2980042883061191,0.4292134831460674,0.31043956043956045,0.40959309961454116,0.448855597170204,0.49074074074074076,108.0,0.6524822695035462,0.5168539325842697,0.8846153846153846,52.0,0.4,1.0,0.25,16.0,0.13953488372093023,0.2,0.10714285714285714,28.0,0.0,0.0,0.0,12.0,,,,
p_681,0.31705742831954997,0.3718792945487861,0.39240490490490487,0.29100742886373215,0.3541454590183404,0.3611111111111111,108.0,0.5,0.43243243243243246,0.5925925925925926,27.0,0.43373493975903615,0.3050847457627119,0.75,24.0,0.04878048780487805,0.25,0.02702702702702703,37.0,0.2857142857142857,0.5,0.2,20.0,,,,
p_682,0.27846367323703125,0.2997554005618522,0.3302083333333333,0.32623234966744064,0.347035207250261,0.3888888888888889,108.0,0.20512820512820512,0.4444444444444444,0.13333333333333333,30.0,0.5319148936170213,0.4032258064516129,0.78125,32.0,0.37681159420289856,0.35135135135135137,0.40625,32.0,0.0,0.0,0.0,14.0,,,,
p_683,0.334563396254024,0.3371012759170654,0.36137566137566135,0.41850947468539657,0.40249202551834135,0.46296296296296297,108.0,0.417910447761194,0.35,0.5185185185185185,27.0,0.3125,0.45454545454545453,0.23809523809523808,21.0,0.6078431372549019,0.543859649122807,0.6888888888888889,45.0,0.0,0.0,0.0,15.0,,,,
p_684,0.3994208051113422,0.46253277205420773,0.4265422077922078,0.4326413892696928,0.482383918204235,0.4722222222222222,108.0,0.6304347826086957,0.4915254237288136,0.8787878787878788,33.0,0.38461538461538464,0.5882352941176471,0.2857142857142857,35.0,0.19047619047619047,0.4,0.125,16.0,0.39215686274509803,0.37037037037037035,0.4166666666666667,24.0,,,,
p_685,0.26011904761904764,0.2502481389578164,0.306875,0.3237433862433863,0.30664001470453084,0.3888888888888889,108.0,0.39285714285714285,0.3548387096774194,0.44,25.0,0.09523809523809523,0.2,0.0625,32.0,0.5523809523809524,0.4461538461538462,0.725,40.0,0.0,0.0,0.0,11.0,,,,
p_686,0.38191924144491646,0.40347222222222223,0.3899972576443165,0.4295038167386287,0.4332304526748971,0.4444444444444444,108.0,0.5135135135135135,0.475,0.5588235294117647,34.0,0.4375,0.3888888888888889,0.5,28.0,0.45901639344262296,0.5,0.42424242424242425,33.0,0.11764705882352941,0.25,0.07692307692307693,13.0,,,,
p_687,0.4485074301080902,0.4916666666666667,0.45230962847419176,0.492003215606687,0.49429012345679013,0.5277777777777778,108.0,0.4691358024691358,0.5,0.4418604651162791,43.0,0.6534653465346535,0.55,0.8048780487804879,41.0,0.1,0.25,0.0625,16.0,0.5714285714285714,0.6666666666666666,0.5,8.0,,,,
p_688,0.379819876063633,0.4087984496124031,0.3846013221013221,0.3906919266658445,0.41137812230835485,0.39814814814814814,108.0,0.39215686274509803,0.3333333333333333,0.47619047619047616,21.0,0.475,0.4418604651162791,0.5135135135135135,37.0,0.33962264150943394,0.36,0.32142857142857145,28.0,0.3125,0.5,0.22727272727272727,22.0,,,,
p_689,0.43439606329303215,0.5866487455197132,0.41791666666666666,0.44580556176063413,0.5240475242267357,0.46296296296296297,108.0,0.46153846153846156,0.4444444444444444,0.48,25.0,0.42105263157894735,1.0,0.26666666666666666,15.0,0.5294117647058824,0.43548387096774194,0.675,40.0,0.32558139534883723,0.4666666666666667,0.25,28.0,,,,
p_690,0.3555436556507548,0.36101973684210525,0.37594696969696967,0.4297490064523928,0.4134990253411306,0.48148148148148145,108.0,0.6140350877192983,0.5,0.7954545454545454,44.0,0.25,0.3125,0.20833333333333334,24.0,0.5581395348837209,0.631578947368421,0.5,24.0,0.0,0.0,0.0,16.0,,,,
p_691,0.32601562418515384,0.5271211433756805,0.3308915555288558,0.37703036954369396,0.47443663036902606,0.3888888888888889,108.0,0.5185185185185185,0.525,0.5121951219512195,41.0,0.13333333333333333,1.0,0.07142857142857142,14.0,0.3880597014925373,0.34210526315789475,0.4482758620689655,29.0,0.2641509433962264,0.2413793103448276,0.2916666666666667,24.0,,,,
p_692,0.2996379993364947,0.3856891348088531,0.3015420899854862,0.41805551038226724,0.43401147626499736,0.4537037037037037,108.0,0.5806451612903226,0.5070422535211268,0.6792452830188679,53.0,0.13333333333333333,0.5,0.07692307692307693,13.0,0.10526315789473684,0.14285714285714285,0.08333333333333333,12.0,0.3793103448275862,0.39285714285714285,0.36666666666666664,30.0,,,,
p_693,0.20391061452513967,0.17548076923076922,0.24333333333333335,0.5664183736809435,0.4874465811965812,0.6759259259259259,108.0,0.8156424581005587,0.7019230769230769,0.9733333333333334,75.0,0.0,0.0,0.0,10.0,0.0,0.0,0.0,16.0,0.0,0.0,0.0,7.0,,,,
p_694,0.3114606025184634,0.28289473684210525,0.3686538461538461,0.37074869088311524,0.3430799220272904,0.4166666666666667,108.0,0.559322033898305,0.5,0.6346153846153846,52.0,0.2727272727272727,0.3157894736842105,0.24,25.0,0.0,0.0,0.0,21.0,0.41379310344827586,0.3157894736842105,0.6,10.0,,,,
p_695,0.36465198907714264,0.5318144499178982,0.3771401012780323,0.3779498840365842,0.4724806908714955,0.4537037037037037,108.0,0.5801526717557252,0.4367816091954023,0.8636363636363636,44.0,0.6,0.8571428571428571,0.46153846153846156,13.0,0.1951219512195122,0.3333333333333333,0.13793103448275862,29.0,0.08333333333333333,0.5,0.045454545454545456,22.0,,,,
p_696,0.3238229119808067,0.4017967372134038,0.33796296296296297,0.4520434514586561,0.4957231040564373,0.5092592592592593,108.0,0.6814814814814815,0.5679012345679012,0.8518518518518519,54.0,0.2777777777777778,0.625,0.17857142857142858,28.0,0.23076923076923078,0.21428571428571427,0.25,12.0,0.10526315789473684,0.2,0.07142857142857142,14.0,,,,
p_697,0.5390286184403832,0.624031690140845,0.5066964285714286,0.5271153682918389,0.5580007824726135,0.5462962962962963,108.0,0.6218487394957983,0.5211267605633803,0.7708333333333334,48.0,0.2727272727272727,0.375,0.21428571428571427,14.0,0.46153846153846156,0.6,0.375,40.0,0.8,1.0,0.6666666666666666,6.0,,,,
p_698,0.3333914423154661,0.4035527690700105,0.36676583398898505,0.3815610748795525,0.42789775146096987,0.42592592592592593,108.0,0.42857142857142855,0.5172413793103449,0.36585365853658536,41.0,0.10526315789473684,0.3333333333333333,0.0625,16.0,0.5416666666666666,0.4,0.8387096774193549,31.0,0.25806451612903225,0.36363636363636365,0.2,20.0,,,,
p_699,0.3329724320665664,0.35826449223757295,0.3311355311355312,0.5030390926619698,0.5036982307047113,0.5277777777777778,108.0,0.6336633663366337,0.5423728813559322,0.7619047619047619,42.0,0.2727272727272727,0.375,0.21428571428571427,14.0,0.547945205479452,0.5882352941176471,0.5128205128205128,39.0,0.21052631578947367,0.2857142857142857,0.16666666666666666,12.0,0.0,0.0,0.0,1.0
p_700,0.27688229815889387,0.4033687943262411,0.3076433857539315,0.3446813817184187,0.39969135802469136,0.4444444444444444,108.0,0.5957446808510638,0.44680851063829785,0.8936170212765957,47.0,0.36363636363636365,0.6666666666666666,0.25,16.0,0.0,0.0,0.0,22.0,0.14814814814814814,0.5,0.08695652173913043,23.0,,,,
p_701,0.32877376246941464,0.3923611111111111,0.3303113553113553,0.45761601522471085,0.4640101410934744,0.5185185185185185,108.0,0.6857142857142857,0.5714285714285714,0.8571428571428571,56.0,0.08695652173913043,0.125,0.06666666666666667,15.0,0.24242424242424243,0.4444444444444444,0.16666666666666666,24.0,0.3,0.42857142857142855,0.23076923076923078,13.0,,,,
p_702,0.4013003410150212,0.398494983277592,0.41144688644688643,0.5433575929050695,0.5243961352657005,0.5740740740740741,108.0,0.717948717948718,0.6461538461538462,0.8076923076923077,52.0,0.3018867924528302,0.34782608695652173,0.26666666666666666,30.0,0.5853658536585366,0.6,0.5714285714285714,21.0,0.0,0.0,0.0,5.0,,,,
p_703,0.3773063545032399,0.41964285714285715,0.39564922743290865,0.38844813526558675,0.42228835978835977,0.4166666666666667,108.0,0.3492063492063492,0.39285714285714285,0.3142857142857143,35.0,0.2857142857142857,0.5,0.2,25.0,0.5517241379310345,0.42857142857142855,0.7741935483870968,31.0,0.3225806451612903,0.35714285714285715,0.29411764705882354,17.0,,,,
p_704,0.38197508793897195,0.49096736596736595,0.38541942824319547,0.4421786534006468,0.48094189760856426,0.48148148148148145,108.0,0.6355140186915887,0.5151515151515151,0.8292682926829268,41.0,0.4444444444444444,0.6153846153846154,0.34782608695652173,23.0,0.3050847457627119,0.3333333333333333,0.28125,32.0,0.14285714285714285,0.5,0.08333333333333333,12.0,,,,
p_705,0.3320337437300501,0.41179384797397217,0.32036555786555787,0.3677179915894006,0.3987437970357225,0.37962962962962965,108.0,0.4418604651162791,0.3877551020408163,0.5135135135135135,37.0,0.35294117647058826,0.32608695652173914,0.38461538461538464,39.0,0.4,0.6,0.3,20.0,0.13333333333333333,0.3333333333333333,0.08333333333333333,12.0,,,,
p_706,0.36553502214839423,0.42006884959012625,0.3656487808323181,0.3760772989212911,0.4283891345061558,0.37962962962962965,108.0,0.1875,0.2727272727272727,0.14285714285714285,21.0,0.47619047619047616,0.4166666666666667,0.5555555555555556,27.0,0.46511627906976744,0.7142857142857143,0.3448275862068966,29.0,0.3333333333333333,0.2765957446808511,0.41935483870967744,31.0,,,,
p_707,0.3989424495818986,0.3659663865546219,0.45806623931623935,0.3784919203512415,0.33040382819794584,0.46296296296296297,108.0,0.0,0.0,0.0,35.0,0.5789473684210527,0.55,0.6111111111111112,18.0,0.616822429906542,0.4852941176470588,0.8461538461538461,39.0,0.4,0.42857142857142855,0.375,16.0,,,,
p_708,0.3007075471698113,0.33497807017543857,0.3177383997077092,0.3514251733591356,0.3867162118258609,0.37962962962962965,108.0,0.0,0.0,0.0,16.0,0.4423076923076923,0.3333333333333333,0.6571428571428571,35.0,0.3076923076923077,0.375,0.2608695652173913,23.0,0.4528301886792453,0.631578947368421,0.35294117647058826,34.0,,,,
p_709,0.20542857142857143,0.18765331890331888,0.24887387387387389,0.29084656084656085,0.2581803484581262,0.3611111111111111,108.0,0.11428571428571428,0.18181818181818182,0.08333333333333333,24.0,0.52,0.4126984126984127,0.7027027027027027,37.0,0.39285714285714285,0.34375,0.4583333333333333,24.0,0.0,0.0,0.0,22.0,0.0,0.0,0.0,1.0
p_710,0.382660021340681,0.4224877450980392,0.36884384384384383,0.4073713893803849,0.4277301198257081,0.4074074074074074,108.0,0.2702702702702703,0.29411764705882354,0.25,20.0,0.5217391304347826,0.5625,0.4864864864864865,37.0,0.39080459770114945,0.3333333333333333,0.4722222222222222,36.0,0.34782608695652173,0.5,0.26666666666666666,15.0,,,,
p_711,0.2895397793263647,0.29312076812076815,0.29586466165413533,0.2949318729298404,0.2939832800943912,0.3055555555555556,108.0,0.25,0.3076923076923077,0.21052631578947367,19.0,0.2926829268292683,0.2727272727272727,0.3157894736842105,19.0,0.19047619047619047,0.21428571428571427,0.17142857142857143,35.0,0.425,0.37777777777777777,0.4857142857142857,35.0,,,,
p_712,0.2619328493647913,0.27418154761904767,0.2796814671814672,0.30324326141023056,0.3279872134038801,0.3148148148148148,108.0,0.3684210526315789,0.2916666666666667,0.5,28.0,0.3,0.28125,0.32142857142857145,28.0,0.3793103448275862,0.5238095238095238,0.2972972972972973,37.0,0.0,0.0,0.0,15.0,,,,
p_713,0.3138647342995169,0.30753968253968256,0.32505050505050503,0.41045088566827703,0.4005731922398589,0.42592592592592593,108.0,0.30434782608695654,0.3333333333333333,0.28,25.0,0.5066666666666667,0.4523809523809524,0.5757575757575758,33.0,0.0,0.0,0.0,5.0,0.4444444444444444,0.4444444444444444,0.4444444444444444,45.0,,,,
p_714,0.4014386655011655,0.5440503432494279,0.4160795087265675,0.4074244042994043,0.5525468260022036,0.42592592592592593,108.0,0.30303030303030304,1.0,0.17857142857142858,28.0,0.475,0.41304347826086957,0.5588235294117647,34.0,0.46875,0.39473684210526316,0.5769230769230769,26.0,0.358974358974359,0.3684210526315789,0.35,20.0,,,,
p_715,0.31641269011958667,0.37018034825870644,0.3420054726556582,0.38731170796943465,0.40973373871383817,0.4444444444444444,108.0,0.08333333333333333,0.125,0.0625,16.0,0.32727272727272727,0.3333333333333333,0.32142857142857145,28.0,0.6481481481481481,0.5223880597014925,0.8536585365853658,41.0,0.20689655172413793,0.5,0.13043478260869565,23.0,,,,
p_716,0.32234275053304906,0.47821969696969696,0.33106884057971014,0.32435678749111585,0.5034371492704826,0.32407407407407407,108.0,0.2857142857142857,1.0,0.16666666666666666,30.0,0.36,0.3333333333333333,0.391304347826087,23.0,0.375,0.375,0.375,32.0,0.26865671641791045,0.20454545454545456,0.391304347826087,23.0,,,,
p_717,0.1963921034717495,0.16934121621621623,0.24883449883449882,0.26658346569851,0.22724286786786788,0.3425925925925926,108.0,0.0,0.0,0.0,12.0,0.3076923076923077,0.3125,0.30303030303030304,33.0,0.0,0.0,0.0,24.0,0.4778761061946903,0.36486486486486486,0.6923076923076923,39.0,,,,
p_718,0.3950567854276378,0.4203022875816993,0.43688574938574937,0.3967735741272453,0.4415229363350278,0.4351851851851852,108.0,0.5185185185185185,0.4117647058823529,0.7,40.0,0.06896551724137931,0.1111111111111111,0.05,20.0,0.37735849056603776,0.625,0.2702702702702703,37.0,0.6153846153846154,0.5333333333333333,0.7272727272727273,11.0,,,,
p_719,0.32876355670473323,0.5401069518716577,0.34670231729055256,0.4140098584543029,0.5271340859576155,0.46296296296296297,108.0,0.17647058823529413,0.17647058823529413,0.17647058823529413,17.0,0.38461538461538464,0.45454545454545453,0.3333333333333333,30.0,0.1111111111111111,1.0,0.058823529411764705,17.0,0.6428571428571429,0.5294117647058824,0.8181818181818182,44.0,,,,
p_720,0.3375861434497524,0.31807081807081805,0.37740577385725743,0.42093604878798235,0.38828404106181885,0.48148148148148145,108.0,0.6792452830188679,0.5714285714285714,0.8372093023255814,43.0,0.2127659574468085,0.2777777777777778,0.1724137931034483,29.0,0.0,0.0,0.0,14.0,0.4583333333333333,0.4230769230769231,0.5,22.0,,,,
p_721,0.3539786632356292,0.35408249158249155,0.36142676767676774,0.37472668599603587,0.38878600823045273,0.37037037037037035,108.0,0.28,0.25,0.3181818181818182,22.0,0.5098039215686274,0.48148148148148145,0.5416666666666666,24.0,0.21052631578947367,0.2,0.2222222222222222,18.0,0.4155844155844156,0.48484848484848486,0.36363636363636365,44.0,,,,
p_722,0.2155933311539719,0.20089858793324775,0.25163398692810457,0.3492608332425266,0.30929967194408786,0.42592592592592593,108.0,0.6015037593984962,0.4878048780487805,0.7843137254901961,51.0,0.2608695652173913,0.3157894736842105,0.2222222222222222,27.0,0.0,0.0,0.0,11.0,0.0,0.0,0.0,19.0,,,,
p_723,0.3342679724258672,0.4056192541646506,0.34012725779967157,0.3340435577277682,0.4079817509325182,0.3425925925925926,108.0,0.2702702702702703,0.625,0.1724137931034483,29.0,0.46153846153846156,0.40540540540540543,0.5357142857142857,28.0,0.3157894736842105,0.35294117647058826,0.2857142857142857,21.0,0.2894736842105263,0.2391304347826087,0.36666666666666664,30.0,,,,
p_724,0.39991088074757325,0.40046296296296297,0.4155278110047847,0.3971248417539878,0.4103223593964336,0.39814814814814814,108.0,0.3050847457627119,0.3333333333333333,0.28125,32.0,0.40816326530612246,0.3333333333333333,0.5263157894736842,19.0,0.45161290322580644,0.5185185185185185,0.4,35.0,0.43478260869565216,0.4166666666666667,0.45454545454545453,22.0,,,,
p_725,0.3695194148906036,0.42296842650103517,0.4072633602169119,0.36033967927840366,0.41791705007284713,0.37962962962962965,108.0,0.26666666666666666,0.34782608695652173,0.21621621621621623,37.0,0.4230769230769231,0.3142857142857143,0.6470588235294118,17.0,0.3225806451612903,0.625,0.21739130434782608,23.0,0.4657534246575342,0.40476190476190477,0.5483870967741935,31.0,,,,
p_726,0.4220896856766422,0.515447052947053,0.4174603174603174,0.4840346180925891,0.5218466718466718,0.5092592592592593,108.0,0.6190476190476191,0.5909090909090909,0.65,40.0,0.5227272727272727,0.4423076923076923,0.6388888888888888,36.0,0.2608695652173913,0.6,0.16666666666666666,18.0,0.2857142857142857,0.42857142857142855,0.21428571428571427,14.0,,,,
p_727,0.33565916499009657,0.3397403982930299,0.3625,0.357690879169692,0.3521482008324114,0.3888888888888889,108.0,0.5970149253731343,0.5405405405405406,0.6666666666666666,30.0,0.42424242424242425,0.3684210526315789,0.5,28.0,0.2413793103448276,0.25,0.23333333333333334,30.0,0.08,0.2,0.05,20.0,,,,
p_728,0.3292606484316527,0.35229779411764706,0.3536340852130325,0.35805532560184866,0.3693321078431373,0.3888888888888889,108.0,0.08695652173913043,0.25,0.05263157894736842,19.0,0.36619718309859156,0.40625,0.3333333333333333,39.0,0.4888888888888889,0.4,0.6285714285714286,35.0,0.375,0.35294117647058826,0.4,15.0,,,,
p_729,0.3226402220967438,0.32105292050944223,0.3266986636551854,0.3349867724867725,0.33755144032921813,0.3333333333333333,108.0,0.42857142857142855,0.45,0.4090909090909091,22.0,0.24242424242424243,0.24242424242424243,0.24242424242424243,33.0,0.3695652173913043,0.3695652173913043,0.3695652173913043,46.0,0.25,0.2222222222222222,0.2857142857142857,7.0,,,,
p_730,0.4093715393133998,0.4370927896809367,0.4254597701149425,0.4103760783670345,0.44248218648068616,0.42592592592592593,108.0,0.32558139534883723,0.5384615384615384,0.23333333333333334,30.0,0.35555555555555557,0.38095238095238093,0.3333333333333333,24.0,0.5277777777777778,0.4418604651162791,0.6551724137931034,29.0,0.42857142857142855,0.3870967741935484,0.48,25.0,,,,
p_731,0.34317928448363233,0.32771739130434785,0.4019169960474308,0.4414486747820081,0.40601851851851856,0.5277777777777778,108.0,0.5384615384615384,0.4666666666666667,0.6363636363636364,22.0,0.7130434782608696,0.5942028985507246,0.8913043478260869,46.0,0.0,0.0,0.0,15.0,0.12121212121212122,0.25,0.08,25.0,,,,
p_732,0.2468253968253968,0.21057692307692308,0.298374613003096,0.32974720752498526,0.28155270655270653,0.39814814814814814,108.0,0.0,0.0,0.0,19.0,0.47619047619047616,0.4,0.5882352941176471,34.0,0.0,0.0,0.0,17.0,0.5111111111111111,0.4423076923076923,0.6052631578947368,38.0,,,,
p_733,0.28769016400931974,0.3213632979083463,0.3200414781297134,0.3479174386593638,0.3754114738850405,0.4074074074074074,108.0,0.0,0.0,0.0,16.0,0.5254237288135594,0.3924050632911392,0.7948717948717948,39.0,0.2857142857142857,0.36363636363636365,0.23529411764705882,17.0,0.33962264150943394,0.5294117647058824,0.25,36.0,,,,
p_734,0.3058035714285714,0.29583333333333334,0.32737299465240643,0.34135251322751325,0.3194444444444444,0.37962962962962965,108.0,0.5,0.4166666666666667,0.625,40.0,0.2857142857142857,0.3,0.2727272727272727,33.0,0.4375,0.4666666666666667,0.4117647058823529,17.0,0.0,0.0,0.0,18.0,,,,
p_735,0.3101621759970217,0.3416587892394344,0.32545787545787547,0.3268459056571579,0.3635164616347412,0.3425925925925926,108.0,0.2,0.2857142857142857,0.15384615384615385,13.0,0.2807017543859649,0.4444444444444444,0.20512820512820512,39.0,0.41379310344827586,0.34615384615384615,0.5142857142857142,35.0,0.34615384615384615,0.2903225806451613,0.42857142857142855,21.0,,,,
p_736,0.4078614272783976,0.5079378342245989,0.407024967369795,0.47405745151710793,0.5060748415527827,0.5092592592592593,108.0,0.6194690265486725,0.5147058823529411,0.7777777777777778,45.0,0.13333333333333333,0.5,0.07692307692307693,13.0,0.4864864864864865,0.5625,0.42857142857142855,21.0,0.39215686274509803,0.45454545454545453,0.3448275862068966,29.0,,,,
p_737,0.36294922078219466,0.3587032606769449,0.3762254901960784,0.377193401807067,0.37443875073017374,0.3888888888888889,108.0,0.3076923076923077,0.2727272727272727,0.35294117647058826,17.0,0.6027397260273972,0.55,0.6666666666666666,33.0,0.27906976744186046,0.3157894736842105,0.25,24.0,0.26229508196721313,0.2962962962962963,0.23529411764705882,34.0,,,,
p_738,0.32347899837490957,0.3720491125303394,0.34438121047877146,0.3885709220839643,0.39731649845346306,0.4351851851851852,108.0,0.6274509803921569,0.5245901639344263,0.7804878048780488,41.0,0.3448275862068966,0.3225806451612903,0.37037037037037035,27.0,0.1111111111111111,0.3333333333333333,0.06666666666666667,15.0,0.21052631578947367,0.3076923076923077,0.16,25.0,,,,
p_739,0.26107470511140235,0.23310810810810811,0.29898989898989903,0.38433085772535314,0.3404654654654655,0.4444444444444444,108.0,0.0,0.0,0.0,15.0,0.45714285714285713,0.43243243243243246,0.48484848484848486,33.0,0.0,0.0,0.0,15.0,0.5871559633027523,0.5,0.7111111111111111,45.0,,,,
p_740,0.27415690026309497,0.24743589743589745,0.30892857142857144,0.4320847396068635,0.38741690408357077,0.49074074074074076,108.0,0.6371681415929203,0.5538461538461539,0.75,48.0,0.0,0.0,0.0,11.0,0.0,0.0,0.0,14.0,0.4594594594594595,0.4358974358974359,0.4857142857142857,35.0,,,,
p_741,0.41567356525187205,0.46723354477187395,0.4137260765550239,0.42866660679194046,0.46745129117625983,0.4351851851851852,108.0,0.4482758620689655,0.38235294117647056,0.5416666666666666,24.0,0.2631578947368421,0.3125,0.22727272727272727,22.0,0.45714285714285713,0.7272727272727273,0.3333333333333333,24.0,0.49411764705882355,0.44680851063829785,0.5526315789473685,38.0,,,,
p_742,0.32142318709482887,0.3838910248708398,0.3543621013133208,0.3796645280890721,0.4295387391476542,0.42592592592592593,108.0,0.30303030303030304,0.7142857142857143,0.19230769230769232,26.0,0.0,0.0,0.0,15.0,0.47761194029850745,0.3902439024390244,0.6153846153846154,26.0,0.5050505050505051,0.43103448275862066,0.6097560975609756,41.0,,,,
p_743,0.3255719217039972,0.33806089743589746,0.3426256613756614,0.37057115170322724,0.36406398385565053,0.4074074074074074,108.0,0.54,0.45,0.675,40.0,0.07692307692307693,0.16666666666666666,0.05,20.0,0.2702702702702703,0.3125,0.23809523809523808,21.0,0.41509433962264153,0.4230769230769231,0.4074074074074074,27.0,,,,
p_744,0.48250828363886505,0.5032514080901178,0.48777376447655085,0.49976751829399907,0.5170639661679088,0.5092592592592593,108.0,0.45714285714285713,0.4444444444444444,0.47058823529411764,17.0,0.45614035087719296,0.41935483870967744,0.5,26.0,0.3902439024390244,0.5714285714285714,0.2962962962962963,27.0,0.6265060240963856,0.5777777777777777,0.6842105263157895,38.0,,,,
p_745,0.25357561345464574,0.2831196581196581,0.29639114508679726,0.29309786937475113,0.29886831275720166,0.37037037037037035,108.0,0.125,0.2222222222222222,0.08695652173913043,23.0,0.06451612903225806,0.16666666666666666,0.04,25.0,0.5470085470085471,0.41025641025641024,0.8205128205128205,39.0,0.2777777777777778,0.3333333333333333,0.23809523809523808,21.0,,,,
p_746,0.39375936934608424,0.4041666666666667,0.435929802955665,0.3737308903630951,0.4061728395061728,0.39814814814814814,108.0,0.5,0.4166666666666667,0.625,16.0,0.3018867924528302,0.3333333333333333,0.27586206896551724,29.0,0.4931506849315068,0.4,0.6428571428571429,28.0,0.28,0.4666666666666667,0.2,35.0,,,,
p_747,0.39448664222105817,0.42474489795918363,0.39276703688468395,0.403161923054537,0.4129503653313177,0.4166666666666667,108.0,0.4,0.4166666666666667,0.38461538461538464,26.0,0.5301204819277109,0.4489795918367347,0.6470588235294118,34.0,0.34782608695652173,0.5,0.26666666666666666,15.0,0.3,0.3333333333333333,0.2727272727272727,33.0,,,,
p_748,0.3327263471177945,0.34434574827281694,0.3638993120700438,0.4031440000464123,0.4358893333102465,0.42592592592592593,108.0,0.46875,0.6521739130434783,0.36585365853658536,41.0,0.0,0.0,0.0,11.0,0.38596491228070173,0.3548387096774194,0.4230769230769231,26.0,0.47619047619047616,0.37037037037037035,0.6666666666666666,30.0,,,,
p_749,0.3493270189431705,0.35607298474945537,0.39318910256410255,0.3492577822089288,0.36237190349390785,0.37962962962962965,108.0,0.3389830508474576,0.37037037037037035,0.3125,32.0,0.4406779661016949,0.3333333333333333,0.65,20.0,0.11764705882352941,0.25,0.07692307692307693,26.0,0.5,0.47058823529411764,0.5333333333333333,30.0,,,,
p_750,0.3627501725327812,0.3673513986013986,0.3992117117117117,0.41356746670756334,0.4283864283864284,0.4444444444444444,108.0,0.6031746031746031,0.7307692307692307,0.5135135135135135,37.0,0.34782608695652173,0.36363636363636365,0.3333333333333333,24.0,0.0,0.0,0.0,19.0,0.5,0.375,0.75,28.0,,,,
p_751,0.2763658603352149,0.3433333333333333,0.32433611700247433,0.294031191393895,0.3618518518518518,0.32407407407407407,108.0,0.32786885245901637,0.5,0.24390243902439024,41.0,0.13333333333333333,0.3333333333333333,0.08333333333333333,12.0,0.21052631578947367,0.24,0.1875,32.0,0.43373493975903615,0.3,0.782608695652174,23.0,,,,
p_752,0.36595014181221075,0.38733671988388974,0.3788037942449707,0.3845394282175892,0.3987260119335591,0.4074074074074074,108.0,0.17142857142857143,0.23076923076923078,0.13636363636363635,22.0,0.4,0.38461538461538464,0.4166666666666667,24.0,0.5287356321839081,0.4339622641509434,0.6764705882352942,34.0,0.36363636363636365,0.5,0.2857142857142857,28.0,,,,
p_753,0.21683427469348393,0.2048331415420023,0.2762820512820513,0.31880730434250204,0.30008950262114814,0.4074074074074074,108.0,0.26229508196721313,0.36363636363636365,0.20512820512820512,39.0,0.0,0.0,0.0,6.0,0.6050420168067226,0.45569620253164556,0.9,40.0,0.0,0.0,0.0,23.0,,,,
p_754,0.2801468598558461,0.2792123287671233,0.3136904761904762,0.374990775134683,0.3461872146118722,0.4444444444444444,108.0,0.15384615384615385,0.25,0.1111111111111111,18.0,0.0,0.0,0.0,17.0,0.6271186440677966,0.5068493150684932,0.8222222222222222,45.0,0.33962264150943394,0.36,0.32142857142857145,28.0,,,,
p_755,0.28731396476022125,0.2662037037037037,0.32548076923076924,0.3174584318023903,0.2997256515775034,0.35185185185185186,108.0,0.4225352112676056,0.3333333333333333,0.5769230769230769,26.0,0.38461538461538464,0.37037037037037035,0.4,25.0,0.0,0.0,0.0,17.0,0.34210526315789475,0.3611111111111111,0.325,40.0,,,,
p_756,0.32903225806451614,0.3143922611135726,0.388021978021978,0.37502986857825565,0.3425105433302154,0.4537037037037037,108.0,0.5161290322580645,0.43243243243243246,0.64,25.0,0.6,0.4918032786885246,0.7692307692307693,39.0,0.0,0.0,0.0,23.0,0.2,0.3333333333333333,0.14285714285714285,21.0,,,,
p_757,0.3497222222222222,0.349025974025974,0.3551864801864802,0.439783950617284,0.44131794131794133,0.4444444444444444,108.0,0.5,0.5,0.5,30.0,0.0,0.0,0.0,6.0,0.4722222222222222,0.5151515151515151,0.4358974358974359,39.0,0.4266666666666667,0.38095238095238093,0.48484848484848486,33.0,,,,
p_758,0.31472222222222224,0.307768451061134,0.33477011494252873,0.3075411522633745,0.30873191848801607,0.3148148148148148,108.0,0.2,0.23809523809523808,0.1724137931034483,29.0,0.3888888888888889,0.3181818181818182,0.5,14.0,0.32,0.3333333333333333,0.3076923076923077,26.0,0.35,0.34146341463414637,0.358974358974359,39.0,,,,
p_759,0.44149610529143163,0.4094285923554216,0.5046581196581197,0.4239483292048427,0.4052163855686891,0.46296296296296297,108.0,0.4533333333333333,0.4146341463414634,0.5,34.0,0.7058823529411765,0.5714285714285714,0.9230769230769231,13.0,0.058823529411764705,0.1111111111111111,0.04,25.0,0.547945205479452,0.5405405405405406,0.5555555555555556,36.0,,,,
p_760,0.2920754446356856,0.3073252279635258,0.31865079365079363,0.2868325152461698,0.27336485421591805,0.3333333333333333,108.0,0.0,0.0,0.0,28.0,0.38095238095238093,0.5714285714285714,0.2857142857142857,14.0,0.3373493975903614,0.2978723404255319,0.3888888888888889,36.0,0.45,0.36,0.6,30.0,,,,
p_761,0.47113140389777103,0.5698830409356725,0.45263664906522044,0.5264730099454105,0.5541639592809183,0.5648148148148148,108.0,0.3157894736842105,0.5,0.23076923076923078,26.0,0.5,0.8,0.36363636363636365,11.0,0.7272727272727273,0.6111111111111112,0.8979591836734694,49.0,0.34146341463414637,0.3684210526315789,0.3181818181818182,22.0,,,,
p_762,0.3787151702786377,0.480876787216148,0.3749458874458874,0.4582473340213277,0.48502865775784193,0.49074074074074076,108.0,0.47368421052631576,0.43902439024390244,0.5142857142857142,35.0,0.1,0.2,0.06666666666666667,15.0,0.6078431372549019,0.5344827586206896,0.7045454545454546,44.0,0.3333333333333333,0.75,0.21428571428571427,14.0,,,,
p_763,0.367003367003367,0.38935340022296544,0.3767921146953405,0.5371617408654445,0.5194475411866717,0.5925925925925926,108.0,0.7272727272727273,0.6153846153846154,0.8888888888888888,54.0,0.0,0.0,0.0,11.0,0.2222222222222222,0.3333333333333333,0.16666666666666666,12.0,0.5185185185185185,0.6086956521739131,0.45161290322580644,31.0,,,,
p_764,0.2981623931623931,0.2721364803360952,0.33224780757987593,0.33196739474517256,0.3027301794150318,0.37037037037037035,108.0,0.4533333333333333,0.38636363636363635,0.5483870967741935,31.0,0.2777777777777778,0.2631578947368421,0.29411764705882354,17.0,0.46153846153846156,0.43902439024390244,0.4864864864864865,37.0,0.0,0.0,0.0,23.0,,,,
p_765,0.359403963919232,0.3787562140240712,0.35665760869565216,0.43299250922554466,0.4452230749849797,0.4351851851851852,108.0,0.6526315789473685,0.6326530612244898,0.6739130434782609,46.0,0.2641509433962264,0.23333333333333334,0.30434782608695654,23.0,0.1875,0.1875,0.1875,16.0,0.3333333333333333,0.46153846153846156,0.2608695652173913,23.0,,,,
p_766,0.31495919964229824,0.3076789195210248,0.32384856522787553,0.39509122637056904,0.3847723733201316,0.4074074074074074,108.0,0.4225352112676056,0.39473684210526316,0.45454545454545453,33.0,0.0,0.0,0.0,7.0,0.4444444444444444,0.42857142857142855,0.46153846153846156,39.0,0.39285714285714285,0.4074074074074074,0.3793103448275862,29.0,,,,
p_767,0.26828972868217055,0.2564102564102564,0.29820261437908496,0.4460055986218777,0.4148860398860399,0.5092592592592593,108.0,0.6356589147286822,0.5256410256410257,0.803921568627451,51.0,0.0,0.0,0.0,5.0,0.4375,0.5,0.3888888888888889,36.0,0.0,0.0,0.0,16.0,,,,
p_768,0.3572041516835567,0.5338541666666667,0.3442018507807982,0.540735140992578,0.5676118827160493,0.6203703703703703,108.0,0.7577639751552795,0.6354166666666666,0.9384615384615385,65.0,0.42105263157894735,0.8,0.2857142857142857,14.0,0.08333333333333333,0.2,0.05263157894736842,19.0,0.16666666666666666,0.5,0.1,10.0,,,,
p_769,0.37921492921492916,0.3833333333333333,0.4338534194165471,0.4997521330854664,0.45532407407407405,0.5925925925925926,108.0,0.6216216216216216,0.575,0.6764705882352942,34.0,0.13333333333333333,0.3333333333333333,0.08333333333333333,12.0,0.0,0.0,0.0,21.0,0.7619047619047619,0.625,0.975609756097561,41.0,,,,
p_770,0.41988171030607363,0.49003387916431396,0.4145958397319559,0.5209569063623644,0.5352630863500429,0.5462962962962963,108.0,0.671875,0.6142857142857143,0.7413793103448276,58.0,0.23529411764705882,0.5,0.15384615384615385,13.0,0.43902439024390244,0.391304347826087,0.5,18.0,0.3333333333333333,0.45454545454545453,0.2631578947368421,19.0,,,,
p_771,0.3026169950738916,0.3132350906323509,0.3506787330316742,0.31308725597518705,0.3124862270600474,0.3888888888888889,108.0,0.20689655172413793,0.2727272727272727,0.16666666666666666,18.0,0.05,0.16666666666666666,0.029411764705882353,34.0,0.4,0.3888888888888889,0.4117647058823529,17.0,0.5535714285714286,0.4246575342465753,0.7948717948717948,39.0,,,,
p_772,0.3290873015873016,0.3047297297297297,0.36185064935064937,0.36865814226925336,0.3458458458458459,0.39814814814814814,108.0,0.42857142857142855,0.40540540540540543,0.45454545454545453,33.0,0.0,0.0,0.0,20.0,0.36,0.3,0.45,20.0,0.5277777777777778,0.5135135135135135,0.5428571428571428,35.0,,,,
p_773,0.41851380326990084,0.4128562685784228,0.45046620046620045,0.44592056543276065,0.43370754621264623,0.48148148148148145,108.0,0.5609756097560976,0.5348837209302325,0.5897435897435898,39.0,0.07142857142857142,0.16666666666666666,0.045454545454545456,22.0,0.4878048780487805,0.47619047619047616,0.5,20.0,0.5538461538461539,0.47368421052631576,0.6666666666666666,27.0,,,,
p_774,0.32509187989737187,0.4601471334348047,0.3237639553429027,0.35495419488554497,0.41269801003438755,0.39814814814814814,108.0,0.5217391304347826,0.410958904109589,0.7142857142857143,42.0,0.42105263157894735,0.8,0.2857142857142857,14.0,0.09090909090909091,0.3333333333333333,0.05263157894736842,19.0,0.26666666666666666,0.2962962962962963,0.24242424242424243,33.0,,,,
p_775,0.3655117349970291,0.4769119769119769,0.369724025974026,0.4801727789881384,0.5189059911282133,0.5277777777777778,108.0,0.6818181818181818,0.5844155844155844,0.8181818181818182,55.0,0.29411764705882354,0.2777777777777778,0.3125,16.0,0.375,0.5454545454545454,0.2857142857142857,21.0,0.1111111111111111,0.5,0.0625,16.0,,,,
p_776,0.3715277777777778,0.38781638781638783,0.40087535014005604,0.3420781893004115,0.38161971495304825,0.35185185185185186,108.0,0.3055555555555556,0.2972972972972973,0.3142857142857143,35.0,0.3333333333333333,0.2777777777777778,0.4166666666666667,24.0,0.2916666666666667,0.5,0.20588235294117646,34.0,0.5555555555555556,0.47619047619047616,0.6666666666666666,15.0,,,,
p_777,0.402269469660774,0.5855421686746988,0.4144189103656458,0.4731477057564014,0.5822400713966979,0.5462962962962963,108.0,0.2857142857142857,0.8,0.17391304347826086,23.0,0.17391304347826086,0.5,0.10526315789473684,19.0,0.6923076923076923,0.5421686746987951,0.9574468085106383,47.0,0.45714285714285713,0.5,0.42105263157894735,19.0,,,,
p_778,0.37482151835093014,0.4495018115942029,0.40548106784519833,0.4939643967748543,0.5189127079978529,0.5370370370370371,108.0,0.72,0.6521739130434783,0.8035714285714286,56.0,0.4117647058823529,0.3333333333333333,0.5384615384615384,13.0,0.2564102564102564,0.3125,0.21739130434782608,23.0,0.1111111111111111,0.5,0.0625,16.0,,,,
p_779,0.3963203848895224,0.4911616161616162,0.4054115929115929,0.44548630359986974,0.48807519640852975,0.4722222222222222,108.0,0.4166666666666667,0.5555555555555556,0.3333333333333333,30.0,0.4918032786885246,0.45454545454545453,0.5357142857142857,28.0,0.5434782608695652,0.45454545454545453,0.6756756756756757,37.0,0.13333333333333333,0.5,0.07692307692307693,13.0,,,,
p_780,0.3418858918858919,0.3610696517412936,0.35361111111111115,0.39525083969528413,0.3891284319145015,0.4351851851851852,108.0,0.5714285714285714,0.47761194029850745,0.7111111111111111,45.0,0.07692307692307693,0.16666666666666666,0.05,20.0,0.36363636363636365,0.4,0.3333333333333333,18.0,0.35555555555555557,0.4,0.32,25.0,,,,
p_781,0.27130042590806813,0.2352693602693603,0.3324540043290043,0.2959977365263045,0.27038907594463146,0.3333333333333333,108.0,0.45098039215686275,0.42592592592592593,0.4791666666666667,48.0,0.4375,0.3333333333333333,0.6363636363636364,11.0,0.0,0.0,0.0,21.0,0.19672131147540983,0.18181818181818182,0.21428571428571427,28.0,,,,
p_782,0.3060810810810811,0.276414641943734,0.3599264705882353,0.385523023023023,0.3461565785734584,0.4444444444444444,108.0,0.65,0.5652173913043478,0.7647058823529411,51.0,0.0,0.0,0.0,29.0,0.32432432432432434,0.35294117647058826,0.3,20.0,0.25,0.1875,0.375,8.0,,,,
p_783,0.2638995073054706,0.251260227936879,0.27875,0.32778029473578235,0.3073305625906444,0.35185185185185186,108.0,0.4954128440366973,0.4576271186440678,0.54,50.0,0.18518518518518517,0.1724137931034483,0.2,25.0,0.375,0.375,0.375,16.0,0.0,0.0,0.0,17.0,,,,
p_784,0.4451023391812865,0.5321428571428571,0.4358037186984555,0.4571908165475417,0.5081128747795415,0.46296296296296297,108.0,0.4444444444444444,0.42857142857142855,0.46153846153846156,26.0,0.38596491228070173,0.36666666666666664,0.4074074074074074,27.0,0.55,0.5,0.6111111111111112,36.0,0.4,0.8333333333333334,0.2631578947368421,19.0,,,,
p_785,0.32550559768869625,0.3222860962566845,0.34417344173441733,0.3946414001578321,0.3985388195682313,0.4074074074074074,108.0,0.5333333333333333,0.5882352941176471,0.4878048780487805,41.0,0.34615384615384615,0.36,0.3333333333333333,27.0,0.4225352112676056,0.3409090909090909,0.5555555555555556,27.0,0.0,0.0,0.0,13.0,,,,
p_786,0.3578331264432254,0.35497835497835495,0.3780732860520095,0.45242936445435145,0.43847202180535516,0.49074074074074076,108.0,0.6017699115044248,0.5151515151515151,0.723404255319149,47.0,0.358974358974359,0.3333333333333333,0.3888888888888889,18.0,0.47058823529411764,0.5714285714285714,0.4,30.0,0.0,0.0,0.0,13.0,,,,
p_787,0.40510711250584036,0.4728174603174603,0.3975668337510443,0.4294185058329685,0.4713697824808936,0.4444444444444444,108.0,0.5048543689320388,0.4126984126984127,0.65,40.0,0.42857142857142855,0.42857142857142855,0.42857142857142855,21.0,0.3793103448275862,0.55,0.2894736842105263,38.0,0.3076923076923077,0.5,0.2222222222222222,9.0,,,,
p_788,0.336596657633243,0.3795066045066045,0.366583908237825,0.3899335876074811,0.4095340873118651,0.4444444444444444,108.0,0.6296296296296297,0.5230769230769231,0.7906976744186046,43.0,0.35,0.3888888888888889,0.3181818181818182,22.0,0.2926829268292683,0.2727272727272727,0.3157894736842105,19.0,0.07407407407407407,0.3333333333333333,0.041666666666666664,24.0,,,,
p_789,0.3560756033182504,0.39442970822281165,0.3419799498746867,0.36141661080386567,0.3871745751056096,0.3611111111111111,108.0,0.3541666666666667,0.29310344827586204,0.4473684210526316,38.0,0.4230769230769231,0.5,0.36666666666666664,30.0,0.29411764705882354,0.38461538461538464,0.23809523809523808,21.0,0.35294117647058826,0.4,0.3157894736842105,19.0,,,,
p_790,0.34855275443510736,0.5636660447761194,0.3392294839663261,0.449681848047861,0.5034031232725262,0.48148148148148145,108.0,0.6386554621848739,0.5671641791044776,0.7307692307692307,52.0,0.2,1.0,0.1111111111111111,9.0,0.3333333333333333,0.3125,0.35714285714285715,28.0,0.2222222222222222,0.375,0.15789473684210525,19.0,,,,
p_791,0.28999081726354453,0.3253486279802069,0.31626416219439474,0.3632214399891168,0.37368171140100964,0.42592592592592593,108.0,0.5619834710743802,0.4358974358974359,0.7906976744186046,43.0,0.24242424242424243,0.4444444444444444,0.16666666666666666,24.0,0.0,0.0,0.0,15.0,0.35555555555555557,0.42105263157894735,0.3076923076923077,26.0,,,,
p_792,0.36842948717948715,0.3888554368006423,0.385942760942761,0.44677706552706553,0.44155223264812304,0.5,108.0,0.6153846153846154,0.4931506849315068,0.8181818181818182,44.0,0.4,0.5384615384615384,0.3181818181818182,22.0,0.0,0.0,0.0,15.0,0.4583333333333333,0.5238095238095238,0.4074074074074074,27.0,,,,
p_793,0.2947685813357455,0.30238095238095236,0.32621070868740204,0.3340608964157886,0.3284611992945326,0.37962962962962965,108.0,0.44776119402985076,0.4166666666666667,0.4838709677419355,31.0,0.24242424242424243,0.4,0.17391304347826086,23.0,0.4888888888888889,0.39285714285714285,0.6470588235294118,34.0,0.0,0.0,0.0,20.0,,,,
p_794,0.27112053729232943,0.32334332334332333,0.3157592824363788,0.3852493355851433,0.39871548204881535,0.49074074074074076,108.0,0.6666666666666666,0.5054945054945055,0.9787234042553191,47.0,0.24390243902439024,0.45454545454545453,0.16666666666666666,30.0,0.0,0.0,0.0,14.0,0.17391304347826086,0.3333333333333333,0.11764705882352941,17.0,,,,
p_795,0.37447291081012013,0.5307539682539681,0.3877917102055033,0.38237629080652336,0.5036008230452674,0.4074074074074074,108.0,0.5116279069767442,0.39285714285714285,0.7333333333333333,30.0,0.3076923076923077,1.0,0.18181818181818182,22.0,0.25,0.2857142857142857,0.2222222222222222,27.0,0.42857142857142855,0.4444444444444444,0.41379310344827586,29.0,,,,
p_796,0.32934416236374064,0.5256756020485998,0.35937120626862373,0.3681707650708655,0.507397216874715,0.39814814814814814,108.0,0.40963855421686746,0.40476190476190477,0.4146341463414634,41.0,0.09523809523809523,1.0,0.05,20.0,0.5,0.43478260869565216,0.5882352941176471,34.0,0.3125,0.2631578947368421,0.38461538461538464,13.0,,,,
p_797,0.33028455284552843,0.3267080745341615,0.3495833333333333,0.37563045769346576,0.37208419599723946,0.39814814814814814,108.0,0.4583333333333333,0.4782608695652174,0.44,25.0,0.4878048780487805,0.4,0.625,32.0,0.375,0.42857142857142855,0.3333333333333333,36.0,0.0,0.0,0.0,15.0,,,,
p_798,0.35585901027077493,0.5878623188405797,0.3686417748917749,0.38240481377736274,0.5475040257648953,0.46296296296296297,108.0,0.5882352941176471,0.43478260869565216,0.9090909090909091,44.0,0.4444444444444444,0.6666666666666666,0.3333333333333333,12.0,0.17647058823529413,0.5,0.10714285714285714,28.0,0.21428571428571427,0.75,0.125,24.0,,,,
p_799,0.36116946778711484,0.5119565217391304,0.34784469343292873,0.36699540927482105,0.4531400966183575,0.37962962962962965,108.0,0.3137254901960784,0.34782608695652173,0.2857142857142857,28.0,0.4583333333333333,0.36666666666666664,0.6111111111111112,36.0,0.2916666666666667,0.3333333333333333,0.25925925925925924,27.0,0.38095238095238093,1.0,0.23529411764705882,17.0,,,,
p_800,0.38002448800192556,0.35860274990709773,0.411333914559721,0.4279977938317987,0.404369159200077,0.46296296296296297,108.0,0.4383561643835616,0.4444444444444444,0.43243243243243246,37.0,0.5882352941176471,0.5769230769230769,0.6,25.0,0.4935064935064935,0.41304347826086957,0.6129032258064516,31.0,0.0,0.0,0.0,15.0,,,,
p_801,0.3014155982905983,0.29088384930003663,0.32326455674068894,0.3951557059195948,0.37235720241240144,0.4351851851851852,108.0,0.3125,0.3448275862068966,0.2857142857142857,35.0,0.0,0.0,0.0,11.0,0.2777777777777778,0.29411764705882354,0.2631578947368421,19.0,0.6153846153846154,0.5245901639344263,0.7441860465116279,43.0,,,,
p_802,0.297812973441261,0.3126993620414673,0.3309401709401709,0.29982402961167814,0.311436735778841,0.3333333333333333,108.0,0.25396825396825395,0.24242424242424243,0.26666666666666666,30.0,0.06896551724137931,0.25,0.04,25.0,0.4067796610169492,0.36363636363636365,0.46153846153846156,26.0,0.46153846153846156,0.39473684210526316,0.5555555555555556,27.0,,,,
p_803,0.40011241338640724,0.40491763227697897,0.40340501792114697,0.40054145439852357,0.40135263002776617,0.4074074074074074,108.0,0.4411764705882353,0.39473684210526316,0.5,30.0,0.5357142857142857,0.5172413793103449,0.5555555555555556,27.0,0.2807017543859649,0.3076923076923077,0.25806451612903225,31.0,0.34285714285714286,0.4,0.3,20.0,,,,
p_804,0.3264483065953654,0.4067513368983957,0.3274972576443165,0.36790123456790125,0.39814814814814814,0.37962962962962965,108.0,0.5588235294117647,0.5588235294117647,0.5588235294117647,34.0,0.36363636363636365,0.3181818181818182,0.42424242424242425,33.0,0.25,0.25,0.25,28.0,0.13333333333333333,0.5,0.07692307692307693,13.0,,,,
p_805,0.38364341085271314,0.38396464646464645,0.40238095238095234,0.48492678725236865,0.48092031425364756,0.5092592592592593,108.0,0.627906976744186,0.6136363636363636,0.6428571428571429,42.0,0.5066666666666667,0.4222222222222222,0.6333333333333333,30.0,0.4,0.5,0.3333333333333333,27.0,0.0,0.0,0.0,9.0,,,,
p_806,0.39334017561865664,0.3965408805031446,0.40691740691740697,0.4902134201712261,0.4804449103191242,0.5185185185185185,108.0,0.6075949367088608,0.6,0.6153846153846154,39.0,0.0,0.0,0.0,10.0,0.43243243243243246,0.5333333333333333,0.36363636363636365,22.0,0.5333333333333333,0.4528301886792453,0.6486486486486487,37.0,,,,
p_807,0.33315106864663674,0.3895833333333333,0.35327172827172826,0.4505504890946739,0.4677469135802469,0.5277777777777778,108.0,0.6575342465753424,0.5333333333333333,0.8571428571428571,56.0,0.29411764705882354,0.625,0.19230769230769232,26.0,0.0,0.0,0.0,15.0,0.38095238095238093,0.4,0.36363636363636365,11.0,,,,
p_808,0.33431522978838624,0.40248599439775906,0.37726076007326004,0.3994119865518781,0.3992698931424421,0.48148148148148145,108.0,0.44776119402985076,0.42857142857142855,0.46875,32.0,0.23529411764705882,0.6666666666666666,0.14285714285714285,14.0,0.0,0.0,0.0,23.0,0.6542056074766355,0.5147058823529411,0.8974358974358975,39.0,,,,
p_809,0.2605796217205613,0.2868788819875776,0.29078947368421054,0.42809233272320524,0.3953157349896481,0.5277777777777778,108.0,0.7114093959731543,0.5760869565217391,0.9298245614035088,57.0,0.0,0.0,0.0,18.0,0.24,0.42857142857142855,0.16666666666666666,18.0,0.09090909090909091,0.14285714285714285,0.06666666666666667,15.0,,,,
p_810,0.33074765921943083,0.3603174603174603,0.3540953947368421,0.3574561629396153,0.37822604350382133,0.37962962962962965,108.0,0.5074626865671642,0.4857142857142857,0.53125,32.0,0.37142857142857144,0.28888888888888886,0.52,25.0,0.08695652173913043,0.25,0.05263157894736842,19.0,0.35714285714285715,0.4166666666666667,0.3125,32.0,,,,
p_811,0.3423991457047936,0.35737640896839007,0.35768398268398266,0.34565715691961535,0.35628593323168795,0.37037037037037035,108.0,0.4883720930232558,0.39622641509433965,0.6363636363636364,33.0,0.35714285714285715,0.35714285714285715,0.35714285714285715,28.0,0.32,0.36363636363636365,0.2857142857142857,14.0,0.20408163265306123,0.3125,0.15151515151515152,33.0,,,,
p_812,0.3820712836123795,0.3863346747149564,0.42576297227460014,0.4937719619670406,0.49794010979456993,0.5555555555555556,108.0,0.6301369863013698,0.7666666666666667,0.5348837209302325,43.0,0.6481481481481481,0.49295774647887325,0.9459459459459459,37.0,0.25,0.2857142857142857,0.2222222222222222,9.0,0.0,0.0,0.0,19.0,,,,
p_813,0.3685554164407158,0.3963332043343653,0.37706782464846983,0.37854598853055743,0.4100930942552459,0.3888888888888889,108.0,0.45652173913043476,0.375,0.5833333333333334,36.0,0.375,0.5294117647058824,0.2903225806451613,31.0,0.2978723404255319,0.3684210526315789,0.25,28.0,0.3448275862068966,0.3125,0.38461538461538464,13.0,,,,
p_814,0.290158371040724,0.3815263605442177,0.28607357357357355,0.32511731188201776,0.37394101158982107,0.3425925925925926,108.0,0.35294117647058826,0.3125,0.40540540540540543,37.0,0.1,0.2,0.06666666666666667,15.0,0.3076923076923077,0.6666666666666666,0.2,20.0,0.4,0.3469387755102041,0.4722222222222222,36.0,,,,
p_815,0.2149122807017544,0.2294871794871795,0.2689393939393939,0.3065302144249513,0.3125356125356125,0.39814814814814814,108.0,0.5263157894736842,0.38461538461538464,0.8333333333333334,42.0,0.0,0.0,0.0,12.0,0.3333333333333333,0.5333333333333333,0.24242424242424243,33.0,0.0,0.0,0.0,21.0,,,,
p_816,0.3421592775041051,0.4245607333842628,0.3553475935828877,0.4351015629751261,0.4621495062671534,0.5092592592592593,108.0,0.6666666666666666,0.5294117647058824,0.9,50.0,0.0,0.0,0.0,19.0,0.35714285714285715,0.45454545454545453,0.29411764705882354,17.0,0.3448275862068966,0.7142857142857143,0.22727272727272727,22.0,,,,
p_817,0.36980513359189826,0.47916666666666663,0.41031746031746036,0.40351247336541457,0.4737654320987655,0.4722222222222222,108.0,0.6218487394957983,0.5,0.8222222222222222,45.0,0.41025641025641024,0.3333333333333333,0.5333333333333333,15.0,0.38461538461538464,0.8333333333333334,0.25,20.0,0.0625,0.25,0.03571428571428571,28.0,,,,
p_818,0.39593228595786145,0.5675531914893617,0.36928937045541527,0.5824052648434576,0.6102245862884161,0.6481481481481481,108.0,0.782608695652174,0.6702127659574468,0.9402985074626866,67.0,0.09523809523809523,0.2,0.0625,16.0,0.23529411764705882,0.4,0.16666666666666666,12.0,0.47058823529411764,1.0,0.3076923076923077,13.0,,,,
p_819,0.27624299719887957,0.2871968283582089,0.2963383838383838,0.3865669415914514,0.36610351022664456,0.4351851851851852,108.0,0.38235294117647056,0.40625,0.3611111111111111,36.0,0.0,0.0,0.0,16.0,0.5892857142857143,0.4925373134328358,0.7333333333333333,45.0,0.13333333333333333,0.25,0.09090909090909091,11.0,,,,
p_820,0.27795454545454545,0.3111559139784946,0.34332827260458837,0.2913636363636364,0.3578753484667463,0.3425925925925926,108.0,0.28,0.5833333333333334,0.18421052631578946,38.0,0.4,0.3548387096774194,0.4583333333333333,24.0,0.0,0.0,0.0,20.0,0.4318181818181818,0.3064516129032258,0.7307692307692307,26.0,,,,
p_821,0.3403695369657297,0.3509665621734587,0.3385865247099953,0.34857670977195915,0.36252854212624325,0.3425925925925926,108.0,0.34375,0.3333333333333333,0.3548387096774194,31.0,0.4528301886792453,0.5,0.41379310344827586,29.0,0.24489795918367346,0.20689655172413793,0.3,20.0,0.32,0.36363636363636365,0.2857142857142857,28.0,,,,
p_822,0.4187287616563933,0.4580931363718249,0.43490683229813665,0.4435071950605576,0.4659245581376728,0.48148148148148145,108.0,0.21621621621621623,0.2857142857142857,0.17391304347826086,23.0,0.4444444444444444,0.5,0.4,25.0,0.3684210526315789,0.5384615384615384,0.28,25.0,0.6458333333333334,0.5081967213114754,0.8857142857142857,35.0,,,,
p_823,0.42643254740028935,0.49875124875124877,0.5151785714285714,0.43654572686830756,0.5324397824397824,0.4722222222222222,108.0,0.5274725274725275,0.42857142857142855,0.6857142857142857,35.0,0.5405405405405406,0.38461538461538464,0.9090909090909091,11.0,0.15384615384615385,0.5,0.09090909090909091,22.0,0.4838709677419355,0.6818181818181818,0.375,40.0,,,,
p_824,0.2688000317032575,0.25386029411764705,0.34279536253220466,0.26636049539275347,0.27071078431372547,0.32407407407407407,108.0,0.45161290322580644,0.35,0.6363636363636364,22.0,0.40540540540540543,0.3125,0.5769230769230769,26.0,0.0,0.0,0.0,22.0,0.21818181818181817,0.35294117647058826,0.15789473684210525,38.0,,,,
p_825,0.3904778141480269,0.4147409880422449,0.390305829228243,0.46923590484465183,0.4613462091750475,0.5,108.0,0.6324786324786325,0.5522388059701493,0.74,50.0,0.16666666666666666,0.25,0.125,8.0,0.2127659574468085,0.2777777777777778,0.1724137931034483,29.0,0.55,0.5789473684210527,0.5238095238095238,21.0,,,,
p_826,0.270940170940171,0.2189608636977058,0.3563519813519813,0.30123456790123454,0.24269005847953215,0.39814814814814814,108.0,0.46153846153846156,0.38461538461538464,0.5769230769230769,26.0,0.6222222222222222,0.49122807017543857,0.8484848484848485,33.0,0.0,0.0,0.0,19.0,0.0,0.0,0.0,30.0,,,,
p_827,0.443050193050193,0.5281128253077763,0.45570756528417816,0.46729586729586725,0.510020402980509,0.49074074074074076,108.0,0.6,0.532258064516129,0.6875,48.0,0.4864864864864865,0.391304347826087,0.6428571428571429,14.0,0.2857142857142857,0.3888888888888889,0.22580645161290322,31.0,0.4,0.8,0.26666666666666666,15.0,,,,
p_828,0.281060606060606,0.2696681749622926,0.2961659414195341,0.3389169472502806,0.32197475001396575,0.3611111111111111,108.0,0.5,0.45098039215686275,0.5609756097560976,41.0,0.0,0.0,0.0,15.0,0.3333333333333333,0.32,0.34782608695652173,23.0,0.2909090909090909,0.3076923076923077,0.27586206896551724,29.0,,,,
p_829,0.3518018018018018,0.37665828794861056,0.35265727489564697,0.5355855855855857,0.5471535632825956,0.5555555555555556,108.0,0.6666666666666666,0.5757575757575758,0.7916666666666666,48.0,0.2,0.2857142857142857,0.15384615384615385,13.0,0.5405405405405406,0.6451612903225806,0.46511627906976744,43.0,0.0,0.0,0.0,4.0,,,,
p_830,0.2583926556968919,0.3183982683982684,0.296253454148191,0.2846137166847479,0.32249278499278494,0.3611111111111111,108.0,0.5040650406504065,0.36904761904761907,0.7948717948717948,39.0,0.10526315789473684,0.2,0.07142857142857142,14.0,0.09090909090909091,0.25,0.05555555555555555,36.0,0.3333333333333333,0.45454545454545453,0.2631578947368421,19.0,,,,
p_831,0.39187000275709954,0.40225436328377506,0.39386527215474587,0.4980419487587947,0.48255913476501705,0.5277777777777778,108.0,0.7350427350427351,0.6615384615384615,0.8269230769230769,52.0,0.3888888888888889,0.4117647058823529,0.3684210526315789,19.0,0.1935483870967742,0.25,0.15789473684210525,19.0,0.25,0.2857142857142857,0.2222222222222222,18.0,,,,
p_832,0.44544676214196766,0.47711038961038965,0.45833333333333337,0.4721265163045985,0.503968253968254,0.4722222222222222,108.0,0.525,0.4772727272727273,0.5833333333333334,36.0,0.36363636363636365,0.2857142857142857,0.5,12.0,0.4931506849315068,0.5454545454545454,0.45,40.0,0.4,0.6,0.3,20.0,,,,
p_833,0.32055137844611525,0.3680555555555556,0.3341211484593838,0.4108047897521581,0.43953423120089785,0.4537037037037037,108.0,0.5964912280701754,0.4722222222222222,0.8095238095238095,42.0,0.4,0.6363636363636364,0.2916666666666667,24.0,0.2857142857142857,0.36363636363636365,0.23529411764705882,34.0,0.0,0.0,0.0,8.0,,,,
p_834,0.3682063087526611,0.4229312354312354,0.40182555780933066,0.3692223565059924,0.3880795130795131,0.42592592592592593,108.0,0.547945205479452,0.45454545454545453,0.6896551724137931,29.0,0.38095238095238093,0.6666666666666666,0.26666666666666666,15.0,0.4883720930232558,0.40384615384615385,0.6176470588235294,34.0,0.05555555555555555,0.16666666666666666,0.03333333333333333,30.0,,,,
p_835,0.2939318745770359,0.3358477011494253,0.31007518796992484,0.4469341888696728,0.44618720732226475,0.5185185185185185,108.0,0.6713286713286714,0.5517241379310345,0.8571428571428571,56.0,0.3225806451612903,0.4166666666666667,0.2631578947368421,19.0,0.18181818181818182,0.375,0.12,25.0,0.0,0.0,0.0,8.0,,,,
p_836,0.2910905550146057,0.2981468023255814,0.301856884057971,0.3257275776263118,0.33763323643410853,0.3333333333333333,108.0,0.4,0.34375,0.4782608695652174,23.0,0.0,0.0,0.0,17.0,0.379746835443038,0.3488372093023256,0.4166666666666667,36.0,0.38461538461538464,0.5,0.3125,32.0,,,,
p_837,0.34280194440982176,0.4013032724505327,0.35250668449197864,0.4383189995429806,0.48199764642877274,0.4722222222222222,108.0,0.4225352112676056,0.5555555555555556,0.3409090909090909,44.0,0.4,0.625,0.29411764705882354,17.0,0.5486725663716814,0.4246575342465753,0.775,40.0,0.0,0.0,0.0,7.0,,,,
p_838,0.27521367521367524,0.25665374677002584,0.30171130952380953,0.31652421652421653,0.29070485213896063,0.35185185185185186,108.0,0.4,0.3488372093023256,0.46875,32.0,0.2564102564102564,0.2777777777777778,0.23809523809523808,21.0,0.4444444444444444,0.4,0.5,36.0,0.0,0.0,0.0,19.0,,,,
p_839,0.23830899865382627,0.23486842105263156,0.24774024024024027,0.28925093676051533,0.28028752436647175,0.3055555555555556,108.0,0.2972972972972973,0.2894736842105263,0.3055555555555556,36.0,0.3111111111111111,0.35,0.28,25.0,0.3448275862068966,0.3,0.40540540540540543,37.0,0.0,0.0,0.0,10.0,,,,
p_840,0.35784313725490197,0.34650735294117646,0.3795351473922903,0.5279593318809005,0.49979575163398693,0.5740740740740741,108.0,0.6470588235294118,0.6875,0.6111111111111112,36.0,0.0,0.0,0.0,14.0,0.6666666666666666,0.5735294117647058,0.7959183673469388,49.0,0.11764705882352941,0.125,0.1111111111111111,9.0,,,,
p_841,0.37044345225193986,0.41443236714975845,0.38696990424076605,0.4847212308324624,0.5001587940597602,0.5370370370370371,108.0,0.16,0.25,0.11764705882352941,17.0,0.6956521739130435,0.5555555555555556,0.9302325581395349,43.0,0.5084745762711864,0.6521739130434783,0.4166666666666667,36.0,0.11764705882352941,0.2,0.08333333333333333,12.0,,,,
p_842,0.3718307545040218,0.5879270186335404,0.3652217741935484,0.425236068580403,0.5291939843570278,0.4537037037037037,108.0,0.44155844155844154,0.3695652173913043,0.5483870967741935,31.0,0.1111111111111111,0.5,0.0625,16.0,0.5346534653465347,0.48214285714285715,0.6,45.0,0.4,1.0,0.25,16.0,,,,
p_843,0.30416523334479983,0.3256159371643394,0.31070062977957713,0.3264257836554591,0.34533755022476825,0.3333333333333333,108.0,0.4444444444444444,0.5263157894736842,0.38461538461538464,26.0,0.3157894736842105,0.24489795918367346,0.4444444444444444,27.0,0.38235294117647056,0.40625,0.3611111111111111,36.0,0.07407407407407407,0.125,0.05263157894736842,19.0,,,,
p_844,0.38431617647058824,0.3673856548856549,0.43995098039215685,0.4535653594771241,0.41798914298914297,0.5277777777777778,108.0,0.4117647058823529,0.5384615384615384,0.3333333333333333,21.0,0.688,0.581081081081081,0.8431372549019608,51.0,0.0,0.0,0.0,24.0,0.4375,0.35,0.5833333333333334,12.0,,,,
p_845,0.29604582409460456,0.3016960208741031,0.3443330427201395,0.3294503298568339,0.32966103742359454,0.39814814814814814,108.0,0.3902439024390244,0.38095238095238093,0.4,20.0,0.0,0.0,0.0,20.0,0.5272727272727272,0.3972602739726027,0.7837837837837838,37.0,0.26666666666666666,0.42857142857142855,0.1935483870967742,31.0,,,,
p_846,0.3249695245835026,0.33562450903377844,0.3449074074074074,0.3924669285295047,0.3895216897966308,0.4351851851851852,108.0,0.43478260869565216,0.5263157894736842,0.37037037037037035,27.0,0.30434782608695654,0.3684210526315789,0.25925925925925924,27.0,0.5607476635514018,0.44776119402985076,0.75,40.0,0.0,0.0,0.0,14.0,,,,
p_847,0.3353453403219211,0.30732758620689654,0.3765625,0.3836729186716176,0.34942528735632183,0.4351851851851852,108.0,0.3888888888888889,0.35,0.4375,16.0,0.5918367346938775,0.5,0.725,40.0,0.36065573770491804,0.3793103448275862,0.34375,32.0,0.0,0.0,0.0,20.0,,,,
p_848,0.42878658709860756,0.5292553191489362,0.441064544210919,0.5136949680570028,0.5496782243236145,0.5555555555555556,108.0,0.6444444444444445,0.6170212765957447,0.6744186046511628,43.0,0.1111111111111111,0.3333333333333333,0.06666666666666667,15.0,0.611764705882353,0.5,0.7878787878787878,33.0,0.34782608695652173,0.6666666666666666,0.23529411764705882,17.0,,,,
p_849,0.3660330199495529,0.37088702147525676,0.37275974025974024,0.39342191308483443,0.40565238441055435,0.3888888888888889,108.0,0.4489795918367347,0.5238095238095238,0.39285714285714285,28.0,0.28,0.28,0.28,25.0,0.2857142857142857,0.23529411764705882,0.36363636363636365,11.0,0.449438202247191,0.4444444444444444,0.45454545454545453,44.0,,,,
p_850,0.35474358974358977,0.33421997831390615,0.39850256955520114,0.405346628679962,0.3693682670200697,0.4722222222222222,108.0,0.4,0.39285714285714285,0.4074074074074074,27.0,0.66,0.532258064516129,0.868421052631579,38.0,0.0,0.0,0.0,21.0,0.358974358974359,0.4117647058823529,0.3181818181818182,22.0,,,,
p_851,0.3769903042163316,0.3924565018315018,0.38190993788819877,0.39999308149993085,0.426000118708452,0.39814814814814814,108.0,0.36363636363636365,0.3125,0.43478260869565216,23.0,0.42857142857142855,0.5714285714285714,0.34285714285714286,35.0,0.4657534246575342,0.4358974358974359,0.5,34.0,0.25,0.25,0.25,16.0,,,,
p_852,0.35156985871271584,0.3575217121588089,0.35651789489870445,0.3464532821675679,0.35165081334436177,0.35185185185185186,108.0,0.4307692307692308,0.4,0.4666666666666667,30.0,0.2857142857142857,0.375,0.23076923076923078,26.0,0.2,0.1935483870967742,0.20689655172413793,29.0,0.4897959183673469,0.46153846153846156,0.5217391304347826,23.0,,,,
p_853,0.28888888888888886,0.3096585269009331,0.32567765567765566,0.32469135802469135,0.3271825528128883,0.3888888888888889,108.0,0.5,0.3835616438356164,0.717948717948718,39.0,0.1,0.16666666666666666,0.07142857142857142,14.0,0.05555555555555555,0.16666666666666666,0.03333333333333333,30.0,0.5,0.5217391304347826,0.48,25.0,,,,
p_854,0.29001464424582135,0.30136986301369867,0.29895785440613026,0.4597935030420008,0.4552406959739756,0.5,108.0,0.391304347826087,0.5294117647058824,0.3103448275862069,29.0,0.0,0.0,0.0,10.0,0.6016260162601627,0.5068493150684932,0.74,50.0,0.45714285714285713,0.47058823529411764,0.4444444444444444,18.0,0.0,0.0,0.0,1.0
p_855,0.19929219199292192,0.19236111111111112,0.25058919803600654,0.2773313016622019,0.239429012345679,0.37962962962962965,108.0,0.0,0.0,0.0,23.0,0.06060606060606061,0.125,0.04,25.0,0.5547445255474452,0.4222222222222222,0.8085106382978723,47.0,0.18181818181818182,0.2222222222222222,0.15384615384615385,13.0,,,,
p_856,0.21156485929993135,0.18958333333333333,0.26048951048951047,0.29512697323266984,0.25339506172839504,0.37962962962962965,108.0,0.5483870967741935,0.425,0.7727272727272727,44.0,0.0,0.0,0.0,6.0,0.0,0.0,0.0,32.0,0.2978723404255319,0.3333333333333333,0.2692307692307692,26.0,,,,
p_857,0.38646812957157783,0.36949494949494954,0.4070346320346321,0.4445508727117922,0.42901234567901236,0.46296296296296297,108.0,0.4367816091954023,0.4222222222222222,0.4523809523809524,42.0,0.5333333333333333,0.48,0.6,20.0,0.5757575757575758,0.5757575757575758,0.5757575757575758,33.0,0.0,0.0,0.0,13.0,,,,
p_858,0.3317013280275396,0.3757675438596491,0.3652797202797203,0.411121521508876,0.4316520467836257,0.46296296296296297,108.0,0.13333333333333333,0.4,0.08,25.0,0.10526315789473684,0.16666666666666666,0.07692307692307693,13.0,0.45454545454545453,0.375,0.5769230769230769,26.0,0.6336633663366337,0.5614035087719298,0.7272727272727273,44.0,,,,
p_859,0.4152295853147211,0.434052059052059,0.4121756661991585,0.4193321516024384,0.4390414112636335,0.4166666666666667,108.0,0.3888888888888889,0.3333333333333333,0.4666666666666667,30.0,0.44,0.4230769230769231,0.4583333333333333,24.0,0.49056603773584906,0.5909090909090909,0.41935483870967744,31.0,0.34146341463414637,0.3888888888888889,0.30434782608695654,23.0,,,,
p_860,0.2697305278700628,0.25089031339031337,0.3116830065359477,0.29715625555418834,0.28412867996201324,0.3333333333333333,108.0,0.4186046511627907,0.34615384615384615,0.5294117647058824,34.0,0.0,0.0,0.0,21.0,0.3111111111111111,0.25,0.4117647058823529,17.0,0.3492063492063492,0.4074074074074074,0.3055555555555556,36.0,,,,
p_861,0.25029073523711076,0.22474747474747475,0.2887043189368771,0.3652256727589458,0.3250093527871305,0.42592592592592593,108.0,0.4507042253521127,0.4444444444444444,0.45714285714285713,35.0,0.0,0.0,0.0,12.0,0.5504587155963303,0.45454545454545453,0.6976744186046512,43.0,0.0,0.0,0.0,18.0,,,,
p_862,0.38084287939639916,0.5425,0.3713908640379229,0.4221568221889662,0.4908333333333334,0.46296296296296297,108.0,0.5641025641025641,0.44,0.7857142857142857,42.0,0.47058823529411764,1.0,0.3076923076923077,13.0,0.09523809523809523,0.25,0.058823529411764705,17.0,0.39344262295081966,0.48,0.3333333333333333,36.0,,,,
p_863,0.3225604951084972,0.4542134831460674,0.33142320642320644,0.45988063636874876,0.536818560133167,0.5277777777777778,108.0,0.6524822695035462,0.5168539325842697,0.8846153846153846,52.0,0.0,0.0,0.0,7.0,0.34146341463414637,0.5,0.25925925925925924,27.0,0.2962962962962963,0.8,0.18181818181818182,22.0,,,,
p_864,0.27840780070794097,0.29285714285714287,0.2936507936507936,0.3857288798850276,0.3817460317460317,0.42592592592592593,108.0,0.5391304347826087,0.44285714285714284,0.6888888888888889,45.0,0.0,0.0,0.0,7.0,0.38095238095238093,0.42857142857142855,0.34285714285714286,35.0,0.1935483870967742,0.3,0.14285714285714285,21.0,,,,
p_865,0.3483201581027668,0.36926450742240213,0.35017339861281116,0.43930244473722735,0.43352951466986556,0.46296296296296297,108.0,0.5454545454545454,0.5384615384615384,0.5526315789473685,38.0,0.34782608695652173,0.5,0.26666666666666666,15.0,0.5,0.43859649122807015,0.5813953488372093,43.0,0.0,0.0,0.0,12.0,,,,
p_866,0.25190829918032787,0.2900052742616034,0.26940614083471226,0.3687030396174863,0.36797253477105796,0.42592592592592593,108.0,0.22950819672131148,0.2916666666666667,0.1891891891891892,37.0,0.0,0.0,0.0,7.0,0.578125,0.46835443037974683,0.7551020408163265,49.0,0.2,0.4,0.13333333333333333,15.0,,,,
p_867,0.30019327980969374,0.29497354497354494,0.33659420289855074,0.42966652349643725,0.40079365079365076,0.5,108.0,0.45614035087719296,0.48148148148148145,0.43333333333333335,30.0,0.0,0.0,0.0,9.0,0.6779661016949152,0.5555555555555556,0.8695652173913043,46.0,0.06666666666666667,0.14285714285714285,0.043478260869565216,23.0,,,,
p_868,0.3465714840714841,0.4121377938067405,0.33879870129870127,0.36911997467553026,0.39519050514262555,0.37962962962962965,108.0,0.46153846153846156,0.4186046511627907,0.5142857142857142,35.0,0.25,0.5,0.16666666666666666,12.0,0.3111111111111111,0.4117647058823529,0.25,28.0,0.36363636363636365,0.3181818181818182,0.42424242424242425,33.0,,,,
p_869,0.4154398762157383,0.4262917637917638,0.4125,0.40507499099453126,0.4113607585829808,0.4074074074074074,108.0,0.27586206896551724,0.3076923076923077,0.25,32.0,0.4,0.4,0.4,20.0,0.4358974358974359,0.38636363636363635,0.5,34.0,0.55,0.6111111111111112,0.5,22.0,,,,
p_870,0.33194975033684715,0.4158008658008658,0.33034188034188033,0.39974255780707396,0.4177449094115761,0.42592592592592593,108.0,0.52,0.43333333333333335,0.65,40.0,0.18181818181818182,0.5,0.1111111111111111,9.0,0.1935483870967742,0.2727272727272727,0.15,20.0,0.43243243243243246,0.45714285714285713,0.41025641025641024,39.0,,,,
p_871,0.3462473572938689,0.3522921148282768,0.3746207209829501,0.40051092318534176,0.3893998961501372,0.4537037037037037,108.0,0.13953488372093023,0.17647058823529413,0.11538461538461539,26.0,0.7272727272727273,0.5901639344262295,0.9473684210526315,38.0,0.2,0.23076923076923078,0.17647058823529413,17.0,0.3181818181818182,0.4117647058823529,0.25925925925925924,27.0,,,,
p_872,0.34929093703809305,0.46712740384615387,0.3541330804488699,0.3728982685314764,0.44270165598290606,0.4074074074074074,108.0,0.5742574257425742,0.453125,0.7837837837837838,37.0,0.3333333333333333,0.8,0.21052631578947367,19.0,0.22641509433962265,0.23076923076923078,0.2222222222222222,27.0,0.2631578947368421,0.38461538461538464,0.2,25.0,,,,
p_873,0.39112407862407866,0.4115079365079365,0.4204696824381927,0.3804315679315679,0.40376249265138153,0.39814814814814814,108.0,0.5454545454545454,0.4444444444444444,0.7058823529411765,17.0,0.36363636363636365,0.4,0.3333333333333333,36.0,0.25,0.4444444444444444,0.17391304347826086,23.0,0.40540540540540543,0.35714285714285715,0.46875,32.0,,,,
p_874,0.28016169154228854,0.2748049052396878,0.30281954887218043,0.3260318776487931,0.31933605846649327,0.35185185185185186,108.0,0.3333333333333333,0.30434782608695654,0.3684210526315789,38.0,0.0,0.0,0.0,12.0,0.25,0.3333333333333333,0.2,30.0,0.5373134328358209,0.46153846153846156,0.6428571428571429,28.0,,,,
p_875,0.369636260301222,0.4617137355584082,0.3570570054945055,0.5112668792691527,0.533846812152332,0.5555555555555556,108.0,0.35294117647058826,0.47368421052631576,0.28125,32.0,0.4444444444444444,0.8,0.3076923076923077,13.0,0.0,0.0,0.0,7.0,0.6811594202898551,0.573170731707317,0.8392857142857143,56.0,,,,
p_876,0.40993894165535955,0.47470238095238093,0.4032212885154062,0.5409002964973114,0.5394620811287477,0.5925925925925926,108.0,0.7761194029850746,0.6666666666666666,0.9285714285714286,56.0,0.16666666666666666,0.2857142857142857,0.11764705882352941,17.0,0.36363636363636365,0.5714285714285714,0.26666666666666666,15.0,0.3333333333333333,0.375,0.3,20.0,,,,
p_877,0.3343834940253346,0.3975961538461538,0.364737713267125,0.33609515587693956,0.40053418803418805,0.37037037037037035,108.0,0.3783783783783784,0.35,0.4117647058823529,17.0,0.4470588235294118,0.36538461538461536,0.5757575757575758,33.0,0.125,0.5,0.07142857142857142,28.0,0.3870967741935484,0.375,0.4,30.0,,,,
p_878,0.34631704264476937,0.41923659956342463,0.3688973063973064,0.3541492131650561,0.4201012163024047,0.3888888888888889,108.0,0.5106382978723404,0.3870967741935484,0.75,32.0,0.23529411764705882,0.5714285714285714,0.14814814814814814,27.0,0.34146341463414637,0.3684210526315789,0.3181818181818182,22.0,0.2978723404255319,0.35,0.25925925925925924,27.0,,,,
p_879,0.305497144817783,0.5329178885630498,0.3130100893258788,0.35103201380435894,0.4552541544477029,0.3888888888888889,108.0,0.27586206896551724,0.4,0.21052631578947367,19.0,0.13333333333333333,1.0,0.07142857142857142,14.0,0.29850746268656714,0.3225806451612903,0.2777777777777778,36.0,0.5142857142857142,0.4090909090909091,0.6923076923076923,39.0,,,,
p_880,0.3315491413956887,0.32813308747412007,0.35677801343230825,0.4088027803714078,0.39420056216931215,0.4537037037037037,108.0,0.5904761904761905,0.484375,0.7560975609756098,41.0,0.0,0.0,0.0,14.0,0.30434782608695654,0.30434782608695654,0.30434782608695654,23.0,0.43137254901960786,0.5238095238095238,0.36666666666666664,30.0,,,,
p_881,0.39727664576802507,0.3962027469490156,0.41440655209452204,0.5248976837338907,0.4972080874513158,0.5740740740740741,108.0,0.4727272727272727,0.48148148148148145,0.4642857142857143,28.0,0.0,0.0,0.0,12.0,0.7413793103448276,0.6417910447761194,0.8775510204081632,49.0,0.375,0.46153846153846156,0.3157894736842105,19.0,,,,
p_882,0.36901262916188293,0.3857843137254902,0.36287878787878786,0.39078751541438106,0.41149237472766886,0.37962962962962965,108.0,0.6,0.6666666666666666,0.5454545454545454,33.0,0.24,0.2,0.3,20.0,0.3076923076923077,0.35294117647058826,0.2727272727272727,22.0,0.3283582089552239,0.3235294117647059,0.3333333333333333,33.0,,,,
p_883,0.33744747899159666,0.2995841995841996,0.3874399450926561,0.49590530656707127,0.43741433741433733,0.5740740740740741,108.0,0.7321428571428571,0.6307692307692307,0.8723404255319149,47.0,0.0,0.0,0.0,19.0,0.6176470588235294,0.5675675675675675,0.6774193548387096,31.0,0.0,0.0,0.0,11.0,,,,
p_884,0.3178846153846154,0.3298611111111111,0.33034188034188033,0.3628347578347578,0.37114197530864196,0.37962962962962965,108.0,0.25,0.3333333333333333,0.2,30.0,0.13333333333333333,0.16666666666666666,0.1111111111111111,9.0,0.46153846153846156,0.375,0.6,30.0,0.4266666666666667,0.4444444444444444,0.41025641025641024,39.0,,,,
p_885,0.29453369207823826,0.30534401260504207,0.29861111111111105,0.3128064723915545,0.32597309757236226,0.3148148148148148,108.0,0.36619718309859156,0.40625,0.3333333333333333,39.0,0.2926829268292683,0.35294117647058826,0.25,24.0,0.17142857142857143,0.17647058823529413,0.16666666666666666,18.0,0.34782608695652173,0.2857142857142857,0.4444444444444444,27.0,,,,
p_886,0.34517004601668105,0.4295886075949367,0.36101548855593346,0.4005721460603543,0.4401781528363806,0.46296296296296297,108.0,0.3157894736842105,0.4,0.2608695652173913,23.0,0.375,0.6,0.2727272727272727,22.0,0.08333333333333333,0.25,0.05,20.0,0.6065573770491803,0.46835443037974683,0.8604651162790697,43.0,,,,
p_887,0.18808333333333335,0.15527065527065526,0.24037487335359675,0.27725,0.22570433681544794,0.3611111111111111,108.0,0.544,0.4358974358974359,0.723404255319149,47.0,0.20833333333333334,0.18518518518518517,0.23809523809523808,21.0,0.0,0.0,0.0,15.0,0.0,0.0,0.0,25.0,,,,
p_888,0.4381179664848395,0.5201632553606238,0.43814277071990315,0.43570002074904035,0.5063871742112483,0.4444444444444444,108.0,0.42105263157894735,0.631578947368421,0.3157894736842105,38.0,0.4444444444444444,0.6666666666666666,0.3333333333333333,12.0,0.39285714285714285,0.4074074074074074,0.3793103448275862,29.0,0.49411764705882355,0.375,0.7241379310344828,29.0,,,,
p_889,0.39590954590954586,0.4582378137065637,0.3987220916568743,0.5403042773413144,0.5636987433862434,0.5740740740740741,108.0,0.6727272727272727,0.578125,0.8043478260869565,46.0,0.0,0.0,0.0,5.0,0.5405405405405406,0.5405405405405406,0.5405405405405406,37.0,0.37037037037037035,0.7142857142857143,0.25,20.0,,,,
p_890,0.4173094582185491,0.5261444674488153,0.39065934065934066,0.4851324694759039,0.5117573635287002,0.5092592592592593,108.0,0.2909090909090909,0.2962962962962963,0.2857142857142857,28.0,0.4444444444444444,0.8,0.3076923076923077,13.0,0.6611570247933884,0.5797101449275363,0.7692307692307693,52.0,0.2727272727272727,0.42857142857142855,0.2,15.0,,,,
p_891,0.33534278959810876,0.39796348314606744,0.34812753036437244,0.43967253305314774,0.4444574490220558,0.5185185185185185,108.0,0.2222222222222222,0.375,0.15789473684210525,19.0,0.4666666666666667,0.7,0.35,20.0,0.6524822695035462,0.5168539325842697,0.8846153846153846,52.0,0.0,0.0,0.0,17.0,,,,
p_892,0.27742689105306767,0.27911793372319693,0.29583610188261356,0.44831048670881335,0.44450987293336225,0.48148148148148145,108.0,0.48484848484848486,0.42105263157894735,0.5714285714285714,28.0,0.0,0.0,0.0,6.0,0.5979381443298969,0.5370370370370371,0.6744186046511628,43.0,0.30434782608695654,0.4375,0.23333333333333334,30.0,0.0,0.0,0.0,1.0
p_893,0.385620779822587,0.3786139455782313,0.4034738895558223,0.5116191260769574,0.51017258755354,0.5277777777777778,108.0,0.5301204819277109,0.4489795918367347,0.6470588235294118,34.0,0.0,0.0,0.0,9.0,0.6373626373626373,0.6904761904761905,0.5918367346938775,49.0,0.375,0.375,0.375,16.0,,,,
p_894,0.33625464332584465,0.5119236883942767,0.35185185185185186,0.4856657266738011,0.5143378672790437,0.5370370370370371,108.0,0.6557377049180327,0.5882352941176471,0.7407407407407407,54.0,0.18181818181818182,1.0,0.1,10.0,0.0,0.0,0.0,14.0,0.5074626865671642,0.4594594594594595,0.5666666666666667,30.0,,,,
p_895,0.4167732411266894,0.5243055555555556,0.40719696969696967,0.4569298836540216,0.5128600823045267,0.49074074074074076,108.0,0.38095238095238093,0.4444444444444444,0.3333333333333333,24.0,0.3076923076923077,0.6666666666666666,0.2,20.0,0.375,0.5,0.3,20.0,0.603448275862069,0.4861111111111111,0.7954545454545454,44.0,,,,
p_896,0.3579888027562446,0.40213554720133665,0.3439594461266288,0.4571258812645549,0.45602606052167444,0.48148148148148145,108.0,0.6356589147286822,0.5694444444444444,0.7192982456140351,57.0,0.3,0.42857142857142855,0.23076923076923078,13.0,0.2962962962962963,0.4,0.23529411764705882,17.0,0.2,0.21052631578947367,0.19047619047619047,21.0,,,,
p_897,0.4018567377878288,0.4560192458758837,0.40313557901793196,0.4205945531713465,0.44558530447179306,0.4537037037037037,108.0,0.43478260869565216,0.5263157894736842,0.37037037037037035,27.0,0.4444444444444444,0.6,0.35294117647058826,17.0,0.16216216216216217,0.25,0.12,25.0,0.5660377358490566,0.44776119402985076,0.7692307692307693,39.0,,,,
p_898,0.26976503442630845,0.26598639455782314,0.3074127906976744,0.36318061284357206,0.33965734441924916,0.4166666666666667,108.0,0.5652173913043478,0.5306122448979592,0.6046511627906976,43.0,0.09523809523809523,0.2,0.0625,16.0,0.4186046511627907,0.3333333333333333,0.5625,32.0,0.0,0.0,0.0,17.0,,,,
p_899,0.3739964525765497,0.4005870235144369,0.37097768132250886,0.4436993472187647,0.4432216726339792,0.46296296296296297,108.0,0.5825242718446602,0.5084745762711864,0.6818181818181818,44.0,0.15384615384615385,0.25,0.1111111111111111,9.0,0.38461538461538464,0.43478260869565216,0.3448275862068966,29.0,0.375,0.4090909090909091,0.34615384615384615,26.0,,,,
p_900,0.2893120393120393,0.33422939068100355,0.3180944055944056,0.4226726726726727,0.3968870303995751,0.5277777777777778,108.0,0.7027027027027027,0.5591397849462365,0.9454545454545454,55.0,0.09090909090909091,0.1111111111111111,0.07692307692307693,13.0,0.36363636363636365,0.6666666666666666,0.25,16.0,0.0,0.0,0.0,24.0,,,,
p_901,0.2980737772990603,0.3681972789115646,0.2866442767758557,0.3034902475293759,0.3453955656336609,0.3055555555555556,108.0,0.3225806451612903,0.30612244897959184,0.3409090909090909,44.0,0.29411764705882354,0.23809523809523808,0.38461538461538464,26.0,0.23076923076923078,0.42857142857142855,0.15789473684210525,19.0,0.3448275862068966,0.5,0.2631578947368421,19.0,,,,
p_902,0.3467789811777421,0.3188526872737399,0.38272960875331563,0.3675510204656924,0.3366659962663861,0.4074074074074074,108.0,0.35135135135135137,0.30952380952380953,0.40625,32.0,0.5283018867924528,0.5185185185185185,0.5384615384615384,26.0,0.0,0.0,0.0,21.0,0.5074626865671642,0.4473684210526316,0.5862068965517241,29.0,,,,
p_903,0.2668037912839554,0.45555555555555555,0.3092578436056697,0.3062173654991713,0.4329218106995885,0.39814814814814814,108.0,0.11764705882352941,0.2222222222222222,0.08,25.0,0.5581395348837209,0.4,0.9230769230769231,39.0,0.32,1.0,0.19047619047619047,21.0,0.07142857142857142,0.2,0.043478260869565216,23.0,,,,
p_904,0.31604668008905645,0.29049744897959184,0.35511381160940103,0.29435760529099403,0.27729355631141345,0.32407407407407407,108.0,0.3614457831325301,0.375,0.3488372093023256,43.0,0.6206896551724138,0.5625,0.6923076923076923,13.0,0.0,0.0,0.0,23.0,0.28205128205128205,0.22448979591836735,0.3793103448275862,29.0,,,,
p_905,0.29044294192572845,0.30942483660130715,0.2807716635041113,0.3658231902877385,0.39171447591382236,0.35185185185185186,108.0,0.1568627450980392,0.13333333333333333,0.19047619047619047,21.0,0.5263157894736842,0.5882352941176471,0.47619047619047616,21.0,0.3283582089552239,0.3055555555555556,0.3548387096774194,31.0,0.4406779661016949,0.52,0.38235294117647056,34.0,0.0,0.0,0.0,1.0
p_906,0.3442890442890442,0.39865506329113926,0.36834733893557425,0.4378097211430544,0.4594966010314112,0.5092592592592593,108.0,0.6923076923076923,0.569620253164557,0.8823529411764706,51.0,0.36363636363636365,0.375,0.35294117647058826,17.0,0.12121212121212122,0.4,0.07142857142857142,28.0,0.2,0.25,0.16666666666666666,12.0,,,,
p_907,0.2669925174556449,0.31937056737588654,0.30084714136438273,0.2709031028766602,0.3306819674284213,0.2962962962962963,108.0,0.23529411764705882,0.4,0.16666666666666666,36.0,0.14285714285714285,0.3333333333333333,0.09090909090909091,22.0,0.39473684210526316,0.3191489361702128,0.5172413793103449,29.0,0.29508196721311475,0.225,0.42857142857142855,21.0,,,,
p_908,0.30423405211141064,0.3463430226489928,0.31687958584243414,0.3251414262420552,0.3412794709436501,0.3611111111111111,108.0,0.4716981132075472,0.373134328358209,0.6410256410256411,39.0,0.4,0.45454545454545453,0.35714285714285715,14.0,0.25,0.3076923076923077,0.21052631578947367,38.0,0.09523809523809523,0.25,0.058823529411764705,17.0,,,,
p_909,0.33002931732514307,0.40169020111253745,0.3611261940673705,0.3942123951198361,0.4416947970649297,0.4444444444444444,108.0,0.13793103448275862,0.5,0.08,25.0,0.5714285714285714,0.5365853658536586,0.6111111111111112,36.0,0.5054945054945055,0.40350877192982454,0.6764705882352942,34.0,0.10526315789473684,0.16666666666666666,0.07692307692307693,13.0,,,,
p_910,0.2742965367965368,0.3244745845552297,0.300016835016835,0.3207010582010582,0.3511549183592194,0.37037037037037035,108.0,0.32142857142857145,0.2903225806451613,0.36,25.0,0.2,0.25,0.16666666666666666,12.0,0.509090909090909,0.42424242424242425,0.6363636363636364,44.0,0.06666666666666667,0.3333333333333333,0.037037037037037035,27.0,,,,
p_911,0.42270401803618074,0.44093822843822844,0.41821969920441904,0.43626688232363553,0.4401461193127859,0.4444444444444444,108.0,0.5679012345679012,0.5227272727272727,0.6216216216216216,37.0,0.3582089552238806,0.3333333333333333,0.3870967741935484,31.0,0.5294117647058824,0.6,0.47368421052631576,19.0,0.23529411764705882,0.3076923076923077,0.19047619047619047,21.0,,,,
p_912,0.25254629629629627,0.2522273425499232,0.26149068322981367,0.3241598079561043,0.3350543323661603,0.32407407407407407,108.0,0.375,0.3333333333333333,0.42857142857142855,28.0,0.0,0.0,0.0,12.0,0.18518518518518517,0.16129032258064516,0.21739130434782608,23.0,0.45,0.5142857142857142,0.4,45.0,,,,
p_913,0.22427536231884057,0.20541885015569228,0.2709067418369744,0.27859634997316157,0.23791310487216918,0.3611111111111111,108.0,0.5666666666666667,0.44155844155844154,0.7906976744186046,43.0,0.2,0.2222222222222222,0.18181818181818182,11.0,0.0,0.0,0.0,27.0,0.13043478260869565,0.15789473684210525,0.1111111111111111,27.0,,,,
p_914,0.3934328342223079,0.4288564279434639,0.4001322751322751,0.4306822969103671,0.4561382746105814,0.4444444444444444,108.0,0.5263157894736842,0.4716981132075472,0.5952380952380952,42.0,0.47619047619047616,0.6666666666666666,0.37037037037037035,27.0,0.14814814814814814,0.2222222222222222,0.1111111111111111,18.0,0.4230769230769231,0.3548387096774194,0.5238095238095238,21.0,,,,
p_915,0.36403059839796525,0.38506443633171744,0.35989583333333336,0.4060326018747557,0.4058447099921754,0.4166666666666667,108.0,0.5168539325842697,0.46938775510204084,0.575,40.0,0.30434782608695654,0.3181818181818182,0.2916666666666667,24.0,0.2222222222222222,0.3333333333333333,0.16666666666666666,12.0,0.4126984126984127,0.41935483870967744,0.40625,32.0,,,,
p_916,0.3887085137085137,0.4111111111111111,0.39431366047745353,0.42133637966971293,0.4261316872427983,0.4351851851851852,108.0,0.5,0.4666666666666667,0.5384615384615384,39.0,0.4444444444444444,0.4,0.5,24.0,0.18181818181818182,0.3333333333333333,0.125,16.0,0.42857142857142855,0.4444444444444444,0.41379310344827586,29.0,,,,
p_917,0.3478943629497613,0.43487917555081734,0.4283910533910534,0.3933746738250894,0.5165672957961515,0.48148148148148145,108.0,0.5263157894736842,0.42857142857142855,0.6818181818181818,22.0,0.24390243902439024,0.8333333333333334,0.14285714285714285,35.0,0.6213592233009708,0.47761194029850745,0.8888888888888888,36.0,0.0,0.0,0.0,15.0,,,,
p_918,0.23976769911504425,0.2122326203208556,0.2801075268817204,0.35100172074729596,0.3065829867300455,0.4166666666666667,108.0,0.584070796460177,0.4852941176470588,0.7333333333333333,45.0,0.0,0.0,0.0,21.0,0.375,0.36363636363636365,0.3870967741935484,31.0,0.0,0.0,0.0,11.0,,,,
p_919,0.41377641965877265,0.511525974025974,0.42773085302497066,0.46236312706900945,0.5193823152156486,0.5092592592592593,108.0,0.6476190476190476,0.5151515151515151,0.8717948717948718,39.0,0.4727272727272727,0.4642857142857143,0.48148148148148145,27.0,0.18181818181818182,0.4,0.11764705882352941,17.0,0.35294117647058826,0.6666666666666666,0.24,25.0,,,,
p_920,0.3625858250276855,0.37246212121212124,0.36842556842556845,0.39350518846642873,0.4005036475869809,0.39814814814814814,108.0,0.45714285714285713,0.48484848484848486,0.43243243243243246,37.0,0.32558139534883723,0.28,0.3888888888888889,18.0,0.4533333333333333,0.425,0.4857142857142857,35.0,0.21428571428571427,0.3,0.16666666666666666,18.0,,,,
p_921,0.34642402376910014,0.34930619975262833,0.36811942347288945,0.46814791234358305,0.45969724169128934,0.5,108.0,0.6526315789473685,0.6458333333333334,0.6595744680851063,47.0,0.475,0.3877551020408163,0.6129032258064516,31.0,0.25806451612903225,0.36363636363636365,0.2,20.0,0.0,0.0,0.0,10.0,,,,
p_922,0.30685187129415764,0.3234126984126984,0.3291406601439496,0.36497415839813174,0.365814226925338,0.4074074074074074,108.0,0.08333333333333333,0.16666666666666666,0.05555555555555555,18.0,0.21621621621621623,0.2222222222222222,0.21052631578947367,19.0,0.33962264150943394,0.42857142857142855,0.28125,32.0,0.5882352941176471,0.47619047619047616,0.7692307692307693,39.0,,,,
p_923,0.3545411220043573,0.5024400684931507,0.3822506157635468,0.3699366577906883,0.519482496194825,0.4166666666666667,108.0,0.5370370370370371,0.3972602739726027,0.8285714285714286,35.0,0.23529411764705882,0.8,0.13793103448275862,29.0,0.3125,0.3125,0.3125,16.0,0.3333333333333333,0.5,0.25,28.0,,,,
p_924,0.3267066467045798,0.38916040100250626,0.3317053317053317,0.3548258572752165,0.3834911352455212,0.39814814814814814,108.0,0.5084745762711864,0.39473684210526316,0.7142857142857143,42.0,0.3902439024390244,0.5333333333333333,0.3076923076923077,26.0,0.10810810810810811,0.2,0.07407407407407407,27.0,0.3,0.42857142857142855,0.23076923076923078,13.0,,,,
p_925,0.21768559527575662,0.2552397719651241,0.2579573934837093,0.2702665295792471,0.28294768611670024,0.3333333333333333,108.0,0.47706422018348627,0.36619718309859156,0.6842105263157895,38.0,0.3103448275862069,0.32142857142857145,0.3,30.0,0.0,0.0,0.0,19.0,0.08333333333333333,0.3333333333333333,0.047619047619047616,21.0,,,,
p_926,0.3337748136096411,0.3395872237784002,0.34573211875843457,0.4000473682951731,0.3953153277772014,0.42592592592592593,108.0,0.5423728813559322,0.5925925925925926,0.5,32.0,0.1,0.125,0.08333333333333333,12.0,0.13953488372093023,0.17647058823529413,0.11538461538461539,26.0,0.5531914893617021,0.4642857142857143,0.6842105263157895,38.0,,,,
p_927,0.36936026936026933,0.3568557032590051,0.3931394692264258,0.4803092654944507,0.46277436312813663,0.5092592592592593,108.0,0.4,0.45454545454545453,0.35714285714285715,28.0,0.7070707070707071,0.660377358490566,0.7608695652173914,46.0,0.37037037037037035,0.3125,0.45454545454545453,22.0,0.0,0.0,0.0,12.0,,,,
p_928,0.21749084249084247,0.22896341463414635,0.2855001070893125,0.25812304978971645,0.25513775971093045,0.35185185185185186,108.0,0.07142857142857142,0.2,0.043478260869565216,23.0,0.2857142857142857,0.35,0.2413793103448276,29.0,0.5128205128205128,0.36585365853658536,0.8571428571428571,35.0,0.0,0.0,0.0,21.0,,,,
p_929,0.27994505494505495,0.33367346938775505,0.2964707756012104,0.30831298331298335,0.3420256991685563,0.3333333333333333,108.0,0.05714285714285714,0.1,0.04,25.0,0.5,0.4489795918367347,0.5641025641025641,39.0,0.2857142857142857,0.5714285714285714,0.19047619047619047,21.0,0.27692307692307694,0.21428571428571427,0.391304347826087,23.0,,,,
p_930,0.40710835058661143,0.40608846430674606,0.4146938259109312,0.42187971270096875,0.43267028724726814,0.4166666666666667,108.0,0.5714285714285714,0.5806451612903226,0.5625,32.0,0.43478260869565216,0.4838709677419355,0.39473684210526316,38.0,0.2222222222222222,0.20689655172413793,0.24,25.0,0.4,0.35294117647058826,0.46153846153846156,13.0,,,,
p_931,0.30287723785166243,0.3041666666666667,0.3576431888544892,0.39677465188974137,0.37422839506172845,0.4722222222222222,108.0,0.49411764705882355,0.4666666666666667,0.525,40.0,0.08695652173913043,0.25,0.05263157894736842,19.0,0.0,0.0,0.0,15.0,0.6304347826086957,0.5,0.8529411764705882,34.0,,,,
p_932,0.33687943262411346,0.40511339323919554,0.3544314971751412,0.49046493301812444,0.5225122426662863,0.5462962962962963,108.0,0.6808510638297872,0.5853658536585366,0.8135593220338984,59.0,0.26666666666666666,0.6666666666666666,0.16666666666666666,24.0,0.4,0.3684210526315789,0.4375,16.0,0.0,0.0,0.0,9.0,,,,
p_933,0.38516721733600134,0.3889522058823529,0.38995472552348615,0.37680365033157925,0.38292960239651413,0.37962962962962965,108.0,0.3793103448275862,0.44,0.3333333333333333,33.0,0.5263157894736842,0.46875,0.6,25.0,0.24615384615384617,0.23529411764705882,0.25806451612903225,31.0,0.3888888888888889,0.4117647058823529,0.3684210526315789,19.0,,,,
p_934,0.3594068094068094,0.37888755980861244,0.3597319347319347,0.4017940017940018,0.41533758639021795,0.4074074074074074,108.0,0.36363636363636365,0.45454545454545453,0.30303030303030304,33.0,0.44155844155844154,0.4473684210526316,0.4358974358974359,39.0,0.43243243243243246,0.36363636363636365,0.5333333333333333,30.0,0.2,0.25,0.16666666666666666,6.0,,,,
p_935,0.4136978697182202,0.6294957983193277,0.4243816906607605,0.4860189377242326,0.5866044195455961,0.5277777777777778,108.0,0.45901639344262296,0.56,0.3888888888888889,36.0,0.13333333333333333,1.0,0.07142857142857142,14.0,0.6486486486486487,0.5294117647058824,0.8372093023255814,43.0,0.41379310344827586,0.42857142857142855,0.4,15.0,,,,
p_936,0.3182266840001926,0.30484068627450983,0.3431660231660232,0.3935758065350246,0.3762595315904139,0.42592592592592593,108.0,0.5813953488372093,0.49019607843137253,0.7142857142857143,35.0,0.0,0.0,0.0,11.0,0.4057971014492754,0.4375,0.3783783783783784,37.0,0.2857142857142857,0.2916666666666667,0.28,25.0,,,,
p_937,0.3620801033591731,0.4943181818181818,0.3492539138943248,0.6358503206048426,0.6397306397306397,0.7129629629629629,108.0,0.8372093023255814,0.7272727272727273,0.9863013698630136,73.0,0.4444444444444444,1.0,0.2857142857142857,14.0,0.0,0.0,0.0,13.0,0.16666666666666666,0.25,0.125,8.0,,,,
p_938,0.42453289092197666,0.4045138888888889,0.4588100686498856,0.50658164446258,0.4911908436213992,0.5370370370370371,108.0,0.6545454545454545,0.5625,0.782608695652174,23.0,0.0,0.0,0.0,9.0,0.4411764705882353,0.5,0.39473684210526316,38.0,0.6024096385542169,0.5555555555555556,0.6578947368421053,38.0,,,,
p_939,0.23871822033898304,0.23884158926728588,0.27471532091097306,0.2900894538606403,0.26595765011657685,0.3611111111111111,108.0,0.5423728813559322,0.42105263157894735,0.7619047619047619,42.0,0.3125,0.4166666666666667,0.25,20.0,0.1,0.11764705882352941,0.08695652173913043,23.0,0.0,0.0,0.0,23.0,,,,
p_940,0.28111799493100537,0.27367109634551495,0.328125,0.4326793704433806,0.40187030884705305,0.5277777777777778,108.0,0.4528301886792453,0.5714285714285714,0.375,32.0,0.6716417910447762,0.5232558139534884,0.9375,48.0,0.0,0.0,0.0,18.0,0.0,0.0,0.0,10.0,,,,
p_941,0.30874414543145196,0.3620148352596171,0.3355111139637994,0.3399258788835673,0.40180840664711637,0.35185185185185186,108.0,0.39215686274509803,0.5882352941176471,0.29411764705882354,34.0,0.10526315789473684,0.2,0.07142857142857142,14.0,0.38461538461538464,0.2727272727272727,0.6521739130434783,23.0,0.35294117647058826,0.3870967741935484,0.32432432432432434,37.0,,,,
p_942,0.37772850455777285,0.5221052631578947,0.3767361111111111,0.4424114678857226,0.5168810916179337,0.48148148148148145,108.0,0.6341463414634146,0.52,0.8125,48.0,0.2545454545454545,0.3684210526315789,0.19444444444444445,36.0,0.2222222222222222,0.2,0.25,8.0,0.4,1.0,0.25,16.0,,,,
p_943,0.3908092235686923,0.45031094527363186,0.38352743271221534,0.41309264144974916,0.44629399299797307,0.4351851851851852,108.0,0.5233644859813084,0.417910447761194,0.7,40.0,0.3684210526315789,0.4666666666666667,0.30434782608695654,23.0,0.3684210526315789,0.5,0.2916666666666667,24.0,0.30303030303030304,0.4166666666666667,0.23809523809523808,21.0,,,,
p_944,0.3438332754026185,0.5112449799196788,0.3472222222222222,0.48947431094633037,0.602119589468987,0.5462962962962963,108.0,0.7007299270072993,0.5783132530120482,0.8888888888888888,54.0,0.2857142857142857,1.0,0.16666666666666666,24.0,0.3888888888888889,0.4666666666666667,0.3333333333333333,21.0,0.0,0.0,0.0,9.0,,,,
p_945,0.304720536863394,0.32005348305039644,0.30861629881154495,0.37156374061135966,0.3855741617835173,0.37962962962962965,108.0,0.40476190476190477,0.3695652173913043,0.4473684210526316,38.0,0.32432432432432434,0.27906976744186046,0.3870967741935484,31.0,0.4897959183673469,0.631578947368421,0.4,30.0,0.0,0.0,0.0,9.0,,,,
p_946,0.35514461830251304,0.3549890350877193,0.36892157860802877,0.4772140561614246,0.46585648148148145,0.5092592592592593,108.0,0.45614035087719296,0.5416666666666666,0.3939393939393939,33.0,0.3157894736842105,0.3157894736842105,0.3157894736842105,19.0,0.6486486486486487,0.5625,0.7659574468085106,47.0,0.0,0.0,0.0,9.0,,,,
p_947,0.4557891705069125,0.4669642857142857,0.4624624624624625,0.5465576463560334,0.5531084656084656,0.5648148148148148,108.0,0.4838709677419355,0.6,0.40540540540540543,37.0,0.7142857142857143,0.625,0.8333333333333334,42.0,0.5,0.5,0.5,20.0,0.125,0.14285714285714285,0.1111111111111111,9.0,,,,
p_948,0.3398207527333894,0.3347222222222222,0.3634559884559885,0.3911579525278011,0.3771604938271605,0.42592592592592593,108.0,0.43902439024390244,0.45,0.42857142857142855,42.0,0.4375,0.5,0.3888888888888889,18.0,0.4827586206896552,0.3888888888888889,0.6363636363636364,33.0,0.0,0.0,0.0,15.0,,,,
p_949,0.346322029225255,0.4255268199233716,0.38306349582081756,0.34589794647142313,0.40016141620547746,0.39814814814814814,108.0,0.5111111111111111,0.39655172413793105,0.71875,32.0,0.32,0.6666666666666666,0.21052631578947367,19.0,0.10256410256410256,0.25,0.06451612903225806,31.0,0.45161290322580644,0.3888888888888889,0.5384615384615384,26.0,,,,
p_950,0.36496155685538756,0.3898667122351333,0.39067028985507246,0.4260710329576901,0.4229892914103441,0.49074074074074076,108.0,0.6016260162601627,0.4805194805194805,0.8043478260869565,46.0,0.0,0.0,0.0,18.0,0.29411764705882354,0.5,0.20833333333333334,24.0,0.5641025641025641,0.5789473684210527,0.55,20.0,,,,
p_951,0.30413547804852153,0.2879577977201067,0.3238407258064516,0.34815247375633845,0.32993550183702985,0.37037037037037035,108.0,0.4057971014492754,0.3684210526315789,0.45161290322580644,31.0,0.0,0.0,0.0,15.0,0.3492063492063492,0.3548387096774194,0.34375,32.0,0.46153846153846156,0.42857142857142855,0.5,30.0,,,,
p_952,0.3442228368536401,0.3509513742071882,0.3711783050018344,0.41444234959341814,0.43377574191527685,0.4351851851851852,108.0,0.4745762711864407,0.6363636363636364,0.3783783783783784,37.0,0.43478260869565216,0.3488372093023256,0.5769230769230769,26.0,0.4675324675324675,0.4186046511627907,0.5294117647058824,34.0,0.0,0.0,0.0,11.0,,,,
p_953,0.3436257677612806,0.3448778233260992,0.35356556415669715,0.4294919744428861,0.4103967020633687,0.46296296296296297,108.0,0.5391304347826087,0.4696969696969697,0.6326530612244898,49.0,0.0,0.0,0.0,12.0,0.4482758620689655,0.4482758620689655,0.4482758620689655,29.0,0.3870967741935484,0.46153846153846156,0.3333333333333333,18.0,,,,
p_954,0.2743089430894309,0.3066801619433198,0.29097716799329704,0.3723697681421258,0.39211276053381316,0.4166666666666667,108.0,0.5333333333333333,0.42105263157894735,0.7272727272727273,44.0,0.24390243902439024,0.38461538461538464,0.17857142857142858,28.0,0.32,0.42105263157894735,0.25806451612903225,31.0,0.0,0.0,0.0,5.0,,,,
p_955,0.3341172102234049,0.3287828947368421,0.3495388540031397,0.4974512540884222,0.4695845516569201,0.5370370370370371,108.0,0.6371681415929203,0.5625,0.7346938775510204,49.0,0.15384615384615385,0.2,0.125,8.0,0.5454545454545454,0.5526315789473685,0.5384615384615384,39.0,0.0,0.0,0.0,12.0,,,,
p_956,0.3468045112781955,0.3553571428571428,0.3784013605442177,0.4276315789473684,0.391468253968254,0.5185185185185185,108.0,0.6766917293233082,0.5357142857142857,0.9183673469387755,49.0,0.0,0.0,0.0,26.0,0.5,0.6,0.42857142857142855,21.0,0.21052631578947367,0.2857142857142857,0.16666666666666666,12.0,,,,
p_957,0.3805820105820106,0.4976190476190476,0.3704481792717087,0.5027924750146971,0.5745149911816578,0.5462962962962963,108.0,0.6518518518518519,0.5238095238095238,0.8627450980392157,51.0,0.19047619047619047,0.3333333333333333,0.13333333333333333,15.0,0.48,0.8,0.34285714285714286,35.0,0.2,0.3333333333333333,0.14285714285714285,7.0,,,,
p_958,0.22752975043051377,0.25137420718816067,0.2708259061200238,0.3206054513659829,0.3267011197243756,0.4074074074074074,108.0,0.5801526717557252,0.4418604651162791,0.8444444444444444,45.0,0.18181818181818182,0.36363636363636365,0.12121212121212122,33.0,0.14814814814814814,0.2,0.11764705882352941,17.0,0.0,0.0,0.0,13.0,,,,
p_959,0.2825161175844325,0.28998778998778996,0.2928294573643411,0.3392863792993917,0.329150273594718,0.37037037037037035,108.0,0.49056603773584906,0.4126984126984127,0.6046511627906976,43.0,0.36363636363636365,0.46153846153846156,0.3,20.0,0.27586206896551724,0.2857142857142857,0.26666666666666666,30.0,0.0,0.0,0.0,15.0,,,,
p_960,0.3879886103768313,0.40962938205585264,0.41249655362558585,0.39492191998971937,0.39618818908034603,0.4537037037037037,108.0,0.37209302325581395,0.47058823529411764,0.3076923076923077,26.0,0.6140350877192983,0.4861111111111111,0.8333333333333334,42.0,0.09523809523809523,0.18181818181818182,0.06451612903225806,31.0,0.47058823529411764,0.5,0.4444444444444444,9.0,,,,
p_961,0.2970979020979021,0.28407382091592615,0.3250396825396825,0.3951243201243201,0.371639325586694,0.4351851851851852,108.0,0.58,0.5272727272727272,0.6444444444444445,45.0,0.15384615384615385,0.21428571428571427,0.12,25.0,0.45454545454545453,0.39473684210526316,0.5357142857142857,28.0,0.0,0.0,0.0,10.0,,,,
p_962,0.3091962861699704,0.3241452991452991,0.30032127715951246,0.3101171489329384,0.3202279202279202,0.3055555555555556,108.0,0.42857142857142855,0.5,0.375,24.0,0.24242424242424243,0.2222222222222222,0.26666666666666666,30.0,0.3157894736842105,0.3076923076923077,0.32432432432432434,37.0,0.25,0.26666666666666666,0.23529411764705882,17.0,,,,
p_963,0.32321912504839334,0.3158953722334004,0.34226190476190477,0.43341613971695275,0.4033646322378717,0.48148148148148145,108.0,0.6341463414634146,0.5492957746478874,0.75,52.0,0.2777777777777778,0.3333333333333333,0.23809523809523808,21.0,0.38095238095238093,0.38095238095238093,0.38095238095238093,21.0,0.0,0.0,0.0,14.0,,,,
p_964,0.37523881347410765,0.5411255411255411,0.37461560878941536,0.41685846228329887,0.5234086900753568,0.46296296296296297,108.0,0.6,0.4675324675324675,0.8372093023255814,43.0,0.38461538461538464,1.0,0.23809523809523808,21.0,0.2222222222222222,0.36363636363636365,0.16,25.0,0.29411764705882354,0.3333333333333333,0.2631578947368421,19.0,,,,
p_965,0.3321040372670807,0.3654022988505747,0.34198209198209195,0.5622771451575799,0.5488590889740316,0.6018518518518519,108.0,0.7391304347826086,0.68,0.8095238095238095,63.0,0.4642857142857143,0.4482758620689655,0.48148148148148145,27.0,0.125,0.3333333333333333,0.07692307692307693,13.0,0.0,0.0,0.0,5.0,,,,
p_966,0.38024723441390107,0.46183589843919826,0.3723214285714286,0.3861456423184818,0.4407702885703842,0.3888888888888889,108.0,0.41975308641975306,0.4146341463414634,0.425,40.0,0.3076923076923077,0.6666666666666666,0.2,20.0,0.43243243243243246,0.47058823529411764,0.4,20.0,0.3611111111111111,0.29545454545454547,0.4642857142857143,28.0,,,,
p_967,0.3905695611577965,0.4454022988505747,0.38588818588818585,0.4163294947608673,0.43429118773946357,0.42592592592592593,108.0,0.4126984126984127,0.43333333333333335,0.3939393939393939,33.0,0.45,0.4,0.5142857142857142,35.0,0.4642857142857143,0.4482758620689655,0.48148148148148145,27.0,0.23529411764705882,0.5,0.15384615384615385,13.0,,,,
p_968,0.33936300530828906,0.3859307359307359,0.34826149425287356,0.34349772393872025,0.37914862914862907,0.3611111111111111,108.0,0.5316455696202531,0.42857142857142855,0.7,30.0,0.4,0.6363636363636364,0.2916666666666667,24.0,0.22580645161290322,0.21212121212121213,0.2413793103448276,29.0,0.2,0.26666666666666666,0.16,25.0,,,,
p_969,0.3366095209513449,0.3555639097744361,0.3532801418439716,0.4462346767369838,0.4399554441659705,0.5,108.0,0.639344262295082,0.52,0.8297872340425532,47.0,0.391304347826087,0.47368421052631576,0.3333333333333333,27.0,0.3157894736842105,0.42857142857142855,0.25,24.0,0.0,0.0,0.0,10.0,,,,
p_970,0.3270016339869281,0.3137720156555773,0.3536931818181818,0.43036643669813607,0.3970355874465464,0.48148148148148145,108.0,0.625,0.547945205479452,0.7272727272727273,55.0,0.3888888888888889,0.35,0.4375,16.0,0.29411764705882354,0.35714285714285715,0.25,20.0,0.0,0.0,0.0,17.0,,,,
p_971,0.443374525422467,0.528052995391705,0.4321428571428571,0.4575977898541733,0.5347670250896057,0.46296296296296297,108.0,0.42857142857142855,0.75,0.3,30.0,0.5148514851485149,0.41935483870967744,0.6666666666666666,39.0,0.5142857142857142,0.6428571428571429,0.42857142857142855,21.0,0.3157894736842105,0.3,0.3333333333333333,18.0,,,,
p_972,0.3246378340365682,0.3199376063528077,0.3426523297491039,0.39321052768661774,0.3851652276212685,0.4166666666666667,108.0,0.4722222222222222,0.4146341463414634,0.5483870967741935,31.0,0.32,0.4,0.26666666666666666,30.0,0.5063291139240507,0.46511627906976744,0.5555555555555556,36.0,0.0,0.0,0.0,11.0,,,,
p_973,0.2351777895032312,0.4158279220779221,0.27758312257109374,0.2993799699640762,0.44822330447330455,0.3888888888888889,108.0,0.20689655172413793,1.0,0.11538461538461539,26.0,0.05128205128205128,0.1,0.034482758620689655,29.0,0.5648854961832062,0.42045454545454547,0.8604651162790697,43.0,0.11764705882352941,0.14285714285714285,0.1,10.0,,,,
p_974,0.2508298992673993,0.23730287569573283,0.2709101382488479,0.297639185660019,0.2795214045214045,0.32407407407407407,108.0,0.40476190476190477,0.3469387755102041,0.4857142857142857,35.0,0.0,0.0,0.0,14.0,0.19230769230769232,0.20833333333333334,0.17857142857142858,28.0,0.40625,0.3939393939393939,0.41935483870967744,31.0,,,,
p_975,0.23537378114842905,0.23214285714285715,0.27634615384615385,0.3763893904738975,0.33994708994708994,0.4722222222222222,108.0,0.6338028169014085,0.5,0.8653846153846154,52.0,0.3076923076923077,0.42857142857142855,0.24,25.0,0.0,0.0,0.0,20.0,0.0,0.0,0.0,11.0,,,,
p_976,0.3369374523264683,0.4066123188405797,0.33564814814814814,0.36182303585049574,0.42536231884057973,0.37037037037037035,108.0,0.45652173913043476,0.375,0.5833333333333334,36.0,0.4,0.43478260869565216,0.37037037037037035,27.0,0.15789473684210525,0.15,0.16666666666666666,18.0,0.3333333333333333,0.6666666666666666,0.2222222222222222,27.0,,,,
p_977,0.32932793807178046,0.33883909517712335,0.3522222222222222,0.4339894961816145,0.4205118477418947,0.49074074074074076,108.0,0.6724137931034483,0.5492957746478874,0.8666666666666667,45.0,0.4,0.5333333333333333,0.32,25.0,0.24489795918367346,0.2727272727272727,0.2222222222222222,27.0,0.0,0.0,0.0,11.0,,,,
p_978,0.24544356609574003,0.26567288049029625,0.28513450834879406,0.3588745750581499,0.3442051602163962,0.4537037037037037,108.0,0.6231884057971014,0.48314606741573035,0.8775510204081632,49.0,0.30303030303030304,0.45454545454545453,0.22727272727272727,22.0,0.05555555555555555,0.125,0.03571428571428571,28.0,0.0,0.0,0.0,9.0,,,,
p_979,0.31414207388872534,0.31804226475279107,0.341610936270653,0.37104702951405927,0.36658101482662886,0.4074074074074074,108.0,0.45569620253164556,0.47368421052631576,0.43902439024390244,41.0,0.3125,0.4166666666666667,0.25,20.0,0.4883720930232558,0.38181818181818183,0.6774193548387096,31.0,0.0,0.0,0.0,16.0,,,,
p_980,0.40002780094523216,0.41290412486064665,0.42802419354838706,0.4664833863610622,0.45608303398158473,0.5277777777777778,108.0,0.43636363636363634,0.5,0.3870967741935484,31.0,0.0,0.0,0.0,17.0,0.6788990825688074,0.5362318840579711,0.925,40.0,0.48484848484848486,0.6153846153846154,0.4,20.0,,,,
p_981,0.31076648344689584,0.2861509835194046,0.3462021531100478,0.4099124898093971,0.37286116525882607,0.46296296296296297,108.0,0.45454545454545453,0.45454545454545453,0.45454545454545453,33.0,0.10810810810810811,0.1111111111111111,0.10526315789473684,19.0,0.6804123711340206,0.5789473684210527,0.825,40.0,0.0,0.0,0.0,16.0,,,,
p_982,0.2914312435083546,0.34595959595959597,0.3064685293176841,0.35548489867885286,0.37406472128694346,0.4166666666666667,108.0,0.5669291338582677,0.4444444444444444,0.782608695652174,46.0,0.14285714285714285,0.2727272727272727,0.0967741935483871,31.0,0.3448275862068966,0.5,0.2631578947368421,19.0,0.1111111111111111,0.16666666666666666,0.08333333333333333,12.0,,,,
p_983,0.3825392285060477,0.4314035087719298,0.3868053215879303,0.3838059823471723,0.4472319688109162,0.37962962962962965,108.0,0.39285714285714285,0.5789473684210527,0.2972972972972973,37.0,0.34782608695652173,0.3333333333333333,0.36363636363636365,22.0,0.3684210526315789,0.28,0.5384615384615384,26.0,0.42105263157894735,0.5333333333333333,0.34782608695652173,23.0,,,,
p_984,0.25431688804554076,0.30113636363636365,0.2836438923395445,0.3666947782697308,0.38489057239057234,0.4444444444444444,108.0,0.3,0.5,0.21428571428571427,28.0,0.5882352941176471,0.45454545454545453,0.8333333333333334,48.0,0.12903225806451613,0.25,0.08695652173913043,23.0,0.0,0.0,0.0,9.0,,,,
p_985,0.4470967601884249,0.48693244739756364,0.4610805860805861,0.45016854352650554,0.4935031376891842,0.46296296296296297,108.0,0.4444444444444444,0.6666666666666666,0.3333333333333333,30.0,0.5573770491803278,0.4857142857142857,0.6538461538461539,26.0,0.3076923076923077,0.4,0.25,24.0,0.4788732394366197,0.3953488372093023,0.6071428571428571,28.0,,,,
p_986,0.37770671626212216,0.3623251748251748,0.4032051282051282,0.39726163641104906,0.37203768453768454,0.4351851851851852,108.0,0.4827586206896552,0.40384615384615385,0.6,35.0,0.5063291139240507,0.5,0.5128205128205128,39.0,0.0,0.0,0.0,22.0,0.5217391304347826,0.5454545454545454,0.5,12.0,,,,
p_987,0.3427464008859358,0.3021926446519688,0.3994755244755245,0.34516631803453507,0.3065147317337555,0.39814814814814814,108.0,0.4166666666666667,0.38461538461538464,0.45454545454545453,22.0,0.4186046511627907,0.3829787234042553,0.46153846153846156,39.0,0.0,0.0,0.0,25.0,0.5357142857142857,0.4411764705882353,0.6818181818181818,22.0,,,,
p_988,0.43188098451256346,0.3960166177908113,0.47616892911010555,0.5013780890973873,0.4513549473226892,0.5648148148148148,108.0,0.7350427350427351,0.6515151515151515,0.8431372549019608,51.0,0.42105263157894735,0.3870967741935484,0.46153846153846156,26.0,0.0,0.0,0.0,21.0,0.5714285714285714,0.5454545454545454,0.6,10.0,,,,
p_989,0.3351762997957727,0.3471989966555184,0.3496438325828597,0.4240248171204594,0.4082977207977208,0.4722222222222222,108.0,0.45161290322580644,0.5833333333333334,0.3684210526315789,19.0,0.6434782608695652,0.5362318840579711,0.8043478260869565,46.0,0.24561403508771928,0.2692307692307692,0.22580645161290322,31.0,0.0,0.0,0.0,12.0,,,,
p_990,0.2809637430749822,0.27890625,0.3040875790875791,0.3420679469442565,0.3338831018518519,0.37962962962962965,108.0,0.4854368932038835,0.390625,0.6410256410256411,39.0,0.3333333333333333,0.35,0.3181818181818182,22.0,0.3050847457627119,0.375,0.2571428571428571,35.0,0.0,0.0,0.0,12.0,,,,
p_991,0.32112568449250856,0.421875,0.4181707425128478,0.34495752597522605,0.44039351851851843,0.42592592592592593,108.0,0.14285714285714285,0.3333333333333333,0.09090909090909091,22.0,0.5652173913043478,0.5,0.65,40.0,0.06896551724137931,0.5,0.037037037037037035,27.0,0.5074626865671642,0.3541666666666667,0.8947368421052632,19.0,,,,
p_992,0.23939485704191585,0.27227438706311946,0.27471624850657106,0.2830197143922634,0.3166579725265172,0.32407407407407407,108.0,0.21621621621621623,0.4,0.14814814814814814,27.0,0.39215686274509803,0.28169014084507044,0.6451612903225806,31.0,0.3492063492063492,0.4074074074074074,0.3055555555555556,36.0,0.0,0.0,0.0,14.0,,,,
p_993,0.3636950904392765,0.43492565802692384,0.354071585530764,0.42973011771461384,0.44836339755467747,0.4722222222222222,108.0,0.6,0.4936708860759494,0.7647058823529411,51.0,0.4,0.5555555555555556,0.3125,16.0,0.2222222222222222,0.3333333333333333,0.16666666666666666,12.0,0.23255813953488372,0.35714285714285715,0.1724137931034483,29.0,,,,
p_994,0.36296296296296293,0.3561327561327561,0.39453781512605046,0.4395845581030767,0.4075196408529742,0.5,108.0,0.5079365079365079,0.48484848484848486,0.5333333333333333,30.0,0.6476190476190476,0.5396825396825397,0.8095238095238095,42.0,0.2962962962962963,0.4,0.23529411764705882,17.0,0.0,0.0,0.0,19.0,,,,
p_995,0.2269699706480018,0.20632698768197089,0.2522296544035674,0.35805047540202206,0.3253183194392601,0.39814814814814814,108.0,0.4418604651162791,0.40425531914893614,0.48717948717948717,39.0,0.0,0.0,0.0,6.0,0.46601941747572817,0.42105263157894735,0.5217391304347826,46.0,0.0,0.0,0.0,17.0,,,,
p_996,0.36155737704918034,0.3815837104072398,0.39206349206349206,0.44670613236187007,0.46514663985252225,0.49074074074074076,108.0,0.4262295081967213,0.52,0.3611111111111111,36.0,0.62,0.47692307692307695,0.8857142857142857,35.0,0.4,0.5294117647058824,0.32142857142857145,28.0,0.0,0.0,0.0,9.0,,,,
p_997,0.28258559622195983,0.2699561403508772,0.3229166666666667,0.4484892212164939,0.42369233268356077,0.5185185185185185,108.0,0.4857142857142857,0.5666666666666667,0.425,40.0,0.0,0.0,0.0,11.0,0.6446280991735537,0.5131578947368421,0.8666666666666667,45.0,0.0,0.0,0.0,12.0,,,,
p_998,0.3137809517526499,0.3644547823652301,0.32774493243243247,0.3537531214418007,0.389061785827955,0.3888888888888889,108.0,0.33962264150943394,0.42857142857142855,0.28125,32.0,0.5192307692307693,0.40298507462686567,0.7297297297297297,37.0,0.15384615384615385,0.18181818181818182,0.13333333333333333,15.0,0.24242424242424243,0.4444444444444444,0.16666666666666666,24.0,,,,
p_999,0.2212987012987013,0.229317697228145,0.2480481727574751,0.31212121212121213,0.2993366500829187,0.3611111111111111,108.0,0.4909090909090909,0.40298507462686567,0.627906976744186,43.0,0.08,0.2,0.05,20.0,0.3142857142857143,0.3142857142857143,0.3142857142857143,35.0,0.0,0.0,0.0,10.0,,,,
p_1000,0.37300679780819407,0.39529651848937847,0.40964541730670767,0.4002979640116536,0.41994538056939706,0.42592592592592593,108.0,0.5714285714285714,0.5625,0.5806451612903226,31.0,0.417910447761194,0.45161290322580644,0.3888888888888889,36.0,0.08333333333333333,0.25,0.05,20.0,0.41935483870967744,0.3170731707317073,0.6190476190476191,21.0,,,,
p_1001,0.2898258604140957,0.41483516483516486,0.3064768363681407,0.4321119693668713,0.5132275132275133,0.5092592592592593,108.0,0.6573426573426573,0.5164835164835165,0.9038461538461539,52.0,0.26666666666666666,0.5714285714285714,0.17391304347826086,23.0,0.23529411764705882,0.5714285714285714,0.14814814814814814,27.0,0.0,0.0,0.0,6.0,,,,
p_1002,0.41346937628242963,0.4068965517241379,0.42894736842105263,0.4036398880258677,0.4086845466155811,0.4074074074074074,108.0,0.5777777777777777,0.52,0.65,20.0,0.3111111111111111,0.28,0.35,20.0,0.3582089552238806,0.41379310344827586,0.3157894736842105,38.0,0.4067796610169492,0.41379310344827586,0.4,30.0,,,,
p_1003,0.32607765765187724,0.34510951283079394,0.3459918018931711,0.35357690414206616,0.35656524733434314,0.37962962962962965,108.0,0.36065573770491804,0.34375,0.3793103448275862,29.0,0.5205479452054794,0.4418604651162791,0.6333333333333333,30.0,0.32786885245901637,0.3448275862068966,0.3125,32.0,0.09523809523809523,0.25,0.058823529411764705,17.0,,,,
p_1004,0.232838632529035,0.22585978835978834,0.26113411548194154,0.23897816436516128,0.23115079365079366,0.26851851851851855,108.0,0.05714285714285714,0.08333333333333333,0.043478260869565216,23.0,0.42105263157894735,0.3333333333333333,0.5714285714285714,28.0,0.2962962962962963,0.2962962962962963,0.2962962962962963,27.0,0.1568627450980392,0.19047619047619047,0.13333333333333333,30.0,,,,
p_1005,0.283682352372201,0.35733643050716224,0.2888814616755793,0.30102654765807063,0.34224846216716137,0.32407407407407407,108.0,0.12903225806451613,0.2857142857142857,0.08333333333333333,24.0,0.4,0.36585365853658536,0.4411764705882353,34.0,0.3448275862068966,0.2777777777777778,0.45454545454545453,33.0,0.2608695652173913,0.5,0.17647058823529413,17.0,,,,
p_1006,0.24313186813186813,0.30744047619047615,0.2925311660279283,0.3385734635734636,0.3531635802469136,0.4537037037037037,108.0,0.6153846153846154,0.4583333333333333,0.9361702127659575,47.0,0.0,0.0,0.0,17.0,0.2857142857142857,0.5714285714285714,0.19047619047619047,21.0,0.07142857142857142,0.2,0.043478260869565216,23.0,,,,
p_1007,0.3025724275724276,0.5713383838383839,0.3176136363636364,0.4608262108262107,0.6430041152263374,0.5555555555555556,108.0,0.6883116883116883,0.5353535353535354,0.9636363636363636,55.0,0.3076923076923077,1.0,0.18181818181818182,22.0,0.21428571428571427,0.75,0.125,24.0,0.0,0.0,0.0,7.0,,,,
p_1008,0.3910215880610617,0.5205215419501134,0.3705357142857143,0.3860221365703822,0.4463550852439741,0.39814814814814814,108.0,0.38095238095238093,0.32653061224489793,0.45714285714285713,35.0,0.475,0.4222222222222222,0.5428571428571428,35.0,0.18181818181818182,0.3333333333333333,0.125,24.0,0.5263157894736842,1.0,0.35714285714285715,14.0,,,,
p_1009,0.4030160465862256,0.4466386554621849,0.4239672364672365,0.46359724826668897,0.5296451914098973,0.4722222222222222,108.0,0.6086956521739131,0.7,0.5384615384615384,39.0,0.4819277108433735,0.35714285714285715,0.7407407407407407,27.0,0.33962264150943394,0.5294117647058824,0.25,36.0,0.18181818181818182,0.2,0.16666666666666666,6.0,,,,
p_1010,0.35361757105943153,0.3705050505050505,0.3716340269277846,0.42607426547995025,0.4671212121212121,0.4351851851851852,108.0,0.4,0.5909090909090909,0.3023255813953488,43.0,0.5777777777777777,0.5,0.6842105263157895,38.0,0.32558139534883723,0.28,0.3888888888888889,18.0,0.1111111111111111,0.1111111111111111,0.1111111111111111,9.0,,,,
p_1011,0.30357142857142855,0.3281012176560122,0.3166524348300482,0.38595679012345685,0.3833819550143751,0.4351851851851852,108.0,0.6166666666666667,0.5068493150684932,0.7872340425531915,47.0,0.35,0.5,0.2692307692307692,26.0,0.05714285714285714,0.08333333333333333,0.043478260869565216,23.0,0.19047619047619047,0.2222222222222222,0.16666666666666666,12.0,,,,
p_1012,0.2990073828624578,0.40416356415984117,0.31391373484396745,0.36413692206332593,0.4437768309386577,0.4166666666666667,108.0,0.5573770491803278,0.43037974683544306,0.7906976744186046,43.0,0.2553191489361702,0.35294117647058826,0.2,30.0,0.25,0.6666666666666666,0.15384615384615385,26.0,0.13333333333333333,0.16666666666666666,0.1111111111111111,9.0,,,,
p_1013,0.42925897631779986,0.5710260723296888,0.4198232323232323,0.5244150185326656,0.5777154783042083,0.5555555555555556,108.0,0.7058823529411765,0.6206896551724138,0.8181818181818182,44.0,0.4,1.0,0.25,16.0,0.4935064935064935,0.4634146341463415,0.5277777777777778,36.0,0.11764705882352941,0.2,0.08333333333333333,12.0,,,,
p_1014,0.27626308044473513,0.29435626102292767,0.2863984674329502,0.4513033512583873,0.4421974002220916,0.5,108.0,0.6618705035971223,0.5679012345679012,0.7931034482758621,58.0,0.0,0.0,0.0,12.0,0.125,0.14285714285714285,0.1111111111111111,9.0,0.3181818181818182,0.4666666666666667,0.2413793103448276,29.0,,,,
p_1015,0.27687074829931974,0.4043010752688172,0.2888888888888889,0.3775510204081633,0.4086021505376344,0.46296296296296297,108.0,0.6122448979591837,0.4838709677419355,0.8333333333333334,54.0,0.0,0.0,0.0,21.0,0.09523809523809523,0.3333333333333333,0.05555555555555555,18.0,0.4,0.8,0.26666666666666666,15.0,,,,
p_1016,0.3036948558687689,0.3301798775936707,0.2998866213151927,0.39559436805813625,0.39508591663764075,0.4166666666666667,108.0,0.5217391304347826,0.45454545454545453,0.6122448979591837,49.0,0.19047619047619047,0.2857142857142857,0.14285714285714285,14.0,0.36923076923076925,0.41379310344827586,0.3333333333333333,36.0,0.13333333333333333,0.16666666666666666,0.1111111111111111,9.0,,,,
p_1017,0.39313378762200674,0.4411022167487685,0.38918907770994887,0.40847916165388626,0.45010946907498633,0.4166666666666667,108.0,0.4186046511627907,0.6428571428571429,0.3103448275862069,29.0,0.3157894736842105,0.375,0.2727272727272727,22.0,0.4791666666666667,0.39655172413793105,0.6052631578947368,38.0,0.358974358974359,0.35,0.3684210526315789,19.0,,,,
p_1018,0.2932155563734511,0.3032945736434109,0.31232764184709266,0.44697083293574524,0.4149799023830031,0.5185185185185185,108.0,0.6573426573426573,0.5465116279069767,0.8245614035087719,57.0,0.41025641025641024,0.5,0.34782608695652173,23.0,0.10526315789473684,0.16666666666666666,0.07692307692307693,13.0,0.0,0.0,0.0,15.0,,,,
p_1019,0.2577266483516484,0.22780748663101605,0.2967987804878049,0.38586818274318274,0.34102792632204393,0.4444444444444444,108.0,0.4375,0.38181818181818183,0.5121951219512195,41.0,0.0,0.0,0.0,13.0,0.5934065934065934,0.5294117647058824,0.675,40.0,0.0,0.0,0.0,14.0,,,,
p_1020,0.3562104691513027,0.37662907268170426,0.34351851851851856,0.3360311163996516,0.34505708716235034,0.3333333333333333,108.0,0.2564102564102564,0.23809523809523808,0.2777777777777778,36.0,0.3835616438356164,0.3684210526315789,0.4,35.0,0.3404255319148936,0.4,0.2962962962962963,27.0,0.4444444444444444,0.5,0.4,10.0,,,,
p_1021,0.3289577248907392,0.3410016510731976,0.36566293183940246,0.4264757777516948,0.4178061110091929,0.5,108.0,0.6115702479338843,0.46835443037974683,0.8809523809523809,42.0,0.0,0.0,0.0,23.0,0.5614035087719298,0.6956521739130435,0.47058823529411764,34.0,0.14285714285714285,0.2,0.1111111111111111,9.0,,,,
p_1022,0.2355779776266725,0.21447890371438877,0.26833706606942886,0.37056128293241697,0.3408662900188324,0.4166666666666667,108.0,0.46808510638297873,0.46808510638297873,0.46808510638297873,47.0,0.0,0.0,0.0,4.0,0.4742268041237113,0.3898305084745763,0.6052631578947368,38.0,0.0,0.0,0.0,19.0,,,,
p_1023,0.26410192539224797,0.3531698564593301,0.29576648841354725,0.3549127527622152,0.3824871522239943,0.42592592592592593,108.0,0.6451612903225806,0.5263157894736842,0.8333333333333334,48.0,0.15384615384615385,0.5,0.09090909090909091,11.0,0.09523809523809523,0.25,0.058823529411764705,34.0,0.16216216216216217,0.13636363636363635,0.2,15.0,,,,
p_1024,0.32906560557039355,0.3940927820403524,0.3262820512820513,0.3794003245857631,0.4256812225695431,0.39814814814814814,108.0,0.46296296296296297,0.36231884057971014,0.6410256410256411,39.0,0.14285714285714285,0.25,0.1,10.0,0.43137254901960786,0.6111111111111112,0.3333333333333333,33.0,0.27906976744186046,0.35294117647058826,0.23076923076923078,26.0,,,,
p_1025,0.28434065934065933,0.2774390243902439,0.307183908045977,0.5011192511192512,0.4663504968383017,0.5648148148148148,108.0,0.7142857142857143,0.6097560975609756,0.8620689655172413,58.0,0.0,0.0,0.0,4.0,0.4230769230769231,0.5,0.36666666666666664,30.0,0.0,0.0,0.0,16.0,,,,
p_1026,0.27934780597042547,0.2738095238095238,0.3044117647058824,0.3875851588638219,0.3664021164021164,0.42592592592592593,108.0,0.5161290322580645,0.5,0.5333333333333333,45.0,0.09523809523809523,0.16666666666666666,0.06666666666666667,15.0,0.5060240963855421,0.42857142857142855,0.6176470588235294,34.0,0.0,0.0,0.0,14.0,,,,
p_1027,0.32873840787509856,0.3898809523809524,0.3338744588744589,0.4529122622647802,0.44543650793650796,0.5185185185185185,108.0,0.6762589928057554,0.5595238095238095,0.8545454545454545,55.0,0.0,0.0,0.0,22.0,0.48484848484848486,0.6666666666666666,0.38095238095238093,21.0,0.15384615384615385,0.3333333333333333,0.1,10.0,,,,
p_1028,0.19559314954051796,0.2382946735395189,0.2409992784992785,0.35191373495467065,0.33996754486445213,0.46296296296296297,108.0,0.631578947368421,0.4948453608247423,0.8727272727272727,55.0,0.0,0.0,0.0,7.0,0.05555555555555555,0.125,0.03571428571428571,28.0,0.09523809523809523,0.3333333333333333,0.05555555555555555,18.0,,,,
p_1029,0.4961322463768116,0.5152198331193838,0.5561126373626373,0.4835430085882984,0.524299612513669,0.5277777777777778,108.0,0.6133333333333333,0.575,0.6571428571428571,35.0,0.6086956521739131,0.5121951219512195,0.75,28.0,0.2,0.5,0.125,32.0,0.5625,0.47368421052631576,0.6923076923076923,13.0,,,,
p_1030,0.4002317308843397,0.4742471988795518,0.3879924953095685,0.4061977639569006,0.4374267299512397,0.4074074074074074,108.0,0.3287671232876712,0.35294117647058826,0.3076923076923077,39.0,0.3333333333333333,0.2857142857142857,0.4,15.0,0.4444444444444444,0.8,0.3076923076923077,13.0,0.4943820224719101,0.4583333333333333,0.5365853658536586,41.0,,,,
p_1031,0.2681865047542674,0.24711234608259777,0.319047619047619,0.29839516073143446,0.27830748368505803,0.35185185185185186,108.0,0.38095238095238093,0.42857142857142855,0.34285714285714286,35.0,0.18604651162790697,0.17391304347826086,0.2,20.0,0.5057471264367817,0.38596491228070173,0.7333333333333333,30.0,0.0,0.0,0.0,23.0,,,,
p_1032,0.37018162281668043,0.39141414141414144,0.4152086869478174,0.38609697114932445,0.399270482603816,0.4351851851851852,108.0,0.49122807017543857,0.3888888888888889,0.6666666666666666,21.0,0.29411764705882354,0.45454545454545453,0.21739130434782608,23.0,0.1111111111111111,0.2222222222222222,0.07407407407407407,27.0,0.5842696629213483,0.5,0.7027027027027027,37.0,,,,
p_1033,0.27666666666666667,0.2770885028949545,0.3120015948963317,0.45444444444444443,0.41046319272125725,0.5555555555555556,108.0,0.7066666666666667,0.5698924731182796,0.9298245614035088,57.0,0.4,0.5384615384615384,0.3181818181818182,22.0,0.0,0.0,0.0,19.0,0.0,0.0,0.0,10.0,,,,
p_1034,0.5016666666666667,0.6202380952380953,0.5172369909502262,0.62173721340388,0.6798941798941798,0.6481481481481481,108.0,0.2,0.21428571428571427,0.1875,16.0,0.64,0.5333333333333333,0.8,10.0,0.7857142857142857,0.7333333333333333,0.8461538461538461,65.0,0.38095238095238093,1.0,0.23529411764705882,17.0,,,,
p_1035,0.35073822243807673,0.49418103448275863,0.34556277056277057,0.46599931646070547,0.5298132183908046,0.5277777777777778,108.0,0.676056338028169,0.5517241379310345,0.8727272727272727,55.0,0.32,0.8,0.2,20.0,0.2,0.25,0.16666666666666666,12.0,0.20689655172413793,0.375,0.14285714285714285,21.0,,,,
p_1036,0.3153376906318083,0.5003968253968254,0.31774475524475526,0.38816105866214795,0.5094356261022928,0.42592592592592593,108.0,0.5333333333333333,0.4444444444444444,0.6666666666666666,48.0,0.11764705882352941,0.2,0.08333333333333333,12.0,0.24,1.0,0.13636363636363635,22.0,0.37037037037037035,0.35714285714285715,0.38461538461538464,26.0,,,,
p_1037,0.2077167019027484,0.19047619047619047,0.2576923076923077,0.2982147051914494,0.25881834215167543,0.3888888888888889,108.0,0.5581395348837209,0.42857142857142855,0.8,45.0,0.0,0.0,0.0,18.0,0.0,0.0,0.0,19.0,0.2727272727272727,0.3333333333333333,0.23076923076923078,26.0,,,,
p_1038,0.37763425974808085,0.3919639242499213,0.40931372549019607,0.466506014533717,0.47674918407229144,0.5092592592592593,108.0,0.24390243902439024,0.45454545454545453,0.16666666666666666,30.0,0.0,0.0,0.0,10.0,0.6172839506172839,0.5319148936170213,0.7352941176470589,34.0,0.6493506493506493,0.5813953488372093,0.7352941176470589,34.0,,,,
p_1039,0.3591591057344482,0.41672526957337086,0.4197139303482587,0.5994797946852741,0.6203443246340574,0.6666666666666666,108.0,0.821917808219178,0.759493670886076,0.8955223880597015,67.0,0.5238095238095238,0.4074074074074074,0.7333333333333333,15.0,0.09090909090909091,0.5,0.05,20.0,0.0,0.0,0.0,6.0,,,,
p_1040,0.3409294339745468,0.3594006568144499,0.34707130730050934,0.3580111293143875,0.365831964969896,0.37962962962962965,108.0,0.30303030303030304,0.35714285714285715,0.2631578947368421,19.0,0.3157894736842105,0.3333333333333333,0.3,20.0,0.5,0.41379310344827586,0.631578947368421,38.0,0.24489795918367346,0.3333333333333333,0.1935483870967742,31.0,,,,
p_1041,0.3834775641025641,0.4642451298701299,0.3941451149425288,0.44588793922127257,0.48550986050986045,0.5,108.0,0.64,0.5194805194805194,0.8333333333333334,48.0,0.2,0.4,0.13333333333333333,15.0,0.4375,0.4375,0.4375,16.0,0.2564102564102564,0.5,0.1724137931034483,29.0,,,,
p_1042,0.2026627218934911,0.27403846153846156,0.24887820512820513,0.4586894586894587,0.4699074074074074,0.5833333333333334,108.0,0.7337278106508875,0.5961538461538461,0.9538461538461539,65.0,0.0,0.0,0.0,6.0,0.0,0.0,0.0,13.0,0.07692307692307693,0.5,0.041666666666666664,24.0,,,,
p_1043,0.3299547585261871,0.33786583598956826,0.33932565789473684,0.3248709346592945,0.336640479946768,0.3333333333333333,108.0,0.40540540540540543,0.35714285714285715,0.46875,32.0,0.25925925925925924,0.2413793103448276,0.28,25.0,0.41025641025641024,0.4,0.42105263157894735,19.0,0.24489795918367346,0.35294117647058826,0.1875,32.0,,,,
p_1044,0.3061947047376081,0.29995778215592456,0.31303133141368433,0.42201834862385323,0.410006497725796,0.4351851851851852,108.0,0.5688073394495413,0.543859649122807,0.5961538461538461,52.0,0.35294117647058826,0.35294117647058826,0.35294117647058826,17.0,0.30303030303030304,0.30303030303030304,0.30303030303030304,33.0,0.0,0.0,0.0,6.0,,,,
p_1045,0.25629027913048885,0.25570945945945944,0.3136363636363636,0.2991022603514055,0.2969782282282282,0.37037037037037035,108.0,0.509090909090909,0.56,0.4666666666666667,30.0,0.4672897196261682,0.33783783783783783,0.7575757575757576,33.0,0.04878048780487805,0.125,0.030303030303030304,33.0,0.0,0.0,0.0,12.0,,,,
p_1046,0.365479797979798,0.49642857142857144,0.37068376068376063,0.3880695847362514,0.4849647266313933,0.4166666666666667,108.0,0.5252525252525253,0.43333333333333335,0.6666666666666666,39.0,0.25,0.6666666666666666,0.15384615384615385,26.0,0.36666666666666664,0.3142857142857143,0.44,25.0,0.32,0.5714285714285714,0.2222222222222222,18.0,,,,
p_1047,0.2348901098901099,0.20238095238095238,0.2928692699490662,0.3020960520960521,0.2632275132275132,0.37037037037037035,108.0,0.43956043956043955,0.3333333333333333,0.6451612903225806,31.0,0.0,0.0,0.0,19.0,0.5,0.47619047619047616,0.5263157894736842,38.0,0.0,0.0,0.0,20.0,,,,
p_1048,0.37412751643177766,0.39869469746258945,0.37121924128503075,0.4138701747982111,0.41979972408973715,0.42592592592592593,108.0,0.5567010309278351,0.5094339622641509,0.6136363636363636,44.0,0.32432432432432434,0.375,0.2857142857142857,21.0,0.27586206896551724,0.4,0.21052631578947367,19.0,0.33962264150943394,0.3103448275862069,0.375,24.0,,,,
p_1049,0.331430155210643,0.31481967787114845,0.3720551378446115,0.37068448714790175,0.33911874935159253,0.4351851851851852,108.0,0.5818181818181818,0.47058823529411764,0.7619047619047619,42.0,0.0,0.0,0.0,22.0,0.24390243902439024,0.3125,0.2,25.0,0.5,0.47619047619047616,0.5263157894736842,19.0,,,,
p_1050,0.4005518722915663,0.41302083333333334,0.4275315477361513,0.4212666312744094,0.4369791666666667,0.4351851851851852,108.0,0.3157894736842105,0.4,0.2608695652173913,23.0,0.4489795918367347,0.34375,0.6470588235294118,17.0,0.5517241379310345,0.5333333333333333,0.5714285714285714,42.0,0.2857142857142857,0.375,0.23076923076923078,26.0,,,,
p_1051,0.3719551282051282,0.3630452180872349,0.3984411174563976,0.41673195631528964,0.39867428452862624,0.4537037037037037,108.0,0.5,0.47619047619047616,0.5263157894736842,38.0,0.475,0.3877551020408163,0.6129032258064516,31.0,0.5128205128205128,0.5882352941176471,0.45454545454545453,22.0,0.0,0.0,0.0,17.0,,,,
p_1052,0.35053949298135345,0.3720890410958904,0.3854544767090139,0.4014052812502425,0.4107179096905124,0.46296296296296297,108.0,0.5765765765765766,0.4383561643835616,0.8421052631578947,38.0,0.32558139534883723,0.5,0.2413793103448276,29.0,0.5,0.55,0.4583333333333333,24.0,0.0,0.0,0.0,17.0,,,,
p_1053,0.45693290994951963,0.48818181818181816,0.45968854515050167,0.4705482880698643,0.5064141414141414,0.4722222222222222,108.0,0.5393258426966292,0.48,0.6153846153846154,39.0,0.5217391304347826,0.75,0.4,30.0,0.5,0.45,0.5625,16.0,0.26666666666666666,0.2727272727272727,0.2608695652173913,23.0,,,,
p_1054,0.2982736197883463,0.4341346153846154,0.31906860801674974,0.3777681442758582,0.44553062678062677,0.46296296296296297,108.0,0.6086956521739131,0.46153846153846156,0.8936170212765957,47.0,0.08,0.25,0.047619047619047616,21.0,0.3225806451612903,0.625,0.21739130434782608,23.0,0.18181818181818182,0.4,0.11764705882352941,17.0,,,,
p_1055,0.30354527878096194,0.3536945812807882,0.3226398601398601,0.38687422107263786,0.4520890348476555,0.4074074074074074,108.0,0.41975308641975306,0.5862068965517241,0.3269230769230769,52.0,0.34782608695652173,0.5,0.26666666666666666,15.0,0.44660194174757284,0.32857142857142857,0.696969696969697,33.0,0.0,0.0,0.0,8.0,,,,
p_1056,0.28170787545787546,0.3089304531085353,0.3067765567765568,0.3382385361552029,0.35086250634195837,0.3888888888888889,108.0,0.25,0.3,0.21428571428571427,28.0,0.358974358974359,0.5384615384615384,0.2692307692307692,26.0,0.5178571428571429,0.3972602739726027,0.7435897435897436,39.0,0.0,0.0,0.0,15.0,,,,
p_1057,0.4101012145748988,0.4754145638067772,0.4219688486205843,0.49068900884690364,0.5241621939170605,0.5370370370370371,108.0,0.38461538461538464,0.5263157894736842,0.30303030303030304,33.0,0.7,0.5753424657534246,0.8936170212765957,47.0,0.24,0.5,0.15789473684210525,19.0,0.3157894736842105,0.3,0.3333333333333333,9.0,,,,
p_1058,0.3956790044207075,0.4608828983026672,0.4067708333333333,0.4758026054453112,0.5167752262317945,0.5092592592592593,108.0,0.5205479452054794,0.4634146341463415,0.59375,32.0,0.48484848484848486,0.8888888888888888,0.3333333333333333,24.0,0.5773195876288659,0.49122807017543857,0.7,40.0,0.0,0.0,0.0,12.0,,,,
p_1059,0.2964505859242701,0.2946353782333818,0.30774493705528183,0.3023819558907278,0.2989945668030967,0.3148148148148148,108.0,0.42857142857142855,0.41379310344827586,0.4444444444444444,27.0,0.3157894736842105,0.32142857142857145,0.3103448275862069,29.0,0.3333333333333333,0.2894736842105263,0.39285714285714285,28.0,0.10810810810810811,0.15384615384615385,0.08333333333333333,24.0,,,,
p_1060,0.2670595533498759,0.23343079922027288,0.31833333333333336,0.38467282418895327,0.32822539888816693,0.4722222222222222,108.0,0.6451612903225806,0.5263157894736842,0.8333333333333334,48.0,0.0,0.0,0.0,15.0,0.0,0.0,0.0,20.0,0.4230769230769231,0.4074074074074074,0.44,25.0,,,,
p_1061,0.4075389812889813,0.4630681818181818,0.40034165181224,0.4886708824208824,0.5016414141414142,0.5092592592592593,108.0,0.58,0.5272727272727272,0.6444444444444445,45.0,0.38461538461538464,0.625,0.2777777777777778,18.0,0.5405405405405406,0.5,0.5882352941176471,34.0,0.125,0.2,0.09090909090909091,11.0,,,,
p_1062,0.3230982379689276,0.3897350396539293,0.37241421369328354,0.3632868966920691,0.40565502416619936,0.4351851851851852,108.0,0.14285714285714285,0.25,0.1,30.0,0.15384615384615385,0.5,0.09090909090909091,22.0,0.6206896551724138,0.4931506849315068,0.8372093023255814,43.0,0.375,0.3157894736842105,0.46153846153846156,13.0,,,,
p_1063,0.37476143927756833,0.4256894213381555,0.4014914476428869,0.42905415306848993,0.4457106858214453,0.5,108.0,0.6349206349206349,0.5063291139240507,0.851063829787234,47.0,0.0,0.0,0.0,20.0,0.25806451612903225,0.5714285714285714,0.16666666666666666,24.0,0.6060606060606061,0.625,0.5882352941176471,17.0,,,,
p_1064,0.2626490803820618,0.32756596601073346,0.2729166666666667,0.2827087622925507,0.3365757304710793,0.2962962962962963,108.0,0.34146341463414637,0.5384615384615384,0.25,28.0,0.26865671641791045,0.20930232558139536,0.375,24.0,0.35714285714285715,0.3125,0.4166666666666667,36.0,0.08333333333333333,0.25,0.05,20.0,,,,
p_1065,0.3945549357264128,0.42569480185280495,0.39932355921091844,0.5403764788314872,0.5459412706582033,0.5740740740740741,108.0,0.6842105263157895,0.582089552238806,0.8297872340425532,47.0,0.5714285714285714,0.6206896551724138,0.5294117647058824,34.0,0.3225806451612903,0.5,0.23809523809523808,21.0,0.0,0.0,0.0,6.0,,,,
p_1066,0.4505304455105318,0.5947510822510823,0.43606632830770764,0.5589339045704056,0.6115700657367324,0.6018518518518519,108.0,0.7786259541984732,0.6623376623376623,0.9444444444444444,54.0,0.4444444444444444,1.0,0.2857142857142857,14.0,0.3181818181818182,0.4666666666666667,0.2413793103448276,29.0,0.2608695652173913,0.25,0.2727272727272727,11.0,,,,
p_1067,0.37063086104006815,0.4325174825174825,0.37725225225225223,0.39413817056613304,0.4024734524734525,0.4351851851851852,108.0,0.49019607843137253,0.38461538461538464,0.6756756756756757,37.0,0.47058823529411764,0.8,0.3333333333333333,12.0,0.0,0.0,0.0,23.0,0.5217391304347826,0.5454545454545454,0.5,36.0,,,,
p_1068,0.34645677047813894,0.3564664502164502,0.37975195094760306,0.36067748281736306,0.3681557639890973,0.3888888888888889,108.0,0.4819277108433735,0.45454545454545453,0.5128205128205128,39.0,0.28,0.2916666666666667,0.2692307692307692,26.0,0.49056603773584906,0.3939393939393939,0.65,20.0,0.13333333333333333,0.2857142857142857,0.08695652173913043,23.0,,,,
p_1069,0.37958189591626124,0.410958904109589,0.38250915750915754,0.52918029277988,0.5216351380734943,0.5740740740740741,108.0,0.752,0.6438356164383562,0.9038461538461539,52.0,0.19047619047619047,0.2857142857142857,0.14285714285714285,14.0,0.47058823529411764,0.5714285714285714,0.4,30.0,0.10526315789473684,0.14285714285714285,0.08333333333333333,12.0,,,,
p_1070,0.320663381287955,0.30921521834540266,0.35022560160427807,0.3658503435725532,0.35426165687302397,0.39814814814814814,108.0,0.4642857142857143,0.5416666666666666,0.40625,32.0,0.5542168674698795,0.46938775510204084,0.6764705882352942,34.0,0.2641509433962264,0.22580645161290322,0.3181818181818182,22.0,0.0,0.0,0.0,20.0,,,,
p_1071,0.24593307593307595,0.28945449974861737,0.25941391941391945,0.37327863577863574,0.43276388190603887,0.4074074074074074,108.0,0.39285714285714285,0.6470588235294118,0.28205128205128205,39.0,0.21428571428571427,0.23076923076923078,0.2,15.0,0.5225225225225225,0.4027777777777778,0.7435897435897436,39.0,0.1,0.16666666666666666,0.07142857142857142,14.0,0.0,0.0,0.0,1.0
p_1072,0.24829590699155912,0.2747354497354497,0.26624926556991774,0.29063309208236743,0.2977856163041348,0.32407407407407407,108.0,0.43956043956043955,0.37037037037037035,0.5405405405405406,37.0,0.3333333333333333,0.3,0.375,32.0,0.13333333333333333,0.2857142857142857,0.08695652173913043,23.0,0.08695652173913043,0.14285714285714285,0.0625,16.0,,,,
p_1073,0.35752637407472165,0.361959706959707,0.36118708119058746,0.4864359434330875,0.48516483516483516,0.5,108.0,0.5964912280701754,0.6538461538461539,0.5483870967741935,31.0,0.37209302325581395,0.4,0.34782608695652173,23.0,0.6190476190476191,0.5416666666666666,0.7222222222222222,36.0,0.2,0.21428571428571427,0.1875,16.0,0.0,0.0,0.0,2.0
p_1074,0.397500167661458,0.4072785364145658,0.4310064935064935,0.43516966097611265,0.4347734464156033,0.4722222222222222,108.0,0.5806451612903226,0.5294117647058824,0.6428571428571429,42.0,0.07692307692307693,0.25,0.045454545454545456,22.0,0.5,0.46875,0.5357142857142857,28.0,0.43243243243243246,0.38095238095238093,0.5,16.0,,,,
p_1075,0.3594812925170068,0.39423179160021266,0.399705615942029,0.3710474930713026,0.395123752141296,0.42592592592592593,108.0,0.5510204081632653,0.4090909090909091,0.84375,32.0,0.07142857142857142,0.2,0.043478260869565216,23.0,0.2916666666666667,0.3888888888888889,0.23333333333333334,30.0,0.5238095238095238,0.5789473684210527,0.4782608695652174,23.0,,,,
p_1076,0.3049343098761703,0.31242734247849335,0.31755207158432963,0.3022323176392944,0.31084717593669,0.3148148148148148,108.0,0.17857142857142858,0.21739130434782608,0.15151515151515152,33.0,0.3,0.2727272727272727,0.3333333333333333,18.0,0.4155844155844156,0.34782608695652173,0.5161290322580645,31.0,0.32558139534883723,0.4117647058823529,0.2692307692307692,26.0,,,,
p_1077,0.3827067669172932,0.36428571428571427,0.452963702963703,0.437719298245614,0.423015873015873,0.5092592592592593,108.0,0.25,0.4,0.18181818181818182,33.0,0.6071428571428571,0.4857142857142857,0.8095238095238095,21.0,0.6736842105263158,0.5714285714285714,0.8205128205128205,39.0,0.0,0.0,0.0,15.0,,,,
p_1078,0.29102396772662553,0.2880604288499025,0.30924833635813676,0.3284631035876883,0.3155873222150025,0.3611111111111111,108.0,0.0,0.0,0.0,17.0,0.46511627906976744,0.5263157894736842,0.4166666666666667,24.0,0.25,0.25925925925925924,0.2413793103448276,29.0,0.4489795918367347,0.36666666666666664,0.5789473684210527,38.0,,,,
p_1079,0.3410641887638186,0.31576719576719575,0.40934065934065933,0.3714900340142716,0.36010288065843626,0.4166666666666667,108.0,0.4946236559139785,0.42592592592592593,0.5897435897435898,39.0,0.0,0.0,0.0,19.0,0.39344262295081966,0.48,0.3333333333333333,36.0,0.47619047619047616,0.35714285714285715,0.7142857142857143,14.0,,,,
p_1080,0.3951388888888889,0.42991857760053176,0.44003722084367247,0.40622427983539094,0.43215415481949215,0.46296296296296297,108.0,0.6222222222222222,0.4745762711864407,0.9032258064516129,31.0,0.5,0.5,0.5,26.0,0.125,0.3333333333333333,0.07692307692307693,26.0,0.3333333333333333,0.4117647058823529,0.28,25.0,,,,
p_1081,0.38917279411764705,0.4231706984853438,0.3822843822843823,0.3914365468409586,0.41729373756452326,0.3888888888888889,108.0,0.36,0.391304347826087,0.3333333333333333,27.0,0.4411764705882353,0.42857142857142855,0.45454545454545453,33.0,0.4117647058823529,0.5833333333333334,0.3181818181818182,22.0,0.34375,0.2894736842105263,0.4230769230769231,26.0,,,,
p_1082,0.37379008703779426,0.3897200226244344,0.37927708457120224,0.3811086284894627,0.38666310541310545,0.39814814814814814,108.0,0.15,0.2,0.12,25.0,0.49411764705882355,0.4117647058823529,0.6176470588235294,34.0,0.37735849056603776,0.38461538461538464,0.37037037037037035,27.0,0.47368421052631576,0.5625,0.4090909090909091,22.0,,,,
p_1083,0.3871428571428572,0.5503137065637066,0.3876293995859213,0.4523456790123456,0.5496746746746747,0.5,108.0,0.3333333333333333,0.375,0.3,20.0,0.22857142857142856,0.2857142857142857,0.19047619047619047,21.0,0.6666666666666666,0.5405405405405406,0.8695652173913043,46.0,0.32,1.0,0.19047619047619047,21.0,,,,
p_1084,0.31557071960297767,0.3044444444444444,0.3355128205128205,0.37761924455472845,0.3598765432098765,0.4074074074074074,108.0,0.4,0.44,0.36666666666666664,30.0,0.34615384615384615,0.3333333333333333,0.36,25.0,0.0,0.0,0.0,14.0,0.5161290322580645,0.4444444444444444,0.6153846153846154,39.0,,,,
p_1085,0.293578492190921,0.5005952380952381,0.30606060606060603,0.33375845375370994,0.440652557319224,0.37037037037037035,108.0,0.3870967741935484,0.3,0.5454545454545454,33.0,0.475,0.4523809523809524,0.5,38.0,0.07692307692307693,0.25,0.045454545454545456,22.0,0.23529411764705882,1.0,0.13333333333333333,15.0,,,,
p_1086,0.49775793893440956,0.5075002516862982,0.5298506812938053,0.5258320160280945,0.5511799426528109,0.5370370370370371,108.0,0.5384615384615384,0.6363636363636364,0.4666666666666667,45.0,0.3333333333333333,0.45454545454545453,0.2631578947368421,19.0,0.47058823529411764,0.38095238095238093,0.6153846153846154,13.0,0.6486486486486487,0.5581395348837209,0.7741935483870968,31.0,,,,
p_1087,0.3496782897467829,0.44192927170868346,0.3535244922341697,0.34818696862075854,0.4342793598921049,0.35185185185185186,108.0,0.3835616438356164,0.2916666666666667,0.56,25.0,0.3181818181818182,0.4117647058823529,0.25925925925925924,27.0,0.36363636363636365,0.75,0.24,25.0,0.3333333333333333,0.3142857142857143,0.3548387096774194,31.0,,,,
p_1088,0.29935029173612765,0.30122297057780933,0.30678360685967176,0.33219877638414785,0.32942416006932135,0.3425925925925926,108.0,0.3125,0.3225806451612903,0.30303030303030304,33.0,0.10526315789473684,0.14285714285714285,0.08333333333333333,12.0,0.4411764705882353,0.38461538461538464,0.5172413793103449,29.0,0.3384615384615385,0.3548387096774194,0.3235294117647059,34.0,,,,
p_1089,0.3806135162518141,0.3928743623242503,0.38261848805327064,0.37577788021050434,0.38843482573652416,0.37962962962962965,108.0,0.2978723404255319,0.2916666666666667,0.30434782608695654,23.0,0.40476190476190477,0.3617021276595745,0.4594594594594595,37.0,0.4864864864864865,0.47368421052631576,0.5,18.0,0.3333333333333333,0.4444444444444444,0.26666666666666666,30.0,,,,
p_1090,0.29550438596491224,0.32733516483516484,0.3044397463002114,0.3431205328135153,0.3602004477004477,0.3611111111111111,108.0,0.5263157894736842,0.4807692307692308,0.5813953488372093,43.0,0.2807017543859649,0.22857142857142856,0.36363636363636365,22.0,0.0,0.0,0.0,21.0,0.375,0.6,0.2727272727272727,22.0,,,,
p_1091,0.3806714323018671,0.4556246853921273,0.36842272653384317,0.35435828340417713,0.4011399338531121,0.35185185185185186,108.0,0.391304347826087,0.36,0.42857142857142855,21.0,0.2702702702702703,0.30303030303030304,0.24390243902439024,41.0,0.5,0.8571428571428571,0.35294117647058826,17.0,0.3611111111111111,0.3023255813953488,0.4482758620689655,29.0,,,,
p_1092,0.3754883047986496,0.3748048514352862,0.38275862068965516,0.38117581652064414,0.3805443642400164,0.3888888888888889,108.0,0.3103448275862069,0.32142857142857145,0.3,30.0,0.3,0.3,0.3,20.0,0.34615384615384615,0.391304347826087,0.3103448275862069,29.0,0.5454545454545454,0.4864864864864865,0.6206896551724138,29.0,,,,
p_1093,0.31549799406942264,0.3016774891774892,0.3410637425701988,0.3535977543914052,0.3414001122334455,0.37962962962962965,108.0,0.3877551020408163,0.3333333333333333,0.4634146341463415,41.0,0.4126984126984127,0.4642857142857143,0.37142857142857144,35.0,0.46153846153846156,0.4090909090909091,0.5294117647058824,17.0,0.0,0.0,0.0,15.0,,,,
p_1094,0.3486245155851809,0.34169386544024927,0.39791666666666664,0.42432613383529916,0.4093260885690973,0.49074074074074076,108.0,0.6534653465346535,0.5409836065573771,0.825,40.0,0.5084745762711864,0.4411764705882353,0.6,25.0,0.23255813953488372,0.38461538461538464,0.16666666666666666,30.0,0.0,0.0,0.0,13.0,,,,
p_1095,0.401539482189637,0.4870819903303787,0.3996446664790318,0.5115395325921642,0.5241311516996449,0.5462962962962963,108.0,0.676923076923077,0.6027397260273972,0.7719298245614035,57.0,0.3157894736842105,0.375,0.2727272727272727,22.0,0.47058823529411764,0.47058823529411764,0.47058823529411764,17.0,0.14285714285714285,0.5,0.08333333333333333,12.0,,,,
p_1096,0.3217740978157645,0.40344551282051283,0.348266065830721,0.41251626745453907,0.4350664767331434,0.4537037037037037,108.0,0.5625,0.5625,0.5625,48.0,0.49382716049382713,0.38461538461538464,0.6896551724137931,29.0,0.07692307692307693,0.16666666666666666,0.05,20.0,0.15384615384615385,0.5,0.09090909090909091,11.0,,,,
p_1097,0.3359735226726259,0.33893034825870644,0.3597916666666666,0.43113768063557323,0.4096416067809102,0.48148148148148145,108.0,0.6086956521739131,0.5223880597014925,0.7291666666666666,48.0,0.5283018867924528,0.5,0.56,25.0,0.0,0.0,0.0,15.0,0.20689655172413793,0.3333333333333333,0.15,20.0,,,,
p_1098,0.33380555177780796,0.35670181534152123,0.35078347578347574,0.33853445221820944,0.35662101379013145,0.3611111111111111,108.0,0.37037037037037035,0.35714285714285715,0.38461538461538464,26.0,0.4691358024691358,0.37254901960784315,0.6333333333333333,30.0,0.23255813953488372,0.3125,0.18518518518518517,27.0,0.2631578947368421,0.38461538461538464,0.2,25.0,,,,
p_1099,0.4490909090909091,0.44370629370629366,0.4764588859416446,0.5445117845117845,0.5262367262367262,0.5925925925925926,108.0,0.509090909090909,0.5384615384615384,0.4827586206896552,29.0,0.0,0.0,0.0,12.0,0.56,0.6363636363636364,0.5,28.0,0.7272727272727273,0.6,0.9230769230769231,39.0,,,,
p_1100,0.37477272727272726,0.3656378248974008,0.4114583333333333,0.4252356902356902,0.40883872929016574,0.4722222222222222,108.0,0.45,0.375,0.5625,32.0,0.0,0.0,0.0,17.0,0.4090909090909091,0.5294117647058824,0.3333333333333333,27.0,0.64,0.5581395348837209,0.75,32.0,,,,
p_1101,0.4068482973855869,0.4149561403508772,0.4281876212023271,0.40193086784907145,0.4141276803118909,0.4166666666666667,108.0,0.45977011494252873,0.4166666666666667,0.5128205128205128,39.0,0.23255813953488372,0.2631578947368421,0.20833333333333334,24.0,0.5714285714285714,0.48,0.7058823529411765,17.0,0.36363636363636365,0.5,0.2857142857142857,28.0,,,,
p_1102,0.46081016868614877,0.48786739576213256,0.4662620091896408,0.534264758938078,0.5309253774166055,0.5648148148148148,108.0,0.6229508196721312,0.5757575757575758,0.6785714285714286,28.0,0.6666666666666666,0.5964912280701754,0.7555555555555555,45.0,0.4666666666666667,0.6363636363636364,0.3684210526315789,19.0,0.08695652173913043,0.14285714285714285,0.0625,16.0,,,,
p_1103,0.32680992305537,0.3018803265987246,0.38154731781376516,0.41876869433608016,0.37782236614109793,0.49074074074074076,108.0,0.6024096385542169,0.49019607843137253,0.78125,32.0,0.627906976744186,0.574468085106383,0.6923076923076923,39.0,0.0,0.0,0.0,18.0,0.07692307692307693,0.14285714285714285,0.05263157894736842,19.0,,,,
p_1104,0.28267440361057383,0.3194543736390156,0.29035393421582684,0.3871424648375003,0.39831401515324444,0.42592592592592593,108.0,0.2127659574468085,0.2631578947368421,0.17857142857142858,28.0,0.64,0.5245901639344263,0.8205128205128205,39.0,0.22727272727272727,0.23809523809523808,0.21739130434782608,23.0,0.3333333333333333,0.5714285714285714,0.23529411764705882,17.0,0.0,0.0,0.0,1.0
p_1105,0.2977240050609615,0.32073529411764706,0.3303434821051013,0.31281418006458267,0.3257897603485839,0.35185185185185186,108.0,0.38095238095238093,0.35294117647058826,0.41379310344827586,29.0,0.475,0.38,0.6333333333333333,30.0,0.2608695652173913,0.3,0.23076923076923078,26.0,0.07407407407407407,0.25,0.043478260869565216,23.0,,,,
p_1106,0.35158014818830763,0.44525316455696207,0.3629751461988304,0.40168301490249625,0.4448663853727145,0.46296296296296297,108.0,0.19047619047619047,0.4,0.125,32.0,0.35294117647058826,0.4,0.3157894736842105,19.0,0.6129032258064516,0.4810126582278481,0.8444444444444444,45.0,0.25,0.5,0.16666666666666666,12.0,,,,
p_1107,0.324129982825635,0.5337649679754943,0.3649107142857143,0.4049321897147984,0.5668466433573646,0.49074074074074076,108.0,0.6461538461538462,0.5185185185185185,0.8571428571428571,49.0,0.08695652173913043,0.14285714285714285,0.0625,16.0,0.07692307692307693,1.0,0.04,25.0,0.4864864864864865,0.47368421052631576,0.5,18.0,,,,
p_1108,0.23507683215130024,0.2439556331006979,0.2601833976833977,0.29264074949654145,0.30657102765776745,0.32407407407407407,108.0,0.46808510638297873,0.3728813559322034,0.6285714285714286,35.0,0.0,0.0,0.0,8.0,0.2222222222222222,0.35294117647058826,0.16216216216216217,37.0,0.25,0.25,0.25,28.0,,,,
p_1109,0.28608452950558216,0.275997150997151,0.30038569424964934,0.36087483017307576,0.34723541205022684,0.37962962962962965,108.0,0.5,0.46296296296296297,0.5434782608695652,46.0,0.36363636363636365,0.3333333333333333,0.4,20.0,0.0,0.0,0.0,11.0,0.2807017543859649,0.3076923076923077,0.25806451612903225,31.0,,,,
p_1110,0.31535101381453606,0.3291346973572038,0.3536732085119182,0.36355901985452194,0.40010814309620785,0.37962962962962965,108.0,0.45161290322580644,0.6086956521739131,0.358974358974359,39.0,0.3835616438356164,0.27450980392156865,0.6363636363636364,22.0,0.4262295081967213,0.43333333333333335,0.41935483870967744,31.0,0.0,0.0,0.0,16.0,,,,
p_1111,0.23034591194968554,0.22775628626692457,0.26076923076923075,0.492808059631959,0.4472920696324952,0.5833333333333334,108.0,0.7547169811320755,0.6382978723404256,0.9230769230769231,65.0,0.0,0.0,0.0,11.0,0.16666666666666666,0.2727272727272727,0.12,25.0,0.0,0.0,0.0,7.0,,,,
p_1112,0.3195402298850575,0.3357142857142857,0.3296448087431694,0.4997020008514262,0.46494708994708994,0.5648148148148148,108.0,0.7448275862068966,0.6428571428571429,0.8852459016393442,61.0,0.4,0.5,0.3333333333333333,18.0,0.0,0.0,0.0,19.0,0.13333333333333333,0.2,0.1,10.0,,,,
p_1113,0.273093763821318,0.2684281379724255,0.30084033613445377,0.2958296066964798,0.2910091501233992,0.32407407407407407,108.0,0.05714285714285714,0.14285714285714285,0.03571428571428571,28.0,0.56,0.5121951219512195,0.6176470588235294,34.0,0.2647058823529412,0.23684210526315788,0.3,30.0,0.21052631578947367,0.18181818181818182,0.25,16.0,,,,
p_1114,0.3306998939554613,0.3197767145135566,0.3512291280148423,0.5719296178469031,0.5498774292633942,0.6111111111111112,108.0,0.7130434782608696,0.6212121212121212,0.8367346938775511,49.0,0.0,0.0,0.0,10.0,0.6097560975609756,0.6578947368421053,0.5681818181818182,44.0,0.0,0.0,0.0,5.0,,,,
p_1115,0.3970455333960068,0.4005494505494505,0.4328056736620377,0.3969948080915099,0.4152625152625153,0.4166666666666667,108.0,0.547945205479452,0.5128205128205128,0.5882352941176471,34.0,0.2222222222222222,0.38461538461538464,0.15625,32.0,0.40625,0.37142857142857144,0.4482758620689655,29.0,0.4117647058823529,0.3333333333333333,0.5384615384615384,13.0,,,,
p_1116,0.3596078578955291,0.3246014492753623,0.4392301392301392,0.4114976221140605,0.39680488459473967,0.4444444444444444,108.0,0.410958904109589,0.4166666666666667,0.40540540540540543,37.0,0.0,0.0,0.0,15.0,0.5274725274725275,0.5217391304347826,0.5333333333333333,45.0,0.5,0.36,0.8181818181818182,11.0,,,,
p_1117,0.30267479042433665,0.3288152610441767,0.32132352941176473,0.37127941181177726,0.34965789082254944,0.4444444444444444,108.0,0.6015037593984962,0.4819277108433735,0.8,50.0,0.3333333333333333,0.5,0.25,16.0,0.0,0.0,0.0,25.0,0.27586206896551724,0.3333333333333333,0.23529411764705882,17.0,,,,
p_1118,0.41118881118881123,0.50150675024108,0.4093073593073593,0.4181645514978849,0.4927780158815196,0.42592592592592593,108.0,0.42424242424242425,0.5833333333333334,0.3333333333333333,42.0,0.4,0.6666666666666666,0.2857142857142857,14.0,0.46153846153846156,0.3442622950819672,0.7,30.0,0.358974358974359,0.4117647058823529,0.3181818181818182,22.0,,,,
p_1119,0.2950438239812054,0.3134439586645469,0.3151960784313726,0.438015588553223,0.44932432432432434,0.48148148148148145,108.0,0.6451612903225806,0.5405405405405406,0.8,50.0,0.39215686274509803,0.5882352941176471,0.29411764705882354,34.0,0.0,0.0,0.0,12.0,0.14285714285714285,0.125,0.16666666666666666,12.0,,,,
p_1120,0.32751696832579186,0.3144946808510638,0.34309210526315786,0.3876235964471259,0.3713258471237195,0.4074074074074074,108.0,0.425,0.425,0.425,40.0,0.46153846153846156,0.45,0.47368421052631576,19.0,0.4235294117647059,0.3829787234042553,0.47368421052631576,38.0,0.0,0.0,0.0,11.0,,,,
p_1121,0.3482452908138769,0.3411458333333333,0.38078845369237047,0.43038170988460744,0.4244791666666667,0.4722222222222222,108.0,0.6355140186915887,0.53125,0.7906976744186046,43.0,0.37037037037037035,0.3333333333333333,0.4166666666666667,12.0,0.3870967741935484,0.5,0.3157894736842105,38.0,0.0,0.0,0.0,15.0,,,,
p_1122,0.2810206014681506,0.2556818181818182,0.31242690058479533,0.43200813885161504,0.39225589225589225,0.48148148148148145,108.0,0.5631067961165048,0.5,0.6444444444444445,45.0,0.0,0.0,0.0,17.0,0.5609756097560976,0.5227272727272727,0.6052631578947368,38.0,0.0,0.0,0.0,8.0,,,,
p_1123,0.3462292387243522,0.39998500524816316,0.3493371212121212,0.39418074341602327,0.4099495732049338,0.4166666666666667,108.0,0.5102040816326531,0.46296296296296297,0.5681818181818182,44.0,0.10526315789473684,0.3333333333333333,0.0625,16.0,0.38235294117647056,0.34210526315789475,0.43333333333333335,30.0,0.3870967741935484,0.46153846153846156,0.3333333333333333,18.0,,,,
p_1124,0.288265306122449,0.2619047619047619,0.32052669552669555,0.5331632653061225,0.48456790123456794,0.5925925925925926,108.0,0.7857142857142857,0.7142857142857143,0.873015873015873,63.0,0.3673469387755102,0.3333333333333333,0.4090909090909091,22.0,0.0,0.0,0.0,12.0,0.0,0.0,0.0,11.0,,,,
p_1125,0.28451899110470835,0.2819410319410319,0.33493999606531577,0.33795053428494237,0.32475657475657477,0.4166666666666667,108.0,0.584070796460177,0.44594594594594594,0.8461538461538461,39.0,0.0,0.0,0.0,12.0,0.08888888888888889,0.18181818181818182,0.058823529411764705,34.0,0.46511627906976744,0.5,0.43478260869565216,23.0,,,,
p_1126,0.3427580266673901,0.43268398268398267,0.3446667016276524,0.36782940245292567,0.42306397306397303,0.39814814814814814,108.0,0.48598130841121495,0.37142857142857144,0.7027027027027027,37.0,0.2,0.3333333333333333,0.14285714285714285,21.0,0.3076923076923077,0.5714285714285714,0.21052631578947367,19.0,0.37735849056603776,0.45454545454545453,0.3225806451612903,31.0,,,,
p_1127,0.26895281189398834,0.32914144193725925,0.31626984126984126,0.3289614307261366,0.35066042927903135,0.4166666666666667,108.0,0.6050420168067226,0.45569620253164556,0.9,40.0,0.0,0.0,0.0,20.0,0.24,0.2608695652173913,0.2222222222222222,27.0,0.23076923076923078,0.6,0.14285714285714285,21.0,,,,
p_1128,0.33579755592027244,0.5100094876660342,0.34015151515151515,0.3590457837967096,0.4715826832525125,0.3888888888888889,108.0,0.4752475247524752,0.35294117647058826,0.7272727272727273,33.0,0.2222222222222222,0.5,0.14285714285714285,14.0,0.3380281690140845,0.3870967741935484,0.3,40.0,0.3076923076923077,0.8,0.19047619047619047,21.0,,,,
p_1129,0.19172982316181358,0.158008658008658,0.243755383290267,0.2624060039297375,0.216370049703383,0.3333333333333333,108.0,0.47706422018348627,0.3939393939393939,0.6046511627906976,43.0,0.0,0.0,0.0,14.0,0.0,0.0,0.0,24.0,0.2898550724637681,0.23809523809523808,0.37037037037037035,27.0,,,,
p_1130,0.3402287137681159,0.425,0.3631038647342995,0.43618407809983895,0.4691358024691358,0.5092592592592593,108.0,0.1,0.2,0.06666666666666667,15.0,0.08695652173913043,0.3333333333333333,0.05,20.0,0.5333333333333333,0.6666666666666666,0.4444444444444444,27.0,0.640625,0.5,0.8913043478260869,46.0,,,,
p_1131,0.34163701795280743,0.36199900049975015,0.34307029177718834,0.37342740646834216,0.3727515871693783,0.3888888888888889,108.0,0.4888888888888889,0.44,0.55,40.0,0.21052631578947367,0.3333333333333333,0.15384615384615385,13.0,0.43636363636363634,0.41379310344827586,0.46153846153846156,26.0,0.23076923076923078,0.2608695652173913,0.20689655172413793,29.0,,,,
p_1132,0.37410790503165287,0.4127450980392157,0.37302432141361364,0.4202770045243945,0.4698710965867829,0.39814814814814814,108.0,0.5675675675675675,0.5833333333333334,0.5526315789473685,38.0,0.3673469387755102,0.45,0.3103448275862069,29.0,0.1702127659574468,0.11764705882352941,0.3076923076923077,13.0,0.391304347826087,0.5,0.32142857142857145,28.0,,,,
p_1133,0.2823477508074451,0.28439153439153436,0.33647214854111407,0.35220300878909744,0.34901038604742307,0.4166666666666667,108.0,0.1111111111111111,0.2857142857142857,0.06896551724137931,29.0,0.0,0.0,0.0,13.0,0.5957446808510638,0.5185185185185185,0.7,40.0,0.4225352112676056,0.3333333333333333,0.5769230769230769,26.0,,,,
p_1134,0.4236419116517727,0.4631779510811769,0.4474429583005507,0.46805499976723647,0.5025470348050993,0.5,108.0,0.6185567010309279,0.5357142857142857,0.7317073170731707,41.0,0.36363636363636365,0.6153846153846154,0.25806451612903225,31.0,0.17391304347826086,0.25,0.13333333333333333,15.0,0.5384615384615384,0.45161290322580644,0.6666666666666666,21.0,,,,
p_1135,0.31459968602825744,0.325,0.31212885796569567,0.4049770335484621,0.41203703703703703,0.4074074074074074,108.0,0.43956043956043955,0.4,0.4878048780487805,41.0,0.0,0.0,0.0,5.0,0.32653061224489793,0.4,0.27586206896551724,29.0,0.49230769230769234,0.5,0.48484848484848486,33.0,,,,
p_1136,0.36877294685990336,0.42664092664092657,0.3716884873071486,0.48325210234388977,0.48444873444873443,0.5370370370370371,108.0,0.24,0.2857142857142857,0.20689655172413793,29.0,0.752,0.6351351351351351,0.9215686274509803,51.0,0.2608695652173913,0.5,0.17647058823529413,17.0,0.2222222222222222,0.2857142857142857,0.18181818181818182,11.0,,,,
p_1137,0.2787817938420348,0.30374180083482405,0.2996848350018539,0.28510337646883827,0.3003627509441463,0.3148148148148148,108.0,0.0,0.0,0.0,24.0,0.3373493975903614,0.2692307692307692,0.45161290322580644,31.0,0.3333333333333333,0.27906976744186046,0.41379310344827586,29.0,0.4444444444444444,0.6666666666666666,0.3333333333333333,24.0,,,,
p_1138,0.38803207661903316,0.5781024531024531,0.3707320162107396,0.46071965474139387,0.49917161028272133,0.48148148148148145,108.0,0.6181818181818182,0.5396825396825397,0.723404255319149,47.0,0.2608695652173913,0.2727272727272727,0.25,24.0,0.4230769230769231,0.5,0.36666666666666664,30.0,0.25,1.0,0.14285714285714285,7.0,,,,
p_1139,0.29238153594771243,0.2932017543859649,0.3288793103448276,0.47414366981360445,0.42459389213775184,0.5833333333333334,108.0,0.4375,0.5833333333333334,0.35,20.0,0.0,0.0,0.0,16.0,0.7320261437908496,0.5894736842105263,0.9655172413793104,58.0,0.0,0.0,0.0,14.0,,,,
p_1140,0.3927753712871287,0.4375,0.3877032520325203,0.4543649156582325,0.4679012345679012,0.4722222222222222,108.0,0.5148514851485149,0.43333333333333335,0.6341463414634146,41.0,0.125,0.25,0.08333333333333333,12.0,0.53125,0.5666666666666667,0.5,34.0,0.4,0.5,0.3333333333333333,21.0,,,,
p_1141,0.3275186104218362,0.3623054029304029,0.3332512315270936,0.36779340134178845,0.38056912223578887,0.39814814814814814,108.0,0.25806451612903225,0.4,0.19047619047619047,21.0,0.5384615384615384,0.4375,0.7,40.0,0.32,0.38095238095238093,0.27586206896551724,29.0,0.1935483870967742,0.23076923076923078,0.16666666666666666,18.0,,,,
p_1142,0.37209499642855737,0.34399703557312256,0.4059036393713813,0.41616303259403664,0.3849683428487776,0.4537037037037037,108.0,0.4225352112676056,0.375,0.4838709677419355,31.0,0.5116279069767442,0.4782608695652174,0.55,20.0,0.0,0.0,0.0,18.0,0.5542168674698795,0.5227272727272727,0.5897435897435898,39.0,,,,
p_1143,0.23699763593380613,0.2222838137472284,0.256870095902354,0.28117065055599333,0.26272891516793956,0.3055555555555556,108.0,0.4444444444444444,0.3902439024390244,0.5161290322580645,31.0,0.1702127659574468,0.18181818181818182,0.16,25.0,0.3333333333333333,0.3170731707317073,0.35135135135135137,37.0,0.0,0.0,0.0,15.0,,,,
p_1144,0.3919667867146859,0.4690374331550803,0.3646530100334448,0.3806952410593867,0.4140899187958012,0.37037037037037035,108.0,0.5306122448979592,0.52,0.5416666666666666,24.0,0.16666666666666666,0.14705882352941177,0.19230769230769232,26.0,0.47058823529411764,0.8,0.3333333333333333,12.0,0.4,0.4090909090909091,0.391304347826087,46.0,,,,
p_1145,0.2810211670480549,0.37940705128205127,0.33511513157894735,0.32073057038732095,0.47691120607787274,0.3611111111111111,108.0,0.30434782608695654,0.875,0.18421052631578946,38.0,0.0,0.0,0.0,14.0,0.39473684210526316,0.28846153846153844,0.625,24.0,0.425,0.3541666666666667,0.53125,32.0,,,,
p_1146,0.27805922525750115,0.28072115384615387,0.28621951682026775,0.3754141372675856,0.36917200854700855,0.39814814814814814,108.0,0.48214285714285715,0.4153846153846154,0.574468085106383,47.0,0.4482758620689655,0.52,0.3939393939393939,33.0,0.18181818181818182,0.1875,0.17647058823529413,17.0,0.0,0.0,0.0,11.0,,,,
p_1147,0.4156673761021587,0.45935658544354196,0.43848428077981383,0.41790558877515394,0.47787038511676194,0.4166666666666667,108.0,0.509090909090909,0.5384615384615384,0.4827586206896552,29.0,0.36923076923076925,0.2608695652173913,0.631578947368421,19.0,0.48,0.5714285714285714,0.41379310344827586,29.0,0.30434782608695654,0.4666666666666667,0.22580645161290322,31.0,,,,
p_1148,0.30448299791811245,0.32916976917349217,0.32051282051282054,0.4753342586167014,0.48308513278729215,0.5277777777777778,108.0,0.6870229007633588,0.569620253164557,0.8653846153846154,52.0,0.0,0.0,0.0,11.0,0.09090909090909091,0.1,0.08333333333333333,12.0,0.44,0.6470588235294118,0.3333333333333333,33.0,,,,
p_1149,0.2895161290322581,0.2965571205007825,0.3161591880341881,0.35791517323775385,0.361545818118588,0.39814814814814814,108.0,0.5,0.4084507042253521,0.6444444444444445,45.0,0.4,0.5555555555555556,0.3125,32.0,0.25806451612903225,0.2222222222222222,0.3076923076923077,13.0,0.0,0.0,0.0,18.0,,,,
p_1150,0.38470033148825716,0.5335328979196904,0.3585556335556336,0.383685423782603,0.4536656274077657,0.3888888888888889,108.0,0.3684210526315789,0.358974358974359,0.3783783783783784,37.0,0.29411764705882354,0.4166666666666667,0.22727272727272727,22.0,0.4444444444444444,1.0,0.2857142857142857,14.0,0.4318181818181818,0.3584905660377358,0.5428571428571428,35.0,,,,
p_1151,0.40555555555555556,0.3823872679045093,0.4374583795782464,0.5250734861845973,0.5098457608802436,0.5462962962962963,108.0,0.6857142857142857,0.6923076923076923,0.6792452830188679,53.0,0.0,0.0,0.0,13.0,0.38095238095238093,0.32,0.47058823529411764,17.0,0.5555555555555556,0.5172413793103449,0.6,25.0,,,,
p_1152,0.324055330634278,0.3253033088235294,0.350457702020202,0.3645973909131804,0.3564392701525055,0.4074074074074074,108.0,0.41025641025641024,0.47058823529411764,0.36363636363636365,22.0,0.0,0.0,0.0,18.0,0.38596491228070173,0.44,0.34375,32.0,0.5,0.390625,0.6944444444444444,36.0,,,,
p_1153,0.2716646266829865,0.23547149122807018,0.3223684210526316,0.3823428079242032,0.3314043209876544,0.4537037037037037,108.0,0.5052631578947369,0.42105263157894735,0.631578947368421,38.0,0.0,0.0,0.0,12.0,0.0,0.0,0.0,20.0,0.5813953488372093,0.5208333333333334,0.6578947368421053,38.0,,,,
p_1154,0.4086155063291139,0.41283993783993783,0.4131048971312663,0.41383526722925457,0.4116773144550922,0.42592592592592593,108.0,0.24,0.2727272727272727,0.21428571428571427,28.0,0.4375,0.4666666666666667,0.4117647058823529,17.0,0.5569620253164557,0.4888888888888889,0.6470588235294118,34.0,0.4,0.4230769230769231,0.3793103448275862,29.0,,,,
p_1155,0.34711135410971383,0.34842032967032965,0.3551116247049567,0.38891757622393675,0.3795787545787546,0.4074074074074074,108.0,0.3389830508474576,0.35714285714285715,0.3225806451612903,31.0,0.5161290322580645,0.46153846153846156,0.5853658536585366,41.0,0.45,0.45,0.45,20.0,0.08333333333333333,0.125,0.0625,16.0,,,,
p_1156,0.3766307248852354,0.35394410637818347,0.42940162271805277,0.44639376218323584,0.4403292181069959,0.4722222222222222,108.0,0.4842105263157895,0.5111111111111111,0.46,50.0,0.47058823529411764,0.35294117647058826,0.7058823529411765,17.0,0.0,0.0,0.0,12.0,0.5517241379310345,0.5517241379310345,0.5517241379310345,29.0,,,,
p_1157,0.4286724911724912,0.4676495016611296,0.44731182795698926,0.4510124440679996,0.4992017349575489,0.46296296296296297,108.0,0.5897435897435898,0.5348837209302325,0.6571428571428571,35.0,0.21621621621621623,0.25,0.19047619047619047,21.0,0.4642857142857143,0.37142857142857144,0.6190476190476191,21.0,0.4444444444444444,0.7142857142857143,0.3225806451612903,31.0,,,,
p_1158,0.2955759330759331,0.3884920634920635,0.32125946969696967,0.33457147623814293,0.39171075837742503,0.37962962962962965,108.0,0.5333333333333333,0.4444444444444444,0.6666666666666666,36.0,0.08333333333333333,0.5,0.045454545454545456,22.0,0.21428571428571427,0.3,0.16666666666666666,18.0,0.35135135135135137,0.30952380952380953,0.40625,32.0,,,,
p_1159,0.2914881392103751,0.3290229885057471,0.3376701800614844,0.3606409660091019,0.3587164750957854,0.46296296296296297,108.0,0.26666666666666666,0.3333333333333333,0.2222222222222222,18.0,0.25806451612903225,0.5,0.17391304347826086,23.0,0.0,0.0,0.0,23.0,0.6412213740458015,0.4827586206896552,0.9545454545454546,44.0,,,,
p_1160,0.2774752569834537,0.3591911764705882,0.33550609432962375,0.30306179349895196,0.37092864923747276,0.39814814814814814,108.0,0.05128205128205128,0.2,0.029411764705882353,34.0,0.30303030303030304,0.625,0.2,25.0,0.18181818181818182,0.2,0.16666666666666666,12.0,0.5737704918032787,0.4117647058823529,0.9459459459459459,37.0,,,,
p_1161,0.34464583389650294,0.3651190476190476,0.34440373139222247,0.3957701707330016,0.405216049382716,0.4074074074074074,108.0,0.4631578947368421,0.39285714285714285,0.5641025641025641,39.0,0.1111111111111111,0.16666666666666666,0.08333333333333333,12.0,0.36363636363636365,0.38095238095238093,0.34782608695652173,23.0,0.4406779661016949,0.52,0.38235294117647056,34.0,,,,
p_1162,0.4186904613382999,0.5456912878787878,0.39214046822742477,0.45644962356334073,0.4981762065095398,0.4722222222222222,108.0,0.6071428571428571,0.53125,0.7083333333333334,48.0,0.2926829268292683,0.3333333333333333,0.2608695652173913,23.0,0.47058823529411764,1.0,0.3076923076923077,13.0,0.30434782608695654,0.3181818181818182,0.2916666666666667,24.0,,,,
p_1163,0.3191641691641692,0.3380801687763713,0.335642227905655,0.42138417138417134,0.40711439287388657,0.48148148148148145,108.0,0.6307692307692307,0.5189873417721519,0.803921568627451,51.0,0.0,0.0,0.0,16.0,0.34285714285714286,0.5,0.2608695652173913,23.0,0.30303030303030304,0.3333333333333333,0.2777777777777778,18.0,,,,
p_1164,0.25668963587393756,0.2751696832579186,0.28434343434343434,0.35337600708897365,0.3688725490196078,0.39814814814814814,108.0,0.584070796460177,0.4852941176470588,0.7333333333333333,45.0,0.2608695652173913,0.46153846153846156,0.18181818181818182,33.0,0.18181818181818182,0.15384615384615385,0.2222222222222222,18.0,0.0,0.0,0.0,12.0,,,,
p_1165,0.4038682864450128,0.5106060606060606,0.40830280830280824,0.4355581604622525,0.5042087542087542,0.4537037037037037,108.0,0.5277777777777778,0.5757575757575758,0.48717948717948717,39.0,0.5176470588235295,0.4,0.7333333333333333,30.0,0.34782608695652173,0.8,0.2222222222222222,18.0,0.2222222222222222,0.26666666666666666,0.19047619047619047,21.0,,,,
p_1166,0.3402535646198343,0.32514880952380953,0.36440886699507385,0.3921154306176741,0.37739748677248675,0.4166666666666667,108.0,0.4788732394366197,0.40476190476190477,0.5862068965517241,29.0,0.3448275862068966,0.3333333333333333,0.35714285714285715,28.0,0.5373134328358209,0.5625,0.5142857142857142,35.0,0.0,0.0,0.0,16.0,,,,
p_1167,0.3025335320417287,0.3548265460030166,0.31772759148285096,0.39397159205902377,0.4243687503491425,0.4444444444444444,108.0,0.5737704918032787,0.44871794871794873,0.7954545454545454,44.0,0.3333333333333333,0.47058823529411764,0.25806451612903225,31.0,0.0,0.0,0.0,10.0,0.30303030303030304,0.5,0.21739130434782608,23.0,,,,
p_1168,0.2918609538891659,0.481578947368421,0.3062867721647393,0.4343619649249335,0.4842105263157894,0.49074074074074076,108.0,0.6201550387596899,0.5263157894736842,0.7547169811320755,53.0,0.15384615384615385,1.0,0.08333333333333333,12.0,0.0,0.0,0.0,12.0,0.39344262295081966,0.4,0.3870967741935484,31.0,,,,
p_1169,0.3671263554926921,0.3737418831168831,0.38132107023411366,0.4748131559187665,0.4714676527176527,0.5,108.0,0.6732673267326733,0.6181818181818182,0.7391304347826086,46.0,0.42857142857142855,0.5625,0.34615384615384615,26.0,0.36666666666666664,0.3142857142857143,0.44,25.0,0.0,0.0,0.0,11.0,,,,
p_1170,0.3248055088309504,0.3371945488721805,0.35055555555555556,0.41105874061614184,0.4298028056251741,0.4351851851851852,108.0,0.34146341463414637,0.4375,0.28,25.0,0.0,0.0,0.0,8.0,0.4827586206896552,0.3684210526315789,0.7,30.0,0.475,0.5428571428571428,0.4222222222222222,45.0,,,,
p_1171,0.30958716336074826,0.4385738831615121,0.3137672811059908,0.4834584624941019,0.4978363242968054,0.5740740740740741,108.0,0.7169811320754716,0.5876288659793815,0.9193548387096774,62.0,0.4444444444444444,1.0,0.2857142857142857,14.0,0.0,0.0,0.0,12.0,0.07692307692307693,0.16666666666666666,0.05,20.0,,,,
p_1172,0.283921866618988,0.3364734927234927,0.2917483660130719,0.3845309282105277,0.43302918302918303,0.4166666666666667,108.0,0.3,0.375,0.25,24.0,0.0,0.0,0.0,5.0,0.5378151260504201,0.43243243243243246,0.7111111111111111,45.0,0.2978723404255319,0.5384615384615384,0.20588235294117646,34.0,,,,
p_1173,0.4352918586789554,0.4574106499124524,0.43852758494702226,0.5400310064288559,0.5291329541509787,0.5833333333333334,108.0,0.6935483870967742,0.589041095890411,0.8431372549019608,51.0,0.0,0.0,0.0,13.0,0.47619047619047616,0.5263157894736842,0.43478260869565216,23.0,0.5714285714285714,0.7142857142857143,0.47619047619047616,21.0,,,,
p_1174,0.25170068027210885,0.24262640449438203,0.28614058355437666,0.45603426555807514,0.41008635039533914,0.5462962962962963,108.0,0.7210884353741497,0.5955056179775281,0.9137931034482759,58.0,0.0,0.0,0.0,7.0,0.2857142857142857,0.375,0.23076923076923078,26.0,0.0,0.0,0.0,17.0,,,,
p_1175,0.33268497330282226,0.3800865800865801,0.3548169267707083,0.45311184563663587,0.4901835818502485,0.49074074074074076,108.0,0.6956521739130435,0.6060606060606061,0.8163265306122449,49.0,0.3684210526315789,0.7,0.25,28.0,0.0,0.0,0.0,14.0,0.26666666666666666,0.21428571428571427,0.35294117647058826,17.0,,,,
p_1176,0.30301606288448396,0.2732371794871795,0.3498263888888889,0.33808637756006177,0.3060303893637227,0.3888888888888889,108.0,0.5789473684210527,0.5,0.6875,32.0,0.0,0.0,0.0,17.0,0.17857142857142858,0.20833333333333334,0.15625,32.0,0.45454545454545453,0.38461538461538464,0.5555555555555556,27.0,,,,
p_1177,0.1893491124260355,0.16161616161616163,0.22857142857142856,0.49090510628972167,0.419004863449308,0.5925925925925926,108.0,0.757396449704142,0.6464646464646465,0.9142857142857143,70.0,0.0,0.0,0.0,13.0,0.0,0.0,0.0,11.0,0.0,0.0,0.0,14.0,,,,
p_1178,0.4325535161100101,0.4915966386554621,0.42373333169918614,0.47498034270616407,0.4907511152609192,0.49074074074074076,108.0,0.5102040816326531,0.49019607843137253,0.5319148936170213,47.0,0.46153846153846156,0.6,0.375,16.0,0.547945205479452,0.47619047619047616,0.6451612903225806,31.0,0.21052631578947367,0.4,0.14285714285714285,14.0,,,,
p_1179,0.4211515969410706,0.47916666666666663,0.41483204329536016,0.4569364055913763,0.47145061728395066,0.49074074074074076,108.0,0.5982905982905983,0.5,0.7446808510638298,47.0,0.5263157894736842,0.625,0.45454545454545453,11.0,0.16,0.3333333333333333,0.10526315789473684,19.0,0.4,0.4583333333333333,0.3548387096774194,31.0,,,,
p_1180,0.2488753936122357,0.2720430107526882,0.2592682140554481,0.3475658519518169,0.35442054958183994,0.37962962962962965,108.0,0.28205128205128205,0.3548387096774194,0.23404255319148937,47.0,0.2222222222222222,0.3333333333333333,0.16666666666666666,12.0,0.0,0.0,0.0,5.0,0.49122807017543857,0.4,0.6363636363636364,44.0,,,,
p_1181,0.35684523809523805,0.34637445887445883,0.4175319693094629,0.4657186948853615,0.4229898188231522,0.5555555555555556,108.0,0.7321428571428571,0.6212121212121212,0.8913043478260869,46.0,0.6,0.5142857142857142,0.72,25.0,0.09523809523809523,0.25,0.058823529411764705,17.0,0.0,0.0,0.0,20.0,,,,
p_1182,0.29991620843152655,0.30409449343980793,0.3115016209843796,0.3251926527208014,0.3209389265230087,0.3425925925925926,108.0,0.417910447761194,0.3684210526315789,0.4827586206896552,29.0,0.08,0.14285714285714285,0.05555555555555555,18.0,0.3333333333333333,0.36363636363636365,0.3076923076923077,26.0,0.3684210526315789,0.34146341463414637,0.4,35.0,,,,
p_1183,0.41972395698870396,0.508641855656781,0.41887626262626265,0.4467042312182166,0.5099993060192065,0.4722222222222222,108.0,0.4528301886792453,0.5714285714285714,0.375,32.0,0.27586206896551724,0.36363636363636365,0.2222222222222222,18.0,0.3870967741935484,0.6666666666666666,0.2727272727272727,22.0,0.5631067961165048,0.43283582089552236,0.8055555555555556,36.0,,,,
p_1184,0.3341823415994017,0.36474872953133824,0.33921197983697987,0.31774034582075544,0.34461363113537025,0.32407407407407407,108.0,0.345679012345679,0.2857142857142857,0.4375,32.0,0.3902439024390244,0.34782608695652173,0.4444444444444444,18.0,0.375,0.5454545454545454,0.2857142857142857,21.0,0.22580645161290322,0.28,0.1891891891891892,37.0,,,,
p_1185,0.4746039358292952,0.4719135939090788,0.4850929054054054,0.47545541227375376,0.47562697042578406,0.48148148148148145,108.0,0.5897435897435898,0.5609756097560976,0.6216216216216216,37.0,0.5294117647058824,0.47368421052631576,0.6,15.0,0.36065573770491804,0.3793103448275862,0.34375,32.0,0.4186046511627907,0.47368421052631576,0.375,24.0,,,,
p_1186,0.371436170212766,0.47642450142450143,0.3939814814814815,0.45820790648804827,0.5590666877703915,0.48148148148148145,108.0,0.5066666666666667,0.48717948717948717,0.5277777777777778,36.0,0.5957446808510638,0.5185185185185185,0.7,40.0,0.25,0.8,0.14814814814814814,27.0,0.13333333333333333,0.1,0.2,5.0,,,,
p_1187,0.27302916233991,0.302280701754386,0.3334688114999572,0.29808869530659077,0.32126055880441845,0.37037037037037035,108.0,0.0,0.0,0.0,22.0,0.5185185185185185,0.56,0.4827586206896552,29.0,0.4485981308411215,0.3157894736842105,0.7741935483870968,31.0,0.125,0.3333333333333333,0.07692307692307693,26.0,,,,
p_1188,0.3414043468974486,0.41375,0.34266119542889056,0.3635127362535148,0.4166203703703704,0.3888888888888889,108.0,0.5048543689320388,0.4,0.6842105263157895,38.0,0.3157894736842105,0.6,0.21428571428571427,28.0,0.25925925925925924,0.28,0.2413793103448276,29.0,0.2857142857142857,0.375,0.23076923076923078,13.0,,,,
p_1189,0.37197403620488756,0.3891025641025641,0.3821022727272727,0.4800287149337715,0.4884140550807217,0.5092592592592593,108.0,0.6238532110091743,0.5230769230769231,0.7727272727272727,44.0,0.0,0.0,0.0,10.0,0.5384615384615384,0.7,0.4375,32.0,0.32558139534883723,0.3333333333333333,0.3181818181818182,22.0,,,,
p_1190,0.31114871508264247,0.3017543859649123,0.3301566193853428,0.4013355734720655,0.3796458739441196,0.4351851851851852,108.0,0.6355140186915887,0.5666666666666667,0.723404255319149,47.0,0.19047619047619047,0.16666666666666666,0.2222222222222222,18.0,0.4186046511627907,0.47368421052631576,0.375,24.0,0.0,0.0,0.0,19.0,,,,
p_1191,0.2977995758218452,0.31121472979435677,0.3125,0.4486881897804485,0.4238048426235897,0.5092592592592593,108.0,0.6521739130434783,0.5487804878048781,0.8035714285714286,56.0,0.1,0.16666666666666666,0.07142857142857142,14.0,0.43902439024390244,0.5294117647058824,0.375,24.0,0.0,0.0,0.0,14.0,,,,
p_1192,0.20821831639632596,0.1997863247863248,0.2559915164369035,0.27131364496703075,0.24370845204178537,0.35185185185185186,108.0,0.0,0.0,0.0,19.0,0.0625,0.1111111111111111,0.043478260869565216,23.0,0.23255813953488372,0.2777777777777778,0.2,25.0,0.5378151260504201,0.41025641025641024,0.7804878048780488,41.0,,,,
p_1193,0.31774628879892036,0.36367082210242585,0.35709528214616093,0.40506072874493926,0.44073356543875414,0.4444444444444444,108.0,0.5684210526315789,0.5625,0.574468085106383,47.0,0.4358974358974359,0.32075471698113206,0.68,25.0,0.0,0.0,0.0,13.0,0.26666666666666666,0.5714285714285714,0.17391304347826086,23.0,,,,
p_1194,0.3454917423002529,0.3624625374625375,0.3714423076923077,0.4010315925209542,0.40139490139490136,0.4537037037037037,108.0,0.5106382978723404,0.5454545454545454,0.48,25.0,0.3076923076923077,0.46153846153846156,0.23076923076923078,26.0,0.5636363636363636,0.44285714285714284,0.775,40.0,0.0,0.0,0.0,17.0,,,,
p_1195,0.2855973813420622,0.27119509703779365,0.3307692307692308,0.3919197429835728,0.3354329815003972,0.5,108.0,0.6808510638297872,0.5393258426966292,0.9230769230769231,52.0,0.0,0.0,0.0,17.0,0.46153846153846156,0.5454545454545454,0.4,15.0,0.0,0.0,0.0,24.0,,,,
p_1196,0.3406698564593301,0.33035714285714285,0.3918067226890757,0.3746057061846535,0.37048059964726626,0.42592592592592593,108.0,0.5263157894736842,0.4166666666666667,0.7142857142857143,35.0,0.4,0.3333333333333333,0.5,18.0,0.43636363636363634,0.5714285714285714,0.35294117647058826,34.0,0.0,0.0,0.0,21.0,,,,
p_1197,0.22583384524378314,0.32291666666666663,0.2659010117582718,0.35740294135739276,0.3919753086419753,0.46296296296296297,108.0,0.6394557823129252,0.5,0.8867924528301887,53.0,0.07692307692307693,0.3333333333333333,0.043478260869565216,23.0,0.1,0.125,0.08333333333333333,12.0,0.08695652173913043,0.3333333333333333,0.05,20.0,,,,
p_1198,0.31627775145525927,0.3087268029128494,0.35556265984654734,0.41767271959247726,0.3971410922315315,0.4722222222222222,108.0,0.5617977528089888,0.45454545454545453,0.7352941176470589,34.0,0.125,0.2222222222222222,0.08695652173913043,23.0,0.0,0.0,0.0,11.0,0.5783132530120482,0.5581395348837209,0.6,40.0,,,,
p_1199,0.3484539270253556,0.3134920634920635,0.4036172161172161,0.44250211869259487,0.39711934156378603,0.5092592592592593,108.0,0.673469387755102,0.6111111111111112,0.75,44.0,0.11428571428571428,0.14285714285714285,0.09523809523809523,21.0,0.6060606060606061,0.5,0.7692307692307693,26.0,0.0,0.0,0.0,17.0,,,,
p_1200,0.23002688172043012,0.20205026455026454,0.29516045548654246,0.22614097968936678,0.19655104840290025,0.2962962962962963,108.0,0.44,0.4074074074074074,0.4782608695652174,23.0,0.0,0.0,0.0,27.0,0.05,0.08333333333333333,0.03571428571428571,28.0,0.43010752688172044,0.31746031746031744,0.6666666666666666,30.0,,,,
p_1201,0.27110389610389607,0.2521306818181818,0.2986111111111111,0.36201298701298695,0.3295454545454546,0.4074074074074074,108.0,0.6071428571428571,0.53125,0.7083333333333334,48.0,0.25,0.22727272727272727,0.2777777777777778,18.0,0.0,0.0,0.0,18.0,0.22727272727272727,0.25,0.20833333333333334,24.0,,,,
p_1202,0.3508371385083714,0.3607226107226107,0.3635772611431841,0.4458819550143751,0.46757100923767586,0.4537037037037037,108.0,0.3561643835616438,0.29545454545454547,0.4482758620689655,29.0,0.6027397260273972,0.5641025641025641,0.6470588235294118,34.0,0.4444444444444444,0.5833333333333334,0.358974358974359,39.0,0.0,0.0,0.0,6.0,,,,
p_1203,0.38848039215686275,0.4218678380443086,0.40178241298930956,0.39903776325344953,0.43911948617830965,0.4074074074074074,108.0,0.47058823529411764,0.45714285714285713,0.48484848484848486,33.0,0.5333333333333333,0.47058823529411764,0.6153846153846154,26.0,0.3,0.5454545454545454,0.20689655172413793,29.0,0.25,0.21428571428571427,0.3,20.0,,,,
p_1204,0.26083933065477505,0.2409131205673759,0.3119047619047619,0.3242175682680783,0.2970925269240872,0.37962962962962965,108.0,0.6363636363636364,0.5833333333333334,0.7,40.0,0.3380281690140845,0.2553191489361702,0.5,24.0,0.0,0.0,0.0,23.0,0.06896551724137931,0.125,0.047619047619047616,21.0,,,,
p_1205,0.30662179874974793,0.3942307692307692,0.3936627906976744,0.35327500317417637,0.43322649572649574,0.42592592592592593,108.0,0.5473684210526316,0.5,0.6046511627906976,43.0,0.0,0.0,0.0,20.0,0.20689655172413793,0.75,0.12,25.0,0.4722222222222222,0.3269230769230769,0.85,20.0,,,,
p_1206,0.41776429490715206,0.4079558652729385,0.44047619047619047,0.4879250679250679,0.47215769776745387,0.5185185185185185,108.0,0.4897959183673469,0.5714285714285714,0.42857142857142855,28.0,0.0,0.0,0.0,14.0,0.5866666666666667,0.5238095238095238,0.6666666666666666,33.0,0.5945945945945946,0.5365853658536586,0.6666666666666666,33.0,,,,
p_1207,0.37350565288141785,0.391504329004329,0.39337317588325654,0.37053026098313735,0.39441037357704023,0.3888888888888889,108.0,0.38095238095238093,0.38095238095238093,0.38095238095238093,21.0,0.4594594594594595,0.40476190476190477,0.53125,32.0,0.42105263157894735,0.36363636363636365,0.5,24.0,0.23255813953488372,0.4166666666666667,0.16129032258064516,31.0,,,,
p_1208,0.40091422516111797,0.4743814192343604,0.4478990212685865,0.40670620253514717,0.4689088598402324,0.4722222222222222,108.0,0.24242424242424243,0.4444444444444444,0.16666666666666666,24.0,0.5957446808510638,0.5833333333333334,0.6086956521739131,23.0,0.17142857142857143,0.42857142857142855,0.10714285714285714,28.0,0.594059405940594,0.4411764705882353,0.9090909090909091,33.0,,,,
p_1209,0.3174257166509711,0.32577030812324925,0.3184132996632997,0.33606482677558847,0.34911297852474327,0.3333333333333333,108.0,0.2608695652173913,0.25,0.2727272727272727,11.0,0.3055555555555556,0.2619047619047619,0.36666666666666664,30.0,0.2978723404255319,0.35,0.25925925925925924,27.0,0.40540540540540543,0.4411764705882353,0.375,40.0,,,,
p_1210,0.34025096525096526,0.3352534562211982,0.3589424141749723,0.4041899041899042,0.3824671445639188,0.4444444444444444,108.0,0.5714285714285714,0.4838709677419355,0.6976744186046512,43.0,0.35714285714285715,0.35714285714285715,0.35714285714285715,28.0,0.43243243243243246,0.5,0.38095238095238093,21.0,0.0,0.0,0.0,16.0,,,,
p_1211,0.35481393247350695,0.360484544695071,0.41457528957528955,0.41582752965731695,0.41330950833874813,0.49074074074074076,108.0,0.6285714285714286,0.5238095238095238,0.7857142857142857,28.0,0.574468085106383,0.47368421052631576,0.7297297297297297,37.0,0.21621621621621623,0.4444444444444444,0.14285714285714285,28.0,0.0,0.0,0.0,15.0,,,,
p_1212,0.3505018573511724,0.47303866366366365,0.3733862433862434,0.3507092940882895,0.47943464297630967,0.37037037037037035,108.0,0.49230769230769234,0.43243243243243246,0.5714285714285714,28.0,0.3111111111111111,0.3888888888888889,0.25925925925925924,27.0,0.3561643835616438,0.2708333333333333,0.52,25.0,0.24242424242424243,0.8,0.14285714285714285,28.0,,,,
p_1213,0.34596203435480233,0.3420834905797312,0.36896008403361347,0.4052343519522215,0.39689743449141945,0.4351851851851852,108.0,0.3829787234042553,0.47368421052631576,0.32142857142857145,28.0,0.5070422535211268,0.4864864864864865,0.5294117647058824,34.0,0.49382716049382713,0.40816326530612246,0.625,32.0,0.0,0.0,0.0,14.0,,,,
p_1214,0.2941145235971284,0.32461538461538464,0.3216770101616313,0.38604593719074837,0.3923361823361823,0.4444444444444444,108.0,0.14285714285714285,0.3333333333333333,0.09090909090909091,22.0,0.5423728813559322,0.4266666666666667,0.7441860465116279,43.0,0.49122807017543857,0.5384615384615384,0.45161290322580644,31.0,0.0,0.0,0.0,12.0,,,,
p_1215,0.1853494623655914,0.1717687074829932,0.23757309941520469,0.3612007168458781,0.3024376417233561,0.48148148148148145,108.0,0.08333333333333333,0.16666666666666666,0.05555555555555555,18.0,0.0,0.0,0.0,20.0,0.6580645161290323,0.5204081632653061,0.8947368421052632,57.0,0.0,0.0,0.0,13.0,,,,
p_1216,0.38772175536881415,0.4602564102564103,0.3746898263027295,0.5579589860635612,0.5605887939221272,0.5925925925925926,108.0,0.7142857142857143,0.6410256410256411,0.8064516129032258,62.0,0.4444444444444444,0.8,0.3076923076923077,13.0,0.39215686274509803,0.4,0.38461538461538464,26.0,0.0,0.0,0.0,7.0,,,,
p_1217,0.42931793049066663,0.5026656314699792,0.4122806438844175,0.5083599795512805,0.5370887968714055,0.5277777777777778,108.0,0.37209302325581395,0.38095238095238093,0.36363636363636365,22.0,0.42857142857142855,0.75,0.3,20.0,0.6557377049180327,0.5797101449275363,0.7547169811320755,53.0,0.2608695652173913,0.3,0.23076923076923078,13.0,,,,
p_1218,0.2528364849833148,0.2928571428571428,0.28295454545454546,0.4647962756972768,0.4497354497354497,0.5648148148148148,108.0,0.7354838709677419,0.6,0.95,60.0,0.27586206896551724,0.5714285714285714,0.18181818181818182,22.0,0.0,0.0,0.0,21.0,0.0,0.0,0.0,5.0,,,,
p_1219,0.41033196679807515,0.4045415111204585,0.4441297208538587,0.42500923897021026,0.4257755402492245,0.4537037037037037,108.0,0.6268656716417911,0.5526315789473685,0.7241379310344828,29.0,0.12121212121212122,0.15384615384615385,0.1,20.0,0.3508771929824561,0.45454545454545453,0.2857142857142857,35.0,0.5423728813559322,0.45714285714285713,0.6666666666666666,24.0,,,,
p_1220,0.2143712991988854,0.2171277997364954,0.22875283828105292,0.345356179934724,0.32851461474649885,0.3888888888888889,108.0,0.5344827586206896,0.4492753623188406,0.6595744680851063,47.0,0.18181818181818182,0.2727272727272727,0.13636363636363635,22.0,0.0,0.0,0.0,15.0,0.35555555555555557,0.36363636363636365,0.34782608695652173,23.0,0.0,0.0,0.0,1.0
p_1221,0.32887655268804505,0.34061771561771564,0.34923076923076923,0.40374110601477287,0.40368427868427864,0.4444444444444444,108.0,0.3902439024390244,0.5,0.32,25.0,0.3728813559322034,0.4230769230769231,0.3333333333333333,33.0,0.5523809523809524,0.4393939393939394,0.7435897435897436,39.0,0.0,0.0,0.0,11.0,,,,
p_1222,0.344574370288656,0.37220853858784897,0.34797365754812565,0.3655607988941323,0.3795764154959557,0.37962962962962965,108.0,0.41904761904761906,0.3793103448275862,0.46808510638297873,47.0,0.4489795918367347,0.39285714285714285,0.5238095238095238,21.0,0.24,0.3,0.2,15.0,0.2702702702702703,0.4166666666666667,0.2,25.0,,,,
p_1223,0.23936011904761906,0.21658986175115205,0.2791571173924115,0.24581404320987657,0.22759856630824374,0.2777777777777778,108.0,0.34285714285714286,0.2857142857142857,0.42857142857142855,28.0,0.40625,0.41935483870967744,0.3939393939393939,33.0,0.0,0.0,0.0,30.0,0.20833333333333334,0.16129032258064516,0.29411764705882354,17.0,,,,
p_1224,0.2821884758601225,0.3816176470588235,0.29583791208791205,0.4352504827773175,0.4428921568627451,0.5092592592592593,108.0,0.6950354609929078,0.5764705882352941,0.875,56.0,0.10526315789473684,0.2,0.07142857142857142,14.0,0.1951219512195122,0.25,0.16,25.0,0.13333333333333333,0.5,0.07692307692307693,13.0,,,,
p_1225,0.35443485086342225,0.4700447700447701,0.37383592017738354,0.38870719227862083,0.506089932015858,0.42592592592592593,108.0,0.2857142857142857,0.3076923076923077,0.26666666666666666,15.0,0.5769230769230769,0.47619047619047616,0.7317073170731707,41.0,0.22857142857142856,0.8,0.13333333333333333,30.0,0.32653061224489793,0.2962962962962963,0.36363636363636365,22.0,,,,
p_1226,0.44517978500049965,0.457034632034632,0.45129870129870125,0.4571673609581821,0.4580046496713163,0.4722222222222222,108.0,0.47619047619047616,0.45454545454545453,0.5,30.0,0.1935483870967742,0.3,0.14285714285714285,21.0,0.6046511627906976,0.6190476190476191,0.5909090909090909,22.0,0.5063291139240507,0.45454545454545453,0.5714285714285714,35.0,,,,
p_1227,0.33312655086848636,0.3252292852624921,0.37023809523809526,0.36631896578133144,0.3501519783540656,0.4166666666666667,108.0,0.46153846153846156,0.5294117647058824,0.4090909090909091,22.0,0.3333333333333333,0.3548387096774194,0.3142857142857143,35.0,0.5376344086021505,0.4166666666666667,0.7575757575757576,33.0,0.0,0.0,0.0,18.0,,,,
p_1228,0.38356758802495233,0.44956140350877194,0.40017218573253055,0.38256995739769206,0.45609161793372316,0.3888888888888889,108.0,0.4090909090909091,0.6,0.3103448275862069,29.0,0.41975308641975306,0.2982456140350877,0.7083333333333334,24.0,0.3333333333333333,0.4,0.2857142857142857,28.0,0.37209302325581395,0.5,0.2962962962962963,27.0,,,,
p_1229,0.23005982053838483,0.21875,0.28486842105263155,0.33141316790369624,0.31712962962962965,0.4074074074074074,108.0,0.5084745762711864,0.375,0.7894736842105263,38.0,0.0,0.0,0.0,23.0,0.4117647058823529,0.5,0.35,40.0,0.0,0.0,0.0,7.0,,,,
p_1230,0.7154289834174478,0.7220634920634921,0.7110380116959065,0.6471534620417101,0.6490152851263963,0.6481481481481481,108.0,0.6526315789473685,0.62,0.6888888888888889,45.0,0.6301369863013698,0.6571428571428571,0.6052631578947368,38.0,0.5789473684210527,0.6111111111111112,0.55,20.0,1.0,1.0,1.0,5.0,,,,
p_1231,0.38649993778773173,0.42312427254006624,0.40469738030713637,0.4801916137862387,0.5033910824603813,0.5277777777777778,108.0,0.4888888888888889,0.6111111111111112,0.4074074074074074,27.0,0.631578947368421,0.4931506849315068,0.8780487804878049,41.0,0.425531914893617,0.5882352941176471,0.3333333333333333,30.0,0.0,0.0,0.0,10.0,,,,
p_1232,0.3785451680672269,0.6055672268907563,0.4130494505494505,0.45861052754435105,0.549719887955182,0.5462962962962963,108.0,0.6911764705882353,0.5595238095238095,0.9038461538461539,52.0,0.14285714285714285,1.0,0.07692307692307693,13.0,0.11764705882352941,0.3333333333333333,0.07142857142857142,28.0,0.5625,0.5294117647058824,0.6,15.0,,,,
p_1233,0.4134631450420924,0.4104020979020979,0.4267842822774659,0.5329639388118921,0.5231319606319607,0.5555555555555556,108.0,0.5396825396825397,0.5,0.5862068965517241,29.0,0.46153846153846156,0.5454545454545454,0.4,30.0,0.6526315789473685,0.5961538461538461,0.7209302325581395,43.0,0.0,0.0,0.0,6.0,,,,
p_1234,0.3409897225808419,0.3335561497326203,0.3506459948320413,0.45257974628927444,0.4361012081600317,0.4722222222222222,108.0,0.5054945054945055,0.5,0.5111111111111111,45.0,0.34782608695652173,0.36363636363636365,0.3333333333333333,12.0,0.5106382978723404,0.47058823529411764,0.5581395348837209,43.0,0.0,0.0,0.0,8.0,,,,
p_1235,0.34112337845098895,0.37499999999999994,0.4031948953823954,0.3970067027342569,0.39057239057239057,0.5,108.0,0.05263157894736842,0.16666666666666666,0.03125,32.0,0.5,0.45454545454545453,0.5555555555555556,18.0,0.6942148760330579,0.5454545454545454,0.9545454545454546,44.0,0.11764705882352941,0.3333333333333333,0.07142857142857142,14.0,,,,
p_1236,0.44103947900542473,0.46923850797090233,0.45039173789173786,0.5850678384809387,0.5655012697266218,0.6388888888888888,108.0,0.6037735849056604,0.6153846153846154,0.5925925925925926,27.0,0.36363636363636365,0.5714285714285714,0.26666666666666666,15.0,0.7967479674796748,0.6901408450704225,0.9423076923076923,52.0,0.0,0.0,0.0,14.0,,,,
p_1237,0.23333333333333334,0.25814479638009047,0.26468749999999996,0.38024691358024687,0.38830232947880006,0.4537037037037037,108.0,0.6222222222222222,0.49411764705882355,0.84,50.0,0.0,0.0,0.0,4.0,0.3111111111111111,0.5384615384615384,0.21875,32.0,0.0,0.0,0.0,22.0,,,,
p_1238,0.34126180836707154,0.4244748858447488,0.38869047619047625,0.5015931923826661,0.5492034500253679,0.5555555555555556,108.0,0.46153846153846156,0.36,0.6428571428571429,14.0,0.0,0.0,0.0,13.0,0.7368421052631579,0.6712328767123288,0.8166666666666667,60.0,0.16666666666666666,0.6666666666666666,0.09523809523809523,21.0,,,,
p_1239,0.44845063025210086,0.6017374517374517,0.4391614022048805,0.49432675848117025,0.5562348062348063,0.5277777777777778,108.0,0.2,0.42857142857142855,0.13043478260869565,23.0,0.6857142857142857,0.6,0.8,45.0,0.4375,0.3783783783783784,0.5185185185185185,27.0,0.47058823529411764,1.0,0.3076923076923077,13.0,,,,
p_1240,0.338921088631291,0.43126750700280114,0.31704266934046343,0.3392152862777098,0.38668430335097,0.3333333333333333,108.0,0.2894736842105263,0.25,0.34375,32.0,0.29411764705882354,0.29411764705882354,0.29411764705882354,17.0,0.37209302325581395,0.38095238095238093,0.36363636363636365,44.0,0.4,0.8,0.26666666666666666,15.0,,,,
p_1241,0.3759057971014493,0.36226365546218486,0.39683014354066987,0.4428341384863124,0.4215102707749767,0.4722222222222222,108.0,0.5,0.5294117647058824,0.47368421052631576,19.0,0.5869565217391305,0.5625,0.6136363636363636,44.0,0.4166666666666667,0.35714285714285715,0.5,30.0,0.0,0.0,0.0,15.0,,,,
p_1242,0.32689645625692143,0.36068952234206475,0.35973784343349563,0.4563671506500964,0.4687310962734692,0.5092592592592593,108.0,0.5813953488372093,0.5681818181818182,0.5952380952380952,42.0,0.14285714285714285,0.4,0.08695652173913043,23.0,0.5833333333333334,0.4745762711864407,0.7567567567567568,37.0,0.0,0.0,0.0,6.0,,,,
p_1243,0.21734642017660885,0.3261138613861386,0.2647488755622189,0.4109002910540297,0.4435964429776311,0.5370370370370371,108.0,0.7044025157232704,0.5544554455445545,0.9655172413793104,58.0,0.0,0.0,0.0,7.0,0.09090909090909091,0.5,0.05,20.0,0.07407407407407407,0.25,0.043478260869565216,23.0,,,,
p_1244,0.34186318067897015,0.3886760251910966,0.32973165227629514,0.3683298102157751,0.3785313028041743,0.37962962962962965,108.0,0.45454545454545453,0.4098360655737705,0.5102040816326531,49.0,0.4166666666666667,0.45454545454545453,0.38461538461538464,13.0,0.21052631578947367,0.4,0.14285714285714285,14.0,0.2857142857142857,0.2903225806451613,0.28125,32.0,,,,
p_1245,0.3363873027382499,0.43649425287356325,0.34633906194056574,0.36732124986805387,0.44301830566198386,0.3611111111111111,108.0,0.40404040404040403,0.4,0.40816326530612246,49.0,0.23529411764705882,0.16666666666666666,0.4,10.0,0.3333333333333333,0.8,0.21052631578947367,19.0,0.3728813559322034,0.3793103448275862,0.36666666666666664,30.0,,,,
p_1246,0.32263305724126623,0.33968719452590423,0.3260114734299517,0.4069020738796858,0.4010082907932371,0.4351851851851852,108.0,0.5178571428571429,0.4393939393939394,0.6304347826086957,46.0,0.38461538461538464,0.5,0.3125,16.0,0.3880597014925373,0.41935483870967744,0.3611111111111111,36.0,0.0,0.0,0.0,10.0,,,,
p_1247,0.22765459025001009,0.34695340501792116,0.28429027113237637,0.2720978379728733,0.3594982078853047,0.37037037037037035,108.0,0.09523809523809523,0.2222222222222222,0.06060606060606061,33.0,0.2962962962962963,0.8,0.18181818181818182,22.0,0.5190839694656488,0.3655913978494624,0.8947368421052632,38.0,0.0,0.0,0.0,15.0,,,,
p_1248,0.3907738095238095,0.41755952380952377,0.4080176294073518,0.4646274250440917,0.4683090828924162,0.5,108.0,0.525,0.42857142857142855,0.6774193548387096,31.0,0.4666666666666667,0.7,0.35,20.0,0.5714285714285714,0.5416666666666666,0.6046511627906976,43.0,0.0,0.0,0.0,14.0,,,,
p_1249,0.32481582744740645,0.4489583333333333,0.33226975222066385,0.39212818803462074,0.43155864197530863,0.4537037037037037,108.0,0.5873015873015873,0.4625,0.8043478260869565,46.0,0.0,0.0,0.0,16.0,0.42105263157894735,1.0,0.26666666666666666,15.0,0.2909090909090909,0.3333333333333333,0.25806451612903225,31.0,,,,
p_1250,0.32212248535777954,0.35957254085723095,0.3339400736139867,0.3215304303539598,0.3676283533765033,0.32407407407407407,108.0,0.3181818181818182,0.5,0.23333333333333334,30.0,0.27450980392156865,0.2916666666666667,0.25925925925925924,27.0,0.35294117647058826,0.391304347826087,0.32142857142857145,28.0,0.34285714285714286,0.2553191489361702,0.5217391304347826,23.0,,,,
p_1251,0.3346520673486786,0.3721052631578947,0.34880604288499023,0.35994877016829274,0.3779385964912281,0.3888888888888889,108.0,0.4375,0.35,0.5833333333333334,36.0,0.30434782608695654,0.3684210526315789,0.25925925925925924,27.0,0.5098039215686274,0.52,0.5,26.0,0.08695652173913043,0.25,0.05263157894736842,19.0,,,,
p_1252,0.3850998120965191,0.595054945054945,0.41102312719959777,0.41726631097991634,0.5484737484737485,0.4537037037037037,108.0,0.5365853658536586,0.4230769230769231,0.7333333333333333,30.0,0.463768115942029,0.45714285714285713,0.47058823529411764,34.0,0.43478260869565216,0.5,0.38461538461538464,26.0,0.10526315789473684,1.0,0.05555555555555555,18.0,,,,
p_1253,0.21801470588235294,0.1934551341350601,0.25,0.2910947712418301,0.25858258813855484,0.3333333333333333,108.0,0.0,0.0,0.0,27.0,0.0,0.0,0.0,9.0,0.425,0.3695652173913043,0.5,34.0,0.4470588235294118,0.40425531914893614,0.5,38.0,,,,
p_1254,0.29285714285714287,0.33963133640552995,0.32874668435013266,0.38326371484266225,0.41951271548045743,0.4444444444444444,108.0,0.5789473684210527,0.4714285714285714,0.75,44.0,0.42105263157894735,0.3870967741935484,0.46153846153846156,26.0,0.17142857142857143,0.5,0.10344827586206896,29.0,0.0,0.0,0.0,9.0,,,,
p_1255,0.4118873951182304,0.47295812603648424,0.4100325399548975,0.4568157259089753,0.4898869848289417,0.48148148148148145,108.0,0.6140350877192983,0.5223880597014925,0.7446808510638298,47.0,0.3125,0.2777777777777778,0.35714285714285715,14.0,0.30434782608695654,0.4666666666666667,0.22580645161290322,31.0,0.4166666666666667,0.625,0.3125,16.0,,,,
p_1256,0.45895688014144453,0.6020056617882705,0.47316080055210497,0.5039986409329423,0.6236730801948193,0.5185185185185185,108.0,0.6976744186046512,0.6818181818181818,0.7142857142857143,42.0,0.45161290322580644,0.3783783783783784,0.56,25.0,0.3902439024390244,0.34782608695652173,0.4444444444444444,18.0,0.2962962962962963,1.0,0.17391304347826086,23.0,,,,
p_1257,0.2951425386207995,0.2882164031620554,0.3292307692307692,0.3725882276606915,0.3616738032498902,0.4074074074074074,108.0,0.5934065934065934,0.5869565217391305,0.6,45.0,0.43478260869565216,0.3409090909090909,0.6,25.0,0.09523809523809523,0.125,0.07692307692307693,13.0,0.05714285714285714,0.1,0.04,25.0,,,,
p_1258,0.24311803590823153,0.3060515873015873,0.29211017740429507,0.29591713087737437,0.3729240152851264,0.3611111111111111,108.0,0.1951219512195122,0.5714285714285714,0.11764705882352941,34.0,0.23529411764705882,0.25,0.2222222222222222,27.0,0.5420560747663551,0.4027777777777778,0.8285714285714286,35.0,0.0,0.0,0.0,12.0,,,,
p_1259,0.3781007751937985,0.3813588372411902,0.38301282051282054,0.37467905336122387,0.37759444622189725,0.37962962962962965,108.0,0.4,0.38461538461538464,0.4166666666666667,36.0,0.47619047619047616,0.45454545454545453,0.5,20.0,0.35714285714285715,0.3333333333333333,0.38461538461538464,26.0,0.27906976744186046,0.35294117647058826,0.23076923076923078,26.0,,,,
p_1260,0.31728811743276547,0.35352323838080957,0.3407451923076923,0.38590961581961264,0.4027264145704925,0.4351851851851852,108.0,0.36065573770491804,0.3793103448275862,0.34375,32.0,0.5555555555555556,0.43478260869565216,0.7692307692307693,39.0,0.35294117647058826,0.6,0.25,24.0,0.0,0.0,0.0,13.0,,,,
p_1261,0.3372246033536356,0.4501023271515075,0.4028782894736842,0.34642607492069855,0.42693142010081897,0.42592592592592593,108.0,0.5806451612903226,0.4426229508196721,0.84375,32.0,0.18181818181818182,0.6666666666666666,0.10526315789473684,19.0,0.10256410256410256,0.2857142857142857,0.0625,32.0,0.4838709677419355,0.40540540540540543,0.6,25.0,,,,
p_1262,0.4556690368455074,0.5044826332060375,0.466564039408867,0.44859888114790075,0.5068328921756817,0.4537037037037037,108.0,0.36923076923076925,0.4,0.34285714285714286,35.0,0.47058823529411764,0.4444444444444444,0.5,16.0,0.47619047619047616,0.7692307692307693,0.3448275862068966,29.0,0.5066666666666667,0.40425531914893614,0.6785714285714286,28.0,,,,
p_1263,0.3458720972822504,0.3521367521367521,0.3799019607843137,0.4398999394970386,0.45083887306109527,0.48148148148148145,108.0,0.6027397260273972,0.5641025641025641,0.6470588235294118,34.0,0.23529411764705882,0.4,0.16666666666666666,36.0,0.5454545454545454,0.4444444444444444,0.7058823529411765,34.0,0.0,0.0,0.0,4.0,,,,
p_1264,0.25506734717372115,0.25209551656920076,0.26921834625322993,0.3322174893724071,0.3186935961302433,0.3611111111111111,108.0,0.2608695652173913,0.3157894736842105,0.2222222222222222,27.0,0.0,0.0,0.0,10.0,0.5048543689320388,0.43333333333333335,0.6046511627906976,43.0,0.2545454545454545,0.25925925925925924,0.25,28.0,,,,
p_1265,0.3018074898503058,0.2980143870713441,0.3552083333333333,0.4048804183705183,0.37589508605965044,0.4722222222222222,108.0,0.0,0.0,0.0,21.0,0.44776119402985076,0.3488372093023256,0.625,24.0,0.6542056074766355,0.5932203389830508,0.7291666666666666,48.0,0.10526315789473684,0.25,0.06666666666666667,15.0,,,,
p_1266,0.24141483516483514,0.24191915893953247,0.2615398167723749,0.3352411477411477,0.32872970266858215,0.37037037037037035,108.0,0.5714285714285714,0.4838709677419355,0.6976744186046512,43.0,0.125,0.11538461538461539,0.13636363636363635,22.0,0.2692307692307692,0.3684210526315789,0.21212121212121213,33.0,0.0,0.0,0.0,10.0,,,,
p_1267,0.2773690905236379,0.2782661977834612,0.283505315822389,0.35113419546321817,0.34933081525685955,0.3611111111111111,108.0,0.4943820224719101,0.4583333333333333,0.5365853658536586,41.0,0.2,0.17647058823529413,0.23076923076923078,26.0,0.41509433962264153,0.4782608695652174,0.36666666666666664,30.0,0.0,0.0,0.0,11.0,,,,
p_1268,0.33439012560131404,0.3308149670526518,0.3568121693121693,0.36713535121270374,0.3551083050775169,0.39814814814814814,108.0,0.06896551724137931,0.125,0.047619047619047616,21.0,0.32653061224489793,0.36363636363636365,0.2962962962962963,27.0,0.5647058823529412,0.4897959183673469,0.6666666666666666,36.0,0.37735849056603776,0.3448275862068966,0.4166666666666667,24.0,,,,
p_1269,0.2944764096662831,0.2898887765419616,0.31165501165501164,0.4402570003835826,0.4259820993895817,0.4722222222222222,108.0,0.45569620253164556,0.391304347826087,0.5454545454545454,33.0,0.4090909090909091,0.5,0.34615384615384615,26.0,0.6075949367088608,0.5581395348837209,0.6666666666666666,36.0,0.0,0.0,0.0,12.0,0.0,0.0,0.0,1.0
p_1270,0.30565550844083456,0.3273666699648741,0.3061507936507937,0.3374055954445448,0.3463512893242523,0.3425925925925926,108.0,0.2857142857142857,0.29411764705882354,0.2777777777777778,36.0,0.40625,0.4482758620689655,0.37142857142857144,35.0,0.37681159420289856,0.3170731707317073,0.4642857142857143,28.0,0.15384615384615385,0.25,0.1111111111111111,9.0,,,,
p_1271,0.2757907468273322,0.2880382775119617,0.2752722928027806,0.30598453006989595,0.3083791127650777,0.3148148148148148,108.0,0.38636363636363635,0.3333333333333333,0.4594594594594595,37.0,0.2926829268292683,0.3157894736842105,0.2727272727272727,22.0,0.2702702702702703,0.30303030303030304,0.24390243902439024,41.0,0.15384615384615385,0.2,0.125,8.0,,,,
p_1272,0.3484786338611562,0.38931041784302656,0.3678571428571429,0.47078391613374077,0.4693852343308865,0.5370370370370371,108.0,0.7086614173228346,0.5844155844155844,0.9,50.0,0.3404255319148936,0.34782608695652173,0.3333333333333333,24.0,0.3448275862068966,0.625,0.23809523809523808,21.0,0.0,0.0,0.0,13.0,,,,
p_1273,0.30454291500803127,0.3052083333333333,0.31638755980861244,0.3643294457247946,0.35300925925925924,0.3888888888888889,108.0,0.3953488372093023,0.3541666666666667,0.4473684210526316,38.0,0.3783783783783784,0.4666666666666667,0.3181818181818182,22.0,0.4444444444444444,0.4,0.5,36.0,0.0,0.0,0.0,12.0,,,,
p_1274,0.3582047143863797,0.34180672268907564,0.3896997929606625,0.4192788246614992,0.38162931839402425,0.48148148148148145,108.0,0.6206896551724138,0.5142857142857142,0.782608695652174,46.0,0.32432432432432434,0.35294117647058826,0.3,20.0,0.4878048780487805,0.5,0.47619047619047616,21.0,0.0,0.0,0.0,21.0,,,,
p_1275,0.24409863828022393,0.23571908602150538,0.2922222222222222,0.2890915211887079,0.2784996017522899,0.3425925925925926,108.0,0.4117647058823529,0.4375,0.3888888888888889,36.0,0.10810810810810811,0.16666666666666666,0.08,25.0,0.45652173913043476,0.3387096774193548,0.7,30.0,0.0,0.0,0.0,17.0,,,,
p_1276,0.3521845479082321,0.3814799783549784,0.34752375730994156,0.3712700554805818,0.3950096200096201,0.37037037037037035,108.0,0.41025641025641024,0.48484848484848486,0.35555555555555557,45.0,0.3157894736842105,0.42857142857142855,0.25,12.0,0.375,0.3125,0.46875,32.0,0.3076923076923077,0.3,0.3157894736842105,19.0,,,,
p_1277,0.30161736411736406,0.4576354679802956,0.31342678081808517,0.40302718543459287,0.5199872286079182,0.4444444444444444,108.0,0.30303030303030304,0.3448275862068966,0.2702702702702703,37.0,0.2962962962962963,1.0,0.17391304347826086,23.0,0.6071428571428571,0.4857142857142857,0.8095238095238095,42.0,0.0,0.0,0.0,6.0,,,,
p_1278,0.3706020749880399,0.3858134920634921,0.37446581196581197,0.4958388373593052,0.5054343033509701,0.5092592592592593,108.0,0.5684210526315789,0.48214285714285715,0.6923076923076923,39.0,0.14285714285714285,0.16666666666666666,0.125,8.0,0.6172839506172839,0.6944444444444444,0.5555555555555556,45.0,0.15384615384615385,0.2,0.125,16.0,,,,
p_1279,0.4015262515262515,0.4172721674876847,0.4503787878787878,0.3888436666214443,0.4259715380405035,0.4351851851851852,108.0,0.5934065934065934,0.46551724137931033,0.8181818181818182,33.0,0.3333333333333333,0.375,0.3,20.0,0.2222222222222222,0.42857142857142855,0.15,40.0,0.45714285714285713,0.4,0.5333333333333333,15.0,,,,
p_1280,0.34254368428067367,0.3362216884008236,0.3607142857142857,0.40602641334629247,0.4008966928493353,0.42592592592592593,108.0,0.4262295081967213,0.5,0.37142857142857144,35.0,0.0,0.0,0.0,12.0,0.45614035087719296,0.41935483870967744,0.5,26.0,0.4878048780487805,0.425531914893617,0.5714285714285714,35.0,,,,
p_1281,0.25019392344163993,0.26359649122807016,0.26574652556419737,0.3305765215606067,0.32863872644574393,0.3611111111111111,108.0,0.3380281690140845,0.3,0.3870967741935484,31.0,0.0,0.0,0.0,10.0,0.4752475247524752,0.42105263157894735,0.5454545454545454,44.0,0.1875,0.3333333333333333,0.13043478260869565,23.0,,,,
p_1282,0.3481617767311026,0.3728853383458646,0.382605559926567,0.43655210176977755,0.46785366193260924,0.4722222222222222,108.0,0.35555555555555557,0.5714285714285714,0.25806451612903225,31.0,0.0,0.0,0.0,6.0,0.45569620253164556,0.47368421052631576,0.43902439024390244,41.0,0.5813953488372093,0.44642857142857145,0.8333333333333334,30.0,,,,
p_1283,0.2881170450636395,0.28052382400208487,0.301990022172949,0.31101523780402357,0.30337285500328975,0.32407407407407407,108.0,0.20833333333333334,0.17857142857142858,0.25,20.0,0.4470588235294118,0.4318181818181818,0.4634146341463415,41.0,0.4444444444444444,0.43478260869565216,0.45454545454545453,22.0,0.05263157894736842,0.07692307692307693,0.04,25.0,,,,
p_1284,0.39340227005057893,0.4257657217334637,0.4013392565626224,0.3969131463075828,0.42130595078623756,0.4074074074074074,108.0,0.47619047619047616,0.4838709677419355,0.46875,32.0,0.3448275862068966,0.5,0.2631578947368421,19.0,0.3018867924528302,0.36363636363636365,0.25806451612903225,31.0,0.4507042253521127,0.35555555555555557,0.6153846153846154,26.0,,,,
p_1285,0.3651517917241851,0.4188608492956319,0.41409774436090224,0.3911053941235452,0.4542543607760999,0.4444444444444444,108.0,0.6213592233009708,0.49230769230769234,0.8421052631578947,38.0,0.2608695652173913,0.5454545454545454,0.17142857142857143,35.0,0.2,0.3333333333333333,0.14285714285714285,21.0,0.3783783783783784,0.30434782608695654,0.5,14.0,,,,
p_1286,0.3803369940334509,0.5506493506493506,0.4222999222999223,0.4205960832084576,0.5568903318903319,0.49074074074074076,108.0,0.6229508196721312,0.4935064935064935,0.8444444444444444,45.0,0.25806451612903225,0.8,0.15384615384615385,26.0,0.15384615384615385,0.5,0.09090909090909091,22.0,0.4864864864864865,0.4090909090909091,0.6,15.0,,,,
p_1287,0.3109246838687628,0.36643356643356645,0.3038593775523698,0.30462144154578363,0.3648277648277648,0.2962962962962963,108.0,0.3181818181818182,0.5384615384615384,0.22580645161290322,31.0,0.2857142857142857,0.22727272727272727,0.38461538461538464,26.0,0.21875,0.2,0.2413793103448276,29.0,0.42105263157894735,0.5,0.36363636363636365,22.0,,,,
p_1288,0.35868519434823243,0.3998145460409611,0.34439482961222095,0.3556471351223674,0.38550084514445093,0.35185185185185186,108.0,0.37209302325581395,0.4444444444444444,0.32,25.0,0.3888888888888889,0.5384615384615384,0.30434782608695654,23.0,0.3333333333333333,0.2830188679245283,0.40540540540540543,37.0,0.3404255319148936,0.3333333333333333,0.34782608695652173,23.0,,,,
p_1289,0.275,0.2648709315375982,0.2969128329297821,0.4861111111111111,0.44832065511077857,0.5462962962962963,108.0,0.4,0.45454545454545453,0.35714285714285715,28.0,0.0,0.0,0.0,14.0,0.7,0.6049382716049383,0.8305084745762712,59.0,0.0,0.0,0.0,7.0,,,,
p_1290,0.32927331568108265,0.32756410256410257,0.39869374523264683,0.38014448694060343,0.3853988603988604,0.46296296296296297,108.0,0.13333333333333333,0.3333333333333333,0.08333333333333333,36.0,0.5818181818181818,0.5,0.6956521739130435,23.0,0.6019417475728155,0.47692307692307695,0.8157894736842105,38.0,0.0,0.0,0.0,11.0,,,,
p_1291,0.2839980886527813,0.3014347860791826,0.2900462962962963,0.3102126946352148,0.34706294936379545,0.2962962962962963,108.0,0.1694915254237288,0.15625,0.18518518518518517,27.0,0.26666666666666666,0.20689655172413793,0.375,16.0,0.47761194029850745,0.5925925925925926,0.4,40.0,0.2222222222222222,0.25,0.2,25.0,,,,
p_1292,0.32156499926627047,0.35080645161290325,0.35027749878335424,0.3334752386659166,0.3615093588211868,0.37037037037037035,108.0,0.23728813559322035,0.3333333333333333,0.18421052631578946,38.0,0.2857142857142857,0.26666666666666666,0.3076923076923077,13.0,0.24242424242424243,0.4,0.17391304347826086,23.0,0.5208333333333334,0.4032258064516129,0.7352941176470589,34.0,,,,
p_1293,0.30178571428571427,0.33125,0.3413194444444444,0.3558201058201058,0.3611111111111111,0.4351851851851852,108.0,0.6,0.45,0.9,40.0,0.0,0.0,0.0,18.0,0.25,0.375,0.1875,32.0,0.35714285714285715,0.5,0.2777777777777778,18.0,,,,
p_1294,0.3187453868784631,0.323438832054561,0.3286600810536981,0.3893966065906852,0.3891663509204004,0.4074074074074074,108.0,0.5420560747663551,0.48333333333333334,0.6170212765957447,47.0,0.3103448275862069,0.391304347826087,0.2571428571428571,35.0,0.1,0.125,0.08333333333333333,12.0,0.3225806451612903,0.29411764705882354,0.35714285714285715,14.0,,,,
p_1295,0.30469352156099144,0.4056092843326886,0.3080808080808081,0.4022675062389475,0.46808510638297873,0.42592592592592593,108.0,0.46464646464646464,0.41818181818181815,0.5227272727272727,44.0,0.0,0.0,0.0,6.0,0.4578313253012048,0.40425531914893614,0.5277777777777778,36.0,0.2962962962962963,0.8,0.18181818181818182,22.0,,,,
p_1296,0.43917962197086713,0.4357142857142858,0.46360583860583865,0.5032731982069268,0.4947089947089947,0.5277777777777778,108.0,0.5573770491803278,0.4857142857142857,0.6538461538461539,26.0,0.6904761904761905,0.6904761904761905,0.6904761904761905,42.0,0.425531914893617,0.4,0.45454545454545453,22.0,0.08333333333333333,0.16666666666666666,0.05555555555555555,18.0,,,,
p_1297,0.35954851018795925,0.3733003108003108,0.35445075757575756,0.45695436079105534,0.47610183026849695,0.4444444444444444,108.0,0.42105263157894735,0.5,0.36363636363636365,22.0,0.15789473684210525,0.13636363636363635,0.1875,16.0,0.616822429906542,0.6346153846153846,0.6,55.0,0.24242424242424243,0.2222222222222222,0.26666666666666666,15.0,,,,
p_1298,0.35489444820073623,0.3455128205128205,0.39336993243243246,0.3646656761186098,0.3509496676163342,0.4166666666666667,108.0,0.0,0.0,0.0,25.0,0.4074074074074074,0.5,0.34375,32.0,0.4827586206896552,0.4666666666666667,0.5,14.0,0.5294117647058824,0.4153846153846154,0.7297297297297297,37.0,,,,
p_1299,0.3931996091703107,0.4307706111566858,0.38617647058823534,0.40247422923302,0.44137527344818156,0.39814814814814814,108.0,0.34146341463414637,0.4375,0.28,25.0,0.49122807017543857,0.6086956521739131,0.4117647058823529,34.0,0.3764705882352941,0.3018867924528302,0.5,32.0,0.36363636363636365,0.375,0.35294117647058826,17.0,,,,
p_1300,0.3093665487830247,0.3410366390145802,0.3021645021645022,0.3249806737602313,0.35717522764091386,0.3148148148148148,108.0,0.2318840579710145,0.17777777777777778,0.3333333333333333,24.0,0.24242424242424243,0.3076923076923077,0.2,20.0,0.3684210526315789,0.4375,0.3181818181818182,22.0,0.39473684210526316,0.4411764705882353,0.35714285714285715,42.0,,,,
p_1301,0.36626450209474704,0.6033118213927529,0.3927350427350427,0.40791684570487335,0.5574257377771964,0.4537037037037037,108.0,0.3793103448275862,0.5789473684210527,0.28205128205128205,39.0,0.4,0.4117647058823529,0.3888888888888889,18.0,0.5607476635514018,0.4225352112676056,0.8333333333333334,36.0,0.125,1.0,0.06666666666666667,15.0,,,,
p_1302,0.2954360559310563,0.3984164420485175,0.32076023391812863,0.3662912980610378,0.40258435659379055,0.4166666666666667,108.0,0.4943820224719101,0.41509433962264153,0.6111111111111112,36.0,0.08695652173913043,0.25,0.05263157894736842,19.0,0.4827586206896552,0.42857142857142855,0.5526315789473685,38.0,0.11764705882352941,0.5,0.06666666666666667,15.0,,,,
p_1303,0.3007083677971333,0.38485949612403103,0.3264726803746767,0.3354057520048413,0.39039890180878556,0.37037037037037035,108.0,0.08695652173913043,0.5,0.047619047619047616,21.0,0.23529411764705882,0.26666666666666666,0.21052631578947367,19.0,0.43902439024390244,0.4186046511627907,0.46153846153846156,39.0,0.44155844155844154,0.3541666666666667,0.5862068965517241,29.0,,,,
p_1304,0.2778612012987013,0.49855040950931356,0.3014058014058014,0.33844471500721496,0.43981246594133455,0.3888888888888889,108.0,0.4909090909090909,0.3698630136986301,0.7297297297297297,37.0,0.14285714285714285,1.0,0.07692307692307693,13.0,0.40625,0.48148148148148145,0.35135135135135137,37.0,0.07142857142857142,0.14285714285714285,0.047619047619047616,21.0,,,,
p_1305,0.30493329407234593,0.3221677559912854,0.3161916208791209,0.40119360113017954,0.41372145566045343,0.42592592592592593,108.0,0.5882352941176471,0.5,0.7142857142857143,42.0,0.0,0.0,0.0,8.0,0.3673469387755102,0.5294117647058824,0.28125,32.0,0.2641509433962264,0.25925925925925924,0.2692307692307692,26.0,,,,
p_1306,0.35892033935512196,0.40460526315789475,0.3493766152434883,0.3644417948765775,0.3961176088369071,0.3611111111111111,108.0,0.30434782608695654,0.3684210526315789,0.25925925925925924,27.0,0.38461538461538464,0.5555555555555556,0.29411764705882354,17.0,0.43243243243243246,0.4444444444444444,0.42105263157894735,38.0,0.3142857142857143,0.25,0.4230769230769231,26.0,,,,
p_1307,0.47511291779584464,0.6353120516499283,0.45074133440192343,0.4952942554116899,0.5775955594523265,0.5,108.0,0.4634146341463415,0.37254901960784315,0.6129032258064516,31.0,0.4444444444444444,1.0,0.2857142857142857,14.0,0.4,0.5833333333333334,0.30434782608695654,23.0,0.5925925925925926,0.5853658536585366,0.6,40.0,,,,
p_1308,0.40347210242845916,0.42352941176470593,0.40167712355212354,0.41574594067741866,0.43746187363834427,0.4166666666666667,108.0,0.30303030303030304,0.29411764705882354,0.3125,16.0,0.4444444444444444,0.5,0.4,20.0,0.4470588235294118,0.38,0.5428571428571428,35.0,0.41935483870967744,0.52,0.35135135135135137,37.0,,,,
p_1309,0.3700382641435026,0.40358891414582965,0.39026610644257703,0.37012255838642283,0.42599149682993015,0.37037037037037035,108.0,0.33962264150943394,0.5,0.2571428571428571,35.0,0.35555555555555557,0.2857142857142857,0.47058823529411764,17.0,0.40816326530612246,0.5263157894736842,0.3333333333333333,30.0,0.37681159420289856,0.3023255813953488,0.5,26.0,,,,
p_1310,0.3313101743429612,0.34403357531760437,0.32507440476190474,0.32801076512369776,0.33854271694562077,0.32407407407407407,108.0,0.29508196721311475,0.3103448275862069,0.28125,32.0,0.3,0.3157894736842105,0.2857142857142857,21.0,0.4444444444444444,0.5,0.4,25.0,0.2857142857142857,0.25,0.3333333333333333,30.0,,,,
p_1311,0.2900978398490224,0.3130521439344969,0.3007151979565773,0.28859416826257583,0.31577545548133784,0.2962962962962963,108.0,0.32558139534883723,0.5,0.2413793103448276,29.0,0.4067796610169492,0.35294117647058826,0.48,25.0,0.125,0.14285714285714285,0.1111111111111111,27.0,0.30303030303030304,0.2564102564102564,0.37037037037037035,27.0,,,,
p_1312,0.32471846846846847,0.33991228070175433,0.3680555555555555,0.39749749749749747,0.3840155945419103,0.48148148148148145,108.0,0.0,0.0,0.0,18.0,0.5405405405405406,0.5263157894736842,0.5555555555555556,18.0,0.625,0.5,0.8333333333333334,48.0,0.13333333333333333,0.3333333333333333,0.08333333333333333,24.0,,,,
p_1313,0.4190984778403835,0.40372807017543866,0.44745069745069743,0.5242075394711843,0.48689896036387253,0.5833333333333334,108.0,0.7272727272727273,0.631578947368421,0.8571428571428571,56.0,0.0,0.0,0.0,14.0,0.3404255319148936,0.4,0.2962962962962963,27.0,0.6086956521739131,0.5833333333333334,0.6363636363636364,11.0,,,,
p_1314,0.3690246802882017,0.3685897435897436,0.37617579431438125,0.5528918499487845,0.5456077872744539,0.5648148148148148,108.0,0.41509433962264153,0.36666666666666664,0.4782608695652174,23.0,0.0,0.0,0.0,8.0,0.7131782945736435,0.7076923076923077,0.71875,64.0,0.34782608695652173,0.4,0.3076923076923077,13.0,,,,
p_1315,0.319119592281357,0.4228825136612022,0.3433014354066986,0.39868791137854315,0.4786480469540579,0.4166666666666667,108.0,0.2647058823529412,0.3,0.23684210526315788,38.0,0.125,0.08333333333333333,0.25,4.0,0.5904761904761905,0.5081967213114754,0.7045454545454546,44.0,0.2962962962962963,0.8,0.18181818181818182,22.0,,,,
p_1316,0.39844870691042666,0.44317129629629626,0.3863201094391245,0.4402286873583307,0.4614497599451304,0.4537037037037037,108.0,0.417910447761194,0.5185185185185185,0.35,40.0,0.3448275862068966,0.4166666666666667,0.29411764705882354,17.0,0.5233644859813084,0.4375,0.6511627906976745,43.0,0.3076923076923077,0.4,0.25,8.0,,,,
p_1317,0.29112495485734924,0.33055555555555555,0.3221782302664656,0.4223897516151037,0.4154320987654321,0.5185185185185185,108.0,0.3076923076923077,0.4444444444444444,0.23529411764705882,17.0,0.0,0.0,0.0,12.0,0.6901408450704225,0.5444444444444444,0.9423076923076923,52.0,0.16666666666666666,0.3333333333333333,0.1111111111111111,27.0,,,,
p_1318,0.3192592061728837,0.4308848180076629,0.3647361647361647,0.36823439581290063,0.529783285440613,0.4166666666666667,108.0,0.6060606060606061,0.46875,0.8571428571428571,35.0,0.13333333333333333,0.1111111111111111,0.16666666666666666,6.0,0.23255813953488372,0.8333333333333334,0.13513513513513514,37.0,0.3050847457627119,0.3103448275862069,0.3,30.0,,,,
p_1319,0.29494167144769556,0.2939903846153846,0.30933866279069766,0.35052732977766443,0.3456552706552707,0.37037037037037035,108.0,0.35714285714285715,0.28846153846153844,0.46875,32.0,0.0,0.0,0.0,13.0,0.43373493975903615,0.45,0.4186046511627907,43.0,0.3888888888888889,0.4375,0.35,20.0,,,,
p_1320,0.2871502927781392,0.27785923753665687,0.3138844586213007,0.36737391262440056,0.3388997501900728,0.4166666666666667,108.0,0.3448275862068966,0.3225806451612903,0.37037037037037035,27.0,0.0,0.0,0.0,18.0,0.2,0.2727272727272727,0.15789473684210525,19.0,0.6037735849056604,0.5161290322580645,0.7272727272727273,44.0,,,,
p_1321,0.3332983776448091,0.3434586247086247,0.364010989010989,0.46236597463542134,0.4364127384960719,0.5370370370370371,108.0,0.20689655172413793,0.375,0.14285714285714285,21.0,0.0,0.0,0.0,14.0,0.7076923076923077,0.5897435897435898,0.8846153846153846,52.0,0.4186046511627907,0.4090909090909091,0.42857142857142855,21.0,,,,
p_1322,0.33466600033316674,0.3182932263814617,0.3614583333333333,0.4381929405667537,0.43186769657357893,0.4537037037037037,108.0,0.6739130434782609,0.7045454545454546,0.6458333333333334,48.0,0.0,0.0,0.0,18.0,0.3888888888888889,0.3333333333333333,0.4666666666666667,30.0,0.27586206896551724,0.23529411764705882,0.3333333333333333,12.0,,,,
p_1323,0.36172275107780444,0.34560655507597293,0.38550420168067223,0.4568454916535122,0.43260044267167824,0.49074074074074076,108.0,0.6728971962616822,0.6101694915254238,0.75,48.0,0.0,0.0,0.0,15.0,0.35294117647058826,0.391304347826087,0.32142857142857145,28.0,0.42105263157894735,0.38095238095238093,0.47058823529411764,17.0,,,,
p_1324,0.29273992225074824,0.29978354978354976,0.3170099160945843,0.3577288741683289,0.3433942600609267,0.4074074074074074,108.0,0.06896551724137931,0.16666666666666666,0.043478260869565216,23.0,0.18181818181818182,0.21428571428571427,0.15789473684210525,19.0,0.5945945945945946,0.5,0.7333333333333333,45.0,0.32558139534883723,0.3181818181818182,0.3333333333333333,21.0,,,,
p_1325,0.2836758479615622,0.25546875,0.3464957511756455,0.33651868413773167,0.2976273148148148,0.4166666666666667,108.0,0.5510204081632653,0.421875,0.7941176470588235,34.0,0.5230769230769231,0.5,0.5483870967741935,31.0,0.06060606060606061,0.1,0.043478260869565216,23.0,0.0,0.0,0.0,20.0,,,,
p_1326,0.3789873629126538,0.39284633998790075,0.3957747489239598,0.4796678254271641,0.4984315834285586,0.5,108.0,0.5434782608695652,0.43103448275862066,0.7352941176470589,34.0,0.4090909090909091,0.47368421052631576,0.36,25.0,0.5633802816901409,0.6666666666666666,0.4878048780487805,41.0,0.0,0.0,0.0,8.0,,,,
p_1327,0.3529166666666667,0.40192481884057973,0.3665945165945166,0.39733024691358027,0.4409990606548578,0.42592592592592593,108.0,0.375,0.6,0.2727272727272727,33.0,0.52,0.40625,0.7222222222222222,36.0,0.4166666666666667,0.43478260869565216,0.4,25.0,0.1,0.16666666666666666,0.07142857142857142,14.0,,,,
p_1328,0.41336262067969387,0.4224021592442645,0.40742147922998984,0.43418641792625534,0.43623481781376516,0.4351851851851852,108.0,0.3076923076923077,0.3333333333333333,0.2857142857142857,21.0,0.5365853658536586,0.5789473684210527,0.5,22.0,0.48484848484848486,0.46153846153846156,0.5106382978723404,47.0,0.32432432432432434,0.3157894736842105,0.3333333333333333,18.0,,,,
p_1329,0.37097229653409425,0.508555596151504,0.3451754385964912,0.3770474296899598,0.4273851247423285,0.3888888888888889,108.0,0.14814814814814814,0.2857142857142857,0.1,20.0,0.3595505617977528,0.3137254901960784,0.42105263157894735,38.0,0.47619047619047616,0.43478260869565216,0.5263157894736842,38.0,0.5,1.0,0.3333333333333333,12.0,,,,
p_1330,0.355219716345036,0.36912442396313366,0.36539987789987793,0.367806367166981,0.3770395972008875,0.37962962962962965,108.0,0.39215686274509803,0.4,0.38461538461538464,26.0,0.2,0.3,0.15,20.0,0.3939393939393939,0.41935483870967744,0.37142857142857144,35.0,0.43478260869565216,0.35714285714285715,0.5555555555555556,27.0,,,,
p_1331,0.3338866396761133,0.31477272727272726,0.39210580065359474,0.3374913780176938,0.31582491582491584,0.4074074074074074,108.0,0.0,0.0,0.0,24.0,0.2692307692307692,0.35,0.21875,32.0,0.54,0.4090909090909091,0.7941176470588235,34.0,0.5263157894736842,0.5,0.5555555555555556,18.0,,,,
p_1332,0.3714149839040094,0.4619066994386687,0.38766857890499196,0.3726541584018903,0.47040709125108093,0.37962962962962965,108.0,0.29411764705882354,0.7142857142857143,0.18518518518518517,27.0,0.3582089552238806,0.2727272727272727,0.5217391304347826,23.0,0.43333333333333335,0.38235294117647056,0.5,26.0,0.4,0.4782608695652174,0.34375,32.0,,,,
p_1333,0.3550782925782926,0.40599389712292944,0.38150665124349337,0.4600245086356197,0.47228922470857954,0.5092592592592593,108.0,0.0,0.0,0.0,14.0,0.6306306306306306,0.5645161290322581,0.7142857142857143,49.0,0.5396825396825397,0.4594594594594595,0.6538461538461539,26.0,0.25,0.6,0.15789473684210525,19.0,,,,
p_1334,0.3440667385375203,0.3825980392156863,0.3425748847926267,0.34668865109396585,0.3769426289034132,0.35185185185185186,108.0,0.39473684210526316,0.3333333333333333,0.4838709677419355,31.0,0.5238095238095238,0.6470588235294118,0.44,25.0,0.17647058823529413,0.3,0.125,24.0,0.28125,0.25,0.32142857142857145,28.0,,,,
p_1335,0.32535881958417173,0.3133933933933934,0.3506957621758381,0.3790409121395037,0.36567233900567236,0.4074074074074074,108.0,0.0,0.0,0.0,13.0,0.5066666666666667,0.4222222222222222,0.6333333333333333,30.0,0.36619718309859156,0.35135135135135137,0.38235294117647056,34.0,0.42857142857142855,0.48,0.3870967741935484,31.0,,,,
p_1336,0.42082456630813825,0.4361456131078224,0.45416666666666666,0.49175041321503365,0.5138044691097017,0.5277777777777778,108.0,0.631578947368421,0.5454545454545454,0.75,32.0,0.6027397260273972,0.5116279069767442,0.7333333333333333,30.0,0.4489795918367347,0.6875,0.3333333333333333,33.0,0.0,0.0,0.0,13.0,,,,
p_1337,0.3648693635322924,0.36904761904761907,0.36402947719688544,0.3534643349068215,0.3585758377425044,0.35185185185185186,108.0,0.3125,0.2857142857142857,0.3448275862068966,29.0,0.5384615384615384,0.5833333333333334,0.5,28.0,0.1694915254237288,0.17857142857142858,0.16129032258064516,31.0,0.43902439024390244,0.42857142857142855,0.45,20.0,,,,
p_1338,0.28707553707553707,0.313401225666907,0.31853070175438597,0.36284040450707117,0.3818726801783759,0.4166666666666667,108.0,0.4230769230769231,0.5789473684210527,0.3333333333333333,33.0,0.5585585585585585,0.4246575342465753,0.8157894736842105,38.0,0.16666666666666666,0.25,0.125,24.0,0.0,0.0,0.0,13.0,,,,
p_1339,0.27013062409288824,0.24476911976911978,0.3029810901001112,0.27929473740794497,0.25207765485543265,0.3148148148148148,108.0,0.32,0.2727272727272727,0.3870967741935484,31.0,0.4528301886792453,0.42857142857142855,0.48,25.0,0.3076923076923077,0.2777777777777778,0.3448275862068966,29.0,0.0,0.0,0.0,23.0,,,,
p_1340,0.28950192625206383,0.3142857142857143,0.3035714285714286,0.3328359730120875,0.3242063492063493,0.37037037037037035,108.0,0.379746835443038,0.35714285714285715,0.40540540540540543,37.0,0.3,0.5,0.21428571428571427,14.0,0.4782608695652174,0.4,0.5945945945945946,37.0,0.0,0.0,0.0,20.0,,,,
p_1341,0.31335227272727273,0.3738831615120275,0.32819794584500467,0.5109532828282828,0.4847397225404098,0.6111111111111112,108.0,0.4,0.6666666666666666,0.2857142857142857,14.0,0.09090909090909091,0.2,0.058823529411764705,17.0,0.7625,0.6288659793814433,0.9682539682539683,63.0,0.0,0.0,0.0,14.0,,,,
p_1342,0.32656495847358047,0.32867632317562145,0.3434218848829855,0.33507217608175605,0.33919462264991534,0.35185185185185186,108.0,0.3050847457627119,0.3103448275862069,0.3,30.0,0.21739130434782608,0.3125,0.16666666666666666,30.0,0.5135135135135135,0.4418604651162791,0.6129032258064516,31.0,0.2702702702702703,0.25,0.29411764705882354,17.0,,,,
p_1343,0.3613513753370946,0.36706539074960126,0.38744517543859647,0.35964121929703163,0.38815937149270485,0.3611111111111111,108.0,0.45161290322580644,0.4666666666666667,0.4375,16.0,0.38596491228070173,0.2894736842105263,0.5789473684210527,19.0,0.3950617283950617,0.48484848484848486,0.3333333333333333,48.0,0.2127659574468085,0.22727272727272727,0.2,25.0,,,,
p_1344,0.32827444956477214,0.31712902947022725,0.3604631507775524,0.4179226640875387,0.4002759132825678,0.46296296296296297,108.0,0.6451612903225806,0.5263157894736842,0.8333333333333334,36.0,0.16,0.19047619047619047,0.13793103448275862,29.0,0.5079365079365079,0.5517241379310345,0.47058823529411764,34.0,0.0,0.0,0.0,9.0,,,,
p_1345,0.30731150038080735,0.275499796001632,0.3475649350649351,0.4495218752644495,0.40245100261420136,0.5092592592592593,108.0,0.0,0.0,0.0,3.0,0.0,0.0,0.0,26.0,0.6138613861386139,0.543859649122807,0.7045454545454546,44.0,0.6153846153846154,0.5581395348837209,0.6857142857142857,35.0,,,,
p_1346,0.45930817610062896,0.5791144200626959,0.44573412698412695,0.5014015063281311,0.5446926158133054,0.5185185185185185,108.0,0.68,0.6181818181818182,0.7555555555555555,45.0,0.49056603773584906,0.4482758620689655,0.5416666666666666,24.0,0.2222222222222222,0.25,0.2,25.0,0.4444444444444444,1.0,0.2857142857142857,14.0,,,,
p_1347,0.29047619047619044,0.2520976353928299,0.3570261437908497,0.3749559082892416,0.3244342740910246,0.46296296296296297,108.0,0.0,0.0,0.0,15.0,0.0,0.0,0.0,23.0,0.49523809523809526,0.37681159420289856,0.7222222222222222,36.0,0.6666666666666666,0.631578947368421,0.7058823529411765,34.0,,,,
p_1348,0.427756807329978,0.5192161339421613,0.438052116541819,0.4515890341884018,0.5092381193979367,0.5,108.0,0.6071428571428571,0.4657534246575342,0.8717948717948718,39.0,0.2962962962962963,0.5,0.21052631578947367,19.0,0.5853658536585366,0.6666666666666666,0.5217391304347826,23.0,0.2222222222222222,0.4444444444444444,0.14814814814814814,27.0,,,,
p_1349,0.32267027761213807,0.3217679615705931,0.3414126016260163,0.3972366696849901,0.3839363068164237,0.4351851851851852,108.0,0.32558139534883723,0.3684210526315789,0.2916666666666667,24.0,0.4074074074074074,0.4583333333333333,0.36666666666666664,30.0,0.5576923076923077,0.4603174603174603,0.7073170731707317,41.0,0.0,0.0,0.0,13.0,,,,
p_1350,0.34404761904761905,0.33942073170731707,0.3700757575757576,0.4312169312169312,0.43647244805781393,0.4444444444444444,108.0,0.0,0.0,0.0,12.0,0.5952380952380952,0.625,0.5681818181818182,44.0,0.38095238095238093,0.2926829268292683,0.5454545454545454,22.0,0.4,0.44,0.36666666666666664,30.0,,,,
p_1351,0.3291505866008027,0.3269230769230769,0.36020114942528736,0.36189088710507356,0.3552455170102229,0.39814814814814814,108.0,0.0,0.0,0.0,15.0,0.525,0.4117647058823529,0.7241379310344828,29.0,0.3037974683544304,0.3076923076923077,0.3,40.0,0.4878048780487805,0.5882352941176471,0.4166666666666667,24.0,,,,
p_1352,0.2848850983179342,0.3851825842696629,0.3173344017094017,0.30387963182324707,0.3225265293383271,0.39814814814814814,108.0,0.47619047619047616,0.625,0.38461538461538464,13.0,0.5522388059701493,0.4157303370786517,0.8222222222222222,45.0,0.0,0.0,0.0,34.0,0.1111111111111111,0.5,0.0625,16.0,,,,
p_1353,0.3641218025671807,0.43815789473684214,0.3824618867722316,0.4532900339623029,0.48718323586744644,0.5185185185185185,108.0,0.15384615384615385,0.25,0.1111111111111111,9.0,0.23529411764705882,0.5,0.15384615384615385,26.0,0.7,0.5526315789473685,0.9545454545454546,44.0,0.3673469387755102,0.45,0.3103448275862069,29.0,,,,
p_1354,0.3254104386179858,0.38541666666666663,0.34912464985994396,0.33049119527106946,0.3680555555555556,0.37962962962962965,108.0,0.09523809523809523,0.16666666666666666,0.06666666666666667,30.0,0.36363636363636365,0.5,0.2857142857142857,28.0,0.5094339622641509,0.375,0.7941176470588235,34.0,0.3333333333333333,0.5,0.25,16.0,,,,
p_1355,0.3539417104634496,0.4163406964258322,0.36563915012190873,0.3918962679832245,0.4200726650872379,0.42592592592592593,108.0,0.3076923076923077,0.5,0.2222222222222222,18.0,0.4,0.34146341463414637,0.4827586206896552,29.0,0.5652173913043478,0.49056603773584906,0.6666666666666666,39.0,0.14285714285714285,0.3333333333333333,0.09090909090909091,22.0,,,,
p_1356,0.30211213811015203,0.31172619047619043,0.3084382015833629,0.37330297603385987,0.3783311287477954,0.3888888888888889,108.0,0.38461538461538464,0.47619047619047616,0.3225806451612903,31.0,0.4842105263157895,0.4107142857142857,0.5897435897435898,39.0,0.33962264150943394,0.36,0.32142857142857145,28.0,0.0,0.0,0.0,10.0,,,,
p_1357,0.38257199602780534,0.39056531703590525,0.42679738562091507,0.45191989407480965,0.4655589508530685,0.5092592592592593,108.0,0.47368421052631576,0.42857142857142855,0.5294117647058824,17.0,0.6792452830188679,0.5454545454545454,0.9,40.0,0.37735849056603776,0.5882352941176471,0.2777777777777778,36.0,0.0,0.0,0.0,15.0,,,,
p_1358,0.26635508945631403,0.26072068612391197,0.33043956043956046,0.3042039401308552,0.2886335836604654,0.37962962962962965,108.0,0.38596491228070173,0.3055555555555556,0.5238095238095238,21.0,0.5544554455445545,0.45161290322580644,0.717948717948718,39.0,0.125,0.2857142857142857,0.08,25.0,0.0,0.0,0.0,23.0,,,,
p_1359,0.37542568001713433,0.3666666666666667,0.40398550724637683,0.4492861704068601,0.4288513150831991,0.5,108.0,0.0,0.0,0.0,15.0,0.6260869565217392,0.5217391304347826,0.782608695652174,46.0,0.39285714285714285,0.4782608695652174,0.3333333333333333,33.0,0.4827586206896552,0.4666666666666667,0.5,14.0,,,,
p_1360,0.3076329331046312,0.33765243902439024,0.3217857142857143,0.4169652499841179,0.4238934056007227,0.4722222222222222,108.0,0.3,0.375,0.25,12.0,0.5909090909090909,0.47560975609756095,0.78,50.0,0.33962264150943394,0.5,0.2571428571428571,35.0,0.0,0.0,0.0,11.0,,,,
p_1361,0.3274517402572238,0.31272893772893773,0.3502277039848197,0.43159536361997186,0.416378374711708,0.4537037037037037,108.0,0.3902439024390244,0.3333333333333333,0.47058823529411764,17.0,0.3157894736842105,0.34615384615384615,0.2903225806451613,31.0,0.6037735849056604,0.5714285714285714,0.64,50.0,0.0,0.0,0.0,10.0,,,,
p_1362,0.31706349206349205,0.3271780303030303,0.3175770308123249,0.4105379188712522,0.40372474747474746,0.42592592592592593,108.0,0.35714285714285715,0.45454545454545453,0.29411764705882354,17.0,0.4222222222222222,0.3958333333333333,0.4523809523809524,42.0,0.4888888888888889,0.4583333333333333,0.5238095238095238,42.0,0.0,0.0,0.0,7.0,,,,
p_1363,0.3786623011306556,0.36640963203463206,0.39953931203931203,0.4403775887601485,0.41809964726631393,0.4722222222222222,108.0,0.4675324675324675,0.4090909090909091,0.5454545454545454,33.0,0.3888888888888889,0.4375,0.35,20.0,0.6582278481012658,0.6190476190476191,0.7027027027027027,37.0,0.0,0.0,0.0,18.0,,,,
p_1364,0.3492052704074235,0.3516233766233766,0.3831168831168831,0.42450085651840036,0.40033068783068776,0.5,108.0,0.21052631578947367,0.25,0.18181818181818182,11.0,0.6446280991735537,0.5064935064935064,0.8863636363636364,44.0,0.5416666666666666,0.65,0.4642857142857143,28.0,0.0,0.0,0.0,25.0,,,,
p_1365,0.37722742373905166,0.41544621119902614,0.37863802863802865,0.3903486694184369,0.41071337999594243,0.4074074074074074,108.0,0.2727272727272727,0.2903225806451613,0.2571428571428571,35.0,0.2727272727272727,0.375,0.21428571428571427,14.0,0.5348837209302325,0.4339622641509434,0.696969696969697,33.0,0.42857142857142855,0.5625,0.34615384615384615,26.0,,,,
p_1366,0.3384462947363874,0.3465037593984962,0.34939589979912555,0.37750849350397936,0.3852854358117516,0.3888888888888889,108.0,0.1,0.14285714285714285,0.07692307692307693,13.0,0.39344262295081966,0.48,0.3333333333333333,36.0,0.4057971014492754,0.3684210526315789,0.45161290322580644,31.0,0.45454545454545453,0.39473684210526316,0.5357142857142857,28.0,,,,
p_1367,0.3408370565547791,0.3580288461538461,0.3476202446790682,0.3544598747752985,0.37388354700854703,0.3611111111111111,108.0,0.42857142857142855,0.36,0.5294117647058824,34.0,0.32558139534883723,0.4375,0.25925925925925924,27.0,0.27586206896551724,0.25,0.3076923076923077,13.0,0.3333333333333333,0.38461538461538464,0.29411764705882354,34.0,,,,
p_1368,0.3861894384154658,0.398301393728223,0.4147194069069069,0.40701055455621665,0.4085688475932378,0.4351851851851852,108.0,0.5714285714285714,0.5,0.6666666666666666,21.0,0.4166666666666667,0.42857142857142855,0.40540540540540543,37.0,0.4657534246575342,0.4146341463414634,0.53125,32.0,0.09090909090909091,0.25,0.05555555555555555,18.0,,,,
p_1369,0.41289546111646525,0.49385964912280705,0.41415100856590215,0.5154289812275022,0.5402371669915529,0.5648148148148148,108.0,0.6382978723404256,0.7894736842105263,0.5357142857142857,28.0,0.1875,0.3,0.13636363636363635,22.0,0.6829268292682927,0.5526315789473685,0.8936170212765957,47.0,0.14285714285714285,0.3333333333333333,0.09090909090909091,11.0,,,,
p_1370,0.37444663568407616,0.4491382993875516,0.3937442765567766,0.40552477534673903,0.4835725627350752,0.42592592592592593,108.0,0.4918032786885246,0.6,0.4166666666666667,36.0,0.24242424242424243,0.5714285714285714,0.15384615384615385,26.0,0.5054945054945055,0.3898305084745763,0.71875,32.0,0.25806451612903225,0.23529411764705882,0.2857142857142857,14.0,,,,
p_1371,0.4382828282828283,0.4782535173160173,0.4387973801560758,0.5089674523007857,0.5256508537758537,0.5370370370370371,108.0,0.4888888888888889,0.5238095238095238,0.4583333333333333,24.0,0.24,0.25,0.23076923076923078,13.0,0.6909090909090909,0.59375,0.8260869565217391,46.0,0.3333333333333333,0.5454545454545454,0.24,25.0,,,,
p_1372,0.35720808871493803,0.3964285714285714,0.36077292730518534,0.40452815829528155,0.41516754850088183,0.4166666666666667,108.0,0.5,0.5142857142857142,0.4864864864864865,37.0,0.4383561643835616,0.38095238095238093,0.5161290322580645,31.0,0.35714285714285715,0.35714285714285715,0.35714285714285715,28.0,0.13333333333333333,0.3333333333333333,0.08333333333333333,12.0,,,,
p_1373,0.29537519233045334,0.370284911717496,0.31059585069019036,0.42333686213139404,0.4434560965459842,0.5,108.0,0.35714285714285715,0.7142857142857143,0.23809523809523808,21.0,0.0,0.0,0.0,12.0,0.647887323943662,0.5168539325842697,0.8679245283018868,53.0,0.17647058823529413,0.25,0.13636363636363635,22.0,,,,
p_1374,0.32269061583577713,0.33238636363636365,0.34171195652173914,0.4163869881611817,0.39590347923681257,0.4722222222222222,108.0,0.3181818181818182,0.3333333333333333,0.30434782608695654,23.0,0.3225806451612903,0.45454545454545453,0.25,20.0,0.65,0.5416666666666666,0.8125,48.0,0.0,0.0,0.0,17.0,,,,
p_1375,0.2703174603174603,0.2727272727272727,0.28349624060150375,0.3176072898295121,0.3227946127946128,0.3333333333333333,108.0,0.35555555555555557,0.2909090909090909,0.45714285714285713,35.0,0.2857142857142857,0.36,0.23684210526315788,38.0,0.44,0.44,0.44,25.0,0.0,0.0,0.0,10.0,,,,
p_1376,0.2541024601243579,0.275,0.3015028706518068,0.33076957736325135,0.2960905349794239,0.4444444444444444,108.0,0.3,0.5,0.21428571428571427,14.0,0.0,0.0,0.0,29.0,0.6423357664233577,0.4888888888888889,0.9361702127659575,47.0,0.07407407407407407,0.1111111111111111,0.05555555555555555,18.0,,,,
p_1377,0.4041728473546655,0.4804903239834747,0.4068737287058225,0.47176700964579754,0.5001485830252954,0.5185185185185185,108.0,0.24242424242424243,0.4,0.17391304347826086,23.0,0.6776859504132231,0.5616438356164384,0.8541666666666666,48.0,0.3076923076923077,0.5714285714285714,0.21052631578947367,19.0,0.3888888888888889,0.3888888888888889,0.3888888888888889,18.0,,,,
p_1378,0.2927150137310947,0.308496911461908,0.30559353369465847,0.31399724681246155,0.3182663514578408,0.3333333333333333,108.0,0.35294117647058826,0.36,0.34615384615384615,26.0,0.379746835443038,0.3191489361702128,0.46875,32.0,0.3548387096774194,0.3548387096774194,0.3548387096774194,31.0,0.08333333333333333,0.2,0.05263157894736842,19.0,,,,
p_1379,0.2986887083216587,0.3359748154580981,0.3087606837606838,0.35025227525087427,0.35812386420289155,0.37962962962962965,108.0,0.0,0.0,0.0,17.0,0.40963855421686746,0.3469387755102041,0.5,34.0,0.32,0.5714285714285714,0.2222222222222222,18.0,0.46511627906976744,0.425531914893617,0.5128205128205128,39.0,,,,
p_1380,0.41669719169719177,0.46426056338028165,0.4407118556106562,0.4299608827386605,0.4479068857589984,0.48148148148148145,108.0,0.17777777777777778,0.25,0.13793103448275862,29.0,0.6153846153846154,0.5070422535211268,0.782608695652174,46.0,0.23076923076923078,0.5,0.15,20.0,0.6428571428571429,0.6,0.6923076923076923,13.0,,,,
p_1381,0.4325646551724138,0.48928439006303304,0.4357258635719734,0.4704158684546616,0.4942532168802098,0.5,108.0,0.4,0.3548387096774194,0.4583333333333333,24.0,0.1875,0.3333333333333333,0.13043478260869565,23.0,0.4827586206896552,0.7,0.3684210526315789,19.0,0.66,0.5689655172413793,0.7857142857142857,42.0,,,,
p_1382,0.2822356215213358,0.36598569969356487,0.2933569979716024,0.441120387548959,0.4479760148299474,0.5185185185185185,108.0,0.6938775510204082,0.5730337078651685,0.8793103448275862,58.0,0.0,0.0,0.0,16.0,0.07142857142857142,0.09090909090909091,0.058823529411764705,17.0,0.36363636363636365,0.8,0.23529411764705882,17.0,,,,
p_1383,0.3987465309898242,0.41666666666666663,0.4301963601532567,0.40191455099873225,0.4290123456790123,0.42592592592592593,108.0,0.5106382978723404,0.6666666666666666,0.41379310344827586,29.0,0.16666666666666666,0.25,0.125,32.0,0.30434782608695654,0.25,0.3888888888888889,18.0,0.6133333333333333,0.5,0.7931034482758621,29.0,,,,
p_1384,0.23137739575440647,0.29571393880524527,0.30504926108374386,0.23966008936881036,0.3076623855521379,0.32407407407407407,108.0,0.4528301886792453,0.3380281690140845,0.6857142857142857,35.0,0.40816326530612246,0.3448275862068966,0.5,20.0,0.06451612903225806,0.5,0.034482758620689655,29.0,0.0,0.0,0.0,24.0,,,,
p_1385,0.37253255421161596,0.4152037617554859,0.383743240886098,0.48424384733976644,0.4777197259955881,0.5277777777777778,108.0,0.5614035087719298,0.5517241379310345,0.5714285714285714,28.0,0.6608695652173913,0.5757575757575758,0.7755102040816326,49.0,0.125,0.3333333333333333,0.07692307692307693,13.0,0.14285714285714285,0.2,0.1111111111111111,18.0,,,,
p_1386,0.3715794951860526,0.36890394088669953,0.3783143939393939,0.3680507126955214,0.3693623426382047,0.37037037037037035,108.0,0.44,0.39285714285714285,0.5,22.0,0.3333333333333333,0.3333333333333333,0.3333333333333333,21.0,0.25396825396825395,0.26666666666666666,0.24242424242424243,33.0,0.45901639344262296,0.4827586206896552,0.4375,32.0,,,,
p_1387,0.31454506314580943,0.37335796387520526,0.3485924713584288,0.42921875664412984,0.45415222283038376,0.5185185185185185,108.0,0.46153846153846156,0.6428571428571429,0.36,25.0,0.6716417910447762,0.5172413793103449,0.9574468085106383,47.0,0.125,0.3333333333333333,0.07692307692307693,26.0,0.0,0.0,0.0,10.0,,,,
p_1388,0.2589712918660287,0.27960526315789475,0.3107638888888889,0.2913343965975545,0.31262183235867447,0.3611111111111111,108.0,0.5,0.3684210526315789,0.7777777777777778,36.0,0.0,0.0,0.0,22.0,0.2727272727272727,0.5,0.1875,32.0,0.2631578947368421,0.25,0.2777777777777778,18.0,,,,
p_1389,0.31931223948465326,0.3243226600985222,0.3375517598343685,0.3106420080558012,0.33057380040138656,0.3148148148148148,108.0,0.44,0.36666666666666664,0.55,20.0,0.35714285714285715,0.47619047619047616,0.2857142857142857,35.0,0.1724137931034483,0.17857142857142858,0.16666666666666666,30.0,0.3076923076923077,0.27586206896551724,0.34782608695652173,23.0,,,,
p_1390,0.36995666357549517,0.37612876485216906,0.3881639194139194,0.37878518736378863,0.3895501110394727,0.3888888888888889,108.0,0.37037037037037035,0.45454545454545453,0.3125,32.0,0.43902439024390244,0.36,0.5625,16.0,0.4418604651162791,0.40425531914893614,0.48717948717948717,39.0,0.22857142857142856,0.2857142857142857,0.19047619047619047,21.0,,,,
p_1391,0.21203148425787108,0.19199562602515036,0.2489177489177489,0.2875385224054639,0.2581414656865723,0.3425925925925926,108.0,0.375,0.3870967741935484,0.36363636363636365,33.0,0.0,0.0,0.0,27.0,0.4782608695652174,0.3728813559322034,0.6666666666666666,33.0,0.20689655172413793,0.2,0.21428571428571427,14.0,0.0,0.0,0.0,1.0
p_1392,0.2765302820157189,0.28954362170087977,0.2964506405899972,0.37369942295508635,0.3824909036602585,0.4074074074074074,108.0,0.3333333333333333,0.45454545454545453,0.2631578947368421,38.0,0.08,0.125,0.058823529411764705,17.0,0.6213592233009708,0.5161290322580645,0.7804878048780488,41.0,0.07142857142857142,0.0625,0.08333333333333333,12.0,,,,
p_1393,0.37192607415054335,0.4689327485380117,0.3869559099437148,0.41077452716594387,0.46267095207153686,0.4722222222222222,108.0,0.6324786324786325,0.4868421052631579,0.9024390243902439,41.0,0.18181818181818182,0.42857142857142855,0.11538461538461539,26.0,0.34782608695652173,0.5714285714285714,0.25,16.0,0.32558139534883723,0.3888888888888889,0.28,25.0,,,,
p_1394,0.40980817347789833,0.38395585738539895,0.4550438596491228,0.5238729805702282,0.49777400490473495,0.5648148148148148,108.0,0.7155963302752294,0.6842105263157895,0.75,52.0,0.56,0.45161290322580644,0.7368421052631579,19.0,0.36363636363636365,0.4,0.3333333333333333,24.0,0.0,0.0,0.0,13.0,,,,
p_1395,0.25226776573321286,0.2392730496453901,0.2885281385281385,0.30282252668205695,0.27837864460204886,0.35185185185185186,108.0,0.3902439024390244,0.3404255319148936,0.45714285714285713,35.0,0.49382716049382713,0.4166666666666667,0.6060606060606061,33.0,0.125,0.2,0.09090909090909091,22.0,0.0,0.0,0.0,18.0,,,,
p_1396,0.306407152169864,0.379132097485092,0.3073421676362853,0.32596317681063447,0.36425774685756535,0.3425925925925926,108.0,0.26666666666666666,0.3157894736842105,0.23076923076923078,26.0,0.3728813559322034,0.3793103448275862,0.36666666666666664,30.0,0.3956043956043956,0.32142857142857145,0.5142857142857142,35.0,0.19047619047619047,0.5,0.11764705882352941,17.0,,,,
p_1397,0.36519990484261866,0.34391512742576574,0.4105665315771699,0.45258431037606434,0.43984533984533986,0.48148148148148145,108.0,0.0,0.0,0.0,15.0,0.4074074074074074,0.4230769230769231,0.39285714285714285,28.0,0.6382978723404256,0.6382978723404256,0.6382978723404256,47.0,0.41509433962264153,0.3142857142857143,0.6111111111111112,18.0,,,,
p_1398,0.3051375669163423,0.3259259259259259,0.29481778570013867,0.3008725018807445,0.31594650205761315,0.2962962962962963,108.0,0.4186046511627907,0.5,0.36,25.0,0.35,0.3888888888888889,0.3181818181818182,22.0,0.14814814814814814,0.14814814814814814,0.14814814814814814,27.0,0.3037974683544304,0.26666666666666666,0.35294117647058826,34.0,,,,
p_1399,0.30364372469635625,0.2915733482642777,0.32835555906257397,0.3503523766681661,0.3343702044709883,0.37962962962962965,108.0,0.3684210526315789,0.2978723404255319,0.4827586206896552,29.0,0.5128205128205128,0.5,0.5263157894736842,38.0,0.0,0.0,0.0,18.0,0.3333333333333333,0.3684210526315789,0.30434782608695654,23.0,,,,
p_1400,0.3904939788010867,0.4872159090909091,0.39424001924001917,0.38633795918114955,0.48184974747474746,0.39814814814814814,108.0,0.41237113402061853,0.3125,0.6060606060606061,33.0,0.47619047619047616,0.45454545454545453,0.5,20.0,0.41025641025641024,0.7272727272727273,0.2857142857142857,28.0,0.2631578947368421,0.45454545454545453,0.18518518518518517,27.0,,,,
p_1401,0.34983878755782616,0.3426573426573427,0.3970170454545454,0.35782066392181494,0.3474056807390141,0.4166666666666667,108.0,0.3225806451612903,0.3333333333333333,0.3125,16.0,0.5504587155963303,0.46153846153846156,0.6818181818181818,44.0,0.47368421052631576,0.4090909090909091,0.5625,16.0,0.05263157894736842,0.16666666666666666,0.03125,32.0,,,,
p_1402,0.3585847372774368,0.42123655913978497,0.37110428400750983,0.39207527365422096,0.4243827160493827,0.42592592592592593,108.0,0.2564102564102564,0.4166666666666667,0.18518518518518517,27.0,0.45161290322580644,0.45161290322580644,0.45161290322580644,31.0,0.2,0.4,0.13333333333333333,15.0,0.5263157894736842,0.4166666666666667,0.7142857142857143,35.0,,,,
p_1403,0.36535848968214923,0.3595201238390093,0.39324849770236836,0.40721243225752163,0.3819659442724458,0.46296296296296297,108.0,0.3684210526315789,0.4117647058823529,0.3333333333333333,21.0,0.47619047619047616,0.5263157894736842,0.43478260869565216,23.0,0.0,0.0,0.0,23.0,0.616822429906542,0.5,0.8048780487804879,41.0,,,,
p_1404,0.29891614022048807,0.2689879564879565,0.34548611111111105,0.31953012097939637,0.2912997496330829,0.3611111111111111,108.0,0.4307692307692308,0.42424242424242425,0.4375,32.0,0.5797101449275363,0.5128205128205128,0.6666666666666666,30.0,0.0,0.0,0.0,28.0,0.18518518518518517,0.1388888888888889,0.2777777777777778,18.0,,,,
p_1405,0.37243191591017677,0.3935897435897436,0.3723173884938591,0.3878536922015183,0.4074074074074074,0.3888888888888889,108.0,0.45714285714285713,0.4444444444444444,0.47058823529411764,34.0,0.36923076923076925,0.3076923076923077,0.46153846153846156,26.0,0.22857142857142856,0.26666666666666666,0.2,20.0,0.43478260869565216,0.5555555555555556,0.35714285714285715,28.0,,,,
p_1406,0.25805770021471974,0.3502450980392157,0.2730160039597426,0.2933331133682909,0.35281408859840235,0.3333333333333333,108.0,0.0,0.0,0.0,19.0,0.35714285714285715,0.8333333333333334,0.22727272727272727,22.0,0.2033898305084746,0.2,0.20689655172413793,29.0,0.4716981132075472,0.36764705882352944,0.6578947368421053,38.0,,,,
p_1407,0.33272012353292574,0.39217657342657347,0.37721226142278774,0.34006449740581296,0.39484427609427614,0.39814814814814814,108.0,0.2564102564102564,0.38461538461538464,0.19230769230769232,26.0,0.12121212121212122,0.4,0.07142857142857142,28.0,0.5346534653465347,0.4090909090909091,0.7714285714285715,35.0,0.4186046511627907,0.375,0.47368421052631576,19.0,,,,
p_1408,0.30312826753997124,0.31834880432124363,0.3314732142857143,0.31527042123984783,0.3327504884279688,0.3425925925925926,108.0,0.5316455696202531,0.44680851063829785,0.65625,32.0,0.26229508196721313,0.27586206896551724,0.25,32.0,0.16216216216216217,0.3333333333333333,0.10714285714285714,28.0,0.2564102564102564,0.21739130434782608,0.3125,16.0,,,,
p_1409,0.3101469770845206,0.3173107890499195,0.32026721681894094,0.3673289664698999,0.38480050098407587,0.37037037037037035,108.0,0.5423728813559322,0.5333333333333333,0.5517241379310345,29.0,0.273972602739726,0.21739130434782608,0.37037037037037035,27.0,0.42424242424242425,0.5185185185185185,0.358974358974359,39.0,0.0,0.0,0.0,13.0,,,,
p_1410,0.3324009324009324,0.34238565488565487,0.34392197840473704,0.5018475351808684,0.48217448217448217,0.5462962962962963,108.0,0.509090909090909,0.5384615384615384,0.4827586206896552,29.0,0.6666666666666666,0.581081081081081,0.7818181818181819,55.0,0.15384615384615385,0.25,0.1111111111111111,18.0,0.0,0.0,0.0,6.0,,,,
p_1411,0.38271318055758285,0.4707386363636364,0.40815373563218393,0.4429643361066511,0.5087436868686868,0.5092592592592593,108.0,0.45161290322580644,0.4375,0.4666666666666667,15.0,0.672,0.5454545454545454,0.875,48.0,0.17647058823529413,0.6,0.10344827586206896,29.0,0.23076923076923078,0.3,0.1875,16.0,,,,
p_1412,0.3305836841506429,0.48080357142857144,0.3673497267759563,0.4816732194704661,0.530704365079365,0.5462962962962963,108.0,0.0,0.0,0.0,20.0,0.723404255319149,0.6375,0.8360655737704918,61.0,0.23529411764705882,1.0,0.13333333333333333,15.0,0.36363636363636365,0.2857142857142857,0.5,12.0,,,,
p_1413,0.3373842388125326,0.3783305660974067,0.3327380952380953,0.34624417804449764,0.3734963220652658,0.35185185185185186,108.0,0.2777777777777778,0.3125,0.25,20.0,0.36363636363636365,0.3870967741935484,0.34285714285714286,35.0,0.3855421686746988,0.3137254901960784,0.5,32.0,0.3225806451612903,0.5,0.23809523809523808,21.0,,,,
p_1414,0.3074215056973678,0.4437666793747617,0.3499415204678363,0.3558108912515043,0.4686604255799833,0.4166666666666667,108.0,0.0,0.0,0.0,18.0,0.5252525252525253,0.4262295081967213,0.6842105263157895,38.0,0.42857142857142855,0.3488372093023256,0.5555555555555556,27.0,0.27586206896551724,1.0,0.16,25.0,,,,
p_1415,0.23897435897435898,0.2302099946836789,0.254511817011817,0.2946723646723647,0.28254179219091496,0.3148148148148148,108.0,0.2,0.22727272727272727,0.17857142857142858,28.0,0.4358974358974359,0.37777777777777777,0.5151515151515151,33.0,0.32,0.3157894736842105,0.32432432432432434,37.0,0.0,0.0,0.0,10.0,,,,
p_1416,0.3317987607801094,0.437962962962963,0.3269230769230769,0.35011202729997565,0.3779492455418381,0.37962962962962965,108.0,0.0,0.0,0.0,21.0,0.43902439024390244,0.4,0.4864864864864865,37.0,0.4175824175824176,0.35185185185185186,0.5135135135135135,37.0,0.47058823529411764,1.0,0.3076923076923077,13.0,,,,
p_1417,0.30208402292360315,0.35100512002685913,0.32582268679829657,0.39064617522888384,0.41265178221699955,0.4444444444444444,108.0,0.5739130434782609,0.44594594594594594,0.8048780487804879,41.0,0.09523809523809523,0.14285714285714285,0.07142857142857142,14.0,0.4482758620689655,0.5652173913043478,0.37142857142857144,35.0,0.09090909090909091,0.25,0.05555555555555555,18.0,,,,
p_1418,0.3841769105232879,0.3899329836829837,0.3987948284823285,0.3913007556298271,0.398129262712596,0.4074074074074074,108.0,0.41379310344827586,0.375,0.46153846153846156,13.0,0.2727272727272727,0.3333333333333333,0.23076923076923078,26.0,0.5168539325842697,0.4423076923076923,0.6216216216216216,37.0,0.3333333333333333,0.4090909090909091,0.28125,32.0,,,,
p_1419,0.28583119722138994,0.36912060542197533,0.3152991886409736,0.28946700564985683,0.3776853537127509,0.32407407407407407,108.0,0.2222222222222222,0.45454545454545453,0.14705882352941177,34.0,0.1935483870967742,0.2727272727272727,0.15,20.0,0.4117647058823529,0.2876712328767123,0.7241379310344828,29.0,0.3157894736842105,0.46153846153846156,0.24,25.0,,,,
p_1420,0.39595484270060094,0.39707284515636915,0.4202985312899106,0.39108055784664125,0.3976890696951719,0.4074074074074074,108.0,0.2916666666666667,0.3684210526315789,0.2413793103448276,29.0,0.30434782608695654,0.3684210526315789,0.25925925925925924,27.0,0.5,0.4166666666666667,0.625,16.0,0.4878048780487805,0.43478260869565216,0.5555555555555556,36.0,,,,
p_1421,0.39858956403074053,0.4053592064714946,0.4131642512077295,0.46486146690395064,0.45300818923700276,0.5,108.0,0.7115384615384616,0.6271186440677966,0.8222222222222222,45.0,0.17647058823529413,0.2727272727272727,0.13043478260869565,23.0,0.42857142857142855,0.4090909090909091,0.45,20.0,0.2777777777777778,0.3125,0.25,20.0,,,,
p_1422,0.38007985452245413,0.5527777777777778,0.3716466282255756,0.4780407383981072,0.5294238683127571,0.5555555555555556,108.0,0.47058823529411764,1.0,0.3076923076923077,13.0,0.7083333333333334,0.5666666666666667,0.9444444444444444,54.0,0.25806451612903225,0.4444444444444444,0.18181818181818182,22.0,0.08333333333333333,0.2,0.05263157894736842,19.0,,,,
p_1423,0.3334231619679381,0.3600236646382691,0.32361013986013987,0.33282583993612186,0.3571106603560964,0.32407407407407407,108.0,0.18518518518518517,0.16666666666666666,0.20833333333333334,24.0,0.4,0.3793103448275862,0.4230769230769231,26.0,0.45,0.6,0.36,25.0,0.29850746268656714,0.29411764705882354,0.30303030303030304,33.0,,,,
p_1424,0.24362707039337472,0.24817251461988304,0.2693922924901186,0.48114240664059504,0.42814598223954947,0.5740740740740741,108.0,0.16666666666666666,0.25,0.125,8.0,0.7453416149068323,0.631578947368421,0.9090909090909091,66.0,0.0625,0.1111111111111111,0.043478260869565216,23.0,0.0,0.0,0.0,11.0,,,,
p_1425,0.4176636649514008,0.5668896321070234,0.4263358094937042,0.4448286587044449,0.5459556546513068,0.48148148148148145,108.0,0.4,0.6153846153846154,0.2962962962962963,27.0,0.5416666666666666,0.5652173913043478,0.52,25.0,0.5471698113207547,0.42028985507246375,0.7837837837837838,37.0,0.18181818181818182,0.6666666666666666,0.10526315789473684,19.0,,,,
p_1426,0.22576161241746784,0.20389266817838247,0.25290697674418605,0.34706187712095277,0.3133800845441057,0.3888888888888889,108.0,0.0,0.0,0.0,15.0,0.4536082474226804,0.4074074074074074,0.5116279069767442,43.0,0.449438202247191,0.40816326530612246,0.5,40.0,0.0,0.0,0.0,10.0,,,,
p_1427,0.42397457158651186,0.6220619658119658,0.43876262626262624,0.5417689331122167,0.6726614434947769,0.5833333333333334,108.0,0.3333333333333333,0.625,0.22727272727272727,22.0,0.32,1.0,0.19047619047619047,21.0,0.746268656716418,0.6410256410256411,0.8928571428571429,56.0,0.2962962962962963,0.2222222222222222,0.4444444444444444,9.0,,,,
p_1428,0.47680247926351293,0.5393058918482647,0.4588084006106535,0.5378084309813413,0.5472573461274025,0.5555555555555556,108.0,0.2222222222222222,0.4,0.15384615384615385,13.0,0.5217391304347826,0.5142857142857142,0.5294117647058824,34.0,0.6415094339622641,0.576271186440678,0.723404255319149,47.0,0.5217391304347826,0.6666666666666666,0.42857142857142855,14.0,,,,
p_1429,0.43747344944774846,0.5075757575757576,0.41494755244755244,0.518256946411152,0.530331088664422,0.5277777777777778,108.0,0.5,0.8,0.36363636363636365,11.0,0.5794392523364486,0.5636363636363636,0.5961538461538461,52.0,0.5454545454545454,0.5,0.6,35.0,0.125,0.16666666666666666,0.1,10.0,,,,
p_1430,0.3969466159777254,0.43155708731000353,0.4004057399596552,0.42689039078344426,0.4402943063247058,0.4444444444444444,108.0,0.21428571428571427,0.3333333333333333,0.15789473684210525,19.0,0.375,0.5,0.3,20.0,0.5057471264367817,0.4782608695652174,0.5365853658536586,41.0,0.4927536231884058,0.4146341463414634,0.6071428571428571,28.0,,,,
p_1431,0.3640279516061744,0.3693237796686073,0.3662554112554113,0.3612459246898129,0.3682946045015011,0.3611111111111111,108.0,0.3404255319148936,0.36363636363636365,0.32,25.0,0.3235294117647059,0.3142857142857143,0.3333333333333333,33.0,0.39215686274509803,0.3448275862068966,0.45454545454545453,22.0,0.4,0.45454545454545453,0.35714285714285715,28.0,,,,
p_1432,0.3221310715609937,0.36833333333333335,0.3399429073342117,0.4383394100440819,0.4587037037037038,0.49074074074074076,108.0,0.25806451612903225,0.5,0.17391304347826086,23.0,0.6166666666666667,0.49333333333333335,0.8222222222222222,45.0,0.41379310344827586,0.48,0.36363636363636365,33.0,0.0,0.0,0.0,7.0,,,,
p_1433,0.44528569925286754,0.5542117604617605,0.42198113207547167,0.5241752117265114,0.5474393404948961,0.5648148148148148,108.0,0.23076923076923078,0.375,0.16666666666666666,18.0,0.37209302325581395,0.4444444444444444,0.32,25.0,0.7076923076923077,0.5974025974025974,0.8679245283018868,53.0,0.47058823529411764,0.8,0.3333333333333333,12.0,,,,
p_1434,0.3791211916994145,0.3754524886877828,0.4151368760064412,0.3559165459457492,0.3694612032847327,0.37037037037037035,108.0,0.5490196078431373,0.5,0.6086956521739131,23.0,0.24242424242424243,0.3076923076923077,0.2,40.0,0.38461538461538464,0.29411764705882354,0.5555555555555556,18.0,0.3404255319148936,0.4,0.2962962962962963,27.0,,,,
p_1435,0.45018188439241064,0.4682350333750522,0.4564393939393939,0.4625941706838393,0.47244964770778286,0.4722222222222222,108.0,0.47368421052631576,0.5294117647058824,0.42857142857142855,21.0,0.5054945054945055,0.48936170212765956,0.5227272727272727,44.0,0.5185185185185185,0.4375,0.6363636363636364,22.0,0.30303030303030304,0.4166666666666667,0.23809523809523808,21.0,,,,
p_1436,0.4177396595819737,0.42411718398560505,0.42877277479091996,0.40526877084333646,0.4179245597374252,0.4074074074074074,108.0,0.4782608695652174,0.5789473684210527,0.4074074074074074,27.0,0.38235294117647056,0.3611111111111111,0.40625,32.0,0.5,0.4230769230769231,0.6111111111111112,18.0,0.3103448275862069,0.3333333333333333,0.2903225806451613,31.0,,,,
p_1437,0.2546291937356809,0.2796296296296296,0.28827063740856845,0.29997088228422375,0.32256515775034295,0.3425925925925926,108.0,0.4358974358974359,0.37777777777777777,0.5151515151515151,33.0,0.37209302325581395,0.2962962962962963,0.5,32.0,0.21052631578947367,0.4444444444444444,0.13793103448275862,29.0,0.0,0.0,0.0,14.0,,,,
p_1438,0.4052074929407019,0.42446736270265684,0.40930059523809526,0.43644273938117223,0.4401457777274771,0.4537037037037037,108.0,0.3125,0.45454545454545453,0.23809523809523808,21.0,0.65,0.5777777777777777,0.7428571428571429,35.0,0.3880597014925373,0.37142857142857144,0.40625,32.0,0.2702702702702703,0.29411764705882354,0.25,20.0,,,,
p_1439,0.34482171684273133,0.3680779569892473,0.36371237458193983,0.3684136349666385,0.39385702907208286,0.37962962962962965,108.0,0.36,0.375,0.34615384615384615,26.0,0.5373134328358209,0.5806451612903226,0.5,36.0,0.12903225806451613,0.25,0.08695652173913043,23.0,0.35294117647058826,0.26666666666666666,0.5217391304347826,23.0,,,,
p_1440,0.3117816091954023,0.38932676518883413,0.3496837444655282,0.42012558535547034,0.4814267469439883,0.5092592592592593,108.0,0.41379310344827586,0.42857142857142855,0.4,15.0,0.16666666666666666,0.6,0.0967741935483871,31.0,0.6666666666666666,0.5287356321839081,0.9019607843137255,51.0,0.0,0.0,0.0,11.0,,,,
p_1441,0.31099692577953447,0.3110716276477146,0.31681141439205956,0.3671582166268156,0.3694968310004543,0.37037037037037035,108.0,0.34782608695652173,0.3076923076923077,0.4,20.0,0.32727272727272727,0.375,0.2903225806451613,31.0,0.4888888888888889,0.4782608695652174,0.5,44.0,0.08,0.08333333333333333,0.07692307692307693,13.0,,,,
p_1442,0.39068041746613175,0.3801363287250384,0.41288172877846785,0.5075031278734982,0.4905416168857029,0.5370370370370371,108.0,0.48148148148148145,0.41935483870967744,0.5652173913043478,23.0,0.40816326530612246,0.47619047619047616,0.35714285714285715,28.0,0.6730769230769231,0.625,0.7291666666666666,48.0,0.0,0.0,0.0,9.0,,,,
p_1443,0.3841379900701935,0.44763513513513514,0.41015450067174203,0.4685952430773523,0.5012387387387387,0.5370370370370371,108.0,0.5555555555555556,0.6,0.5172413793103449,29.0,0.12121212121212122,0.4,0.07142857142857142,28.0,0.6779661016949152,0.5405405405405406,0.9090909090909091,44.0,0.18181818181818182,0.25,0.14285714285714285,7.0,,,,
p_1444,0.3021412680756396,0.2925,0.318362480127186,0.37536563259588845,0.36148148148148146,0.39814814814814814,108.0,0.5,0.5,0.5,30.0,0.22580645161290322,0.25,0.20588235294117646,34.0,0.4827586206896552,0.42,0.5675675675675675,37.0,0.0,0.0,0.0,7.0,,,,
p_1445,0.22864785558084527,0.3037878787878788,0.25302275960170695,0.3175050496785892,0.350645342312009,0.3611111111111111,108.0,0.09523809523809523,0.5,0.05263157894736842,19.0,0.4329896907216495,0.38181818181818183,0.5,42.0,0.38636363636363635,0.3333333333333333,0.4594594594594595,37.0,0.0,0.0,0.0,10.0,,,,
p_1446,0.28424529477751465,0.2571428571428571,0.3296188630490956,0.4179973317453063,0.37433862433862436,0.49074074074074076,108.0,0.0,0.0,0.0,20.0,0.6017699115044248,0.4857142857142857,0.7906976744186046,43.0,0.5352112676056338,0.5428571428571428,0.5277777777777778,36.0,0.0,0.0,0.0,9.0,,,,
p_1447,0.40535288862418106,0.42463924963924965,0.40605164949992534,0.41741198464694595,0.42642429586874037,0.42592592592592593,108.0,0.25,0.36363636363636365,0.19047619047619047,21.0,0.4,0.3611111111111111,0.4482758620689655,29.0,0.4782608695652174,0.5238095238095238,0.44,25.0,0.4931506849315068,0.45,0.5454545454545454,33.0,,,,
p_1448,0.3099286601149014,0.3722222222222222,0.3405334152811024,0.3862649871825149,0.4325102880658436,0.4537037037037037,108.0,0.43902439024390244,0.6,0.34615384615384615,26.0,0.5901639344262295,0.4444444444444444,0.8780487804878049,41.0,0.21052631578947367,0.4444444444444444,0.13793103448275862,29.0,0.0,0.0,0.0,12.0,,,,
p_1449,0.3241720085470085,0.3369309712188969,0.32055444555444557,0.3366195789806901,0.34099364242123104,0.3425925925925926,108.0,0.3111111111111111,0.3684210526315789,0.2692307692307692,26.0,0.3958333333333333,0.35185185185185186,0.4523809523809524,42.0,0.3333333333333333,0.3333333333333333,0.3333333333333333,18.0,0.2564102564102564,0.29411764705882354,0.22727272727272727,22.0,,,,
p_1450,0.30965686274509807,0.2997448979591837,0.33663344697963105,0.3887926652142339,0.38118858654572946,0.4166666666666667,108.0,0.4533333333333333,0.5,0.4146341463414634,41.0,0.55,0.4489795918367347,0.7096774193548387,31.0,0.23529411764705882,0.25,0.2222222222222222,27.0,0.0,0.0,0.0,9.0,,,,
p_1451,0.3941570192617566,0.43363320707070707,0.39197588919288645,0.4420404204000723,0.44975507388701835,0.4722222222222222,108.0,0.23076923076923078,0.2727272727272727,0.2,15.0,0.6355140186915887,0.53125,0.7906976744186046,43.0,0.3103448275862069,0.375,0.2647058823529412,34.0,0.4,0.5555555555555556,0.3125,16.0,,,,
p_1452,0.5145619168633705,0.5405761283526457,0.5578582525185952,0.5769419103055798,0.5869897191035403,0.6203703703703703,108.0,0.7441860465116279,0.7441860465116279,0.7441860465116279,43.0,0.5365853658536586,0.5238095238095238,0.55,20.0,0.6865671641791045,0.5609756097560976,0.8846153846153846,26.0,0.09090909090909091,0.3333333333333333,0.05263157894736842,19.0,,,,
p_1453,0.38835983260343665,0.3961305929996632,0.3909205340656953,0.3881457396474082,0.39891285068388166,0.3888888888888889,108.0,0.4838709677419355,0.4411764705882353,0.5357142857142857,28.0,0.4090909090909091,0.4090909090909091,0.4090909090909091,22.0,0.38461538461538464,0.47619047619047616,0.3225806451612903,31.0,0.27586206896551724,0.25806451612903225,0.2962962962962963,27.0,,,,
p_1454,0.33246845746845743,0.4131944444444445,0.3525132275132275,0.36105458327680545,0.41898148148148145,0.4074074074074074,108.0,0.5370370370370371,0.4027777777777778,0.8055555555555556,36.0,0.14814814814814814,0.3333333333333333,0.09523809523809523,21.0,0.358974358974359,0.5833333333333334,0.25925925925925924,27.0,0.2857142857142857,0.3333333333333333,0.25,24.0,,,,
p_1455,0.34467233009708736,0.4054845154845155,0.3615385289811235,0.37838142754404885,0.4223173123173123,0.4166666666666667,108.0,0.5436893203883495,0.4307692307692308,0.7368421052631579,38.0,0.375,0.36,0.391304347826087,23.0,0.16,0.2857142857142857,0.1111111111111111,18.0,0.3,0.5454545454545454,0.20689655172413793,29.0,,,,
p_1456,0.2987886382623225,0.3777777777777777,0.3233908045977012,0.4260651629072681,0.47119341563786005,0.5092592592592593,108.0,0.3157894736842105,0.6666666666666666,0.20689655172413793,29.0,0.6571428571428571,0.5111111111111111,0.92,50.0,0.0,0.0,0.0,11.0,0.2222222222222222,0.3333333333333333,0.16666666666666666,18.0,,,,
p_1457,0.3225243956300364,0.3416666666666667,0.33856951871657753,0.4284884045719372,0.4271604938271605,0.46296296296296297,108.0,0.5510204081632653,0.5,0.6136363636363636,44.0,0.4810126582278481,0.4222222222222222,0.5588235294117647,34.0,0.25806451612903225,0.4444444444444444,0.18181818181818182,22.0,0.0,0.0,0.0,8.0,,,,
p_1458,0.3202379748542151,0.3120879120879121,0.33158646451329377,0.33999680403091603,0.3233821733821734,0.3611111111111111,108.0,0.36363636363636365,0.35,0.3783783783783784,37.0,0.3655913978494624,0.3269230769230769,0.4146341463414634,41.0,0.0,0.0,0.0,15.0,0.5517241379310345,0.5714285714285714,0.5333333333333333,15.0,,,,
p_1459,0.35282144466982196,0.41634469696969695,0.37389218486779463,0.3806884343775825,0.43271464646464647,0.4351851851851852,108.0,0.20833333333333334,0.45454545454545453,0.13513513513513514,37.0,0.2222222222222222,0.3333333333333333,0.16666666666666666,12.0,0.5689655172413793,0.44,0.8048780487804879,41.0,0.4117647058823529,0.4375,0.3888888888888889,18.0,,,,
p_1460,0.45990120990121,0.5171006300963676,0.4510497711670481,0.5354408965520077,0.5426449290283611,0.5740740740740741,108.0,0.7272727272727273,0.6197183098591549,0.88,50.0,0.42857142857142855,0.47368421052631576,0.391304347826087,23.0,0.2222222222222222,0.375,0.15789473684210525,19.0,0.46153846153846156,0.6,0.375,16.0,,,,
p_1461,0.3144614079728584,0.28823953823953824,0.35185185185185186,0.4900339270568278,0.43759018759018753,0.5648148148148148,108.0,0.7022900763358778,0.5974025974025974,0.8518518518518519,54.0,0.5555555555555556,0.5555555555555556,0.5555555555555556,27.0,0.0,0.0,0.0,19.0,0.0,0.0,0.0,8.0,,,,
p_1462,0.24767016411084206,0.2630081749889527,0.28447420634920634,0.3567930130830319,0.3439622510269881,0.42592592592592593,108.0,0.31746031746031744,0.3225806451612903,0.3125,32.0,0.5932203389830508,0.4794520547945205,0.7777777777777778,45.0,0.08,0.25,0.047619047619047616,21.0,0.0,0.0,0.0,10.0,,,,
p_1463,0.3529932746045278,0.4083333333333333,0.3667484589143575,0.4243154445532016,0.42870370370370375,0.5,108.0,0.6370370370370371,0.5,0.8775510204081632,49.0,0.0,0.0,0.0,17.0,0.30434782608695654,0.4666666666666667,0.22580645161290322,31.0,0.47058823529411764,0.6666666666666666,0.36363636363636365,11.0,,,,
p_1464,0.3424785832176259,0.39583333333333337,0.35655500413564933,0.4583637762621808,0.49228395061728397,0.5092592592592593,108.0,0.3684210526315789,0.5833333333333334,0.2692307692307692,26.0,0.3673469387755102,0.5,0.2903225806451613,31.0,0.6341463414634146,0.5,0.8666666666666667,45.0,0.0,0.0,0.0,6.0,,,,
p_1465,0.34240065707133915,0.39592490842490835,0.35371001031991745,0.36434794071292814,0.4058777642110975,0.3888888888888889,108.0,0.1875,0.42857142857142855,0.12,25.0,0.23529411764705882,0.26666666666666666,0.21052631578947367,19.0,0.44680851063829785,0.35,0.6176470588235294,34.0,0.5,0.5384615384615384,0.4666666666666667,30.0,,,,
p_1466,0.34871675943104513,0.36747076023391817,0.351937493400908,0.42341613413041984,0.4259123889971843,0.4444444444444444,108.0,0.4,0.43333333333333335,0.37142857142857144,35.0,0.5918367346938775,0.5087719298245614,0.7073170731707317,41.0,0.1,0.1111111111111111,0.09090909090909091,11.0,0.30303030303030304,0.4166666666666667,0.23809523809523808,21.0,,,,
p_1467,0.3108050662713638,0.2972222222222222,0.32801542776998593,0.3635853873580591,0.34382716049382717,0.3888888888888889,108.0,0.29508196721311475,0.3,0.2903225806451613,31.0,0.4375,0.3888888888888889,0.5,42.0,0.5106382978723404,0.5,0.5217391304347826,23.0,0.0,0.0,0.0,12.0,,,,
p_1468,0.34397919154016715,0.3720588235294118,0.35589080459770117,0.4380436636534197,0.44645969498910676,0.48148148148148145,108.0,0.0,0.0,0.0,10.0,0.6153846153846154,0.5,0.8,45.0,0.4878048780487805,0.5882352941176471,0.4166666666666667,24.0,0.2727272727272727,0.4,0.20689655172413793,29.0,,,,
p_1469,0.5211645288266813,0.6069817400644468,0.5052401302401303,0.5472166322922638,0.5812447786131997,0.5555555555555556,108.0,0.6373626373626373,0.5918367346938775,0.6904761904761905,42.0,0.5245901639344263,0.45714285714285713,0.6153846153846154,26.0,0.4782608695652174,0.5789473684210527,0.4074074074074074,27.0,0.4444444444444444,0.8,0.3076923076923077,13.0,,,,
p_1470,0.22338508677251684,0.27224454649827784,0.23320228158937834,0.27069411044100034,0.27961687290045495,0.3055555555555556,108.0,0.11764705882352941,0.16666666666666666,0.09090909090909091,22.0,0.44036697247706424,0.3582089552238806,0.5714285714285714,42.0,0.21052631578947367,0.23076923076923078,0.1935483870967742,31.0,0.125,0.3333333333333333,0.07692307692307693,13.0,,,,
p_1471,0.28892649903288203,0.3231631382316314,0.3163621794871795,0.3500161186331399,0.38135348923020157,0.39814814814814814,108.0,0.5,0.3835616438356164,0.717948717948718,39.0,0.3829787234042553,0.4090909090909091,0.36,25.0,0.2727272727272727,0.5,0.1875,32.0,0.0,0.0,0.0,12.0,,,,
p_1472,0.36749351926343077,0.47823943661971835,0.3822916666666667,0.43806137414790314,0.4842983828899322,0.49074074074074076,108.0,0.26666666666666666,0.4,0.2,20.0,0.4727272727272727,0.52,0.43333333333333335,30.0,0.6194690265486725,0.49295774647887325,0.8333333333333334,42.0,0.1111111111111111,0.5,0.0625,16.0,,,,
p_1473,0.28862745098039216,0.2842605894388577,0.30630630630630634,0.360958605664488,0.3629515959736673,0.37037037037037035,108.0,0.48,0.47368421052631576,0.4864864864864865,37.0,0.23333333333333334,0.1794871794871795,0.3333333333333333,21.0,0.4411764705882353,0.4838709677419355,0.40540540540540543,37.0,0.0,0.0,0.0,13.0,,,,
p_1474,0.274604743083004,0.27303312629399584,0.3044090056285178,0.3830149319279754,0.3683095621501419,0.4351851851851852,108.0,0.43478260869565216,0.5,0.38461538461538464,39.0,0.5636363636363636,0.4492753623188406,0.7560975609756098,41.0,0.0,0.0,0.0,15.0,0.1,0.14285714285714285,0.07692307692307693,13.0,,,,
p_1475,0.3897817868406104,0.5161963783403657,0.3903726708074534,0.3580103629123237,0.4078037909569204,0.4166666666666667,108.0,0.358974358974359,0.4375,0.30434782608695654,23.0,0.09090909090909091,0.2222222222222222,0.05714285714285714,35.0,0.5378151260504201,0.4050632911392405,0.8,40.0,0.5714285714285714,1.0,0.4,10.0,,,,
p_1476,0.2871058935342779,0.32362528344671204,0.32724702380952386,0.2986174103850827,0.33391597379692617,0.3425925925925926,108.0,0.3880597014925373,0.30952380952380953,0.52,25.0,0.4691358024691358,0.3877551020408163,0.59375,32.0,0.15789473684210525,0.375,0.1,30.0,0.13333333333333333,0.2222222222222222,0.09523809523809523,21.0,,,,
p_1477,0.27856587931214793,0.4236874236874237,0.32616487455197135,0.37331236709346166,0.5122100122100122,0.4722222222222222,108.0,0.14814814814814814,0.2222222222222222,0.1111111111111111,18.0,0.6417910447761194,0.4725274725274725,1.0,43.0,0.0,0.0,0.0,16.0,0.32432432432432434,1.0,0.1935483870967742,31.0,,,,
p_1478,0.39590572715572714,0.4001831501831502,0.4025062656641604,0.44801051051051055,0.4398317731651065,0.46296296296296297,108.0,0.47619047619047616,0.47619047619047616,0.47619047619047616,21.0,0.43243243243243246,0.41025641025641024,0.45714285714285713,35.0,0.575,0.5476190476190477,0.6052631578947368,38.0,0.1,0.16666666666666666,0.07142857142857142,14.0,,,,
p_1479,0.3413363411752068,0.32371794871794873,0.3808131439710387,0.409000847447512,0.37300569800569794,0.4722222222222222,108.0,0.6666666666666666,0.6333333333333333,0.7037037037037037,27.0,0.5607476635514018,0.46153846153846156,0.7142857142857143,42.0,0.13793103448275862,0.2,0.10526315789473684,19.0,0.0,0.0,0.0,20.0,,,,
p_1480,0.4658626475092891,0.45922802687508574,0.4848901098901099,0.47161834307257605,0.4646764274215255,0.49074074074074076,108.0,0.6296296296296297,0.6538461538461539,0.6071428571428571,28.0,0.14634146341463414,0.2,0.11538461538461539,26.0,0.4745762711864407,0.42424242424242425,0.5384615384615384,26.0,0.6129032258064516,0.5588235294117647,0.6785714285714286,28.0,,,,
p_1481,0.49193846410153497,0.5172699849170438,0.49172077922077917,0.48619108040514597,0.5081420032400426,0.49074074074074076,108.0,0.5783132530120482,0.6153846153846154,0.5454545454545454,44.0,0.32432432432432434,0.46153846153846156,0.25,24.0,0.46511627906976744,0.39215686274509803,0.5714285714285714,35.0,0.6,0.6,0.6,5.0,,,,
p_1482,0.2842435655994978,0.26873563218390806,0.3041666666666667,0.5092418218595243,0.47266922094508307,0.5555555555555556,108.0,0.6962962962962963,0.6266666666666667,0.7833333333333333,60.0,0.4406779661016949,0.4482758620689655,0.43333333333333335,30.0,0.0,0.0,0.0,11.0,0.0,0.0,0.0,7.0,,,,
p_1483,0.3523373983739837,0.34145658263305323,0.40384615384615385,0.39601023788015655,0.3759881730469965,0.46296296296296297,108.0,0.5333333333333333,0.47058823529411764,0.6153846153846154,26.0,0.2926829268292683,0.42857142857142855,0.2222222222222222,27.0,0.0,0.0,0.0,19.0,0.5833333333333334,0.4666666666666667,0.7777777777777778,36.0,,,,
p_1484,0.29664664664664664,0.31813725490196076,0.36059386973180074,0.3807603900196493,0.3906862745098039,0.4722222222222222,108.0,0.6370370370370371,0.5058823529411764,0.86,50.0,0.21621621621621623,0.5,0.13793103448275862,29.0,0.0,0.0,0.0,20.0,0.3333333333333333,0.26666666666666666,0.4444444444444444,9.0,,,,
p_1485,0.30035425101214575,0.31148061160338303,0.33828918873896385,0.28983918128654973,0.30611812065912153,0.32407407407407407,108.0,0.46153846153846156,0.41379310344827586,0.5217391304347826,23.0,0.10526315789473684,0.2222222222222222,0.06896551724137931,29.0,0.38461538461538464,0.29411764705882354,0.5555555555555556,27.0,0.25,0.3157894736842105,0.20689655172413793,29.0,,,,
p_1486,0.3986680225904364,0.43278253773969805,0.4089366515837104,0.4545904331584408,0.4612667543104099,0.4722222222222222,108.0,0.5057471264367817,0.5116279069767442,0.5,44.0,0.125,0.3333333333333333,0.07692307692307693,13.0,0.5194805194805194,0.46511627906976744,0.5882352941176471,34.0,0.4444444444444444,0.42105263157894735,0.47058823529411764,17.0,,,,
p_1487,0.3914830719687977,0.3933531746031746,0.4165970481759955,0.4216273601776021,0.4239234273956496,0.4444444444444444,108.0,0.5573770491803278,0.5,0.6296296296296297,27.0,0.4838709677419355,0.5555555555555556,0.42857142857142855,35.0,0.44776119402985076,0.375,0.5555555555555556,27.0,0.07692307692307693,0.14285714285714285,0.05263157894736842,19.0,,,,
p_1488,0.42540599810336654,0.45351806239737275,0.4283267755262641,0.44482849077147324,0.4658701271057592,0.4537037037037037,108.0,0.3783783783783784,0.5833333333333334,0.28,25.0,0.4,0.3793103448275862,0.4230769230769231,26.0,0.631578947368421,0.5714285714285714,0.7058823529411765,34.0,0.2916666666666667,0.28,0.30434782608695654,23.0,,,,
p_1489,0.4302036844949618,0.4242496485115227,0.44157706093189963,0.45265654478962075,0.4479232747632405,0.46296296296296297,108.0,0.1875,0.21428571428571427,0.16666666666666666,18.0,0.4418604651162791,0.4634146341463415,0.4222222222222222,45.0,0.6086956521739131,0.5526315789473685,0.6774193548387096,31.0,0.4827586206896552,0.4666666666666667,0.5,14.0,,,,
p_1490,0.4047664808764174,0.45375,0.4423696145124717,0.5069119667428336,0.5305092592592593,0.5740740740740741,108.0,0.743801652892562,0.625,0.9183673469387755,49.0,0.0,0.0,0.0,16.0,0.36363636363636365,0.75,0.24,25.0,0.5116279069767442,0.44,0.6111111111111112,18.0,,,,
p_1491,0.23557168784029034,0.22147089947089946,0.26353187042842213,0.33585960431090495,0.31312022339800116,0.37962962962962965,108.0,0.5287356321839081,0.42592592592592593,0.696969696969697,33.0,0.3333333333333333,0.36,0.3103448275862069,29.0,0.3157894736842105,0.32142857142857145,0.3103448275862069,29.0,0.0,0.0,0.0,16.0,0.0,0.0,0.0,1.0
p_1492,0.2714793281653747,0.35202020202020196,0.2892832167832168,0.33628218011292943,0.37362514029180693,0.39814814814814814,108.0,0.5581395348837209,0.4444444444444444,0.75,48.0,0.2222222222222222,0.6,0.13636363636363635,22.0,0.05555555555555555,0.09090909090909091,0.04,25.0,0.25,0.2727272727272727,0.23076923076923078,13.0,,,,
p_1493,0.27714646464646464,0.25833333333333336,0.31752873563218387,0.3298260381593715,0.30502645502645503,0.37962962962962965,108.0,0.13636363636363635,0.2,0.10344827586206896,29.0,0.4722222222222222,0.40476190476190477,0.5666666666666667,30.0,0.5,0.42857142857142855,0.6,35.0,0.0,0.0,0.0,14.0,,,,
p_1494,0.30877674956622325,0.3130952380952381,0.3359375,0.3670715249662618,0.36203703703703705,0.4166666666666667,108.0,0.0,0.0,0.0,20.0,0.5263157894736842,0.4166666666666667,0.7142857142857143,42.0,0.4230769230769231,0.55,0.34375,32.0,0.2857142857142857,0.2857142857142857,0.2857142857142857,14.0,,,,
p_1495,0.3938943995893174,0.5197619047619048,0.39341757579080094,0.39668601810450577,0.4688800705467372,0.4166666666666667,108.0,0.5287356321839081,0.46,0.6216216216216216,37.0,0.18604651162790697,0.2857142857142857,0.13793103448275862,29.0,0.45454545454545453,1.0,0.29411764705882354,17.0,0.40625,0.3333333333333333,0.52,25.0,,,,
p_1496,0.38020406509711324,0.39601449275362316,0.4108974358974359,0.42561554771893456,0.421027911969941,0.4722222222222222,108.0,0.628099173553719,0.5507246376811594,0.7307692307692307,52.0,0.38095238095238093,0.5,0.3076923076923077,13.0,0.1,0.2,0.06666666666666667,30.0,0.4117647058823529,0.3333333333333333,0.5384615384615384,13.0,,,,
p_1497,0.4113461538461539,0.5059523809523809,0.42390350877192984,0.46331908831908836,0.49448853615520283,0.5092592592592593,108.0,0.55,0.5238095238095238,0.5789473684210527,38.0,0.6153846153846154,0.5,0.8,35.0,0.4,0.8,0.26666666666666666,15.0,0.08,0.2,0.05,20.0,,,,
p_1498,0.34315730203888095,0.3498917748917749,0.3686169344971042,0.39883194598106875,0.3856100689434023,0.4537037037037037,108.0,0.5765765765765766,0.45714285714285713,0.7804878048780488,41.0,0.42105263157894735,0.5333333333333333,0.34782608695652173,23.0,0.375,0.4090909090909091,0.34615384615384615,26.0,0.0,0.0,0.0,18.0,,,,
p_1499,0.39258923169993953,0.47119047619047616,0.39078282828282834,0.45501557213595933,0.4945502645502646,0.49074074074074076,108.0,0.6140350877192983,0.5,0.7954545454545454,44.0,0.41379310344827586,0.48,0.36363636363636365,33.0,0.26666666666666666,0.3333333333333333,0.2222222222222222,9.0,0.27586206896551724,0.5714285714285714,0.18181818181818182,22.0,,,,
p_1500,0.22699158832261257,0.20241365777080061,0.2585263835263836,0.33371818131837927,0.2978588871446014,0.37962962962962965,108.0,0.4186046511627907,0.3673469387755102,0.4864864864864865,37.0,0.48936170212765956,0.4423076923076923,0.5476190476190477,42.0,0.0,0.0,0.0,11.0,0.0,0.0,0.0,18.0,,,,
p_1501,0.2633546600458365,0.32086834733893554,0.2722756838634946,0.3061697153608919,0.3515146799460525,0.32407407407407407,108.0,0.17647058823529413,0.42857142857142855,0.1111111111111111,27.0,0.4090909090909091,0.4,0.4186046511627907,43.0,0.14285714285714285,0.2,0.1111111111111111,9.0,0.325,0.2549019607843137,0.4482758620689655,29.0,,,,
p_1502,0.33571937369353055,0.3327816205533597,0.36487268518518523,0.39071739133650807,0.3956658981115503,0.4166666666666667,108.0,0.39473684210526316,0.3409090909090909,0.46875,32.0,0.4406779661016949,0.5652173913043478,0.3611111111111111,36.0,0.0,0.0,0.0,13.0,0.5074626865671642,0.425,0.6296296296296297,27.0,,,,
p_1503,0.33455745412822574,0.4528433581504703,0.34229150933218255,0.3533808243397751,0.41963592461976085,0.3888888888888889,108.0,0.5242718446601942,0.421875,0.6923076923076923,39.0,0.3076923076923077,0.27586206896551724,0.34782608695652173,23.0,0.3157894736842105,0.75,0.2,15.0,0.19047619047619047,0.36363636363636365,0.12903225806451613,31.0,,,,
p_1504,0.3113989185417757,0.31305348746081507,0.3161553295932679,0.3129655470925312,0.31755903140601416,0.3148148148148148,108.0,0.3076923076923077,0.36363636363636365,0.26666666666666666,30.0,0.3492063492063492,0.34375,0.3548387096774194,31.0,0.20408163265306123,0.2,0.20833333333333334,24.0,0.38461538461538464,0.3448275862068966,0.43478260869565216,23.0,,,,
p_1505,0.2893348660218804,0.39898947422076103,0.2743226600985222,0.29486006142498933,0.37418456124651805,0.28703703703703703,108.0,0.32,0.8,0.2,20.0,0.22641509433962265,0.20689655172413793,0.25,24.0,0.22857142857142856,0.1951219512195122,0.27586206896551724,29.0,0.38235294117647056,0.3939393939393939,0.37142857142857144,35.0,,,,
p_1506,0.30289987789987793,0.30351719465470517,0.31534887798036465,0.30199995477773256,0.30262099076929466,0.3148148148148148,108.0,0.3888888888888889,0.34146341463414637,0.45161290322580644,31.0,0.38461538461538464,0.3448275862068966,0.43478260869565216,23.0,0.2,0.25,0.16666666666666666,30.0,0.23809523809523808,0.2777777777777778,0.20833333333333334,24.0,,,,
p_1507,0.28333999101947444,0.3106481481481481,0.31151092915798795,0.30247991691357046,0.3328507740544777,0.32407407407407407,108.0,0.06451612903225806,0.25,0.037037037037037035,27.0,0.5507246376811594,0.5428571428571428,0.5588235294117647,34.0,0.2641509433962264,0.25925925925925924,0.2692307692307692,26.0,0.25396825396825395,0.19047619047619047,0.38095238095238093,21.0,,,,
p_1508,0.4024747474747475,0.415039980009995,0.42132781277518117,0.4538327721661055,0.46821144983064017,0.4722222222222222,108.0,0.5454545454545454,0.48,0.631578947368421,38.0,0.52,0.4482758620689655,0.6190476190476191,21.0,0.1111111111111111,0.16666666666666666,0.08333333333333333,12.0,0.43333333333333335,0.5652173913043478,0.35135135135135137,37.0,,,,
p_1509,0.2802526595744681,0.30198412698412697,0.3213756898640463,0.3403516548463357,0.40232216343327454,0.37037037037037035,108.0,0.46808510638297873,0.36666666666666664,0.6470588235294118,34.0,0.3404255319148936,0.2857142857142857,0.42105263157894735,19.0,0.3125,0.5555555555555556,0.21739130434782608,46.0,0.0,0.0,0.0,9.0,,,,
p_1510,0.29887176315747743,0.3378548534798535,0.33237639553429027,0.31700574557717415,0.33191519129019126,0.37962962962962965,108.0,0.15384615384615385,0.2857142857142857,0.10526315789473684,19.0,0.12244897959183673,0.1875,0.09090909090909091,33.0,0.36363636363636365,0.46153846153846156,0.3,20.0,0.5555555555555556,0.4166666666666667,0.8333333333333334,36.0,,,,
p_1511,0.26534090909090907,0.45134521313766596,0.29401993355481726,0.3545805274971942,0.42405595672541857,0.4074074074074074,108.0,0.38636363636363635,0.3148148148148148,0.5,34.0,0.13333333333333333,1.0,0.07142857142857142,14.0,0.5416666666666666,0.49056603773584906,0.6046511627906976,43.0,0.0,0.0,0.0,17.0,,,,
p_1512,0.28920203990990134,0.2984722222222222,0.2913207621758381,0.31791885950224835,0.32224279835390945,0.32407407407407407,108.0,0.42857142857142855,0.48,0.3870967741935484,31.0,0.3291139240506329,0.28888888888888886,0.38235294117647056,34.0,0.08333333333333333,0.125,0.0625,16.0,0.3157894736842105,0.3,0.3333333333333333,27.0,,,,
p_1513,0.4118326087874056,0.42860644257703084,0.4477859097424315,0.46333052477342634,0.4595834630148356,0.5277777777777778,108.0,0.06666666666666667,0.25,0.038461538461538464,26.0,0.46511627906976744,0.47619047619047616,0.45454545454545453,22.0,0.41379310344827586,0.4,0.42857142857142855,14.0,0.7017543859649122,0.5882352941176471,0.8695652173913043,46.0,,,,
p_1514,0.26034337179848016,0.25743003547497045,0.2928947477511089,0.3537490487954884,0.3273799617512665,0.4074074074074074,108.0,0.42105263157894735,0.37209302325581395,0.48484848484848486,33.0,0.5294117647058824,0.4576271186440678,0.627906976744186,43.0,0.09090909090909091,0.2,0.058823529411764705,17.0,0.0,0.0,0.0,15.0,,,,
p_1515,0.3188461538461539,0.3017870302137067,0.3491323978575539,0.38730769230769235,0.35851073992194105,0.4351851851851852,108.0,0.3076923076923077,0.3,0.3157894736842105,19.0,0.3076923076923077,0.34782608695652173,0.27586206896551724,29.0,0.0,0.0,0.0,19.0,0.66,0.559322033898305,0.8048780487804879,41.0,,,,
p_1516,0.42184095860566445,0.4555555555555556,0.4234982211275315,0.46287218591140156,0.47314814814814815,0.49074074074074076,108.0,0.43137254901960786,0.5,0.3793103448275862,29.0,0.6078431372549019,0.5,0.775,40.0,0.5,0.6,0.42857142857142855,21.0,0.14814814814814814,0.2222222222222222,0.1111111111111111,18.0,,,,
p_1517,0.32603514300530534,0.30317688378033203,0.36458333333333337,0.41244239971752034,0.38438579064377276,0.4537037037037037,108.0,0.32558139534883723,0.25925925925925924,0.4375,16.0,0.3181818181818182,0.35,0.2916666666666667,24.0,0.0,0.0,0.0,20.0,0.660377358490566,0.603448275862069,0.7291666666666666,48.0,,,,
p_1518,0.372551401391162,0.43317739864245086,0.39438775510204077,0.4752874102109474,0.486351467960347,0.5462962962962963,108.0,0.5106382978723404,0.5217391304347826,0.5,24.0,0.671875,0.5443037974683544,0.8775510204081632,49.0,0.3076923076923077,0.6666666666666666,0.2,20.0,0.0,0.0,0.0,15.0,,,,
p_1519,0.3029185794990393,0.2944109461966605,0.3283653846153846,0.3205709967097792,0.30816670102384386,0.35185185185185186,108.0,0.05405405405405406,0.09090909090909091,0.038461538461538464,26.0,0.25,0.25,0.25,20.0,0.41379310344827586,0.42857142857142855,0.4,30.0,0.49382716049382713,0.40816326530612246,0.625,32.0,,,,
p_1520,0.25777120663384107,0.28863211951447243,0.28717948717948716,0.30632532889630404,0.3335797281875713,0.35185185185185186,108.0,0.37735849056603776,0.35714285714285715,0.4,25.0,0.4485981308411215,0.35294117647058826,0.6153846153846154,39.0,0.20512820512820512,0.4444444444444444,0.13333333333333333,30.0,0.0,0.0,0.0,14.0,,,,
p_1521,0.4124078694918275,0.4203787878787879,0.4127821542432548,0.42781262502651807,0.4272530864197531,0.4351851851851852,108.0,0.2692307692307692,0.28,0.25925925925925924,27.0,0.48484848484848486,0.48484848484848486,0.48484848484848486,33.0,0.3448275862068966,0.4166666666666667,0.29411764705882354,17.0,0.5507246376811594,0.5,0.6129032258064516,31.0,,,,
p_1522,0.435986214739291,0.5739748677248677,0.440491452991453,0.4638016338408281,0.5505891142465217,0.5092592592592593,108.0,0.14814814814814814,0.6666666666666666,0.08333333333333333,24.0,0.591304347826087,0.4857142857142857,0.7555555555555555,45.0,0.5283018867924528,0.5185185185185185,0.5384615384615384,26.0,0.47619047619047616,0.625,0.38461538461538464,13.0,,,,
p_1523,0.35124970102846215,0.32730126891379235,0.40251897860593516,0.3975145499481783,0.3534765524692704,0.48148148148148145,108.0,0.43243243243243246,0.42105263157894735,0.4444444444444444,18.0,0.0,0.0,0.0,25.0,0.672566371681416,0.5352112676056338,0.9047619047619048,42.0,0.3,0.35294117647058826,0.2608695652173913,23.0,,,,
p_1524,0.3867367415193502,0.5297076023391813,0.37607942166765695,0.427453062235671,0.5080615118042019,0.46296296296296297,108.0,0.5714285714285714,0.4533333333333333,0.7727272727272727,44.0,0.34782608695652173,0.42105263157894735,0.2962962962962963,27.0,0.32,0.8,0.2,20.0,0.3076923076923077,0.4444444444444444,0.23529411764705882,17.0,,,,
p_1525,0.33247640885439633,0.30687707641196016,0.36853002070393376,0.3852098460573635,0.36260243632336653,0.4166666666666667,108.0,0.41379310344827586,0.34285714285714286,0.5217391304347826,23.0,0.30434782608695654,0.28,0.3333333333333333,21.0,0.611764705882353,0.6046511627906976,0.6190476190476191,42.0,0.0,0.0,0.0,22.0,,,,
p_1526,0.36440620782726046,0.3796560846560847,0.36397640018066846,0.39286374768830906,0.394583578287282,0.4074074074074074,108.0,0.3076923076923077,0.4,0.25,24.0,0.5473684210526316,0.48148148148148145,0.6341463414634146,41.0,0.2692307692307692,0.28,0.25925925925925924,27.0,0.3333333333333333,0.35714285714285715,0.3125,16.0,,,,
p_1527,0.37805768528660094,0.34051501035196685,0.45052264808362374,0.4326734547618082,0.4074768997776244,0.4722222222222222,108.0,0.36363636363636365,0.2608695652173913,0.6,10.0,0.4819277108433735,0.47619047619047616,0.4878048780487805,41.0,0.0,0.0,0.0,22.0,0.6666666666666666,0.625,0.7142857142857143,35.0,,,,
p_1528,0.368452380952381,0.36462090541037906,0.3920579603815114,0.4511022927689594,0.437142681879524,0.49074074074074076,108.0,0.4166666666666667,0.5263157894736842,0.3448275862068966,29.0,0.45,0.4090909090909091,0.5,18.0,0.6071428571428571,0.5230769230769231,0.723404255319149,47.0,0.0,0.0,0.0,14.0,,,,
p_1529,0.3703355611250348,0.48603896103896105,0.39308397683397683,0.3937712078550285,0.46776094276094277,0.4444444444444444,108.0,0.38095238095238093,0.5714285714285714,0.2857142857142857,14.0,0.5263157894736842,0.45454545454545453,0.625,32.0,0.07407407407407407,0.5,0.04,25.0,0.5,0.41818181818181815,0.6216216216216216,37.0,,,,
p_1530,0.3196981424148607,0.34807692307692306,0.3261719987329743,0.3791680999885334,0.38810541310541297,0.39814814814814814,108.0,0.4235294117647059,0.34615384615384615,0.5454545454545454,33.0,0.5,0.5128205128205128,0.4878048780487805,41.0,0.25,0.3333333333333333,0.2,20.0,0.10526315789473684,0.2,0.07142857142857142,14.0,,,,
p_1531,0.3624278451011125,0.3977678571428571,0.3681077694235589,0.4612848350472113,0.5101686507936508,0.4722222222222222,108.0,0.42857142857142855,0.6,0.3333333333333333,45.0,0.5346534653465347,0.42857142857142855,0.7105263157894737,38.0,0.4864864864864865,0.5625,0.42857142857142855,21.0,0.0,0.0,0.0,4.0,,,,
p_1532,0.27201436130007556,0.27567758328627895,0.293531366034786,0.36564975784552495,0.34610441893050586,0.4074074074074074,108.0,0.16666666666666666,0.2857142857142857,0.11764705882352941,17.0,0.37037037037037035,0.32608695652173914,0.42857142857142855,35.0,0.5510204081632653,0.4909090909090909,0.627906976744186,43.0,0.0,0.0,0.0,13.0,,,,
p_1533,0.33846303182354437,0.3294522200772201,0.37333553065260383,0.4258888684242984,0.40206501144001144,0.48148148148148145,108.0,0.0,0.0,0.0,20.0,0.5641025641025641,0.5945945945945946,0.5365853658536586,41.0,0.5544554455445545,0.4375,0.7567567567567568,37.0,0.23529411764705882,0.2857142857142857,0.2,10.0,,,,
p_1534,0.3797896429285051,0.3748743386243386,0.4321848290598291,0.38042619696428764,0.38523074661963547,0.42592592592592593,108.0,0.5476190476190477,0.42592592592592593,0.7666666666666667,30.0,0.4864864864864865,0.42857142857142855,0.5625,16.0,0.4262295081967213,0.52,0.3611111111111111,36.0,0.058823529411764705,0.125,0.038461538461538464,26.0,,,,
p_1535,0.32391544625587176,0.35161498708010336,0.3395979020979021,0.3748078556589195,0.4005933582160972,0.3888888888888889,108.0,0.44155844155844154,0.3953488372093023,0.5,34.0,0.425531914893617,0.4,0.45454545454545453,44.0,0.22857142857142856,0.4444444444444444,0.15384615384615385,26.0,0.2,0.16666666666666666,0.25,4.0,,,,
p_1536,0.28382728382728384,0.25670289855072465,0.3247863247863248,0.44049777383110716,0.40098631239935584,0.5,108.0,0.0,0.0,0.0,16.0,0.5858585858585859,0.48333333333333334,0.7435897435897436,39.0,0.5494505494505495,0.5434782608695652,0.5555555555555556,45.0,0.0,0.0,0.0,8.0,,,,
p_1537,0.275783498560921,0.27716450216450217,0.290738066695728,0.34686393300880025,0.3445446528779862,0.37037037037037035,108.0,0.2641509433962264,0.3333333333333333,0.21875,32.0,0.5,0.41818181818181815,0.6216216216216216,37.0,0.3389830508474576,0.35714285714285715,0.3225806451612903,31.0,0.0,0.0,0.0,8.0,,,,
p_1538,0.3067698803659395,0.3243350311262026,0.3229674796747967,0.35449474809080717,0.35117063866356446,0.3888888888888889,108.0,0.2857142857142857,0.3333333333333333,0.25,20.0,0.3103448275862069,0.2903225806451613,0.3333333333333333,27.0,0.5510204081632653,0.47368421052631576,0.6585365853658537,41.0,0.08,0.2,0.05,20.0,,,,
p_1539,0.2853729922820192,0.5205459203783998,0.3220982142857143,0.2855393364004388,0.4948721879151521,0.3333333333333333,108.0,0.058823529411764705,0.5,0.03125,32.0,0.46808510638297873,0.3728813559322034,0.6285714285714286,35.0,0.28125,0.20930232558139536,0.42857142857142855,21.0,0.3333333333333333,1.0,0.2,20.0,,,,
p_1540,0.37974459224473067,0.34151315789473685,0.42832405689548547,0.4559115807246767,0.4072295321637427,0.5185185185185185,108.0,0.0,0.0,0.0,22.0,0.3404255319148936,0.32,0.36363636363636365,22.0,0.7079646017699115,0.625,0.8163265306122449,49.0,0.47058823529411764,0.42105263157894735,0.5333333333333333,15.0,,,,
p_1541,0.36514675800390084,0.397521581732108,0.3695283882783883,0.4217766360623504,0.4621932918716545,0.42592592592592593,108.0,0.15384615384615385,0.16666666666666666,0.14285714285714285,7.0,0.48484848484848486,0.5925925925925926,0.41025641025641024,39.0,0.45454545454545453,0.35714285714285715,0.625,32.0,0.3673469387755102,0.47368421052631576,0.3,30.0,,,,
p_1542,0.2957889677610175,0.350626026272578,0.33096064814814813,0.3638634197640409,0.4272942893632549,0.4074074074074074,108.0,0.463768115942029,0.38095238095238093,0.5925925925925926,27.0,0.25,0.625,0.15625,32.0,0.46938775510204084,0.39655172413793105,0.575,40.0,0.0,0.0,0.0,9.0,,,,
p_1543,0.3240636175418784,0.3235372340425532,0.3649475524475524,0.3713550271521286,0.37890070921985813,0.39814814814814814,108.0,0.43478260869565216,0.3191489361702128,0.6818181818181818,22.0,0.4523809523809524,0.475,0.4318181818181818,44.0,0.4090909090909091,0.5,0.34615384615384615,26.0,0.0,0.0,0.0,16.0,,,,
p_1544,0.33446665760007255,0.3988821138211382,0.3408029878618114,0.46658708211815786,0.49418473351400183,0.5185185185185185,108.0,0.14814814814814814,0.3333333333333333,0.09523809523809523,21.0,0.5581395348837209,0.75,0.4444444444444444,27.0,0.631578947368421,0.5121951219512195,0.8235294117647058,51.0,0.0,0.0,0.0,9.0,,,,
p_1545,0.28609022556390973,0.3310810810810811,0.30178571428571427,0.33238188062749463,0.33103103103103104,0.37962962962962965,108.0,0.0,0.0,0.0,19.0,0.3333333333333333,0.32432432432432434,0.34285714285714286,35.0,0.49523809523809526,0.4,0.65,40.0,0.3157894736842105,0.6,0.21428571428571427,14.0,,,,
p_1546,0.3381998132144531,0.39776515151515146,0.3465352731723601,0.38371246291229516,0.4184161054994388,0.4166666666666667,108.0,0.36363636363636365,0.6666666666666666,0.25,24.0,0.5321100917431193,0.4393939393939394,0.6744186046511628,43.0,0.07407407407407407,0.125,0.05263157894736842,19.0,0.3829787234042553,0.36,0.4090909090909091,22.0,,,,
p_1547,0.43680115752271165,0.45369047619047614,0.4491809116809117,0.43948043254241226,0.47691798941798935,0.4351851851851852,108.0,0.4,0.35,0.4666666666666667,15.0,0.5106382978723404,0.5714285714285714,0.46153846153846156,26.0,0.4307692307692308,0.56,0.35,40.0,0.4057971014492754,0.3333333333333333,0.5185185185185185,27.0,,,,
p_1548,0.3538353003949153,0.35738448543326595,0.3533730158730159,0.35727238719821375,0.35639541127346014,0.3611111111111111,108.0,0.2898550724637681,0.30303030303030304,0.2777777777777778,36.0,0.42105263157894735,0.3902439024390244,0.45714285714285713,35.0,0.27586206896551724,0.3076923076923077,0.25,16.0,0.42857142857142855,0.42857142857142855,0.42857142857142855,21.0,,,,
p_1549,0.3259283949956286,0.3473193473193473,0.33203162578162576,0.3202549879137708,0.3402184235517569,0.32407407407407407,108.0,0.43636363636363634,0.36363636363636365,0.5454545454545454,22.0,0.3783783783783784,0.5384615384615384,0.2916666666666667,24.0,0.3380281690140845,0.3333333333333333,0.34285714285714286,35.0,0.1509433962264151,0.15384615384615385,0.14814814814814814,27.0,,,,
p_1550,0.3723948465327776,0.421875,0.37764808720691073,0.4962633152288325,0.5371656378600823,0.5277777777777778,108.0,0.6379310344827587,0.5138888888888888,0.8409090909090909,44.0,0.42857142857142855,0.5625,0.34615384615384615,26.0,0.4230769230769231,0.6111111111111112,0.3235294117647059,34.0,0.0,0.0,0.0,4.0,,,,
p_1551,0.36479830361317034,0.3388888888888889,0.41025641025641024,0.41940400127637156,0.39814814814814814,0.4537037037037037,108.0,0.0,0.0,0.0,21.0,0.34782608695652173,0.26666666666666666,0.5,16.0,0.5161290322580645,0.5333333333333333,0.5,32.0,0.5952380952380952,0.5555555555555556,0.6410256410256411,39.0,,,,
p_1552,0.32540907687557885,0.3342140921409214,0.3315479876160991,0.39319405852286377,0.39455234367158487,0.4074074074074074,108.0,0.4810126582278481,0.4222222222222222,0.5588235294117647,34.0,0.43037974683544306,0.4146341463414634,0.4473684210526316,38.0,0.3902439024390244,0.5,0.32,25.0,0.0,0.0,0.0,11.0,,,,
p_1553,0.3033685064935065,0.30448717948717946,0.3107712976134029,0.34236712361712357,0.3328584995251662,0.3611111111111111,108.0,0.4375,0.5,0.3888888888888889,18.0,0.38961038961038963,0.38461538461538464,0.39473684210526316,38.0,0.38636363636363635,0.3333333333333333,0.4594594594594595,37.0,0.0,0.0,0.0,15.0,,,,
p_1554,0.34832386129643356,0.3342628643586236,0.4148351648351648,0.38927173611301774,0.3942263846504613,0.42592592592592593,108.0,0.4444444444444444,0.46153846153846156,0.42857142857142855,14.0,0.5263157894736842,0.5813953488372093,0.4807692307692308,52.0,0.4225352112676056,0.29411764705882354,0.75,20.0,0.0,0.0,0.0,22.0,,,,
p_1555,0.23432993871665464,0.23745644599303134,0.25604603729603725,0.2876537090443002,0.27680023228803713,0.32407407407407407,108.0,0.3287671232876712,0.2926829268292683,0.375,32.0,0.1875,0.3,0.13636363636363635,22.0,0.42105263157894735,0.35714285714285715,0.5128205128205128,39.0,0.0,0.0,0.0,15.0,,,,
p_1556,0.314949494949495,0.3151742581090407,0.3184778184778185,0.360778151889263,0.35467308233008715,0.37037037037037035,108.0,0.4444444444444444,0.42857142857142855,0.46153846153846156,26.0,0.4444444444444444,0.4166666666666667,0.47619047619047616,42.0,0.09090909090909091,0.1111111111111111,0.07692307692307693,13.0,0.28,0.30434782608695654,0.25925925925925924,27.0,,,,
p_1557,0.2942916002126528,0.280718954248366,0.32738846801346805,0.32952699509717054,0.3183006535947712,0.3611111111111111,108.0,0.42424242424242425,0.4117647058823529,0.4375,32.0,0.0,0.0,0.0,16.0,0.4722222222222222,0.37777777777777777,0.6296296296296297,27.0,0.2807017543859649,0.3333333333333333,0.24242424242424243,33.0,,,,
p_1558,0.34379330679640274,0.5338467349336915,0.36011904761904767,0.38112492560376976,0.5183389911650781,0.42592592592592593,108.0,0.3333333333333333,1.0,0.2,20.0,0.5546218487394958,0.44594594594594594,0.7333333333333333,45.0,0.17142857142857143,0.42857142857142855,0.10714285714285714,28.0,0.3157894736842105,0.2608695652173913,0.4,15.0,,,,
p_1559,0.3584760372370992,0.43244449203969443,0.38030719280719283,0.4448854324960519,0.5069502285894091,0.49074074074074076,108.0,0.2857142857142857,0.7142857142857143,0.17857142857142858,28.0,0.5663716814159292,0.463768115942029,0.7272727272727273,44.0,0.5818181818181818,0.5517241379310345,0.6153846153846154,26.0,0.0,0.0,0.0,10.0,,,,
p_1560,0.3154266717727676,0.39117826617826623,0.32276002506265666,0.4228862567722984,0.47504861393750286,0.4537037037037037,108.0,0.3225806451612903,0.7142857142857143,0.20833333333333334,24.0,0.3783783783783784,0.3888888888888889,0.3684210526315789,38.0,0.5607476635514018,0.46153846153846156,0.7142857142857143,42.0,0.0,0.0,0.0,4.0,,,,
p_1561,0.2221212121212121,0.21220355731225296,0.26253918495297807,0.4165432098765432,0.3649355877616747,0.5185185185185185,108.0,0.0,0.0,0.0,14.0,0.18181818181818182,0.2727272727272727,0.13636363636363635,22.0,0.7066666666666667,0.5760869565217391,0.9137931034482759,58.0,0.0,0.0,0.0,14.0,,,,
p_1562,0.2625588697017268,0.32417929292929293,0.3000515995872033,0.3296412582126868,0.38456322484100264,0.4074074074074074,108.0,0.20408163265306123,0.45454545454545453,0.13157894736842105,38.0,0.3076923076923077,0.4444444444444444,0.23529411764705882,17.0,0.5384615384615384,0.3977272727272727,0.8333333333333334,42.0,0.0,0.0,0.0,11.0,,,,
p_1563,0.33596491228070174,0.38758553274682306,0.34869660025770643,0.48414554905782975,0.4569349408059085,0.5740740740740741,108.0,0.4666666666666667,0.6363636363636364,0.3684210526315789,19.0,0.0,0.0,0.0,21.0,0.7105263157894737,0.5806451612903226,0.9152542372881356,59.0,0.16666666666666666,0.3333333333333333,0.1111111111111111,9.0,,,,
p_1564,0.5107634864499853,0.5379901960784313,0.5161549961327492,0.49113146955125087,0.4967774146695714,0.5185185185185185,108.0,0.6031746031746031,0.5588235294117647,0.6551724137931034,29.0,0.5909090909090909,0.5098039215686274,0.7027027027027027,37.0,0.21739130434782608,0.3333333333333333,0.16129032258064516,31.0,0.631578947368421,0.75,0.5454545454545454,11.0,,,,
p_1565,0.2341997264021888,0.20151898734177215,0.2795321637426901,0.45006839945280436,0.38734177215189874,0.5370370370370371,108.0,0.7058823529411765,0.6075949367088608,0.8421052631578947,57.0,0.0,0.0,0.0,18.0,0.46511627906976744,0.4,0.5555555555555556,18.0,0.0,0.0,0.0,14.0,0.0,0.0,0.0,1.0
p_1566,0.3801083591331269,0.43563286163522014,0.37998712998712997,0.4387742231395482,0.4413471057535523,0.4722222222222222,108.0,0.5263157894736842,0.4716981132075472,0.5952380952380952,42.0,0.5,0.8333333333333334,0.35714285714285715,14.0,0.49411764705882355,0.4375,0.5675675675675675,37.0,0.0,0.0,0.0,15.0,,,,
p_1567,0.3147702104097453,0.30152691511387164,0.3344949494949495,0.38917343423157374,0.3629658385093168,0.42592592592592593,108.0,0.5904761904761905,0.5166666666666667,0.6888888888888889,45.0,0.0,0.0,0.0,16.0,0.4186046511627907,0.42857142857142855,0.4090909090909091,22.0,0.25,0.2608695652173913,0.24,25.0,,,,
p_1568,0.3879655775178163,0.40313206281194086,0.41432116270825947,0.3911189796761936,0.4095909389354511,0.4166666666666667,108.0,0.47761194029850745,0.43243243243243246,0.5333333333333333,30.0,0.2702702702702703,0.3125,0.23809523809523808,21.0,0.5373134328358209,0.43902439024390244,0.6923076923076923,26.0,0.26666666666666666,0.42857142857142855,0.1935483870967742,31.0,,,,
p_1569,0.27524886877828053,0.24528985507246376,0.336356561302682,0.31282945086866654,0.2823671497584541,0.37962962962962965,108.0,0.0784313725490196,0.13333333333333333,0.05555555555555555,36.0,0.0,0.0,0.0,11.0,0.4358974358974359,0.3695652173913043,0.53125,32.0,0.5866666666666667,0.4782608695652174,0.7586206896551724,29.0,,,,
p_1570,0.3624517374517375,0.3338893007165802,0.39792152292152294,0.4698090948090949,0.42429691861369645,0.5277777777777778,108.0,0.7142857142857143,0.6338028169014085,0.8181818181818182,55.0,0.3783783783783784,0.3684210526315789,0.3888888888888889,18.0,0.35714285714285715,0.3333333333333333,0.38461538461538464,13.0,0.0,0.0,0.0,22.0,,,,
p_1571,0.24617078114722188,0.2568472119872267,0.27692307692307694,0.3057811546797089,0.3288640519664838,0.3333333333333333,108.0,0.3870967741935484,0.5217391304347826,0.3076923076923077,39.0,0.0,0.0,0.0,9.0,0.449438202247191,0.3389830508474576,0.6666666666666666,30.0,0.14814814814814814,0.16666666666666666,0.13333333333333333,30.0,,,,
p_1572,0.17964071856287425,0.14563106796116504,0.234375,0.4258150365934797,0.34519956850053934,0.5555555555555556,108.0,0.718562874251497,0.5825242718446602,0.9375,64.0,0.0,0.0,0.0,11.0,0.0,0.0,0.0,17.0,0.0,0.0,0.0,16.0,,,,
p_1573,0.2483636920677362,0.2536778939217964,0.29844272575250835,0.3189921065227438,0.30212142068510633,0.4074074074074074,108.0,0.578125,0.45121951219512196,0.8043478260869565,46.0,0.0,0.0,0.0,20.0,0.29411764705882354,0.2777777777777778,0.3125,16.0,0.12121212121212122,0.2857142857142857,0.07692307692307693,26.0,,,,
p_1574,0.3420179727765297,0.3577067669172932,0.35319007163085125,0.4259907786734799,0.42561264271790583,0.46296296296296297,108.0,0.5565217391304348,0.45714285714285713,0.7111111111111111,45.0,0.3829787234042553,0.5,0.3103448275862069,29.0,0.42857142857142855,0.47368421052631576,0.391304347826087,23.0,0.0,0.0,0.0,11.0,,,,
p_1575,0.4775946051404143,0.5550802139037434,0.46762311762311765,0.48744452174338043,0.5390671420083185,0.5,108.0,0.5306122448979592,0.5909090909090909,0.48148148148148145,27.0,0.4186046511627907,0.5294117647058824,0.34615384615384615,26.0,0.41379310344827586,0.6666666666666666,0.3,20.0,0.5473684210526316,0.43333333333333335,0.7428571428571429,35.0,,,,
p_1576,0.2312474098632408,0.18822234452394054,0.3,0.35306441957913154,0.2854216351739742,0.46296296296296297,108.0,0.6299212598425197,0.5063291139240507,0.8333333333333334,48.0,0.0,0.0,0.0,20.0,0.0,0.0,0.0,24.0,0.5263157894736842,0.43478260869565216,0.6666666666666666,15.0,0.0,0.0,0.0,1.0
p_1577,0.3045608605953434,0.31039915966386555,0.31280968468468473,0.40595561668358604,0.39772019919078744,0.4351851851851852,108.0,0.5344827586206896,0.45588235294117646,0.6458333333333334,48.0,0.2222222222222222,0.25,0.2,5.0,0.0,0.0,0.0,18.0,0.46153846153846156,0.5357142857142857,0.40540540540540543,37.0,,,,
p_1578,0.4114896933724742,0.4969053541814735,0.40004859624517114,0.48030277057575693,0.5036562118858968,0.5092592592592593,108.0,0.6017699115044248,0.5074626865671642,0.7391304347826086,46.0,0.2857142857142857,0.4444444444444444,0.21052631578947367,19.0,0.25,0.5,0.16666666666666666,12.0,0.5084745762711864,0.5357142857142857,0.4838709677419355,31.0,,,,
p_1579,0.2620381666682986,0.29681608713866775,0.27426010521985755,0.3730014048768883,0.3841467672112834,0.4074074074074074,108.0,0.5283018867924528,0.45161290322580644,0.6363636363636364,44.0,0.1,0.3333333333333333,0.058823529411764705,17.0,0.34146341463414637,0.3181818181818182,0.3684210526315789,19.0,0.3404255319148936,0.38095238095238093,0.3076923076923077,26.0,0.0,0.0,0.0,2.0
p_1580,0.2903398692810457,0.2694030197444831,0.318974358974359,0.40261074800290486,0.37174990321331786,0.4444444444444444,108.0,0.47058823529411764,0.48,0.46153846153846156,26.0,0.4533333333333333,0.4146341463414634,0.5,34.0,0.5277777777777778,0.4523809523809524,0.6333333333333333,30.0,0.0,0.0,0.0,17.0,0.0,0.0,0.0,1.0
p_1581,0.3151092586875236,0.2882239382239382,0.3555194805194805,0.3404911463554392,0.31633776633776634,0.37962962962962965,108.0,0.3037974683544304,0.32432432432432434,0.2857142857142857,42.0,0.4444444444444444,0.4,0.5,16.0,0.5121951219512195,0.42857142857142855,0.6363636363636364,33.0,0.0,0.0,0.0,17.0,,,,
p_1582,0.2536692759295499,0.2226190476190476,0.30357142857142855,0.3872399797057331,0.3228395061728395,0.49074074074074076,108.0,0.6575342465753424,0.5333333333333333,0.8571428571428571,56.0,0.0,0.0,0.0,24.0,0.0,0.0,0.0,14.0,0.35714285714285715,0.35714285714285715,0.35714285714285715,14.0,,,,
p_1583,0.32233995047294284,0.3894927536231884,0.3134057971014493,0.3589895217346198,0.36759259259259264,0.3888888888888889,108.0,0.46956521739130436,0.391304347826087,0.5869565217391305,46.0,0.47058823529411764,0.8,0.3333333333333333,12.0,0.3492063492063492,0.36666666666666664,0.3333333333333333,33.0,0.0,0.0,0.0,17.0,,,,
p_1584,0.14965986394557823,0.11,0.23404255319148937,0.26051902242378433,0.19148148148148147,0.4074074074074074,108.0,0.5986394557823129,0.44,0.9361702127659575,47.0,0.0,0.0,0.0,22.0,0.0,0.0,0.0,22.0,0.0,0.0,0.0,17.0,,,,
p_1585,0.23027098479841374,0.19806576402321083,0.27786377708978327,0.3082715233409219,0.26596461064546173,0.37037037037037035,108.0,0.42696629213483145,0.34545454545454546,0.5588235294117647,34.0,0.0,0.0,0.0,22.0,0.0,0.0,0.0,14.0,0.49411764705882355,0.44680851063829785,0.5526315789473685,38.0,,,,
p_1586,0.3347427934384456,0.39412100456621,0.34959375730652326,0.41979997994490753,0.4360624894300693,0.4722222222222222,108.0,0.6,0.4931506849315068,0.7659574468085106,47.0,0.19047619047619047,0.25,0.15384615384615385,13.0,0.08695652173913043,0.3333333333333333,0.05,20.0,0.46153846153846156,0.5,0.42857142857142855,28.0,,,,
p_1587,0.3287184172890513,0.3155441537794479,0.3676960784313726,0.37828260089105475,0.34196629784865074,0.4444444444444444,108.0,0.6129032258064516,0.5135135135135135,0.76,50.0,0.35714285714285715,0.45454545454545453,0.29411764705882354,17.0,0.0,0.0,0.0,29.0,0.3448275862068966,0.29411764705882354,0.4166666666666667,12.0,,,,
p_1588,0.3663917158534916,0.4438372799028537,0.3960685483870968,0.4226591020571355,0.5048179630754008,0.46296296296296297,108.0,0.16666666666666666,0.6,0.0967741935483871,31.0,0.23255813953488372,0.18518518518518517,0.3125,16.0,0.6792452830188679,0.5901639344262295,0.8,45.0,0.3870967741935484,0.4,0.375,16.0,,,,
p_1589,0.27332870545668725,0.4526315789473684,0.30438660801564027,0.31898964259391704,0.4209551656920078,0.4166666666666667,108.0,0.5611510791366906,0.4105263157894737,0.8863636363636364,44.0,0.42105263157894735,1.0,0.26666666666666666,15.0,0.1111111111111111,0.4,0.06451612903225806,31.0,0.0,0.0,0.0,18.0,,,,
p_1590,0.35195807314897415,0.3629981884057971,0.3780388471177945,0.3739709915089041,0.38519860440150294,0.39814814814814814,108.0,0.42105263157894735,0.34782608695652173,0.5333333333333333,30.0,0.4067796610169492,0.5,0.34285714285714286,35.0,0.5,0.4375,0.5833333333333334,24.0,0.08,0.16666666666666666,0.05263157894736842,19.0,,,,
p_1591,0.2700739390706496,0.24546260191421482,0.3079004329004329,0.2911391380415503,0.2693016660758596,0.32407407407407407,108.0,0.40540540540540543,0.38461538461538464,0.42857142857142855,35.0,0.21875,0.22580645161290322,0.21212121212121213,33.0,0.45614035087719296,0.37142857142857144,0.5909090909090909,22.0,0.0,0.0,0.0,18.0,,,,
p_1592,0.2730231230373965,0.27515507310589277,0.29096153846153844,0.39398240661443634,0.3802285892449827,0.42592592592592593,108.0,0.6017699115044248,0.5573770491803278,0.6538461538461539,52.0,0.0,0.0,0.0,11.0,0.2903225806451613,0.24324324324324326,0.36,25.0,0.2,0.3,0.15,20.0,,,,
p_1593,0.3158262894979711,0.3044098143236075,0.3344844844844845,0.37082110530025214,0.3532972295903331,0.39814814814814814,108.0,0.4067796610169492,0.41379310344827586,0.4,30.0,0.0,0.0,0.0,14.0,0.47191011235955055,0.40384615384615385,0.5675675675675675,37.0,0.38461538461538464,0.4,0.37037037037037035,27.0,,,,
p_1594,0.3512508437122479,0.3348890240194588,0.3709239130434782,0.4334895206122147,0.40893269371530244,0.46296296296296297,108.0,0.6138613861386139,0.5636363636363636,0.6739130434782609,46.0,0.0,0.0,0.0,15.0,0.3829787234042553,0.391304347826087,0.375,24.0,0.40816326530612246,0.38461538461538464,0.43478260869565216,23.0,,,,
p_1595,0.3771043771043771,0.5164402173913043,0.40039218028348467,0.5031955356029431,0.5888285024154589,0.5740740740740741,108.0,0.7121212121212122,0.5875,0.9038461538461539,52.0,0.0,0.0,0.0,12.0,0.5,0.4782608695652174,0.5238095238095238,21.0,0.2962962962962963,1.0,0.17391304347826086,23.0,,,,
p_1596,0.3684918478260869,0.3710826210826211,0.3807494279176201,0.46797403381642505,0.47493932679117856,0.48148148148148145,108.0,0.46875,0.5769230769230769,0.39473684210526316,38.0,0.0,0.0,0.0,7.0,0.5652173913043478,0.5,0.65,40.0,0.44,0.4074074074074074,0.4782608695652174,23.0,,,,
p_1597,0.30332439299830605,0.3323350147120639,0.3470571590265988,0.36067716502499114,0.37741503588498126,0.4166666666666667,108.0,0.44155844155844154,0.4358974358974359,0.4473684210526316,38.0,0.5217391304347826,0.39344262295081966,0.7741935483870968,31.0,0.25,0.5,0.16666666666666666,24.0,0.0,0.0,0.0,15.0,,,,
p_1598,0.33988014448226855,0.4287878787878788,0.3414624183006536,0.37531339003813474,0.4186307519640853,0.39814814814814814,108.0,0.3561643835616438,0.3939393939393939,0.325,40.0,0.38095238095238093,0.8,0.25,16.0,0.06060606060606061,0.06666666666666667,0.05555555555555555,18.0,0.5617977528089888,0.45454545454545453,0.7352941176470589,34.0,,,,
p_1599,0.35065315315315315,0.3476934523809524,0.3758510638297872,0.437248081414748,0.41924327601410927,0.48148148148148145,108.0,0.6126126126126126,0.53125,0.723404255319149,47.0,0.44,0.39285714285714285,0.5,22.0,0.0,0.0,0.0,14.0,0.35,0.4666666666666667,0.28,25.0,,,,
p_1600,0.31796536796536795,0.41115288220551377,0.34542631281761715,0.3717893217893217,0.43726445743989606,0.4166666666666667,108.0,0.4666666666666667,0.3684210526315789,0.6363636363636364,33.0,0.0,0.0,0.0,17.0,0.5194805194805194,0.47619047619047616,0.5714285714285714,35.0,0.2857142857142857,0.8,0.17391304347826086,23.0,,,,
p_1601,0.3016164994425864,0.28543859649122805,0.3219006568144499,0.3516123704529502,0.32884340480831714,0.37962962962962965,108.0,0.36923076923076925,0.3333333333333333,0.41379310344827586,29.0,0.358974358974359,0.3684210526315789,0.35,20.0,0.4782608695652174,0.44,0.5238095238095238,42.0,0.0,0.0,0.0,17.0,,,,
p_1602,0.30565527065527065,0.32050986842105267,0.3119775339602926,0.3102384720903239,0.33482456140350875,0.3055555555555556,108.0,0.5185185185185185,0.56,0.4827586206896552,29.0,0.23076923076923078,0.3157894736842105,0.18181818181818182,33.0,0.24,0.1875,0.3333333333333333,18.0,0.23333333333333334,0.21875,0.25,28.0,,,,
p_1603,0.35214837514410047,0.4439714482284142,0.3768707162170659,0.38409490999584284,0.47977343959026114,0.4166666666666667,108.0,0.32558139534883723,0.5833333333333334,0.22580645161290322,31.0,0.25806451612903225,0.21052631578947367,0.3333333333333333,12.0,0.2777777777777778,0.5555555555555556,0.18518518518518517,27.0,0.5471698113207547,0.4264705882352941,0.7631578947368421,38.0,,,,
p_1604,0.2729174051754697,0.29546633468202094,0.3053231292517007,0.40193390838552134,0.3916477427733782,0.48148148148148145,108.0,0.12903225806451613,0.2857142857142857,0.08333333333333333,24.0,0.0,0.0,0.0,10.0,0.676923076923077,0.5432098765432098,0.8979591836734694,49.0,0.2857142857142857,0.35294117647058826,0.24,25.0,,,,
p_1605,0.41563545150501674,0.4067749778956675,0.43686868686868685,0.5159358355010529,0.5150636932246128,0.5277777777777778,108.0,0.6086956521739131,0.5833333333333334,0.6363636363636364,44.0,0.5,0.4230769230769231,0.6111111111111112,18.0,0.5538461538461539,0.6206896551724138,0.5,36.0,0.0,0.0,0.0,10.0,,,,
p_1606,0.28213984755502447,0.2875,0.3429868094554003,0.3221598716735427,0.3261243386243386,0.39814814814814814,108.0,0.5504587155963303,0.42857142857142855,0.7692307692307693,39.0,0.0,0.0,0.0,19.0,0.3829787234042553,0.32142857142857145,0.47368421052631576,19.0,0.1951219512195122,0.4,0.12903225806451613,31.0,,,,
p_1607,0.4981182481182481,0.5120973245973246,0.5148961461461461,0.5123857623857623,0.524621212121212,0.5277777777777778,108.0,0.6216216216216216,0.6216216216216216,0.6216216216216216,37.0,0.5396825396825397,0.4722222222222222,0.6296296296296297,27.0,0.2857142857142857,0.45454545454545453,0.20833333333333334,24.0,0.5454545454545454,0.5,0.6,20.0,,,,
p_1608,0.30977864732040616,0.31196581196581197,0.3204675172066477,0.330164698203665,0.32411364355808797,0.35185185185185186,108.0,0.17391304347826086,0.2222222222222222,0.14285714285714285,28.0,0.5168539325842697,0.4423076923076923,0.6216216216216216,37.0,0.3157894736842105,0.3333333333333333,0.3,20.0,0.23255813953488372,0.25,0.21739130434782608,23.0,,,,
p_1609,0.28750000000000003,0.2840815364675386,0.3172735951991271,0.3799242424242425,0.3864876128632461,0.39814814814814814,108.0,0.5681818181818182,0.6097560975609756,0.5319148936170213,47.0,0.4,0.30434782608695654,0.5833333333333334,24.0,0.18181818181818182,0.2222222222222222,0.15384615384615385,26.0,0.0,0.0,0.0,11.0,,,,
p_1610,0.26002418626336804,0.2761520737327189,0.2721089470480828,0.40601057245140354,0.3956349206349207,0.4444444444444444,108.0,0.6016260162601627,0.5285714285714286,0.6981132075471698,53.0,0.0,0.0,0.0,4.0,0.2903225806451613,0.2903225806451613,0.2903225806451613,31.0,0.14814814814814814,0.2857142857142857,0.1,20.0,,,,
p_1611,0.3918343720147387,0.5013157894736842,0.3940328763084181,0.450653029866513,0.5222222222222223,0.4722222222222222,108.0,0.3076923076923077,0.8,0.19047619047619047,21.0,0.16,0.2,0.13333333333333333,15.0,0.6052631578947368,0.6052631578947368,0.6052631578947368,38.0,0.4943820224719101,0.4,0.6470588235294118,34.0,,,,
p_1612,0.36757703081232496,0.44041088222122704,0.38737002245066765,0.3785065878203133,0.4592103298999851,0.3888888888888889,108.0,0.3333333333333333,0.75,0.21428571428571427,28.0,0.34285714285714286,0.2727272727272727,0.46153846153846156,13.0,0.3,0.3103448275862069,0.2903225806451613,31.0,0.49411764705882355,0.42857142857142855,0.5833333333333334,36.0,,,,
p_1613,0.36033314511575376,0.3800453514739229,0.4157668881506091,0.4453154735763431,0.4805408583186361,0.48148148148148145,108.0,0.34782608695652173,0.5714285714285714,0.25,32.0,0.0,0.0,0.0,12.0,0.45714285714285713,0.32653061224489793,0.7619047619047619,21.0,0.6363636363636364,0.6222222222222222,0.6511627906976745,43.0,,,,
p_1614,0.3002923976608187,0.32285714285714284,0.33295454545454545,0.3831925492744206,0.4041005291005291,0.4351851851851852,108.0,0.5789473684210527,0.4714285714285714,0.75,44.0,0.35555555555555557,0.32,0.4,20.0,0.26666666666666666,0.5,0.18181818181818182,33.0,0.0,0.0,0.0,11.0,,,,
p_1615,0.31842019432142,0.3328907203907204,0.3891489055299539,0.35664535514331236,0.37493103604214717,0.4351851851851852,108.0,0.5205479452054794,0.4222222222222222,0.6785714285714286,28.0,0.5952380952380952,0.4807692307692308,0.78125,32.0,0.15789473684210525,0.42857142857142855,0.0967741935483871,31.0,0.0,0.0,0.0,17.0,,,,
p_1616,0.29343324451311975,0.34425105485232066,0.3041991341991342,0.3872404405827235,0.38950812626972964,0.4444444444444444,108.0,0.6046511627906976,0.4936708860759494,0.78,50.0,0.10526315789473684,0.25,0.06666666666666667,15.0,0.2702702702702703,0.3333333333333333,0.22727272727272727,22.0,0.1935483870967742,0.3,0.14285714285714285,21.0,,,,
p_1617,0.24993748437109276,0.25602134146341465,0.28349206349206346,0.381160104841025,0.35362748419150863,0.46296296296296297,108.0,0.13953488372093023,0.1875,0.1111111111111111,27.0,0.0,0.0,0.0,10.0,0.6666666666666666,0.5365853658536586,0.88,50.0,0.1935483870967742,0.3,0.14285714285714285,21.0,,,,
p_1618,0.36484433476363043,0.3430059523809524,0.3977534333571485,0.47063732622548965,0.4591600529100529,0.49074074074074076,108.0,0.3448275862068966,0.3125,0.38461538461538464,26.0,0.6464646464646465,0.6666666666666666,0.6274509803921569,51.0,0.0,0.0,0.0,12.0,0.46808510638297873,0.39285714285714285,0.5789473684210527,19.0,,,,
p_1619,0.27489544768956536,0.3025568181818182,0.3115877930119416,0.36028396077415686,0.3787528058361392,0.4166666666666667,108.0,0.5576923076923077,0.4393939393939394,0.7631578947368421,38.0,0.0,0.0,0.0,8.0,0.11764705882352941,0.3333333333333333,0.07142857142857142,28.0,0.42424242424242425,0.4375,0.4117647058823529,34.0,,,,
p_1620,0.19199457259158753,0.18352941176470589,0.2273620559334845,0.3707284285642494,0.33246187363834423,0.46296296296296297,108.0,0.3181818181818182,0.4117647058823529,0.25925925925925924,27.0,0.0,0.0,0.0,15.0,0.0,0.0,0.0,16.0,0.6417910447761194,0.5058823529411764,0.8775510204081632,49.0,0.0,0.0,0.0,1.0
p_1621,0.34589314194577353,0.389638346727899,0.37690737158822263,0.4733224053399492,0.4425043585491347,0.5462962962962963,108.0,0.0,0.0,0.0,19.0,0.18181818181818182,0.5,0.1111111111111111,9.0,0.7017543859649122,0.5970149253731343,0.851063829787234,47.0,0.5,0.46153846153846156,0.5454545454545454,33.0,,,,
p_1622,0.20255841719256354,0.18531211750305995,0.23205741626794257,0.42386971655264344,0.36962237635432255,0.5092592592592593,108.0,0.0,0.0,0.0,13.0,0.0,0.0,0.0,15.0,0.6713286713286714,0.5581395348837209,0.8421052631578947,57.0,0.34146341463414637,0.3684210526315789,0.3181818181818182,22.0,0.0,0.0,0.0,1.0
p_1623,0.33894327894327897,0.3714646464646465,0.3469634230503795,0.3442706264928487,0.37771230826786384,0.35185185185185186,108.0,0.24,0.2222222222222222,0.2608695652173913,23.0,0.36363636363636365,0.4,0.3333333333333333,30.0,0.4444444444444444,0.36363636363636365,0.5714285714285714,28.0,0.3076923076923077,0.5,0.2222222222222222,27.0,,,,
p_1624,0.35943744722769494,0.4357293868921776,0.37737699502405386,0.40394665176011924,0.4432385874246339,0.42592592592592593,108.0,0.525,0.4883720930232558,0.5675675675675675,37.0,0.10526315789473684,0.5,0.058823529411764705,17.0,0.35294117647058826,0.3,0.42857142857142855,21.0,0.45454545454545453,0.45454545454545453,0.45454545454545453,33.0,,,,
p_1625,0.3158364466583644,0.2858510296010296,0.3651960784313726,0.39990314099903135,0.36109502359502355,0.46296296296296297,108.0,0.6027397260273972,0.5945945945945946,0.6111111111111112,36.0,0.0,0.0,0.0,20.0,0.06060606060606061,0.06666666666666667,0.05555555555555555,18.0,0.6,0.48214285714285715,0.7941176470588235,34.0,,,,
p_1626,0.4058257918552036,0.4036603493125232,0.4182154327248141,0.394084129378247,0.3985472838129842,0.39814814814814814,108.0,0.4117647058823529,0.3888888888888889,0.4375,32.0,0.46153846153846156,0.5217391304347826,0.41379310344827586,29.0,0.25,0.2692307692307692,0.23333333333333334,30.0,0.5,0.43478260869565216,0.5882352941176471,17.0,,,,
p_1627,0.27306616961789376,0.2833171048360922,0.3241707616707617,0.3051327189258224,0.2956567732939041,0.3888888888888889,108.0,0.5517241379310345,0.4050632911392405,0.8648648648648649,37.0,0.21621621621621623,0.26666666666666666,0.18181818181818182,22.0,0.0,0.0,0.0,25.0,0.32432432432432434,0.46153846153846156,0.25,24.0,,,,
p_1628,0.3326076911892586,0.33406217750258,0.34629754387818906,0.3716689768019236,0.36065197033979285,0.39814814814814814,108.0,0.5681818181818182,0.49019607843137253,0.6756756756756757,37.0,0.07692307692307693,0.125,0.05555555555555555,18.0,0.3902439024390244,0.42105263157894735,0.36363636363636365,22.0,0.29508196721311475,0.3,0.2903225806451613,31.0,,,,
p_1629,0.3128603249475891,0.33198198198198203,0.350805152979066,0.4556181574656417,0.42877877877877885,0.5277777777777778,108.0,0.0,0.0,0.0,16.0,0.1111111111111111,0.3333333333333333,0.06666666666666667,15.0,0.4528301886792453,0.4,0.5217391304347826,23.0,0.6875,0.5945945945945946,0.8148148148148148,54.0,,,,
p_1630,0.34024541258583807,0.3367132241024264,0.39811165845648605,0.36344995226003896,0.35006035223154036,0.4444444444444444,108.0,0.425531914893617,0.5555555555555556,0.3448275862068966,29.0,0.5925925925925926,0.4383561643835616,0.9142857142857143,35.0,0.34285714285714286,0.35294117647058826,0.3333333333333333,18.0,0.0,0.0,0.0,26.0,,,,
p_1631,0.32888540031397173,0.3432969831526707,0.3312252964426878,0.44921216349787785,0.46513478347094644,0.4537037037037037,108.0,0.6122448979591837,0.5769230769230769,0.6521739130434783,46.0,0.0,0.0,0.0,4.0,0.35714285714285715,0.3225806451612903,0.4,25.0,0.34615384615384615,0.47368421052631576,0.2727272727272727,33.0,,,,
p_1632,0.3518579278461277,0.40124198717948717,0.36857192120350013,0.39170219482062685,0.4402525522317189,0.42592592592592593,108.0,0.17142857142857143,0.1875,0.15789473684210525,19.0,0.594059405940594,0.46875,0.8108108108108109,37.0,0.34782608695652173,0.6153846153846154,0.24242424242424243,33.0,0.29411764705882354,0.3333333333333333,0.2631578947368421,19.0,,,,
p_1633,0.3124594155844156,0.3465350186897501,0.3277733475101896,0.380941859066859,0.3826817423364738,0.42592592592592593,108.0,0.1875,0.23076923076923078,0.15789473684210525,19.0,0.4,0.43478260869565216,0.37037037037037035,27.0,0.5714285714285714,0.47058823529411764,0.7272727272727273,44.0,0.09090909090909091,0.25,0.05555555555555555,18.0,,,,
p_1634,0.46163262025330987,0.4821570972886763,0.4699214082176671,0.49241201540052115,0.5090192864315671,0.5,108.0,0.4727272727272727,0.3939393939393939,0.5909090909090909,22.0,0.41025641025641024,0.42105263157894735,0.4,20.0,0.34285714285714286,0.5,0.2608695652173913,23.0,0.6206896551724138,0.6136363636363636,0.627906976744186,43.0,,,,
p_1635,0.4424493517235453,0.4773066565189392,0.4467770199867387,0.46035935888086427,0.4918322177338043,0.46296296296296297,108.0,0.4642857142857143,0.4482758620689655,0.48148148148148145,27.0,0.6153846153846154,0.6451612903225806,0.5882352941176471,34.0,0.3870967741935484,0.3157894736842105,0.5,24.0,0.30303030303030304,0.5,0.21739130434782608,23.0,,,,
p_1636,0.3496526927784578,0.4700350233137119,0.4026709401709402,0.3944272745818033,0.5217942376412322,0.4537037037037037,108.0,0.62,0.5081967213114754,0.7948717948717948,39.0,0.125,0.3333333333333333,0.07692307692307693,13.0,0.23255813953488372,0.7142857142857143,0.1388888888888889,36.0,0.42105263157894735,0.32432432432432434,0.6,20.0,,,,
p_1637,0.2902266815310294,0.27167993297025556,0.34407894736842104,0.4192300810658299,0.3905413582832938,0.5,108.0,0.5797101449275363,0.6451612903225806,0.5263157894736842,38.0,0.0,0.0,0.0,11.0,0.0,0.0,0.0,19.0,0.5811965811965812,0.44155844155844154,0.85,40.0,,,,
p_1638,0.43808934673197664,0.4770833333333333,0.46086898497674067,0.4378878247029537,0.4393518518518519,0.49074074074074076,108.0,0.6190476190476191,0.5416666666666666,0.7222222222222222,18.0,0.4444444444444444,0.6666666666666666,0.3333333333333333,12.0,0.0975609756097561,0.2,0.06451612903225806,31.0,0.591304347826087,0.5,0.723404255319149,47.0,,,,
p_1639,0.40854700854700854,0.4166666666666667,0.42037129537129536,0.42962962962962964,0.4345619658119658,0.4444444444444444,108.0,0.2564102564102564,0.38461538461538464,0.19230769230769232,26.0,0.6666666666666666,0.6153846153846154,0.7272727272727273,33.0,0.3111111111111111,0.2916666666666667,0.3333333333333333,21.0,0.4,0.375,0.42857142857142855,28.0,,,,
p_1640,0.34781314513418793,0.4452777777777778,0.3569520757020757,0.4863448041637105,0.5130452674897119,0.5370370370370371,108.0,0.4528301886792453,0.4444444444444444,0.46153846153846156,26.0,0.16666666666666666,0.25,0.125,8.0,0.6717557251908397,0.5866666666666667,0.7857142857142857,56.0,0.1,0.5,0.05555555555555555,18.0,,,,
p_1641,0.40930063725094773,0.6174823878383389,0.4474987430869784,0.42444796978958466,0.5755764292286354,0.4722222222222222,108.0,0.5454545454545454,0.5172413793103449,0.5769230769230769,26.0,0.5652173913043478,0.41935483870967744,0.8666666666666667,30.0,0.2,1.0,0.1111111111111111,18.0,0.32653061224489793,0.5333333333333333,0.23529411764705882,34.0,,,,
p_1642,0.3297581699346405,0.4385964912280702,0.3224608724608725,0.451717501815541,0.49723846653671216,0.5,108.0,0.35555555555555557,0.3333333333333333,0.38095238095238093,21.0,0.5882352941176471,1.0,0.4166666666666667,12.0,0.625,0.5263157894736842,0.7692307692307693,52.0,0.08,0.3333333333333333,0.045454545454545456,22.0,0.0,0.0,0.0,1.0
p_1643,0.3534570959099261,0.39885235732009927,0.3890207219251337,0.3711350014285025,0.41910555096038965,0.4166666666666667,108.0,0.5660377358490566,0.4838709677419355,0.6818181818181818,44.0,0.42857142857142855,0.46153846153846156,0.4,15.0,0.10810810810810811,0.4,0.0625,32.0,0.3111111111111111,0.25,0.4117647058823529,17.0,,,,
p_1644,0.3588812091435233,0.3618871643261887,0.3897710020242915,0.428183200479907,0.407223545299426,0.48148148148148145,108.0,0.574468085106383,0.4909090909090909,0.6923076923076923,39.0,0.0,0.0,0.0,18.0,0.5753424657534246,0.5121951219512195,0.65625,32.0,0.2857142857142857,0.4444444444444444,0.21052631578947367,19.0,,,,
p_1645,0.27004823004823003,0.2817870108914885,0.30046183696335366,0.4893440578625764,0.48013405196241016,0.5555555555555556,108.0,0.6545454545454545,0.5373134328358209,0.8372093023255814,43.0,0.0,0.0,0.0,4.0,0.07407407407407407,0.25,0.043478260869565216,23.0,0.6216216216216216,0.6216216216216216,0.6216216216216216,37.0,0.0,0.0,0.0,1.0
p_1646,0.39227616928725356,0.39172914850334206,0.3985736204296042,0.4000247666155261,0.3987986911642825,0.4074074074074074,108.0,0.3582089552238806,0.3870967741935484,0.3333333333333333,36.0,0.3125,0.3333333333333333,0.29411764705882354,17.0,0.35294117647058826,0.36,0.34615384615384615,26.0,0.5454545454545454,0.4864864864864865,0.6206896551724138,29.0,,,,
p_1647,0.25275426328057904,0.2559431524547804,0.2791534391534391,0.3193848062269115,0.3270169394200402,0.35185185185185186,108.0,0.10526315789473684,0.25,0.06666666666666667,30.0,0.30303030303030304,0.2777777777777778,0.3333333333333333,15.0,0.3939393939393939,0.3333333333333333,0.48148148148148145,27.0,0.46153846153846156,0.4186046511627907,0.5142857142857142,35.0,0.0,0.0,0.0,1.0
p_1648,0.3243181057563588,0.3198272767162631,0.3483832046332046,0.43205305791065496,0.4127356643811229,0.4722222222222222,108.0,0.5555555555555556,0.4716981132075472,0.6756756756756757,37.0,0.0,0.0,0.0,10.0,0.1875,0.2727272727272727,0.14285714285714285,21.0,0.5542168674698795,0.5348837209302325,0.575,40.0,,,,
p_1649,0.37326605927805323,0.40628151260504203,0.3782407407407407,0.4612987096195492,0.4576353874883287,0.5,108.0,0.5384615384615384,0.56,0.5185185185185185,27.0,0.16,0.2857142857142857,0.1111111111111111,18.0,0.6206896551724138,0.5294117647058824,0.75,48.0,0.17391304347826086,0.25,0.13333333333333333,15.0,,,,
p_1650,0.4140132669983416,0.4224789915966386,0.4341517857142857,0.4725753946317793,0.47675070028011207,0.5,108.0,0.4888888888888889,0.6470588235294118,0.39285714285714285,28.0,0.6,0.5,0.75,32.0,0.5671641791044776,0.5428571428571428,0.59375,32.0,0.0,0.0,0.0,16.0,,,,
p_1651,0.29528712299236004,0.3126344086021505,0.3102416440831075,0.35130635121393883,0.34835225009956194,0.3888888888888889,108.0,0.14285714285714285,0.25,0.1,20.0,0.2978723404255319,0.35,0.25925925925925924,27.0,0.15789473684210525,0.16666666666666666,0.15,20.0,0.5825242718446602,0.4838709677419355,0.7317073170731707,41.0,,,,
p_1652,0.3204626224487197,0.3555603201829617,0.34873188405797095,0.3700766254721899,0.3895135844821379,0.4074074074074074,108.0,0.23809523809523808,0.22727272727272727,0.25,20.0,0.37735849056603776,0.3333333333333333,0.43478260869565216,23.0,0.07692307692307693,0.3333333333333333,0.043478260869565216,23.0,0.5894736842105263,0.5283018867924528,0.6666666666666666,42.0,,,,
p_1653,0.284625,0.28435927216415025,0.332938689217759,0.3456527777777778,0.32103425531609814,0.4351851851851852,108.0,0.576,0.43902439024390244,0.8372093023255814,43.0,0.0625,0.14285714285714285,0.04,25.0,0.0,0.0,0.0,18.0,0.5,0.5555555555555556,0.45454545454545453,22.0,,,,
p_1654,0.47904428904428903,0.6442458840076115,0.46011146683553805,0.5318060951394284,0.6093683449313465,0.5740740740740741,108.0,0.6615384615384615,0.5443037974683544,0.8431372549019608,51.0,0.56,0.7777777777777778,0.4375,16.0,0.18181818181818182,0.6666666666666666,0.10526315789473684,19.0,0.5128205128205128,0.5882352941176471,0.45454545454545453,22.0,,,,
p_1655,0.33010426392779335,0.36015325670498083,0.35086119554204664,0.48340509043123425,0.48538385128423445,0.5370370370370371,108.0,0.5,0.5517241379310345,0.45714285714285713,35.0,0.0,0.0,0.0,5.0,0.6722689075630253,0.5555555555555556,0.851063829787234,47.0,0.14814814814814814,0.3333333333333333,0.09523809523809523,21.0,,,,
p_1656,0.4039405684754522,0.42385620915032673,0.40597248280175113,0.48355584266436974,0.47478818687969015,0.5092592592592593,108.0,0.5111111111111111,0.45098039215686275,0.5897435897435898,39.0,0.0,0.0,0.0,13.0,0.6046511627906976,0.5777777777777777,0.6341463414634146,41.0,0.5,0.6666666666666666,0.4,15.0,,,,
p_1657,0.2737392331203112,0.2683443317246134,0.2898669957493487,0.3839022928179638,0.3596309793492892,0.42592592592592593,108.0,0.5737704918032787,0.49295774647887325,0.6862745098039216,51.0,0.0,0.0,0.0,11.0,0.2711864406779661,0.3076923076923077,0.24242424242424243,33.0,0.25,0.2727272727272727,0.23076923076923078,13.0,,,,
p_1658,0.31614630128781074,0.3819444444444444,0.3309680193916647,0.40494506561068405,0.4607951205173427,0.4351851851851852,108.0,0.3018867924528302,0.25,0.38095238095238093,21.0,0.13333333333333333,0.16666666666666666,0.1111111111111111,9.0,0.2222222222222222,0.5714285714285714,0.13793103448275862,29.0,0.6071428571428571,0.5396825396825397,0.6938775510204082,49.0,,,,
p_1659,0.3892448150737375,0.45886171148238997,0.3903846153846154,0.44477469413219606,0.4648489258453622,0.4537037037037037,108.0,0.42105263157894735,0.3870967741935484,0.46153846153846156,26.0,0.16666666666666666,0.5,0.1,10.0,0.5176470588235295,0.5365853658536586,0.5,44.0,0.45161290322580644,0.4117647058823529,0.5,28.0,,,,
p_1660,0.3490499648135116,0.30938623523369285,0.4099679487179487,0.3933002319701827,0.34069033080332517,0.4722222222222222,108.0,0.14285714285714285,0.16666666666666666,0.125,16.0,0.6326530612244898,0.5254237288135594,0.7948717948717948,39.0,0.0,0.0,0.0,28.0,0.6206896551724138,0.5454545454545454,0.72,25.0,,,,
p_1661,0.3747133027522936,0.39785945842868037,0.39425287356321836,0.4428623003737683,0.448583213266661,0.49074074074074076,108.0,0.6238532110091743,0.4927536231884058,0.85,40.0,0.5,0.625,0.4166666666666667,24.0,0.375,0.47368421052631576,0.3103448275862069,29.0,0.0,0.0,0.0,15.0,,,,
p_1662,0.30343992773261064,0.3448242933537051,0.3130482456140351,0.3840069590819365,0.387258438729027,0.4351851851851852,108.0,0.576,0.4675324675324675,0.75,48.0,0.0,0.0,0.0,17.0,0.2962962962962963,0.5,0.21052631578947367,19.0,0.34146341463414637,0.4117647058823529,0.2916666666666667,24.0,,,,
p_1663,0.2763152775567227,0.28322106552357623,0.3181578947368421,0.36125504251134255,0.3698685672813045,0.42592592592592593,108.0,0.5436893203883495,0.39436619718309857,0.875,32.0,0.4444444444444444,0.5,0.4,15.0,0.39344262295081966,0.5217391304347826,0.3157894736842105,38.0,0.0,0.0,0.0,22.0,0.0,0.0,0.0,1.0
p_1664,0.23263564316195895,0.20843373493975906,0.27473684210526317,0.3988687936056357,0.33896697902722,0.5,108.0,0.6766917293233082,0.5421686746987951,0.9,50.0,0.0,0.0,0.0,11.0,0.4864864864864865,0.5,0.47368421052631576,19.0,0.0,0.0,0.0,27.0,0.0,0.0,0.0,1.0
p_1665,0.3183012995196382,0.32721445221445217,0.32264880952380953,0.3268087067253848,0.3344286885953553,0.3333333333333333,108.0,0.27906976744186046,0.3333333333333333,0.24,25.0,0.24390243902439024,0.25,0.23809523809523808,21.0,0.40540540540540543,0.3409090909090909,0.5,30.0,0.3448275862068966,0.38461538461538464,0.3125,32.0,,,,
p_1666,0.3724406224406224,0.3623076923076923,0.3904344193817878,0.4216261716261716,0.3990408357075023,0.4537037037037037,108.0,0.0,0.0,0.0,17.0,0.48484848484848486,0.5333333333333333,0.4444444444444444,18.0,0.5454545454545454,0.48,0.631578947368421,38.0,0.4594594594594595,0.4358974358974359,0.4857142857142857,35.0,,,,
p_1667,0.4195075757575758,0.43138440860215055,0.44875155327741534,0.462682379349046,0.4663878932696137,0.5092592592592593,108.0,0.6060606060606061,0.4838709677419355,0.8108108108108109,37.0,0.7083333333333334,0.7083333333333334,0.7083333333333334,24.0,0.0,0.0,0.0,18.0,0.36363636363636365,0.5333333333333333,0.27586206896551724,29.0,,,,
p_1668,0.4238099552978132,0.4661341344713986,0.4536458333333333,0.44806978508047735,0.5094090046920235,0.4537037037037037,108.0,0.5393258426966292,0.4528301886792453,0.6666666666666666,36.0,0.3225806451612903,0.23809523809523808,0.5,10.0,0.4583333333333333,0.6111111111111112,0.36666666666666664,30.0,0.375,0.5625,0.28125,32.0,,,,
p_1669,0.32450761798587885,0.35315126050420165,0.3591791979949875,0.3985644879364686,0.4422346716464363,0.4444444444444444,108.0,0.43478260869565216,0.4,0.47619047619047616,21.0,0.0,0.0,0.0,9.0,0.5555555555555556,0.4411764705882353,0.75,40.0,0.3076923076923077,0.5714285714285714,0.21052631578947367,38.0,,,,
p_1670,0.34176924524750607,0.3539377289377289,0.36203703703703705,0.3426158060940669,0.3589234839234839,0.3611111111111111,108.0,0.43478260869565216,0.35714285714285715,0.5555555555555556,27.0,0.5818181818181818,0.5714285714285714,0.5925925925925926,27.0,0.19047619047619047,0.3333333333333333,0.13333333333333333,30.0,0.16,0.15384615384615385,0.16666666666666666,24.0,,,,
p_1671,0.25204260651629073,0.3191919191919192,0.2930555555555555,0.3182191590086327,0.33136924803591467,0.4166666666666667,108.0,0.0,0.0,0.0,28.0,0.16666666666666666,0.2222222222222222,0.13333333333333333,15.0,0.24,0.6,0.15,20.0,0.6015037593984962,0.45454545454545453,0.8888888888888888,45.0,,,,
p_1672,0.3796514482081492,0.3753846153846154,0.395261758118701,0.46166839397079945,0.43443019943019945,0.5,108.0,0.5567010309278351,0.54,0.574468085106383,47.0,0.42857142857142855,0.5,0.375,8.0,0.0,0.0,0.0,15.0,0.5333333333333333,0.46153846153846156,0.631578947368421,38.0,,,,
p_1673,0.40174959615953404,0.43540903540903536,0.4194590336134454,0.4490783505276259,0.4773210328765884,0.48148148148148145,108.0,0.46153846153846156,0.6,0.375,40.0,0.4666666666666667,0.5384615384615384,0.4117647058823529,17.0,0.5918367346938775,0.4603174603174603,0.8285714285714286,35.0,0.08695652173913043,0.14285714285714285,0.0625,16.0,,,,
p_1674,0.27521008403361347,0.24793794186959936,0.3094951923076923,0.4506691565515095,0.4044106950626982,0.5092592592592593,108.0,0.42857142857142855,0.39473684210526316,0.46875,32.0,0.0,0.0,0.0,7.0,0.6722689075630253,0.5970149253731343,0.7692307692307693,52.0,0.0,0.0,0.0,17.0,,,,
p_1675,0.2726766457427974,0.2920940170940171,0.29041375291375293,0.3951091796770213,0.38701329534662876,0.4351851851851852,108.0,0.4533333333333333,0.4722222222222222,0.4358974358974359,39.0,0.0,0.0,0.0,10.0,0.10526315789473684,0.25,0.06666666666666667,15.0,0.5321100917431193,0.4461538461538462,0.6590909090909091,44.0,,,,
p_1676,0.3695880027563196,0.3821225071225071,0.37730954015099516,0.49827481527151496,0.4987469663395589,0.5185185185185185,108.0,0.358974358974359,0.5,0.28,25.0,0.0,0.0,0.0,5.0,0.4857142857142857,0.4358974358974359,0.5483870967741935,31.0,0.6336633663366337,0.5925925925925926,0.6808510638297872,47.0,,,,
p_1677,0.26401708082523023,0.303688419977878,0.30628974562798095,0.33070642283998253,0.35491647522618336,0.39814814814814814,108.0,0.5818181818181818,0.4383561643835616,0.8648648648648649,37.0,0.0,0.0,0.0,13.0,0.2807017543859649,0.34782608695652173,0.23529411764705882,34.0,0.1935483870967742,0.42857142857142855,0.125,24.0,,,,
p_1678,0.33240797820066115,0.42500253369818586,0.3692004255471748,0.35301047116087764,0.4290048384251282,0.4074074074074074,108.0,0.24,0.46153846153846156,0.16216216216216217,37.0,0.34146341463414637,0.3181818181818182,0.3684210526315789,19.0,0.19047619047619047,0.5,0.11764705882352941,17.0,0.5576923076923077,0.42028985507246375,0.8285714285714286,35.0,,,,
p_1679,0.35841947894791104,0.38439781350019775,0.3698717948717949,0.3598327192349365,0.39546330593548923,0.3611111111111111,108.0,0.3157894736842105,0.2903225806451613,0.34615384615384615,26.0,0.26666666666666666,0.4,0.2,30.0,0.49056603773584906,0.5652173913043478,0.43333333333333335,30.0,0.36065573770491804,0.28205128205128205,0.5,22.0,,,,
p_1680,0.33671828074667987,0.4439890710382514,0.36021347434390916,0.3791801756205569,0.44970147743371786,0.4166666666666667,108.0,0.5567010309278351,0.4426229508196721,0.75,36.0,0.14285714285714285,0.5,0.08333333333333333,12.0,0.3076923076923077,0.5333333333333333,0.21621621621621623,37.0,0.33962264150943394,0.3,0.391304347826087,23.0,,,,
p_1681,0.33013722126929673,0.3405167173252279,0.3277784135612617,0.39918111936979866,0.4094618935044466,0.39814814814814814,108.0,0.08,0.07142857142857142,0.09090909090909091,11.0,0.41509433962264153,0.5,0.3548387096774194,31.0,0.28,0.28,0.28,25.0,0.5454545454545454,0.5106382978723404,0.5853658536585366,41.0,,,,
p_1682,0.30617424242424246,0.33033903216458993,0.3406371406371406,0.38844556677890013,0.37941766745012173,0.4537037037037037,108.0,0.625,0.5147058823529411,0.7954545454545454,44.0,0.08333333333333333,0.25,0.05,20.0,0.43636363636363634,0.41379310344827586,0.46153846153846156,26.0,0.08,0.14285714285714285,0.05555555555555555,18.0,,,,
p_1683,0.33316927887780423,0.38203463203463206,0.34029391660970604,0.35505533892630664,0.37850729517396187,0.3888888888888889,108.0,0.5192307692307693,0.4090909090909091,0.7105263157894737,38.0,0.375,0.5,0.3,20.0,0.1935483870967742,0.3333333333333333,0.13636363636363635,22.0,0.24489795918367346,0.2857142857142857,0.21428571428571427,28.0,,,,
p_1684,0.3152362842321751,0.3430318073175216,0.34713008463008466,0.34448250717849127,0.3754443218728933,0.37037037037037035,108.0,0.32653061224489793,0.5,0.24242424242424243,33.0,0.08333333333333333,0.16666666666666666,0.05555555555555555,18.0,0.46511627906976744,0.40816326530612246,0.5405405405405406,37.0,0.38596491228070173,0.2972972972972973,0.55,20.0,,,,
p_1685,0.2808080113312138,0.3875,0.3353494623655914,0.2827846239081667,0.3833333333333333,0.3425925925925926,108.0,0.3404255319148936,0.5,0.25806451612903225,31.0,0.4444444444444444,0.3,0.8571428571428571,28.0,0.27586206896551724,0.5,0.19047619047619047,21.0,0.0625,0.25,0.03571428571428571,28.0,,,,
p_1686,0.35335249042145594,0.4029761904761905,0.35681046894282187,0.4710444160635731,0.46040564373897713,0.5370370370370371,108.0,0.4444444444444444,0.6,0.35294117647058826,17.0,0.06896551724137931,0.14285714285714285,0.045454545454545456,22.0,0.7,0.5833333333333334,0.875,56.0,0.2,0.2857142857142857,0.15384615384615385,13.0,,,,
p_1687,0.434139431655313,0.5277638958298628,0.4556186868686869,0.43517577649006334,0.5229005867436652,0.4537037037037037,108.0,0.3225806451612903,0.8333333333333334,0.2,25.0,0.4888888888888889,0.4074074074074074,0.6111111111111112,18.0,0.39344262295081966,0.41379310344827586,0.375,32.0,0.5316455696202531,0.45652173913043476,0.6363636363636364,33.0,,,,
p_1688,0.3861709067188519,0.39744894156231364,0.4048573975044564,0.42278514652943866,0.43662121237218127,0.4444444444444444,108.0,0.5205479452054794,0.48717948717948717,0.5588235294117647,34.0,0.19047619047619047,0.2,0.18181818181818182,11.0,0.2857142857142857,0.4375,0.21212121212121213,33.0,0.547945205479452,0.46511627906976744,0.6666666666666666,30.0,,,,
p_1689,0.3277932246405698,0.5314685314685315,0.34212386877828055,0.3983438330168911,0.5068699818699819,0.4351851851851852,108.0,0.584070796460177,0.5076923076923077,0.6875,48.0,0.1111111111111111,1.0,0.058823529411764705,17.0,0.2916666666666667,0.3181818181818182,0.2692307692307692,26.0,0.32432432432432434,0.3,0.35294117647058826,17.0,,,,
p_1690,0.3440851565851566,0.3616844315245478,0.39470048629531385,0.3596523110412,0.3682212412671069,0.4166666666666667,108.0,0.23809523809523808,0.3125,0.19230769230769232,26.0,0.5945945945945946,0.4888888888888889,0.7586206896551724,29.0,0.07142857142857142,0.25,0.041666666666666664,24.0,0.4722222222222222,0.3953488372093023,0.5862068965517241,29.0,,,,
p_1691,0.3273441530098012,0.3007246376811594,0.3629911754911755,0.34917588514271186,0.31971282877079976,0.3888888888888889,108.0,0.43037974683544306,0.3695652173913043,0.5151515151515151,33.0,0.0,0.0,0.0,21.0,0.32727272727272727,0.3333333333333333,0.32142857142857145,28.0,0.5517241379310345,0.5,0.6153846153846154,26.0,,,,
p_1692,0.35446597268041946,0.40415202966432473,0.3856868834490318,0.35447018147183457,0.39977538526035794,0.3888888888888889,108.0,0.4943820224719101,0.36065573770491804,0.7857142857142857,28.0,0.43902439024390244,0.5,0.391304347826087,23.0,0.1935483870967742,0.375,0.13043478260869565,23.0,0.2909090909090909,0.38095238095238093,0.23529411764705882,34.0,,,,
p_1693,0.36999141999142,0.4755801687763713,0.3821133195491229,0.44224462557795896,0.5230778246601032,0.5,108.0,0.3783783783783784,0.4666666666666667,0.3181818181818182,22.0,0.2222222222222222,0.25,0.2,10.0,0.22857142857142856,0.6666666666666666,0.13793103448275862,29.0,0.6507936507936508,0.5189873417721519,0.8723404255319149,47.0,,,,
p_1694,0.4117616033755275,0.4565134099616858,0.40474537037037034,0.42951549349228674,0.44859159926209735,0.4351851851851852,108.0,0.2857142857142857,0.5,0.2,15.0,0.4666666666666667,0.5,0.4375,32.0,0.4642857142857143,0.4482758620689655,0.48148148148148145,27.0,0.43037974683544306,0.37777777777777777,0.5,34.0,,,,
p_1695,0.2990909090909091,0.3025452488687783,0.3545138888888889,0.3582491582491582,0.33813055136584547,0.4351851851851852,108.0,0.0,0.0,0.0,23.0,0.56,0.4307692307692308,0.8,35.0,0.5454545454545454,0.5294117647058824,0.5625,32.0,0.09090909090909091,0.25,0.05555555555555555,18.0,,,,
p_1696,0.35872695852534564,0.5118464052287581,0.3621794871794872,0.38988095238095244,0.5154774872912128,0.4074074074074074,108.0,0.2857142857142857,1.0,0.16666666666666666,24.0,0.25806451612903225,0.25,0.26666666666666666,15.0,0.5161290322580645,0.4444444444444444,0.6153846153846154,39.0,0.375,0.35294117647058826,0.4,30.0,,,,
p_1697,0.29720918467721535,0.29721685971685974,0.360756421744325,0.3417137943992164,0.33517148100481436,0.4166666666666667,108.0,0.5217391304347826,0.4864864864864865,0.5625,32.0,0.0,0.0,0.0,18.0,0.5494505494505495,0.4166666666666667,0.8064516129032258,31.0,0.11764705882352941,0.2857142857142857,0.07407407407407407,27.0,,,,
p_1698,0.16774193548387098,0.12745098039215685,0.24528301886792453,0.32927120669056154,0.2501815541031227,0.48148148148148145,108.0,0.0,0.0,0.0,17.0,0.0,0.0,0.0,13.0,0.6709677419354839,0.5098039215686274,0.9811320754716981,53.0,0.0,0.0,0.0,25.0,,,,
p_1699,0.40557692307692306,0.3934210526315789,0.4270729270729271,0.4851068376068376,0.4569200779727095,0.5277777777777778,108.0,0.0,0.0,0.0,17.0,0.45,0.47368421052631576,0.42857142857142855,21.0,0.48,0.5,0.46153846153846156,26.0,0.6923076923076923,0.6,0.8181818181818182,44.0,,,,
p_1700,0.34017857142857144,0.3614109848484849,0.3701506826506827,0.38820546737213407,0.38621632996633,0.4444444444444444,108.0,0.43333333333333335,0.40625,0.4642857142857143,28.0,0.0,0.0,0.0,19.0,0.5523809523809524,0.4393939393939394,0.7435897435897436,39.0,0.375,0.6,0.2727272727272727,22.0,,,,
p_1701,0.3453179457307898,0.3936904761904762,0.37498587317099114,0.4011950966062417,0.41712081128747797,0.46296296296296297,108.0,0.6055045871559633,0.4714285714285714,0.8461538461538461,39.0,0.21428571428571427,0.3333333333333333,0.15789473684210525,19.0,0.48148148148148145,0.52,0.4482758620689655,29.0,0.08,0.25,0.047619047619047616,21.0,,,,
p_1702,0.35687546672097603,0.3393341952165482,0.3944099378881988,0.4287891996231391,0.42603844956786135,0.4537037037037037,108.0,0.5373134328358209,0.46153846153846156,0.6428571428571429,28.0,0.0,0.0,0.0,11.0,0.4691358024691358,0.5428571428571428,0.41304347826086957,46.0,0.42105263157894735,0.35294117647058826,0.5217391304347826,23.0,,,,
p_1703,0.41629626269956455,0.4621855921855922,0.41986264109887117,0.4738877801967425,0.48425405869850313,0.5092592592592593,108.0,0.46153846153846156,0.48,0.4444444444444444,27.0,0.3125,0.38461538461538464,0.2631578947368421,19.0,0.23076923076923078,0.42857142857142855,0.15789473684210525,19.0,0.660377358490566,0.5555555555555556,0.813953488372093,43.0,,,,
p_1704,0.327628205836368,0.34669312169312166,0.34101835664335667,0.33754165929369767,0.3488732118361747,0.3611111111111111,108.0,0.32432432432432434,0.4,0.2727272727272727,22.0,0.5116279069767442,0.4074074074074074,0.6875,32.0,0.30434782608695654,0.3888888888888889,0.25,28.0,0.1702127659574468,0.19047619047619047,0.15384615384615385,26.0,,,,
p_1705,0.30802620802620806,0.30823529411764705,0.32076863354037266,0.3830345497012164,0.3782135076252724,0.4074074074074074,108.0,0.4,0.48,0.34285714285714286,35.0,0.0,0.0,0.0,11.0,0.46846846846846846,0.4,0.5652173913043478,46.0,0.36363636363636365,0.35294117647058826,0.375,16.0,,,,
p_1706,0.35732809481204864,0.4622366522366522,0.3746408045977011,0.37545329201298394,0.4832066698733365,0.39814814814814814,108.0,0.3157894736842105,0.5454545454545454,0.2222222222222222,27.0,0.5050505050505051,0.3968253968253968,0.6944444444444444,36.0,0.2926829268292683,0.24,0.375,16.0,0.3157894736842105,0.6666666666666666,0.20689655172413793,29.0,,,,
p_1707,0.32898597539637675,0.4208333333333334,0.3595426312817617,0.380545112126043,0.4339506172839507,0.4537037037037037,108.0,0.38095238095238093,0.4,0.36363636363636365,22.0,0.0,0.0,0.0,21.0,0.5901639344262295,0.45,0.8571428571428571,42.0,0.3448275862068966,0.8333333333333334,0.21739130434782608,23.0,,,,
p_1708,0.3229761381935295,0.34210526315789475,0.3829807692307692,0.3386983089076487,0.3475877192982456,0.4166666666666667,108.0,0.6521739130434783,0.75,0.5769230769230769,26.0,0.0,0.0,0.0,25.0,0.12121212121212122,0.25,0.08,25.0,0.5185185185185185,0.3684210526315789,0.875,32.0,,,,
p_1709,0.36848519607140295,0.42962730830377893,0.3866612554112554,0.40780302849268363,0.436408693761635,0.46296296296296297,108.0,0.5862068965517241,0.4594594594594595,0.8095238095238095,42.0,0.3783783783783784,0.5384615384615384,0.2916666666666667,24.0,0.43243243243243246,0.47058823529411764,0.4,20.0,0.07692307692307693,0.25,0.045454545454545456,22.0,,,,
p_1710,0.3246427964803968,0.32711753655149883,0.33621553884711775,0.4298949450062917,0.4253250534697075,0.4537037037037037,108.0,0.4489795918367347,0.5238095238095238,0.39285714285714285,28.0,0.12121212121212122,0.16666666666666666,0.09523809523809523,21.0,0.5652173913043478,0.49056603773584906,0.6666666666666666,39.0,0.4878048780487805,0.45454545454545453,0.5263157894736842,19.0,0.0,0.0,0.0,1.0
p_1711,0.2766627083608216,0.27999999999999997,0.31,0.3775337636972857,0.380896686159844,0.4351851851851852,108.0,0.5641025641025641,0.5789473684210527,0.55,20.0,0.0,0.0,0.0,15.0,0.2909090909090909,0.42105263157894735,0.2222222222222222,36.0,0.5283018867924528,0.4,0.7777777777777778,36.0,0.0,0.0,0.0,1.0
p_1712,0.27361111111111114,0.2748015873015873,0.2961711711711712,0.32685185185185184,0.32308201058201064,0.3611111111111111,108.0,0.25,0.2857142857142857,0.2222222222222222,18.0,0.0,0.0,0.0,17.0,0.4,0.4642857142857143,0.35135135135135137,37.0,0.4444444444444444,0.3492063492063492,0.6111111111111112,36.0,,,,
p_1713,0.33554942810457516,0.3369196428571429,0.3374768909251668,0.3479866406439119,0.3472007275132275,0.35185185185185186,108.0,0.4,0.40625,0.3939393939393939,33.0,0.3137254901960784,0.32,0.3076923076923077,26.0,0.2222222222222222,0.25,0.2,20.0,0.40625,0.37142857142857144,0.4482758620689655,29.0,,,,
p_1714,0.29698703279938976,0.27996031746031746,0.34240196078431373,0.38818967709127894,0.35526895943562614,0.4444444444444444,108.0,0.17391304347826086,0.25,0.13333333333333333,15.0,0.4,0.3142857142857143,0.55,20.0,0.6140350877192983,0.5555555555555556,0.6862745098039216,51.0,0.0,0.0,0.0,22.0,,,,
p_1715,0.33831979693812797,0.3404493779493779,0.3780358812529219,0.3339131608625453,0.3397546355879689,0.37037037037037035,108.0,0.10256410256410256,0.2222222222222222,0.06666666666666667,30.0,0.45454545454545453,0.35714285714285715,0.625,24.0,0.32558139534883723,0.35,0.30434782608695654,23.0,0.47058823529411764,0.43243243243243246,0.5161290322580645,31.0,,,,
p_1716,0.40181781819712853,0.44118819776714513,0.3988970588235294,0.40414095624823587,0.4299390099828696,0.4166666666666667,108.0,0.4835164835164835,0.38596491228070173,0.6470588235294118,34.0,0.4444444444444444,0.5454545454545454,0.375,16.0,0.3793103448275862,0.4583333333333333,0.3235294117647059,34.0,0.3,0.375,0.25,24.0,,,,
p_1717,0.2302123552123552,0.327020202020202,0.283886827458256,0.3483483483483483,0.3944070332959222,0.4722222222222222,108.0,0.07142857142857142,0.3333333333333333,0.04,25.0,0.0,0.0,0.0,12.0,0.6351351351351351,0.47474747474747475,0.9591836734693877,49.0,0.21428571428571427,0.5,0.13636363636363635,22.0,,,,
p_1718,0.3131735040163566,0.32965566089135884,0.32303737284387435,0.31504485024377554,0.337903434108621,0.3148148148148148,108.0,0.3103448275862069,0.23684210526315788,0.45,20.0,0.30303030303030304,0.35714285714285715,0.2631578947368421,19.0,0.3235294117647059,0.3333333333333333,0.3142857142857143,35.0,0.3157894736842105,0.391304347826087,0.2647058823529412,34.0,,,,
p_1719,0.3084659393602483,0.2783926218708827,0.38079172289698604,0.2916768110384491,0.27291270189820915,0.35185185185185186,108.0,0.4878048780487805,0.43478260869565216,0.5555555555555556,18.0,0.4691358024691358,0.34545454545454546,0.7307692307692307,26.0,0.27692307692307694,0.3333333333333333,0.23684210526315788,38.0,0.0,0.0,0.0,26.0,,,,
p_1720,0.29380341880341876,0.4528985507246377,0.3612689393939394,0.3245489078822412,0.4380032206119162,0.4074074074074074,108.0,0.16666666666666666,1.0,0.09090909090909091,22.0,0.0,0.0,0.0,24.0,0.4444444444444444,0.3333333333333333,0.6666666666666666,30.0,0.5641025641025641,0.4782608695652174,0.6875,32.0,,,,
p_1721,0.3383662408052652,0.5608333333333333,0.35610689065437023,0.38138254398417004,0.5093518518518519,0.4166666666666667,108.0,0.2857142857142857,0.4166666666666667,0.21739130434782608,23.0,0.1111111111111111,1.0,0.058823529411764705,17.0,0.5121951219512195,0.4666666666666667,0.5675675675675675,37.0,0.4444444444444444,0.36,0.5806451612903226,31.0,,,,
p_1722,0.347941746944434,0.35671971706454464,0.34226190476190477,0.34544682621539446,0.3514122212398075,0.3425925925925926,108.0,0.3055555555555556,0.28205128205128205,0.3333333333333333,33.0,0.2926829268292683,0.3,0.2857142857142857,21.0,0.3389830508474576,0.3448275862068966,0.3333333333333333,30.0,0.45454545454545453,0.5,0.4166666666666667,24.0,,,,
p_1723,0.39285597560918667,0.4330674642738451,0.39642857142857146,0.4106955016684728,0.4469320433760447,0.42592592592592593,108.0,0.47619047619047616,0.5882352941176471,0.4,25.0,0.25806451612903225,0.26666666666666666,0.25,16.0,0.5106382978723404,0.4067796610169492,0.6857142857142857,35.0,0.32653061224489793,0.47058823529411764,0.25,32.0,,,,
p_1724,0.22074074074074074,0.19793814432989693,0.31666666666666665,0.24252400548696845,0.19339442535318824,0.3888888888888889,108.0,0.0,0.0,0.0,28.0,0.32,0.4,0.26666666666666666,15.0,0.0,0.0,0.0,27.0,0.562962962962963,0.3917525773195876,1.0,38.0,,,,
p_1725,0.4443402360944378,0.4859893048128342,0.45268416927899685,0.4597514931898686,0.4860408001584473,0.48148148148148145,108.0,0.39215686274509803,0.45454545454545453,0.3448275862068966,29.0,0.6428571428571429,0.5294117647058824,0.8181818181818182,33.0,0.375,0.6,0.2727272727272727,22.0,0.3673469387755102,0.36,0.375,24.0,,,,
p_1726,0.2516498473623831,0.2573589201496178,0.2643123306233062,0.3363978962726751,0.3306484643693946,0.3611111111111111,108.0,0.4050632911392405,0.37209302325581395,0.4444444444444444,36.0,0.0,0.0,0.0,7.0,0.43010752688172044,0.38461538461538464,0.4878048780487805,41.0,0.17142857142857143,0.2727272727272727,0.125,24.0,,,,
p_1727,0.4591352670100298,0.5369107744107744,0.4831714179540267,0.509055952129956,0.5469603441825664,0.5555555555555556,108.0,0.6236559139784946,0.5370370370370371,0.7435897435897436,39.0,0.09523809523809523,0.3333333333333333,0.05555555555555555,18.0,0.6470588235294118,0.55,0.7857142857142857,28.0,0.47058823529411764,0.7272727272727273,0.34782608695652173,23.0,,,,
p_1728,0.2780087506807128,0.25920625427204375,0.3078430715625837,0.3619509525111087,0.3315414483177641,0.4074074074074074,108.0,0.29508196721311475,0.2727272727272727,0.32142857142857145,28.0,0.0,0.0,0.0,13.0,0.6391752577319587,0.5535714285714286,0.7560975609756098,41.0,0.17777777777777778,0.21052631578947367,0.15384615384615385,26.0,,,,
p_1729,0.3845899470899471,0.4225692785475394,0.3937360226348604,0.4039413090339017,0.4230282599847818,0.42592592592592593,108.0,0.5476190476190477,0.4423076923076923,0.71875,32.0,0.37037037037037035,0.38461538461538464,0.35714285714285715,28.0,0.25,0.42857142857142855,0.17647058823529413,17.0,0.37037037037037035,0.43478260869565216,0.3225806451612903,31.0,,,,
p_1730,0.36414674289674287,0.5868697478991597,0.3785291943828529,0.4230514168014168,0.5321584189231248,0.4722222222222222,108.0,0.6126126126126126,0.4857142857142857,0.8292682926829268,41.0,0.125,1.0,0.06666666666666667,15.0,0.36,0.45,0.3,30.0,0.358974358974359,0.4117647058823529,0.3181818181818182,22.0,,,,
p_1731,0.2620398130891608,0.26806478405315615,0.309577677224736,0.32034190958373226,0.30651685738895046,0.37962962962962965,108.0,0.46511627906976744,0.35714285714285715,0.6666666666666666,30.0,0.0,0.0,0.0,22.0,0.4878048780487805,0.46511627906976744,0.5128205128205128,39.0,0.09523809523809523,0.25,0.058823529411764705,17.0,,,,
p_1732,0.3515756302521008,0.4345679012345679,0.35189393939393937,0.4860138499844382,0.49325560128029267,0.5462962962962963,108.0,0.2857142857142857,0.3333333333333333,0.25,24.0,0.4,0.8,0.26666666666666666,15.0,0.7205882352941176,0.6049382716049383,0.8909090909090909,55.0,0.0,0.0,0.0,14.0,,,,
p_1733,0.33149935649935647,0.3833333333333333,0.34120121910819584,0.41567043233709905,0.45432098765432094,0.4444444444444444,108.0,0.35714285714285715,0.3333333333333333,0.38461538461538464,26.0,0.3783783783783784,0.7,0.25925925925925924,27.0,0.5904761904761905,0.5,0.7209302325581395,43.0,0.0,0.0,0.0,12.0,,,,
p_1734,0.3041648282026044,0.34249999999999997,0.3448439337050101,0.3400758452849211,0.37706790123456785,0.4074074074074074,108.0,0.34285714285714286,0.3333333333333333,0.35294117647058826,17.0,0.2608695652173913,0.25,0.2727272727272727,11.0,0.5573770491803278,0.4533333333333333,0.723404255319149,47.0,0.05555555555555555,0.3333333333333333,0.030303030303030304,33.0,,,,
p_1735,0.3505189028910304,0.31619897959183674,0.4083577712609971,0.38490376959613426,0.3422099395313681,0.4537037037037037,108.0,0.6,0.4897959183673469,0.7741935483870968,31.0,0.5915492957746479,0.525,0.6774193548387096,31.0,0.21052631578947367,0.25,0.18181818181818182,22.0,0.0,0.0,0.0,24.0,,,,
p_1736,0.2452775687056287,0.25648656898656896,0.2549171842650103,0.3277842194602097,0.32914744720300276,0.35185185185185186,108.0,0.45871559633027525,0.3968253968253968,0.5434782608695652,46.0,0.0,0.0,0.0,7.0,0.1951219512195122,0.3076923076923077,0.14285714285714285,28.0,0.32727272727272727,0.32142857142857145,0.3333333333333333,27.0,,,,
p_1737,0.40894545911548397,0.5358552631578947,0.4181989885114885,0.4019487896139506,0.5063840155945419,0.4166666666666667,108.0,0.47368421052631576,0.375,0.6428571428571429,28.0,0.42857142857142855,1.0,0.2727272727272727,22.0,0.45901639344262296,0.4,0.5384615384615384,26.0,0.27450980392156865,0.3684210526315789,0.21875,32.0,,,,
p_1738,0.3740384615384616,0.37886215092097447,0.4094742063492064,0.49440883190883195,0.5072511608459321,0.5185185185185185,108.0,0.6730769230769231,0.6363636363636364,0.7142857142857143,49.0,0.0,0.0,0.0,9.0,0.4,0.5555555555555556,0.3125,32.0,0.4230769230769231,0.3235294117647059,0.6111111111111112,18.0,,,,
p_1739,0.19975083056478404,0.2290784238223591,0.25215367965367963,0.22562138550510646,0.24490033609530462,0.28703703703703703,108.0,0.2857142857142857,0.22448979591836735,0.39285714285714285,28.0,0.07142857142857142,0.3333333333333333,0.04,25.0,0.4418604651162791,0.3584905660377358,0.5757575757575758,33.0,0.0,0.0,0.0,22.0,,,,
p_1740,0.3758503401360544,0.36900287559277567,0.40174825174825174,0.39934492315444686,0.3959391360889696,0.4166666666666667,108.0,0.5510204081632653,0.5094339622641509,0.6,45.0,0.42857142857142855,0.35294117647058826,0.5454545454545454,11.0,0.19047619047619047,0.25,0.15384615384615385,26.0,0.3333333333333333,0.36363636363636365,0.3076923076923077,26.0,,,,
p_1741,0.3003352152434722,0.3506944444444444,0.32533191085822666,0.37702632060430225,0.43891460905349794,0.4166666666666667,108.0,0.5321100917431193,0.4027777777777778,0.7837837837837838,37.0,0.0,0.0,0.0,6.0,0.2692307692307692,0.5,0.18421052631578946,38.0,0.4,0.5,0.3333333333333333,27.0,,,,
p_1742,0.5042820726811119,0.5369119238604533,0.4995953764029403,0.5072211235537395,0.5335543518754302,0.5092592592592593,108.0,0.547945205479452,0.47619047619047616,0.6451612903225806,31.0,0.5116279069767442,0.6875,0.4074074074074074,27.0,0.4838709677419355,0.45454545454545453,0.5172413793103449,29.0,0.47368421052631576,0.5294117647058824,0.42857142857142855,21.0,,,,
p_1743,0.3976479891922171,0.4435362431685961,0.4199675324675325,0.4019524852958136,0.46634758215640565,0.4166666666666667,108.0,0.391304347826087,0.6923076923076923,0.2727272727272727,33.0,0.41379310344827586,0.35294117647058826,0.5,12.0,0.28,0.3181818181818182,0.25,28.0,0.5054945054945055,0.4107142857142857,0.6571428571428571,35.0,,,,
p_1744,0.35331880162421214,0.3658730158730159,0.35244130071716284,0.3522117919935348,0.3639623750734862,0.35185185185185186,108.0,0.45161290322580644,0.4,0.5185185185185185,27.0,0.45454545454545453,0.5555555555555556,0.38461538461538464,26.0,0.2807017543859649,0.2857142857142857,0.27586206896551724,29.0,0.22641509433962265,0.2222222222222222,0.23076923076923078,26.0,,,,
p_1745,0.3096602665971412,0.3194444444444444,0.32524425749294467,0.38528694821424025,0.3914609053497942,0.4074074074074074,108.0,0.3137254901960784,0.4,0.25806451612903225,31.0,0.125,0.1,0.16666666666666666,6.0,0.5825242718446602,0.5,0.6976744186046512,43.0,0.21739130434782608,0.2777777777777778,0.17857142857142858,28.0,,,,
p_1746,0.28205128205128205,0.22766884531590414,0.3743743743743744,0.33903133903133903,0.275679819252804,0.4444444444444444,108.0,0.5128205128205128,0.39215686274509803,0.7407407407407407,27.0,0.0,0.0,0.0,14.0,0.6153846153846154,0.5185185185185185,0.7567567567567568,37.0,0.0,0.0,0.0,30.0,,,,
p_1747,0.41572199730094467,0.4422248803827751,0.41875,0.5209176788124157,0.5218146376041113,0.5462962962962963,108.0,0.6526315789473685,0.5636363636363636,0.775,40.0,0.15384615384615385,0.2,0.125,8.0,0.5897435897435898,0.6052631578947368,0.575,40.0,0.26666666666666666,0.4,0.2,20.0,,,,
p_1748,0.2413624511082138,0.1997747747747748,0.3068181818181818,0.3071490656236419,0.25086753420086755,0.39814814814814814,108.0,0.5423728813559322,0.43243243243243246,0.7272727272727273,44.0,0.0,0.0,0.0,26.0,0.4230769230769231,0.36666666666666664,0.5,22.0,0.0,0.0,0.0,16.0,,,,
p_1749,0.32941073184436015,0.3187770150012713,0.3581254272043745,0.4219200834490903,0.4176389712875856,0.4351851851851852,108.0,0.3111111111111111,0.30434782608695654,0.3181818181818182,22.0,0.3333333333333333,0.2631578947368421,0.45454545454545453,11.0,0.6017699115044248,0.5964912280701754,0.6071428571428571,56.0,0.07142857142857142,0.1111111111111111,0.05263157894736842,19.0,,,,
p_1750,0.24640923004473747,0.25284090909090906,0.2841836734693878,0.3432444688625522,0.3123947811447811,0.4351851851851852,108.0,0.3870967741935484,0.5454545454545454,0.3,20.0,0.0,0.0,0.0,15.0,0.5985401459854015,0.4659090909090909,0.8367346938775511,49.0,0.0,0.0,0.0,24.0,,,,
p_1751,0.4253787878787879,0.43670520744529695,0.42918503396444574,0.4494388327721661,0.45469452206540156,0.46296296296296297,108.0,0.43636363636363634,0.5217391304347826,0.375,32.0,0.42424242424242425,0.4375,0.4117647058823529,17.0,0.25,0.2777777777777778,0.22727272727272727,22.0,0.5909090909090909,0.5098039215686274,0.7027027027027027,37.0,,,,
p_1752,0.30567049242237654,0.3333333333333333,0.3596249672174141,0.38422649617089955,0.4108024691358025,0.4537037037037037,108.0,0.5742574257425742,0.48333333333333334,0.7073170731707317,41.0,0.0,0.0,0.0,9.0,0.1111111111111111,0.4,0.06451612903225806,31.0,0.5373134328358209,0.45,0.6666666666666666,27.0,,,,
p_1753,0.36716060172678644,0.5127314814814815,0.3983333333333333,0.4847905668261619,0.6102109053497942,0.5277777777777778,108.0,0.6451612903225806,0.625,0.6666666666666666,45.0,0.0,0.0,0.0,8.0,0.5476190476190477,0.42592592592592593,0.7666666666666667,30.0,0.27586206896551724,1.0,0.16,25.0,,,,
p_1754,0.2717914438502674,0.25410566163781106,0.30009276437847865,0.3348039215686274,0.2993921662017191,0.3888888888888889,108.0,0.1568627450980392,0.17391304347826086,0.14285714285714285,28.0,0.36363636363636365,0.36363636363636365,0.36363636363636365,11.0,0.0,0.0,0.0,20.0,0.5666666666666667,0.4788732394366197,0.6938775510204082,49.0,,,,
p_1755,0.29298726142341636,0.33230373230373234,0.33225806451612905,0.35765111661811805,0.3954525954525955,0.4166666666666667,108.0,0.5454545454545454,0.40540540540540543,0.8333333333333334,36.0,0.0,0.0,0.0,11.0,0.1951219512195122,0.4,0.12903225806451613,31.0,0.43137254901960786,0.5238095238095238,0.36666666666666664,30.0,,,,
p_1756,0.389605795148248,0.4542924211938296,0.39278201219512193,0.44512141858839976,0.48332588121320513,0.48148148148148145,108.0,0.5892857142857143,0.4647887323943662,0.8048780487804879,41.0,0.25,0.3333333333333333,0.2,10.0,0.49056603773584906,0.6190476190476191,0.40625,32.0,0.22857142857142856,0.4,0.16,25.0,,,,
p_1757,0.33724810109565095,0.4483695652173913,0.3516205826054786,0.4443923630560722,0.4727254428341385,0.5370370370370371,108.0,0.6896551724137931,0.5434782608695652,0.9433962264150944,53.0,0.48,0.75,0.35294117647058826,17.0,0.10526315789473684,0.25,0.06666666666666667,15.0,0.07407407407407407,0.25,0.043478260869565216,23.0,,,,
p_1758,0.32586239635419967,0.3413088776894747,0.3446969696969697,0.44529470922913544,0.44157863280997606,0.49074074074074076,108.0,0.4262295081967213,0.4642857142857143,0.3939393939393939,33.0,0.0,0.0,0.0,7.0,0.22857142857142856,0.36363636363636365,0.16666666666666666,24.0,0.6486486486486487,0.5373134328358209,0.8181818181818182,44.0,,,,
p_1759,0.2986111111111111,0.27658991228070173,0.3729166666666667,0.3497942386831276,0.32894736842105265,0.4166666666666667,108.0,0.0,0.0,0.0,20.0,0.4166666666666667,0.3125,0.625,8.0,0.2222222222222222,0.3333333333333333,0.16666666666666666,30.0,0.5555555555555556,0.4605263157894737,0.7,50.0,,,,
p_1760,0.43505184331797236,0.5021645021645021,0.45408730158730154,0.4850017067759004,0.5412457912457913,0.5092592592592593,108.0,0.625,0.5681818181818182,0.6944444444444444,36.0,0.2857142857142857,0.25,0.3333333333333333,12.0,0.5714285714285714,0.5238095238095238,0.6285714285714286,35.0,0.25806451612903225,0.6666666666666666,0.16,25.0,,,,
p_1761,0.33599290780141844,0.350395256916996,0.38328694331983804,0.41124901497241917,0.3954179475918606,0.48148148148148145,108.0,0.0,0.0,0.0,18.0,0.6666666666666666,0.5652173913043478,0.8125,32.0,0.5106382978723404,0.43636363636363634,0.6153846153846154,39.0,0.16666666666666666,0.4,0.10526315789473684,19.0,,,,
p_1762,0.3062017190730062,0.31299227088700776,0.3183831064265847,0.3913554725435913,0.3843856922804292,0.4166666666666667,108.0,0.3076923076923077,0.2631578947368421,0.37037037037037035,27.0,0.34285714285714286,0.46153846153846156,0.2727272727272727,22.0,0.5742574257425742,0.5272727272727272,0.6304347826086957,46.0,0.0,0.0,0.0,13.0,,,,
p_1763,0.37173942091974876,0.4016917293233082,0.37819650937297994,0.45731888536988724,0.461911723753829,0.49074074074074076,108.0,0.32432432432432434,0.5,0.24,25.0,0.4444444444444444,0.42105263157894735,0.47058823529411764,17.0,0.6229508196721312,0.5428571428571428,0.7307692307692307,52.0,0.09523809523809523,0.14285714285714285,0.07142857142857142,14.0,,,,
p_1764,0.45001991238550376,0.5865131578947369,0.4316056910569106,0.502502217755105,0.5655823586744639,0.5185185185185185,108.0,0.6172839506172839,0.625,0.6097560975609756,41.0,0.2857142857142857,0.5,0.2,15.0,0.5161290322580645,0.42105263157894735,0.6666666666666666,36.0,0.38095238095238093,0.8,0.25,16.0,,,,
p_1765,0.34874911569875877,0.5457589285714286,0.35397357369602955,0.38567658275034955,0.46542934303350975,0.39814814814814814,108.0,0.36666666666666664,0.3333333333333333,0.4074074074074074,27.0,0.16666666666666666,1.0,0.09090909090909091,11.0,0.410958904109589,0.46875,0.36585365853658536,41.0,0.4507042253521127,0.38095238095238093,0.5517241379310345,29.0,,,,
p_1766,0.3210445468509985,0.42787817938420347,0.35284552845528455,0.37975763782215394,0.4563253012048193,0.4537037037037037,108.0,0.3225806451612903,0.8333333333333334,0.2,25.0,0.38095238095238093,0.4444444444444444,0.3333333333333333,24.0,0.5806451612903226,0.43373493975903615,0.8780487804878049,41.0,0.0,0.0,0.0,18.0,,,,
p_1767,0.31570086833244726,0.30392180729344176,0.3447792869269949,0.38471131063723657,0.3721005927296399,0.4166666666666667,108.0,0.2962962962962963,0.34782608695652173,0.25806451612903225,31.0,0.0,0.0,0.0,9.0,0.42105263157894735,0.42105263157894735,0.42105263157894735,38.0,0.5454545454545454,0.44680851063829785,0.7,30.0,,,,
p_1768,0.2769871794871795,0.28794356450221914,0.2872199122199122,0.3035185185185185,0.3019399629325798,0.32407407407407407,108.0,0.24,0.2608695652173913,0.2222222222222222,27.0,0.4,0.33962264150943394,0.4864864864864865,37.0,0.38461538461538464,0.38461538461538464,0.38461538461538464,26.0,0.08333333333333333,0.16666666666666666,0.05555555555555555,18.0,,,,
p_1769,0.3629718554088302,0.4869978858350951,0.3419158361018826,0.4539316961352442,0.5023334116357373,0.46296296296296297,108.0,0.5176470588235295,0.5116279069767442,0.5238095238095238,42.0,0.0,0.0,0.0,9.0,0.4897959183673469,0.43636363636363634,0.5581395348837209,43.0,0.4444444444444444,1.0,0.2857142857142857,14.0,,,,
p_1770,0.29480460662525876,0.34422348484848486,0.31590752242926157,0.37546607813817956,0.3827370931537598,0.4444444444444444,108.0,0.1875,0.2727272727272727,0.14285714285714285,21.0,0.2857142857142857,0.4166666666666667,0.21739130434782608,23.0,0.6190476190476191,0.4875,0.8478260869565217,46.0,0.08695652173913043,0.2,0.05555555555555555,18.0,,,,
p_1771,0.4457755521314843,0.4478587962962963,0.44775132275132273,0.5045017025243014,0.5026598936899863,0.5092592592592593,108.0,0.6666666666666666,0.6666666666666666,0.6666666666666666,39.0,0.16666666666666666,0.2,0.14285714285714285,14.0,0.4406779661016949,0.40625,0.48148148148148145,27.0,0.509090909090909,0.5185185185185185,0.5,28.0,,,,
p_1772,0.29964539007092195,0.2910919540229885,0.32837301587301587,0.3563173102180194,0.3399744572158365,0.39814814814814814,108.0,0.3333333333333333,0.4,0.2857142857142857,28.0,0.0,0.0,0.0,14.0,0.3333333333333333,0.3333333333333333,0.3333333333333333,30.0,0.5319148936170213,0.43103448275862066,0.6944444444444444,36.0,,,,
p_1773,0.1989403973509934,0.17676767676767677,0.2620192307692308,0.3298111356389502,0.2663673774784886,0.46296296296296297,108.0,0.0,0.0,0.0,15.0,0.0,0.0,0.0,25.0,0.6357615894039735,0.48484848484848486,0.9230769230769231,52.0,0.16,0.2222222222222222,0.125,16.0,,,,
p_1774,0.3371019751697473,0.34602130325814534,0.37243202703729017,0.40247043671701205,0.38348765432098764,0.46296296296296297,108.0,0.5894736842105263,0.49122807017543857,0.7368421052631579,38.0,0.15384615384615385,0.25,0.1111111111111111,9.0,0.05714285714285714,0.14285714285714285,0.03571428571428571,28.0,0.547945205479452,0.5,0.6060606060606061,33.0,,,,
p_1775,0.2651777692208959,0.27043297513530473,0.291852146263911,0.32397543224138015,0.328815912940158,0.3611111111111111,108.0,0.5306122448979592,0.4262295081967213,0.7027027027027027,37.0,0.0,0.0,0.0,17.0,0.19047619047619047,0.18181818181818182,0.2,20.0,0.33962264150943394,0.47368421052631576,0.2647058823529412,34.0,,,,
p_1776,0.30839889277389276,0.3957517668043984,0.2997387669801463,0.3070386018302685,0.3828438714403627,0.3055555555555556,108.0,0.3125,0.7142857142857143,0.2,25.0,0.358974358974359,0.3111111111111111,0.42424242424242425,33.0,0.21212121212121213,0.1891891891891892,0.2413793103448276,29.0,0.35,0.3684210526315789,0.3333333333333333,21.0,,,,
p_1777,0.3897267606945026,0.38353365384615384,0.39748549323017407,0.5030420263395174,0.4896812678062678,0.5185185185185185,108.0,0.42857142857142855,0.45,0.4090909090909091,22.0,0.0,0.0,0.0,9.0,0.6464646464646465,0.6153846153846154,0.6808510638297872,47.0,0.4838709677419355,0.46875,0.5,30.0,,,,
p_1778,0.36186274509803923,0.3990258751902588,0.3821276595744681,0.4640704429920116,0.47550594734765206,0.5185185185185185,108.0,0.29411764705882354,0.5555555555555556,0.2,25.0,0.0,0.0,0.0,11.0,0.6333333333333333,0.5205479452054794,0.8085106382978723,47.0,0.52,0.52,0.52,25.0,,,,
p_1779,0.22357142857142856,0.2051970108695652,0.27562260536398464,0.22878306878306878,0.21226348631239936,0.2777777777777778,108.0,0.2857142857142857,0.35,0.2413793103448276,29.0,0.0,0.0,0.0,31.0,0.22857142857142856,0.17391304347826086,0.3333333333333333,12.0,0.38,0.296875,0.5277777777777778,36.0,,,,
p_1780,0.4286603036603037,0.4782207923655293,0.4208333333333333,0.4815993149326483,0.5057308067176488,0.48148148148148145,108.0,0.2564102564102564,0.2631578947368421,0.25,20.0,0.45454545454545453,0.7142857142857143,0.3333333333333333,15.0,0.5945945945945946,0.5892857142857143,0.6,55.0,0.4090909090909091,0.34615384615384615,0.5,18.0,,,,
p_1781,0.34504186289900574,0.3520408163265306,0.3612903225806452,0.43549285811190575,0.4436686955483947,0.4537037037037037,108.0,0.0,0.0,0.0,7.0,0.3673469387755102,0.47368421052631576,0.3,30.0,0.5128205128205128,0.5263157894736842,0.5,40.0,0.5,0.40816326530612246,0.6451612903225806,31.0,,,,
p_1782,0.4473496732609804,0.4478513356562137,0.4572099673202615,0.4370711254079414,0.4411924119241192,0.4444444444444444,108.0,0.4931506849315068,0.43902439024390244,0.5625,32.0,0.3389830508474576,0.4,0.29411764705882354,34.0,0.4444444444444444,0.47619047619047616,0.4166666666666667,24.0,0.5128205128205128,0.47619047619047616,0.5555555555555556,18.0,,,,
p_1783,0.42741935483870974,0.4441526610644258,0.42659508247743544,0.4882697947214076,0.493295466334682,0.5,108.0,0.36363636363636365,0.47058823529411764,0.2962962962962963,27.0,0.3225806451612903,0.29411764705882354,0.35714285714285715,14.0,0.6363636363636364,0.5833333333333334,0.7,50.0,0.3870967741935484,0.42857142857142855,0.35294117647058826,17.0,,,,
p_1784,0.4938925403864428,0.5726511361822149,0.48130341880341876,0.5437695773061627,0.5720299020216534,0.5462962962962963,108.0,0.3902439024390244,0.34782608695652173,0.4444444444444444,18.0,0.5609756097560976,0.5348837209302325,0.5897435897435898,39.0,0.6493506493506493,0.6578947368421053,0.6410256410256411,39.0,0.375,0.75,0.25,12.0,,,,
p_1785,0.24767629345094133,0.25284090909090906,0.3078631138975967,0.36335358453250993,0.34827441077441074,0.46296296296296297,108.0,0.06060606060606061,0.25,0.034482758620689655,29.0,0.0,0.0,0.0,14.0,0.6338028169014085,0.5113636363636364,0.8333333333333334,54.0,0.2962962962962963,0.25,0.36363636363636365,11.0,,,,
p_1786,0.3402209492635025,0.33890306122448977,0.3587301587301587,0.4285021519064073,0.4201625094482238,0.4537037037037037,108.0,0.5,0.425,0.6071428571428571,28.0,0.0,0.0,0.0,11.0,0.5531914893617021,0.5306122448979592,0.5777777777777777,45.0,0.3076923076923077,0.4,0.25,24.0,,,,
p_1787,0.36012727135532135,0.35292004732927656,0.3822994987468672,0.42800439595479534,0.42139098615180426,0.4537037037037037,108.0,0.5393258426966292,0.47058823529411764,0.631578947368421,38.0,0.0,0.0,0.0,11.0,0.3728813559322034,0.4583333333333333,0.3142857142857143,35.0,0.5283018867924528,0.4827586206896552,0.5833333333333334,24.0,,,,
p_1788,0.2619736419157827,0.22442084942084944,0.3170289855072464,0.37495386740002623,0.3162984412984413,0.46296296296296297,108.0,0.0,0.0,0.0,18.0,0.0,0.0,0.0,19.0,0.39215686274509803,0.35714285714285715,0.43478260869565216,23.0,0.6557377049180327,0.5405405405405406,0.8333333333333334,48.0,,,,
p_1789,0.4545130943300279,0.48046536796536793,0.48726394378568294,0.492297840683297,0.5079886163219497,0.5185185185185185,108.0,0.5777777777777777,0.5909090909090909,0.5652173913043478,46.0,0.631578947368421,0.5142857142857142,0.8181818181818182,22.0,0.17391304347826086,0.4,0.1111111111111111,18.0,0.43478260869565216,0.4166666666666667,0.45454545454545453,22.0,,,,
p_1790,0.3752659139257077,0.37119315811430953,0.3812643678160919,0.5066652727019278,0.506385296435359,0.5092592592592593,108.0,0.6597938144329897,0.6808510638297872,0.64,50.0,0.0,0.0,0.0,8.0,0.5079365079365079,0.47058823529411764,0.5517241379310345,29.0,0.3333333333333333,0.3333333333333333,0.3333333333333333,21.0,,,,
p_1791,0.29427736006683375,0.27029914529914534,0.33854166666666663,0.43544045298431266,0.3879392212725546,0.5185185185185185,108.0,0.5263157894736842,0.5555555555555556,0.5,30.0,0.0,0.0,0.0,10.0,0.6507936507936508,0.5256410256410257,0.8541666666666666,48.0,0.0,0.0,0.0,20.0,,,,
p_1792,0.4088669950738916,0.4091926748176748,0.4102055352055352,0.4486175382727107,0.45406741066463285,0.4444444444444444,108.0,0.43636363636363634,0.4444444444444444,0.42857142857142855,28.0,0.20689655172413793,0.1875,0.23076923076923078,13.0,0.4727272727272727,0.4642857142857143,0.48148148148148145,27.0,0.5194805194805194,0.5405405405405406,0.5,40.0,,,,
p_1793,0.4359011378852976,0.45633449031786627,0.42779225085259565,0.5597143863479149,0.5489099987821215,0.5833333333333334,108.0,0.11764705882352941,0.14285714285714285,0.1,10.0,0.5217391304347826,0.6,0.46153846153846156,13.0,0.7580645161290323,0.6911764705882353,0.8392857142857143,56.0,0.34615384615384615,0.391304347826087,0.3103448275862069,29.0,,,,
p_1794,0.3072306725894019,0.3220238095238095,0.365014367816092,0.3925299418860688,0.3957231040564374,0.48148148148148145,108.0,0.058823529411764705,0.25,0.03333333333333333,30.0,0.0,0.0,0.0,9.0,0.6086956521739131,0.4666666666666667,0.875,40.0,0.5614035087719298,0.5714285714285714,0.5517241379310345,29.0,,,,
p_1795,0.32158601632285844,0.3364583333333333,0.375017875017875,0.3473170104749052,0.38275462962962964,0.3888888888888889,108.0,0.43956043956043955,0.3125,0.7407407407407407,27.0,0.49122807017543857,0.7,0.3783783783783784,37.0,0.35555555555555557,0.3333333333333333,0.38095238095238093,21.0,0.0,0.0,0.0,23.0,,,,
p_1796,0.34007453226789897,0.38020097618807386,0.35576149425287357,0.3424365927494839,0.3881620496492861,0.35185185185185186,108.0,0.27450980392156865,0.3181818181818182,0.2413793103448276,29.0,0.41025641025641024,0.3018867924528302,0.64,25.0,0.425531914893617,0.5882352941176471,0.3333333333333333,30.0,0.25,0.3125,0.20833333333333334,24.0,,,,
p_1797,0.29943031505531503,0.2783161068044789,0.3335667600373483,0.4108395462562129,0.3737917504067375,0.46296296296296297,108.0,0.6041666666666666,0.5370370370370371,0.6904761904761905,42.0,0.0,0.0,0.0,14.0,0.07407407407407407,0.1111111111111111,0.05555555555555555,18.0,0.5194805194805194,0.46511627906976744,0.5882352941176471,34.0,,,,
p_1798,0.4747201994037437,0.608912483912484,0.46697843756667284,0.48788315138526106,0.5601851851851852,0.5,108.0,0.47619047619047616,0.47619047619047616,0.47619047619047616,21.0,0.38095238095238093,1.0,0.23529411764705882,17.0,0.5822784810126582,0.5,0.696969696969697,33.0,0.4594594594594595,0.4594594594594595,0.4594594594594595,37.0,,,,
p_1799,0.34272333080744294,0.45945945945945943,0.3532116032116032,0.3927579448607486,0.49674674674674674,0.4166666666666667,108.0,0.4666666666666667,0.6666666666666666,0.358974358974359,39.0,0.16666666666666666,0.3333333333333333,0.1111111111111111,9.0,0.2702702702702703,0.5,0.18518518518518517,27.0,0.4672897196261682,0.33783783783783783,0.7575757575757576,33.0,,,,
p_1800,0.30652853228210186,0.29324229691876746,0.33697478991596636,0.3832470661132745,0.369404243178753,0.4166666666666667,108.0,0.4918032786885246,0.4166666666666667,0.6,25.0,0.0,0.0,0.0,7.0,0.5161290322580645,0.47058823529411764,0.5714285714285714,42.0,0.21818181818181817,0.2857142857142857,0.17647058823529413,34.0,,,,
p_1801,0.24173692408986525,0.2621527777777778,0.2757894736842106,0.29728397440815746,0.3143647119341563,0.35185185185185186,108.0,0.27450980392156865,0.4375,0.2,35.0,0.05405405405405406,0.08333333333333333,0.04,25.0,0.5272727272727272,0.4027777777777778,0.7631578947368421,38.0,0.1111111111111111,0.125,0.1,10.0,,,,
p_1802,0.3918969615627173,0.5918874931230514,0.4049501424501425,0.4351476636320025,0.5253950424842594,0.4537037037037037,108.0,0.5352112676056338,0.4634146341463415,0.6333333333333333,30.0,0.15384615384615385,1.0,0.08333333333333333,12.0,0.44776119402985076,0.5357142857142857,0.38461538461538464,39.0,0.4307692307692308,0.3684210526315789,0.5185185185185185,27.0,,,,
p_1803,0.2973791207440776,0.38053467000835417,0.31105072463768113,0.35344502482040274,0.38985581237043226,0.4074074074074074,108.0,0.27586206896551724,0.4444444444444444,0.2,20.0,0.08695652173913043,0.3333333333333333,0.05,20.0,0.5409836065573771,0.42857142857142855,0.7333333333333333,45.0,0.2857142857142857,0.3157894736842105,0.2608695652173913,23.0,,,,
p_1804,0.4044404259594133,0.4961463487779277,0.3992179393356853,0.5004920783753414,0.5521053742301306,0.5092592592592593,108.0,0.5063291139240507,0.5263157894736842,0.4878048780487805,41.0,0.4444444444444444,1.0,0.2857142857142857,14.0,0.5714285714285714,0.5185185185185185,0.6363636363636364,22.0,0.5,0.4358974358974359,0.5862068965517241,29.0,0.0,0.0,0.0,2.0
p_1805,0.27409988385598144,0.25770811563915014,0.2992603857053985,0.40338538306017985,0.3828121573332301,0.4351851851851852,108.0,0.42857142857142855,0.36363636363636365,0.5217391304347826,23.0,0.0,0.0,0.0,10.0,0.38095238095238093,0.41379310344827586,0.35294117647058826,34.0,0.5609756097560976,0.5111111111111111,0.6216216216216216,37.0,0.0,0.0,0.0,4.0
p_1806,0.33801240046290976,0.3865100699778119,0.3274662618083671,0.4135788560270661,0.4351605910185659,0.42592592592592593,108.0,0.36065573770491804,0.3548387096774194,0.36666666666666664,30.0,0.43478260869565216,0.7142857142857143,0.3125,16.0,0.4,0.4375,0.3684210526315789,19.0,0.4946236559139785,0.42592592592592593,0.5897435897435898,39.0,0.0,0.0,0.0,4.0
p_1807,0.2473156311719829,0.2519151138716356,0.2909642857142857,0.37054631147599765,0.376679798328349,0.4351851851851852,108.0,0.5084745762711864,0.625,0.42857142857142855,35.0,0.0,0.0,0.0,12.0,0.15384615384615385,0.21428571428571427,0.12,25.0,0.5742574257425742,0.42028985507246375,0.90625,32.0,0.0,0.0,0.0,4.0
p_1808,0.2188744588744589,0.26205962059620597,0.25871794871794873,0.3471540804874138,0.3863545116932651,0.4166666666666667,108.0,0.13333333333333333,0.5,0.07692307692307693,26.0,0.0,0.0,0.0,7.0,0.38961038961038963,0.36585365853658536,0.4166666666666667,36.0,0.5714285714285714,0.4444444444444444,0.8,35.0,0.0,0.0,0.0,4.0
p_1809,0.3292057329313122,0.3631383712905452,0.3508563899868248,0.40875971589283716,0.4524356676379624,0.42592592592592593,108.0,0.4788732394366197,0.3541666666666667,0.7391304347826086,23.0,0.5818181818181818,0.6956521739130435,0.5,32.0,0.25806451612903225,0.4444444444444444,0.18181818181818182,22.0,0.32727272727272727,0.32142857142857145,0.3333333333333333,27.0,0.0,0.0,0.0,4.0
p_1810,0.22861346303969254,0.24253699788583508,0.26643378454244904,0.32227565492592813,0.3399166079398637,0.35185185185185186,108.0,0.20512820512820512,0.25,0.17391304347826086,23.0,0.29508196721311475,0.20454545454545456,0.5294117647058824,17.0,0.07142857142857142,0.2,0.043478260869565216,23.0,0.5714285714285714,0.5581395348837209,0.5853658536585366,41.0,0.0,0.0,0.0,4.0
p_1811,0.2651068616422947,0.28723809523809524,0.2740537240537241,0.35038953464150313,0.32271604938271603,0.4074074074074074,108.0,0.0,0.0,0.0,29.0,0.5714285714285714,0.8,0.4444444444444444,9.0,0.17142857142857143,0.14285714285714285,0.21428571428571427,14.0,0.5826771653543307,0.49333333333333335,0.7115384615384616,52.0,0.0,0.0,0.0,4.0
p_1812,0.1861680153580715,0.20047619047619047,0.22688888888888886,0.32204833688394235,0.31302910052910055,0.4166666666666667,108.0,0.2727272727272727,0.3,0.25,24.0,0.0,0.0,0.0,9.0,0.06896551724137931,0.25,0.04,25.0,0.5891472868217055,0.4523809523809524,0.8444444444444444,45.0,0.0,0.0,0.0,5.0
p_1813,0.3676623376623377,0.38186868686868686,0.3720300751879699,0.4604437229437229,0.4592569210624766,0.48148148148148145,108.0,0.55,0.4888888888888889,0.6285714285714286,35.0,0.4,0.5454545454545454,0.3157894736842105,19.0,0.34285714285714286,0.375,0.3157894736842105,19.0,0.5454545454545454,0.5,0.6,30.0,0.0,0.0,0.0,5.0
p_1814,0.26066666666666666,0.2773178010975258,0.27828475871954134,0.31753086419753085,0.33409639542305375,0.3425925925925926,108.0,0.3333333333333333,0.29411764705882354,0.38461538461538464,26.0,0.35,0.5,0.2692307692307692,26.0,0.16666666666666666,0.23076923076923078,0.13043478260869565,23.0,0.4533333333333333,0.3617021276595745,0.6071428571428571,28.0,0.0,0.0,0.0,5.0
p_1815,0.2966101694915254,0.303909026297086,0.3123529411764706,0.42576898932831136,0.39304798757535075,0.48148148148148145,108.0,0.3389830508474576,0.2857142857142857,0.4166666666666667,24.0,0.5,0.6666666666666666,0.4,10.0,0.6440677966101694,0.5671641791044776,0.7450980392156863,51.0,0.0,0.0,0.0,18.0,0.0,0.0,0.0,5.0
p_1816,0.194088713219148,0.21916221033868094,0.23792958043432427,0.3001179264464288,0.34343846966395986,0.3611111111111111,108.0,0.1,0.3333333333333333,0.058823529411764705,34.0,0.0,0.0,0.0,1.0,0.46464646464646464,0.3382352941176471,0.7419354838709677,31.0,0.4057971014492754,0.42424242424242425,0.3888888888888889,36.0,0.0,0.0,0.0,6.0
p_1817,0.23173405211141057,0.2274672187715666,0.2480952380952381,0.36841369671558355,0.3512000613449889,0.4074074074074074,108.0,0.5523809523809524,0.4603174603174603,0.6904761904761905,42.0,0.0,0.0,0.0,6.0,0.33962264150943394,0.391304347826087,0.3,30.0,0.26666666666666666,0.2857142857142857,0.25,24.0,0.0,0.0,0.0,6.0
p_1818,0.2724145299145299,0.2839653304442037,0.2845156369183829,0.44275779518835073,0.4345130612736246,0.49074074074074076,108.0,0.6495726495726496,0.5352112676056338,0.8260869565217391,46.0,0.0,0.0,0.0,7.0,0.4,0.5,0.3333333333333333,30.0,0.3125,0.38461538461538464,0.2631578947368421,19.0,0.0,0.0,0.0,6.0
p_1819,0.2971478443485317,0.2842701525054466,0.32291666666666663,0.43372130286851995,0.41428225611232145,0.4722222222222222,108.0,0.5806451612903226,0.6,0.5625,32.0,0.0,0.0,0.0,8.0,0.5542168674698795,0.45098039215686275,0.71875,32.0,0.3508771929824561,0.37037037037037035,0.3333333333333333,30.0,0.0,0.0,0.0,6.0
p_1820,0.2669735124440386,0.2651709401709402,0.27430570429071177,0.3144999972415106,0.3119361348528016,0.32407407407407407,108.0,0.33962264150943394,0.375,0.3103448275862069,29.0,0.2564102564102564,0.2777777777777778,0.23809523809523808,21.0,0.4489795918367347,0.4230769230769231,0.4782608695652174,23.0,0.2898550724637681,0.25,0.3448275862068966,29.0,0.0,0.0,0.0,6.0
p_1821,0.3626884743163813,0.4966094481486736,0.3727272727272727,0.46558480279410513,0.49283586324301315,0.5092592592592593,108.0,0.3076923076923077,0.42105263157894735,0.24242424242424243,33.0,0.0,0.0,0.0,6.0,0.6153846153846154,0.5714285714285714,0.6666666666666666,30.0,0.6046511627906976,0.49056603773584906,0.7878787878787878,33.0,0.2857142857142857,1.0,0.16666666666666666,6.0
p_1822,0.35706470477268437,0.35895041952707857,0.3762446657183499,0.5503650604009027,0.5539667203435319,0.5833333333333334,108.0,0.4888888888888889,0.4782608695652174,0.5,22.0,0.0,0.0,0.0,5.0,0.7157894736842105,0.5964912280701754,0.8947368421052632,38.0,0.5806451612903226,0.72,0.4864864864864865,37.0,0.0,0.0,0.0,6.0
p_1823,0.26850574712643677,0.325438596491228,0.28544116999251135,0.426649638143891,0.458617608836907,0.49074074074074076,108.0,0.4,0.42105263157894735,0.38095238095238093,21.0,0.0,0.0,0.0,11.0,0.27586206896551724,0.6666666666666666,0.17391304347826086,23.0,0.6666666666666666,0.5394736842105263,0.8723404255319149,47.0,0.0,0.0,0.0,6.0
p_1824,0.3127731092436975,0.40748753561253553,0.29198315001510966,0.36228602552131967,0.39756161298406667,0.37962962962962965,108.0,0.35714285714285715,0.37037037037037035,0.3448275862068966,29.0,0.5333333333333333,1.0,0.36363636363636365,11.0,0.23529411764705882,0.3076923076923077,0.19047619047619047,21.0,0.4380952380952381,0.359375,0.5609756097560976,41.0,0.0,0.0,0.0,6.0
p_1825,0.21782945736434112,0.4123563218390805,0.24077380952380953,0.31939061154177434,0.4198595146871009,0.4074074074074074,108.0,0.25,0.625,0.15625,32.0,0.25,1.0,0.14285714285714285,7.0,0.5891472868217055,0.4367816091954023,0.9047619047619048,42.0,0.0,0.0,0.0,21.0,0.0,0.0,0.0,6.0
p_1826,0.3509938090583252,0.4475918570009931,0.4316771159874608,0.4195358603960755,0.5709547059472582,0.4722222222222222,108.0,0.4444444444444444,0.375,0.5454545454545454,22.0,0.4444444444444444,0.3157894736842105,0.75,8.0,0.24242424242424243,1.0,0.13793103448275862,29.0,0.6236559139784946,0.5471698113207547,0.725,40.0,0.0,0.0,0.0,9.0
p_1827,0.19355568117580554,0.1615262321144674,0.24166666666666664,0.3534953834558131,0.2935877053524112,0.4444444444444444,108.0,0.6229508196721312,0.5135135135135135,0.7916666666666666,48.0,0.0,0.0,0.0,7.0,0.3448275862068966,0.29411764705882354,0.4166666666666667,24.0,0.0,0.0,0.0,20.0,0.0,0.0,0.0,9.0
p_1828,0.2671062271062271,0.3122994652406417,0.27739898989898987,0.415995115995116,0.42853370304350696,0.46296296296296297,108.0,0.5714285714285714,0.47058823529411764,0.7272727272727273,44.0,0.0,0.0,0.0,5.0,0.3333333333333333,0.6666666666666666,0.2222222222222222,18.0,0.4307692307692308,0.42424242424242425,0.4375,32.0,0.0,0.0,0.0,9.0
p_1829,0.30159530261969286,0.47302884615384616,0.2971139971139971,0.37556676369232833,0.43640491452991453,0.4074074074074074,108.0,0.24390243902439024,0.25,0.23809523809523808,21.0,0.24,0.23076923076923078,0.25,12.0,0.25,0.4,0.18181818181818182,22.0,0.5740740740740741,0.484375,0.7045454545454546,44.0,0.2,1.0,0.1111111111111111,9.0
p_1830,0.3973877429759783,0.37803450711330844,0.46818807790674805,0.48843260648816206,0.4819897084048027,0.5277777777777778,108.0,0.6868686868686869,0.6415094339622641,0.7391304347826086,46.0,0.625,0.45454545454545453,1.0,10.0,0.29411764705882354,0.29411764705882354,0.29411764705882354,17.0,0.38095238095238093,0.5,0.3076923076923077,26.0,0.0,0.0,0.0,9.0
p_1831,0.25046742730953253,0.2357761217694625,0.27714285714285714,0.3424221976853556,0.3141174708877262,0.3888888888888889,108.0,0.5454545454545454,0.4528301886792453,0.6857142857142857,35.0,0.3384615384615385,0.3142857142857143,0.36666666666666664,30.0,0.0,0.0,0.0,13.0,0.3684210526315789,0.4117647058823529,0.3333333333333333,21.0,0.0,0.0,0.0,9.0
p_1832,0.2659207459207459,0.2677777777777778,0.2981052631578947,0.34341707675041006,0.33173868312757204,0.4074074074074074,108.0,0.509090909090909,0.3888888888888889,0.7368421052631579,38.0,0.358974358974359,0.5,0.28,25.0,0.0,0.0,0.0,17.0,0.46153846153846156,0.45,0.47368421052631576,19.0,0.0,0.0,0.0,9.0
p_1833,0.2608410182946847,0.23823924731182794,0.301000351000351,0.34569200023433466,0.3238936180804461,0.3888888888888889,108.0,0.48148148148148145,0.40625,0.5909090909090909,22.0,0.0,0.0,0.0,12.0,0.4117647058823529,0.45161290322580644,0.3783783783783784,37.0,0.410958904109589,0.3333333333333333,0.5357142857142857,28.0,0.0,0.0,0.0,9.0
p_1834,0.274887794198139,0.2542700223667131,0.31379895938719465,0.3228886658963287,0.30736809981510144,0.35185185185185186,108.0,0.31746031746031744,0.3448275862068966,0.29411764705882354,34.0,0.4666666666666667,0.3684210526315789,0.6363636363636364,11.0,0.4523809523809524,0.40425531914893614,0.5135135135135135,37.0,0.13793103448275862,0.15384615384615385,0.125,16.0,0.0,0.0,0.0,10.0
p_1835,0.21452450245465501,0.2386549707602339,0.2537081339712918,0.29989460607386936,0.30482185401776046,0.37037037037037035,108.0,0.17647058823529413,0.3,0.125,24.0,0.27586206896551724,0.2222222222222222,0.36363636363636365,11.0,0.5333333333333333,0.42105263157894735,0.7272727272727273,44.0,0.08695652173913043,0.25,0.05263157894736842,19.0,0.0,0.0,0.0,10.0
p_1836,0.17957124842370745,0.15276575276575274,0.22400000000000003,0.3171267105693335,0.2633923004293375,0.4074074074074074,108.0,0.0,0.0,0.0,22.0,0.0,0.0,0.0,6.0,0.5901639344262295,0.4675324675324675,0.8,45.0,0.3076923076923077,0.2962962962962963,0.32,25.0,0.0,0.0,0.0,10.0
p_1837,0.23378787878787874,0.2572939197308339,0.26433566433566436,0.3576248597081931,0.3657524232956821,0.42592592592592593,108.0,0.32727272727272727,0.47368421052631576,0.25,36.0,0.13333333333333333,0.25,0.09090909090909091,11.0,0.625,0.4794520547945205,0.8974358974358975,39.0,0.08333333333333333,0.08333333333333333,0.08333333333333333,12.0,0.0,0.0,0.0,10.0
p_1838,0.37762358464512563,0.4026470588235294,0.4108291395099414,0.4407206675053955,0.46736111111111117,0.48148148148148145,108.0,0.5294117647058824,0.4,0.782608695652174,23.0,0.375,0.5,0.3,10.0,0.39215686274509803,0.5882352941176471,0.29411764705882354,34.0,0.5915492957746479,0.525,0.6774193548387096,31.0,0.0,0.0,0.0,10.0
p_1839,0.3734984690842077,0.3666666666666667,0.3878242484733357,0.4559998086691163,0.44012345679012344,0.48148148148148145,108.0,0.5555555555555556,0.6,0.5172413793103449,29.0,0.3076923076923077,0.3333333333333333,0.2857142857142857,7.0,0.45161290322580644,0.4,0.5185185185185185,27.0,0.5526315789473685,0.5,0.6176470588235294,34.0,0.0,0.0,0.0,11.0
p_1840,0.24267400183379179,0.2629192881126735,0.25907748165812683,0.30574094140819147,0.3040338329413632,0.3425925925925926,108.0,0.13953488372093023,0.17647058823529413,0.11538461538461539,26.0,0.2,0.3333333333333333,0.14285714285714285,7.0,0.4222222222222222,0.3220338983050847,0.6129032258064516,31.0,0.45161290322580644,0.4827586206896552,0.42424242424242425,33.0,0.0,0.0,0.0,11.0
p_1841,0.2910913690989593,0.2795112781954887,0.30727272727272725,0.32167705411696557,0.3065389167362852,0.3425925925925926,108.0,0.29411764705882354,0.2857142857142857,0.30303030303030304,33.0,0.3870967741935484,0.375,0.4,15.0,0.42424242424242425,0.3684210526315789,0.5,28.0,0.35,0.3684210526315789,0.3333333333333333,21.0,0.0,0.0,0.0,11.0
p_1842,0.3330143540669856,0.4340350877192982,0.3292217471784035,0.42941106976194693,0.4916666666666667,0.4444444444444444,108.0,0.5614035087719298,0.5333333333333333,0.5925925925925926,54.0,0.3333333333333333,0.4,0.2857142857142857,7.0,0.3157894736842105,0.23684210526315788,0.47368421052631576,19.0,0.45454545454545453,1.0,0.29411764705882354,17.0,0.0,0.0,0.0,11.0
p_1843,0.29702380952380947,0.26586844050258684,0.3448160535117057,0.3877039241622575,0.3494867372916154,0.4444444444444444,108.0,0.4375,0.34146341463414637,0.6086956521739131,23.0,0.0,0.0,0.0,15.0,0.5714285714285714,0.5333333333333333,0.6153846153846154,39.0,0.47619047619047616,0.45454545454545453,0.5,20.0,0.0,0.0,0.0,11.0
p_1844,0.2715393537696769,0.2387086247086247,0.3209604086845466,0.34384685016416583,0.30148169731503066,0.4074074074074074,108.0,0.4788732394366197,0.38636363636363635,0.6296296296296297,27.0,0.0,0.0,0.0,16.0,0.5588235294117647,0.48717948717948717,0.6551724137931034,29.0,0.32,0.32,0.32,25.0,0.0,0.0,0.0,11.0
p_1845,0.27925407925407925,0.2582417582417582,0.32520876313979763,0.3526374859708193,0.3279660154660155,0.4074074074074074,108.0,0.0,0.0,0.0,15.0,0.48717948717948717,0.36538461538461536,0.7307692307692307,26.0,0.4727272727272727,0.4642857142857143,0.48148148148148145,27.0,0.43636363636363634,0.46153846153846156,0.41379310344827586,29.0,0.0,0.0,0.0,11.0
p_1846,0.18505817513778322,0.24282828282828284,0.2351421188630491,0.28788755074731803,0.2982229704451927,0.4166666666666667,108.0,0.0,0.0,0.0,20.0,0.0,0.0,0.0,16.0,0.5774647887323944,0.41414141414141414,0.9534883720930233,43.0,0.34782608695652173,0.8,0.2222222222222222,18.0,0.0,0.0,0.0,11.0
p_1847,0.19237933625851494,0.17030075187969923,0.22186907020872865,0.2378517423146644,0.20848997493734334,0.2777777777777778,108.0,0.28169014084507044,0.25,0.3225806451612903,31.0,0.34285714285714286,0.3157894736842105,0.375,16.0,0.3373493975903614,0.2857142857142857,0.4117647058823529,34.0,0.0,0.0,0.0,16.0,0.0,0.0,0.0,11.0
p_1848,0.29184835076427995,0.4687633262260128,0.29083933968844455,0.3919939624862191,0.45298803601042403,0.4351851851851852,108.0,0.3125,0.3333333333333333,0.29411764705882354,17.0,0.13333333333333333,0.25,0.09090909090909091,11.0,0.6194690265486725,0.5223880597014925,0.7608695652173914,46.0,0.22727272727272727,0.23809523809523808,0.21739130434782608,23.0,0.16666666666666666,1.0,0.09090909090909091,11.0
p_1849,0.3588871912401324,0.3543181818181818,0.3896551724137931,0.44938177291118464,0.44873737373737377,0.4722222222222222,108.0,0.5952380952380952,0.5681818181818182,0.625,40.0,0.2727272727272727,0.3,0.25,12.0,0.4166666666666667,0.3125,0.625,16.0,0.5098039215686274,0.5909090909090909,0.4482758620689655,29.0,0.0,0.0,0.0,11.0
p_1850,0.25199168133098704,0.22634206471494606,0.2892929292929293,0.30594808534338214,0.2694253267134623,0.3611111111111111,108.0,0.5531914893617021,0.52,0.5909090909090909,22.0,0.42105263157894735,0.3389830508474576,0.5555555555555556,36.0,0.0,0.0,0.0,16.0,0.2857142857142857,0.2727272727272727,0.3,20.0,0.0,0.0,0.0,14.0
p_1851,0.2986598922457887,0.2971414550361918,0.30972222222222223,0.3395151186786596,0.3313010900730199,0.3611111111111111,108.0,0.3225806451612903,0.3333333333333333,0.3125,16.0,0.5116279069767442,0.5789473684210527,0.4583333333333333,24.0,0.4090909090909091,0.34615384615384615,0.5,36.0,0.25,0.22727272727272727,0.2777777777777778,18.0,0.0,0.0,0.0,14.0
p_1852,0.2164341085271318,0.1823170731707317,0.2729483282674772,0.37464829170255526,0.3064306684733514,0.49074074074074076,108.0,0.6821705426356589,0.5365853658536586,0.9361702127659575,47.0,0.0,0.0,0.0,12.0,0.4,0.375,0.42857142857142855,21.0,0.0,0.0,0.0,13.0,0.0,0.0,0.0,15.0
p_1853,0.28456659619450314,0.2569876819708846,0.3566525008172605,0.3846409834781928,0.3739340964704907,0.4351851851851852,108.0,0.6046511627906976,0.65,0.5652173913043478,46.0,0.36363636363636365,0.3157894736842105,0.42857142857142855,14.0,0.45454545454545453,0.3191489361702128,0.7894736842105263,19.0,0.0,0.0,0.0,11.0,0.0,0.0,0.0,18.0
p_1854,0.24761847498221248,0.21665497076023393,0.294357515410147,0.3259985977820609,0.28340264240849034,0.3888888888888889,108.0,0.5161290322580645,0.42105263157894735,0.6666666666666666,24.0,0.0,0.0,0.0,9.0,0.5057471264367817,0.44,0.5945945945945946,37.0,0.21621621621621623,0.2222222222222222,0.21052631578947367,19.0,0.0,0.0,0.0,19.0
p_1855,0.26929651145107825,0.24151515151515152,0.3214076246334311,0.31799933087989296,0.2904320987654321,0.37037037037037035,108.0,0.5245901639344263,0.5333333333333333,0.5161290322580645,31.0,0.0,0.0,0.0,13.0,0.3673469387755102,0.3333333333333333,0.4090909090909091,22.0,0.45454545454545453,0.3409090909090909,0.6818181818181818,22.0,0.0,0.0,0.0,20.0
p_1856,0.31631687561265026,0.3079160419790105,0.3569629629629629,0.3468326339805213,0.339685712699206,0.3888888888888889,108.0,0.4642857142857143,0.4482758620689655,0.48148148148148145,27.0,0.5070422535211268,0.391304347826087,0.72,25.0,0.41025641025641024,0.5333333333333333,0.3333333333333333,24.0,0.2,0.16666666666666666,0.25,12.0,0.0,0.0,0.0,20.0
p_1857,0.23535762483130904,0.20285714285714285,0.28119148936170213,0.397760783725696,0.33955026455026455,0.48148148148148145,108.0,0.5614035087719298,0.5,0.64,25.0,0.0,0.0,0.0,4.0,0.6153846153846154,0.5142857142857142,0.7659574468085106,47.0,0.0,0.0,0.0,12.0,0.0,0.0,0.0,20.0
p_1858,0.27578397044176917,0.28846153846153844,0.28511198945981553,0.26016921182479363,0.2679843304843305,0.2777777777777778,108.0,0.2711864406779661,0.25,0.2962962962962963,27.0,0.3783783783783784,0.5,0.30434782608695654,23.0,0.25316455696202533,0.19230769230769232,0.37037037037037035,27.0,0.47619047619047616,0.5,0.45454545454545453,11.0,0.0,0.0,0.0,20.0
p_1859,0.1895902547065338,0.35292682926829266,0.21555041628122112,0.3163734055206924,0.4401648599819331,0.3888888888888889,108.0,0.5271317829457365,0.4146341463414634,0.723404255319149,47.0,0.0,0.0,0.0,11.0,0.32558139534883723,0.35,0.30434782608695654,23.0,0.0,0.0,0.0,7.0,0.09523809523809523,1.0,0.05,20.0
p_1860,0.24216524216524218,0.23262140859394864,0.27192307692307693,0.3277936055713834,0.3011837161341357,0.3888888888888889,108.0,0.3333333333333333,0.3888888888888889,0.2916666666666667,24.0,0.0,0.0,0.0,5.0,0.5185185185185185,0.4057971014492754,0.717948717948718,39.0,0.358974358974359,0.3684210526315789,0.35,20.0,0.0,0.0,0.0,20.0
p_1861,0.37960424710424706,0.517700085758162,0.42023809523809524,0.3689881846131846,0.5277293033645121,0.4074074074074074,108.0,0.17142857142857143,0.21428571428571427,0.14285714285714285,21.0,0.5,0.3620689655172414,0.8076923076923077,26.0,0.3783783783783784,0.5384615384615384,0.2916666666666667,24.0,0.5625,0.47368421052631576,0.6923076923076923,13.0,0.2857142857142857,1.0,0.16666666666666666,24.0
p_1862,0.205055400086456,0.18424242424242424,0.23996212121212118,0.25749222022513946,0.23426861204638982,0.2962962962962963,108.0,0.24489795918367346,0.2222222222222222,0.2727272727272727,22.0,0.0,0.0,0.0,5.0,0.3188405797101449,0.24444444444444444,0.4583333333333333,24.0,0.46153846153846156,0.45454545454545453,0.46875,32.0,0.0,0.0,0.0,25.0
p_1863,0.30182226826129266,0.43947538337368847,0.33689312960412704,0.300707002007815,0.46721033987983135,0.3333333333333333,108.0,0.08,0.14285714285714285,0.05555555555555555,18.0,0.2857142857142857,0.3333333333333333,0.25,24.0,0.3902439024390244,0.2711864406779661,0.6956521739130435,23.0,0.4864864864864865,0.45,0.5294117647058824,17.0,0.26666666666666666,1.0,0.15384615384615385,26.0
p_1864,0.28171617161716167,0.4564102564102564,0.312012278600154,0.3685484337907475,0.5562678062678063,0.4166666666666667,108.0,0.4752475247524752,0.3333333333333333,0.8275862068965517,29.0,0.0,0.0,0.0,6.0,0.10526315789473684,0.3333333333333333,0.0625,16.0,0.5614035087719298,0.6153846153846154,0.5161290322580645,31.0,0.26666666666666666,1.0,0.15384615384615385,26.0
p_1865,0.3131611588917092,0.42635327635327636,0.3611154684095861,0.33745914462233245,0.48952068165031126,0.37962962962962965,108.0,0.4155844155844156,0.3076923076923077,0.64,25.0,0.0,0.0,0.0,12.0,0.39215686274509803,0.4166666666666667,0.37037037037037035,27.0,0.5,0.4074074074074074,0.6470588235294118,17.0,0.25806451612903225,1.0,0.14814814814814814,27.0
p_1866,0.18319028340080973,0.1704843350383632,0.22201585749972846,0.238239616134353,0.21708826193520886,0.2962962962962963,108.0,0.0,0.0,0.0,12.0,0.0,0.0,0.0,16.0,0.15384615384615385,0.17647058823529413,0.13636363636363635,22.0,0.4421052631578947,0.328125,0.6774193548387096,31.0,0.32,0.34782608695652173,0.2962962962962963,27.0
p_1867,0.2646054351565187,0.24966932381120022,0.29137801769380717,0.3112152021302348,0.2883199731025818,0.35185185185185186,108.0,0.0,0.0,0.0,16.0,0.5176470588235295,0.4230769230769231,0.6666666666666666,33.0,0.2631578947368421,0.2631578947368421,0.2631578947368421,19.0,0.2222222222222222,0.21428571428571427,0.23076923076923078,13.0,0.32,0.34782608695652173,0.2962962962962963,27.0
p_1868,0.361099811965156,0.4382872200263505,0.37191539365452414,0.4625339152038181,0.5442480359147025,0.5,108.0,0.5217391304347826,0.5217391304347826,0.5217391304347826,23.0,0.0,0.0,0.0,9.0,0.6019417475728155,0.4696969696969697,0.8378378378378378,37.0,0.18181818181818182,0.2,0.16666666666666666,12.0,0.5,1.0,0.3333333333333333,27.0
p_1869,0.2536183374758354,0.2506258234519104,0.2823246496409915,0.2771153865823846,0.2768064095056849,0.3055555555555556,108.0,0.39436619718309857,0.2916666666666667,0.6086956521739131,23.0,0.0,0.0,0.0,16.0,0.3137254901960784,0.36363636363636365,0.27586206896551724,29.0,0.24,0.25,0.23076923076923078,13.0,0.32,0.34782608695652173,0.2962962962962963,27.0
p_1870,0.3292270531400966,0.32362573099415204,0.3422145106355633,0.42283726963678653,0.40321637426900586,0.4537037037037037,108.0,0.5777777777777777,0.5,0.6842105263157895,38.0,0.0,0.0,0.0,9.0,0.45,0.47368421052631576,0.42857142857142855,21.0,0.17391304347826086,0.2,0.15384615384615385,13.0,0.4444444444444444,0.4444444444444444,0.4444444444444444,27.0
p_1871,0.16037935032795114,0.15358554488989273,0.1945887445887446,0.22251129865826227,0.20726938118242466,0.2777777777777778,108.0,0.3883495145631068,0.2857142857142857,0.6060606060606061,33.0,0.0,0.0,0.0,10.0,0.0,0.0,0.0,15.0,0.06060606060606061,0.09090909090909091,0.045454545454545456,22.0,0.35294117647058826,0.391304347826087,0.32142857142857145,28.0
p_1872,0.18136517765000737,0.16863123993558776,0.20837173579109064,0.21521532589644043,0.20371264984791557,0.24074074074074073,108.0,0.0,0.0,0.0,18.0,0.0,0.0,0.0,16.0,0.3157894736842105,0.26666666666666666,0.3870967741935484,31.0,0.23809523809523808,0.18518518518518517,0.3333333333333333,15.0,0.35294117647058826,0.391304347826087,0.32142857142857145,28.0
p_1873,0.24785188216039278,0.4059728506787331,0.29153319798481087,0.3110688685821665,0.536165577342048,0.37962962962962965,108.0,0.6382978723404256,0.6,0.6818181818181818,22.0,0.0,0.0,0.0,6.0,0.46153846153846156,0.35294117647058826,0.6666666666666666,36.0,0.07692307692307693,0.07692307692307693,0.07692307692307693,13.0,0.0625,1.0,0.03225806451612903,31.0
p_1874,0.18108579907480143,0.3136842105263158,0.2260309582890228,0.2820178671295892,0.4460038986354775,0.37962962962962965,108.0,0.5223880597014925,0.3684210526315789,0.8974358974358975,39.0,0.10526315789473684,0.2,0.07142857142857142,14.0,0.0,0.0,0.0,13.0,0.0,0.0,0.0,11.0,0.2777777777777778,1.0,0.16129032258064516,31.0
p_1875,0.3418220042647583,0.3334920634920635,0.37175353843546066,0.38394773311365965,0.383179012345679,0.4074074074074074,108.0,0.5531914893617021,0.4642857142857143,0.6842105263157895,19.0,0.0,0.0,0.0,9.0,0.3793103448275862,0.3142857142857143,0.4782608695652174,23.0,0.35555555555555557,0.4444444444444444,0.2962962962962963,27.0,0.42105263157894735,0.4444444444444444,0.4,30.0
p_1876,0.29698850574712643,0.3545238095238095,0.31991228070175437,0.33097169008088545,0.37804232804232807,0.3611111111111111,108.0,0.4533333333333333,0.3333333333333333,0.7083333333333334,24.0,0.3333333333333333,0.375,0.3,20.0,0.25,0.6,0.15789473684210525,19.0,0.0,0.0,0.0,15.0,0.4482758620689655,0.4642857142857143,0.43333333333333335,30.0
p_1877,0.2892497248500157,0.3025034463744142,0.306249321168676,0.32857730738437996,0.33042255103186996,0.35185185185185186,108.0,0.3333333333333333,0.28205128205128205,0.4074074074074074,27.0,0.11764705882352941,0.2,0.08333333333333333,12.0,0.09090909090909091,0.16666666666666666,0.0625,16.0,0.49056603773584906,0.41935483870967744,0.5909090909090909,22.0,0.41379310344827586,0.4444444444444444,0.3870967741935484,31.0
p_1878,0.3456437389770723,0.45281531531531527,0.3556585592769803,0.39056682343719384,0.5225381631631631,0.4074074074074074,108.0,0.26666666666666666,0.3333333333333333,0.2222222222222222,18.0,0.2222222222222222,0.3333333333333333,0.16666666666666666,6.0,0.5679012345679012,0.4791666666666667,0.696969696969697,33.0,0.32142857142857145,0.24324324324324326,0.47368421052631576,19.0,0.35,0.875,0.21875,32.0
p_1879,0.21730580137659788,0.2894230769230769,0.26715049656226125,0.2996467460577588,0.41920405982905984,0.37037037037037035,108.0,0.5309734513274337,0.38461538461538464,0.8571428571428571,35.0,0.0,0.0,0.0,6.0,0.0,0.0,0.0,22.0,0.2222222222222222,0.1875,0.2727272727272727,11.0,0.3333333333333333,0.875,0.20588235294117646,34.0
p_1880,0.27297076936421194,0.3532828282828283,0.29492006033182505,0.3342315513535914,0.4697437336326225,0.35185185185185186,108.0,0.14814814814814814,0.16666666666666666,0.13333333333333333,15.0,0.0,0.0,0.0,8.0,0.45714285714285713,0.36363636363636365,0.6153846153846154,26.0,0.4262295081967213,0.3611111111111111,0.52,25.0,0.3333333333333333,0.875,0.20588235294117646,34.0
p_1881,0.2211549183592194,0.2122962962962963,0.243963133640553,0.3057694293257814,0.2980727023319616,0.3333333333333333,108.0,0.41975308641975306,0.34,0.5483870967741935,31.0,0.0,0.0,0.0,4.0,0.26666666666666666,0.24,0.3,20.0,0.0,0.0,0.0,18.0,0.41935483870967744,0.48148148148148145,0.37142857142857144,35.0
p_1882,0.27979498657957463,0.3017671517671518,0.29445296959363454,0.31443963554560056,0.33584546084546085,0.32407407407407407,108.0,0.16666666666666666,0.23076923076923078,0.13043478260869565,23.0,0.27906976744186046,0.23076923076923078,0.35294117647058826,17.0,0.14285714285714285,0.25,0.1,10.0,0.3728813559322034,0.2972972972972973,0.5,22.0,0.4375,0.5,0.3888888888888889,36.0
p_1883,0.3241840330212423,0.3213419173419173,0.33959654037053416,0.3387158778631647,0.3478840295506962,0.3425925925925926,108.0,0.5909090909090909,0.52,0.6842105263157895,19.0,0.2,0.23076923076923078,0.17647058823529413,17.0,0.2777777777777778,0.23809523809523808,0.3333333333333333,15.0,0.13953488372093023,0.13636363636363635,0.14285714285714285,21.0,0.4126984126984127,0.48148148148148145,0.3611111111111111,36.0
p_1884,0.2339254385964912,0.23188455008488962,0.24393162393162396,0.3072713612735543,0.3106017732503301,0.3148148148148148,108.0,0.28125,0.23684210526315788,0.34615384615384615,26.0,0.0,0.0,0.0,10.0,0.1,0.1,0.1,10.0,0.3508771929824561,0.3225806451612903,0.38461538461538464,26.0,0.4375,0.5,0.3888888888888889,36.0
p_1885,0.3710606060606061,0.3695374126662159,0.3770537958773253,0.38287387766554426,0.39211747385203555,0.37962962962962965,108.0,0.36363636363636365,0.3448275862068966,0.38461538461538464,26.0,0.4666666666666667,0.4375,0.5,14.0,0.1875,0.17647058823529413,0.2,15.0,0.4,0.3888888888888889,0.4117647058823529,17.0,0.4375,0.5,0.3888888888888889,36.0
p_1886,0.2920518988686974,0.28449406344143185,0.3290501792114695,0.3319228279666502,0.3470154764014413,0.3425925925925926,108.0,0.2641509433962264,0.3181818181818182,0.22580645161290322,31.0,0.0,0.0,0.0,7.0,0.42857142857142855,0.3333333333333333,0.6,10.0,0.3548387096774194,0.2894736842105263,0.4583333333333333,24.0,0.4126984126984127,0.48148148148148145,0.3611111111111111,36.0
p_1887,0.2948723435589108,0.3120918828235901,0.29723894463024897,0.3347800430138739,0.3596216716135416,0.3333333333333333,108.0,0.3880597014925373,0.3170731707317073,0.5,26.0,0.08333333333333333,0.07142857142857142,0.1,10.0,0.2702702702702703,0.35714285714285715,0.21739130434782608,23.0,0.32,0.3333333333333333,0.3076923076923077,13.0,0.4126984126984127,0.48148148148148145,0.3611111111111111,36.0
p_1888,0.35620613429124065,0.41309545761878413,0.3826058201058201,0.39337025267876335,0.508525359522655,0.39814814814814814,108.0,0.4642857142857143,0.4482758620689655,0.48148148148148145,27.0,0.14285714285714285,0.16666666666666666,0.125,8.0,0.4727272727272727,0.38235294117647056,0.6190476190476191,21.0,0.3181818181818182,0.25,0.4375,16.0,0.3829787234042553,0.8181818181818182,0.25,36.0
p_1889,0.29412591625242224,0.31352791461412155,0.29946969696969694,0.3427747665097063,0.3603287113057228,0.35185185185185186,108.0,0.3855421686746988,0.32,0.48484848484848486,33.0,0.18181818181818182,0.16666666666666666,0.2,5.0,0.16,0.2857142857142857,0.1111111111111111,18.0,0.3125,0.3125,0.3125,16.0,0.4307692307692308,0.4827586206896552,0.3888888888888889,36.0
p_1890,0.2636868686868687,0.24931174089068828,0.28879892037786775,0.3051674148896371,0.2981031638926376,0.32407407407407407,108.0,0.375,0.3157894736842105,0.46153846153846156,26.0,0.2222222222222222,0.2,0.25,8.0,0.26666666666666666,0.23076923076923078,0.3157894736842105,19.0,0.0,0.0,0.0,19.0,0.45454545454545453,0.5,0.4166666666666667,36.0
p_1891,0.26654251545555896,0.25738505747126433,0.29172008547008543,0.32692551678058923,0.32002447850149,0.35185185185185186,108.0,0.425,0.3541666666666667,0.53125,32.0,0.30303030303030304,0.25,0.38461538461538464,13.0,0.17391304347826086,0.2,0.15384615384615385,13.0,0.0,0.0,0.0,14.0,0.4307692307692308,0.4827586206896552,0.3888888888888889,36.0
p_1892,0.2937832279426197,0.29744458128078816,0.31821535821535823,0.3632479240289247,0.3656623449188104,0.3888888888888889,108.0,0.44776119402985076,0.375,0.5555555555555556,27.0,0.0,0.0,0.0,8.0,0.41509433962264153,0.34375,0.5238095238095238,21.0,0.18181818181818182,0.2857142857142857,0.13333333333333333,15.0,0.42424242424242425,0.4827586206896552,0.3783783783783784,37.0
p_1893,0.3062356240961985,0.3027788303650373,0.3186886626886627,0.3375860307642095,0.3434081138104127,0.3425925925925926,108.0,0.2807017543859649,0.22857142857142856,0.36363636363636365,22.0,0.0,0.0,0.0,10.0,0.5517241379310345,0.5333333333333333,0.5714285714285714,14.0,0.27450980392156865,0.2692307692307692,0.28,25.0,0.42424242424242425,0.4827586206896552,0.3783783783783784,37.0
p_1894,0.2621369143190775,0.2511920729662665,0.2921287001287001,0.3053264730209702,0.304074778873166,0.32407407407407407,108.0,0.11764705882352941,0.15384615384615385,0.09523809523809523,21.0,0.0,0.0,0.0,10.0,0.46153846153846156,0.375,0.6,15.0,0.2903225806451613,0.24324324324324326,0.36,25.0,0.4411764705882353,0.4838709677419355,0.40540540540540543,37.0
p_1895,0.25501567398119124,0.26367579503558686,0.2623423423423424,0.3530153063199041,0.3577693000269448,0.37037037037037035,108.0,0.4772727272727273,0.39622641509433965,0.6,35.0,0.0,0.0,0.0,6.0,0.16666666666666666,0.16666666666666666,0.16666666666666666,12.0,0.20689655172413793,0.2727272727272727,0.16666666666666666,18.0,0.42424242424242425,0.4827586206896552,0.3783783783783784,37.0
p_1896,0.33405511082930434,0.33673644667559477,0.34234234234234234,0.3626881524730987,0.36863268658400505,0.37037037037037035,108.0,0.16216216216216217,0.17647058823529413,0.15,20.0,0.26666666666666666,0.2857142857142857,0.25,8.0,0.4838709677419355,0.40540540540540543,0.6,25.0,0.3333333333333333,0.3333333333333333,0.3333333333333333,18.0,0.42424242424242425,0.4827586206896552,0.3783783783783784,37.0
p_1897,0.26316889828517737,0.2696858004634967,0.290023254023254,0.32060908394887727,0.3349854785260753,0.3425925925925926,108.0,0.4722222222222222,0.3617021276595745,0.68,25.0,0.13333333333333333,0.1111111111111111,0.16666666666666666,6.0,0.1,0.14285714285714285,0.07692307692307693,13.0,0.18604651162790697,0.25,0.14814814814814814,27.0,0.42424242424242425,0.4827586206896552,0.3783783783783784,37.0
p_1898,0.26022558048306654,0.270159151193634,0.2741242897643026,0.33423962097453214,0.3499422831319383,0.3425925925925926,108.0,0.35294117647058826,0.3076923076923077,0.41379310344827586,29.0,0.0,0.0,0.0,6.0,0.3404255319148936,0.27586206896551724,0.4444444444444444,18.0,0.16,0.25,0.11764705882352941,17.0,0.44776119402985076,0.5172413793103449,0.39473684210526316,38.0
p_1899,0.307706863748446,0.44996481351161155,0.30600364547732967,0.3992056673476713,0.44191623009357,0.4166666666666667,108.0,0.37735849056603776,0.3448275862068966,0.4166666666666667,24.0,0.0,0.0,0.0,6.0,0.4634146341463415,0.3877551020408163,0.5757575757575758,33.0,0.25,1.0,0.14285714285714285,7.0,0.44776119402985076,0.5172413793103449,0.39473684210526316,38.0
p_1900,0.31275710284113645,0.4023076923076923,0.32634310134310135,0.4420242170942451,0.5702279202279202,0.49074074074074076,108.0,0.6,0.46153846153846156,0.8571428571428571,42.0,0.0,0.0,0.0,1.0,0.16666666666666666,0.25,0.125,8.0,0.47058823529411764,0.5,0.4444444444444444,18.0,0.32653061224489793,0.8,0.20512820512820512,39.0
p_1901,0.2414874834847475,0.24703103913630228,0.2669558511663775,0.2779185173926016,0.302054905782976,0.26851851851851855,108.0,0.15384615384615385,0.15384615384615385,0.15384615384615385,26.0,0.2222222222222222,0.15,0.42857142857142855,7.0,0.07692307692307693,0.07692307692307693,0.07692307692307693,13.0,0.37209302325581395,0.42105263157894735,0.3333333333333333,24.0,0.38235294117647056,0.43333333333333335,0.34210526315789475,38.0
p_1902,0.18731554160125588,0.24320625610948193,0.2473684210526316,0.32426594569451717,0.42417906665218497,0.42592592592592593,108.0,0.5692307692307692,0.3978494623655914,1.0,37.0,0.0,0.0,0.0,7.0,0.0,0.0,0.0,13.0,0.0,0.0,0.0,13.0,0.3673469387755102,0.8181818181818182,0.23684210526315788,38.0
p_1903,0.3071927719784297,0.3253113800781144,0.32715699505173196,0.3426858413910373,0.38451530856308863,0.3425925925925926,108.0,0.1875,0.17647058823529413,0.2,15.0,0.23529411764705882,0.2222222222222222,0.25,8.0,0.3793103448275862,0.28205128205128205,0.5789473684210527,19.0,0.2926829268292683,0.42857142857142855,0.2222222222222222,27.0,0.4411764705882353,0.5172413793103449,0.38461538461538464,39.0
p_1904,0.27151611928703984,0.3430911330049261,0.2784382284382284,0.3448297840371985,0.3984548896186827,0.37037037037037035,108.0,0.425531914893617,0.3125,0.6666666666666666,30.0,0.0,0.0,0.0,5.0,0.35294117647058826,0.6,0.25,12.0,0.13793103448275862,0.2857142857142857,0.09090909090909091,22.0,0.4411764705882353,0.5172413793103449,0.38461538461538464,39.0
p_1905,0.32268973040361537,0.3696545284780579,0.3939393939393939,0.33691539833428563,0.4675709790088876,0.3888888888888889,108.0,0.4444444444444444,0.3333333333333333,0.6666666666666666,24.0,0.0,0.0,0.0,8.0,0.5,0.4117647058823529,0.6363636363636364,11.0,0.45161290322580644,0.3888888888888889,0.5384615384615384,26.0,0.21739130434782608,0.7142857142857143,0.1282051282051282,39.0
p_1906,0.24041487698927275,0.240891861761427,0.25064102564102564,0.31076060885546386,0.32059127131590903,0.3148148148148148,108.0,0.3076923076923077,0.2564102564102564,0.38461538461538464,26.0,0.0,0.0,0.0,9.0,0.2926829268292683,0.2608695652173913,0.3333333333333333,18.0,0.13793103448275862,0.15384615384615385,0.125,16.0,0.463768115942029,0.5333333333333333,0.41025641025641024,39.0
p_1907,0.2766671886145763,0.28345596432552955,0.30346103172190125,0.3480551640946234,0.3580546265328874,0.37037037037037035,108.0,0.35294117647058826,0.2608695652173913,0.5454545454545454,22.0,0.0,0.0,0.0,12.0,0.11764705882352941,0.2,0.08333333333333333,12.0,0.4489795918367347,0.4230769230769231,0.4782608695652174,23.0,0.463768115942029,0.5333333333333333,0.41025641025641024,39.0
p_1908,0.33736306729264476,0.3396418098031001,0.3400078037904125,0.3785464846693329,0.39179622647364587,0.37037037037037035,108.0,0.25,0.22580645161290322,0.28,25.0,0.375,0.375,0.375,16.0,0.16666666666666666,0.14285714285714285,0.2,5.0,0.4444444444444444,0.45454545454545453,0.43478260869565216,23.0,0.4507042253521127,0.5,0.41025641025641024,39.0
p_1909,0.3067040819213035,0.29809954751131224,0.3293304843304844,0.34942874474712327,0.3594980727333668,0.35185185185185186,108.0,0.2413793103448276,0.20588235294117646,0.2916666666666667,24.0,0.0,0.0,0.0,8.0,0.37735849056603776,0.38461538461538464,0.37037037037037035,27.0,0.48,0.4,0.6,10.0,0.43478260869565216,0.5,0.38461538461538464,39.0
p_1910,0.24791908858405023,0.2470929171811289,0.2779814293258229,0.3108288770053476,0.31950335518157547,0.3333333333333333,108.0,0.08695652173913043,0.14285714285714285,0.0625,16.0,0.0,0.0,0.0,11.0,0.34782608695652173,0.2962962962962963,0.42105263157894735,19.0,0.36363636363636365,0.27906976744186046,0.5217391304347826,23.0,0.4411764705882353,0.5172413793103449,0.38461538461538464,39.0
p_1911,0.24197342811204198,0.3130434782608696,0.3388426524455936,0.27622210939042624,0.4204240472356414,0.35185185185185186,108.0,0.5346534653465347,0.391304347826087,0.84375,32.0,0.26666666666666666,0.17391304347826086,0.5714285714285714,7.0,0.23076923076923078,0.3333333333333333,0.17647058823529413,17.0,0.0,0.0,0.0,13.0,0.17777777777777778,0.6666666666666666,0.10256410256410256,39.0
p_1912,0.25675523770761866,0.26952380952380955,0.26932780669622775,0.27832216774015717,0.2813932980599647,0.2962962962962963,108.0,0.07692307692307693,0.16666666666666666,0.05,20.0,0.26666666666666666,0.3333333333333333,0.2222222222222222,9.0,0.17777777777777778,0.16666666666666666,0.19047619047619047,21.0,0.3673469387755102,0.3,0.47368421052631576,19.0,0.3950617283950617,0.38095238095238093,0.41025641025641024,39.0
p_1913,0.36524284503525195,0.3857397504456328,0.42782017982017984,0.36751706360496184,0.40380933518188417,0.37037037037037035,108.0,0.35294117647058826,0.5,0.2727272727272727,11.0,0.41379310344827586,0.2727272727272727,0.8571428571428571,7.0,0.2857142857142857,0.35294117647058826,0.24,25.0,0.3389830508474576,0.30303030303030304,0.38461538461538464,26.0,0.43478260869565216,0.5,0.38461538461538464,39.0
p_1914,0.3276833701178917,0.31257957728545965,0.3626373626373626,0.38232041907417275,0.38383484707014115,0.39814814814814814,108.0,0.4444444444444444,0.42424242424242425,0.4666666666666667,30.0,0.0,0.0,0.0,10.0,0.37209302325581395,0.2857142857142857,0.5333333333333333,15.0,0.3870967741935484,0.35294117647058826,0.42857142857142855,14.0,0.43478260869565216,0.5,0.38461538461538464,39.0
p_1915,0.16792717086834735,0.14862318840579708,0.20775890775890776,0.23893816785973648,0.2124060654857756,0.28703703703703703,108.0,0.0,0.0,0.0,14.0,0.2857142857142857,0.20833333333333334,0.45454545454545453,22.0,0.0,0.0,0.0,19.0,0.08333333333333333,0.1,0.07142857142857142,14.0,0.47058823529411764,0.43478260869565216,0.5128205128205128,39.0
p_1916,0.2921188670484445,0.2895662021517015,0.31941391941391944,0.3167169684775319,0.32671806879513215,0.3333333333333333,108.0,0.4507042253521127,0.37209302325581395,0.5714285714285714,28.0,0.1,0.14285714285714285,0.07692307692307693,13.0,0.17142857142857143,0.17647058823529413,0.16666666666666666,18.0,0.4,0.3333333333333333,0.5,10.0,0.3384615384615385,0.4230769230769231,0.28205128205128205,39.0
p_1917,0.2657413865445066,0.2929882677708765,0.27385947385947385,0.31107366213534066,0.33294417606011806,0.32407407407407407,108.0,0.14285714285714285,0.3333333333333333,0.09090909090909091,22.0,0.32653061224489793,0.2857142857142857,0.38095238095238093,21.0,0.13333333333333333,0.1111111111111111,0.16666666666666666,12.0,0.2608695652173913,0.3,0.23076923076923078,13.0,0.46511627906976744,0.43478260869565216,0.5,40.0
p_1918,0.32783974077892963,0.3957179487179487,0.32980769230769236,0.36748958311345925,0.4054392212725546,0.37962962962962965,108.0,0.3157894736842105,0.75,0.2,15.0,0.3673469387755102,0.36,0.375,24.0,0.06896551724137931,0.07692307692307693,0.0625,16.0,0.3870967741935484,0.3333333333333333,0.46153846153846156,13.0,0.5,0.4583333333333333,0.55,40.0
p_1919,0.2702686090110025,0.25636363636363635,0.3416439657903073,0.29803056483245804,0.30374579124579126,0.3425925925925926,108.0,0.06060606060606061,0.2,0.03571428571428571,28.0,0.0,0.0,0.0,7.0,0.3103448275862069,0.25,0.4090909090909091,22.0,0.5333333333333333,0.4,0.8,10.0,0.4470588235294118,0.4318181818181818,0.4634146341463415,41.0
p_1920,0.33811737521081103,0.36771072796934867,0.3668421089511477,0.39536159418173683,0.4086193593018307,0.4166666666666667,108.0,0.45614035087719296,0.4482758620689655,0.4642857142857143,28.0,0.2222222222222222,0.3,0.17647058823529413,17.0,0.125,0.3333333333333333,0.07692307692307693,13.0,0.37037037037037035,0.2777777777777778,0.5555555555555556,9.0,0.5168539325842697,0.4791666666666667,0.5609756097560976,41.0
p_1921,0.25118713590095243,0.22916666666666666,0.28702029677639435,0.3546469768332697,0.32652667548500885,0.39814814814814814,108.0,0.2127659574468085,0.23809523809523808,0.19230769230769232,26.0,0.0,0.0,0.0,6.0,0.0,0.0,0.0,13.0,0.5263157894736842,0.42857142857142855,0.6818181818181818,22.0,0.5168539325842697,0.4791666666666667,0.5609756097560976,41.0
p_1922,0.30368838972326706,0.31447146234380274,0.3270261926408179,0.3730580237280104,0.39788312882284516,0.3888888888888889,108.0,0.27586206896551724,0.25,0.3076923076923077,13.0,0.13333333333333333,0.1111111111111111,0.16666666666666666,6.0,0.5263157894736842,0.425531914893617,0.6896551724137931,29.0,0.14814814814814814,0.25,0.10526315789473684,19.0,0.43478260869565216,0.5357142857142857,0.36585365853658536,41.0
p_1923,0.28529629629629627,0.28369586467763186,0.3015934959349594,0.3461162551440329,0.36470084985746504,0.3425925925925926,108.0,0.375,0.391304347826087,0.36,25.0,0.0,0.0,0.0,11.0,0.32,0.26666666666666666,0.4,10.0,0.25925925925925924,0.21212121212121213,0.3333333333333333,21.0,0.4722222222222222,0.5483870967741935,0.4146341463414634,41.0
p_1924,0.27255677655677657,0.3532312925170068,0.27051587301587304,0.32552706552706556,0.3607804232804233,0.3425925925925926,108.0,0.3333333333333333,0.6666666666666666,0.2222222222222222,9.0,0.15,0.125,0.1875,16.0,0.08,0.25,0.047619047619047616,21.0,0.25,0.21428571428571427,0.3,20.0,0.5494505494505495,0.5102040816326531,0.5952380952380952,42.0
p_1925,0.28997811564692416,0.3278787878787879,0.3142773892773893,0.35272172080287156,0.37731130751964087,0.37037037037037035,108.0,0.3225806451612903,0.3125,0.3333333333333333,15.0,0.13333333333333333,0.3333333333333333,0.08333333333333333,12.0,0.27906976744186046,0.2,0.46153846153846156,13.0,0.17142857142857143,0.2727272727272727,0.125,24.0,0.5434782608695652,0.5208333333333334,0.5681818181818182,44.0
p_1926,0.2549652094913482,0.23895210956889418,0.275951825951826,0.309337135552959,0.2984729329016488,0.32407407407407407,108.0,0.0,0.0,0.0,17.0,0.3902439024390244,0.34782608695652173,0.4444444444444444,18.0,0.21052631578947367,0.18181818181818182,0.25,16.0,0.21428571428571427,0.2,0.23076923076923078,13.0,0.45977011494252873,0.46511627906976744,0.45454545454545453,44.0
p_1927,0.3070579990468982,0.32083333333333336,0.30110107284020327,0.3758461114381558,0.37676366843033515,0.37962962962962965,108.0,0.3333333333333333,0.42857142857142855,0.2727272727272727,11.0,0.22727272727272727,0.23809523809523808,0.21739130434782608,23.0,0.2978723404255319,0.2916666666666667,0.30434782608695654,23.0,0.13333333333333333,0.125,0.14285714285714285,7.0,0.5434782608695652,0.5208333333333334,0.5681818181818182,44.0
p_1928,0.22706568793525314,0.20822368421052634,0.32296296296296295,0.3129430955517911,0.3252873213125407,0.35185185185185186,108.0,0.38095238095238093,0.2807017543859649,0.5925925925925926,27.0,0.0,0.0,0.0,12.0,0.0,0.0,0.0,19.0,0.2608695652173913,0.16666666666666666,0.6,5.0,0.4935064935064935,0.59375,0.4222222222222222,45.0
p_1929,0.37245825602968463,0.40549456832475694,0.3667521367521368,0.4298477977049406,0.4336552103847701,0.4444444444444444,108.0,0.2,0.2,0.2,20.0,0.4,0.36363636363636365,0.4444444444444444,18.0,0.125,0.25,0.08333333333333333,12.0,0.5454545454545454,0.6666666666666666,0.46153846153846156,13.0,0.5918367346938775,0.5471698113207547,0.6444444444444445,45.0
p_1930,0.2792762125092952,0.3118279569892473,0.2838026224982747,0.4081742818584924,0.4229959606303692,0.4166666666666667,108.0,0.2857142857142857,0.22580645161290322,0.3888888888888889,18.0,0.3673469387755102,0.42857142857142855,0.32142857142857145,28.0,0.15384615384615385,0.3333333333333333,0.1,10.0,0.0,0.0,0.0,6.0,0.5894736842105263,0.5714285714285714,0.6086956521739131,46.0
p_1931,0.30816993464052284,0.32203510436432636,0.3090689503732982,0.4100248123940935,0.405555262726357,0.42592592592592593,108.0,0.0,0.0,0.0,9.0,0.23529411764705882,0.3333333333333333,0.18181818181818182,11.0,0.3333333333333333,0.2903225806451613,0.391304347826087,23.0,0.3888888888888889,0.4375,0.35,20.0,0.5833333333333334,0.5490196078431373,0.6222222222222222,45.0
p_1932,0.3022743922743923,0.2966666666666667,0.3133596837944664,0.40150065983399313,0.38549382716049374,0.42592592592592593,108.0,0.3,0.3333333333333333,0.2727272727272727,22.0,0.2727272727272727,0.25,0.3,10.0,0.0,0.0,0.0,8.0,0.38095238095238093,0.4,0.36363636363636365,22.0,0.5576923076923077,0.5,0.6304347826086957,46.0
p_1933,0.287876743139901,0.2942708333333333,0.3173233695652174,0.3693607237466886,0.3863811728395061,0.39814814814814814,108.0,0.2222222222222222,0.25,0.2,15.0,0.0,0.0,0.0,15.0,,,,,0.4421052631578947,0.3333333333333333,0.65625,32.0,0.48717948717948717,0.59375,0.41304347826086957,46.0
p_1934,0.22683302711765713,0.261862943447683,0.3176595143986448,0.3032172214432036,0.34745267956322007,0.3148148148148148,108.0,0.19047619047619047,0.1111111111111111,0.6666666666666666,3.0,0.14814814814814814,0.18181818181818182,0.125,16.0,0.08333333333333333,0.3333333333333333,0.047619047619047616,21.0,0.19607843137254902,0.1724137931034483,0.22727272727272727,22.0,0.5161290322580645,0.5106382978723404,0.5217391304347826,46.0
p_1935,0.38322510822510825,0.3815605921855922,0.4354475703324808,0.41640311848645184,0.41363868256229364,0.46296296296296297,108.0,0.2,0.23076923076923078,0.17647058823529413,17.0,0.5714285714285714,0.4444444444444444,0.8,5.0,0.375,0.4,0.35294117647058826,17.0,0.13333333333333333,0.2857142857142857,0.08695652173913043,23.0,0.6363636363636364,0.546875,0.7608695652173914,46.0
p_1936,0.29122410358831086,0.3019895137542196,0.29652904640116917,0.3936814207591501,0.39364587240404236,0.4074074074074074,108.0,0.0,0.0,0.0,7.0,0.3076923076923077,0.4444444444444444,0.23529411764705882,17.0,0.2553191489361702,0.23076923076923078,0.2857142857142857,21.0,0.3157894736842105,0.2857142857142857,0.35294117647058826,17.0,0.5773195876288659,0.5490196078431373,0.6086956521739131,46.0
p_1937,0.24336507936507937,0.22055819597532614,0.2929288103201147,0.3361610817166373,0.29874477065800764,0.39814814814814814,108.0,0.2857142857142857,0.20689655172413793,0.46153846153846156,13.0,0.0,0.0,0.0,11.0,0.0,0.0,0.0,24.0,0.32,0.36363636363636365,0.2857142857142857,14.0,0.6111111111111112,0.532258064516129,0.717391304347826,46.0
p_1938,0.3397338566896673,0.3473304473304473,0.35496631514938154,0.44499379937353384,0.43581315803538023,0.48148148148148145,108.0,0.26666666666666666,0.36363636363636365,0.21052631578947367,19.0,0.0,0.0,0.0,8.0,0.42105263157894735,0.5,0.36363636363636365,22.0,0.3870967741935484,0.3333333333333333,0.46153846153846156,13.0,0.6238532110091743,0.5396825396825397,0.7391304347826086,46.0
p_1939,0.19285411111715733,0.19140786749482402,0.22636859707797918,0.31093032957864003,0.2776675485008819,0.37962962962962965,108.0,0.2553191489361702,0.21428571428571427,0.3157894736842105,19.0,0.11764705882352941,0.25,0.07692307692307693,13.0,0.0,0.0,0.0,18.0,0.0,0.0,0.0,12.0,0.591304347826087,0.4927536231884058,0.7391304347826086,46.0
p_1940,0.2572820512820513,0.2419834307992203,0.2760869565217391,0.3528537511870845,0.33058308064399683,0.37962962962962965,108.0,0.2564102564102564,0.2631578947368421,0.25,20.0,0.25,0.2222222222222222,0.2857142857142857,14.0,0.2,0.1875,0.21428571428571427,14.0,0.0,0.0,0.0,14.0,0.58,0.5370370370370371,0.6304347826086957,46.0
p_1941,0.16663446054750403,0.14081346423562413,0.20434782608695654,0.29965706447187934,0.2517921146953405,0.37037037037037035,108.0,0.0,0.0,0.0,12.0,0.0,0.0,0.0,12.0,0.0,0.0,0.0,15.0,0.25925925925925924,0.22580645161290322,0.30434782608695654,23.0,0.5739130434782609,0.4782608695652174,0.717391304347826,46.0
p_1942,0.23634091811362543,0.22594736842105262,0.25025062656641606,0.39986279139416475,0.3794972384665367,0.42592592592592593,108.0,0.33962264150943394,0.36,0.32142857142857145,28.0,0.0,0.0,0.0,11.0,0.0,0.0,0.0,2.0,0.23255813953488372,0.20833333333333334,0.2631578947368421,19.0,0.6095238095238096,0.5614035087719298,0.6666666666666666,48.0
p_1943,0.2838416554206028,0.2824526420737786,0.29183673469387755,0.40960705419769744,0.3918383737675861,0.4351851851851852,108.0,0.13333333333333333,0.16666666666666666,0.1111111111111111,9.0,0.3157894736842105,0.35294117647058826,0.2857142857142857,21.0,0.0,0.0,0.0,11.0,0.358974358974359,0.3333333333333333,0.3888888888888889,18.0,0.6111111111111112,0.559322033898305,0.673469387755102,49.0
p_1944,0.21999759499759497,0.2483476764199656,0.2417272139625081,0.36390302941228864,0.35729664690508056,0.4444444444444444,108.0,0.14814814814814814,0.2,0.11764705882352941,17.0,0.0,0.0,0.0,4.0,0.19047619047619047,0.25,0.15384615384615385,13.0,0.125,0.2857142857142857,0.08,25.0,0.6363636363636364,0.5060240963855421,0.8571428571428571,49.0
p_1945,0.278942027824508,0.2926315789473684,0.28909090909090907,0.47188917668770275,0.4631578947368421,0.5,108.0,0.10526315789473684,0.25,0.06666666666666667,15.0,0.0,0.0,0.0,3.0,0.16666666666666666,0.16666666666666666,0.16666666666666666,6.0,0.4931506849315068,0.45,0.5454545454545454,33.0,0.6296296296296297,0.5964912280701754,0.6666666666666666,51.0
p_1946,0.3158171439710998,0.3219940696812454,0.3308195072900955,0.44103907152335126,0.40631640721522116,0.5,108.0,0.34782608695652173,0.4,0.3076923076923077,13.0,0.0,0.0,0.0,18.0,0.15384615384615385,0.25,0.1111111111111111,9.0,0.3888888888888889,0.3684210526315789,0.4117647058823529,17.0,0.6885245901639344,0.5915492957746479,0.8235294117647058,51.0
p_1947,0.21517241379310342,0.23651635720601236,0.24201680672268905,0.3894423158790975,0.37111946163670306,0.48148148148148145,108.0,0.13333333333333333,0.15384615384615385,0.11764705882352941,17.0,0.0,0.0,0.0,9.0,0.27586206896551724,0.5,0.19047619047619047,21.0,0.0,0.0,0.0,10.0,0.6666666666666666,0.5287356321839081,0.9019607843137255,51.0
p_1948,0.23617021276595745,0.26500802568218296,0.2581447963800905,0.3787431048069346,0.3416859877534034,0.48148148148148145,108.0,0.0,0.0,0.0,10.0,0.3333333333333333,0.5,0.25,8.0,0.0,0.0,0.0,21.0,0.16666666666666666,0.2857142857142857,0.11764705882352941,17.0,0.6808510638297872,0.5393258426966292,0.9230769230769231,52.0
p_1949,0.308615774469433,0.2977777777777778,0.3263899272083416,0.42979152735250303,0.4133744855967078,0.4537037037037037,108.0,0.34146341463414637,0.3888888888888889,0.30434782608695654,23.0,0.0,0.0,0.0,11.0,0.36363636363636365,0.3333333333333333,0.4,5.0,0.1951219512195122,0.16666666666666666,0.23529411764705882,17.0,0.6428571428571429,0.6,0.6923076923076923,52.0
p_1950,0.32076023391812863,0.3287719298245614,0.3203921568627451,0.4479911197747455,0.43807667316439247,0.46296296296296297,108.0,0.5,0.5,0.5,16.0,0.2222222222222222,0.21052631578947367,0.23529411764705882,17.0,0.0,0.0,0.0,11.0,0.25,0.3333333333333333,0.2,10.0,0.631578947368421,0.6,0.6666666666666666,54.0
p_1951,0.28376391096979336,0.27832572298325725,0.2968421052631579,0.4787738105752812,0.4457367946332938,0.5277777777777778,108.0,0.3783783783783784,0.3888888888888889,0.3684210526315789,19.0,0.0,0.0,0.0,8.0,0.0,0.0,0.0,7.0,0.35294117647058826,0.4,0.3157894736842105,19.0,0.6875,0.6027397260273972,0.8,55.0
p_1952,0.3138215842012547,0.35733590733590737,0.34771544245228453,0.48646612759961494,0.4904785738119071,0.5462962962962963,108.0,0.5263157894736842,0.4166666666666667,0.7142857142857143,14.0,0.125,0.3333333333333333,0.07692307692307693,13.0,0.0,0.0,0.0,5.0,0.23076923076923078,0.42857142857142855,0.15789473684210525,19.0,0.6870229007633588,0.6081081081081081,0.7894736842105263,57.0
p_1953,0.2554652244307417,0.3455277280858676,0.2696140350877193,0.47395277136656455,0.5400144106539455,0.5462962962962963,108.0,0.0,0.0,0.0,6.0,0.20689655172413793,0.75,0.12,25.0,0.0,0.0,0.0,5.0,0.35714285714285715,0.38461538461538464,0.3333333333333333,15.0,0.7132867132867133,0.5930232558139535,0.8947368421052632,57.0
p_1954,0.3193151675910296,0.38873452129266084,0.3177352472089314,0.5214858576927542,0.5468709800105149,0.5833333333333334,108.0,0.5384615384615384,0.6363636363636364,0.4666666666666667,15.0,0.0,0.0,0.0,6.0,0.0,0.0,0.0,8.0,0.3448275862068966,0.7142857142857143,0.22727272727272727,22.0,0.7132867132867133,0.5930232558139535,0.8947368421052632,57.0
p_1955,0.22047151953192223,0.23311931514178705,0.24999999999999994,0.450597525765311,0.40416740978538723,0.5462962962962963,108.0,0.23076923076923078,0.21428571428571427,0.25,12.0,0.13333333333333333,0.3333333333333333,0.08333333333333333,12.0,0.0,0.0,0.0,6.0,0.0,0.0,0.0,18.0,0.738255033557047,0.6179775280898876,0.9166666666666666,60.0
p_1956,0.24245875590534388,0.29174603174603175,0.25117096018735363,0.5062757300389404,0.5043944738389183,0.5833333333333334,108.0,0.08695652173913043,0.1111111111111111,0.07142857142857142,14.0,0.0,0.0,0.0,5.0,0.37037037037037035,0.7142857142857143,0.25,20.0,0.0,0.0,0.0,8.0,0.7549668874172185,0.6333333333333333,0.9344262295081968,61.0
p_1957,0.300675625233296,0.3777777777777777,0.3057516339869281,0.5364247646302518,0.5699588477366254,0.5740740740740741,108.0,0.25,0.2222222222222222,0.2857142857142857,7.0,0.0,0.0,0.0,1.0,0.2,0.6666666666666666,0.11764705882352941,17.0,0.3157894736842105,0.3333333333333333,0.3,20.0,0.7375886524822695,0.6666666666666666,0.8253968253968254,63.0
p_1958,0.2138925938925939,0.22815126050420168,0.22395833333333331,0.4664638664638665,0.42800082996161426,0.5277777777777778,108.0,0.17142857142857143,0.17647058823529413,0.16666666666666666,18.0,0.0,0.0,0.0,11.0,0.0,0.0,0.0,7.0,0.18181818181818182,0.3333333333333333,0.125,8.0,0.7162162162162162,0.6309523809523809,0.828125,64.0
p_1959,0.18076923076923077,0.16499999999999998,0.2125,0.45584045584045585,0.3851851851851852,0.5648148148148148,108.0,0.0,0.0,0.0,9.0,0.15384615384615385,0.2,0.125,8.0,0.0,0.0,0.0,14.0,0.0,0.0,0.0,13.0,0.75,0.625,0.9375,64.0
p_1960,0.19030206677265502,0.17619047619047618,0.21006944444444448,0.46364011069893424,0.41556437389770723,0.5277777777777778,108.0,0.0,0.0,0.0,9.0,0.0,0.0,0.0,12.0,0.0,0.0,0.0,5.0,0.23529411764705882,0.25,0.2222222222222222,18.0,0.7162162162162162,0.6309523809523809,0.828125,64.0
p_1961,0.232941943900848,0.37444831591173056,0.2521103896103896,0.4761330965668865,0.5085064739536285,0.5370370370370371,108.0,0.2857142857142857,0.23809523809523808,0.35714285714285715,14.0,0.0,0.0,0.0,1.0,0.16666666666666666,1.0,0.09090909090909091,11.0,0.0,0.0,0.0,18.0,0.7123287671232876,0.6341463414634146,0.8125,64.0
p_1962,0.28784415584415585,0.3333333333333333,0.28855263157894734,0.5593530543530544,0.5462962962962963,0.6296296296296297,108.0,0.5,0.6666666666666666,0.4,15.0,0.16,0.3333333333333333,0.10526315789473684,19.0,0.0,0.0,0.0,0.0,0.0,0.0,0.0,10.0,0.7792207792207793,0.6666666666666666,0.9375,64.0
p_1963,0.25027689407328857,0.4298969072164948,0.24835381913959614,0.534149723542324,0.5556987399770905,0.6203703703703703,108.0,0.0,0.0,0.0,12.0,0.2222222222222222,1.0,0.125,8.0,0.0,0.0,0.0,4.0,0.2608695652173913,0.5,0.17647058823529413,17.0,0.7682926829268293,0.6494845360824743,0.9402985074626866,67.0
p_1964,0.17234103222127176,0.168,0.203544776119403,0.4896028049720665,0.4266666666666667,0.6018518518518519,108.0,0.09523809523809523,0.2,0.0625,16.0,0.0,0.0,0.0,8.0,0.0,0.0,0.0,5.0,0.0,0.0,0.0,12.0,0.7664670658682635,0.64,0.9552238805970149,67.0
p_1965,0.2784506556245686,0.43617021276595747,0.276044776119403,0.5443968381770313,0.5427501970055162,0.6296296296296297,108.0,0.0,0.0,0.0,21.0,0.0,0.0,0.0,2.0,0.375,0.5,0.3,10.0,0.2222222222222222,1.0,0.125,8.0,0.7950310559006211,0.6808510638297872,0.9552238805970149,67.0
p_1966,0.23084985190248347,0.3080112044817927,0.2377019663586828,0.49021227310700993,0.52220406681191,0.5370370370370371,108.0,0.07142857142857142,0.07142857142857142,0.07142857142857142,14.0,0.18181818181818182,0.16666666666666666,0.2,5.0,0.0,0.0,0.0,4.0,0.19047619047619047,0.6666666666666666,0.1111111111111111,18.0,0.7105263157894737,0.6352941176470588,0.8059701492537313,67.0
p_1967,0.21845238095238095,0.24747474747474746,0.25021312872975277,0.5101190476190477,0.4719416386083053,0.6111111111111112,108.0,0.1,0.3333333333333333,0.058823529411764705,17.0,,,,,0.0,0.0,0.0,12.0,0.0,0.0,0.0,10.0,0.7738095238095238,0.6565656565656566,0.9420289855072463,69.0
p_1968,0.21522668947818646,0.22222222222222224,0.23622291021671823,0.5479358742831797,0.4979423868312757,0.6481481481481481,108.0,0.0,0.0,0.0,11.0,0.0,0.0,0.0,2.0,0.2857142857142857,0.4444444444444444,0.21052631578947367,19.0,0.0,0.0,0.0,8.0,0.7904191616766467,0.6666666666666666,0.9705882352941176,68.0
p_1969,0.24856002281151982,0.3476190476190476,0.2522128851540616,0.5686589783396171,0.5771604938271605,0.6574074074074074,108.0,0.16666666666666666,0.5,0.1,10.0,0.0,0.0,0.0,4.0,0.0,0.0,0.0,5.0,0.2857142857142857,0.5714285714285714,0.19047619047619047,21.0,0.7904191616766467,0.6666666666666666,0.9705882352941176,68.0
p_1970,0.28686868686868683,0.30624999999999997,0.3227743271221532,0.5768799102132436,0.5554591049382717,0.6666666666666666,108.0,0.2222222222222222,0.5,0.14285714285714285,21.0,0.0,0.0,0.0,5.0,0.4,0.3333333333333333,0.5,4.0,0.0,0.0,0.0,9.0,0.8121212121212121,0.6979166666666666,0.9710144927536232,69.0
p_1971,0.18259373925008598,0.1820388349514563,0.21538461538461537,0.5149192880531029,0.4457704063286588,0.6388888888888888,108.0,0.0,0.0,0.0,9.0,0.11764705882352941,0.25,0.07692307692307693,13.0,0.0,0.0,0.0,11.0,0.0,0.0,0.0,7.0,0.7953216374269005,0.6601941747572816,1.0,68.0
p_1972,0.19123434704830053,0.23398058252427187,0.21818181818181817,0.5282664148943218,0.47891945343401654,0.6481481481481481,108.0,0.0,0.0,0.0,11.0,0.0,0.0,0.0,5.0,0.15384615384615385,0.5,0.09090909090909091,11.0,0.0,0.0,0.0,12.0,0.8023255813953488,0.6699029126213593,1.0,69.0
p_1973,0.19716539870386024,0.23866666666666667,0.219304347826087,0.5278938772528516,0.5173456790123457,0.6296296296296297,108.0,0.07142857142857142,0.3333333333333333,0.04,25.0,0.0,0.0,0.0,3.0,0.13333333333333333,0.2,0.1,10.0,0.0,0.0,0.0,1.0,0.7810650887573964,0.66,0.9565217391304348,69.0
p_1974,0.21721514508138712,0.22705627705627704,0.22367149758454108,0.5175699850593692,0.48193241943241943,0.5740740740740741,108.0,0.125,0.14285714285714285,0.1111111111111111,18.0,0.2222222222222222,0.3333333333333333,0.16666666666666666,12.0,0.0,0.0,0.0,3.0,0.0,0.0,0.0,6.0,0.7388535031847133,0.6590909090909091,0.8405797101449275,69.0
p_1975,0.22439483593329745,0.2986666666666667,0.24130434782608695,0.5274228976152053,0.5296913580246914,0.6296296296296297,108.0,0.09090909090909091,0.5,0.05,20.0,0.0,0.0,0.0,11.0,0.25,0.3333333333333333,0.2,5.0,0.0,0.0,0.0,3.0,0.7810650887573964,0.66,0.9565217391304348,69.0
p_1976,0.1767251461988304,0.17137254901960786,0.20753623188405798,0.514538661468486,0.44744008714596945,0.6296296296296297,108.0,0.0,0.0,0.0,10.0,0.0,0.0,0.0,5.0,0.0,0.0,0.0,9.0,0.1,0.2,0.06666666666666667,15.0,0.783625730994152,0.6568627450980392,0.9710144927536232,69.0
p_1977,0.16091954022988506,0.13592233009708737,0.1971830985915493,0.5289484887186037,0.4467817331895002,0.6481481481481481,108.0,0.0,0.0,0.0,6.0,0.0,0.0,0.0,4.0,0.0,0.0,0.0,16.0,0.0,0.0,0.0,11.0,0.8045977011494253,0.6796116504854369,0.9859154929577465,71.0
p_1978,0.18398138916583584,0.2032051282051282,0.20880626223091978,0.5575188016198319,0.50465930674264,0.6666666666666666,108.0,0.0,0.0,0.0,13.0,0.0,0.0,0.0,3.0,0.11764705882352941,0.3333333333333333,0.07142857142857142,14.0,0.0,0.0,0.0,5.0,0.8022598870056498,0.6826923076923077,0.9726027397260274,73.0
p_1979,0.18758741258741257,0.2314285714285714,0.21254801536491677,0.5311366873866874,0.48293650793650794,0.6481481481481481,108.0,0.0,0.0,0.0,6.0,0.0,0.0,0.0,5.0,0.0,0.0,0.0,15.0,0.15384615384615385,0.5,0.09090909090909091,11.0,0.7840909090909091,0.6571428571428571,0.971830985915493,71.0
p_1980,0.18453757225433526,0.2019607843137255,0.20975081256771397,0.5394522050952687,0.48484023238925206,0.6481481481481481,108.0,0.0,0.0,0.0,14.0,0.0,0.0,0.0,2.0,0.125,0.3333333333333333,0.07692307692307693,13.0,0.0,0.0,0.0,8.0,0.7976878612716763,0.6764705882352942,0.971830985915493,71.0
p_1981,0.18489326765188835,0.17203883495145633,0.21377151799687008,0.5257404366599769,0.450683207479324,0.6388888888888888,108.0,0.0,0.0,0.0,8.0,0.0,0.0,0.0,8.0,0.14285714285714285,0.2,0.1111111111111111,9.0,0.0,0.0,0.0,12.0,0.7816091954022989,0.6601941747572816,0.9577464788732394,71.0
p_1982,0.2257535567880396,0.43398058252427185,0.23325508607198747,0.5687891291339567,0.6348435814455231,0.6666666666666666,108.0,0.18181818181818182,0.5,0.1111111111111111,18.0,0.0,0.0,0.0,5.0,0.15384615384615385,1.0,0.08333333333333333,12.0,0.0,0.0,0.0,2.0,0.7931034482758621,0.6699029126213593,0.971830985915493,71.0
p_1983,0.1867635189669088,0.2,0.21262626262626264,0.5418572325351987,0.478395061728395,0.6574074074074074,108.0,0.14285714285714285,0.3333333333333333,0.09090909090909091,11.0,0.0,0.0,0.0,5.0,0.0,0.0,0.0,13.0,0.0,0.0,0.0,7.0,0.7909604519774012,0.6666666666666666,0.9722222222222222,72.0
p_1984,0.20136363636363636,0.27119741100323624,0.21804995970991134,0.576830808080808,0.5708677933597028,0.6759259259259259,108.0,0.2,0.6666666666666666,0.11764705882352941,17.0,0.0,0.0,0.0,11.0,0.0,0.0,0.0,5.0,0.0,0.0,0.0,2.0,0.8068181818181818,0.6893203883495146,0.9726027397260274,73.0
p_1985,0.16089385474860335,0.13584905660377358,0.19726027397260273,0.5437616387337058,0.4591194968553459,0.6666666666666666,108.0,0.0,0.0,0.0,10.0,0.0,0.0,0.0,5.0,0.0,0.0,0.0,17.0,0.0,0.0,0.0,3.0,0.8044692737430168,0.6792452830188679,0.9863013698630136,73.0
p_1986,0.1831160769708256,0.23584905660377356,0.20976027397260272,0.5602225440835,0.53319357092942,0.6759259259259259,108.0,0.1111111111111111,0.5,0.0625,16.0,0.0,0.0,0.0,5.0,0.0,0.0,0.0,7.0,0.0,0.0,0.0,7.0,0.8044692737430168,0.6792452830188679,0.9863013698630136,73.0
p_1987,0.16353591160220995,0.1383177570093458,0.2,0.5602619193779416,0.4738663897542402,0.6851851851851852,108.0,0.0,0.0,0.0,13.0,0.0,0.0,0.0,9.0,0.0,0.0,0.0,8.0,0.0,0.0,0.0,4.0,0.8176795580110497,0.6915887850467289,1.0,74.0
p_1988,0.19686924493554328,0.33831775700934574,0.21818181818181817,0.5772372280199168,0.5757182416060921,0.6944444444444444,108.0,0.0,0.0,0.0,1.0,0.0,0.0,0.0,9.0,0.16666666666666666,1.0,0.09090909090909091,11.0,0.0,0.0,0.0,13.0,0.8176795580110497,0.6915887850467289,1.0,74.0
p_1989,0.18982154659616657,0.20897435897435898,0.21428571428571427,0.5849550806589803,0.5307454890788224,0.6944444444444444,108.0,0.0,0.0,0.0,6.0,0.0,0.0,0.0,6.0,0.11764705882352941,0.3333333333333333,0.07142857142857142,14.0,0.0,0.0,0.0,8.0,0.8314606741573034,0.7115384615384616,1.0,74.0
p_1990,0.18706532336691584,0.33831775700934574,0.2125,0.5776911132777237,0.6220145379023884,0.6944444444444444,108.0,0.11764705882352941,1.0,0.0625,16.0,0.0,0.0,0.0,8.0,0.0,0.0,0.0,3.0,0.0,0.0,0.0,7.0,0.8176795580110497,0.6915887850467289,1.0,74.0
p_1991,0.16612021857923498,0.14205607476635512,0.2,0.5844970653713824,0.4998269297334718,0.7037037037037037,108.0,0.0,0.0,0.0,8.0,0.0,0.0,0.0,8.0,0.0,0.0,0.0,9.0,0.0,0.0,0.0,7.0,0.8306010928961749,0.7102803738317757,1.0,76.0
p_1992,0.16864864864864865,0.14579439252336449,0.2,0.6090090090090091,0.5264797507788161,0.7222222222222222,108.0,0.0,0.0,0.0,13.0,0.0,0.0,0.0,6.0,0.0,0.0,0.0,7.0,0.0,0.0,0.0,4.0,0.8432432432432433,0.7289719626168224,1.0,78.0
p_1993,0.19722007722007723,0.34579439252336447,0.21538461538461537,0.6262047762047763,0.6468501211491865,0.7314814814814815,108.0,0.0,0.0,0.0,14.0,0.0,0.0,0.0,2.0,0.14285714285714285,1.0,0.07692307692307693,13.0,0.0,0.0,0.0,1.0,0.8432432432432433,0.7289719626168224,1.0,78.0
p_1994,0.16703296703296705,0.14615384615384613,0.19487179487179487,0.6031746031746031,0.5277777777777778,0.7037037037037037,108.0,0.0,0.0,0.0,13.0,0.0,0.0,0.0,9.0,0.0,0.0,0.0,7.0,0.0,0.0,0.0,1.0,0.8351648351648352,0.7307692307692307,0.9743589743589743,78.0
p_1995,0.16703296703296705,0.14615384615384613,0.19487179487179487,0.6031746031746031,0.5277777777777778,0.7037037037037037,108.0,0.0,0.0,0.0,11.0,0.0,0.0,0.0,6.0,0.0,0.0,0.0,9.0,0.0,0.0,0.0,4.0,0.8351648351648352,0.7307692307692307,0.9743589743589743,78.0
p_1996,0.16989247311827957,0.14766355140186915,0.2,0.6213659896455596,0.5400657667012807,0.7314814814814815,108.0,0.0,0.0,0.0,12.0,0.0,0.0,0.0,6.0,0.0,0.0,0.0,3.0,0.0,0.0,0.0,8.0,0.8494623655913979,0.7383177570093458,1.0,79.0
p_1997,0.1711229946524064,0.14953271028037382,0.2,0.6337888690829868,0.5538248528902735,0.7407407407407407,108.0,0.0,0.0,0.0,14.0,0.0,0.0,0.0,10.0,0.0,0.0,0.0,1.0,0.0,0.0,0.0,3.0,0.8556149732620321,0.7476635514018691,1.0,80.0
p_1998,0.1711229946524064,0.14953271028037382,0.2,0.6337888690829868,0.5538248528902735,0.7407407407407407,108.0,0.0,0.0,0.0,4.0,0.0,0.0,0.0,8.0,0.0,0.0,0.0,6.0,0.0,0.0,0.0,10.0,0.8556149732620321,0.7476635514018691,1.0,80.0
p_1999,0.16956521739130434,0.15,0.195,0.6280193236714976,0.5555555555555556,0.7222222222222222,108.0,0.0,0.0,0.0,7.0,0.0,0.0,0.0,8.0,0.0,0.0,0.0,9.0,0.0,0.0,0.0,4.0,0.8478260869565217,0.75,0.975,80.0
p_2000,0.1761658031088083,0.1574074074074074,0.2,0.6932450585300326,0.6194272976680385,0.7870370370370371,108.0,0.0,0.0,0.0,4.0,0.0,0.0,0.0,7.0,0.0,0.0,0.0,11.0,0.0,0.0,0.0,1.0,0.8808290155440415,0.7870370370370371,1.0,85.0
p_2001,0.22164948453608246,0.19907407407407407,0.25,0.7059946544482627,0.6340877914951989,0.7962962962962963,108.0,0.0,0.0,0.0,8.0,0.0,0.0,0.0,3.0,0.0,0.0,0.0,11.0,,,,,0.8865979381443299,0.7962962962962963,1.0,86.0
p_2002,0.22164948453608246,0.19907407407407407,0.25,0.7059946544482627,0.6340877914951989,0.7962962962962963,108.0,0.0,0.0,0.0,12.0,0.0,0.0,0.0,4.0,0.0,0.0,0.0,6.0,,,,,0.8865979381443299,0.7962962962962963,1.0,86.0
p_2003,0.22448979591836735,0.2037037037037037,0.25,0.7316704459561602,0.6639231824417009,0.8148148148148148,108.0,0.0,0.0,0.0,6.0,0.0,0.0,0.0,13.0,0.0,0.0,0.0,1.0,,,,,0.8979591836734694,0.8148148148148148,1.0,88.0
p_2004,0.17959183673469387,0.16296296296296295,0.2,0.7316704459561602,0.6639231824417009,0.8148148148148148,108.0,0.0,0.0,0.0,2.0,0.0,0.0,0.0,7.0,0.0,0.0,0.0,8.0,0.0,0.0,0.0,3.0,0.8979591836734694,0.8148148148148148,1.0,88.0
p_2005,0.17959183673469387,0.16296296296296295,0.2,0.7316704459561602,0.6639231824417009,0.8148148148148148,108.0,0.0,0.0,0.0,1.0,0.0,0.0,0.0,5.0,0.0,0.0,0.0,8.0,0.0,0.0,0.0,6.0,0.8979591836734694,0.8148148148148148,1.0,88.0
p_2006,0.228643216080402,0.21064814814814814,0.25,0.7706123208635771,0.7099622770919067,0.8425925925925926,108.0,0.0,0.0,0.0,5.0,0.0,0.0,0.0,9.0,,,,,0.0,0.0,0.0,3.0,0.914572864321608,0.8425925925925926,1.0,91.0
p_2007,0.18507462686567164,0.17222222222222222,0.2,0.796849087893864,0.7415123456790125,0.8611111111111112,108.0,0.0,0.0,0.0,6.0,0.0,0.0,0.0,1.0,0.0,0.0,0.0,7.0,0.0,0.0,0.0,1.0,0.9253731343283582,0.8611111111111112,1.0,93.0
p_2008,0.23267326732673269,0.2175925925925926,0.25,0.8100476714338101,0.7575445816186557,0.8703703703703703,108.0,0.0,0.0,0.0,1.0,,,,,0.0,0.0,0.0,1.0,0.0,0.0,0.0,12.0,0.9306930693069307,0.8703703703703703,1.0,94.0
p_2009,0.23267326732673269,0.2175925925925926,0.25,0.8100476714338101,0.7575445816186557,0.8703703703703703,108.0,0.0,0.0,0.0,5.0,0.0,0.0,0.0,8.0,,,,,0.0,0.0,0.0,1.0,0.9306930693069307,0.8703703703703703,1.0,94.0
p_2010,0.23267326732673269,0.2175925925925926,0.25,0.8100476714338101,0.7575445816186557,0.8703703703703703,108.0,0.0,0.0,0.0,2.0,0.0,0.0,0.0,1.0,0.0,0.0,0.0,11.0,,,,,0.9306930693069307,0.8703703703703703,1.0,94.0
p_2011,0.23267326732673269,0.2175925925925926,0.25,0.8100476714338101,0.7575445816186557,0.8703703703703703,108.0,,,,,0.0,0.0,0.0,7.0,0.0,0.0,0.0,6.0,0.0,0.0,0.0,1.0,0.9306930693069307,0.8703703703703703,1.0,94.0
p_2012,0.23267326732673269,0.2175925925925926,0.25,0.8100476714338101,0.7575445816186557,0.8703703703703703,108.0,0.0,0.0,0.0,2.0,0.0,0.0,0.0,11.0,0.0,0.0,0.0,1.0,,,,,0.9306930693069307,0.8703703703703703,1.0,94.0
p_2013,0.23267326732673269,0.2175925925925926,0.25,0.8100476714338101,0.7575445816186557,0.8703703703703703,108.0,0.0,0.0,0.0,1.0,0.0,0.0,0.0,5.0,0.0,0.0,0.0,8.0,,,,,0.9306930693069307,0.8703703703703703,1.0,94.0
p_2014,0.18823529411764706,0.17777777777777776,0.2,0.8366013071895424,0.7901234567901234,0.8888888888888888,108.0,0.0,0.0,0.0,7.0,0.0,0.0,0.0,1.0,0.0,0.0,0.0,1.0,0.0,0.0,0.0,3.0,0.9411764705882353,0.8888888888888888,1.0,96.0
p_2015,0.23529411764705882,0.2222222222222222,0.25,0.8366013071895424,0.7901234567901234,0.8888888888888888,108.0,0.0,0.0,0.0,7.0,0.0,0.0,0.0,4.0,,,,,0.0,0.0,0.0,1.0,0.9411764705882353,0.8888888888888888,1.0,96.0
