position,macro_f1,macro_precision,macro_recall,weighted_f1,weighted_precision,weighted_recall,support,f1_1,precision_1,recall_1,support_1,f1_2,precision_2,recall_2,support_2,f1_3,precision_3,recall_3,support_3,f1_4,precision_4,recall_4,support_4,f1_0,precision_0,recall_0,support_0
p_1,0.3664195736434108,0.3641725921137686,0.37255236794171215,0.5526747774906691,0.53562151356269,0.5740740740740741,108.0,0.7131782945736435,0.6764705882352942,0.7540983606557377,61.0,0.3125,0.35714285714285715,0.2777777777777778,18.0,0.44,0.4230769230769231,0.4583333333333333,24.0,0.0,0.0,0.0,5.0,,,,
p_2,0.36178967342454804,0.37280701754385964,0.3984962406015037,0.4046805819101834,0.3932098765432099,0.46296296296296297,108.0,0.5894736842105263,0.49122807017543857,0.7368421052631579,38.0,0.0,0.0,0.0,21.0,0.47058823529411764,0.4,0.5714285714285714,28.0,0.3870967741935484,0.6,0.2857142857142857,21.0,,,,
p_3,0.46564625850340136,0.5481416957026712,0.46026228673287495,0.500352733686067,0.5177657332128877,0.5370370370370371,108.0,0.5333333333333333,0.8,0.4,10.0,0.5333333333333333,0.4878048780487805,0.5882352941176471,34.0,0.14285714285714285,0.3333333333333333,0.09090909090909091,22.0,0.6530612244897959,0.5714285714285714,0.7619047619047619,42.0,,,,
p_4,0.42441034384768406,0.47740800865800864,0.42250195160031223,0.5778314546430489,0.5712582170915504,0.6203703703703703,108.0,0.4444444444444444,0.5,0.4,15.0,0.782608695652174,0.7012987012987013,0.8852459016393442,61.0,0.11764705882352941,0.3333333333333333,0.07142857142857142,14.0,0.35294117647058826,0.375,0.3333333333333333,18.0,,,,
p_5,0.36796963946869066,0.45199275362318836,0.36450975924660134,0.5342385269519995,0.5299584004294149,0.6111111111111112,108.0,0.0,0.0,0.0,15.0,0.24,0.5,0.15789473684210525,19.0,0.7612903225806451,0.6413043478260869,0.9365079365079365,63.0,0.47058823529411764,0.6666666666666666,0.36363636363636365,11.0,,,,
p_6,0.4304168478620732,0.5003594432942259,0.42825255102040816,0.5410723374482503,0.553896791316276,0.5555555555555556,108.0,0.34146341463414637,0.30434782608695654,0.3888888888888889,18.0,0.7238095238095238,0.6785714285714286,0.7755102040816326,49.0,0.4745762711864407,0.5185185185185185,0.4375,32.0,0.18181818181818182,0.5,0.1111111111111111,9.0,,,,
p_7,0.2967171717171717,0.2760352392705334,0.343005698005698,0.4370557426112982,0.3915931562990386,0.5185185185185185,108.0,0.1111111111111111,0.18181818181818182,0.08,25.0,0.7424242424242424,0.6282051282051282,0.9074074074074074,54.0,0.0,0.0,0.0,16.0,0.3333333333333333,0.29411764705882354,0.38461538461538464,13.0,,,,
p_8,0.2991380126929999,0.29601391118245046,0.3104166666666667,0.5737846399966321,0.53143392188336,0.6296296296296297,108.0,0.782608695652174,0.7078651685393258,0.875,72.0,0.11764705882352941,0.14285714285714285,0.1,10.0,0.0,0.0,0.0,11.0,0.2962962962962963,0.3333333333333333,0.26666666666666666,15.0,,,,
p_9,0.3398635477582846,0.34168819554848967,0.3442520235013764,0.5148184246624793,0.49289086880998645,0.5462962962962963,108.0,0.4,0.4375,0.3684210526315789,19.0,0.0,0.0,0.0,7.0,0.6962962962962963,0.6351351351351351,0.7704918032786885,61.0,0.2631578947368421,0.29411764705882354,0.23809523809523808,21.0,,,,
p_10,0.3310243183492999,0.28283361486486486,0.40396613190730835,0.4705286716340511,0.4108678991491492,0.5555555555555556,108.0,0.0,0.0,0.0,22.0,0.7478260869565218,0.671875,0.8431372549019608,51.0,0.576271186440678,0.4594594594594595,0.7727272727272727,22.0,0.0,0.0,0.0,13.0,,,,
p_11,0.4932046172035933,0.503968253968254,0.5132225063938618,0.5288656484765747,0.5119047619047619,0.5833333333333334,108.0,0.5217391304347826,0.5714285714285714,0.48,25.0,0.6666666666666666,0.6666666666666666,0.6666666666666666,9.0,0.06896551724137931,0.16666666666666666,0.043478260869565216,23.0,0.7154471544715447,0.6111111111111112,0.8627450980392157,51.0,,,,
p_12,0.4670306388526727,0.47807017543859653,0.4687728937728938,0.6319094355111303,0.6249187784275504,0.6574074074074074,108.0,0.55,0.5789473684210527,0.5238095238095238,21.0,0.7796610169491526,0.696969696969697,0.8846153846153846,52.0,0.0,0.0,0.0,5.0,0.5384615384615384,0.6363636363636364,0.4666666666666667,30.0,,,,
p_13,0.4408424447174447,0.5255724474474475,0.43373262766645115,0.5024275184275184,0.5540262484706928,0.5370370370370371,108.0,0.672,0.5675675675675675,0.8235294117647058,51.0,0.45454545454545453,0.5555555555555556,0.38461538461538464,13.0,0.32432432432432434,0.6666666666666666,0.21428571428571427,28.0,0.3125,0.3125,0.3125,16.0,,,,
p_14,0.34087481146304677,0.3738636363636364,0.3484280731523378,0.47880006703536115,0.4660353535353535,0.5185185185185185,108.0,0.46153846153846156,0.45454545454545453,0.46875,32.0,0.11764705882352941,0.25,0.07692307692307693,13.0,0.11764705882352941,0.2,0.08333333333333333,12.0,0.6666666666666666,0.5909090909090909,0.7647058823529411,51.0,,,,
p_15,0.3297275641025641,0.33025451559934316,0.338768115942029,0.5665954415954416,0.5285075716110198,0.6203703703703703,108.0,0.4375,0.5,0.3888888888888889,18.0,0.0,0.0,0.0,12.0,0.7564102564102564,0.6781609195402298,0.855072463768116,69.0,0.125,0.14285714285714285,0.1111111111111111,9.0,,,,
p_16,0.5085308308712564,0.5905555555555556,0.47994734310523784,0.5547216770621026,0.554835390946502,0.5925925925925926,108.0,0.425531914893617,0.5,0.37037037037037035,27.0,0.7384615384615385,0.64,0.8727272727272727,55.0,0.14285714285714285,0.2222222222222222,0.10526315789473684,19.0,0.7272727272727273,1.0,0.5714285714285714,7.0,,,,
p_17,0.5016233766233766,0.4969174723273083,0.5157563025210083,0.6208032708032709,0.6076932158443997,0.6481481481481481,108.0,0.5,0.5769230769230769,0.4411764705882353,34.0,0.7428571428571429,0.7222222222222222,0.7647058823529411,17.0,0.7636363636363637,0.6885245901639344,0.8571428571428571,49.0,0.0,0.0,0.0,8.0,,,,
p_18,0.3986622073578595,0.4341783216783217,0.4298245614035087,0.4756153669197148,0.47293771043771043,0.5462962962962963,108.0,0.22857142857142856,0.36363636363636365,0.16666666666666666,24.0,0.5714285714285714,0.5333333333333333,0.6153846153846154,13.0,0.7076923076923077,0.5897435897435898,0.8846153846153846,52.0,0.08695652173913043,0.25,0.05263157894736842,19.0,,,,
p_19,0.398749800923714,0.4137719298245614,0.3985500610500611,0.6111243828635133,0.5873001949317739,0.6481481481481481,108.0,0.855072463768116,0.7866666666666666,0.9365079365079365,63.0,0.38095238095238093,0.5,0.3076923076923077,13.0,0.0,0.0,0.0,12.0,0.358974358974359,0.3684210526315789,0.35,20.0,,,,
p_20,0.34613787375415284,0.3187276858162934,0.3961363636363636,0.41116802017964804,0.35875497373387666,0.5,108.0,0.0,0.0,0.0,27.0,0.4166666666666667,0.38461538461538464,0.45454545454545453,11.0,0.2857142857142857,0.3333333333333333,0.25,20.0,0.6821705426356589,0.5569620253164557,0.88,50.0,,,,
p_21,0.4058818312247294,0.4230676328502415,0.40283855637116506,0.5456220550797309,0.5314859545535874,0.5740740740740741,108.0,0.36363636363636365,0.4,0.3333333333333333,18.0,0.3902439024390244,0.4444444444444444,0.34782608695652173,23.0,0.11764705882352941,0.16666666666666666,0.09090909090909091,11.0,0.752,0.6811594202898551,0.8392857142857143,56.0,,,,
p_22,0.41413817663817665,0.5166014350945858,0.412370820668693,0.4869935106046217,0.5433608755526564,0.5277777777777778,108.0,0.2962962962962963,0.6666666666666666,0.19047619047619047,21.0,0.41025641025641024,0.5714285714285714,0.32,25.0,0.6833333333333333,0.5616438356164384,0.8723404255319149,47.0,0.26666666666666666,0.26666666666666666,0.26666666666666666,15.0,,,,
p_23,0.29585339338406585,0.25308641975308643,0.35625,0.45759348415040296,0.38911751257430266,0.5555555555555556,108.0,0.7153284671532847,0.6049382716049383,0.875,56.0,0.46808510638297873,0.4074074074074074,0.55,20.0,0.0,0.0,0.0,15.0,0.0,0.0,0.0,17.0,,,,
p_24,0.32150900900900903,0.45535714285714285,0.3331983805668016,0.467064286508731,0.5315255731922398,0.5462962962962963,108.0,0.1111111111111111,0.3333333333333333,0.06666666666666667,15.0,0.25,0.6666666666666666,0.15384615384615385,26.0,0.2222222222222222,0.25,0.2,10.0,0.7027027027027027,0.5714285714285714,0.9122807017543859,57.0,,,,
p_25,0.3353921973915651,0.32859370359370355,0.363126159554731,0.4908615016137976,0.4592793342793343,0.5555555555555556,108.0,0.7154471544715447,0.5945945945945946,0.8979591836734694,49.0,0.0,0.0,0.0,16.0,0.5084745762711864,0.5769230769230769,0.45454545454545453,33.0,0.11764705882352941,0.14285714285714285,0.1,10.0,,,,
p_26,0.33773116438356166,0.3539574366331899,0.3578262061403509,0.5353859081684424,0.5133021591653825,0.5925925925925926,108.0,0.7534246575342466,0.6707317073170732,0.859375,64.0,0.16,0.3333333333333333,0.10526315789473684,19.0,0.4375,0.4117647058823529,0.4666666666666667,15.0,0.0,0.0,0.0,10.0,,,,
p_27,0.3548971180550128,0.37308081988933045,0.36901795412433713,0.45606190343032443,0.5090203990913211,0.4444444444444444,108.0,0.4864864864864865,0.6666666666666666,0.3829787234042553,47.0,0.2564102564102564,0.23809523809523808,0.2777777777777778,18.0,0.5714285714285714,0.5106382978723404,0.6486486486486487,37.0,0.10526315789473684,0.07692307692307693,0.16666666666666666,6.0,,,,
p_28,0.3046877858517559,0.305126968820315,0.32361111111111107,0.38957879527790173,0.3786920961462909,0.42592592592592593,108.0,0.5742574257425742,0.47540983606557374,0.725,40.0,0.34146341463414637,0.4117647058823529,0.2916666666666667,24.0,0.30303030303030304,0.3333333333333333,0.2777777777777778,36.0,0.0,0.0,0.0,8.0,,,,
p_29,0.3999195964652786,0.44017094017094016,0.40669096984886455,0.5661185909996923,0.5579297245963913,0.6111111111111112,108.0,0.7801418439716312,0.7051282051282052,0.873015873015873,63.0,0.23529411764705882,0.3333333333333333,0.18181818181818182,11.0,0.42424242424242425,0.3888888888888889,0.4666666666666667,15.0,0.16,0.3333333333333333,0.10526315789473684,19.0,,,,
p_30,0.34175084175084175,0.37679799874921827,0.3566823899371069,0.49594712557675524,0.4901153498714474,0.5648148148148148,108.0,0.0,0.0,0.0,11.0,0.18181818181818182,0.23076923076923078,0.15,20.0,0.4444444444444444,0.6666666666666666,0.3333333333333333,24.0,0.7407407407407407,0.6097560975609756,0.9433962264150944,53.0,,,,
p_31,0.39487179487179486,0.41725246335015626,0.3947702834799609,0.579877598396117,0.562870503885284,0.6111111111111112,108.0,0.7851851851851852,0.726027397260274,0.8548387096774194,62.0,0.5128205128205128,0.5263157894736842,0.5,20.0,0.14814814814814814,0.16666666666666666,0.13333333333333333,15.0,0.13333333333333333,0.25,0.09090909090909091,11.0,,,,
p_32,0.33184257602862255,0.291875,0.3849206349206349,0.5417412045319023,0.48104166666666665,0.6203703703703703,108.0,0.0,0.0,0.0,16.0,0.5581395348837209,0.48,0.6666666666666666,18.0,0.7692307692307693,0.6875,0.873015873015873,63.0,0.0,0.0,0.0,11.0,,,,
p_33,0.38136153337739587,0.3692410247952059,0.39460784313725494,0.500636459327801,0.4843543513275219,0.5185185185185185,108.0,0.5411764705882353,0.5348837209302325,0.5476190476190477,42.0,0.5842696629213483,0.5531914893617021,0.6190476190476191,42.0,0.4,0.3888888888888889,0.4117647058823529,17.0,0.0,0.0,0.0,7.0,,,,
p_34,0.5025732810137261,0.5057503770739065,0.5133579638752053,0.574721559444528,0.5669061784257862,0.5925925925925926,108.0,0.17391304347826086,0.25,0.13333333333333333,15.0,0.7102803738317757,0.6666666666666666,0.76,50.0,0.5454545454545454,0.5769230769230769,0.5172413793103449,29.0,0.5806451612903226,0.5294117647058824,0.6428571428571429,14.0,,,,
p_35,0.2564263322884013,0.263768115942029,0.29538061158100193,0.4225473122024846,0.3992485238862051,0.5185185185185185,108.0,0.0,0.0,0.0,8.0,0.6620689655172414,0.5217391304347826,0.9056603773584906,53.0,0.0,0.0,0.0,18.0,0.36363636363636365,0.5333333333333333,0.27586206896551724,29.0,,,,
p_36,0.37546942505815883,0.3681581828133552,0.39222873900293254,0.4916155853427372,0.46915607452005914,0.5277777777777778,108.0,0.35,0.3888888888888889,0.3181818181818182,22.0,0.4067796610169492,0.42857142857142855,0.3870967741935484,31.0,0.0,0.0,0.0,11.0,0.7450980392156863,0.6551724137931034,0.8636363636363636,44.0,,,,
p_37,0.4636904761904762,0.5,0.4524122807017544,0.5393298059964727,0.5578703703703703,0.5462962962962963,108.0,0.5,0.625,0.4166666666666667,24.0,0.5833333333333334,0.5,0.7,40.0,0.5714285714285714,0.625,0.5263157894736842,38.0,0.2,0.25,0.16666666666666666,6.0,,,,
p_38,0.38215838535586794,0.4224586925287356,0.38994047619047617,0.4856273062383807,0.48497033312047677,0.5185185185185185,108.0,0.6842105263157895,0.609375,0.78,50.0,0.39344262295081966,0.41379310344827586,0.375,32.0,0.3333333333333333,0.3333333333333333,0.3333333333333333,12.0,0.11764705882352941,0.3333333333333333,0.07142857142857142,14.0,,,,
p_39,0.2354426807760141,0.22048857368006303,0.2562582345191041,0.32284995754131557,0.3024837288036658,0.35185185185185186,108.0,0.41975308641975306,0.3617021276595745,0.5,34.0,0.31746031746031744,0.3333333333333333,0.30303030303030304,33.0,0.0,0.0,0.0,17.0,0.44,0.4074074074074074,0.4782608695652174,23.0,0.0,0.0,0.0,1.0
p_40,0.31591520707900017,0.4218253968253968,0.3267525485267421,0.39440837708717663,0.4627572016460905,0.4351851851851852,108.0,0.0,0.0,0.0,13.0,0.5535714285714286,0.44285714285714284,0.7380952380952381,42.0,0.41379310344827586,0.4444444444444444,0.3870967741935484,31.0,0.2962962962962963,0.8,0.18181818181818182,22.0,,,,
p_41,0.3863782051282051,0.4094132817537073,0.4094742063492064,0.4273741690408357,0.4386059173293216,0.4537037037037037,108.0,0.3333333333333333,0.4166666666666667,0.2777777777777778,36.0,0.5538461538461539,0.5454545454545454,0.5625,32.0,0.125,0.25,0.08333333333333333,12.0,0.5333333333333333,0.425531914893617,0.7142857142857143,28.0,,,,
p_42,0.4334054834054834,0.47776762879064666,0.42281792281792285,0.5168644113088557,0.5211150804927446,0.5462962962962963,108.0,0.3333333333333333,0.4666666666666667,0.25925925925925924,27.0,0.22857142857142856,0.23529411764705882,0.2222222222222222,18.0,0.7272727272727273,0.6376811594202898,0.8461538461538461,52.0,0.4444444444444444,0.5714285714285714,0.36363636363636365,11.0,,,,
p_43,0.23606502986065028,0.2204192021636241,0.28555555555555556,0.37907665462409984,0.3330203090176045,0.48148148148148145,108.0,0.0,0.0,0.0,24.0,0.2727272727272727,0.35294117647058826,0.2222222222222222,27.0,0.6715328467153284,0.5287356321839081,0.92,50.0,0.0,0.0,0.0,7.0,,,,
p_44,0.4373355402767167,0.4947916666666667,0.43376623376623374,0.46952720482132243,0.5383101851851853,0.4722222222222222,108.0,0.5252525252525253,0.43333333333333335,0.6666666666666666,39.0,0.38095238095238093,0.4,0.36363636363636365,22.0,0.5098039215686274,0.8125,0.37142857142857144,35.0,0.3333333333333333,0.3333333333333333,0.3333333333333333,12.0,,,,
p_45,0.31292989417989414,0.30479336043360433,0.3413553639846743,0.4715167548500881,0.42660343270099366,0.5462962962962963,108.0,0.7285714285714285,0.6219512195121951,0.8793103448275862,58.0,0.14814814814814814,0.2222222222222222,0.1111111111111111,18.0,0.375,0.375,0.375,16.0,0.0,0.0,0.0,16.0,,,,
p_46,0.460782967032967,0.4922652676889965,0.4620540669097828,0.5916590354090354,0.5862279416893352,0.6111111111111112,108.0,0.15384615384615385,0.3333333333333333,0.1,10.0,0.42857142857142855,0.42857142857142855,0.42857142857142855,28.0,0.8035714285714286,0.7627118644067796,0.8490566037735849,53.0,0.45714285714285713,0.4444444444444444,0.47058823529411764,17.0,,,,
p_47,0.4519413224346811,0.5552890310352997,0.4336247086247086,0.5126258940300686,0.5262356647099599,0.5462962962962963,108.0,0.12903225806451613,0.2222222222222222,0.09090909090909091,22.0,0.38461538461538464,0.35714285714285715,0.4166666666666667,24.0,0.5714285714285714,1.0,0.4,10.0,0.7226890756302521,0.6417910447761194,0.8269230769230769,52.0,,,,
p_48,0.31537037037037036,0.3311965811965812,0.3388157894736842,0.44932098765432094,0.4354226020892688,0.5,108.0,0.4533333333333333,0.4358974358974359,0.4722222222222222,36.0,0.6481481481481481,0.5555555555555556,0.7777777777777778,45.0,0.16,0.3333333333333333,0.10526315789473684,19.0,0.0,0.0,0.0,8.0,,,,
p_49,0.3334266517357223,0.2942872117400419,0.38482142857142854,0.5056613164115964,0.4464632347231929,0.5833333333333334,108.0,0.7021276595744681,0.6111111111111112,0.825,40.0,0.631578947368421,0.5660377358490566,0.7142857142857143,42.0,0.0,0.0,0.0,14.0,0.0,0.0,0.0,12.0,,,,
p_50,0.5030316091954024,0.5064941766180157,0.5044902044902044,0.5263713282247765,0.5298974560584467,0.5277777777777778,108.0,0.64,0.631578947368421,0.6486486486486487,37.0,0.4583333333333333,0.5238095238095238,0.4074074074074074,27.0,0.5,0.47058823529411764,0.5333333333333333,30.0,0.41379310344827586,0.4,0.42857142857142855,14.0,,,,
p_51,0.28935574229691874,0.3118974358974359,0.2966535947712418,0.37833281460732443,0.3888603988603989,0.39814814814814814,108.0,0.47058823529411764,0.46153846153846156,0.48,25.0,0.16666666666666666,0.3333333333333333,0.1111111111111111,18.0,0.35714285714285715,0.38461538461538464,0.3333333333333333,30.0,0.4523809523809524,0.38,0.5588235294117647,34.0,0.0,0.0,0.0,1.0
p_52,0.4865795336932858,0.5918003565062389,0.4777131782945736,0.5052917943410302,0.5934343434343434,0.5185185185185185,108.0,0.47368421052631576,0.8181818181818182,0.3333333333333333,27.0,0.5765765765765766,0.47058823529411764,0.7441860465116279,43.0,0.45161290322580644,0.4117647058823529,0.5,14.0,0.4444444444444444,0.6666666666666666,0.3333333333333333,24.0,,,,
p_53,0.23271221532091096,0.20262417994376758,0.276875,0.49904148454873093,0.4185497587559443,0.6203703703703703,108.0,0.0,0.0,0.0,18.0,0.782608695652174,0.6494845360824743,0.984375,64.0,0.0,0.0,0.0,15.0,0.38095238095238093,0.36363636363636365,0.4,10.0,0.0,0.0,0.0,1.0
p_54,0.43448264736564746,0.49611933058452584,0.4230352303523035,0.5519943709343922,0.5673278177522659,0.5740740740740741,108.0,0.6355140186915887,0.5483870967741935,0.7555555555555555,45.0,0.5569620253164557,0.5789473684210527,0.5365853658536586,41.0,0.0,0.0,0.0,7.0,0.5454545454545454,0.8571428571428571,0.4,15.0,,,,
p_55,0.3822751322751322,0.37033462033462033,0.39951697892271665,0.6189496374681559,0.5802886219552886,0.6666666666666666,108.0,0.8148148148148148,0.7432432432432432,0.9016393442622951,61.0,0.5714285714285714,0.5714285714285714,0.5714285714285714,28.0,0.14285714285714285,0.16666666666666666,0.125,8.0,0.0,0.0,0.0,11.0,,,,
p_56,0.4605462048500023,0.5112938596491228,0.45386332417582415,0.5201309785697972,0.5459592267706302,0.5277777777777778,108.0,0.4810126582278481,0.475,0.48717948717948717,39.0,0.5714285714285714,0.7368421052631579,0.4666666666666667,30.0,0.2,0.3333333333333333,0.14285714285714285,7.0,0.5897435897435898,0.5,0.71875,32.0,,,,
p_57,0.44000968515053024,0.4661585365853658,0.4793219461697722,0.4575951521960912,0.47281504065040647,0.5,108.0,0.07692307692307693,0.3333333333333333,0.043478260869565216,23.0,0.5909090909090909,0.5416666666666666,0.65,20.0,0.4788732394366197,0.4146341463414634,0.5666666666666667,30.0,0.6133333333333333,0.575,0.6571428571428571,35.0,,,,
p_58,0.3602864542864543,0.5930555555555556,0.3574468085106383,0.4641846000364519,0.5497942386831276,0.5092592592592593,108.0,0.15384615384615385,0.2222222222222222,0.11764705882352941,17.0,0.624,0.5,0.8297872340425532,47.0,0.48148148148148145,0.65,0.38235294117647056,34.0,0.18181818181818182,1.0,0.1,10.0,,,,
p_59,0.3983136003200931,0.39045545649319235,0.41311478629792586,0.4855322390082502,0.4607660566780063,0.5185185185185185,108.0,0.5063291139240507,0.47619047619047616,0.5405405405405406,37.0,0.6041666666666666,0.5471698113207547,0.6744186046511628,43.0,0.4827586206896552,0.5384615384615384,0.4375,16.0,0.0,0.0,0.0,12.0,,,,
p_60,0.3839034205231388,0.3938214128762909,0.39593495934959344,0.48476041433787914,0.5092656172432596,0.49074074074074076,108.0,0.4,0.5416666666666666,0.3170731707317073,41.0,0.6285714285714286,0.5945945945945946,0.6666666666666666,33.0,0.5070422535211268,0.43902439024390244,0.6,30.0,0.0,0.0,0.0,4.0,,,,
p_61,0.33054825932874715,0.3506944444444445,0.35293250810492194,0.4303356264331874,0.4347993827160494,0.48148148148148145,108.0,0.48,0.5,0.46153846153846156,26.0,0.5982905982905983,0.4861111111111111,0.7777777777777778,45.0,0.24390243902439024,0.4166666666666667,0.1724137931034483,29.0,0.0,0.0,0.0,8.0,,,,
p_62,0.30824175824175826,0.2980769230769231,0.3248847926267281,0.5625152625152625,0.527065527065527,0.6111111111111112,108.0,0.46153846153846156,0.5,0.42857142857142855,28.0,0.7714285714285715,0.6923076923076923,0.8709677419354839,62.0,0.0,0.0,0.0,15.0,0.0,0.0,0.0,3.0,,,,
p_63,0.5059505256847515,0.5380836981446737,0.5220864661654135,0.5205290236330357,0.5616135470471514,0.5277777777777778,108.0,0.43902439024390244,0.6923076923076923,0.32142857142857145,28.0,0.5675675675675675,0.5833333333333334,0.5526315789473685,38.0,0.4375,0.3888888888888889,0.5,14.0,0.5797101449275363,0.4878048780487805,0.7142857142857143,28.0,,,,
p_64,0.37524366471734893,0.3617948717948718,0.40499198075380916,0.4631434553461844,0.4326115859449193,0.5185185185185185,108.0,0.5185185185185185,0.56,0.4827586206896552,29.0,0.6666666666666666,0.5538461538461539,0.8372093023255814,43.0,0.0,0.0,0.0,16.0,0.3157894736842105,0.3333333333333333,0.3,20.0,,,,
p_65,0.2711170055997642,0.35090909090909095,0.2714285714285714,0.4626600517405115,0.5189113355780023,0.49074074074074076,108.0,0.603448275862069,0.5303030303030303,0.7,50.0,0.4444444444444444,0.42424242424242425,0.4666666666666667,30.0,0.3076923076923077,0.8,0.19047619047619047,21.0,0.0,0.0,0.0,6.0,0.0,0.0,0.0,1.0
p_66,0.3810171746492501,0.37443284936479126,0.38958333333333334,0.5753865863928758,0.56918397526383,0.5833333333333334,108.0,0.75,0.75,0.75,60.0,0.358974358974359,0.3684210526315789,0.35,20.0,0.41509433962264153,0.3793103448275862,0.4583333333333333,24.0,0.0,0.0,0.0,4.0,,,,
p_67,0.24871664116947134,0.2423076923076923,0.27584126777096646,0.3318683463337551,0.3128205128205128,0.37962962962962965,108.0,0.26666666666666666,0.3076923076923077,0.23529411764705882,34.0,0.16216216216216217,0.2,0.13636363636363635,22.0,0.0,0.0,0.0,11.0,0.5660377358490566,0.46153846153846156,0.7317073170731707,41.0,,,,
p_68,0.36969375563845613,0.4293923611111111,0.36300505050505055,0.40344773247145677,0.42958590534979424,0.42592592592592593,108.0,0.5370370370370371,0.453125,0.6590909090909091,44.0,0.32653061224489793,0.32,0.3333333333333333,24.0,0.35714285714285715,0.5,0.2777777777777778,18.0,0.25806451612903225,0.4444444444444444,0.18181818181818182,22.0,,,,
p_69,0.2846638655462185,0.2803819444444444,0.3100822050290135,0.48163709928415804,0.4715792181069959,0.5277777777777778,108.0,0.5,0.59375,0.4318181818181818,44.0,0.0,0.0,0.0,13.0,0.6386554621848739,0.5277777777777778,0.8085106382978723,47.0,0.0,0.0,0.0,4.0,,,,
p_70,0.33655630084201515,0.3269230769230769,0.35388795986622074,0.4130419844705559,0.40135327635327633,0.4351851851851852,108.0,0.40816326530612246,0.38461538461538464,0.43478260869565216,23.0,0.4835164835164835,0.4230769230769231,0.5641025641025641,39.0,0.45454545454545453,0.5,0.4166666666666667,36.0,0.0,0.0,0.0,10.0,,,,
p_71,0.31448331501531696,0.3768939393939394,0.31922814207650274,0.5283790677472131,0.5609567901234568,0.5833333333333334,108.0,0.3902439024390244,0.7272727272727273,0.26666666666666666,30.0,0.7248322147651006,0.6136363636363636,0.8852459016393442,61.0,0.0,0.0,0.0,9.0,0.14285714285714285,0.16666666666666666,0.125,8.0,,,,
p_72,0.3030370013128634,0.4636193394620361,0.3138888888888889,0.43376663778962626,0.518989520674914,0.5092592592592593,108.0,0.27586206896551724,0.8,0.16666666666666666,24.0,0.6713286713286714,0.5393258426966292,0.8888888888888888,54.0,0.15384615384615385,0.18181818181818182,0.13333333333333333,15.0,0.1111111111111111,0.3333333333333333,0.06666666666666667,15.0,,,,
p_73,0.37938341126738356,0.4066666666666667,0.3838698066639243,0.5145892732916563,0.5029012345679013,0.5555555555555556,108.0,0.5283018867924528,0.56,0.5,28.0,0.7049180327868853,0.6142857142857143,0.8269230769230769,52.0,0.16666666666666666,0.2857142857142857,0.11764705882352941,17.0,0.11764705882352941,0.16666666666666666,0.09090909090909091,11.0,,,,
p_74,0.29748369058713886,0.28858695652173916,0.34283876500857635,0.44430982706844774,0.39426328502415453,0.5555555555555556,108.0,0.4864864864864865,0.6,0.4090909090909091,22.0,0.7034482758620689,0.5543478260869565,0.9622641509433962,53.0,0.0,0.0,0.0,12.0,0.0,0.0,0.0,21.0,,,,
p_75,0.27152961980548185,0.2745775729646697,0.3155769230769231,0.4203818318760848,0.38595892359333217,0.5277777777777778,108.0,0.41025641025641024,0.5714285714285714,0.32,25.0,0.6758620689655173,0.5268817204301075,0.9423076923076923,52.0,0.0,0.0,0.0,14.0,0.0,0.0,0.0,17.0,,,,
p_76,0.37212775528565006,0.39819245082402976,0.37401792524790234,0.39104779993668876,0.40778151889263003,0.4074074074074074,108.0,0.5052631578947369,0.42105263157894735,0.631578947368421,38.0,0.32,0.4444444444444444,0.25,32.0,0.35555555555555557,0.36363636363636365,0.34782608695652173,23.0,0.3076923076923077,0.36363636363636365,0.26666666666666666,15.0,,,,
p_77,0.2822368764787986,0.3377335383914331,0.3111111111111111,0.3699422288900333,0.42670596946912737,0.4074074074074074,108.0,0.49019607843137253,0.43859649122807015,0.5555555555555556,45.0,0.4225352112676056,0.3409090909090909,0.5555555555555556,27.0,0.21621621621621623,0.5714285714285714,0.13333333333333333,30.0,0.0,0.0,0.0,6.0,,,,
p_78,0.31043956043956045,0.2938861985472155,0.35073744085371994,0.3522079772079772,0.33604609452067075,0.39814814814814814,108.0,0.38461538461538464,0.42857142857142855,0.3488372093023256,43.0,0.5,0.3898305084745763,0.696969696969697,33.0,0.0,0.0,0.0,18.0,0.35714285714285715,0.35714285714285715,0.35714285714285715,14.0,,,,
p_79,0.39435736677115985,0.3933134901532899,0.4062165864742048,0.40349665234722704,0.40680777372475335,0.4074074074074074,108.0,0.4666666666666667,0.44680851063829785,0.4883720930232558,43.0,0.36363636363636365,0.38461538461538464,0.3448275862068966,29.0,0.41379310344827586,0.35294117647058826,0.5,12.0,0.3333333333333333,0.3888888888888889,0.2916666666666667,24.0,,,,
p_80,0.4436550332383665,0.49230769230769234,0.4467948717948718,0.45282921810699583,0.495679012345679,0.46296296296296297,108.0,0.5230769230769231,0.4358974358974359,0.6538461538461539,26.0,0.4074074074074074,0.6111111111111112,0.3055555555555556,36.0,0.4691358024691358,0.4222222222222222,0.5277777777777778,36.0,0.375,0.5,0.3,10.0,,,,
p_81,0.31291834002677377,0.3281914893617021,0.320874183006536,0.6081114581783926,0.5696217494089835,0.6759259259259259,108.0,0.8072289156626506,0.7127659574468085,0.9305555555555556,72.0,0.4444444444444444,0.6,0.35294117647058826,17.0,0.0,0.0,0.0,8.0,0.0,0.0,0.0,11.0,,,,
p_82,0.4248016395842483,0.5108552631578948,0.43860284226685026,0.5378413225112098,0.5666301169590644,0.5833333333333334,108.0,0.5454545454545454,0.47368421052631576,0.6428571428571429,14.0,0.34782608695652173,0.8,0.2222222222222222,18.0,0.725925925925926,0.6447368421052632,0.8305084745762712,59.0,0.08,0.125,0.058823529411764705,17.0,,,,
p_83,0.33861336032388667,0.42342032967032966,0.3365209471766849,0.5138757684810317,0.5229192104192104,0.5833333333333334,108.0,0.7236842105263158,0.6043956043956044,0.9016393442622951,61.0,0.0,0.0,0.0,11.0,0.23076923076923078,0.375,0.16666666666666666,18.0,0.4,0.7142857142857143,0.2777777777777778,18.0,,,,
p_84,0.3773379143323996,0.40140013495276655,0.38628094878094876,0.5624443450219594,0.5557117508871896,0.6111111111111112,108.0,0.5396825396825397,0.6538461538461539,0.4594594594594595,37.0,0.23529411764705882,0.3333333333333333,0.18181818181818182,11.0,0.734375,0.618421052631579,0.9038461538461539,52.0,0.0,0.0,0.0,8.0,,,,
p_85,0.2647562582345191,0.25916075650118203,0.2934027777777778,0.3724052115356463,0.3501444707118466,0.4166666666666667,108.0,0.43478260869565216,0.425531914893617,0.4444444444444444,45.0,0.0,0.0,0.0,11.0,0.09090909090909091,0.16666666666666666,0.0625,16.0,0.5333333333333333,0.4444444444444444,0.6666666666666666,36.0,,,,
p_86,0.39296592167597794,0.5351756454816285,0.36119733924611974,0.3766885458713585,0.44751209128691755,0.37037037037037035,108.0,0.3404255319148936,0.3018867924528302,0.3902439024390244,41.0,0.42105263157894735,1.0,0.26666666666666666,15.0,0.3225806451612903,0.3125,0.3333333333333333,30.0,0.4878048780487805,0.5263157894736842,0.45454545454545453,22.0,,,,
p_87,0.3385119819408039,0.32331989247311826,0.36049284578696345,0.409570834978706,0.39247062923138193,0.4351851851851852,108.0,0.4745762711864407,0.45161290322580644,0.5,28.0,0.0,0.0,0.0,9.0,0.5316455696202531,0.4666666666666667,0.6176470588235294,34.0,0.34782608695652173,0.375,0.32432432432432434,37.0,,,,
p_88,0.3692857142857143,0.47789115646258506,0.3515963203463203,0.6609523809523808,0.6545414462081128,0.7222222222222222,108.0,0.8342857142857143,0.7448979591836735,0.948051948051948,77.0,0.5,1.0,0.3333333333333333,12.0,0.14285714285714285,0.16666666666666666,0.125,8.0,0.0,0.0,0.0,11.0,,,,
p_89,0.4110026773070251,0.463840045377198,0.4296962841080488,0.420348880493808,0.4580654818176089,0.4444444444444444,108.0,0.5797101449275363,0.46511627906976744,0.7692307692307693,26.0,0.43243243243243246,0.3902439024390244,0.48484848484848486,33.0,0.34615384615384615,0.5,0.2647058823529412,34.0,0.2857142857142857,0.5,0.2,15.0,,,,
p_90,0.3380021141649049,0.33369565217391306,0.34971033868092694,0.437181896484222,0.4294685990338164,0.4537037037037037,108.0,0.4883720930232558,0.5,0.4772727272727273,44.0,0.0,0.0,0.0,6.0,0.36363636363636365,0.4,0.3333333333333333,24.0,0.5,0.43478260869565216,0.5882352941176471,34.0,,,,
p_91,0.38204272490820074,0.3834722222222222,0.4251676245210728,0.5401635953579038,0.5290534979423869,0.6018518518518519,108.0,0.15789473684210525,0.3333333333333333,0.10344827586206896,29.0,0.765625,0.6805555555555556,0.875,56.0,0.6046511627906976,0.52,0.7222222222222222,18.0,0.0,0.0,0.0,5.0,,,,
p_92,0.35368956743002544,0.46182065217391305,0.3727886710239652,0.5149938742814061,0.5831169484702093,0.5833333333333334,108.0,0.4,0.43478260869565216,0.37037037037037035,27.0,0.0,0.0,0.0,5.0,0.26666666666666666,0.8,0.16,25.0,0.7480916030534351,0.6125,0.9607843137254902,51.0,,,,
p_93,0.38347069597069594,0.3789014687882497,0.41101823708206686,0.5473561931895266,0.5093215920939299,0.6018518518518519,108.0,0.6410256410256411,0.5813953488372093,0.7142857142857143,35.0,0.75,0.6842105263157895,0.8297872340425532,47.0,0.14285714285714285,0.25,0.1,10.0,0.0,0.0,0.0,16.0,,,,
p_94,0.33667312865959803,0.3328233374133007,0.35610725481415134,0.45133247466488485,0.44683953639481994,0.4722222222222222,108.0,0.6741573033707865,0.6666666666666666,0.6818181818181818,44.0,0.0,0.0,0.0,7.0,0.4225352112676056,0.3488372093023256,0.5357142857142857,28.0,0.25,0.3157894736842105,0.20689655172413793,29.0,,,,
p_95,0.2755428592091703,0.28374169435215946,0.301497113997114,0.4490458655513167,0.4213385935769657,0.5277777777777778,108.0,0.704225352112676,0.5813953488372093,0.8928571428571429,56.0,0.2926829268292683,0.42857142857142855,0.2222222222222222,27.0,0.10526315789473684,0.125,0.09090909090909091,11.0,0.0,0.0,0.0,14.0,,,,
p_96,0.32407381479096076,0.3642261904761904,0.3200276396636753,0.3832549261198697,0.4124647266313933,0.37962962962962965,108.0,0.5609756097560976,0.575,0.5476190476190477,42.0,0.3582089552238806,0.3333333333333333,0.3870967741935484,31.0,0.23076923076923078,0.42857142857142855,0.15789473684210525,19.0,0.14634146341463414,0.12,0.1875,16.0,,,,
p_97,0.30514705882352944,0.33333333333333337,0.3293269230769231,0.5321350762527233,0.558641975308642,0.5925925925925926,108.0,0.5,0.75,0.375,40.0,0.0,0.0,0.0,12.0,0.7205882352941176,0.5833333333333334,0.9423076923076923,52.0,0.0,0.0,0.0,4.0,,,,
p_98,0.36771202125532837,0.45627670940170945,0.36592895136778114,0.4416580144926602,0.48162096391263065,0.49074074074074076,108.0,0.6141732283464567,0.4875,0.8297872340425532,47.0,0.09090909090909091,0.16666666666666666,0.0625,16.0,0.43243243243243246,0.6153846153846154,0.3333333333333333,24.0,0.3333333333333333,0.5555555555555556,0.23809523809523808,21.0,,,,
p_99,0.36444495029405616,0.44552429667519183,0.34869465329991645,0.34966135718068725,0.3844416027280477,0.35185185185185186,108.0,0.37209302325581395,0.34782608695652173,0.4,20.0,0.4146341463414634,0.3695652173913043,0.4722222222222222,36.0,0.25,0.2647058823529412,0.23684210526315788,38.0,0.42105263157894735,0.8,0.2857142857142857,14.0,,,,
p_100,0.32789256198347105,0.3404008386162831,0.3444989106753813,0.4437480869299051,0.4462544209461796,0.4722222222222222,108.0,0.4,0.34782608695652173,0.47058823529411764,17.0,0.3,0.46153846153846156,0.2222222222222222,27.0,0.6115702479338843,0.5522388059701493,0.6851851851851852,54.0,0.0,0.0,0.0,10.0,,,,
p_101,0.34039473684210525,0.36458333333333337,0.40096334586466165,0.41079922027290444,0.45524691358024694,0.48148148148148145,108.0,0.45,0.375,0.5625,16.0,0.631578947368421,0.5,0.8571428571428571,42.0,0.28,0.5833333333333334,0.18421052631578946,38.0,0.0,0.0,0.0,12.0,,,,
p_102,0.25336021505376344,0.23581470189701897,0.27868150684931503,0.4968936678614098,0.47135651912074683,0.5277777777777778,108.0,0.05,0.0625,0.041666666666666664,24.0,0.26666666666666666,0.2222222222222222,0.3333333333333333,6.0,0.6967741935483871,0.6585365853658537,0.7397260273972602,73.0,0.0,0.0,0.0,5.0,,,,
p_103,0.3358434891453759,0.36600084697910784,0.3511904761904762,0.40275740642616953,0.42711012819708466,0.4351851851851852,108.0,0.23809523809523808,0.4166666666666667,0.16666666666666666,30.0,0.5740740740740741,0.4696969696969697,0.7380952380952381,42.0,0.37735849056603776,0.43478260869565216,0.3333333333333333,30.0,0.15384615384615385,0.14285714285714285,0.16666666666666666,6.0,,,,
p_104,0.36008890496497103,0.35583778966131907,0.36558823529411766,0.4699206278697217,0.46034693338614907,0.48148148148148145,108.0,0.3880597014925373,0.3939393939393939,0.38235294117647056,34.0,0.4897959183673469,0.5,0.48,25.0,0.5625,0.5294117647058824,0.6,45.0,0.0,0.0,0.0,4.0,,,,
p_105,0.291520979020979,0.2871696504688832,0.3053732303732304,0.38043900543900544,0.36345631650405735,0.4074074074074074,108.0,0.25,0.3,0.21428571428571427,14.0,0.46153846153846156,0.45652173913043476,0.4666666666666667,45.0,0.45454545454545453,0.39215686274509803,0.5405405405405406,37.0,0.0,0.0,0.0,12.0,,,,
p_106,0.4575006469584231,0.6176763697042736,0.4438492063492063,0.4682862219448082,0.5547624197851323,0.49074074074074076,108.0,0.23809523809523808,0.35714285714285715,0.17857142857142858,28.0,0.6037735849056604,0.6956521739130435,0.5333333333333333,30.0,0.5436893203883495,0.417910447761194,0.7777777777777778,36.0,0.4444444444444444,1.0,0.2857142857142857,14.0,,,,
p_107,0.38339158293286735,0.3948528115635466,0.38467261904761907,0.4956649892939393,0.48750416201500285,0.5185185185185185,108.0,0.6605504587155964,0.5901639344262295,0.75,48.0,0.5555555555555556,0.6666666666666666,0.47619047619047616,21.0,0.31746031746031744,0.3225806451612903,0.3125,32.0,0.0,0.0,0.0,7.0,,,,
p_108,0.415099276589195,0.5622617102396514,0.414010989010989,0.4162753179530153,0.5212393084805939,0.42592592592592593,108.0,0.449438202247191,0.37037037037037035,0.5714285714285714,35.0,0.4666666666666667,0.4375,0.5,14.0,0.410958904109589,0.4411764705882353,0.38461538461538464,39.0,0.3333333333333333,1.0,0.2,20.0,,,,
p_109,0.28701015965166904,0.2996031746031746,0.30336293474496606,0.3848371230446702,0.39271017048794826,0.4166666666666667,108.0,0.5769230769230769,0.47619047619047616,0.7317073170731707,41.0,0.3018867924528302,0.3333333333333333,0.27586206896551724,29.0,0.2692307692307692,0.3888888888888889,0.20588235294117646,34.0,0.0,0.0,0.0,4.0,,,,
p_110,0.3657058388765706,0.39160726660726664,0.37527010804321725,0.5104897210588268,0.5140117223450557,0.5555555555555556,108.0,0.6991869918699187,0.581081081081081,0.8775510204081632,49.0,0.36363636363636365,0.46153846153846156,0.3,20.0,0.4,0.5238095238095238,0.3235294117647059,34.0,0.0,0.0,0.0,5.0,,,,
p_111,0.35231507622811964,0.45151430694908956,0.34731711525189785,0.4131062174540435,0.4503007280785059,0.4351851851851852,108.0,0.43478260869565216,0.5555555555555556,0.35714285714285715,28.0,0.30434782608695654,0.30434782608695654,0.30434782608695654,23.0,0.5272727272727272,0.4461538461538462,0.6444444444444445,45.0,0.14285714285714285,0.5,0.08333333333333333,12.0,,,,
p_112,0.3643414262256627,0.3566369047619048,0.3772702991452992,0.5095475929835536,0.48744378306878305,0.5370370370370371,108.0,0.5747126436781609,0.5208333333333334,0.6410256410256411,39.0,0.25,0.2857142857142857,0.2222222222222222,9.0,0.6326530612244898,0.62,0.6458333333333334,48.0,0.0,0.0,0.0,12.0,,,,
p_113,0.3202419049406009,0.36466222533894344,0.3390291160452451,0.34097692666937174,0.3805940816927259,0.37037037037037035,108.0,0.34782608695652173,0.5333333333333333,0.25806451612903225,31.0,0.4742268041237113,0.3709677419354839,0.6571428571428571,35.0,0.13333333333333333,0.25,0.09090909090909091,22.0,0.32558139534883723,0.30434782608695654,0.35,20.0,,,,
p_114,0.35010059687479045,0.34778678913425837,0.3658612529580272,0.4219838945645397,0.42522112204054746,0.4351851851851852,108.0,0.4594594594594595,0.3953488372093023,0.5483870967741935,31.0,0.0,0.0,0.0,12.0,0.3870967741935484,0.35294117647058826,0.42857142857142855,28.0,0.5538461538461539,0.6428571428571429,0.4864864864864865,37.0,,,,
p_115,0.44406183042546676,0.5494310099573259,0.4209333636742898,0.5003627747735492,0.5455007639218166,0.5277777777777778,108.0,0.628099173553719,0.5135135135135135,0.8085106382978723,47.0,0.14814814814814814,0.2,0.11764705882352941,17.0,0.5,0.6842105263157895,0.3939393939393939,33.0,0.5,0.8,0.36363636363636365,11.0,,,,
p_116,0.3544345645234838,0.3918269230769231,0.3804204374057315,0.3573930519666954,0.4103821015585721,0.37037037037037035,108.0,0.32558139534883723,0.4117647058823529,0.2692307692307692,26.0,0.5,0.375,0.75,24.0,0.39215686274509803,0.5882352941176471,0.29411764705882354,34.0,0.2,0.19230769230769232,0.20833333333333334,24.0,,,,
p_117,0.3276643990929705,0.30962082625919635,0.35785365853658535,0.48203787687914673,0.44672650862520696,0.5370370370370371,108.0,0.6938775510204082,0.5964912280701754,0.8292682926829268,41.0,0.5,0.45161290322580644,0.56,25.0,0.4444444444444444,0.5,0.4,25.0,0.0,0.0,0.0,16.0,0.0,0.0,0.0,1.0
p_118,0.3273454482218937,0.34420978917882944,0.3302699284842142,0.4048581926853381,0.397685116931763,0.42592592592592593,108.0,0.2,0.2857142857142857,0.15384615384615385,13.0,0.41935483870967744,0.38235294117647056,0.4642857142857143,28.0,0.5471698113207547,0.5087719298245614,0.5918367346938775,49.0,0.14285714285714285,0.2,0.1111111111111111,18.0,,,,
p_119,0.31401850008781684,0.33556547619047616,0.3266944210458109,0.5310080292809641,0.5121803350970018,0.5925925925925926,108.0,0.7586206896551724,0.6547619047619048,0.9016393442622951,61.0,0.3684210526315789,0.4375,0.3181818181818182,22.0,0.12903225806451613,0.25,0.08695652173913043,23.0,0.0,0.0,0.0,2.0,,,,
p_120,0.2623456790123457,0.3407766990291262,0.2983942908117752,0.44981710105166894,0.44836389787846104,0.5740740740740741,108.0,0.3333333333333333,0.8,0.21052631578947367,19.0,0.0,0.0,0.0,18.0,0.7160493827160493,0.5631067961165048,0.9830508474576272,59.0,0.0,0.0,0.0,12.0,,,,
p_121,0.42172072567344693,0.5182739138905124,0.4262922932330827,0.49358194368089914,0.5475359150305575,0.5185185185185185,108.0,0.6915887850467289,0.6271186440677966,0.7708333333333334,48.0,0.23529411764705882,0.26666666666666666,0.21052631578947367,19.0,0.44,0.3793103448275862,0.5238095238095238,21.0,0.32,0.8,0.2,20.0,,,,
p_122,0.28135918360928974,0.28857368006304174,0.28814102564102567,0.30174990783981775,0.300367743630155,0.3148148148148148,108.0,0.39215686274509803,0.37037037037037035,0.4166666666666667,24.0,0.13793103448275862,0.2222222222222222,0.1,20.0,0.3953488372093023,0.3617021276595745,0.4358974358974359,39.0,0.2,0.2,0.2,25.0,,,,
p_123,0.30881674547341714,0.30939327485380114,0.34591886608015643,0.37419110957341845,0.3797920727745289,0.4166666666666667,108.0,0.23076923076923078,0.375,0.16666666666666666,36.0,0.4827586206896552,0.3888888888888889,0.6363636363636364,33.0,0.5217391304347826,0.47368421052631576,0.5806451612903226,31.0,0.0,0.0,0.0,8.0,,,,
p_124,0.3074941724941725,0.3006410256410256,0.35035389282103135,0.36165457998791334,0.3672127255460588,0.3888888888888889,108.0,0.0,0.0,0.0,19.0,0.37333333333333335,0.2692307692307692,0.6086956521739131,23.0,0.5384615384615384,0.6,0.4883720930232558,43.0,0.3181818181818182,0.3333333333333333,0.30434782608695654,23.0,,,,
p_125,0.28274855513901903,0.2715240442054958,0.319668407903702,0.3218078913418261,0.30675099008805695,0.37037037037037035,108.0,0.30303030303030304,0.3125,0.29411764705882354,17.0,0.5154639175257731,0.4032258064516129,0.7142857142857143,35.0,0.3125,0.37037037037037035,0.2702702702702703,37.0,0.0,0.0,0.0,19.0,,,,
p_126,0.2964189708141321,0.349220073404856,0.30802129547471163,0.39547242134607724,0.415673949641341,0.4444444444444444,108.0,0.3225806451612903,0.625,0.21739130434782608,23.0,0.2916666666666667,0.30434782608695654,0.28,25.0,0.5714285714285714,0.4675324675324675,0.7346938775510204,49.0,0.0,0.0,0.0,11.0,,,,
p_127,0.437176335627663,0.545128706419029,0.4229302832244009,0.5188845187370261,0.5403497338981209,0.5462962962962963,108.0,0.5,1.0,0.3333333333333333,12.0,0.7079646017699115,0.6451612903225806,0.7843137254901961,51.0,0.4666666666666667,0.42424242424242425,0.5185185185185185,27.0,0.07407407407407407,0.1111111111111111,0.05555555555555555,18.0,,,,
p_128,0.24291569086651052,0.24788961038961038,0.2722222222222222,0.3235102784283112,0.3034271284271284,0.3888888888888889,108.0,0.21428571428571427,0.3,0.16666666666666666,18.0,0.2,0.25,0.16666666666666666,30.0,0.5573770491803278,0.44155844155844154,0.7555555555555555,45.0,0.0,0.0,0.0,15.0,,,,
p_129,0.2681904761904762,0.3225730994152047,0.28885135135135137,0.3668077601410935,0.37994368637643494,0.42592592592592593,108.0,0.0,0.0,0.0,22.0,0.4,0.3684210526315789,0.4375,32.0,0.56,0.4444444444444444,0.7567567567567568,37.0,0.38095238095238093,0.8,0.25,16.0,0.0,0.0,0.0,1.0
p_130,0.38271604938271603,0.4338890520955738,0.399062049062049,0.37265660722450844,0.42973272185228706,0.37962962962962965,108.0,0.41975308641975306,0.3695652173913043,0.4857142857142857,35.0,0.3333333333333333,0.6666666666666666,0.2222222222222222,27.0,0.3333333333333333,0.32432432432432434,0.34285714285714286,35.0,0.4444444444444444,0.375,0.5454545454545454,11.0,,,,
p_131,0.28163531870428427,0.46063432835820894,0.32083987441130296,0.37755814853516007,0.4373548922056385,0.4444444444444444,108.0,0.42424242424242425,0.35,0.5384615384615384,26.0,0.13333333333333333,1.0,0.07142857142857142,14.0,0.5689655172413793,0.4925373134328358,0.673469387755102,49.0,0.0,0.0,0.0,19.0,,,,
p_132,0.3119694360366002,0.4185030728709394,0.3452965952965953,0.3907279034766597,0.49049767502357494,0.4444444444444444,108.0,0.44776119402985076,0.4411764705882353,0.45454545454545453,33.0,0.24242424242424243,0.8,0.14285714285714285,28.0,0.5576923076923077,0.43283582089552236,0.7837837837837838,37.0,0.0,0.0,0.0,10.0,,,,
p_133,0.30961779448621557,0.306290458767239,0.32507481077275124,0.47555114638447965,0.4429094870271341,0.5277777777777778,108.0,0.35,0.4117647058823529,0.30434782608695654,23.0,0.0,0.0,0.0,15.0,0.7218045112781954,0.631578947368421,0.8421052631578947,57.0,0.16666666666666666,0.18181818181818182,0.15384615384615385,13.0,,,,
p_134,0.3127331119302215,0.3239954725523486,0.31398809523809523,0.41761357722818987,0.42314867215829294,0.42592592592592593,108.0,0.2545454545454545,0.22580645161290322,0.2916666666666667,24.0,0.46808510638297873,0.5789473684210527,0.39285714285714285,28.0,0.5283018867924528,0.49122807017543857,0.5714285714285714,49.0,0.0,0.0,0.0,7.0,,,,
p_135,0.2760035741470034,0.2684920198128784,0.316473559120618,0.4132601344104803,0.37229050734829494,0.49074074074074076,108.0,0.0,0.0,0.0,18.0,0.09090909090909091,0.2,0.058823529411764705,17.0,0.6716417910447762,0.569620253164557,0.8181818181818182,55.0,0.34146341463414637,0.30434782608695654,0.3888888888888889,18.0,,,,
p_136,0.3210499294057245,0.35561497326203206,0.33964281822144726,0.4023997299828387,0.43716577540106955,0.4351851851851852,108.0,0.4489795918367347,0.6470588235294118,0.34375,32.0,0.3018867924528302,0.36363636363636365,0.25806451612903225,31.0,0.5333333333333333,0.4117647058823529,0.7567567567567568,37.0,0.0,0.0,0.0,8.0,,,,
p_137,0.4548561151079137,0.6692821067821068,0.45954941116231435,0.572879474198419,0.6572403933515045,0.6111111111111112,108.0,0.13333333333333333,1.0,0.07142857142857142,14.0,0.5,0.4444444444444444,0.5714285714285714,14.0,0.7194244604316546,0.6493506493506493,0.8064516129032258,62.0,0.4666666666666667,0.5833333333333334,0.3888888888888889,18.0,,,,
p_138,0.29105307029730476,0.2487714987714988,0.35256410256410253,0.4138495261029298,0.34966784966784964,0.5092592592592593,108.0,0.0,0.0,0.0,23.0,0.6557377049180327,0.5405405405405406,0.8333333333333334,48.0,0.5084745762711864,0.45454545454545453,0.5769230769230769,26.0,0.0,0.0,0.0,11.0,,,,
p_139,0.3888955150256855,0.39178571428571424,0.3893509615384615,0.39624751375008604,0.3975793650793651,0.39814814814814814,108.0,0.35555555555555557,0.4,0.32,25.0,0.5074626865671642,0.4857142857142857,0.53125,32.0,0.35294117647058826,0.36,0.34615384615384615,26.0,0.33962264150943394,0.32142857142857145,0.36,25.0,,,,
p_140,0.4155144343800032,0.452531386741913,0.41745951417004046,0.4150724957624108,0.4474481280036835,0.42592592592592593,108.0,0.47191011235955055,0.3888888888888889,0.6,35.0,0.375,0.4090909090909091,0.34615384615384615,26.0,0.34146341463414637,0.5384615384615384,0.25,28.0,0.47368421052631576,0.47368421052631576,0.47368421052631576,19.0,,,,
p_141,0.23453214732507854,0.22914915966386554,0.26945804195804196,0.36044847806917213,0.322442032368503,0.4444444444444444,108.0,0.0,0.0,0.0,20.0,0.10526315789473684,0.125,0.09090909090909091,11.0,0.6277372262773723,0.5058823529411764,0.8269230769230769,52.0,0.20512820512820512,0.2857142857142857,0.16,25.0,,,,
p_142,0.31274589970930855,0.31436403508771926,0.33095238095238094,0.38585908893211285,0.3837272579597141,0.4166666666666667,108.0,0.4406779661016949,0.5416666666666666,0.37142857142857144,35.0,0.32432432432432434,0.3157894736842105,0.3333333333333333,18.0,0.48598130841121495,0.4,0.6190476190476191,42.0,0.0,0.0,0.0,13.0,,,,
p_143,0.3634775733179989,0.39619433198380566,0.3788690476190476,0.46524050646391074,0.47277702804018595,0.5185185185185185,108.0,0.425531914893617,0.5263157894736842,0.35714285714285715,28.0,0.3783783783783784,0.5384615384615384,0.2916666666666667,24.0,0.65,0.52,0.8666666666666667,45.0,0.0,0.0,0.0,11.0,,,,
p_144,0.2515527950310559,0.24122807017543857,0.28084415584415584,0.48930296756383707,0.4291747888239116,0.5833333333333334,108.0,0.2608695652173913,0.3333333333333333,0.21428571428571427,14.0,0.0,0.0,0.0,14.0,0.7453416149068323,0.631578947368421,0.9090909090909091,66.0,0.0,0.0,0.0,14.0,,,,
p_145,0.39042167565807173,0.412527507793875,0.41008128826464985,0.3959784374096991,0.4378774680603949,0.39814814814814814,108.0,0.3728813559322034,0.39285714285714285,0.3548387096774194,31.0,0.3157894736842105,0.3157894736842105,0.3157894736842105,19.0,0.42857142857142855,0.6,0.3333333333333333,36.0,0.4444444444444444,0.34146341463414637,0.6363636363636364,22.0,,,,
p_146,0.2895024117796395,0.2717000513610683,0.31398809523809523,0.3328157174691828,0.3056411573360726,0.37037037037037035,108.0,0.36923076923076925,0.36363636363636365,0.375,32.0,0.0,0.0,0.0,19.0,0.45544554455445546,0.3898305084745763,0.5476190476190477,42.0,0.3333333333333333,0.3333333333333333,0.3333333333333333,15.0,,,,
p_147,0.2651975683890577,0.22648148148148148,0.3202205882352941,0.36113925475627595,0.3088614540466392,0.4351851851851852,108.0,0.5714285714285714,0.48,0.7058823529411765,34.0,0.0,0.0,0.0,22.0,0.48936170212765956,0.42592592592592593,0.575,40.0,0.0,0.0,0.0,12.0,,,,
p_148,0.34757575757575765,0.32112332112332115,0.3842592592592593,0.3812794612794613,0.35519264685931345,0.4166666666666667,108.0,0.56,0.5384615384615384,0.5833333333333334,36.0,0.4666666666666667,0.3888888888888889,0.5833333333333334,24.0,0.0,0.0,0.0,21.0,0.36363636363636365,0.35714285714285715,0.37037037037037035,27.0,,,,
p_149,0.35104497880233176,0.34375,0.3722619047619048,0.4629255480971168,0.45903784219001614,0.48148148148148145,108.0,0.6458333333333334,0.6739130434782609,0.62,50.0,0.35294117647058826,0.375,0.3333333333333333,18.0,0.40540540540540543,0.32608695652173914,0.5357142857142857,28.0,0.0,0.0,0.0,12.0,,,,
p_150,0.27857992421099215,0.38898809523809524,0.268267784225231,0.37456294288369074,0.45314153439153443,0.37962962962962965,108.0,0.2962962962962963,0.8,0.18181818181818182,22.0,0.41025641025641024,0.38095238095238093,0.4444444444444444,36.0,0.4077669902912621,0.375,0.44680851063829785,47.0,0.0,0.0,0.0,3.0,,,,
p_151,0.33909610849485955,0.3931599083156369,0.3300083951926476,0.37344644532496596,0.3972740942985659,0.3888888888888889,108.0,0.39344262295081966,0.41379310344827586,0.375,32.0,0.2222222222222222,0.3333333333333333,0.16666666666666666,12.0,0.44660194174757284,0.3709677419354839,0.5609756097560976,41.0,0.29411764705882354,0.45454545454545453,0.21739130434782608,23.0,,,,
p_152,0.3759138436282181,0.46829462659380694,0.3710829606850146,0.4363748404653695,0.47114492680294134,0.46296296296296297,108.0,0.37037037037037035,0.625,0.2631578947368421,19.0,0.4788732394366197,0.4722222222222222,0.4857142857142857,35.0,0.5294117647058824,0.4426229508196721,0.6585365853658537,41.0,0.125,0.3333333333333333,0.07692307692307693,13.0,,,,
p_153,0.2901388888888889,0.2567204301075269,0.35558069381598795,0.3791512345679013,0.30899044205495824,0.5092592592592593,108.0,0.0,0.0,0.0,20.0,0.48,0.5,0.46153846153846156,13.0,0.6805555555555556,0.5268817204301075,0.9607843137254902,51.0,0.0,0.0,0.0,24.0,,,,
p_154,0.32410521026592454,0.3406432748538012,0.38360812425328555,0.3316466106644678,0.3524474767164826,0.3888888888888889,108.0,0.4090909090909091,0.47368421052631576,0.36,25.0,0.4791666666666667,0.3333333333333333,0.8518518518518519,27.0,0.40816326530612246,0.5555555555555556,0.3225806451612903,31.0,0.0,0.0,0.0,25.0,,,,
p_155,0.45126937724782307,0.49185340802987865,0.4953272298118876,0.4511961956658497,0.5030008299616143,0.49074074074074076,108.0,0.2926829268292683,0.6,0.1935483870967742,31.0,0.32558139534883723,0.3888888888888889,0.28,25.0,0.6153846153846154,0.5079365079365079,0.7804878048780488,41.0,0.5714285714285714,0.47058823529411764,0.7272727272727273,11.0,,,,
p_156,0.3226190476190476,0.3866279069767442,0.3299875505757859,0.46225749559082885,0.4743140150116894,0.5277777777777778,108.0,0.3333333333333333,0.5714285714285714,0.23529411764705882,17.0,0.2857142857142857,0.42857142857142855,0.21428571428571427,28.0,0.6714285714285714,0.5465116279069767,0.8703703703703703,54.0,0.0,0.0,0.0,9.0,,,,
p_157,0.3504498420289248,0.5088035214085634,0.3637080954472259,0.36345777346197206,0.5076104515880426,0.37962962962962965,108.0,0.42105263157894735,0.32653061224489793,0.5925925925925926,27.0,0.22727272727272727,0.23809523809523808,0.21739130434782608,23.0,0.47761194029850745,0.47058823529411764,0.48484848484848486,33.0,0.27586206896551724,1.0,0.16,25.0,,,,
p_158,0.2807377049180328,0.237012987012987,0.35,0.3428961748633879,0.2813852813852814,0.4444444444444444,108.0,0.0,0.0,0.0,17.0,0.0,0.0,0.0,28.0,0.6229508196721312,0.4935064935064935,0.8444444444444444,45.0,0.5,0.45454545454545453,0.5555555555555556,18.0,,,,
p_159,0.30624406257256853,0.3154866996233522,0.318577694235589,0.3930265770002728,0.38237874468159305,0.42592592592592593,108.0,0.3880597014925373,0.40625,0.37142857142857144,35.0,0.1,0.125,0.08333333333333333,12.0,0.594059405940594,0.5084745762711864,0.7142857142857143,42.0,0.14285714285714285,0.2222222222222222,0.10526315789473684,19.0,,,,
p_160,0.4905313855040656,0.527572463768116,0.48198621553884713,0.4956074208987189,0.5188714439076757,0.5,108.0,0.45161290322580644,0.5833333333333334,0.3684210526315789,19.0,0.39215686274509803,0.43478260869565216,0.35714285714285715,28.0,0.5882352941176471,0.6521739130434783,0.5357142857142857,28.0,0.5301204819277109,0.44,0.6666666666666666,33.0,,,,
p_161,0.4728896103896104,0.5095618345618345,0.4534722222222222,0.511379669713003,0.5159614159614159,0.5185185185185185,108.0,0.6,0.5454545454545454,0.6666666666666666,45.0,0.26666666666666666,0.3333333333333333,0.2222222222222222,9.0,0.44155844155844154,0.4594594594594595,0.425,40.0,0.5833333333333334,0.7,0.5,14.0,,,,
p_162,0.29545454545454547,0.42698412698412697,0.31144147071566425,0.33548447437336326,0.45158730158730165,0.37037037037037035,108.0,0.24242424242424243,0.8,0.14285714285714285,28.0,0.36363636363636365,0.34285714285714286,0.3870967741935484,31.0,0.46464646464646464,0.36507936507936506,0.6388888888888888,36.0,0.1111111111111111,0.2,0.07692307692307693,13.0,,,,
p_163,0.3303303303303303,0.29981032211167147,0.39260146143971564,0.3511497608719831,0.33369636730456315,0.39814814814814814,108.0,0.4722222222222222,0.3695652173913043,0.6538461538461539,26.0,0.43243243243243246,0.48484848484848486,0.3902439024390244,41.0,0.4166666666666667,0.3448275862068966,0.5263157894736842,19.0,0.0,0.0,0.0,22.0,,,,
p_164,0.36322344322344324,0.7151340996168583,0.3708333333333333,0.4242897842897843,0.6260110685398041,0.46296296296296297,108.0,0.4533333333333333,0.37777777777777777,0.5666666666666667,30.0,0.2857142857142857,1.0,0.16666666666666666,24.0,0.56,0.4827586206896552,0.6666666666666666,42.0,0.15384615384615385,1.0,0.08333333333333333,12.0,,,,
p_165,0.3734968734968735,0.3817561580719475,0.3812684083082565,0.38947677836566724,0.39939354559237605,0.39814814814814814,108.0,0.2222222222222222,0.21052631578947367,0.23529411764705882,17.0,0.2857142857142857,0.3888888888888889,0.22580645161290322,31.0,0.5185185185185185,0.5185185185185185,0.5185185185185185,27.0,0.4675324675324675,0.4090909090909091,0.5454545454545454,33.0,,,,
p_166,0.31425203836464544,0.31537940379403795,0.3363336713995943,0.3495469821073883,0.34079845428083916,0.37962962962962965,108.0,0.07407407407407407,0.14285714285714285,0.05,20.0,0.37142857142857144,0.3170731707317073,0.4482758620689655,29.0,0.5789473684210527,0.5238095238095238,0.6470588235294118,34.0,0.23255813953488372,0.2777777777777778,0.2,25.0,,,,
p_167,0.3442518208143208,0.3910402097902098,0.3696495037220843,0.4021261521261521,0.43788202538202536,0.4537037037037037,108.0,0.2702702702702703,0.45454545454545453,0.19230769230769232,26.0,0.22727272727272727,0.38461538461538464,0.16129032258064516,31.0,0.59375,0.475,0.7916666666666666,48.0,0.2857142857142857,0.25,0.3333333333333333,3.0,,,,
p_168,0.3055875576036866,0.34455128205128205,0.3309782608695652,0.37241850145075944,0.38900759734093066,0.42592592592592593,108.0,0.25806451612903225,0.5,0.17391304347826086,23.0,0.42857142857142855,0.46153846153846156,0.4,30.0,0.5357142857142857,0.4166666666666667,0.75,40.0,0.0,0.0,0.0,15.0,,,,
p_169,0.5226097002412792,0.6515546085858586,0.5030827139317705,0.5951208743606405,0.64453125,0.6111111111111112,108.0,0.7350427350427351,0.671875,0.8113207547169812,53.0,0.42105263157894735,1.0,0.26666666666666666,15.0,0.5454545454545454,0.5454545454545454,0.5454545454545454,22.0,0.3888888888888889,0.3888888888888889,0.3888888888888889,18.0,,,,
p_170,0.4125,0.5297846889952154,0.4330022918258212,0.4722222222222222,0.5349991139464824,0.5370370370370371,108.0,0.08333333333333333,0.5,0.045454545454545456,22.0,0.4,0.6,0.3,20.0,0.6666666666666666,0.5454545454545454,0.8571428571428571,49.0,0.5,0.47368421052631576,0.5294117647058824,17.0,,,,
p_171,0.398015873015873,0.4931769250253293,0.3688545688545688,0.4033068783068782,0.43826339637509854,0.4074074074074074,108.0,0.37777777777777777,0.3541666666666667,0.40476190476190477,42.0,0.47619047619047616,0.7142857142857143,0.35714285714285715,14.0,0.2857142857142857,0.5,0.2,15.0,0.4523809523809524,0.40425531914893614,0.5135135135135135,37.0,,,,
p_172,0.39464365291571174,0.3929227941176471,0.41047979797979794,0.529189832498656,0.5170225883563302,0.5555555555555556,108.0,0.773109243697479,0.71875,0.8363636363636363,55.0,0.09523809523809523,0.1111111111111111,0.08333333333333333,12.0,0.2727272727272727,0.35294117647058826,0.2222222222222222,27.0,0.4375,0.3888888888888889,0.5,14.0,,,,
p_173,0.3728788792079931,0.46433185677371724,0.37103174603174605,0.3771221355609541,0.46589044747959485,0.37037037037037035,108.0,0.45454545454545453,0.7142857142857143,0.3333333333333333,30.0,0.3492063492063492,0.2619047619047619,0.5238095238095238,21.0,0.3333333333333333,0.5555555555555556,0.23809523809523808,21.0,0.35443037974683544,0.32558139534883723,0.3888888888888889,36.0,,,,
p_174,0.23541937773571514,0.20544733044733043,0.27629870129870127,0.34567170980278755,0.3007121479343702,0.4074074074074074,108.0,0.48598130841121495,0.4126984126984127,0.5909090909090909,44.0,0.0,0.0,0.0,13.0,0.45569620253164556,0.4090909090909091,0.5142857142857142,35.0,0.0,0.0,0.0,16.0,,,,
p_175,0.3198208460622378,0.33606237816764134,0.35183880415561447,0.3289018527148284,0.33834380189156016,0.37037037037037035,108.0,0.06451612903225806,0.2,0.038461538461538464,26.0,0.39285714285714285,0.4074074074074074,0.3793103448275862,29.0,0.47191011235955055,0.3684210526315789,0.65625,32.0,0.35,0.3684210526315789,0.3333333333333333,21.0,,,,
p_176,0.2983643457382953,0.3723958333333333,0.29727262868710236,0.31507269574496466,0.36612654320987653,0.3333333333333333,108.0,0.3,0.28125,0.32142857142857145,28.0,0.23529411764705882,0.5,0.15384615384615385,26.0,0.40816326530612246,0.3333333333333333,0.5263157894736842,38.0,0.25,0.375,0.1875,16.0,,,,
p_177,0.2544386096524131,0.28154761904761905,0.28765736179529283,0.3391542330026951,0.3380291005291005,0.4166666666666667,108.0,0.18604651162790697,0.2857142857142857,0.13793103448275862,29.0,0.0,0.0,0.0,13.0,0.5736434108527132,0.44047619047619047,0.8222222222222222,45.0,0.25806451612903225,0.4,0.19047619047619047,21.0,,,,
p_178,0.2994144075925085,0.2856753812636166,0.3267704517704517,0.35917007420869296,0.34685911401597674,0.3888888888888889,108.0,0.4507042253521127,0.5,0.41025641025641024,39.0,0.0,0.0,0.0,19.0,0.4888888888888889,0.4074074074074074,0.6111111111111112,36.0,0.25806451612903225,0.23529411764705882,0.2857142857142857,14.0,,,,
p_179,0.34262665425971883,0.3427937576499388,0.37606605351170563,0.3229557064301688,0.32939786481708144,0.3425925925925926,108.0,0.32,0.27906976744186046,0.375,32.0,0.5625,0.47368421052631576,0.6923076923076923,13.0,0.12903225806451613,0.25,0.08695652173913043,23.0,0.358974358974359,0.3684210526315789,0.35,40.0,,,,
p_180,0.3022067002551855,0.2708146610689183,0.35044334975369457,0.3056521891910886,0.2753204641029538,0.35185185185185186,108.0,0.5161290322580645,0.47058823529411764,0.5714285714285714,28.0,0.38235294117647056,0.3023255813953488,0.52,25.0,0.3103448275862069,0.3103448275862069,0.3103448275862069,29.0,0.0,0.0,0.0,26.0,,,,
p_181,0.35324627512127516,0.3669755244755245,0.3678372352285396,0.4767788621955289,0.4825084175084175,0.5,108.0,0.6458333333333334,0.62,0.6739130434782609,46.0,0.0,0.0,0.0,6.0,0.4594594594594595,0.38636363636363635,0.5666666666666667,30.0,0.3076923076923077,0.46153846153846156,0.23076923076923078,26.0,,,,
p_182,0.22783990887439165,0.22089314194577353,0.2644444444444444,0.27203544540709296,0.2604111288321815,0.3148148148148148,108.0,0.43243243243243246,0.42105263157894735,0.4444444444444444,36.0,0.367816091954023,0.2807017543859649,0.5333333333333333,30.0,0.0,0.0,0.0,17.0,0.1111111111111111,0.18181818181818182,0.08,25.0,,,,
p_183,0.33407689432869286,0.34003527336860667,0.35242200328407225,0.5214585907031949,0.49261545496113396,0.5833333333333334,108.0,0.5454545454545454,0.6,0.5,24.0,0.0,0.0,0.0,5.0,0.7194244604316546,0.6172839506172839,0.8620689655172413,58.0,0.07142857142857142,0.14285714285714285,0.047619047619047616,21.0,,,,
p_184,0.32374932504564957,0.3055555555555556,0.3654301733328069,0.4099529604333631,0.39403292181069954,0.4537037037037037,108.0,0.5063291139240507,0.5555555555555556,0.46511627906976744,43.0,0.6265060240963856,0.5,0.8387096774193549,31.0,0.0,0.0,0.0,15.0,0.16216216216216217,0.16666666666666666,0.15789473684210525,19.0,,,,
p_185,0.24093960382593174,0.23922902494331066,0.25862593099255204,0.3213126257041047,0.30574452003023433,0.35185185185185186,108.0,0.14814814814814814,0.2222222222222222,0.1111111111111111,18.0,0.0,0.0,0.0,13.0,0.3373493975903614,0.2857142857142857,0.4117647058823529,34.0,0.4782608695652174,0.4489795918367347,0.5116279069767442,43.0,,,,
p_186,0.2666801650661421,0.2864583333333333,0.2850783475783476,0.3898144934243511,0.3744212962962963,0.4537037037037037,108.0,0.6119402985074627,0.5,0.7884615384615384,52.0,0.23255813953488372,0.3125,0.18518518518518517,27.0,0.0,0.0,0.0,11.0,0.2222222222222222,0.3333333333333333,0.16666666666666666,18.0,,,,
p_187,0.33664587664587664,0.3515998680521194,0.36630242374727673,0.39001719668386337,0.41526624760997183,0.4166666666666667,108.0,0.5066666666666667,0.4418604651162791,0.59375,32.0,0.0,0.0,0.0,15.0,0.46153846153846156,0.6666666666666666,0.35294117647058826,34.0,0.3783783783783784,0.2978723404255319,0.5185185185185185,27.0,,,,
p_188,0.343192950563046,0.4162758126506416,0.3353192559074912,0.3553581481294454,0.39561242240220806,0.3611111111111111,108.0,0.43902439024390244,0.4186046511627907,0.46153846153846156,39.0,0.34782608695652173,0.6666666666666666,0.23529411764705882,17.0,0.23809523809523808,0.29411764705882354,0.2,25.0,0.34782608695652173,0.2857142857142857,0.4444444444444444,27.0,,,,
p_189,0.26319755900301445,0.25277777777777777,0.2941492628992629,0.3580782458806133,0.33045267489711927,0.4166666666666667,108.0,0.5517241379310345,0.4444444444444444,0.7272727272727273,44.0,0.14285714285714285,0.16666666666666666,0.125,8.0,0.0,0.0,0.0,19.0,0.3582089552238806,0.4,0.32432432432432434,37.0,,,,
p_190,0.40437081659973223,0.44100274725274724,0.39150432900432897,0.48819277108433734,0.4902760819427487,0.5,108.0,0.58,0.5178571428571429,0.6590909090909091,44.0,0.2222222222222222,0.3333333333333333,0.16666666666666666,6.0,0.3333333333333333,0.4,0.2857142857142857,14.0,0.4819277108433735,0.5128205128205128,0.45454545454545453,44.0,,,,
p_191,0.42744606959193215,0.4998696287025448,0.42010836385836386,0.5701304323090205,0.5719504704955268,0.5925925925925926,108.0,0.6236559139784946,0.5686274509803921,0.6904761904761905,42.0,0.2,0.5,0.125,8.0,0.19047619047619047,0.25,0.15384615384615385,13.0,0.6956521739130435,0.6808510638297872,0.7111111111111111,45.0,,,,
p_192,0.21992433795712485,0.20960365853658536,0.2587274774774775,0.36092195600392324,0.3344342818428185,0.4351851851851852,108.0,0.5846153846153846,0.4634146341463415,0.7916666666666666,48.0,0.0,0.0,0.0,10.0,0.0,0.0,0.0,13.0,0.29508196721311475,0.375,0.24324324324324326,37.0,,,,
p_193,0.32838969352127245,0.35858585858585856,0.34589828775875286,0.4134604101709365,0.4389263000374111,0.4351851851851852,108.0,0.5681818181818182,0.5555555555555556,0.5813953488372093,43.0,0.42105263157894735,0.3333333333333333,0.5714285714285714,28.0,0.32432432432432434,0.5454545454545454,0.23076923076923078,26.0,0.0,0.0,0.0,11.0,,,,
p_194,0.3330735930735931,0.51875,0.33938397129186604,0.4160012826679494,0.5395061728395062,0.4351851851851852,108.0,0.5,0.525,0.4772727272727273,44.0,0.18181818181818182,0.16666666666666666,0.2,5.0,0.46,0.38333333333333336,0.575,40.0,0.19047619047619047,1.0,0.10526315789473684,19.0,,,,
p_195,0.4023944759995545,0.42861111111111105,0.3983342744212309,0.42411820997966454,0.45627572016460904,0.4166666666666667,108.0,0.6,0.72,0.5142857142857142,35.0,0.3333333333333333,0.35,0.3181818181818182,22.0,0.3835616438356164,0.3111111111111111,0.5,28.0,0.2926829268292683,0.3333333333333333,0.2608695652173913,23.0,,,,
p_196,0.33380041011619954,0.375,0.36515567765567764,0.3794435583909268,0.4074074074074074,0.42592592592592593,108.0,0.18181818181818182,0.42857142857142855,0.11538461538461539,26.0,0.34285714285714286,0.2857142857142857,0.42857142857142855,14.0,0.21052631578947367,0.2857142857142857,0.16666666666666666,24.0,0.6,0.5,0.75,44.0,,,,
p_197,0.3812305295950156,0.3807291666666667,0.39621327254305977,0.4688704280604592,0.4431327160493827,0.5092592592592593,108.0,0.6915887850467289,0.6166666666666667,0.7872340425531915,47.0,0.0,0.0,0.0,18.0,0.43333333333333335,0.40625,0.4642857142857143,28.0,0.4,0.5,0.3333333333333333,15.0,,,,
p_198,0.4495196324143692,0.5452153110047847,0.4353719265483972,0.4902897676289489,0.5276714513556618,0.5277777777777778,108.0,0.6349206349206349,0.5263157894736842,0.8,50.0,0.4,0.6666666666666666,0.2857142857142857,14.0,0.5,0.5333333333333333,0.47058823529411764,17.0,0.2631578947368421,0.45454545454545453,0.18518518518518517,27.0,,,,
p_199,0.31872605363984674,0.5612903225806452,0.3175338477889192,0.5555644245778345,0.6632019115890083,0.6203703703703703,108.0,0.75,0.6451612903225806,0.8955223880597015,67.0,0.0,0.0,0.0,5.0,0.1111111111111111,1.0,0.058823529411764705,17.0,0.41379310344827586,0.6,0.3157894736842105,19.0,,,,
p_200,0.24026749922910884,0.26347645799892994,0.27180631868131866,0.3781963431207958,0.3672245011196322,0.46296296296296297,108.0,0.624113475177305,0.4943820224719101,0.8461538461538461,52.0,0.0,0.0,0.0,12.0,0.08695652173913043,0.14285714285714285,0.0625,16.0,0.25,0.4166666666666667,0.17857142857142858,28.0,,,,
p_201,0.35380244755244755,0.4309523809523809,0.3451409057850603,0.5090245402745404,0.5311287477954144,0.5555555555555556,108.0,0.6993006993006993,0.5952380952380952,0.847457627118644,59.0,0.16666666666666666,0.2857142857142857,0.11764705882352941,17.0,0.125,0.14285714285714285,0.1111111111111111,9.0,0.42424242424242425,0.7,0.30434782608695654,23.0,,,,
p_202,0.38333876398392525,0.3643092105263158,0.40860751080093055,0.517692255087715,0.4743238304093567,0.5740740740740741,108.0,0.725925925925926,0.6447368421052632,0.8305084745762712,59.0,0.48484848484848486,0.5,0.47058823529411764,17.0,0.3225806451612903,0.3125,0.3333333333333333,15.0,0.0,0.0,0.0,17.0,,,,
p_203,0.30205972771190165,0.31276742581090405,0.33600367024280064,0.3662888140665918,0.35858318636096415,0.42592592592592593,108.0,0.5565217391304348,0.463768115942029,0.6956521739130435,46.0,0.06060606060606061,0.2,0.03571428571428571,28.0,0.1111111111111111,0.14285714285714285,0.09090909090909091,11.0,0.48,0.4444444444444444,0.5217391304347826,23.0,,,,
p_204,0.33251748251748253,0.43038793103448275,0.336687306501548,0.45709660709660715,0.47869040017028525,0.5277777777777778,108.0,0.6853146853146853,0.5632183908045977,0.875,56.0,0.15384615384615385,0.2,0.125,16.0,0.09090909090909091,0.3333333333333333,0.05263157894736842,19.0,0.4,0.625,0.29411764705882354,17.0,,,,
p_205,0.19575169382896906,0.17857142857142855,0.24604651162790697,0.2652410696724925,0.2288359788359788,0.35185185185185186,108.0,0.5039370078740157,0.38095238095238093,0.7441860465116279,43.0,0.0,0.0,0.0,12.0,0.0,0.0,0.0,28.0,0.27906976744186046,0.3333333333333333,0.24,25.0,,,,
p_206,0.3041843327276398,0.40675105485232066,0.31220819185059423,0.40888705685293614,0.45582903578684175,0.46296296296296297,108.0,0.6141732283464567,0.4936708860759494,0.8125,48.0,0.0,0.0,0.0,10.0,0.2692307692307692,0.3333333333333333,0.22580645161290322,31.0,0.3333333333333333,0.8,0.21052631578947367,19.0,,,,
p_207,0.36353349620676356,0.4780431432973806,0.37472943722943725,0.4259102100686259,0.4650031387319523,0.4722222222222222,108.0,0.5346534653465347,0.4576271186440678,0.6428571428571429,42.0,0.4,1.0,0.25,16.0,0.0,0.0,0.0,17.0,0.5194805194805194,0.45454545454545453,0.6060606060606061,33.0,,,,
p_208,0.3424500690010767,0.3340118135376756,0.3804848966613672,0.4214196529220566,0.4210376164798259,0.4537037037037037,108.0,0.5957446808510638,0.5185185185185185,0.7,40.0,0.34782608695652173,0.27586206896551724,0.47058823529411764,17.0,0.0,0.0,0.0,14.0,0.4262295081967213,0.5416666666666666,0.35135135135135137,37.0,,,,
p_209,0.3097025985400947,0.325427192820702,0.32359477124183,0.32368156138670406,0.33159718665127724,0.3425925925925926,108.0,0.3950617283950617,0.3137254901960784,0.5333333333333333,30.0,0.5106382978723404,0.5454545454545454,0.48,25.0,0.08695652173913043,0.16666666666666666,0.058823529411764705,17.0,0.24615384615384617,0.27586206896551724,0.2222222222222222,36.0,,,,
p_210,0.3644044480110054,0.332251884810283,0.4243589743589744,0.4829565091860174,0.45736231844253106,0.5185185185185185,108.0,0.6909090909090909,0.6551724137931034,0.7307692307692307,52.0,0.0,0.0,0.0,18.0,0.3076923076923077,0.2222222222222222,0.5,8.0,0.45901639344262296,0.45161290322580644,0.4666666666666667,30.0,,,,
p_211,0.275290215588723,0.2575301204819277,0.3156862745098039,0.4335728763589459,0.3892235609103079,0.5185185185185185,108.0,0.6567164179104478,0.5301204819277109,0.8627450980392157,51.0,0.0,0.0,0.0,16.0,0.0,0.0,0.0,11.0,0.4444444444444444,0.5,0.4,30.0,,,,
p_212,0.24500880798590724,0.24107142857142858,0.2855718085106383,0.37307801048259065,0.3501984126984127,0.4537037037037037,108.0,0.5954198473282443,0.4642857142857143,0.8297872340425532,47.0,0.0,0.0,0.0,15.0,0.38461538461538464,0.5,0.3125,32.0,0.0,0.0,0.0,14.0,,,,
p_213,0.44599518422606876,0.587111581920904,0.43958911107867465,0.44949503362796717,0.5409892236869638,0.46296296296296297,108.0,0.4482758620689655,0.5416666666666666,0.38235294117647056,34.0,0.34782608695652173,0.4,0.3076923076923077,26.0,0.45454545454545453,1.0,0.29411764705882354,17.0,0.5333333333333333,0.4067796610169492,0.7741935483870968,31.0,,,,
p_214,0.3037603988255444,0.2906288156288156,0.3205055649877382,0.48510832676326926,0.45643625921403697,0.5185185185185185,108.0,0.6721311475409836,0.6307692307692307,0.7192982456140351,57.0,0.417910447761194,0.3888888888888889,0.45161290322580644,31.0,0.0,0.0,0.0,11.0,0.125,0.14285714285714285,0.1111111111111111,9.0,,,,
p_215,0.32773998788158576,0.3582834757834758,0.33270697167755986,0.37397810991209335,0.3868988076395484,0.3888888888888889,108.0,0.45161290322580644,0.5185185185185185,0.4,35.0,0.2692307692307692,0.28,0.25925925925925924,27.0,0.46511627906976744,0.38461538461538464,0.5882352941176471,34.0,0.125,0.25,0.08333333333333333,12.0,,,,
p_216,0.32006575357415695,0.35084769510999014,0.3234321984321985,0.34226528995436556,0.3623202507537663,0.3611111111111111,108.0,0.36363636363636365,0.5,0.2857142857142857,28.0,0.35,0.3888888888888889,0.3181818181818182,22.0,0.4489795918367347,0.36065573770491804,0.5945945945945946,37.0,0.11764705882352941,0.15384615384615385,0.09523809523809523,21.0,,,,
p_217,0.3492839180982528,0.49973544973544975,0.342267488608952,0.35632350388566764,0.4437781697040956,0.39814814814814814,108.0,0.4918032786885246,0.37037037037037035,0.7317073170731707,41.0,0.4444444444444444,0.8,0.3076923076923077,13.0,0.27906976744186046,0.4,0.21428571428571427,28.0,0.18181818181818182,0.42857142857142855,0.11538461538461539,26.0,,,,
p_218,0.3709283284858129,0.40846861471861473,0.37257247063281546,0.3762939728002066,0.40411756453423114,0.3888888888888889,108.0,0.34285714285714286,0.42857142857142855,0.2857142857142857,21.0,0.34146341463414637,0.4666666666666667,0.2692307692307692,26.0,0.33962264150943394,0.375,0.3103448275862069,29.0,0.45977011494252873,0.36363636363636365,0.625,32.0,,,,
p_219,0.3394075021312873,0.4260542168674699,0.35208214217648176,0.4578439266205677,0.4766064257028112,0.5277777777777778,108.0,0.6764705882352942,0.5542168674698795,0.8679245283018868,53.0,0.34782608695652173,0.8,0.2222222222222222,18.0,0.3333333333333333,0.35,0.3181818181818182,22.0,0.0,0.0,0.0,15.0,,,,
p_220,0.3696236086724197,0.41411438200019823,0.41778273809523814,0.3851187158098575,0.41759451988414226,0.4444444444444444,108.0,0.47058823529411764,0.4444444444444444,0.5,24.0,0.5934065934065934,0.4576271186440678,0.84375,32.0,0.07407407407407407,0.3333333333333333,0.041666666666666664,24.0,0.3404255319148936,0.42105263157894735,0.2857142857142857,28.0,,,,
p_221,0.4705528871145489,0.47205128205128205,0.47592193180428477,0.49406604949823296,0.4967806267806268,0.5,108.0,0.4,0.46153846153846156,0.35294117647058826,34.0,0.5853658536585366,0.5333333333333333,0.6486486486486487,37.0,0.5490196078431373,0.56,0.5384615384615384,26.0,0.34782608695652173,0.3333333333333333,0.36363636363636365,11.0,,,,
p_222,0.4024615945326457,0.4888018112156043,0.40011293054771313,0.4170977440640492,0.4775152547183198,0.4351851851851852,108.0,0.41379310344827586,0.4,0.42857142857142855,28.0,0.24242424242424243,0.36363636363636365,0.18181818181818182,22.0,0.5161290322580645,0.41379310344827586,0.6857142857142857,35.0,0.4375,0.7777777777777778,0.30434782608695654,23.0,,,,
p_223,0.3281943212067436,0.33191995333602553,0.34832751035196685,0.4169501133786848,0.4055345335015098,0.46296296296296297,108.0,0.6086956521739131,0.5072463768115942,0.7608695652173914,46.0,0.20408163265306123,0.29411764705882354,0.15625,32.0,0.0,0.0,0.0,9.0,0.5,0.5263157894736842,0.47619047619047616,21.0,,,,
p_224,0.4295003678938347,0.5363850978770334,0.42922430830039526,0.4304416537667023,0.5233999249456238,0.4444444444444444,108.0,0.4842105263157895,0.3709677419354839,0.696969696969697,33.0,0.42424242424242425,0.7777777777777778,0.2916666666666667,24.0,0.34146341463414637,0.5384615384615384,0.25,28.0,0.46808510638297873,0.4583333333333333,0.4782608695652174,23.0,,,,
p_225,0.24648382559774967,0.22053775743707094,0.2959662288930582,0.3640021878418503,0.3268391389100771,0.4351851851851852,108.0,0.5555555555555556,0.43478260869565216,0.7692307692307693,39.0,0.0,0.0,0.0,16.0,0.0,0.0,0.0,12.0,0.43037974683544306,0.4473684210526316,0.4146341463414634,41.0,,,,
p_226,0.27867366903511487,0.27692982456140347,0.29336134453781515,0.415071492046057,0.4031148473034438,0.4444444444444444,108.0,0.5555555555555556,0.5263157894736842,0.5882352941176471,34.0,0.5301204819277109,0.4583333333333333,0.6285714285714286,35.0,0.3076923076923077,0.4,0.25,24.0,0.0,0.0,0.0,15.0,0.0,0.0,0.0,0.0
p_227,0.2563833225597931,0.2537393162393162,0.2823887962872177,0.3780884148531207,0.35527461221905665,0.4351851851851852,108.0,0.2692307692307692,0.3333333333333333,0.22580645161290322,31.0,0.0,0.0,0.0,9.0,0.11764705882352941,0.15384615384615385,0.09523809523809523,21.0,0.6386554621848739,0.5277777777777778,0.8085106382978723,47.0,,,,
p_228,0.46454553847574204,0.4989489489489489,0.48533632468267446,0.48900420754965374,0.5219191413635859,0.5092592592592593,108.0,0.3111111111111111,0.5,0.22580645161290322,31.0,0.6987951807228916,0.6444444444444445,0.7631578947368421,38.0,0.4,0.5,0.3333333333333333,18.0,0.4482758620689655,0.35135135135135137,0.6190476190476191,21.0,,,,
p_229,0.3250661375661375,0.31999999999999995,0.3436310246004518,0.42059038355334655,0.4001388888888889,0.4537037037037037,108.0,0.5454545454545454,0.48,0.631578947368421,38.0,0.07407407407407407,0.1,0.058823529411764705,17.0,0.5974025974025974,0.575,0.6216216216216216,37.0,0.08333333333333333,0.125,0.0625,16.0,,,,
p_230,0.3689005386225966,0.37375992063492064,0.38849074675879997,0.4393772838480113,0.4311710023515579,0.4722222222222222,108.0,0.5168539325842697,0.4791666666666667,0.5609756097560976,41.0,0.0,0.0,0.0,13.0,0.5263157894736842,0.4444444444444444,0.6451612903225806,31.0,0.43243243243243246,0.5714285714285714,0.34782608695652173,23.0,,,,
p_231,0.346052863494724,0.40240327380952384,0.35907287157287154,0.3923748252990286,0.4237885802469136,0.42592592592592593,108.0,0.5740740740740741,0.484375,0.7045454545454546,44.0,0.2702702702702703,0.4166666666666667,0.2,25.0,0.21428571428571427,0.42857142857142855,0.14285714285714285,21.0,0.32558139534883723,0.28,0.3888888888888889,18.0,,,,
p_232,0.24820751064653504,0.23913419913419914,0.28247971602434074,0.48129794525458486,0.43779862113195445,0.5555555555555556,108.0,0.7555555555555555,0.6623376623376623,0.8793103448275862,58.0,0.09523809523809523,0.2,0.0625,16.0,0.0,0.0,0.0,17.0,0.3902439024390244,0.3333333333333333,0.47058823529411764,17.0,0.0,0.0,0.0,0.0
p_233,0.2544488541800025,0.21567164179104478,0.3149621212121212,0.34854929183440253,0.29358761746821455,0.4351851851851852,108.0,0.5794392523364486,0.4626865671641791,0.775,40.0,0.0,0.0,0.0,10.0,0.4383561643835616,0.4,0.48484848484848486,33.0,0.0,0.0,0.0,25.0,,,,
p_234,0.36489631200659833,0.4280075187969925,0.37077208793870753,0.4670023652732502,0.4811171447136359,0.5185185185185185,108.0,0.6504065040650406,0.5263157894736842,0.851063829787234,47.0,0.2222222222222222,0.4,0.15384615384615385,13.0,0.5,0.6190476190476191,0.41935483870967744,31.0,0.08695652173913043,0.16666666666666666,0.058823529411764705,17.0,,,,
p_235,0.2948703279938978,0.3658902691511387,0.3032343584305408,0.44031838856400257,0.4791887125220458,0.4722222222222222,108.0,0.47368421052631576,0.5142857142857142,0.43902439024390244,41.0,0.0,0.0,0.0,1.0,0.16666666666666666,0.5,0.1,20.0,0.5391304347826087,0.4492753623188406,0.6739130434782609,46.0,,,,
p_236,0.3406216717063991,0.45935828877005347,0.33994085805934243,0.35732671140718153,0.4089852776127287,0.39814814814814814,108.0,0.5321100917431193,0.4393939393939394,0.6744186046511628,43.0,0.47058823529411764,0.8,0.3333333333333333,12.0,0.07407407407407407,0.3333333333333333,0.041666666666666664,24.0,0.2857142857142857,0.2647058823529412,0.3103448275862069,29.0,,,,
p_237,0.336992159657876,0.3307152406417112,0.35112256940541753,0.4233863942345767,0.4123403149138443,0.4444444444444444,108.0,0.4262295081967213,0.3939393939393939,0.4642857142857143,28.0,0.0,0.0,0.0,8.0,0.5217391304347826,0.47058823529411764,0.5853658536585366,41.0,0.4,0.4583333333333333,0.3548387096774194,31.0,,,,
p_238,0.3914515449089917,0.4305921052631579,0.39809308338720106,0.5927718492434805,0.5964059454191033,0.6203703703703703,108.0,0.7801418439716312,0.7236842105263158,0.8461538461538461,65.0,0.15384615384615385,0.125,0.2,5.0,0.18181818181818182,0.4,0.11764705882352941,17.0,0.45,0.47368421052631576,0.42857142857142855,21.0,,,,
p_239,0.2842956592956593,0.32131410256410253,0.34617424242424244,0.3753905420572088,0.43206908831908836,0.4444444444444444,108.0,0.06060606060606061,0.125,0.04,25.0,0.0,0.0,0.0,10.0,0.5765765765765766,0.41025641025641024,0.9696969696969697,33.0,0.5,0.75,0.375,40.0,,,,
p_240,0.3874665933629603,0.40671031096563015,0.4002747252747253,0.4919565585041067,0.5305358550039402,0.49074074074074076,108.0,0.4927536231884058,0.5,0.4857142857142857,35.0,0.0,0.0,0.0,8.0,0.410958904109589,0.3191489361702128,0.5769230769230769,26.0,0.6461538461538462,0.8076923076923077,0.5384615384615384,39.0,,,,
p_241,0.2898233710733711,0.3080119507358313,0.3305505142165759,0.3457285255896367,0.35173708961022393,0.4074074074074074,108.0,0.5892857142857143,0.4925373134328358,0.7333333333333333,45.0,0.06060606060606061,0.25,0.034482758620689655,29.0,0.15384615384615385,0.18181818181818182,0.13333333333333333,15.0,0.35555555555555557,0.3076923076923077,0.42105263157894735,19.0,,,,
p_242,0.3932092135099654,0.43807889288438484,0.39411268556005397,0.4158562190308222,0.4377731769036117,0.4351851851851852,108.0,0.4897959183673469,0.5217391304347826,0.46153846153846156,26.0,0.2222222222222222,0.42857142857142855,0.15,20.0,0.35555555555555557,0.38095238095238093,0.3333333333333333,24.0,0.5052631578947369,0.42105263157894735,0.631578947368421,38.0,,,,
p_243,0.33185358255451713,0.40360696517412936,0.35416666666666663,0.40398061613014885,0.40657822001105587,0.46296296296296297,108.0,0.5607476635514018,0.44776119402985076,0.75,40.0,0.26666666666666666,0.6666666666666666,0.16666666666666666,12.0,0.0,0.0,0.0,20.0,0.5,0.5,0.5,36.0,,,,
p_244,0.35059901338971106,0.4388550135501355,0.36357142857142855,0.49522355336308826,0.5570360333232962,0.5555555555555556,108.0,0.3333333333333333,0.75,0.21428571428571427,28.0,0.0,0.0,0.0,5.0,0.37209302325581395,0.4444444444444444,0.32,25.0,0.696969696969697,0.5609756097560976,0.92,50.0,,,,
p_245,0.3655001010305112,0.38675972083748755,0.3710267857142857,0.44639395912380353,0.4644584764225841,0.46296296296296297,108.0,0.3673469387755102,0.5294117647058824,0.28125,32.0,0.0,0.0,0.0,9.0,0.5346534653465347,0.4576271186440678,0.6428571428571429,42.0,0.56,0.56,0.56,25.0,,,,
p_246,0.30929203539823014,0.3511513157894737,0.3352938397581255,0.41871517535234354,0.4148087231968811,0.4722222222222222,108.0,0.6371681415929203,0.5625,0.7346938775510204,49.0,0.0,0.0,0.0,16.0,0.2,0.5,0.125,16.0,0.4,0.34210526315789475,0.48148148148148145,27.0,,,,
p_247,0.41227280158757007,0.4710350790513834,0.4133863448379578,0.4566987982976719,0.4914719355389645,0.49074074074074076,108.0,0.6306306306306306,0.5072463768115942,0.8333333333333334,42.0,0.25,0.2727272727272727,0.23076923076923078,13.0,0.2978723404255319,0.4375,0.22580645161290322,31.0,0.47058823529411764,0.6666666666666666,0.36363636363636365,22.0,,,,
p_248,0.2837500854000137,0.27116454689984104,0.31607258287930556,0.3872435152922958,0.3517267267267267,0.4537037037037037,108.0,0.19047619047619047,0.25,0.15384615384615385,26.0,0.0,0.0,0.0,16.0,0.29411764705882354,0.29411764705882354,0.29411764705882354,17.0,0.6504065040650406,0.5405405405405406,0.8163265306122449,49.0,,,,
p_249,0.371740200098409,0.39419934640522875,0.3824760765550239,0.43410934238048665,0.4254720406681191,0.4722222222222222,108.0,0.6346153846153846,0.55,0.75,44.0,0.38095238095238093,0.4444444444444444,0.3333333333333333,12.0,0.08333333333333333,0.2,0.05263157894736842,19.0,0.3880597014925373,0.38235294117647056,0.3939393939393939,33.0,,,,
p_250,0.3855411255411255,0.4300675100093705,0.37283193779904306,0.4049414782748116,0.4506776241272365,0.3888888888888889,108.0,0.45454545454545453,0.5357142857142857,0.39473684210526316,38.0,0.5142857142857142,0.6923076923076923,0.4090909090909091,22.0,0.2,0.16666666666666666,0.25,16.0,0.37333333333333335,0.32558139534883723,0.4375,32.0,,,,
p_251,0.29983333857425865,0.31422467635702933,0.30728646353646355,0.3021661326746073,0.3184765648000942,0.3055555555555556,108.0,0.3050847457627119,0.24324324324324326,0.4090909090909091,22.0,0.24489795918367346,0.2857142857142857,0.21428571428571427,28.0,0.2857142857142857,0.375,0.23076923076923078,26.0,0.36363636363636365,0.35294117647058826,0.375,32.0,,,,
p_252,0.4531573936082133,0.4630325814536341,0.4553001277139208,0.4674007531293506,0.4748329156223893,0.4722222222222222,108.0,0.5573770491803278,0.5,0.6296296296296297,27.0,0.30303030303030304,0.3333333333333333,0.2777777777777778,18.0,0.4722222222222222,0.4473684210526316,0.5,34.0,0.48,0.5714285714285714,0.41379310344827586,29.0,,,,
p_253,0.39569646040234274,0.42067633505014906,0.3931818181818182,0.40087428910958317,0.4249378365444147,0.39814814814814814,108.0,0.47619047619047616,0.5882352941176471,0.4,25.0,0.42424242424242425,0.45161290322580644,0.4,35.0,0.3,0.3333333333333333,0.2727272727272727,22.0,0.38235294117647056,0.30952380952380953,0.5,26.0,,,,
p_254,0.3490708478513357,0.40256696428571426,0.35645889792231256,0.39104615649331104,0.4094535383597883,0.42592592592592593,108.0,0.24390243902439024,0.35714285714285715,0.18518518518518517,27.0,0.2,0.4,0.13333333333333333,15.0,0.5523809523809524,0.453125,0.7073170731707317,41.0,0.4,0.4,0.4,25.0,,,,
p_255,0.37191946021564826,0.4509569377990431,0.38525345622119817,0.41701738248827286,0.4470583023214602,0.4444444444444444,108.0,0.5679012345679012,0.5,0.6571428571428571,35.0,0.11764705882352941,0.5,0.06666666666666667,15.0,0.43478260869565216,0.39473684210526316,0.4838709677419355,31.0,0.3673469387755102,0.4090909090909091,0.3333333333333333,27.0,,,,
p_256,0.43435547295841415,0.4460858585858586,0.4518716577540107,0.44998758050228643,0.45527497194163863,0.48148148148148145,108.0,0.42857142857142855,0.45,0.4090909090909091,22.0,0.27450980392156865,0.3888888888888889,0.21212121212121213,33.0,0.375,0.4,0.35294117647058826,17.0,0.6593406593406593,0.5454545454545454,0.8333333333333334,36.0,,,,
p_257,0.36208073544804986,0.36065912851627135,0.37378003003003,0.4405385565786967,0.43004739433310857,0.46296296296296297,108.0,0.4383561643835616,0.43243243243243246,0.4444444444444444,36.0,0.42857142857142855,0.5,0.375,24.0,0.0,0.0,0.0,11.0,0.5813953488372093,0.5102040816326531,0.6756756756756757,37.0,,,,
p_258,0.3339421169575242,0.3694350122618374,0.3611111111111111,0.34251089888164965,0.37427948605084993,0.37962962962962965,108.0,0.20689655172413793,0.3333333333333333,0.15,20.0,0.25925925925925924,0.3888888888888889,0.19444444444444445,36.0,0.358974358974359,0.3684210526315789,0.35,20.0,0.5106382978723404,0.3870967741935484,0.75,32.0,,,,
p_259,0.42639875630306256,0.4542840375586854,0.4446969696969697,0.5073949966914701,0.49805685967657803,0.5648148148148148,108.0,0.42105263157894735,0.4,0.4444444444444444,18.0,0.743801652892562,0.6338028169014085,0.9,50.0,0.07407407407407407,0.2,0.045454545454545456,22.0,0.4666666666666667,0.5833333333333334,0.3888888888888889,18.0,,,,
p_260,0.28106060606060607,0.33081670168067223,0.3092948717948718,0.36240179573512904,0.3934893401805166,0.4166666666666667,108.0,0.24242424242424243,0.5714285714285714,0.15384615384615385,26.0,0.0,0.0,0.0,12.0,0.5818181818181818,0.47058823529411764,0.7619047619047619,42.0,0.3,0.28125,0.32142857142857145,28.0,,,,
p_261,0.3498943464089018,0.3690632284382284,0.3431609195402299,0.3473829713719564,0.3638481503064836,0.3425925925925926,108.0,0.32,0.3076923076923077,0.3333333333333333,24.0,0.3548387096774194,0.3333333333333333,0.3793103448275862,29.0,0.43902439024390244,0.5625,0.36,25.0,0.2857142857142857,0.2727272727272727,0.3,30.0,,,,
p_262,0.3754910590996962,0.45110153256704977,0.3732755183413078,0.4308040417523295,0.47084042855115654,0.4537037037037037,108.0,0.39436619718309857,0.3888888888888889,0.4,35.0,0.4117647058823529,0.7,0.2916666666666667,24.0,0.5625,0.46551724137931033,0.7105263157894737,38.0,0.13333333333333333,0.25,0.09090909090909091,11.0,,,,
p_263,0.4093281809939122,0.4074812030075188,0.44259259259259254,0.49367111379761963,0.493671679197995,0.5185185185185185,108.0,0.6947368421052632,0.66,0.7333333333333333,45.0,0.37735849056603776,0.2857142857142857,0.5555555555555556,18.0,0.5652173913043478,0.6842105263157895,0.48148148148148145,27.0,0.0,0.0,0.0,18.0,,,,
p_264,0.3746108861898335,0.37886119257087,0.38714177978883857,0.4582546108861898,0.4334881068752036,0.5,108.0,0.6324786324786325,0.5606060606060606,0.7254901960784313,51.0,0.0,0.0,0.0,16.0,0.38596491228070173,0.3548387096774194,0.4230769230769231,26.0,0.48,0.6,0.4,15.0,,,,
p_265,0.35440116279069767,0.415625,0.3589619600257898,0.4525956072351421,0.48043981481481485,0.5,108.0,0.624,0.5,0.8297872340425532,47.0,0.0,0.0,0.0,12.0,0.4186046511627907,0.5625,0.3333333333333333,27.0,0.375,0.6,0.2727272727272727,22.0,,,,
p_266,0.44060200905489527,0.5965277777777778,0.4111260116694899,0.5395739011507262,0.5730709876543211,0.6018518518518519,108.0,0.7333333333333333,0.6111111111111112,0.9166666666666666,60.0,0.21052631578947367,0.4,0.14285714285714285,14.0,0.1935483870967742,0.375,0.13043478260869565,23.0,0.625,1.0,0.45454545454545453,11.0,,,,
p_267,0.35129908042621516,0.36246182757810663,0.375,0.44090278791417314,0.43896110110580394,0.4722222222222222,108.0,0.5769230769230769,0.5555555555555556,0.6,50.0,0.0,0.0,0.0,13.0,0.3870967741935484,0.5454545454545454,0.3,20.0,0.4411764705882353,0.3488372093023256,0.6,25.0,,,,
p_268,0.38776044125515374,0.409241452991453,0.3911764705882353,0.3964108531469184,0.4164668407723963,0.4074074074074074,108.0,0.3333333333333333,0.45,0.2647058823529412,34.0,0.47191011235955055,0.3888888888888889,0.6,35.0,0.39285714285714285,0.4230769230769231,0.36666666666666664,30.0,0.35294117647058826,0.375,0.3333333333333333,9.0,,,,
p_269,0.40530959236938024,0.4351996687523003,0.41241830065359475,0.42091766105321793,0.43349997955261116,0.4444444444444444,108.0,0.30434782608695654,0.3684210526315789,0.25925925925925924,27.0,0.627906976744186,0.5192307692307693,0.7941176470588235,34.0,0.3018867924528302,0.3076923076923077,0.2962962962962963,27.0,0.3870967741935484,0.5454545454545454,0.3,20.0,,,,
p_270,0.2776443320691108,0.28726941226941227,0.3239053550148003,0.3416061868864228,0.3314644009088453,0.4166666666666667,108.0,0.5486725663716814,0.4189189189189189,0.7948717948717948,39.0,0.42857142857142855,0.4444444444444444,0.41379310344827586,29.0,0.0,0.0,0.0,17.0,0.13333333333333333,0.2857142857142857,0.08695652173913043,23.0,,,,
p_271,0.293976251141772,0.2881436314363144,0.3465544871794871,0.32579452198701275,0.33913228947104285,0.3611111111111111,108.0,0.45161290322580644,0.34146341463414637,0.6666666666666666,21.0,0.0,0.0,0.0,16.0,0.36363636363636365,0.3111111111111111,0.4375,32.0,0.36065573770491804,0.5,0.28205128205128205,39.0,,,,
p_272,0.2810721062618596,0.28836832306111965,0.29987071751777633,0.332791599315951,0.33437066046529323,0.3611111111111111,108.0,0.38235294117647056,0.3939393939393939,0.37142857142857144,35.0,0.3333333333333333,0.4375,0.2692307692307692,26.0,0.0,0.0,0.0,13.0,0.40860215053763443,0.3220338983050847,0.5588235294117647,34.0,,,,
p_273,0.2772209272209272,0.3034067381893469,0.2891623554473524,0.4080601839861099,0.3858338387323894,0.46296296296296297,108.0,0.6307692307692307,0.5324675324675324,0.7735849056603774,53.0,0.18181818181818182,0.3333333333333333,0.125,8.0,0.2962962962962963,0.34782608695652173,0.25806451612903225,31.0,0.0,0.0,0.0,16.0,,,,
p_274,0.3408494753833737,0.45934296365330846,0.36374777183600715,0.40962507099512746,0.4497083290186738,0.48148148148148145,108.0,0.32142857142857145,0.3103448275862069,0.3333333333333333,27.0,0.6610169491525424,0.527027027027027,0.8863636363636364,44.0,0.38095238095238093,1.0,0.23529411764705882,17.0,0.0,0.0,0.0,20.0,,,,
p_275,0.4137887060335591,0.5432769726247987,0.4300844141323793,0.46346130150264214,0.5263985805451183,0.5092592592592593,108.0,0.5617977528089888,0.5434782608695652,0.5813953488372093,43.0,0.5813953488372093,0.46296296296296297,0.78125,32.0,0.42105263157894735,0.6666666666666666,0.3076923076923077,13.0,0.09090909090909091,0.5,0.05,20.0,,,,
p_276,0.41293040293040295,0.44906805745554035,0.4204613095238095,0.4351458418125084,0.45567652125449665,0.4537037037037037,108.0,0.5066666666666667,0.4418604651162791,0.59375,32.0,0.4,0.5294117647058824,0.32142857142857145,28.0,0.5142857142857142,0.45,0.6,30.0,0.23076923076923078,0.375,0.16666666666666666,18.0,,,,
p_277,0.2962314225053079,0.38637992831541224,0.3058276016746411,0.5142152237162854,0.528003451480154,0.5925925925925926,108.0,0.7515923566878981,0.6344086021505376,0.921875,64.0,0.0,0.0,0.0,14.0,0.3333333333333333,0.8,0.21052631578947367,19.0,0.1,0.1111111111111111,0.09090909090909091,11.0,,,,
p_278,0.23450000000000001,0.2427248677248677,0.2720959595959596,0.2927037037037037,0.27018420536939053,0.37037037037037035,108.0,0.528,0.4074074074074074,0.75,44.0,0.0,0.0,0.0,24.0,0.25,0.2777777777777778,0.22727272727272727,22.0,0.16,0.2857142857142857,0.1111111111111111,18.0,,,,
p_279,0.23273910582908885,0.19089366515837103,0.29891304347826086,0.31408120061204386,0.25969917881682586,0.39814814814814814,108.0,0.543859649122807,0.45588235294117646,0.6739130434782609,46.0,0.0,0.0,0.0,23.0,0.3870967741935484,0.3076923076923077,0.5217391304347826,23.0,0.0,0.0,0.0,16.0,,,,
p_280,0.3088704994192799,0.3111608071562305,0.32374800637958534,0.36735654062889833,0.37375085716046813,0.37962962962962965,108.0,0.4642857142857143,0.5652173913043478,0.3939393939393939,33.0,0.0,0.0,0.0,12.0,0.38095238095238093,0.3157894736842105,0.48,25.0,0.3902439024390244,0.36363636363636365,0.42105263157894735,38.0,,,,
p_281,0.36555082166768105,0.42549444020032257,0.38849325337331336,0.3710928518293095,0.4338396413559813,0.39814814814814814,108.0,0.33962264150943394,0.5294117647058824,0.25,36.0,0.3,0.35294117647058826,0.2608695652173913,23.0,0.5,0.36507936507936506,0.7931034482758621,29.0,0.3225806451612903,0.45454545454545453,0.25,20.0,,,,
p_282,0.3737127371273713,0.4933333333333333,0.37142857142857144,0.4577938371976312,0.4888888888888889,0.5092592592592593,108.0,0.6504065040650406,0.5333333333333333,0.8333333333333334,48.0,0.4444444444444444,1.0,0.2857142857142857,14.0,0.0,0.0,0.0,16.0,0.4,0.44,0.36666666666666664,30.0,,,,
p_283,0.2661044176706827,0.32411616161616164,0.2865332428765265,0.5215677524914474,0.5005845491956603,0.6203703703703703,108.0,0.7710843373493976,0.6464646464646465,0.9552238805970149,67.0,0.0,0.0,0.0,10.0,0.13333333333333333,0.25,0.09090909090909091,11.0,0.16,0.4,0.1,20.0,,,,
p_284,0.452262443438914,0.5490990990990992,0.457325461423822,0.6181833417127535,0.6275942609275943,0.6666666666666666,108.0,0.8,0.7297297297297297,0.8852459016393442,61.0,0.0,0.0,0.0,12.0,0.47058823529411764,1.0,0.3076923076923077,13.0,0.5384615384615384,0.4666666666666667,0.6363636363636364,22.0,,,,
p_285,0.28907997762863535,0.36987577639751557,0.3051452742528257,0.45210094042588445,0.4707959512307338,0.5370370370370371,108.0,0.697986577181208,0.5652173913043478,0.9122807017543859,57.0,0.0,0.0,0.0,17.0,0.125,0.2,0.09090909090909091,11.0,0.3333333333333333,0.7142857142857143,0.21739130434782608,23.0,,,,
p_286,0.5639151746708724,0.5682291666666667,0.56559934318555,0.5724804728314435,0.5773726851851853,0.5740740740740741,108.0,0.5573770491803278,0.53125,0.5862068965517241,29.0,0.5925925925925926,0.6666666666666666,0.5333333333333333,30.0,0.6666666666666666,0.625,0.7142857142857143,28.0,0.43902439024390244,0.45,0.42857142857142855,21.0,,,,
p_287,0.28075396825396826,0.31541867954911434,0.2989766081871345,0.3544973544973545,0.3722490606548578,0.3888888888888889,108.0,0.4444444444444444,0.37037037037037035,0.5555555555555556,36.0,0.25,0.5,0.16666666666666666,24.0,0.0,0.0,0.0,10.0,0.42857142857142855,0.391304347826087,0.47368421052631576,38.0,,,,
p_288,0.40571219715956564,0.42931034482758623,0.42275378827102966,0.46300125313283214,0.46526890875549887,0.5,108.0,0.5357142857142857,0.5555555555555556,0.5172413793103449,29.0,0.631578947368421,0.5172413793103449,0.8108108108108109,37.0,0.1,0.2,0.06666666666666667,15.0,0.35555555555555557,0.4444444444444444,0.2962962962962963,27.0,,,,
p_289,0.4315587380655874,0.42288165266106437,0.48933531746031744,0.4264755623203112,0.45959124390496936,0.42592592592592593,108.0,0.4383561643835616,0.5714285714285714,0.35555555555555557,45.0,0.45454545454545453,0.3333333333333333,0.7142857142857143,7.0,0.42424242424242425,0.4117647058823529,0.4375,16.0,0.4090909090909091,0.375,0.45,40.0,,,,
p_290,0.2265162721893491,0.26666666666666666,0.25423280423280425,0.5374958908612755,0.5320987654320988,0.6296296296296297,108.0,0.7810650887573964,0.6666666666666666,0.9428571428571428,70.0,0.0,0.0,0.0,8.0,0.0,0.0,0.0,3.0,0.125,0.4,0.07407407407407407,27.0,,,,
p_291,0.3361013986013986,0.3782601480871127,0.3430910305910306,0.39605533355533357,0.4184676345014405,0.4351851851851852,108.0,0.5641025641025641,0.4520547945205479,0.75,44.0,0.36363636363636365,0.4444444444444444,0.3076923076923077,13.0,0.09523809523809523,0.14285714285714285,0.07142857142857142,14.0,0.32142857142857145,0.47368421052631576,0.24324324324324326,37.0,,,,
p_292,0.3419201688060489,0.3555970149253731,0.34710197210197213,0.4702147197311607,0.47230514096185733,0.49074074074074076,108.0,0.5785123966942148,0.5223880597014925,0.6481481481481481,54.0,0.0,0.0,0.0,4.0,0.425531914893617,0.4,0.45454545454545453,22.0,0.36363636363636365,0.5,0.2857142857142857,28.0,,,,
p_293,0.252290950744559,0.2294028722600151,0.28034600113443,0.39150863349030585,0.35589709134682684,0.4351851851851852,108.0,0.4536082474226804,0.4074074074074074,0.5116279069767442,43.0,0.0,0.0,0.0,13.0,0.0,0.0,0.0,11.0,0.5555555555555556,0.5102040816326531,0.6097560975609756,41.0,,,,
p_294,0.23421658986175115,0.22083333333333333,0.278954802259887,0.4304574159412869,0.36867283950617286,0.5462962962962963,108.0,0.7225806451612903,0.5833333333333334,0.9491525423728814,59.0,0.0,0.0,0.0,14.0,0.0,0.0,0.0,17.0,0.21428571428571427,0.3,0.16666666666666666,18.0,,,,
p_295,0.35533784569971205,0.5249084249084249,0.3944444444444445,0.38843031838416403,0.5197937864604532,0.46296296296296297,108.0,0.21621621621621623,0.5714285714285714,0.13333333333333333,30.0,0.17391304347826086,0.6666666666666666,0.1,20.0,0.42105263157894735,0.4,0.4444444444444444,18.0,0.6101694915254238,0.46153846153846156,0.9,40.0,,,,
p_296,0.2779394576905096,0.2400793650793651,0.3568745208280092,0.31397568091700867,0.2675899203676982,0.4166666666666667,108.0,0.6166666666666667,0.4805194805194805,0.8604651162790697,43.0,0.45161290322580644,0.3888888888888889,0.5384615384615384,13.0,0.0,0.0,0.0,17.0,0.043478260869565216,0.09090909090909091,0.02857142857142857,35.0,,,,
p_297,0.238675045823514,0.2148648648648649,0.29358108108108105,0.3436424117230611,0.30720720720720723,0.42592592592592593,108.0,0.5964912280701754,0.4594594594594595,0.85,40.0,0.0,0.0,0.0,18.0,0.0,0.0,0.0,13.0,0.3582089552238806,0.4,0.32432432432432434,37.0,,,,
p_298,0.3710416666666667,0.3861607142857143,0.37993777056277056,0.5585185185185185,0.5374779541446207,0.5925925925925926,108.0,0.68,0.6071428571428571,0.7727272727272727,44.0,0.0,0.0,0.0,9.0,0.2,0.3333333333333333,0.14285714285714285,7.0,0.6041666666666666,0.6041666666666666,0.6041666666666666,48.0,,,,
p_299,0.26866588073484626,0.28979700854700857,0.3026587301587302,0.37087613205110015,0.37010327635327633,0.4351851851851852,108.0,0.5982905982905983,0.4861111111111111,0.7777777777777778,45.0,0.06896551724137931,0.25,0.04,25.0,0.0,0.0,0.0,10.0,0.4074074074074074,0.4230769230769231,0.39285714285714285,28.0,,,,
p_300,0.385975135975136,0.3796008869179601,0.40189540189540196,0.49984172206394434,0.4727190605239386,0.5370370370370371,108.0,0.6464646464646465,0.5818181818181818,0.7272727272727273,44.0,0.0,0.0,0.0,13.0,0.3333333333333333,0.4,0.2857142857142857,14.0,0.5641025641025641,0.5365853658536586,0.5945945945945946,37.0,,,,
p_301,0.2779505582137161,0.27862394957983194,0.29758219077104525,0.33326540256364817,0.3295790538437597,0.3611111111111111,108.0,0.34210526315789475,0.38235294117647056,0.30952380952380953,42.0,0.0,0.0,0.0,13.0,0.30303030303030304,0.35714285714285715,0.2631578947368421,19.0,0.4666666666666667,0.375,0.6176470588235294,34.0,,,,
p_302,0.3649891774891775,0.3611629288783872,0.3723831300813008,0.4247534872534872,0.4166628283135351,0.4351851851851852,108.0,0.5714285714285714,0.5581395348837209,0.5853658536585366,41.0,0.38095238095238093,0.36363636363636365,0.4,20.0,0.08333333333333333,0.1111111111111111,0.06666666666666667,15.0,0.42424242424242425,0.4117647058823529,0.4375,32.0,,,,
p_303,0.2628798670465337,0.24064223798266354,0.29205882352941176,0.4136549892722733,0.38259200887254474,0.4537037037037037,108.0,0.0,0.0,0.0,13.0,0.0,0.0,0.0,11.0,0.49382716049382713,0.425531914893617,0.5882352941176471,34.0,0.5576923076923077,0.5370370370370371,0.58,50.0,,,,
p_304,0.2647058823529412,0.2418987341772152,0.29706477732793524,0.4575163398692811,0.4073417721518987,0.5277777777777778,108.0,0.7058823529411765,0.6075949367088608,0.8421052631578947,57.0,0.0,0.0,0.0,19.0,0.0,0.0,0.0,6.0,0.35294117647058826,0.36,0.34615384615384615,26.0,,,,
p_305,0.39325751274377446,0.4011205808080808,0.3903318903318903,0.40799800574513695,0.4134662598204265,0.4074074074074074,108.0,0.4897959183673469,0.5454545454545454,0.4444444444444444,27.0,0.2564102564102564,0.2777777777777778,0.23809523809523808,21.0,0.5217391304347826,0.5,0.5454545454545454,33.0,0.3050847457627119,0.28125,0.3333333333333333,27.0,,,,
p_306,0.44984756097560974,0.49087162837162845,0.47135884065001216,0.45187443541102074,0.5013653013653014,0.4722222222222222,108.0,0.4,0.6428571428571429,0.2903225806451613,31.0,0.375,0.45,0.32142857142857145,28.0,0.43902439024390244,0.4090909090909091,0.47368421052631576,19.0,0.5853658536585366,0.46153846153846156,0.8,30.0,,,,
p_307,0.39720374476472037,0.4029330466830467,0.4113244514106583,0.48992864507769657,0.4828641141141141,0.5185185185185185,108.0,0.5858585858585859,0.5272727272727272,0.6590909090909091,44.0,0.0,0.0,0.0,10.0,0.4878048780487805,0.625,0.4,25.0,0.5151515151515151,0.4594594594594595,0.5862068965517241,29.0,,,,
p_308,0.48251275510204084,0.5354166666666667,0.46536978221415615,0.5154667422524566,0.551466049382716,0.5185185185185185,108.0,0.54,0.45,0.675,40.0,0.3125,0.4166666666666667,0.25,20.0,0.7346938775510204,0.9,0.6206896551724138,29.0,0.34285714285714286,0.375,0.3157894736842105,19.0,,,,
p_309,0.38443423485899214,0.38101719816783336,0.3926501035196688,0.4734695253505933,0.4636967578588873,0.49074074074074076,108.0,0.5436893203883495,0.49122807017543857,0.6086956521739131,46.0,0.0,0.0,0.0,6.0,0.6190476190476191,0.6190476190476191,0.6190476190476191,21.0,0.375,0.41379310344827586,0.34285714285714286,35.0,,,,
p_310,0.39025520909578876,0.4143450515733124,0.3992200328407225,0.43854631482114037,0.4595468052593657,0.4537037037037037,108.0,0.5454545454545454,0.4864864864864865,0.6206896551724138,29.0,0.43478260869565216,0.625,0.3333333333333333,30.0,0.49382716049382713,0.43478260869565216,0.5714285714285714,35.0,0.08695652173913043,0.1111111111111111,0.07142857142857142,14.0,,,,
p_311,0.44814413265306124,0.6091018685955395,0.4182283666154634,0.47428122637944065,0.5247192641707409,0.5185185185185185,108.0,0.65625,0.5316455696202531,0.8571428571428571,49.0,0.5714285714285714,1.0,0.4,10.0,0.32,0.5714285714285714,0.2222222222222222,18.0,0.24489795918367346,0.3333333333333333,0.1935483870967742,31.0,,,,
p_312,0.29330514446793515,0.2745945945945946,0.3408643892339545,0.33288048443087204,0.31780280280280276,0.37962962962962965,108.0,0.4666666666666667,0.3783783783783784,0.6086956521739131,23.0,0.4883720930232558,0.42,0.5833333333333334,36.0,0.21818181818181817,0.3,0.17142857142857143,35.0,0.0,0.0,0.0,14.0,,,,
p_313,0.3571495836304199,0.3518705952916479,0.3654128494244773,0.4596489221924762,0.4593739413427522,0.46296296296296297,108.0,0.4594594594594595,0.4473684210526316,0.4722222222222222,36.0,0.0,0.0,0.0,7.0,0.5609756097560976,0.5897435897435898,0.5348837209302325,43.0,0.40816326530612246,0.37037037037037035,0.45454545454545453,22.0,,,,
p_314,0.39192392972880774,0.3810096153846154,0.4262743628185907,0.4670779085413232,0.43874643874643876,0.5277777777777778,108.0,0.43902439024390244,0.5,0.391304347826087,23.0,0.6923076923076923,0.5625,0.9,40.0,0.43636363636363634,0.46153846153846156,0.41379310344827586,29.0,0.0,0.0,0.0,16.0,,,,
p_315,0.2736497998125905,0.2876984126984127,0.28954883265228093,0.37198299116903766,0.3798500881834215,0.39814814814814814,108.0,0.15384615384615385,0.3,0.10344827586206896,29.0,0.0,0.0,0.0,3.0,0.4523809523809524,0.4222222222222222,0.48717948717948717,39.0,0.4883720930232558,0.42857142857142855,0.5675675675675675,37.0,,,,
p_316,0.3863716184148078,0.3577075098814229,0.43728070175438594,0.41334405596864066,0.37481701068657597,0.48148148148148145,108.0,0.3673469387755102,0.4090909090909091,0.3333333333333333,27.0,0.5581395348837209,0.5217391304347826,0.6,20.0,0.0,0.0,0.0,23.0,0.62,0.5,0.8157894736842105,38.0,,,,
p_317,0.3711828073509717,0.4025742169237962,0.3638641969337912,0.37069891510413544,0.39410950513393245,0.37037037037037035,108.0,0.33766233766233766,0.2826086956521739,0.41935483870967744,31.0,0.42105263157894735,0.5333333333333333,0.34782608695652173,23.0,0.43333333333333335,0.41935483870967744,0.4482758620689655,29.0,0.2926829268292683,0.375,0.24,25.0,,,,
p_318,0.4463019250253293,0.4606798245614035,0.43571989072308764,0.4275383222634996,0.43275503573749186,0.42592592592592593,108.0,0.40425531914893614,0.38,0.4318181818181818,44.0,0.625,0.6666666666666666,0.5882352941176471,17.0,0.38095238095238093,0.42105263157894735,0.34782608695652173,23.0,0.375,0.375,0.375,24.0,,,,
p_319,0.4624830577392247,0.500677157655515,0.46124041721951936,0.46129735048141113,0.50224202189611,0.46296296296296297,108.0,0.45161290322580644,0.5833333333333334,0.3684210526315789,38.0,0.47058823529411764,0.47058823529411764,0.47058823529411764,17.0,0.45714285714285713,0.5714285714285714,0.38095238095238093,21.0,0.47058823529411764,0.37735849056603776,0.625,32.0,,,,
p_320,0.3121227034120735,0.4058075933075933,0.3527166317260657,0.4660032079323418,0.5378771628771629,0.5370370370370371,108.0,0.7401574803149606,0.6351351351351351,0.8867924528301887,53.0,0.0,0.0,0.0,8.0,0.375,0.32142857142857145,0.45,20.0,0.13333333333333333,0.6666666666666666,0.07407407407407407,27.0,,,,
p_321,0.3419827744181785,0.32317307692307695,0.3640686274509804,0.455626141076022,0.4330306267806268,0.48148148148148145,108.0,0.3137254901960784,0.3076923076923077,0.32,25.0,0.0,0.0,0.0,12.0,0.4,0.36,0.45,20.0,0.6542056074766355,0.625,0.6862745098039216,51.0,,,,
p_322,0.30723158828748887,0.2855844155844156,0.33401639344262296,0.5263153570606987,0.4807647907647908,0.5833333333333334,108.0,0.7391304347826086,0.6623376623376623,0.8360655737704918,61.0,0.0,0.0,0.0,7.0,0.0,0.0,0.0,16.0,0.4897959183673469,0.48,0.5,24.0,,,,
p_323,0.3799684712120669,0.43669871794871795,0.39535984848484845,0.44061421422855984,0.46192426400759734,0.4722222222222222,108.0,0.6194690265486725,0.5384615384615384,0.7291666666666666,48.0,0.38461538461538464,0.3333333333333333,0.45454545454545453,11.0,0.2,0.5,0.125,16.0,0.3157894736842105,0.375,0.2727272727272727,33.0,,,,
p_324,0.3950595238095238,0.40582655826558267,0.3978729603729603,0.4601653439153439,0.46119391749473054,0.4722222222222222,108.0,0.525,0.5121951219512195,0.5384615384615384,39.0,0.09523809523809523,0.1111111111111111,0.08333333333333333,12.0,0.56,0.5,0.6363636363636364,33.0,0.4,0.5,0.3333333333333333,24.0,,,,
p_325,0.39094164367656653,0.40994162087912084,0.38836574130691776,0.4294000806389773,0.42985284391534395,0.4444444444444444,108.0,0.5934065934065934,0.5192307692307693,0.6923076923076923,39.0,0.4,0.5,0.3333333333333333,15.0,0.37681159420289856,0.40625,0.35135135135135137,37.0,0.1935483870967742,0.21428571428571427,0.17647058823529413,17.0,,,,
p_326,0.22532894736842102,0.29546605876393106,0.2860120908901397,0.2614319363222872,0.2998001801193291,0.37037037037037035,108.0,0.041666666666666664,0.14285714285714285,0.024390243902439025,41.0,0.0,0.0,0.0,10.0,0.5263157894736842,0.3723404255319149,0.8974358974358975,39.0,0.3333333333333333,0.6666666666666666,0.2222222222222222,18.0,,,,
p_327,0.31264367816091954,0.31439393939393945,0.35473684210526313,0.4587909748829289,0.422979797979798,0.5555555555555556,108.0,0.06666666666666667,0.2,0.04,25.0,0.0,0.0,0.0,11.0,0.7172413793103448,0.5909090909090909,0.9122807017543859,57.0,0.4666666666666667,0.4666666666666667,0.4666666666666667,15.0,,,,
p_328,0.21216216216216216,0.2540322580645161,0.24943181818181817,0.3895895895895896,0.4109916367980884,0.48148148148148145,108.0,0.6486486486486487,0.5161290322580645,0.8727272727272727,55.0,0.0,0.0,0.0,9.0,0.2,0.5,0.125,32.0,0.0,0.0,0.0,12.0,,,,
p_329,0.2845698362939742,0.2881701631701632,0.3025740025740026,0.33783557155204663,0.3271173271173271,0.37037037037037035,108.0,0.4444444444444444,0.4090909090909091,0.4864864864864865,37.0,0.30303030303030304,0.4166666666666667,0.23809523809523808,21.0,0.39080459770114945,0.3269230769230769,0.4857142857142857,35.0,0.0,0.0,0.0,15.0,,,,
p_330,0.29008152173913043,0.27395506792058516,0.31978844169246645,0.35321054750402575,0.32698053330237237,0.39814814814814814,108.0,0.34782608695652173,0.36363636363636365,0.3333333333333333,36.0,0.0,0.0,0.0,17.0,0.5625,0.46551724137931033,0.7105263157894737,38.0,0.25,0.26666666666666666,0.23529411764705882,17.0,,,,
p_331,0.24537815126050422,0.25999999999999995,0.26857142857142857,0.365546218487395,0.35833333333333334,0.4166666666666667,108.0,0.5294117647058824,0.45,0.6428571428571429,42.0,0.0,0.0,0.0,17.0,0.2857142857142857,0.5,0.2,20.0,0.4117647058823529,0.35,0.5,28.0,0.0,0.0,0.0,1.0
p_332,0.3606060606060606,0.4100411316657316,0.36826031428730077,0.35768799102132437,0.4038802769977666,0.37037037037037035,108.0,0.45,0.5294117647058824,0.391304347826087,23.0,0.25,0.38461538461538464,0.18518518518518517,27.0,0.4090909090909091,0.3050847457627119,0.6206896551724138,29.0,0.3333333333333333,0.42105263157894735,0.27586206896551724,29.0,,,,
p_333,0.3685192381858669,0.5682336182336183,0.3751988143435512,0.464851391976207,0.5427561464598502,0.49074074074074076,108.0,0.6115702479338843,0.5692307692307692,0.6607142857142857,56.0,0.14285714285714285,1.0,0.07692307692307693,13.0,0.425531914893617,0.37037037037037035,0.5,20.0,0.29411764705882354,0.3333333333333333,0.2631578947368421,19.0,,,,
p_334,0.37301674489829884,0.4902777777777778,0.40946553446553446,0.4219631146176636,0.532716049382716,0.46296296296296297,108.0,0.45161290322580644,0.35,0.6363636363636364,22.0,0.11764705882352941,0.3333333333333333,0.07142857142857142,14.0,0.3333333333333333,0.7777777777777778,0.21212121212121213,33.0,0.5894736842105263,0.5,0.717948717948718,39.0,,,,
p_335,0.30687368697478995,0.2979546288369818,0.3306595365418895,0.4420386904761905,0.40661815661815665,0.5,108.0,0.703125,0.6081081081081081,0.8333333333333334,54.0,0.0,0.0,0.0,15.0,0.17142857142857143,0.23076923076923078,0.13636363636363635,22.0,0.35294117647058826,0.35294117647058826,0.35294117647058826,17.0,,,,
p_336,0.4051464686998395,0.38963317384370016,0.44380694268250487,0.4658332590214612,0.44711441904424354,0.5092592592592593,108.0,0.0,0.0,0.0,17.0,0.5714285714285714,0.48484848484848486,0.6956521739130435,23.0,0.6741573033707865,0.6,0.7692307692307693,39.0,0.375,0.47368421052631576,0.3103448275862069,29.0,,,,
p_337,0.3738266238266238,0.35432341541267665,0.4267622461170848,0.41051716051716053,0.38514275219131583,0.4722222222222222,108.0,0.5675675675675675,0.4883720930232558,0.6774193548387096,31.0,0.5641025641025641,0.4583333333333333,0.7333333333333333,30.0,0.0,0.0,0.0,20.0,0.36363636363636365,0.47058823529411764,0.2962962962962963,27.0,,,,
p_338,0.2732835687466476,0.2990131578947368,0.295421511627907,0.35644688135301406,0.3694931773879142,0.4074074074074074,108.0,0.2553191489361702,0.4,0.1875,32.0,0.0,0.0,0.0,9.0,0.5378151260504201,0.42105263157894735,0.7441860465116279,43.0,0.3,0.375,0.25,24.0,,,,
p_339,0.4070977307278677,0.4123203937445423,0.4368464052287582,0.43837547090971746,0.472826422516825,0.42592592592592593,108.0,0.5641025641025641,0.6666666666666666,0.4888888888888889,45.0,0.3783783783783784,0.4117647058823529,0.35,20.0,0.3287671232876712,0.3076923076923077,0.35294117647058826,34.0,0.35714285714285715,0.2631578947368421,0.5555555555555556,9.0,,,,
p_340,0.2786357786357786,0.3815217391304348,0.32573621553884713,0.35256685256685255,0.4697128287707998,0.4166666666666667,108.0,0.6126126126126126,0.4927536231884058,0.8095238095238095,42.0,0.0,0.0,0.0,15.0,0.21621621621621623,0.8,0.125,32.0,0.2857142857142857,0.23333333333333334,0.3684210526315789,19.0,,,,
p_341,0.37079303154128773,0.39031164248381867,0.40170940170940167,0.4372073198959693,0.4931291261395459,0.4444444444444444,108.0,0.5060240963855421,0.6774193548387096,0.40384615384615385,52.0,0.10526315789473684,0.14285714285714285,0.08333333333333333,12.0,0.4935064935064935,0.37254901960784315,0.7307692307692307,26.0,0.3783783783783784,0.3684210526315789,0.3888888888888889,18.0,,,,
p_342,0.35569830538607927,0.5586466802168022,0.3715947088906373,0.4171935485275612,0.5261702674897119,0.4444444444444444,108.0,0.5609756097560976,0.5609756097560976,0.5609756097560976,41.0,0.11764705882352941,1.0,0.0625,16.0,0.4810126582278481,0.3958333333333333,0.6129032258064516,31.0,0.2631578947368421,0.2777777777777778,0.25,20.0,,,,
p_343,0.25101760389930255,0.31547619047619047,0.28250000000000003,0.33175711554545395,0.3560405643738977,0.4074074074074074,108.0,0.5581395348837209,0.42857142857142855,0.8,45.0,0.358974358974359,0.5,0.28,25.0,0.08695652173913043,0.3333333333333333,0.05,20.0,0.0,0.0,0.0,18.0,,,,
p_344,0.3247920380273322,0.3320938215102974,0.35534330011074194,0.43535023436984227,0.4560344096957369,0.4722222222222222,108.0,0.3939393939393939,0.5652173913043478,0.3023255813953488,43.0,0.0,0.0,0.0,8.0,0.6111111111111112,0.5,0.7857142857142857,42.0,0.29411764705882354,0.2631578947368421,0.3333333333333333,15.0,,,,
p_345,0.23551401869158878,0.2126403406891212,0.2673368298368298,0.365282104534441,0.32845815230639075,0.4166666666666667,108.0,0.4,0.3902439024390244,0.41025641025641024,39.0,0.0,0.0,0.0,17.0,0.5420560747663551,0.4603174603174603,0.6590909090909091,44.0,0.0,0.0,0.0,8.0,,,,
p_346,0.4014161220043573,0.6153985507246377,0.4153552330022918,0.5379609456951505,0.6153717122920022,0.6111111111111112,108.0,0.7703703703703704,0.65,0.9454545454545454,55.0,0.1,0.3333333333333333,0.058823529411764705,17.0,0.5,0.4782608695652174,0.5238095238095238,21.0,0.23529411764705882,1.0,0.13333333333333333,15.0,,,,
p_347,0.27910052910052907,0.26358695652173914,0.3141025641025641,0.3300999412110523,0.33061594202898553,0.3425925925925926,108.0,0.35714285714285715,0.3333333333333333,0.38461538461538464,39.0,0.3888888888888889,0.30434782608695654,0.5384615384615384,13.0,0.37037037037037035,0.4166666666666667,0.3333333333333333,45.0,0.0,0.0,0.0,11.0,,,,
p_348,0.4387631467681412,0.4573524535809018,0.43987147112147107,0.5123742578792523,0.5077794970036349,0.5370370370370371,108.0,0.6862745098039216,0.603448275862069,0.7954545454545454,44.0,0.19047619047619047,0.25,0.15384615384615385,13.0,0.35,0.4375,0.2916666666666667,24.0,0.5283018867924528,0.5384615384615384,0.5185185185185185,27.0,,,,
p_349,0.2858182358182358,0.30729166666666663,0.32936432637571156,0.40551210551210554,0.4085648148148148,0.49074074074074076,108.0,0.6923076923076923,0.5625,0.9,50.0,0.34285714285714286,0.3333333333333333,0.35294117647058826,17.0,0.10810810810810811,0.3333333333333333,0.06451612903225806,31.0,0.0,0.0,0.0,10.0,,,,
p_350,0.2762174176601333,0.27055860805860804,0.30507602153943614,0.3238252396668238,0.3035018993352327,0.37037037037037035,108.0,0.5742574257425742,0.48333333333333334,0.7073170731707317,41.0,0.0,0.0,0.0,24.0,0.24489795918367346,0.21428571428571427,0.2857142857142857,21.0,0.2857142857142857,0.38461538461538464,0.22727272727272727,22.0,,,,
p_351,0.40277716349697773,0.44951259489302964,0.3999125874125874,0.43045256114141567,0.45444176060118086,0.4537037037037037,108.0,0.5686274509803921,0.4603174603174603,0.7435897435897436,39.0,0.42105263157894735,0.5714285714285714,0.3333333333333333,24.0,0.32142857142857145,0.391304347826087,0.2727272727272727,33.0,0.3,0.375,0.25,12.0,,,,
p_352,0.34737902888587824,0.4311955398020972,0.34294942783314875,0.41576779666581803,0.4380117822740774,0.4444444444444444,108.0,0.5384615384615384,0.45901639344262296,0.6511627906976745,43.0,0.19047619047619047,0.3333333333333333,0.13333333333333333,15.0,0.4383561643835616,0.43243243243243246,0.4444444444444444,36.0,0.2222222222222222,0.5,0.14285714285714285,14.0,,,,
p_353,0.3289159465130339,0.33824428495481124,0.3351071859903382,0.3947804173532329,0.40046370134089426,0.4074074074074074,108.0,0.35,0.3181818181818182,0.3888888888888889,18.0,0.09523809523809523,0.1111111111111111,0.08333333333333333,12.0,0.5242718446601942,0.47368421052631576,0.5869565217391305,46.0,0.34615384615384615,0.45,0.28125,32.0,,,,
p_354,0.36332270840711756,0.357825165806927,0.39838447484643164,0.3895901871737688,0.3823212628619776,0.42592592592592593,108.0,0.5660377358490566,0.5084745762711864,0.6382978723404256,47.0,0.42105263157894735,0.34782608695652173,0.5333333333333333,15.0,0.10256410256410256,0.2,0.06896551724137931,29.0,0.36363636363636365,0.375,0.35294117647058826,17.0,,,,
p_355,0.37382260596546313,0.39941338854382336,0.38276960730271425,0.40605558462701313,0.40783234925747003,0.4351851851851852,108.0,0.20408163265306123,0.2777777777777778,0.16129032258064516,31.0,0.42857142857142855,0.391304347826087,0.47368421052631576,19.0,0.2857142857142857,0.42857142857142855,0.21428571428571427,14.0,0.5769230769230769,0.5,0.6818181818181818,44.0,,,,
p_356,0.5293978706544487,0.5906890933486678,0.536904761904762,0.5668940421820524,0.6040348859497796,0.5648148148148149,108.0,0.5822784810126582,0.6216216216216216,0.5476190476190477,42.0,0.5,0.8333333333333334,0.35714285714285715,14.0,0.6067415730337079,0.574468085106383,0.6428571428571429,42.0,0.42857142857142855,0.3333333333333333,0.6,10.0,,,,
p_357,0.3917523267964326,0.4855263157894737,0.3849317587446879,0.5143237147380424,0.5232212475633529,0.5555555555555556,108.0,0.6818181818181818,0.5921052631578947,0.8035714285714286,56.0,0.20689655172413793,0.3,0.15789473684210525,19.0,0.16666666666666666,0.5,0.1,10.0,0.5116279069767442,0.55,0.4782608695652174,23.0,,,,
p_358,0.4333333333333333,0.5326013967230728,0.41847348868625467,0.4705761316872428,0.5171717850001492,0.5,108.0,0.6,0.4931506849315068,0.7659574468085106,47.0,0.4444444444444444,0.5,0.4,15.0,0.3333333333333333,0.6666666666666666,0.2222222222222222,18.0,0.35555555555555557,0.47058823529411764,0.2857142857142857,28.0,,,,
p_359,0.3259282700421941,0.30481029810298105,0.3529411764705882,0.3548726363494296,0.32827963464819837,0.3888888888888889,108.0,0.37333333333333335,0.34146341463414637,0.4117647058823529,34.0,0.0,0.0,0.0,18.0,0.5,0.5,0.5,22.0,0.43037974683544306,0.37777777777777777,0.5,34.0,,,,
p_360,0.3087121212121212,0.309375,0.3207848837209302,0.3819304152637486,0.371031746031746,0.4074074074074074,108.0,0.35,0.4375,0.2916666666666667,24.0,0.48484848484848486,0.42857142857142855,0.5581395348837209,43.0,0.4,0.37142857142857144,0.43333333333333335,30.0,0.0,0.0,0.0,11.0,,,,
p_361,0.2762053102878453,0.3194444444444444,0.29643335769980506,0.29201310575665773,0.31790123456790126,0.3148148148148148,108.0,0.4057971014492754,0.3333333333333333,0.5185185185185185,27.0,0.30303030303030304,0.2777777777777778,0.3333333333333333,30.0,0.3050847457627119,0.3333333333333333,0.28125,32.0,0.09090909090909091,0.3333333333333333,0.05263157894736842,19.0,,,,
p_362,0.3080455758483756,0.31829764163730007,0.3287455298324864,0.3603399823728491,0.35818650040661426,0.3888888888888889,108.0,0.2727272727272727,0.2857142857142857,0.2608695652173913,23.0,0.5806451612903226,0.5294117647058824,0.6428571428571429,42.0,0.07692307692307693,0.2,0.047619047619047616,21.0,0.3018867924528302,0.25806451612903225,0.36363636363636365,22.0,,,,
p_363,0.33963763191557406,0.34822775263951733,0.3486111111111111,0.4457169633656682,0.43083486956035977,0.48148148148148145,108.0,0.4528301886792453,0.46153846153846156,0.4444444444444444,27.0,0.3125,0.4166666666666667,0.25,20.0,0.5932203389830508,0.5147058823529411,0.7,50.0,0.0,0.0,0.0,11.0,,,,
p_364,0.2895908346972177,0.391075032104201,0.3125557040998217,0.4082972661696066,0.4618588502279568,0.4722222222222222,108.0,0.3829787234042553,0.391304347826087,0.375,24.0,0.6153846153846154,0.5063291139240507,0.7843137254901961,51.0,0.16,0.6666666666666666,0.09090909090909091,22.0,0.0,0.0,0.0,11.0,,,,
p_365,0.3168685607833681,0.3400025601638505,0.32573529411764707,0.4257002419612292,0.43019618440765395,0.4444444444444444,108.0,0.2727272727272727,0.2222222222222222,0.35294117647058826,17.0,0.2564102564102564,0.35714285714285715,0.2,25.0,0.6206896551724138,0.5806451612903226,0.6666666666666666,54.0,0.11764705882352941,0.2,0.08333333333333333,12.0,,,,
p_366,0.2570510297783025,0.27202248579194466,0.2745238095238095,0.41429203045364665,0.40587334925733737,0.46296296296296297,108.0,0.2222222222222222,0.3157894736842105,0.17142857142857143,35.0,0.7107438016528925,0.6056338028169014,0.86,50.0,0.09523809523809523,0.16666666666666666,0.06666666666666667,15.0,0.0,0.0,0.0,8.0,,,,
p_367,0.3512588195475019,0.32796296296296296,0.37901873587519136,0.40435883565098074,0.378278463648834,0.4351851851851852,108.0,0.5714285714285714,0.5185185185185185,0.6363636363636364,22.0,0.0,0.0,0.0,14.0,0.4946236559139785,0.46,0.5348837209302325,43.0,0.3389830508474576,0.3333333333333333,0.3448275862068966,29.0,,,,
p_368,0.3702519379844961,0.4279953917050692,0.3590349640732973,0.545180160780936,0.558905103259942,0.5648148148148148,108.0,0.36666666666666664,0.3548387096774194,0.3793103448275862,29.0,0.6976744186046512,0.6428571428571429,0.7627118644067796,59.0,0.4166666666666667,0.7142857142857143,0.29411764705882354,17.0,0.0,0.0,0.0,3.0,,,,
p_369,0.31853070175438597,0.30185185185185187,0.3516424232736573,0.3485826835607537,0.3286282578875171,0.3888888888888889,108.0,0.4583333333333333,0.44,0.4782608695652174,23.0,0.0,0.0,0.0,19.0,0.3157894736842105,0.36,0.28125,32.0,0.5,0.4074074074074074,0.6470588235294118,34.0,,,,
p_370,0.42438244696309213,0.46785958691053875,0.4681655284852959,0.4155413477994123,0.4647325563712275,0.4537037037037037,108.0,0.5666666666666667,0.4722222222222222,0.7083333333333334,24.0,0.3,0.5,0.21428571428571427,14.0,0.2903225806451613,0.47368421052631576,0.20930232558139536,43.0,0.5405405405405406,0.425531914893617,0.7407407407407407,27.0,,,,
p_371,0.22972972972972974,0.2618421052631579,0.2797657774886142,0.4029029029029029,0.4028752436647174,0.5185185185185185,108.0,0.7027027027027027,0.5473684210526316,0.9811320754716981,53.0,0.0,0.0,0.0,20.0,0.21621621621621623,0.5,0.13793103448275862,29.0,0.0,0.0,0.0,6.0,,,,
p_372,0.35999426840886384,0.35511363636363635,0.37264705882352944,0.40722682499398305,0.3979377104377104,0.42592592592592593,108.0,0.43902439024390244,0.375,0.5294117647058824,34.0,0.0,0.0,0.0,15.0,0.44776119402985076,0.45454545454545453,0.4411764705882353,34.0,0.5531914893617021,0.5909090909090909,0.52,25.0,,,,
p_373,0.22653895824365045,0.21865501519756841,0.24537037037037035,0.38786052518295305,0.3837386018237082,0.4074074074074074,108.0,0.391304347826087,0.32142857142857145,0.5,36.0,0.0,0.0,0.0,8.0,0.5148514851485149,0.5531914893617021,0.48148148148148145,54.0,0.0,0.0,0.0,10.0,,,,
p_374,0.21673437336090756,0.2577827969132317,0.21698095008439836,0.2741897936540446,0.3162151187513506,0.2777777777777778,108.0,0.23728813559322035,0.21212121212121213,0.2692307692307692,26.0,0.20689655172413793,0.42857142857142855,0.13636363636363635,22.0,0.34615384615384615,0.4090909090909091,0.3,30.0,0.29333333333333333,0.2391304347826087,0.3793103448275862,29.0,0.0,0.0,0.0,1.0
p_375,0.28791317917435094,0.366118769883351,0.32009803921568625,0.4446598676985966,0.4580633125171832,0.5277777777777778,108.0,0.706766917293233,0.573170731707317,0.9215686274509803,51.0,0.10526315789473684,0.5,0.058823529411764705,17.0,0.33962264150943394,0.391304347826087,0.3,30.0,0.0,0.0,0.0,10.0,,,,
p_376,0.3515298759518546,0.3701007326007326,0.37739858012170385,0.3718659590873113,0.3805826889160223,0.39814814814814814,108.0,0.08333333333333333,0.25,0.05,20.0,0.37681159420289856,0.37142857142857144,0.38235294117647056,34.0,0.5084745762711864,0.5,0.5172413793103449,29.0,0.4375,0.358974358974359,0.56,25.0,,,,
p_377,0.31703225806451607,0.32143962848297214,0.33373983739837404,0.52468339307049,0.5267457860337117,0.5555555555555556,108.0,0.6451612903225806,0.5263157894736842,0.8333333333333334,36.0,0.3,0.375,0.25,24.0,0.64,0.7058823529411765,0.5853658536585366,41.0,0.0,0.0,0.0,6.0,0.0,0.0,0.0,1.0
p_378,0.36205040457967663,0.375,0.38440540194572453,0.4080582189920953,0.4054783950617284,0.4444444444444444,108.0,0.07692307692307693,0.125,0.05555555555555555,18.0,0.5301204819277109,0.4583333333333333,0.6285714285714286,35.0,0.5633802816901409,0.5,0.6451612903225806,31.0,0.2777777777777778,0.4166666666666667,0.20833333333333334,24.0,,,,
p_379,0.3478587491380931,0.3793106131341426,0.36093288431998105,0.3555008085092552,0.39743605261034454,0.3611111111111111,108.0,0.27906976744186046,0.5,0.1935483870967742,31.0,0.2641509433962264,0.25925925925925924,0.2692307692307692,26.0,0.5625,0.5294117647058824,0.6,30.0,0.2857142857142857,0.22857142857142856,0.38095238095238093,21.0,,,,
p_380,0.40116722662938215,0.40568561872909703,0.40554945054945063,0.5013457857087151,0.5078192741236219,0.5092592592592593,108.0,0.5925925925925926,0.5217391304347826,0.6857142857142857,35.0,0.5384615384615384,0.5384615384615384,0.5384615384615384,13.0,0.4918032786885246,0.5769230769230769,0.42857142857142855,35.0,0.3829787234042553,0.391304347826087,0.375,24.0,0.0,0.0,0.0,1.0
p_381,0.4137934423300277,0.5160714285714285,0.40428321678321677,0.4208582083378832,0.4723544973544974,0.4351851851851852,108.0,0.52,0.4642857142857143,0.5909090909090909,22.0,0.2926829268292683,0.4,0.23076923076923078,26.0,0.46153846153846156,0.4,0.5454545454545454,44.0,0.38095238095238093,0.8,0.25,16.0,,,,
p_382,0.39510323747738757,0.4022828362114077,0.3992123832240111,0.5188804330498548,0.5236753105800726,0.5277777777777778,108.0,0.4782608695652174,0.55,0.4230769230769231,26.0,0.5411764705882353,0.46938775510204084,0.6388888888888888,36.0,0.5609756097560976,0.5897435897435898,0.5348837209302325,43.0,0.0,0.0,0.0,3.0,,,,
p_383,0.34398638176109797,0.36814024390243905,0.3566985645933014,0.4892792430779104,0.46866531165311653,0.5555555555555556,108.0,0.3157894736842105,0.375,0.2727272727272727,22.0,0.3448275862068966,0.5,0.2631578947368421,19.0,0.7153284671532847,0.5975609756097561,0.8909090909090909,55.0,0.0,0.0,0.0,12.0,,,,
p_384,0.37591802890310355,0.544987922705314,0.3818442275042445,0.5562421578176139,0.5697687421721237,0.6018518518518519,108.0,0.0,0.0,0.0,12.0,0.5671641791044776,0.5277777777777778,0.6129032258064516,31.0,0.7142857142857143,0.6521739130434783,0.7894736842105263,57.0,0.2222222222222222,1.0,0.125,8.0,,,,
p_385,0.33615819209039544,0.40245885954841176,0.34701083230494995,0.5210053599884108,0.5180348258706468,0.5648148148148148,108.0,0.6779661016949152,0.5970149253731343,0.7843137254901961,51.0,0.15384615384615385,0.5,0.09090909090909091,11.0,0.5128205128205128,0.5128205128205128,0.5128205128205128,39.0,0.0,0.0,0.0,7.0,,,,
p_386,0.2856046702128763,0.2742790697674419,0.31794871794871793,0.44200695339733714,0.4431459948320413,0.46296296296296297,108.0,0.0,0.0,0.0,10.0,0.45901639344262296,0.35,0.6666666666666666,21.0,0.5376344086021505,0.5813953488372093,0.5,50.0,0.43137254901960786,0.44,0.4230769230769231,26.0,0.0,0.0,0.0,1.0
p_387,0.4995138138601636,0.557260228034876,0.48316716097684104,0.5399901676641915,0.5442780137615818,0.5740740740740741,108.0,0.7258064516129032,0.6338028169014085,0.8490566037735849,53.0,0.4090909090909091,0.42857142857142855,0.391304347826087,23.0,0.2631578947368421,0.4166666666666667,0.19230769230769232,26.0,0.6,0.75,0.5,6.0,,,,
p_388,0.3995917277167277,0.5332417582417582,0.39018401983218914,0.44645542214986655,0.5229293854293855,0.49074074074074076,108.0,0.375,0.46153846153846156,0.3157894736842105,19.0,0.3076923076923077,0.5714285714285714,0.21052631578947367,19.0,0.6031746031746031,0.475,0.8260869565217391,46.0,0.3125,0.625,0.20833333333333334,24.0,,,,
p_389,0.35316328954960463,0.3529411764705882,0.36269923769923773,0.578920705316524,0.5600490196078431,0.6111111111111112,108.0,0.7377049180327869,0.6617647058823529,0.8333333333333334,54.0,0.09523809523809523,0.125,0.07692307692307693,13.0,0.5797101449275363,0.625,0.5405405405405406,37.0,0.0,0.0,0.0,4.0,,,,
p_390,0.2734885620915033,0.2712765957446809,0.3080508474576271,0.4622064875332849,0.41223404255319146,0.5648148148148148,108.0,0.0,0.0,0.0,13.0,0.375,0.5,0.3,20.0,0.7189542483660131,0.5851063829787234,0.9322033898305084,59.0,0.0,0.0,0.0,16.0,,,,
p_391,0.3148281231285184,0.3212301587301587,0.31865035224323324,0.5009936874231999,0.4905129335684891,0.5185185185185185,108.0,0.42424242424242425,0.4,0.45161290322580644,31.0,0.17391304347826086,0.25,0.13333333333333333,15.0,0.6611570247933884,0.6349206349206349,0.6896551724137931,58.0,0.0,0.0,0.0,4.0,,,,
p_392,0.30316356930061,0.2889660493827161,0.33604111405835546,0.46332550453702387,0.42342535436671236,0.5370370370370371,108.0,0.0,0.0,0.0,19.0,0.0,0.0,0.0,8.0,0.6466165413533834,0.5308641975308642,0.8269230769230769,52.0,0.5660377358490566,0.625,0.5172413793103449,29.0,,,,
p_393,0.37716262396140443,0.3799432648017077,0.3788484136310223,0.5102213561055025,0.5065280846513291,0.5185185185185185,108.0,0.3902439024390244,0.4444444444444444,0.34782608695652173,23.0,0.525,0.4883720930232558,0.5675675675675675,37.0,0.5934065934065934,0.5869565217391305,0.6,45.0,0.0,0.0,0.0,3.0,,,,
p_394,0.383183568677792,0.38416666666666666,0.3834554334554334,0.4863357580944231,0.4837962962962963,0.49074074074074076,108.0,0.4,0.4166666666666667,0.38461538461538464,39.0,0.5853658536585366,0.6,0.5714285714285714,21.0,0.5473684210526316,0.52,0.5777777777777777,45.0,0.0,0.0,0.0,3.0,,,,
p_395,0.370630081300813,0.42197712418300654,0.3653263403263403,0.5764378199337549,0.5782044299201162,0.6018518518518519,108.0,0.25,0.5,0.16666666666666666,12.0,0.5333333333333333,0.5555555555555556,0.5128205128205128,39.0,0.6991869918699187,0.6323529411764706,0.7818181818181819,55.0,0.0,0.0,0.0,2.0,,,,
p_396,0.31006493506493504,0.28879310344827586,0.3376865671641791,0.5333092833092833,0.4805236270753512,0.6018518518518519,108.0,0.0,0.0,0.0,15.0,0.5,0.5,0.5,16.0,0.7402597402597403,0.6551724137931034,0.8507462686567164,67.0,0.0,0.0,0.0,10.0,,,,
p_397,0.3246393861208775,0.33314814814814814,0.34024725274725276,0.5059771815450064,0.4881550068587106,0.5555555555555556,108.0,0.10526315789473684,0.16666666666666666,0.07692307692307693,13.0,0.5161290322580645,0.5925925925925926,0.45714285714285713,35.0,0.6771653543307087,0.5733333333333334,0.8269230769230769,52.0,0.0,0.0,0.0,8.0,,,,
p_398,0.2583453242560259,0.32196721311475407,0.2614537237548254,0.3928773786636611,0.4136460230722526,0.42592592592592593,108.0,0.35294117647058826,0.75,0.23076923076923078,13.0,0.5050505050505051,0.4098360655737705,0.6578947368421053,38.0,0.43373493975903615,0.45,0.4186046511627907,43.0,0.0,0.0,0.0,13.0,0.0,0.0,0.0,1.0
p_399,0.5518402667792912,0.5846633941093969,0.5455842391304349,0.45530956421877833,0.4774780530881512,0.46296296296296297,108.0,0.5121951219512195,0.42,0.65625,32.0,0.4166666666666667,0.43478260869565216,0.4,25.0,0.38961038961038963,0.4838709677419355,0.32608695652173914,46.0,0.8888888888888888,1.0,0.8,5.0,,,,
p_400,0.37800252844500637,0.43583724569640064,0.39107142857142857,0.46631081144355485,0.48043818466353677,0.5185185185185185,108.0,0.6548672566371682,0.5211267605633803,0.8809523809523809,42.0,0.38095238095238093,0.6666666666666666,0.26666666666666666,15.0,0.47619047619047616,0.5555555555555556,0.4166666666666667,36.0,0.0,0.0,0.0,15.0,,,,
p_401,0.3603167755454209,0.5176267988767989,0.3872204184704185,0.3749320934394274,0.49463952588952587,0.4166666666666667,108.0,0.4262295081967213,0.35135135135135137,0.5416666666666666,24.0,0.15789473684210525,0.2727272727272727,0.1111111111111111,27.0,0.5494505494505495,0.44642857142857145,0.7142857142857143,35.0,0.3076923076923077,1.0,0.18181818181818182,22.0,,,,
p_402,0.36389610389610394,0.3630952380952381,0.3794372294372294,0.450976430976431,0.42570546737213394,0.49074074074074076,108.0,0.64,0.5714285714285714,0.7272727272727273,44.0,0.4,0.5,0.3333333333333333,15.0,0.4155844155844156,0.38095238095238093,0.45714285714285713,35.0,0.0,0.0,0.0,14.0,,,,
p_403,0.3893085184940783,0.42445958646616544,0.38962587491999257,0.4159886400759555,0.42955043859649117,0.4351851851851852,108.0,0.4864864864864865,0.5625,0.42857142857142855,21.0,0.5106382978723404,0.42105263157894735,0.6486486486486487,37.0,0.39344262295081966,0.42857142857142855,0.36363636363636365,33.0,0.16666666666666666,0.2857142857142857,0.11764705882352941,17.0,,,,
p_404,0.3531807804068078,0.4171189632255206,0.3780555555555556,0.4284694356041388,0.47551957695400315,0.4722222222222222,108.0,0.36363636363636365,0.75,0.24,25.0,0.5833333333333334,0.45901639344262296,0.8,35.0,0.4657534246575342,0.4594594594594595,0.4722222222222222,36.0,0.0,0.0,0.0,12.0,,,,
p_405,0.3903010366826156,0.46577324478178367,0.3917207792207792,0.4761577765963731,0.4911167334317239,0.5185185185185185,108.0,0.0,0.0,0.0,15.0,0.625,0.5147058823529411,0.7954545454545454,44.0,0.5151515151515151,0.5483870967741935,0.4857142857142857,35.0,0.42105263157894735,0.8,0.2857142857142857,14.0,,,,
p_406,0.45971297286164037,0.51266976861167,0.44515061238000664,0.5618789488004073,0.5953894664281989,0.5740740740740741,108.0,0.4782608695652174,0.6875,0.36666666666666664,30.0,0.5454545454545454,0.6428571428571429,0.47368421052631576,19.0,0.6612903225806451,0.5774647887323944,0.7735849056603774,53.0,0.15384615384615385,0.14285714285714285,0.16666666666666666,6.0,,,,
p_407,0.3787878787878788,0.4723235156615241,0.37036199095022626,0.5448933782267116,0.5793136287292435,0.5740740740740741,108.0,0.36363636363636365,0.8,0.23529411764705882,17.0,0.7272727272727273,0.6376811594202898,0.8461538461538461,52.0,0.42424242424242425,0.45161290322580644,0.4,35.0,0.0,0.0,0.0,4.0,,,,
p_408,0.44100035926709513,0.4349234099234099,0.45076628352490417,0.6003518254858854,0.5848531098531099,0.6203703703703703,108.0,0.6382978723404256,0.6818181818181818,0.6,25.0,0.41025641025641024,0.38095238095238093,0.4444444444444444,18.0,0.7154471544715447,0.676923076923077,0.7586206896551724,58.0,0.0,0.0,0.0,7.0,,,,
p_409,0.2478354978354978,0.26814516129032256,0.2621512641673932,0.29773929773929775,0.31190262843488653,0.32407407407407407,108.0,0.3333333333333333,0.5,0.25,28.0,0.25396825396825395,0.25,0.25806451612903225,31.0,0.40404040404040403,0.3225806451612903,0.5405405405405406,37.0,0.0,0.0,0.0,12.0,,,,
p_410,0.28194682675814753,0.2624619482496195,0.376241134751773,0.323399085191538,0.31876092226168323,0.37962962962962965,108.0,0.2641509433962264,0.3888888888888889,0.2,35.0,0.0,0.0,0.0,20.0,0.5,0.410958904109589,0.6382978723404256,47.0,0.36363636363636365,0.25,0.6666666666666666,6.0,,,,
p_411,0.27667910447761196,0.26330532212885155,0.31782608695652176,0.39986871199557766,0.3552495072102915,0.49074074074074076,108.0,0.0,0.0,0.0,14.0,0.45,0.5294117647058824,0.391304347826087,23.0,0.6567164179104478,0.5238095238095238,0.88,50.0,0.0,0.0,0.0,21.0,,,,
p_412,0.2763761467889908,0.2765567765567766,0.2889969488939741,0.40489084267753994,0.3930267263600596,0.4351851851851852,108.0,0.375,0.42857142857142855,0.3333333333333333,36.0,0.6055045871559633,0.5238095238095238,0.717391304347826,46.0,0.125,0.15384615384615385,0.10526315789473684,19.0,0.0,0.0,0.0,7.0,,,,
p_413,0.3075854700854701,0.3326406649616368,0.3310810810810811,0.3907723963279519,0.4178507151652932,0.42592592592592593,108.0,0.5192307692307693,0.39705882352941174,0.75,36.0,0.3111111111111111,0.4117647058823529,0.25,28.0,0.4,0.5217391304347826,0.32432432432432434,37.0,0.0,0.0,0.0,7.0,,,,
p_414,0.4403820530508491,0.59375,0.42489331297470834,0.47013734674356655,0.5486111111111112,0.49074074074074076,108.0,0.37209302325581395,0.5,0.2962962962962963,27.0,0.5981308411214953,0.5,0.7441860465116279,43.0,0.391304347826087,0.375,0.4090909090909091,22.0,0.4,1.0,0.25,16.0,,,,
p_415,0.3269610187202239,0.3271490414347557,0.3564593301435407,0.3847464842594397,0.39758125472411193,0.4074074074074074,108.0,0.3389830508474576,0.47619047619047616,0.2631578947368421,38.0,0.45977011494252873,0.40816326530612246,0.5263157894736842,38.0,0.509090909090909,0.42424242424242425,0.6363636363636364,22.0,0.0,0.0,0.0,10.0,,,,
p_416,0.3477976190476191,0.3386904761904762,0.37113095238095234,0.3863425925925926,0.3664021164021164,0.42592592592592593,108.0,0.47619047619047616,0.47619047619047616,0.47619047619047616,21.0,0.54,0.45,0.675,40.0,0.375,0.42857142857142855,0.3333333333333333,27.0,0.0,0.0,0.0,20.0,,,,
p_417,0.3239495798319328,0.3568181818181818,0.34332047263081744,0.4167289137877373,0.4478956228956229,0.4537037037037037,108.0,0.3333333333333333,0.5333333333333333,0.24242424242424243,33.0,0.35294117647058826,0.4090909090909091,0.3103448275862069,29.0,0.6095238095238096,0.48484848484848486,0.8205128205128205,39.0,0.0,0.0,0.0,7.0,,,,
p_418,0.39822127106609867,0.5004866969500325,0.4056015037593985,0.4738651000624181,0.5237139583884122,0.5092592592592593,108.0,0.18181818181818182,0.6666666666666666,0.10526315789473684,19.0,0.4166666666666667,0.43478260869565216,0.4,25.0,0.6495726495726496,0.5671641791044776,0.76,50.0,0.3448275862068966,0.3333333333333333,0.35714285714285715,14.0,,,,
p_419,0.27008346374543557,0.2464349376114082,0.3104890604890605,0.3992638961340057,0.36155674390968506,0.46296296296296297,108.0,0.4507042253521127,0.47058823529411764,0.43243243243243246,37.0,0.0,0.0,0.0,17.0,0.6296296296296297,0.5151515151515151,0.8095238095238095,42.0,0.0,0.0,0.0,12.0,,,,
p_420,0.22655805934882584,0.2615546218487395,0.24820515342250196,0.29005107974888644,0.3065670712729536,0.3333333333333333,108.0,0.45871559633027525,0.36764705882352944,0.6097560975609756,41.0,0.1935483870967742,0.42857142857142855,0.125,24.0,0.25396825396825395,0.25,0.25806451612903225,31.0,0.0,0.0,0.0,12.0,,,,
p_421,0.33238866396761135,0.35893512851897186,0.37344884640132364,0.46394511920827713,0.4646893935959624,0.5277777777777778,108.0,0.7,0.6140350877192983,0.813953488372093,43.0,0.07692307692307693,0.3333333333333333,0.043478260869565216,23.0,0.5526315789473685,0.4883720930232558,0.6363636363636364,33.0,0.0,0.0,0.0,9.0,,,,
p_422,0.2903288110043339,0.30166666666666664,0.32758838383838385,0.4194695684944413,0.4083333333333333,0.49074074074074076,108.0,0.45901639344262296,0.5,0.42424242424242425,33.0,0.06896551724137931,0.2,0.041666666666666664,24.0,0.6333333333333333,0.5066666666666667,0.8444444444444444,45.0,0.0,0.0,0.0,6.0,,,,
p_423,0.24104169872288042,0.2293363499245852,0.2542902711323764,0.3847434505593453,0.3648574102005475,0.4074074074074074,108.0,0.29850746268656714,0.29411764705882354,0.30303030303030304,33.0,0.35,0.3333333333333333,0.3684210526315789,19.0,0.5567010309278351,0.5192307692307693,0.6,45.0,0.0,0.0,0.0,10.0,0.0,0.0,0.0,1.0
p_424,0.323536866359447,0.32809684684684687,0.34093749999999995,0.45588837685611877,0.4339756423089756,0.5092592592592593,108.0,0.39285714285714285,0.4583333333333333,0.34375,32.0,0.0,0.0,0.0,11.0,0.6612903225806451,0.5540540540540541,0.82,50.0,0.24,0.3,0.2,15.0,,,,
p_425,0.26265356265356266,0.23537660256410256,0.29906832298136643,0.40343980343980346,0.35922661443494774,0.46296296296296297,108.0,0.6181818181818182,0.53125,0.7391304347826086,46.0,0.0,0.0,0.0,13.0,0.43243243243243246,0.41025641025641024,0.45714285714285713,35.0,0.0,0.0,0.0,14.0,,,,
p_426,0.2644607843137255,0.24304401993355484,0.29009988249118684,0.41306281771968045,0.3791912759936016,0.4537037037037037,108.0,0.6078431372549019,0.5535714285714286,0.6739130434782609,46.0,0.0,0.0,0.0,10.0,0.45,0.4186046511627907,0.4864864864864865,37.0,0.0,0.0,0.0,15.0,,,,
p_427,0.35307869946954457,0.42835692835692835,0.3571782879818594,0.479144437331057,0.477463574685797,0.5185185185185185,108.0,0.6607142857142857,0.5873015873015873,0.7551020408163265,49.0,0.09090909090909091,0.16666666666666666,0.0625,16.0,0.4788732394366197,0.4594594594594595,0.5,34.0,0.18181818181818182,0.5,0.1111111111111111,9.0,,,,
p_428,0.46846511331805446,0.48657682512733447,0.46321993224167135,0.4557250846466533,0.47023360372256806,0.4537037037037037,108.0,0.6190476190476191,0.6842105263157895,0.5652173913043478,23.0,0.45,0.5,0.4090909090909091,22.0,0.36363636363636365,0.3870967741935484,0.34285714285714286,35.0,0.4411764705882353,0.375,0.5357142857142857,28.0,,,,
p_429,0.3422248803827751,0.40460164835164836,0.36931818181818177,0.3341839447102605,0.3916056166056166,0.37962962962962965,108.0,0.10526315789473684,0.4,0.06060606060606061,33.0,0.5,0.4107142857142857,0.6388888888888888,36.0,0.36363636363636365,0.3076923076923077,0.4444444444444444,27.0,0.4,0.5,0.3333333333333333,12.0,,,,
p_430,0.3095702778199644,0.34038367546432063,0.309322149481724,0.36861422977602776,0.37304903877484524,0.3888888888888889,108.0,0.09523809523809523,0.16666666666666666,0.06666666666666667,15.0,0.5046728971962616,0.45,0.574468085106383,47.0,0.3225806451612903,0.45454545454545453,0.25,20.0,0.3157894736842105,0.2903225806451613,0.34615384615384615,26.0,,,,
p_431,0.3714291751183232,0.3555311176278918,0.3963236635650429,0.4633182455613152,0.4385838673473082,0.5,108.0,0.625,0.5555555555555556,0.7142857142857143,42.0,0.5862068965517241,0.5483870967741935,0.6296296296296297,27.0,0.27450980392156865,0.3181818181818182,0.2413793103448276,29.0,0.0,0.0,0.0,10.0,,,,
p_432,0.40811498617943426,0.4150197628458498,0.40690261690261686,0.4191059457280788,0.4188991362904407,0.42592592592592593,108.0,0.47058823529411764,0.5,0.4444444444444444,18.0,0.5301204819277109,0.4782608695652174,0.5945945945945946,37.0,0.46153846153846156,0.5,0.42857142857142855,28.0,0.1702127659574468,0.18181818181818182,0.16,25.0,,,,
p_433,0.40392436097500645,0.402984496124031,0.4172619047619047,0.40317573485398706,0.4107052110249785,0.4074074074074074,108.0,0.38596491228070173,0.4583333333333333,0.3333333333333333,33.0,0.46153846153846156,0.4186046511627907,0.5142857142857142,35.0,0.42857142857142855,0.375,0.5,12.0,0.33962264150943394,0.36,0.32142857142857145,28.0,,,,
p_434,0.2969019497562805,0.30624374374374375,0.31566806648133905,0.4436540918496299,0.41338792496199905,0.5,108.0,0.6614173228346457,0.5675675675675675,0.7924528301886793,53.0,0.0,0.0,0.0,15.0,0.39285714285714285,0.4074074074074074,0.3793103448275862,29.0,0.13333333333333333,0.25,0.09090909090909091,11.0,,,,
p_435,0.20831790694804392,0.18500797448165868,0.24126984126984127,0.3167551112756592,0.27910685805422647,0.37037037037037035,108.0,0.5045045045045045,0.42424242424242425,0.6222222222222222,45.0,0.3287671232876712,0.3157894736842105,0.34285714285714286,35.0,0.0,0.0,0.0,19.0,0.0,0.0,0.0,9.0,,,,
p_436,0.2786937093564353,0.2604656286721504,0.324025974025974,0.3041297684133689,0.2922582908995952,0.3425925925925926,108.0,0.0,0.0,0.0,19.0,0.3793103448275862,0.2972972972972973,0.5238095238095238,21.0,0.3050847457627119,0.375,0.2571428571428571,35.0,0.43037974683544306,0.3695652173913043,0.5151515151515151,33.0,,,,
p_437,0.3726978538148227,0.35570175438596496,0.40210904163302963,0.34491518639051816,0.3451104613385315,0.35185185185185186,108.0,0.37209302325581395,0.4,0.34782608695652173,46.0,0.2564102564102564,0.2631578947368421,0.25,20.0,0.23728813559322035,0.23333333333333334,0.2413793103448276,29.0,0.625,0.5263157894736842,0.7692307692307693,13.0,,,,
p_438,0.3485458681751107,0.33521942110177405,0.37556818181818186,0.42052260388770474,0.3981789258913442,0.46296296296296297,108.0,0.375,0.35294117647058826,0.4,15.0,0.5981308411214953,0.5079365079365079,0.7272727272727273,44.0,0.0,0.0,0.0,17.0,0.42105263157894735,0.48,0.375,32.0,,,,
p_439,0.34642843192820594,0.3726851851851852,0.3559503901895206,0.36133406812382995,0.3778292181069958,0.37962962962962965,108.0,0.2857142857142857,0.4166666666666667,0.21739130434782608,23.0,0.3829787234042553,0.3333333333333333,0.45,20.0,0.4731182795698925,0.4074074074074074,0.5641025641025641,39.0,0.24390243902439024,0.3333333333333333,0.19230769230769232,26.0,,,,
p_440,0.29149293760057216,0.28608119304059654,0.31157407407407406,0.46978167153386174,0.4404745466261622,0.5277777777777778,108.0,0.425531914893617,0.5,0.37037037037037035,27.0,0.6890756302521008,0.5774647887323944,0.8541666666666666,48.0,0.34285714285714286,0.35294117647058826,0.3333333333333333,18.0,0.0,0.0,0.0,14.0,0.0,0.0,0.0,1.0
p_441,0.31627192512413815,0.3237229102167183,0.34048693308332356,0.4556995068873039,0.43284170393303517,0.5185185185185185,108.0,0.34285714285714286,0.5,0.2608695652173913,23.0,0.1935483870967742,0.17647058823529413,0.21428571428571427,14.0,0.7286821705426356,0.618421052631579,0.8867924528301887,53.0,0.0,0.0,0.0,18.0,,,,
p_442,0.3441715289541376,0.3653409090909091,0.37057664649128064,0.372543005393247,0.4277988215488216,0.37037037037037035,108.0,0.4126984126984127,0.5909090909090909,0.3170731707317073,41.0,0.34782608695652173,0.375,0.32432432432432434,37.0,0.2222222222222222,0.2,0.25,8.0,0.3939393939393939,0.29545454545454547,0.5909090909090909,22.0,,,,
p_443,0.29917357212866436,0.28542884990253414,0.3313370188370188,0.35680406638483797,0.337356508555339,0.39814814814814814,108.0,0.5287356321839081,0.42592592592592593,0.696969696969697,33.0,0.27906976744186046,0.3157894736842105,0.25,24.0,0.3888888888888889,0.4,0.3783783783783784,37.0,0.0,0.0,0.0,14.0,,,,
p_444,0.24708093763821315,0.25529827315541603,0.2698952210580117,0.3290735007453274,0.30993080993080996,0.37037037037037035,108.0,0.4421052631578947,0.40384615384615385,0.4883720930232558,43.0,0.0,0.0,0.0,17.0,0.11764705882352941,0.25,0.07692307692307693,13.0,0.42857142857142855,0.3673469387755102,0.5142857142857142,35.0,,,,
p_445,0.3453970562312709,0.35541979949874686,0.35569985569985574,0.4160040085917047,0.4219750765803397,0.4351851851851852,108.0,0.4731182795698925,0.38596491228070173,0.6111111111111112,36.0,0.4918032786885246,0.5357142857142857,0.45454545454545453,33.0,0.0,0.0,0.0,11.0,0.4166666666666667,0.5,0.35714285714285715,28.0,,,,
p_446,0.22739215187727774,0.2779346622369878,0.25229924502402196,0.30887426115835304,0.3212019605430458,0.37962962962962965,108.0,0.5263157894736842,0.4069767441860465,0.7446808510638298,47.0,0.2962962962962963,0.5714285714285714,0.2,20.0,0.08695652173913043,0.13333333333333333,0.06451612903225806,31.0,0.0,0.0,0.0,10.0,,,,
p_447,0.4436445708617565,0.5045751633986928,0.4479166666666667,0.5295721749867066,0.5396030016945049,0.5740740740740741,108.0,0.4864864864864865,0.5294117647058824,0.45,20.0,0.711864406779661,0.6,0.875,48.0,0.46511627906976744,0.5555555555555556,0.4,25.0,0.1111111111111111,0.3333333333333333,0.06666666666666667,15.0,,,,
p_448,0.3084192288232318,0.3039434523809524,0.31529180983640187,0.3902179592608717,0.3853477733686067,0.39814814814814814,108.0,0.4788732394366197,0.5,0.4594594594594595,37.0,0.34210526315789475,0.30952380952380953,0.38235294117647056,34.0,0.4126984126984127,0.40625,0.41935483870967744,31.0,0.0,0.0,0.0,6.0,,,,
p_449,0.274212715389186,0.24246704331450095,0.31875,0.40624105983583114,0.3592104345400014,0.4722222222222222,108.0,0.47058823529411764,0.4444444444444444,0.5,40.0,0.6262626262626263,0.5254237288135594,0.775,40.0,0.0,0.0,0.0,13.0,0.0,0.0,0.0,15.0,,,,
p_450,0.3279214704189444,0.34101258581235694,0.32600732600732596,0.33752822697059465,0.34534155436901426,0.3425925925925926,108.0,0.37209302325581395,0.32,0.4444444444444444,36.0,0.2553191489361702,0.3157894736842105,0.21428571428571427,28.0,0.4489795918367347,0.4782608695652174,0.4230769230769231,26.0,0.23529411764705882,0.25,0.2222222222222222,18.0,,,,
p_451,0.33588837558892004,0.4432575046904315,0.3276811594202899,0.39370167019390656,0.4244619032728789,0.4444444444444444,108.0,0.5757575757575758,0.4634146341463415,0.76,50.0,0.42105263157894735,0.8,0.2857142857142857,14.0,0.06896551724137931,0.125,0.047619047619047616,21.0,0.2777777777777778,0.38461538461538464,0.21739130434782608,23.0,,,,
p_452,0.27502579979360164,0.3655140758873929,0.2942105263157895,0.41249092229484385,0.43906115417743324,0.48148148148148145,108.0,0.6176470588235294,0.4883720930232558,0.84,50.0,0.0,0.0,0.0,10.0,0.3157894736842105,0.47368421052631576,0.23684210526315788,38.0,0.16666666666666666,0.5,0.1,10.0,,,,
p_453,0.46037486446943865,0.516469298245614,0.4505598763118441,0.46203704913258015,0.5193339831059128,0.4537037037037037,108.0,0.375,0.375,0.375,24.0,0.43037974683544306,0.34,0.5862068965517241,29.0,0.5263157894736842,0.6666666666666666,0.43478260869565216,23.0,0.5098039215686274,0.6842105263157895,0.40625,32.0,,,,
p_454,0.2945054945054945,0.33825136612021856,0.29627310673822305,0.47709697709697707,0.48818558996154626,0.5092592592592593,108.0,0.6153846153846154,0.5245901639344263,0.7441860465116279,43.0,0.36363636363636365,0.6666666666666666,0.25,16.0,0.4935064935064935,0.5,0.48717948717948717,39.0,0.0,0.0,0.0,10.0,0.0,0.0,0.0,0.0
p_455,0.42488501082251073,0.5204239045890588,0.455249822641127,0.5030638728555394,0.5620776078126352,0.5555555555555556,108.0,0.65625,0.5526315789473685,0.8076923076923077,26.0,0.6666666666666666,0.5862068965517241,0.7727272727272727,44.0,0.09090909090909091,0.14285714285714285,0.06666666666666667,15.0,0.2857142857142857,0.8,0.17391304347826086,23.0,,,,
p_456,0.3540361310724864,0.5428475033738192,0.35215389185977425,0.47456809352805673,0.622094766831609,0.5092592592592593,108.0,0.49056603773584906,0.6842105263157895,0.38235294117647056,34.0,0.0,0.0,0.0,7.0,0.6178861788617886,0.48717948717948717,0.8444444444444444,45.0,0.3076923076923077,1.0,0.18181818181818182,22.0,,,,
p_457,0.44266563814436155,0.47769268774703555,0.45388278388278386,0.5451800738443765,0.5733842043624652,0.5555555555555556,108.0,0.723404255319149,0.7727272727272727,0.68,50.0,0.5277777777777778,0.41304347826086957,0.7307692307692307,26.0,0.09090909090909091,0.125,0.07142857142857142,14.0,0.42857142857142855,0.6,0.3333333333333333,18.0,,,,
p_458,0.36861471861471856,0.5043658088235294,0.36015203182722366,0.4833894500561167,0.5471983932461874,0.5092592592592593,108.0,0.6363636363636364,0.546875,0.7608695652173914,46.0,0.38095238095238093,1.0,0.23529411764705882,17.0,0.45714285714285713,0.47058823529411764,0.4444444444444444,36.0,0.0,0.0,0.0,9.0,,,,
p_459,0.3022151898734177,0.39583333333333337,0.30913978494623656,0.46249413970932957,0.4459876543209877,0.5555555555555556,108.0,0.7088607594936709,0.5833333333333334,0.9032258064516129,62.0,0.5,1.0,0.3333333333333333,12.0,0.0,0.0,0.0,21.0,0.0,0.0,0.0,13.0,,,,
p_460,0.3439648753996408,0.3424754341095706,0.3569638381668457,0.41464311725556413,0.39334465034424654,0.4537037037037037,108.0,0.559322033898305,0.4782608695652174,0.673469387755102,49.0,0.37209302325581395,0.42105263157894735,0.3333333333333333,24.0,0.4444444444444444,0.47058823529411764,0.42105263157894735,19.0,0.0,0.0,0.0,16.0,,,,
p_461,0.371195211038961,0.592246835443038,0.3601195023463931,0.44381250501042163,0.5660220346929208,0.49074074074074076,108.0,0.640625,0.5189873417721519,0.8367346938775511,49.0,0.3333333333333333,1.0,0.2,20.0,0.23809523809523808,0.25,0.22727272727272727,22.0,0.2727272727272727,0.6,0.17647058823529413,17.0,,,,
p_462,0.2765069875321326,0.27321052631578946,0.2826433673115595,0.4994186747894033,0.48471491228070174,0.5185185185185185,108.0,0.6611570247933884,0.625,0.7017543859649122,57.0,0.0,0.0,0.0,5.0,0.38095238095238093,0.42105263157894735,0.34782608695652173,23.0,0.3404255319148936,0.32,0.36363636363636365,22.0,0.0,0.0,0.0,1.0
p_463,0.26356011183597394,0.2512820512820513,0.3063973063973064,0.4150081115598357,0.364292497625831,0.5185185185185185,108.0,0.6758620689655173,0.5384615384615384,0.9074074074074074,54.0,0.0,0.0,0.0,12.0,0.3783783783783784,0.4666666666666667,0.3181818181818182,22.0,0.0,0.0,0.0,20.0,,,,
p_464,0.3464364129764401,0.44326285240464347,0.3446535244922342,0.5094897413757657,0.557770560776365,0.5370370370370371,108.0,0.6776859504132231,0.6119402985074627,0.7592592592592593,54.0,0.32,0.8,0.2,20.0,0.3880597014925373,0.3611111111111111,0.41935483870967744,31.0,0.0,0.0,0.0,3.0,,,,
p_465,0.30424381110879967,0.31684362934362936,0.342245153220763,0.3377042738598803,0.30983662233662235,0.4166666666666667,108.0,0.5739130434782609,0.44594594594594594,0.8048780487804879,41.0,0.3157894736842105,0.5,0.23076923076923078,13.0,0.32727272727272727,0.32142857142857145,0.3333333333333333,27.0,0.0,0.0,0.0,27.0,,,,
p_466,0.34816193706737264,0.33905228758169936,0.40521771771771775,0.3806808049051782,0.352124183006536,0.4537037037037037,108.0,0.5647058823529412,0.5,0.6486486486486487,37.0,0.5316455696202531,0.4117647058823529,0.75,28.0,0.0,0.0,0.0,25.0,0.2962962962962963,0.4444444444444444,0.2222222222222222,18.0,,,,
p_467,0.3014627915943705,0.4258771929824561,0.3130781499202552,0.4227462352462353,0.42685185185185187,0.5185185185185185,108.0,0.6710526315789473,0.5368421052631579,0.8947368421052632,57.0,0.0,0.0,0.0,25.0,0.15384615384615385,0.5,0.09090909090909091,11.0,0.38095238095238093,0.6666666666666666,0.26666666666666666,15.0,,,,
p_468,0.3357142857142857,0.35559605488850765,0.3829012668146794,0.39999999999999997,0.4221856934121085,0.4537037037037037,108.0,0.5714285714285714,0.49056603773584906,0.6842105263157895,38.0,0.2857142857142857,0.5454545454545454,0.1935483870967742,31.0,0.4857142857142857,0.38636363636363635,0.6538461538461539,26.0,0.0,0.0,0.0,13.0,,,,
p_469,0.466084707189923,0.5004694835680752,0.4726518764254613,0.5235646910770624,0.5616211673332174,0.5370370370370371,108.0,0.6129032258064516,0.5352112676056338,0.7169811320754716,53.0,0.2608695652173913,0.3,0.23076923076923078,13.0,0.49056603773584906,0.7222222222222222,0.37142857142857144,35.0,0.5,0.4444444444444444,0.5714285714285714,7.0,,,,
p_470,0.3664346302784437,0.44731634589319597,0.37577707798296034,0.386038546383374,0.4272358764294249,0.42592592592592593,108.0,0.38235294117647056,0.38235294117647056,0.38235294117647056,34.0,0.13793103448275862,0.4,0.08333333333333333,24.0,0.5454545454545454,0.43548387096774194,0.7297297297297297,37.0,0.4,0.5714285714285714,0.3076923076923077,13.0,,,,
p_471,0.29991491775382867,0.31323529411764706,0.3223039215686274,0.4028959475641268,0.4339869281045751,0.4166666666666667,108.0,0.4418604651162791,0.5428571428571428,0.37254901960784315,51.0,0.2926829268292683,0.35294117647058826,0.25,24.0,0.46511627906976744,0.35714285714285715,0.6666666666666666,30.0,0.0,0.0,0.0,3.0,,,,
p_472,0.3135364775398417,0.4217105263157895,0.32018513401492127,0.42701177380179345,0.4896442495126706,0.4722222222222222,108.0,0.6016260162601627,0.4868421052631579,0.7872340425531915,47.0,0.0,0.0,0.0,7.0,0.3448275862068966,0.4,0.30303030303030304,33.0,0.3076923076923077,0.8,0.19047619047619047,21.0,,,,
p_473,0.2391692546583851,0.25297619047619047,0.25728686635944703,0.3924919484702094,0.37654320987654316,0.4537037037037037,108.0,0.6142857142857143,0.5119047619047619,0.7678571428571429,56.0,0.0,0.0,0.0,11.0,0.21739130434782608,0.3333333333333333,0.16129032258064516,31.0,0.125,0.16666666666666666,0.1,10.0,,,,
p_474,0.3048657987785278,0.3048184692020308,0.325678728841809,0.4257332107099063,0.4003789209268661,0.48148148148148145,108.0,0.6557377049180327,0.547945205479452,0.8163265306122449,49.0,0.0,0.0,0.0,11.0,0.3137254901960784,0.36363636363636365,0.27586206896551724,29.0,0.25,0.3076923076923077,0.21052631578947367,19.0,,,,
p_475,0.2949346405228759,0.3208874458874459,0.3064819306330342,0.47355361897845555,0.44560686227352897,0.5462962962962963,108.0,0.6797385620915033,0.5714285714285714,0.8387096774193549,62.0,0.4,0.5454545454545454,0.3157894736842105,19.0,0.1,0.16666666666666666,0.07142857142857142,14.0,0.0,0.0,0.0,13.0,,,,
p_476,0.3113338122605364,0.3410791226008617,0.34093915343915343,0.37253006598552574,0.3779910345127736,0.4351851851851852,108.0,0.5517241379310345,0.43243243243243246,0.7619047619047619,42.0,0.1111111111111111,0.16666666666666666,0.08333333333333333,12.0,0.0625,0.2,0.037037037037037035,27.0,0.52,0.5652173913043478,0.48148148148148145,27.0,,,,
p_477,0.36988622360962786,0.4447217441193344,0.36718605937672877,0.524985345020806,0.524023076432715,0.5833333333333334,108.0,0.7375886524822695,0.6265060240963856,0.896551724137931,58.0,0.14285714285714285,0.3333333333333333,0.09090909090909091,11.0,0.16666666666666666,0.2857142857142857,0.11764705882352941,17.0,0.43243243243243246,0.5333333333333333,0.36363636363636365,22.0,,,,
p_478,0.29326366896591616,0.42370689655172417,0.3168935360882704,0.32473387646608626,0.4387931034482759,0.3611111111111111,108.0,0.3783783783783784,0.35,0.4117647058823529,34.0,0.449438202247191,0.3448275862068966,0.6451612903225806,31.0,0.25,0.8,0.14814814814814814,27.0,0.09523809523809523,0.2,0.0625,16.0,,,,
p_479,0.33567638960399365,0.36604938271604937,0.3583423913043478,0.4291606867327133,0.42293095564700506,0.5,108.0,0.6564885496183206,0.5308641975308642,0.86,50.0,0.0,0.0,0.0,19.0,0.36363636363636365,0.6,0.2608695652173913,23.0,0.3225806451612903,0.3333333333333333,0.3125,16.0,,,,
p_480,0.3485500400484689,0.34785133565621373,0.38019990036119067,0.4067671263302899,0.41629027401385127,0.4351851851851852,108.0,0.5217391304347826,0.43902439024390244,0.6428571428571429,28.0,0.3793103448275862,0.5238095238095238,0.2972972972972973,37.0,0.4931506849315068,0.42857142857142855,0.5806451612903226,31.0,0.0,0.0,0.0,12.0,,,,
p_481,0.39064364207221347,0.4912113081604607,0.4193176992090036,0.44683528112099535,0.5109288465220669,0.5,108.0,0.5846153846153846,0.5135135135135135,0.6785714285714286,28.0,0.6122448979591837,0.5084745762711864,0.7692307692307693,39.0,0.2857142857142857,0.8,0.17391304347826086,23.0,0.08,0.14285714285714285,0.05555555555555555,18.0,,,,
p_482,0.34625,0.347715173025732,0.34569327731092436,0.4382870370370371,0.4424233461500542,0.4351851851851852,108.0,0.66,0.673469387755102,0.6470588235294118,51.0,0.20833333333333334,0.21739130434782608,0.2,25.0,0.26666666666666666,0.25,0.2857142857142857,28.0,0.25,0.25,0.25,4.0,,,,
p_483,0.3411959385643596,0.3316015580249742,0.3583333333333333,0.4151767119603377,0.404369428427167,0.4351851851851852,108.0,0.5396825396825397,0.5862068965517241,0.5,34.0,0.24615384615384617,0.22857142857142856,0.26666666666666666,30.0,0.0,0.0,0.0,11.0,0.5789473684210527,0.5116279069767442,0.6666666666666666,33.0,,,,
p_484,0.3084455324357405,0.31522331154684097,0.33511800699300703,0.39095153905435426,0.36690571290244495,0.46296296296296297,108.0,0.6046511627906976,0.48148148148148145,0.8125,48.0,0.0,0.0,0.0,23.0,0.4186046511627907,0.5294117647058824,0.34615384615384615,26.0,0.21052631578947367,0.25,0.18181818181818182,11.0,,,,
p_485,0.1961388708630759,0.18662464985994398,0.23310344827586207,0.32094959982695215,0.2884116609606806,0.39814814814814814,108.0,0.5671641791044776,0.4523809523809524,0.76,50.0,0.0,0.0,0.0,13.0,0.0,0.0,0.0,16.0,0.21739130434782608,0.29411764705882354,0.1724137931034483,29.0,,,,
p_486,0.3580670426065163,0.4387740882306099,0.35648329099081494,0.4084714100064978,0.43430519426896236,0.4351851851851852,108.0,0.5263157894736842,0.4807692307692308,0.5813953488372093,43.0,0.425,0.3695652173913043,0.5,34.0,0.38095238095238093,0.5714285714285714,0.2857142857142857,14.0,0.1,0.3333333333333333,0.058823529411764705,17.0,,,,
p_487,0.26063829787234044,0.28214285714285714,0.27990430622009566,0.47616233254531126,0.47711640211640216,0.5370370370370371,108.0,0.7092198581560284,0.5952380952380952,0.8771929824561403,57.0,0.0,0.0,0.0,7.0,0.0,0.0,0.0,11.0,0.3333333333333333,0.5333333333333333,0.24242424242424243,33.0,,,,
p_488,0.3262557077625571,0.34090909090909094,0.34051724137931033,0.40659563673262306,0.4188236531986532,0.42592592592592593,108.0,0.4,0.5625,0.3103448275862069,29.0,0.4383561643835616,0.36363636363636365,0.5517241379310345,29.0,0.0,0.0,0.0,8.0,0.4666666666666667,0.4375,0.5,42.0,,,,
p_489,0.31622960372960374,0.3403726708074534,0.3529411764705882,0.2932120348787015,0.33873648493213715,0.32407407407407407,108.0,0.13636363636363635,0.375,0.08333333333333333,36.0,0.38461538461538464,0.35714285714285715,0.4166666666666667,12.0,0.3939393939393939,0.325,0.5,26.0,0.35,0.30434782608695654,0.4117647058823529,34.0,,,,
p_490,0.40422077922077926,0.6241477272727273,0.4104429626101453,0.4989578322911656,0.6039983164983165,0.5648148148148148,108.0,0.7121212121212122,0.5875,0.9038461538461539,52.0,0.42857142857142855,0.4090909090909091,0.45,20.0,0.38095238095238093,1.0,0.23529411764705882,17.0,0.09523809523809523,0.5,0.05263157894736842,19.0,,,,
p_491,0.25427101316054973,0.22550940438871472,0.30057189542483664,0.2599796060886122,0.23788169046789737,0.2962962962962963,108.0,0.1643835616438356,0.18181818181818182,0.15,40.0,0.0,0.0,0.0,16.0,0.38461538461538464,0.3409090909090909,0.4411764705882353,34.0,0.46808510638297873,0.3793103448275862,0.6111111111111112,18.0,,,,
p_492,0.1972018654230513,0.16695303550973656,0.24631147540983606,0.3958225380610457,0.3247210555343431,0.5092592592592593,108.0,0.6835443037974683,0.5567010309278351,0.8852459016393442,61.0,0.0,0.0,0.0,20.0,0.0,0.0,0.0,17.0,0.10526315789473684,0.1111111111111111,0.1,10.0,,,,
p_493,0.3611829899423884,0.5135869565217391,0.35920358413964554,0.4638259610064121,0.5110104669887279,0.5462962962962963,108.0,0.6938775510204082,0.5543478260869565,0.9272727272727272,55.0,0.07142857142857142,0.2,0.043478260869565216,23.0,0.36363636363636365,0.8,0.23529411764705882,17.0,0.3157894736842105,0.5,0.23076923076923078,13.0,,,,
p_494,0.29958364207332133,0.3032075137338295,0.32026515151515156,0.3559193786779264,0.3633229632254973,0.37962962962962965,108.0,0.3283582089552239,0.4074074074074074,0.275,40.0,0.425531914893617,0.45454545454545453,0.4,25.0,0.0,0.0,0.0,10.0,0.4444444444444444,0.3508771929824561,0.6060606060606061,33.0,,,,
p_495,0.21048951048951048,0.2134646962233169,0.2651162790697674,0.3023957523957524,0.2883749923979809,0.39814814814814814,108.0,0.5692307692307692,0.42528735632183906,0.8604651162790697,43.0,0.0,0.0,0.0,22.0,0.0,0.0,0.0,13.0,0.2727272727272727,0.42857142857142855,0.2,30.0,,,,
p_496,0.3408608754656661,0.390791246985388,0.3332491582491583,0.34642808291739646,0.3768087672010214,0.35185185185185186,108.0,0.3793103448275862,0.39285714285714285,0.36666666666666664,30.0,0.37209302325581395,0.3018867924528302,0.48484848484848486,33.0,0.3076923076923077,0.5,0.2222222222222222,18.0,0.30434782608695654,0.3684210526315789,0.25925925925925924,27.0,,,,
p_497,0.34040100250626565,0.41321373124029676,0.3282899556583767,0.4072704910424209,0.4487145330598842,0.4166666666666667,108.0,0.3142857142857143,0.3548387096774194,0.28205128205128205,39.0,0.5,0.5294117647058824,0.47368421052631576,19.0,0.42105263157894735,0.8,0.2857142857142857,14.0,0.4666666666666667,0.38181818181818183,0.6,35.0,0.0,0.0,0.0,1.0
p_498,0.25521054433413215,0.2667018284106891,0.2779017857142857,0.3574757503138195,0.3465645673803199,0.4166666666666667,108.0,0.5669291338582677,0.45569620253164556,0.75,48.0,0.28,0.3888888888888889,0.21875,32.0,0.17391304347826086,0.2222222222222222,0.14285714285714285,14.0,0.0,0.0,0.0,14.0,,,,
p_499,0.3352618092691622,0.3496722575669944,0.3367465415019763,0.375519739882485,0.3746202222079415,0.3888888888888889,108.0,0.5208333333333334,0.4807692307692308,0.5681818181818182,44.0,0.24,0.3333333333333333,0.1875,16.0,0.35294117647058826,0.32142857142857145,0.391304347826087,23.0,0.22727272727272727,0.2631578947368421,0.2,25.0,,,,
p_500,0.3823946886446886,0.4338235294117647,0.3799744897959184,0.4369318952652286,0.451661220043573,0.46296296296296297,108.0,0.5641025641025641,0.4852941176470588,0.673469387755102,49.0,0.19047619047619047,0.4,0.125,16.0,0.375,0.45,0.32142857142857145,28.0,0.4,0.4,0.4,15.0,,,,
p_501,0.41074228123500234,0.44151785714285713,0.41396565738671,0.43946667298664305,0.4799603174603175,0.4444444444444444,108.0,0.5106382978723404,0.42857142857142855,0.631578947368421,38.0,0.45614035087719296,0.65,0.35135135135135137,37.0,0.3333333333333333,0.3125,0.35714285714285715,14.0,0.34285714285714286,0.375,0.3157894736842105,19.0,,,,
p_502,0.34257901596611273,0.40856481481481477,0.3871229260935143,0.4672079215089968,0.5310356652949245,0.5277777777777778,108.0,0.6935483870967742,0.5972222222222222,0.8269230769230769,52.0,0.45454545454545453,0.37037037037037035,0.5882352941176471,17.0,0.2222222222222222,0.6666666666666666,0.13333333333333333,30.0,0.0,0.0,0.0,9.0,,,,
p_503,0.3772964015151515,0.4658834586466165,0.3710030165912519,0.4793946408529742,0.4972570314675577,0.5277777777777778,108.0,0.3333333333333333,0.5714285714285714,0.23529411764705882,17.0,0.703125,0.5921052631578947,0.8653846153846154,52.0,0.2727272727272727,0.3,0.25,24.0,0.2,0.4,0.13333333333333333,15.0,,,,
p_504,0.3047914883744604,0.3303985507246377,0.35195560253699787,0.33955286254589895,0.3533507783145464,0.4166666666666667,108.0,0.5423728813559322,0.4266666666666667,0.7441860465116279,43.0,0.05405405405405406,0.25,0.030303030303030304,33.0,0.1111111111111111,0.16666666666666666,0.08333333333333333,12.0,0.5116279069767442,0.4782608695652174,0.55,20.0,,,,
p_505,0.24620501449769744,0.31549707602339183,0.29427083333333337,0.38711063101307003,0.4456573532596924,0.49074074074074076,108.0,0.34146341463414637,0.7777777777777778,0.21875,32.0,0.0,0.0,0.0,9.0,0.0,0.0,0.0,19.0,0.6433566433566433,0.4842105263157895,0.9583333333333334,48.0,,,,
p_506,0.40149827536648464,0.4524577167019027,0.3955222106991617,0.4021488387999957,0.4529637459870018,0.3888888888888889,108.0,0.36619718309859156,0.3939393939393939,0.34210526315789475,38.0,0.4375,0.5833333333333334,0.35,20.0,0.3125,0.23255813953488372,0.47619047619047616,21.0,0.4897959183673469,0.6,0.41379310344827586,29.0,,,,
p_507,0.3336740818546723,0.3316798941798942,0.34157754010695185,0.416156412254998,0.41381295316480504,0.42592592592592593,108.0,0.47368421052631576,0.42857142857142855,0.5294117647058824,34.0,0.0,0.0,0.0,7.0,0.4262295081967213,0.48148148148148145,0.38235294117647056,34.0,0.43478260869565216,0.4166666666666667,0.45454545454545453,33.0,,,,
p_508,0.2713643796726563,0.3364828614008942,0.30226428139313805,0.3381425515729467,0.42363939945907164,0.37962962962962965,108.0,0.12121212121212122,0.5,0.06896551724137931,29.0,0.449438202247191,0.32786885245901637,0.7142857142857143,28.0,0.36363636363636365,0.4,0.3333333333333333,12.0,0.4225352112676056,0.45454545454545453,0.39473684210526316,38.0,0.0,0.0,0.0,1.0
p_509,0.2145034843205575,0.250402576489533,0.26642857142857146,0.28307684862562915,0.29598318124888173,0.37037037037037035,108.0,0.5365853658536586,0.4074074074074074,0.7857142857142857,42.0,0.0,0.0,0.0,16.0,0.25,0.2608695652173913,0.24,25.0,0.07142857142857142,0.3333333333333333,0.04,25.0,,,,
p_510,0.38887857726170594,0.4366883116883117,0.3910366302049821,0.4303764265536741,0.44855299021965683,0.46296296296296297,108.0,0.5871559633027523,0.48484848484848486,0.7441860465116279,43.0,0.34285714285714286,0.5,0.2608695652173913,23.0,0.4186046511627907,0.42857142857142855,0.4090909090909091,22.0,0.20689655172413793,0.3333333333333333,0.15,20.0,,,,
p_511,0.40112135763396267,0.41936556231688077,0.4070949216687203,0.453795356526449,0.4548214091937328,0.48148148148148145,108.0,0.3,0.35294117647058826,0.2608695652173913,23.0,0.673469387755102,0.5689655172413793,0.825,40.0,0.45454545454545453,0.5555555555555556,0.38461538461538464,26.0,0.17647058823529413,0.2,0.15789473684210525,19.0,,,,
p_512,0.2286114445778311,0.2196168101386896,0.270020730958231,0.2509240733330369,0.24668940521104557,0.28703703703703703,108.0,0.32941176470588235,0.2916666666666667,0.3783783783783784,37.0,0.0,0.0,0.0,17.0,0.20408163265306123,0.29411764705882354,0.15625,32.0,0.38095238095238093,0.2926829268292683,0.5454545454545454,22.0,,,,
p_513,0.39164578111946535,0.4084529897718332,0.38663009404388715,0.3994832760914632,0.41207346213247076,0.39814814814814814,108.0,0.5079365079365079,0.5161290322580645,0.5,32.0,0.3157894736842105,0.375,0.2727272727272727,22.0,0.34285714285714286,0.2926829268292683,0.41379310344827586,29.0,0.4,0.45,0.36,25.0,,,,
p_514,0.4638250653192099,0.4603784146887595,0.4766553172993335,0.4496951003210257,0.4534876681428405,0.4537037037037037,108.0,0.43137254901960786,0.5,0.3793103448275862,29.0,0.3157894736842105,0.3103448275862069,0.32142857142857145,28.0,0.4927536231884058,0.4857142857142857,0.5,34.0,0.6153846153846154,0.5454545454545454,0.7058823529411765,17.0,,,,
p_515,0.24808219653580477,0.2674003189792663,0.25192006269592476,0.29694681317438093,0.302949967511371,0.3148148148148148,108.0,0.2962962962962963,0.32,0.27586206896551724,29.0,0.0,0.0,0.0,17.0,0.24242424242424243,0.36363636363636365,0.18181818181818182,22.0,0.4536082474226804,0.38596491228070173,0.55,40.0,,,,
p_516,0.36269651401230346,0.3842592592592593,0.36714680006900124,0.39737918027391705,0.4185528120713306,0.4074074074074074,108.0,0.45454545454545453,0.37037037037037035,0.5882352941176471,34.0,0.2857142857142857,0.3888888888888889,0.22580645161290322,31.0,0.21052631578947367,0.2222222222222222,0.2,10.0,0.5,0.5555555555555556,0.45454545454545453,33.0,,,,
p_517,0.39082982483497064,0.6283783783783784,0.3814763244918936,0.4590662196579864,0.5416552916552916,0.5,108.0,0.628099173553719,0.5135135135135135,0.8085106382978723,47.0,0.16666666666666666,1.0,0.09090909090909091,11.0,0.4666666666666667,0.6363636363636364,0.3684210526315789,19.0,0.3018867924528302,0.36363636363636365,0.25806451612903225,31.0,,,,
p_518,0.2632936507936508,0.2708333333333333,0.2816666666666667,0.36998824221046445,0.3487654320987654,0.42592592592592593,108.0,0.6031746031746031,0.5,0.76,50.0,0.2,0.25,0.16666666666666666,24.0,0.25,0.3333333333333333,0.2,20.0,0.0,0.0,0.0,14.0,,,,
p_519,0.3474192728197305,0.34169934640522875,0.35396825396825393,0.4330310478289121,0.42298474945533765,0.4444444444444444,108.0,0.4444444444444444,0.4444444444444444,0.4444444444444444,18.0,0.0,0.0,0.0,10.0,0.5684210526315789,0.54,0.6,45.0,0.37681159420289856,0.38235294117647056,0.37142857142857144,35.0,,,,
p_520,0.29580316924066924,0.3920761744563258,0.3182660129952993,0.3666129671338005,0.41634348814752514,0.39814814814814814,108.0,0.4864864864864865,0.46551724137931033,0.5094339622641509,53.0,0.40625,0.3170731707317073,0.5652173913043478,23.0,0.1,0.5,0.05555555555555555,18.0,0.19047619047619047,0.2857142857142857,0.14285714285714285,14.0,,,,
p_521,0.3270712046574116,0.34015151515151515,0.3290909090909091,0.4629264732713008,0.46627384960718293,0.48148148148148145,108.0,0.43636363636363634,0.5454545454545454,0.36363636363636365,33.0,0.0,0.0,0.0,3.0,0.2857142857142857,0.3,0.2727272727272727,22.0,0.5862068965517241,0.5151515151515151,0.68,50.0,,,,
p_522,0.2845308286484757,0.3370958751393534,0.31107448325017817,0.500724100397303,0.49829163053800735,0.5925925925925926,108.0,0.07692307692307693,0.3333333333333333,0.043478260869565216,23.0,0.0,0.0,0.0,4.0,0.30303030303030304,0.38461538461538464,0.25,20.0,0.7581699346405228,0.6304347826086957,0.9508196721311475,61.0,,,,
p_523,0.3487547892720307,0.35250880281690145,0.36416666666666664,0.40070242656449556,0.38438967136150237,0.4444444444444444,108.0,0.5172413793103449,0.4225352112676056,0.6666666666666666,45.0,0.3888888888888889,0.4375,0.35,20.0,0.4888888888888889,0.55,0.44,25.0,0.0,0.0,0.0,18.0,,,,
p_524,0.37827354163987825,0.38986509562841526,0.4024332591768632,0.483685670154317,0.4841944317951832,0.5277777777777778,108.0,0.36363636363636365,0.5333333333333333,0.27586206896551724,29.0,0.0,0.0,0.0,8.0,0.47619047619047616,0.46875,0.4838709677419355,31.0,0.6732673267326733,0.5573770491803278,0.85,40.0,,,,
p_525,0.30901174297400713,0.31919642857142855,0.33541666666666664,0.46731099089589656,0.4495701058201058,0.5370370370370371,108.0,0.6923076923076923,0.5625,0.9,50.0,0.0,0.0,0.0,11.0,0.4528301886792453,0.5714285714285714,0.375,32.0,0.09090909090909091,0.14285714285714285,0.06666666666666667,15.0,,,,
p_526,0.4955840122610309,0.5276580459770115,0.5000070028011204,0.5456717724419589,0.5488106641123883,0.5740740740740741,108.0,0.6938775510204082,0.7083333333333334,0.68,25.0,0.17391304347826086,0.3333333333333333,0.11764705882352941,17.0,0.45454545454545453,0.5,0.4166666666666667,24.0,0.66,0.5689655172413793,0.7857142857142857,42.0,,,,
p_527,0.23777777777777778,0.21106331045003812,0.2761025641025641,0.34516460905349794,0.30224595304686835,0.4074074074074074,108.0,0.16666666666666666,0.17391304347826086,0.16,25.0,0.6666666666666666,0.5614035087719298,0.8205128205128205,39.0,0.35555555555555557,0.32,0.4,20.0,0.0,0.0,0.0,23.0,0.0,0.0,0.0,1.0
p_528,0.3942728197304856,0.5951704545454546,0.37587719298245614,0.4028121498055391,0.5283038720538721,0.42592592592592593,108.0,0.2777777777777778,0.45454545454545453,0.2,25.0,0.42105263157894735,1.0,0.26666666666666666,15.0,0.48695652173913045,0.36363636363636365,0.7368421052631579,38.0,0.391304347826087,0.5625,0.3,30.0,,,,
p_529,0.21513262437354846,0.19156484036263305,0.2468671679197995,0.3218478226423465,0.2859311814771019,0.37037037037037035,108.0,0.345679012345679,0.32558139534883723,0.3684210526315789,38.0,0.0,0.0,0.0,9.0,0.5148514851485149,0.4406779661016949,0.6190476190476191,42.0,0.0,0.0,0.0,19.0,,,,
p_530,0.252611855553032,0.24425541316836058,0.2828614762386249,0.41911449264390443,0.40269799184956057,0.4722222222222222,108.0,0.40540540540540543,0.4838709677419355,0.3488372093023256,43.0,0.0,0.0,0.0,2.0,0.6050420168067226,0.4931506849315068,0.782608695652174,46.0,0.0,0.0,0.0,17.0,,,,
p_531,0.37791580400276054,0.5096953837895867,0.38887308360992573,0.52261329652634,0.6109657362676686,0.5740740740740741,108.0,0.6,0.782608695652174,0.4864864864864865,37.0,0.0,0.0,0.0,7.0,0.6507936507936508,0.5061728395061729,0.9111111111111111,45.0,0.2608695652173913,0.75,0.15789473684210525,19.0,,,,
p_532,0.30294011544011545,0.3703857511997047,0.32880027010804325,0.44728702367591255,0.4580342616518327,0.5,108.0,0.6071428571428571,0.5396825396825397,0.6938775510204082,49.0,0.0,0.0,0.0,9.0,0.4935064935064935,0.4418604651162791,0.5588235294117647,34.0,0.1111111111111111,0.5,0.0625,16.0,,,,
p_533,0.40128201425458654,0.5019744483159116,0.41622549019607846,0.39181542084927307,0.48371832924678454,0.4074074074074074,108.0,0.5263157894736842,0.47619047619047616,0.5882352941176471,17.0,0.26666666666666666,0.8,0.16,25.0,0.38961038961038963,0.36585365853658536,0.4166666666666667,36.0,0.4225352112676056,0.36585365853658536,0.5,30.0,,,,
p_534,0.35682286463536467,0.3444559110193785,0.38391891891891894,0.4131429912679913,0.3908058241706906,0.4537037037037037,108.0,0.5494505494505495,0.46296296296296297,0.6756756756756757,37.0,0.0,0.0,0.0,16.0,0.46875,0.4411764705882353,0.5,30.0,0.4090909090909091,0.47368421052631576,0.36,25.0,,,,
p_535,0.30795363709032775,0.341566265060241,0.3231547619047619,0.4607351156112148,0.4417670682730924,0.5277777777777778,108.0,0.6762589928057554,0.5662650602409639,0.8392857142857143,56.0,0.0,0.0,0.0,12.0,0.35555555555555557,0.4,0.32,25.0,0.2,0.4,0.13333333333333333,15.0,,,,
p_536,0.4367030965391621,0.5748511904761905,0.41554160125588696,0.563634217095055,0.6464230599647266,0.5925925925925926,108.0,0.5245901639344263,0.7619047619047619,0.4,40.0,0.0,0.0,0.0,6.0,0.6666666666666666,0.5375,0.8775510204081632,49.0,0.5555555555555556,1.0,0.38461538461538464,13.0,,,,
p_537,0.29793233082706766,0.2783653846153846,0.33364779874213835,0.47834864940128097,0.4317485754985755,0.5555555555555556,108.0,0.6917293233082706,0.575,0.8679245283018868,53.0,0.0,0.0,0.0,8.0,0.0,0.0,0.0,17.0,0.5,0.5384615384615384,0.4666666666666667,30.0,,,,
p_538,0.359181141439206,0.47282608695652173,0.36454272863568216,0.4463399503722084,0.5032206119162641,0.5,108.0,0.6290322580645161,0.5,0.8478260869565217,46.0,0.0,0.0,0.0,13.0,0.34615384615384615,0.391304347826087,0.3103448275862069,29.0,0.46153846153846156,1.0,0.3,20.0,,,,
p_539,0.3541452731556716,0.34805603201829616,0.3726851851851852,0.44498281318715405,0.433771679054698,0.4722222222222222,108.0,0.5393258426966292,0.4528301886792453,0.6666666666666666,36.0,0.0,0.0,0.0,9.0,0.32653061224489793,0.36363636363636365,0.2962962962962963,27.0,0.5507246376811594,0.5757575757575758,0.5277777777777778,36.0,,,,
p_540,0.33126680978113354,0.3261155445655839,0.34522162619988706,0.4283520634163416,0.4321381739163013,0.4351851851851852,108.0,0.4810126582278481,0.5428571428571428,0.4318181818181818,44.0,0.0,0.0,0.0,6.0,0.37037037037037035,0.3225806451612903,0.43478260869565216,23.0,0.47368421052631576,0.43902439024390244,0.5142857142857142,35.0,,,,
p_541,0.3407425386386927,0.412709763539283,0.33225614354559835,0.3623776586039047,0.3941029607028844,0.37962962962962965,108.0,0.49504950495049505,0.4166666666666667,0.6097560975609756,41.0,0.2978723404255319,0.30434782608695654,0.2916666666666667,24.0,0.2222222222222222,0.2631578947368421,0.19230769230769232,26.0,0.34782608695652173,0.6666666666666666,0.23529411764705882,17.0,,,,
p_542,0.26981246218995764,0.25576923076923075,0.2901360544217687,0.47177970468956554,0.44565527065527066,0.5092592592592593,108.0,0.4827586206896552,0.5,0.4666666666666667,45.0,0.0,0.0,0.0,5.0,0.5964912280701754,0.5230769230769231,0.6938775510204082,49.0,0.0,0.0,0.0,9.0,,,,
p_543,0.3380352406214475,0.3513965201465201,0.35117871259175604,0.4292085947258361,0.419722561389228,0.4722222222222222,108.0,0.4230769230769231,0.4583333333333333,0.39285714285714285,28.0,0.0,0.0,0.0,12.0,0.5862068965517241,0.4857142857142857,0.7391304347826086,46.0,0.34285714285714286,0.46153846153846156,0.2727272727272727,22.0,,,,
p_544,0.3129166666666667,0.32132730015082955,0.3440156794425087,0.36381172839506176,0.3768085581811072,0.3888888888888889,108.0,0.425,0.4358974358974359,0.4146341463414634,41.0,0.4266666666666667,0.32,0.64,25.0,0.4,0.5294117647058824,0.32142857142857145,28.0,0.0,0.0,0.0,14.0,,,,
p_545,0.2456445993031359,0.23214285714285715,0.2744897959183673,0.3964167419451972,0.36574074074074076,0.4537037037037037,108.0,0.38095238095238093,0.42857142857142855,0.34285714285714286,35.0,0.0,0.0,0.0,9.0,0.6016260162601627,0.5,0.7551020408163265,49.0,0.0,0.0,0.0,15.0,,,,
p_546,0.4345411762231238,0.4603296478296478,0.4634670642450529,0.46697328997390125,0.5008891467224801,0.49074074074074076,108.0,0.6764705882352942,0.6216216216216216,0.7419354838709677,31.0,0.41509433962264153,0.6111111111111112,0.3142857142857143,35.0,0.4927536231884058,0.38636363636363635,0.68,25.0,0.15384615384615385,0.2222222222222222,0.11764705882352941,17.0,,,,
p_547,0.33992965085982285,0.38315527065527066,0.3675150519978106,0.38554947600023165,0.40396354331539513,0.4351851851851852,108.0,0.2,0.3333333333333333,0.14285714285714285,28.0,0.5,0.5185185185185185,0.4827586206896552,29.0,0.5544554455445545,0.4307692307692308,0.7777777777777778,36.0,0.10526315789473684,0.25,0.06666666666666667,15.0,,,,
p_548,0.2692666857844543,0.2551207657590636,0.2892156862745098,0.30687044812148667,0.28759315284137976,0.3333333333333333,108.0,0.345679012345679,0.2978723404255319,0.4117647058823529,34.0,0.0,0.0,0.0,16.0,0.3835616438356164,0.358974358974359,0.4117647058823529,34.0,0.34782608695652173,0.36363636363636365,0.3333333333333333,24.0,,,,
p_549,0.3289565217391304,0.38474591818015047,0.34867860187553285,0.4037133655394525,0.4076401203992472,0.4722222222222222,108.0,0.608,0.4810126582278481,0.8260869565217391,46.0,0.0,0.0,0.0,18.0,0.36,0.391304347826087,0.3333333333333333,27.0,0.34782608695652173,0.6666666666666666,0.23529411764705882,17.0,,,,
p_550,0.27346938775510204,0.2369916267942584,0.3254766949152542,0.43832199546485257,0.3711844320396952,0.5370370370370371,108.0,0.6938775510204082,0.5795454545454546,0.864406779661017,59.0,0.0,0.0,0.0,10.0,0.0,0.0,0.0,23.0,0.4,0.3684210526315789,0.4375,16.0,,,,
p_551,0.33882779979826394,0.3266919191919192,0.37187391152908394,0.3966505183101527,0.39138888888888884,0.42592592592592593,108.0,0.41975308641975306,0.4722222222222222,0.37777777777777777,45.0,0.4810126582278481,0.38,0.6551724137931034,29.0,0.45454545454545453,0.45454545454545453,0.45454545454545453,22.0,0.0,0.0,0.0,12.0,,,,
p_552,0.3353404339150218,0.4601074824307565,0.32479674796747965,0.4129899832088473,0.4623352165725047,0.4351851851851852,108.0,0.36585365853658536,0.36585365853658536,0.36585365853658536,41.0,0.0,0.0,0.0,10.0,0.5544554455445545,0.4745762711864407,0.6666666666666666,42.0,0.42105263157894735,1.0,0.26666666666666666,15.0,,,,
p_553,0.3639275382284061,0.4502164502164502,0.3670966632266942,0.4034646645543463,0.44557679974346637,0.4537037037037037,108.0,0.5901639344262295,0.4675324675324675,0.8,45.0,0.4,0.625,0.29411764705882354,17.0,0.29411764705882354,0.3333333333333333,0.2631578947368421,19.0,0.17142857142857143,0.375,0.1111111111111111,27.0,,,,
p_554,0.47025172358505696,0.5005160298638559,0.48006810262907823,0.5133053046633292,0.541353551619252,0.5185185185185185,108.0,0.5194805194805194,0.5555555555555556,0.4878048780487805,41.0,0.32,0.26666666666666666,0.4,10.0,0.6172839506172839,0.5434782608695652,0.7142857142857143,35.0,0.42424242424242425,0.6363636363636364,0.3181818181818182,22.0,,,,
p_555,0.32127192982456143,0.2981060606060606,0.38330853174603174,0.5006091617933723,0.4442760942760942,0.5925925925925926,108.0,0.7631578947368421,0.6590909090909091,0.90625,64.0,0.10526315789473684,0.2,0.07142857142857142,14.0,0.4166666666666667,0.3333333333333333,0.5555555555555556,9.0,0.0,0.0,0.0,21.0,,,,
p_556,0.35762614678899085,0.3685897435897436,0.3833874458874459,0.43951112810057763,0.44665242165242164,0.48148148148148145,108.0,0.2916666666666667,0.4666666666666667,0.21212121212121213,33.0,0.0,0.0,0.0,10.0,0.5333333333333333,0.5,0.5714285714285714,21.0,0.6055045871559633,0.5076923076923077,0.75,44.0,,,,
p_557,0.19950270586514554,0.1869565217391304,0.22993197278911565,0.38618844089079574,0.3476247987117552,0.46296296296296297,108.0,0.6201550387596899,0.5,0.8163265306122449,49.0,0.0,0.0,0.0,14.0,0.37735849056603776,0.43478260869565216,0.3333333333333333,30.0,0.0,0.0,0.0,14.0,0.0,0.0,0.0,1.0
p_558,0.3276877761413844,0.3418688230008985,0.32413419913419916,0.42245768104874637,0.4164670060896476,0.4351851851851852,108.0,0.4536082474226804,0.41509433962264153,0.5,44.0,0.0,0.0,0.0,11.0,0.3333333333333333,0.42857142857142855,0.2727272727272727,11.0,0.5238095238095238,0.5238095238095238,0.5238095238095238,42.0,,,,
p_559,0.3684908053265694,0.3854978354978355,0.39086538461538467,0.37914934592169847,0.41557639890973225,0.37962962962962965,108.0,0.3855421686746988,0.45714285714285713,0.3333333333333333,48.0,0.32,0.26666666666666666,0.4,10.0,0.3684210526315789,0.5,0.2916666666666667,24.0,0.4,0.3181818181818182,0.5384615384615384,26.0,,,,
p_560,0.2793649706159983,0.27777777777777773,0.29080723198370256,0.35997136032533855,0.3508230452674897,0.37962962962962965,108.0,0.449438202247191,0.4444444444444444,0.45454545454545453,44.0,0.0,0.0,0.0,9.0,0.3902439024390244,0.3333333333333333,0.47058823529411764,34.0,0.2777777777777778,0.3333333333333333,0.23809523809523808,21.0,,,,
p_561,0.29339864041204955,0.285708648989899,0.3189064905599222,0.4359070569960452,0.41620341142910583,0.48148148148148145,108.0,0.43243243243243246,0.48484848484848486,0.3902439024390244,41.0,0.0,0.0,0.0,10.0,0.6542056074766355,0.546875,0.813953488372093,43.0,0.08695652173913043,0.1111111111111111,0.07142857142857142,14.0,,,,
p_562,0.4143246134396577,0.419435817805383,0.4179623824451411,0.5514558368540668,0.5417088413465225,0.5740740740740741,108.0,0.6902654867256637,0.6190476190476191,0.78,50.0,0.0,0.0,0.0,7.0,0.5384615384615384,0.6086956521739131,0.4827586206896552,29.0,0.42857142857142855,0.45,0.4090909090909091,22.0,,,,
p_563,0.2963721061547149,0.32898627805552605,0.30668930707876374,0.4483734864169648,0.4344732829840797,0.5,108.0,0.6811594202898551,0.5949367088607594,0.7966101694915254,59.0,0.09523809523809523,0.2,0.0625,16.0,0.24242424242424243,0.23529411764705882,0.25,16.0,0.16666666666666666,0.2857142857142857,0.11764705882352941,17.0,,,,
p_564,0.2463549522373052,0.2217741935483871,0.2961973601508485,0.37273522894437927,0.3316905615292712,0.4537037037037037,108.0,0.6324786324786325,0.5,0.8604651162790697,43.0,0.0,0.0,0.0,10.0,0.0,0.0,0.0,18.0,0.35294117647058826,0.3870967741935484,0.32432432432432434,37.0,,,,
p_565,0.3605929786102084,0.45416666666666666,0.36779398762157384,0.5093033569050979,0.5237654320987654,0.5648148148148148,108.0,0.6956521739130435,0.6,0.8275862068965517,58.0,0.10526315789473684,0.16666666666666666,0.07692307692307693,13.0,0.11764705882352941,0.5,0.06666666666666667,15.0,0.5238095238095238,0.55,0.5,22.0,,,,
p_566,0.2869620632778528,0.38384795955218487,0.3161122661122661,0.3256263085697783,0.39436619718309857,0.37962962962962965,108.0,0.3076923076923077,0.3076923076923077,0.3076923076923077,26.0,0.21052631578947367,0.5,0.13333333333333333,30.0,0.1111111111111111,0.3333333333333333,0.06666666666666667,15.0,0.5185185185185185,0.39436619718309857,0.7567567567567568,37.0,,,,
p_567,0.3096402622718412,0.3076937134502924,0.33973285486443383,0.45560543708691853,0.4226466049382716,0.5277777777777778,108.0,0.6962962962962963,0.5875,0.8545454545454545,55.0,0.0,0.0,0.0,10.0,0.12121212121212122,0.2222222222222222,0.08333333333333333,24.0,0.42105263157894735,0.42105263157894735,0.42105263157894735,19.0,,,,
p_568,0.33142418888751934,0.3796401515151515,0.32537356321839084,0.3376443537501921,0.3810500841750842,0.3333333333333333,108.0,0.4444444444444444,0.42424242424242425,0.4666666666666667,30.0,0.34285714285714286,0.6,0.24,25.0,0.21052631578947367,0.18181818181818182,0.25,24.0,0.32786885245901637,0.3125,0.3448275862068966,29.0,,,,
p_569,0.24064217032967034,0.24644192612942611,0.25758356227106227,0.31790123456790126,0.3117283950617284,0.35185185185185186,108.0,0.47619047619047616,0.3968253968253968,0.5952380952380952,42.0,0.0,0.0,0.0,8.0,0.28125,0.28125,0.28125,32.0,0.20512820512820512,0.3076923076923077,0.15384615384615385,26.0,,,,
p_570,0.27045454545454545,0.2988636363636364,0.28750000000000003,0.32060185185185186,0.32962962962962966,0.35185185185185186,108.0,0.4,0.4,0.4,40.0,0.125,0.2,0.09090909090909091,11.0,0.4318181818181818,0.34545454545454546,0.5757575757575758,33.0,0.125,0.25,0.08333333333333333,24.0,,,,
p_571,0.27107526881720434,0.4659863945578231,0.2894338118022328,0.4321465551573078,0.5331317712270093,0.5277777777777778,108.0,0.08,0.3333333333333333,0.045454545454545456,22.0,0.0,0.0,0.0,9.0,0.3333333333333333,1.0,0.2,20.0,0.6709677419354839,0.5306122448979592,0.9122807017543859,57.0,,,,
p_572,0.2892904197252023,0.41085858585858587,0.32606564364876384,0.3716774368948282,0.4240179573512907,0.4722222222222222,108.0,0.6376811594202898,0.4888888888888889,0.9166666666666666,48.0,0.07142857142857142,0.2,0.043478260869565216,23.0,0.35714285714285715,0.45454545454545453,0.29411764705882354,17.0,0.09090909090909091,0.5,0.05,20.0,,,,
p_573,0.2707983193277311,0.23496364838070058,0.3333333333333333,0.3818783068783069,0.31419059508947145,0.5,108.0,0.6714285714285714,0.5280898876404494,0.9215686274509803,51.0,0.0,0.0,0.0,16.0,0.0,0.0,0.0,24.0,0.4117647058823529,0.4117647058823529,0.4117647058823529,17.0,,,,
p_574,0.4140333784439221,0.44118217054263564,0.4232772435897436,0.4446549542443461,0.48494832041343666,0.4444444444444444,108.0,0.6097560975609756,0.5813953488372093,0.6410256410256411,39.0,0.27450980392156865,0.23333333333333334,0.3333333333333333,21.0,0.3829787234042553,0.6,0.28125,32.0,0.3888888888888889,0.35,0.4375,16.0,,,,
p_575,0.20410026256335106,0.22962962962962963,0.24481792717086837,0.274899842597681,0.28566529492455417,0.3425925925925926,108.0,0.49056603773584906,0.48148148148148145,0.5,26.0,0.0,0.0,0.0,26.0,0.44660194174757284,0.3333333333333333,0.6764705882352942,34.0,0.08333333333333333,0.3333333333333333,0.047619047619047616,21.0,0.0,0.0,0.0,1.0
p_576,0.23625000000000002,0.24596774193548387,0.27941176470588236,0.34550925925925924,0.3071983273596177,0.4537037037037037,108.0,0.625,0.4838709677419355,0.8823529411764706,51.0,0.32,0.5,0.23529411764705882,17.0,0.0,0.0,0.0,27.0,0.0,0.0,0.0,13.0,,,,
p_577,0.30615441801189464,0.44372605363984674,0.326984126984127,0.3396277809245099,0.41779303249609756,0.3888888888888889,108.0,0.375,0.41379310344827586,0.34285714285714286,35.0,0.0,0.0,0.0,20.0,0.36363636363636365,1.0,0.2222222222222222,18.0,0.48598130841121495,0.3611111111111111,0.7428571428571429,35.0,,,,
p_578,0.3557209385131463,0.4572112098427888,0.36133033633033634,0.4294141337792131,0.48098022834864945,0.48148148148148145,108.0,0.628099173553719,0.4935064935064935,0.8636363636363636,44.0,0.1111111111111111,0.2,0.07692307692307693,13.0,0.35714285714285715,0.7142857142857143,0.23809523809523808,21.0,0.32653061224489793,0.42105263157894735,0.26666666666666666,30.0,,,,
p_579,0.3727435355342332,0.4596732215153268,0.37102206736353077,0.39540354850432363,0.46576751708330655,0.42592592592592593,108.0,0.5128205128205128,0.39473684210526316,0.7317073170731707,41.0,0.37209302325581395,0.6153846153846154,0.26666666666666666,30.0,0.3333333333333333,0.4,0.2857142857142857,7.0,0.2727272727272727,0.42857142857142855,0.2,30.0,,,,
p_580,0.30707482993197277,0.2962473572938689,0.3325526932084309,0.5470949861426052,0.5026329183305928,0.6203703703703703,108.0,0.48,0.5454545454545454,0.42857142857142855,28.0,0.0,0.0,0.0,8.0,0.0,0.0,0.0,11.0,0.7482993197278912,0.6395348837209303,0.9016393442622951,61.0,,,,
p_581,0.36652092214876864,0.38888888888888884,0.3806022408963585,0.4215623529221447,0.4346707818930041,0.4537037037037037,108.0,0.36363636363636365,0.5,0.2857142857142857,35.0,0.3448275862068966,0.3333333333333333,0.35714285714285715,14.0,0.15384615384615385,0.2222222222222222,0.11764705882352941,17.0,0.6037735849056604,0.5,0.7619047619047619,42.0,,,,
p_582,0.5219220434737677,0.5992245657568238,0.5279558404558404,0.597286493838218,0.6415322580645161,0.6018518518518519,108.0,0.7307692307692307,0.7307692307692307,0.7307692307692307,52.0,0.38095238095238093,0.8,0.25,16.0,0.42424242424242425,0.35,0.5384615384615384,13.0,0.5517241379310345,0.5161290322580645,0.5925925925925926,27.0,,,,
p_583,0.31846011131725416,0.3198476052249637,0.3333333333333333,0.3590496804782519,0.342908401870666,0.3888888888888889,108.0,0.5102040816326531,0.4716981132075472,0.5555555555555556,45.0,0.0,0.0,0.0,21.0,0.4,0.5,0.3333333333333333,15.0,0.36363636363636365,0.3076923076923077,0.4444444444444444,27.0,,,,
p_584,0.3777401864664506,0.4343891402714932,0.38164477798624136,0.4038267472026333,0.4404013742249036,0.4351851851851852,108.0,0.5504587155963303,0.4411764705882353,0.7317073170731707,41.0,0.35714285714285715,0.38461538461538464,0.3333333333333333,15.0,0.32558139534883723,0.4117647058823529,0.2692307692307692,26.0,0.2777777777777778,0.5,0.19230769230769232,26.0,,,,
p_585,0.3246549344375431,0.4174715909090909,0.3363050729169499,0.36412979577230786,0.41129524410774415,0.39814814814814814,108.0,0.49523809523809526,0.40625,0.6341463414634146,41.0,0.34782608695652173,0.4,0.3076923076923077,26.0,0.1,0.5,0.05555555555555555,18.0,0.35555555555555557,0.36363636363636365,0.34782608695652173,23.0,,,,
p_586,0.24514351011628688,0.2676008202323992,0.28214285714285714,0.3227452767010473,0.32670058985848455,0.3888888888888889,108.0,0.5517241379310345,0.42105263157894735,0.8,40.0,0.0,0.0,0.0,13.0,0.14814814814814814,0.2857142857142857,0.1,20.0,0.2807017543859649,0.36363636363636365,0.22857142857142856,35.0,,,,
p_587,0.3375,0.39614661654135336,0.36395202020202017,0.4611111111111111,0.47361459203564465,0.5277777777777778,108.0,0.65,0.5131578947368421,0.8863636363636364,44.0,0.0,0.0,0.0,12.0,0.2,0.5,0.125,16.0,0.5,0.5714285714285714,0.4444444444444444,36.0,,,,
p_588,0.37286130423131136,0.4291666666666667,0.36725370625050124,0.4474122780792091,0.46404320987654324,0.48148148148148145,108.0,0.3673469387755102,0.45,0.3103448275862069,29.0,0.10526315789473684,0.16666666666666666,0.07692307692307693,13.0,0.41379310344827586,0.6,0.3157894736842105,19.0,0.6050420168067226,0.5,0.7659574468085106,47.0,,,,
p_589,0.3911972807991121,0.38358023555391974,0.40599308099308096,0.5468961955851523,0.5513178342125711,0.5462962962962963,108.0,0.660377358490566,0.6730769230769231,0.6481481481481481,54.0,0.375,0.3157894736842105,0.46153846153846156,13.0,0.0,0.0,0.0,6.0,0.5294117647058824,0.5454545454545454,0.5142857142857142,35.0,,,,
p_590,0.32405512520266616,0.3456959706959707,0.3251165501165501,0.3729863821667101,0.37224426807760136,0.3888888888888889,108.0,0.32,0.3333333333333333,0.3076923076923077,26.0,0.32786885245901637,0.35714285714285715,0.30303030303030304,33.0,0.14285714285714285,0.25,0.1,10.0,0.5054945054945055,0.4423076923076923,0.5897435897435898,39.0,,,,
p_591,0.30435547875064006,0.4342885375494071,0.3293269230769231,0.43503110124973926,0.5072829746742791,0.5277777777777778,108.0,0.0,0.0,0.0,12.0,0.21428571428571427,0.75,0.125,24.0,0.3225806451612903,0.45454545454545453,0.25,20.0,0.6805555555555556,0.532608695652174,0.9423076923076923,52.0,,,,
p_592,0.45985083033969876,0.4960735171261487,0.45285067873303164,0.478217734104559,0.4976592716358798,0.48148148148148145,108.0,0.5853658536585366,0.5714285714285714,0.6,40.0,0.37209302325581395,0.4444444444444444,0.32,25.0,0.4444444444444444,0.6,0.35294117647058826,17.0,0.4375,0.3684210526315789,0.5384615384615384,26.0,,,,
p_593,0.32295647742802214,0.3136842105263158,0.34440406976744187,0.3931744034122836,0.3844444444444444,0.4166666666666667,108.0,0.43902439024390244,0.36,0.5625,32.0,0.358974358974359,0.3684210526315789,0.35,20.0,0.0,0.0,0.0,13.0,0.49382716049382713,0.5263157894736842,0.46511627906976744,43.0,,,,
p_594,0.18421052631578946,0.1569069069069069,0.2375,0.253411306042885,0.21187854521187854,0.3333333333333333,108.0,0.5263157894736842,0.40540540540540543,0.75,40.0,0.0,0.0,0.0,19.0,0.21052631578947367,0.2222222222222222,0.2,30.0,0.0,0.0,0.0,19.0,,,,
p_595,0.4384920634920635,0.4771554252199413,0.42457010854832816,0.4841637272192828,0.4920560443141088,0.5,108.0,0.25,0.3,0.21428571428571427,14.0,0.5,0.6363636363636364,0.4117647058823529,17.0,0.39285714285714285,0.44,0.3548387096774194,31.0,0.6111111111111112,0.532258064516129,0.717391304347826,46.0,,,,
p_596,0.345343951534102,0.32636130420390597,0.38168025362318836,0.3783195448722125,0.3511683646572756,0.42592592592592593,108.0,0.5116279069767442,0.41509433962264153,0.6666666666666666,33.0,0.4411764705882353,0.4166666666666667,0.46875,32.0,0.42857142857142855,0.47368421052631576,0.391304347826087,23.0,0.0,0.0,0.0,20.0,,,,
p_597,0.36932560903149136,0.3751336898395722,0.36882687165775396,0.3957164234942013,0.39688552188552184,0.39814814814814814,108.0,0.5454545454545454,0.5454545454545454,0.5454545454545454,33.0,0.2222222222222222,0.2727272727272727,0.1875,16.0,0.38235294117647056,0.38235294117647056,0.38235294117647056,34.0,0.32727272727272727,0.3,0.36,25.0,,,,
p_598,0.3055038471084636,0.2941820217856052,0.33489583333333334,0.35499802358824445,0.34232489131705257,0.3888888888888889,108.0,0.3333333333333333,0.4090909090909091,0.28125,32.0,0.38235294117647056,0.34210526315789475,0.43333333333333335,30.0,0.0,0.0,0.0,14.0,0.5063291139240507,0.425531914893617,0.625,32.0,,,,
p_599,0.3866402116402117,0.41242236024844725,0.4253846153846154,0.4427052714089751,0.44916034046468833,0.5092592592592593,108.0,0.5925925925925926,0.5714285714285714,0.6153846153846154,26.0,0.6111111111111112,0.4782608695652174,0.8461538461538461,39.0,0.0,0.0,0.0,18.0,0.34285714285714286,0.6,0.24,25.0,,,,
p_600,0.3695264495385656,0.5432991762105686,0.3629300798105931,0.406113528210714,0.49018075741001194,0.4537037037037037,108.0,0.5737704918032787,0.4430379746835443,0.813953488372093,43.0,0.42105263157894735,1.0,0.26666666666666666,15.0,0.14285714285714285,0.2857142857142857,0.09523809523809523,21.0,0.3404255319148936,0.4444444444444444,0.27586206896551724,29.0,,,,
p_601,0.3536001807278403,0.350094696969697,0.37681159420289856,0.4667943019006849,0.4513397867564535,0.5,108.0,0.5405405405405406,0.45454545454545453,0.6666666666666666,30.0,0.21428571428571427,0.3,0.16666666666666666,18.0,0.0,0.0,0.0,14.0,0.6595744680851063,0.6458333333333334,0.6739130434782609,46.0,,,,
p_602,0.4118777607883113,0.5120557280883368,0.40175207039337474,0.4470023030165741,0.5076904889706823,0.46296296296296297,108.0,0.5688073394495413,0.49206349206349204,0.6739130434782609,46.0,0.375,0.375,0.375,16.0,0.3333333333333333,0.34782608695652173,0.32,25.0,0.37037037037037035,0.8333333333333334,0.23809523809523808,21.0,,,,
p_603,0.31517379679144386,0.35535714285714287,0.35181318681318685,0.3970464448405625,0.41838624338624336,0.4537037037037037,108.0,0.25,0.5714285714285714,0.16,25.0,0.6470588235294118,0.55,0.7857142857142857,42.0,0.36363636363636365,0.3,0.46153846153846156,26.0,0.0,0.0,0.0,15.0,,,,
p_604,0.42636244393670136,0.479563492063492,0.42218358395989974,0.4351875358476019,0.4692827748383304,0.4537037037037037,108.0,0.4,0.5333333333333333,0.32,25.0,0.2777777777777778,0.4166666666666667,0.20833333333333334,24.0,0.5128205128205128,0.5555555555555556,0.47619047619047616,21.0,0.5148514851485149,0.4126984126984127,0.6842105263157895,38.0,,,,
p_605,0.2927836993970715,0.3007902298850575,0.3392289047114074,0.3573612506778958,0.3596929544487016,0.4074074074074074,108.0,0.5185185185185185,0.525,0.5121951219512195,41.0,0.0,0.0,0.0,16.0,0.46511627906976744,0.3448275862068966,0.7142857142857143,28.0,0.1875,0.3333333333333333,0.13043478260869565,23.0,,,,
p_606,0.3915544332210999,0.42271825396825397,0.41347222222222224,0.4266741488963711,0.4243496472663139,0.4722222222222222,108.0,0.5,0.4166666666666667,0.625,32.0,0.36363636363636365,0.5714285714285714,0.26666666666666666,15.0,0.06060606060606061,0.125,0.04,25.0,0.6419753086419753,0.5777777777777777,0.7222222222222222,36.0,,,,
p_607,0.3792211328976035,0.38411915204678365,0.4837962962962963,0.4814915678205438,0.4837719298245614,0.5648148148148148,108.0,0.7205882352941176,0.6125,0.875,56.0,0.2777777777777778,0.5555555555555556,0.18518518518518517,27.0,0.0,0.0,0.0,17.0,0.5185185185185185,0.3684210526315789,0.875,8.0,,,,
p_608,0.35263403263403265,0.38899063899063896,0.3347488442158849,0.36505568505568503,0.40760713908862056,0.3425925925925926,108.0,0.18181818181818182,0.15384615384615385,0.2222222222222222,27.0,0.28,0.25925925925925924,0.30434782608695654,23.0,0.3333333333333333,0.38095238095238093,0.2962962962962963,27.0,0.6153846153846154,0.7619047619047619,0.5161290322580645,31.0,,,,
p_609,0.42546241570420895,0.44099821746880563,0.42174369747899154,0.4501162431422198,0.45124777183600706,0.46296296296296297,108.0,0.5773195876288659,0.509090909090909,0.6666666666666666,42.0,0.2857142857142857,0.3333333333333333,0.25,28.0,0.3125,0.3333333333333333,0.29411764705882354,17.0,0.5263157894736842,0.5882352941176471,0.47619047619047616,21.0,,,,
p_610,0.4028417504481334,0.4144370122630992,0.4126965010141988,0.4132323481614262,0.42458916553119447,0.42592592592592593,108.0,0.5641025641025641,0.4782608695652174,0.6875,32.0,0.32142857142857145,0.34615384615384615,0.3,30.0,0.3829787234042553,0.5,0.3103448275862069,29.0,0.34285714285714286,0.3333333333333333,0.35294117647058826,17.0,,,,
p_611,0.31369687660010237,0.30959620334620336,0.3341872653316646,0.3656122584437997,0.3641361599694934,0.3888888888888889,108.0,0.4222222222222222,0.3392857142857143,0.5588235294117647,34.0,0.45161290322580644,0.4666666666666667,0.4375,16.0,0.38095238095238093,0.43243243243243246,0.3404255319148936,47.0,0.0,0.0,0.0,11.0,,,,
p_612,0.38848039215686275,0.42407407407407405,0.39415584415584415,0.542619825708061,0.5342249657064472,0.6018518518518519,108.0,0.47058823529411764,0.6666666666666666,0.36363636363636365,22.0,0.0,0.0,0.0,10.0,0.3333333333333333,0.4,0.2857142857142857,21.0,0.75,0.6296296296296297,0.9272727272727272,55.0,,,,
p_613,0.4594122348154607,0.5071834069596217,0.4670219638242894,0.5273006877845587,0.5370160470863796,0.5740740740740741,108.0,0.7027027027027027,0.5735294117647058,0.9069767441860465,43.0,0.08333333333333333,0.16666666666666666,0.05555555555555555,18.0,0.6,0.6521739130434783,0.5555555555555556,27.0,0.45161290322580644,0.6363636363636364,0.35,20.0,,,,
p_614,0.30452035886818496,0.3589864158829676,0.3339460784313726,0.4529241111366715,0.48414605828398927,0.5370370370370371,108.0,0.2222222222222222,0.2727272727272727,0.1875,16.0,0.2857142857142857,0.6,0.1875,32.0,0.7101449275362319,0.5632183908045977,0.9607843137254902,51.0,0.0,0.0,0.0,9.0,,,,
p_615,0.26791596085074343,0.26831999237659615,0.2839285714285714,0.30993553547901376,0.3057814341881428,0.3333333333333333,108.0,0.30434782608695654,0.3888888888888889,0.25,28.0,0.0,0.0,0.0,15.0,0.38095238095238093,0.36363636363636365,0.4,30.0,0.38636363636363635,0.32075471698113206,0.4857142857142857,35.0,,,,
p_616,0.27681883352625486,0.2791353383458646,0.2974827652686092,0.32505822966236786,0.3136091491354649,0.3611111111111111,108.0,0.5625,0.47368421052631576,0.6923076923076923,39.0,0.23529411764705882,0.2727272727272727,0.20689655172413793,29.0,0.23255813953488372,0.22727272727272727,0.23809523809523808,21.0,0.07692307692307693,0.14285714285714285,0.05263157894736842,19.0,,,,
p_617,0.26512345679012345,0.26987214336051546,0.27176413255360626,0.3028280749885688,0.29941440987952617,0.3148148148148148,108.0,0.49382716049382713,0.46511627906976744,0.5263157894736842,38.0,0.08,0.14285714285714285,0.05555555555555555,18.0,0.16666666666666666,0.15151515151515152,0.18518518518518517,27.0,0.32,0.32,0.32,25.0,,,,
p_618,0.3761970706115959,0.5209933435739887,0.3618697478991597,0.3746483314622002,0.4683203428723142,0.3888888888888889,108.0,0.4742268041237113,0.36507936507936506,0.6764705882352942,34.0,0.26865671641791045,0.2903225806451613,0.25,36.0,0.3333333333333333,0.5714285714285714,0.23529411764705882,17.0,0.42857142857142855,0.8571428571428571,0.2857142857142857,21.0,,,,
p_619,0.3749645853629441,0.39839460859909936,0.3712466931216931,0.37574513408869836,0.38845594098200353,0.37962962962962965,108.0,0.4383561643835616,0.37209302325581395,0.5333333333333333,30.0,0.38461538461538464,0.5,0.3125,16.0,0.375,0.41379310344827586,0.34285714285714286,35.0,0.3018867924528302,0.3076923076923077,0.2962962962962963,27.0,,,,
p_620,0.3725039880704675,0.39476190476190476,0.3762820512820513,0.4575829210400579,0.45508818342151675,0.48148148148148145,108.0,0.4691358024691358,0.4523809523809524,0.48717948717948717,39.0,0.6292134831460674,0.56,0.717948717948718,39.0,0.125,0.16666666666666666,0.1,10.0,0.26666666666666666,0.4,0.2,20.0,,,,
p_621,0.4178385020776325,0.3772296544035675,0.47157738095238094,0.477668265711744,0.4384677319459928,0.5277777777777778,108.0,0.0,0.0,0.0,20.0,0.46153846153846156,0.391304347826087,0.5625,16.0,0.5507246376811594,0.48717948717948717,0.6333333333333333,30.0,0.6590909090909091,0.6304347826086957,0.6904761904761905,42.0,,,,
p_622,0.35442126179831096,0.44399881164587046,0.37313022374941884,0.4437830030726206,0.4654029400761427,0.5,108.0,0.6909090909090909,0.5588235294117647,0.9047619047619048,42.0,0.13333333333333333,0.5,0.07692307692307693,13.0,0.39344262295081966,0.4444444444444444,0.35294117647058826,34.0,0.2,0.2727272727272727,0.15789473684210525,19.0,,,,
p_623,0.24280503447170113,0.26377233877233874,0.2605570794148381,0.2643379711280946,0.27476258309591645,0.28703703703703703,108.0,0.345679012345679,0.2692307692307692,0.4827586206896552,29.0,0.09523809523809523,0.2,0.0625,16.0,0.36363636363636365,0.36363636363636365,0.36363636363636365,33.0,0.16666666666666666,0.2222222222222222,0.13333333333333333,30.0,,,,
p_624,0.2831083079783638,0.28177006255504206,0.3086378490790256,0.2824466528309919,0.2922361704195321,0.2962962962962963,108.0,0.17647058823529413,0.17647058823529413,0.17647058823529413,17.0,0.28125,0.2903225806451613,0.2727272727272727,33.0,0.2413793103448276,0.3181818181818182,0.19444444444444445,36.0,0.43333333333333335,0.34210526315789475,0.5909090909090909,22.0,,,,
p_625,0.23422487418026539,0.339253486464315,0.2627946127946128,0.2603377645603511,0.3607647434144563,0.2962962962962963,108.0,0.43373493975903615,0.33962264150943394,0.6,30.0,0.0,0.0,0.0,18.0,0.25,0.8,0.14814814814814814,27.0,0.25316455696202533,0.21739130434782608,0.30303030303030304,33.0,,,,
p_626,0.3112680386618243,0.28587124504974404,0.3500290119363395,0.3349212551072623,0.30590122383563895,0.37962962962962965,108.0,0.43636363636363634,0.41379310344827586,0.46153846153846156,26.0,0.3508771929824561,0.35714285714285715,0.3448275862068966,29.0,0.0,0.0,0.0,21.0,0.4578313253012048,0.37254901960784315,0.59375,32.0,,,,
p_627,0.3895824706694272,0.4134259259259259,0.4131944444444444,0.4155141476880607,0.45925925925925926,0.4166666666666667,108.0,0.48,0.6666666666666666,0.375,32.0,0.2608695652173913,0.2,0.375,8.0,0.31746031746031744,0.37037037037037035,0.2777777777777778,36.0,0.5,0.4166666666666667,0.625,32.0,,,,
p_628,0.3809722885809842,0.5054417122040074,0.38397817460317457,0.3797667710711189,0.4660257707616542,0.39814814814814814,108.0,0.34782608695652173,0.8,0.2222222222222222,18.0,0.21428571428571427,0.25,0.1875,32.0,0.4835164835164835,0.36065573770491804,0.7333333333333333,30.0,0.4782608695652174,0.6111111111111112,0.39285714285714285,28.0,,,,
p_629,0.32279889538661466,0.35111989459815546,0.3732019704433498,0.35757556614444197,0.38893768603913526,0.4074074074074074,108.0,0.49382716049382713,0.43478260869565216,0.5714285714285714,35.0,0.35,0.6363636363636364,0.2413793103448276,29.0,0.4473684210526316,0.3333333333333333,0.68,25.0,0.0,0.0,0.0,19.0,,,,
p_630,0.2546401515151515,0.26273634453781514,0.2956826241134752,0.3559939674523008,0.33508403361344535,0.4444444444444444,108.0,0.0625,0.14285714285714285,0.04,25.0,0.0,0.0,0.0,12.0,0.6060606060606061,0.47058823529411764,0.851063829787234,47.0,0.35,0.4375,0.2916666666666667,24.0,,,,
p_631,0.29793233082706766,0.29500580720092917,0.3303289057558507,0.47016847674742407,0.4425947434077515,0.5462962962962963,108.0,0.0,0.0,0.0,15.0,0.0,0.0,0.0,11.0,0.5,0.6190476190476191,0.41935483870967744,31.0,0.6917293233082706,0.5609756097560976,0.9019607843137255,51.0,,,,
p_632,0.3550375795479482,0.4090909090909091,0.36909191081151155,0.38913144409496175,0.4128787878787879,0.42592592592592593,108.0,0.5102040816326531,0.4166666666666667,0.6578947368421053,38.0,0.375,0.5454545454545454,0.2857142857142857,21.0,0.45161290322580644,0.42424242424242425,0.4827586206896552,29.0,0.08333333333333333,0.25,0.05,20.0,,,,
p_633,0.33688705234159777,0.34387045416457185,0.3502871205906481,0.4798153249668402,0.4644953106282082,0.5185185185185185,108.0,0.32,0.2962962962962963,0.34782608695652173,23.0,0.0,0.0,0.0,9.0,0.3333333333333333,0.46153846153846156,0.2608695652173913,23.0,0.6942148760330579,0.6176470588235294,0.7924528301886793,53.0,,,,
p_634,0.30451482479784364,0.2897435897435897,0.35959563543003853,0.34839023659778373,0.3134377967711301,0.42592592592592593,108.0,0.0,0.0,0.0,26.0,0.6037735849056604,0.49230769230769234,0.7804878048780488,41.0,0.21428571428571427,0.3333333333333333,0.15789473684210525,19.0,0.4,0.3333333333333333,0.5,22.0,,,,
p_635,0.25127401837928154,0.2502716262422906,0.2711616476829458,0.2768394752312881,0.27071963792636144,0.3055555555555556,108.0,0.3111111111111111,0.3684210526315789,0.2692307692307692,26.0,0.35714285714285715,0.37037037037037035,0.3448275862068966,29.0,0.3368421052631579,0.26229508196721313,0.47058823529411764,34.0,0.0,0.0,0.0,19.0,,,,
p_636,0.35726401112473244,0.39831657703998136,0.36404761904761906,0.378390498708688,0.4197754570094996,0.3888888888888889,108.0,0.4634146341463415,0.40425531914893614,0.5428571428571428,35.0,0.37209302325581395,0.6153846153846154,0.26666666666666666,30.0,0.4,0.34285714285714286,0.48,25.0,0.1935483870967742,0.23076923076923078,0.16666666666666666,18.0,,,,
p_637,0.4124288464111828,0.4416666666666667,0.43532608695652175,0.4305285352053718,0.4579218106995884,0.46296296296296297,108.0,0.33962264150943394,0.3,0.391304347826087,23.0,0.20512820512820512,0.4444444444444444,0.13333333333333333,30.0,0.4666666666666667,0.4666666666666667,0.4666666666666667,15.0,0.6382978723404256,0.5555555555555556,0.75,40.0,,,,
p_638,0.35363794760942757,0.39948240165631466,0.3804099462365591,0.4173803486998238,0.44989456330036043,0.4722222222222222,108.0,0.6605504587155964,0.5217391304347826,0.9,40.0,0.32558139534883723,0.5833333333333334,0.22580645161290322,31.0,0.34146341463414637,0.35,0.3333333333333333,21.0,0.08695652173913043,0.14285714285714285,0.0625,16.0,,,,
p_639,0.25935403726708073,0.31064102564102564,0.2771247357293869,0.37019553715205894,0.3999584520417854,0.42592592592592593,108.0,0.08,0.3333333333333333,0.045454545454545456,22.0,0.5739130434782609,0.4583333333333333,0.7674418604651163,43.0,0.34285714285714286,0.46153846153846156,0.2727272727272727,22.0,0.3,0.3,0.3,20.0,0.0,0.0,0.0,1.0
p_640,0.36033821330851035,0.38258928571428574,0.38471177944862156,0.39722919585405836,0.3991457231040564,0.4444444444444444,108.0,0.07692307692307693,0.2,0.047619047619047616,21.0,0.37037037037037035,0.4166666666666667,0.3333333333333333,30.0,0.594059405940594,0.47619047619047616,0.7894736842105263,38.0,0.4,0.4375,0.3684210526315789,19.0,,,,
p_641,0.2683450466929816,0.25280320366132725,0.29273504273504275,0.33109014473219733,0.3107742181540808,0.3611111111111111,108.0,0.5647058823529412,0.5217391304347826,0.6153846153846154,39.0,0.0,0.0,0.0,15.0,0.3384615384615385,0.2894736842105263,0.4074074074074074,27.0,0.1702127659574468,0.2,0.14814814814814814,27.0,,,,
p_642,0.30831202046035805,0.3084316037735849,0.33431136877828055,0.3544030816835591,0.34865041928721174,0.3888888888888889,108.0,0.3333333333333333,0.4375,0.2692307692307692,26.0,0.4057971014492754,0.4,0.4117647058823529,34.0,0.49411764705882355,0.39622641509433965,0.65625,32.0,0.0,0.0,0.0,16.0,,,,
p_643,0.3393696820420959,0.40200138026224985,0.33373687377141426,0.37452625599177325,0.40090228254479465,0.3888888888888889,108.0,0.5057471264367817,0.4782608695652174,0.5365853658536586,41.0,0.4166666666666667,0.7142857142857143,0.29411764705882354,17.0,0.36363636363636365,0.30434782608695654,0.45161290322580644,31.0,0.07142857142857142,0.1111111111111111,0.05263157894736842,19.0,,,,
p_644,0.3810443369266899,0.39965390310322335,0.3895310382217403,0.38258531994915435,0.41002089486071175,0.3888888888888889,108.0,0.27450980392156865,0.2692307692307692,0.28,25.0,0.4117647058823529,0.4117647058823529,0.4117647058823529,17.0,0.37037037037037035,0.5263157894736842,0.2857142857142857,35.0,0.4675324675324675,0.391304347826087,0.5806451612903226,31.0,,,,
p_645,0.3868067226890756,0.40863636363636363,0.3815981342481375,0.3739246809835045,0.3857407407407408,0.37962962962962965,108.0,0.42857142857142855,0.36,0.5294117647058824,34.0,0.2857142857142857,0.32,0.25806451612903225,31.0,0.48,0.5454545454545454,0.42857142857142855,14.0,0.35294117647058826,0.4090909090909091,0.3103448275862069,29.0,,,,
p_646,0.3028118951548455,0.31074407374890256,0.32885202135774216,0.3703113913141415,0.35633718661593994,0.42592592592592593,108.0,0.06451612903225806,0.125,0.043478260869565216,23.0,0.3902439024390244,0.47058823529411764,0.3333333333333333,24.0,0.6422018348623854,0.5223880597014925,0.8333333333333334,42.0,0.11428571428571428,0.125,0.10526315789473684,19.0,,,,
p_647,0.288544226044226,0.2361111111111111,0.37094320486815413,0.3383269633269633,0.2767489711934156,0.4351851851851852,108.0,0.5405405405405406,0.4444444444444444,0.6896551724137931,29.0,0.6136363636363636,0.5,0.7941176470588235,34.0,0.0,0.0,0.0,15.0,0.0,0.0,0.0,30.0,,,,
p_648,0.22842261904761904,0.22142094017094016,0.28149920255183414,0.2994378306878307,0.2955543684710351,0.3611111111111111,108.0,0.4375,0.5384615384615384,0.3684210526315789,38.0,0.0,0.0,0.0,22.0,0.47619047619047616,0.3472222222222222,0.7575757575757576,33.0,0.0,0.0,0.0,15.0,,,,
p_649,0.43711551606288446,0.5318633540372671,0.4437986112559168,0.4611149084833295,0.5048090637221072,0.49074074074074076,108.0,0.5454545454545454,0.5217391304347826,0.5714285714285714,21.0,0.2857142857142857,0.75,0.17647058823529413,17.0,0.2857142857142857,0.32,0.25806451612903225,31.0,0.631578947368421,0.5357142857142857,0.7692307692307693,39.0,,,,
p_650,0.30531459841804665,0.39880952380952384,0.2977673368298368,0.3417312095473015,0.3767912257495591,0.35185185185185186,108.0,0.4367816091954023,0.3958333333333333,0.48717948717948717,39.0,0.2972972972972973,0.2619047619047619,0.34375,32.0,0.3333333333333333,0.4375,0.2692307692307692,26.0,0.15384615384615385,0.5,0.09090909090909091,11.0,,,,
p_651,0.2927143778207608,0.282867199391172,0.34025032938076416,0.3801012488955751,0.34689983933705393,0.46296296296296297,108.0,0.12121212121212122,0.2222222222222222,0.08333333333333333,24.0,0.3829787234042553,0.375,0.391304347826087,23.0,0.0,0.0,0.0,17.0,0.6666666666666666,0.5342465753424658,0.8863636363636364,44.0,,,,
p_652,0.34489054271662967,0.3608516483516483,0.36482511923688393,0.35181066735011984,0.35764652014652015,0.37962962962962965,108.0,0.4864864864864865,0.45,0.5294117647058824,17.0,0.26666666666666666,0.3076923076923077,0.23529411764705882,34.0,0.14814814814814814,0.2857142857142857,0.1,20.0,0.4782608695652174,0.4,0.5945945945945946,37.0,,,,
p_653,0.3820237490948544,0.39515627287366417,0.383213141025641,0.3917365278211027,0.410018732683789,0.3888888888888889,108.0,0.5454545454545454,0.6521739130434783,0.46875,32.0,0.1509433962264151,0.14814814814814814,0.15384615384615385,26.0,0.4838709677419355,0.4166666666666667,0.5769230769230769,26.0,0.34782608695652173,0.36363636363636365,0.3333333333333333,24.0,,,,
p_654,0.3921295706008188,0.435491759702286,0.3953598484848485,0.4260371624404662,0.44749089333884656,0.4444444444444444,108.0,0.4782608695652174,0.44,0.5238095238095238,42.0,0.2222222222222222,0.2727272727272727,0.1875,16.0,0.5454545454545454,0.47368421052631576,0.6428571428571429,28.0,0.3225806451612903,0.5555555555555556,0.22727272727272727,22.0,,,,
p_655,0.2895623094557228,0.3806726907630522,0.3580357142857143,0.3724772441006222,0.48631935147999394,0.4722222222222222,108.0,0.10526315789473684,0.6666666666666666,0.05714285714285714,35.0,0.4117647058823529,0.35,0.5,14.0,0.6412213740458015,0.5060240963855421,0.875,48.0,0.0,0.0,0.0,11.0,,,,
p_656,0.35643948028265326,0.35123355263157896,0.379450975381208,0.4252057847681281,0.4033290692007797,0.4722222222222222,108.0,0.6355140186915887,0.53125,0.7906976744186046,43.0,0.0,0.0,0.0,18.0,0.3902439024390244,0.4,0.38095238095238093,21.0,0.4,0.47368421052631576,0.34615384615384615,26.0,,,,
p_657,0.3453015840077471,0.3592879256965944,0.3524465990001515,0.3470446842360102,0.36005618621717694,0.35185185185185186,108.0,0.35443037974683544,0.3684210526315789,0.34146341463414637,41.0,0.39344262295081966,0.3157894736842105,0.5217391304347826,23.0,0.3,0.35294117647058826,0.2608695652173913,23.0,0.3333333333333333,0.4,0.2857142857142857,21.0,,,,
p_658,0.28992490737139703,0.2873092283554415,0.317676404853129,0.30498334638763325,0.30179374210896104,0.3333333333333333,108.0,0.23076923076923078,0.3,0.1875,32.0,0.47761194029850745,0.42105263157894735,0.5517241379310345,29.0,0.06896551724137931,0.1111111111111111,0.05,20.0,0.38235294117647056,0.3170731707317073,0.48148148148148145,27.0,,,,
p_659,0.33290957408604466,0.3237103174603174,0.3994017094017094,0.3730876966171084,0.35256834215167543,0.4537037037037037,108.0,0.6324786324786325,0.5138888888888888,0.8222222222222222,45.0,0.0,0.0,0.0,25.0,0.22857142857142856,0.4,0.16,25.0,0.47058823529411764,0.38095238095238093,0.6153846153846154,13.0,,,,
p_660,0.40821692367353174,0.41857971815418626,0.41346112657956735,0.4222427454659971,0.4254460511907321,0.4351851851851852,108.0,0.2702702702702703,0.35714285714285715,0.21739130434782608,23.0,0.4186046511627907,0.4090909090909091,0.42857142857142855,21.0,0.5365853658536586,0.46808510638297873,0.6285714285714286,35.0,0.4074074074074074,0.44,0.3793103448275862,29.0,,,,
p_661,0.4295307866736438,0.5694444444444444,0.4288632119514473,0.43943769340594735,0.5102880658436214,0.4722222222222222,108.0,0.3333333333333333,0.3333333333333333,0.3333333333333333,24.0,0.3076923076923077,0.4444444444444444,0.23529411764705882,34.0,0.6326530612244898,0.5,0.8611111111111112,36.0,0.4444444444444444,1.0,0.2857142857142857,14.0,,,,
p_662,0.47953731971786506,0.523095438892403,0.48305838124723577,0.5220851707587154,0.5386365351928638,0.5462962962962963,108.0,0.5423728813559322,0.5161290322580645,0.5714285714285714,28.0,0.5714285714285714,0.7058823529411765,0.48,25.0,0.6304347826086957,0.5370370370370371,0.7631578947368421,38.0,0.17391304347826086,0.3333333333333333,0.11764705882352941,17.0,,,,
p_663,0.27870156159629844,0.25737884670693123,0.3224789915966387,0.289358010410642,0.2635560135919641,0.3425925925925926,108.0,0.22857142857142856,0.21052631578947367,0.25,16.0,0.4631578947368421,0.36065573770491804,0.6470588235294118,34.0,0.4230769230769231,0.4583333333333333,0.39285714285714285,28.0,0.0,0.0,0.0,30.0,,,,
p_664,0.3015721890721891,0.5016233766233766,0.33699903038138335,0.33040692207358874,0.499037999037999,0.3888888888888889,108.0,0.09090909090909091,0.5,0.05,20.0,0.5225225225225225,0.37662337662337664,0.8529411764705882,34.0,0.34285714285714286,0.8571428571428571,0.21428571428571427,28.0,0.25,0.2727272727272727,0.23076923076923078,26.0,,,,
p_665,0.31979063096959515,0.35291985002829657,0.31223908918406074,0.31331983253884105,0.334069895093169,0.3148148148148148,108.0,0.4262295081967213,0.41935483870967744,0.43333333333333335,30.0,0.37037037037037035,0.5,0.29411764705882354,17.0,0.20408163265306123,0.2631578947368421,0.16666666666666666,30.0,0.27848101265822783,0.22916666666666666,0.3548387096774194,31.0,,,,
p_666,0.34387923904052936,0.3613636363636364,0.3681077694235589,0.4502649878993965,0.4572390572390572,0.49074074074074076,108.0,0.5806451612903226,0.4909090909090909,0.7105263157894737,38.0,0.5384615384615384,0.5,0.5833333333333334,36.0,0.2564102564102564,0.45454545454545453,0.17857142857142858,28.0,0.0,0.0,0.0,6.0,,,,
p_667,0.3269799618320611,0.4537037037037037,0.3310294117647059,0.41373604042974277,0.497599451303155,0.46296296296296297,108.0,0.5954198473282443,0.48148148148148145,0.78,50.0,0.3125,0.3333333333333333,0.29411764705882354,17.0,0.0,0.0,0.0,17.0,0.4,1.0,0.25,24.0,,,,
p_668,0.26165915502862624,0.2614519761697181,0.26696969696969697,0.2824014991407829,0.2827239201567159,0.28703703703703703,108.0,0.46875,0.4838709677419355,0.45454545454545453,33.0,0.0975609756097561,0.125,0.08,25.0,0.29850746268656714,0.2702702702702703,0.3333333333333333,30.0,0.18181818181818182,0.16666666666666666,0.2,20.0,,,,
p_669,0.4172131298950791,0.5538254755996691,0.37976037655113387,0.40631396783957,0.46053748123640603,0.4074074074074074,108.0,0.43564356435643564,0.36666666666666664,0.5365853658536586,41.0,0.3582089552238806,0.3870967741935484,0.3333333333333333,36.0,0.375,0.46153846153846156,0.3157894736842105,19.0,0.5,1.0,0.3333333333333333,12.0,,,,
p_670,0.40047363031233996,0.3924013299013299,0.43846560846560845,0.41930979879008556,0.41234984984984985,0.4537037037037037,108.0,0.4126984126984127,0.4642857142857143,0.37142857142857144,35.0,0.41935483870967744,0.35135135135135137,0.52,25.0,0.07142857142857142,0.14285714285714285,0.047619047619047616,21.0,0.6984126984126984,0.6111111111111112,0.8148148148148148,27.0,,,,
p_671,0.3526234567901234,0.35062261005980977,0.36610197549939305,0.4417295381801555,0.4453223446016856,0.4537037037037037,108.0,0.49382716049382713,0.425531914893617,0.5882352941176471,34.0,0.4722222222222222,0.5483870967741935,0.4146341463414634,41.0,0.4444444444444444,0.42857142857142855,0.46153846153846156,26.0,0.0,0.0,0.0,7.0,,,,
p_672,0.281946048506847,0.36068211068211065,0.3077677431125707,0.3626774907779143,0.4254790504790505,0.4166666666666667,108.0,0.5344827586206896,0.4189189189189189,0.7380952380952381,42.0,0.3508771929824561,0.35714285714285715,0.3448275862068966,29.0,0.24242424242424243,0.6666666666666666,0.14814814814814814,27.0,0.0,0.0,0.0,10.0,,,,
p_673,0.33824302134646966,0.3169705469845722,0.37422686427821217,0.3887252934379371,0.37200664900524644,0.4166666666666667,108.0,0.4367816091954023,0.41304347826086957,0.4634146341463415,41.0,0.44,0.3548387096774194,0.5789473684210527,19.0,0.0,0.0,0.0,15.0,0.47619047619047616,0.5,0.45454545454545453,33.0,,,,
p_674,0.3183870235934664,0.3235332980972516,0.3186532198160105,0.41926841769173895,0.4177922637224963,0.42592592592592593,108.0,0.475,0.4418604651162791,0.5135135135135135,37.0,0.4827586206896552,0.4772727272727273,0.4883720930232558,43.0,0.3157894736842105,0.375,0.2727272727272727,22.0,0.0,0.0,0.0,6.0,,,,
p_675,0.2088174982911825,0.2259281925744594,0.2554932301740812,0.2973595605174552,0.2607288030584644,0.39814814814814814,108.0,0.6015037593984962,0.46511627906976744,0.851063829787234,47.0,0.0,0.0,0.0,25.0,0.09090909090909091,0.10526315789473684,0.08,25.0,0.14285714285714285,0.3333333333333333,0.09090909090909091,11.0,,,,
p_676,0.2876451200314837,0.3316228070175439,0.31484480431848855,0.41768013832407763,0.4228281351526966,0.48148148148148145,108.0,0.38095238095238093,0.48,0.3157894736842105,38.0,0.6446280991735537,0.5131578947368421,0.8666666666666667,45.0,0.125,0.3333333333333333,0.07692307692307693,13.0,0.0,0.0,0.0,12.0,,,,
p_677,0.24183673469387756,0.2011111111111111,0.3245192307692308,0.29829931972789114,0.24049382716049383,0.4166666666666667,108.0,0.3673469387755102,0.36,0.375,24.0,0.0,0.0,0.0,25.0,0.6,0.4444444444444444,0.9230769230769231,39.0,0.0,0.0,0.0,20.0,,,,
p_678,0.4185177886854645,0.6212797619047619,0.42037878787878785,0.5142742075671745,0.58206569664903,0.5462962962962963,108.0,0.6902654867256637,0.6190476190476191,0.78,50.0,0.3684210526315789,0.4375,0.3181818181818182,22.0,0.46153846153846156,0.42857142857142855,0.5,24.0,0.15384615384615385,1.0,0.08333333333333333,12.0,,,,
p_679,0.3271611423207168,0.33999042145593866,0.35466269841269843,0.38832080853357454,0.38500780473960555,0.4351851851851852,108.0,0.4722222222222222,0.4722222222222222,0.4722222222222222,36.0,0.574468085106383,0.46551724137931033,0.75,36.0,0.10810810810810811,0.2222222222222222,0.07142857142857142,28.0,0.15384615384615385,0.2,0.125,8.0,,,,
p_680,0.28945630640545894,0.34458874458874456,0.28708791208791207,0.3727672202248474,0.38428731762065094,0.39814814814814814,108.0,0.5084745762711864,0.45454545454545453,0.5769230769230769,52.0,0.36363636363636365,0.6666666666666666,0.25,16.0,0.2857142857142857,0.2571428571428571,0.32142857142857145,28.0,0.0,0.0,0.0,12.0,,,,
p_681,0.31591673675357446,0.35930542611577093,0.39240490490490487,0.29035837772170825,0.34502630024660674,0.3611111111111111,108.0,0.5,0.43243243243243246,0.5925925925925926,27.0,0.43902439024390244,0.3103448275862069,0.75,24.0,0.04878048780487805,0.25,0.02702702702702703,37.0,0.27586206896551724,0.4444444444444444,0.2,20.0,,,,
p_682,0.3343163944343618,0.38749999999999996,0.3625744047619047,0.34635119087629673,0.4055555555555555,0.37962962962962965,108.0,0.21052631578947367,0.5,0.13333333333333333,30.0,0.5,0.38333333333333336,0.71875,32.0,0.3508771929824561,0.4,0.3125,32.0,0.27586206896551724,0.26666666666666666,0.2857142857142857,14.0,,,,
p_683,0.33764111705288175,0.33500972830241127,0.36216931216931214,0.4156763715587245,0.3988748755008918,0.4537037037037037,108.0,0.4117647058823529,0.34146341463414637,0.5185185185185185,27.0,0.35294117647058826,0.46153846153846156,0.2857142857142857,21.0,0.5858585858585859,0.5370370370370371,0.6444444444444445,45.0,0.0,0.0,0.0,15.0,,,,
p_684,0.3996868722675174,0.46404600301659127,0.4265422077922078,0.43231298768933185,0.48304633819339704,0.4722222222222222,108.0,0.6236559139784946,0.48333333333333334,0.8787878787878788,33.0,0.38461538461538464,0.5882352941176471,0.2857142857142857,35.0,0.19047619047619047,0.4,0.125,16.0,0.4,0.38461538461538464,0.4166666666666667,24.0,,,,
p_685,0.35996181491464513,0.3685383244206774,0.40948863636363636,0.36253161292469466,0.37158183138575296,0.4166666666666667,108.0,0.35,0.4666666666666667,0.28,25.0,0.09523809523809523,0.2,0.0625,32.0,0.5660377358490566,0.45454545454545453,0.75,40.0,0.42857142857142855,0.35294117647058826,0.5454545454545454,11.0,,,,
p_686,0.3723455448554156,0.3943007662835249,0.3794930559636442,0.41883365130673095,0.42122357031360863,0.4351851851851852,108.0,0.5063291139240507,0.4444444444444444,0.5882352941176471,34.0,0.41379310344827586,0.4,0.42857142857142855,28.0,0.45161290322580644,0.4827586206896552,0.42424242424242425,33.0,0.11764705882352941,0.25,0.07692307692307693,13.0,,,,
p_687,0.4402994100579648,0.4886904761904762,0.45230962847419176,0.48996107321366744,0.49958112874779537,0.5277777777777778,108.0,0.4691358024691358,0.5,0.4418604651162791,43.0,0.6534653465346535,0.55,0.8048780487804879,41.0,0.10526315789473684,0.3333333333333333,0.0625,16.0,0.5333333333333333,0.5714285714285714,0.5,8.0,,,,
p_688,0.3703712432266354,0.3996212121212121,0.3756727506727507,0.3804046613369416,0.40102413019079686,0.3888888888888889,108.0,0.39215686274509803,0.3333333333333333,0.47619047619047616,21.0,0.4691358024691358,0.4318181818181818,0.5135135135135135,37.0,0.3076923076923077,0.3333333333333333,0.2857142857142857,28.0,0.3125,0.5,0.22727272727272727,22.0,,,,
p_689,0.43170044012470205,0.5936207609594707,0.41541666666666666,0.43966581426465895,0.5298838954752934,0.4537037037037037,108.0,0.4642857142857143,0.41935483870967744,0.52,25.0,0.42105263157894735,1.0,0.26666666666666666,15.0,0.5,0.4166666666666667,0.625,40.0,0.34146341463414637,0.5384615384615384,0.25,28.0,,,,
p_690,0.3469169719169719,0.33557291666666667,0.375,0.4215393659838104,0.3937731481481482,0.4722222222222222,108.0,0.6111111111111112,0.515625,0.75,44.0,0.20512820512820512,0.26666666666666666,0.16666666666666666,24.0,0.5714285714285714,0.56,0.5833333333333334,24.0,0.0,0.0,0.0,16.0,,,,
p_691,0.37445786912200735,0.37535012981314225,0.377073821538708,0.389405583452428,0.39333388861125,0.3888888888888889,108.0,0.5121951219512195,0.5121951219512195,0.5121951219512195,41.0,0.41379310344827586,0.4,0.42857142857142855,14.0,0.3076923076923077,0.34782608695652173,0.27586206896551724,29.0,0.2641509433962264,0.2413793103448276,0.2916666666666667,24.0,,,,
p_692,0.29601677148846955,0.39111613024656505,0.29902636671504595,0.41717912881434893,0.4359563544346153,0.46296296296296297,108.0,0.6,0.5064935064935064,0.7358490566037735,53.0,0.13333333333333333,0.5,0.07692307692307693,13.0,0.1111111111111111,0.16666666666666666,0.08333333333333333,12.0,0.33962264150943394,0.391304347826087,0.3,30.0,,,,
p_693,0.20555555555555555,0.1761904761904762,0.24666666666666667,0.5709876543209876,0.4894179894179895,0.6851851851851852,108.0,0.8222222222222222,0.7047619047619048,0.9866666666666667,75.0,0.0,0.0,0.0,10.0,0.0,0.0,0.0,16.0,0.0,0.0,0.0,7.0,,,,
p_694,0.30686707928087237,0.2770242914979757,0.3638461538461538,0.363417056903647,0.3357212475633528,0.4074074074074074,108.0,0.5470085470085471,0.49230769230769234,0.6153846153846154,52.0,0.26666666666666666,0.3,0.24,25.0,0.0,0.0,0.0,21.0,0.41379310344827586,0.3157894736842105,0.6,10.0,,,,
p_695,0.44093452478848016,0.48757026555534017,0.4515915119363395,0.48417036373763894,0.5006075323239503,0.5277777777777778,108.0,0.6846846846846847,0.5671641791044776,0.8636363636363636,44.0,0.48,0.5,0.46153846153846156,13.0,0.39215686274509803,0.45454545454545453,0.3448275862068966,29.0,0.20689655172413793,0.42857142857142855,0.13636363636363635,22.0,,,,
p_696,0.2913418582953734,0.36987289818615116,0.3082010582010582,0.4264486845662412,0.46827652490303084,0.49074074074074076,108.0,0.6715328467153284,0.5542168674698795,0.8518518518518519,54.0,0.22857142857142856,0.5714285714285714,0.14285714285714285,28.0,0.16,0.15384615384615385,0.16666666666666666,12.0,0.10526315789473684,0.2,0.07142857142857142,14.0,,,,
p_697,0.45947995666305524,0.5014025245441796,0.44791666666666663,0.47444324064042376,0.46665108306062025,0.5092592592592593,108.0,0.6153846153846154,0.5217391304347826,0.75,48.0,0.0,0.0,0.0,14.0,0.4225352112676056,0.4838709677419355,0.375,40.0,0.8,1.0,0.6666666666666666,6.0,,,,
p_698,0.3532379335435362,0.4428756857366771,0.3743263178599528,0.39118989229345763,0.449898137263439,0.42592592592592593,108.0,0.42857142857142855,0.5172413793103449,0.36585365853658536,41.0,0.2,0.5,0.125,16.0,0.5263157894736842,0.390625,0.8064516129032258,31.0,0.25806451612903225,0.36363636363636365,0.2,20.0,,,,
p_699,0.2745955798587378,0.2616338142653932,0.2934065934065934,0.4630294169767854,0.4374110953058321,0.5,108.0,0.6060606060606061,0.5263157894736842,0.7142857142857143,42.0,0.21428571428571427,0.21428571428571427,0.21428571428571427,14.0,0.5526315789473685,0.5675675675675675,0.5384615384615384,39.0,0.0,0.0,0.0,12.0,0.0,0.0,0.0,1.0
p_700,0.29641472868217056,0.41911764705882354,0.3131938020351526,0.3678330462245191,0.403322440087146,0.4444444444444444,108.0,0.6356589147286822,0.5,0.8723404255319149,47.0,0.4,1.0,0.25,16.0,0.0,0.0,0.0,22.0,0.15,0.17647058823529413,0.13043478260869565,23.0,,,,
p_701,0.3813056038449739,0.43910406885758996,0.3784111721611722,0.506921483299436,0.5286870399350837,0.5370370370370371,108.0,0.7401574803149606,0.6619718309859155,0.8392857142857143,56.0,0.17142857142857143,0.15,0.2,15.0,0.25,0.5,0.16666666666666666,24.0,0.36363636363636365,0.4444444444444444,0.3076923076923077,13.0,,,,
p_702,0.4013003410150212,0.398494983277592,0.41144688644688643,0.5433575929050695,0.5243961352657005,0.5740740740740741,108.0,0.717948717948718,0.6461538461538462,0.8076923076923077,52.0,0.3018867924528302,0.34782608695652173,0.26666666666666666,30.0,0.5853658536585366,0.6,0.5714285714285714,21.0,0.0,0.0,0.0,5.0,,,,
p_703,0.349053414469236,0.3902969790066564,0.3709433450799675,0.36427891718628697,0.393359693538905,0.39814814814814814,108.0,0.3333333333333333,0.3548387096774194,0.3142857142857143,35.0,0.23529411764705882,0.4444444444444444,0.16,25.0,0.5517241379310345,0.42857142857142855,0.7741935483870968,31.0,0.27586206896551724,0.3333333333333333,0.23529411764705882,17.0,,,,
p_704,0.38197508793897195,0.49096736596736595,0.38541942824319547,0.4421786534006468,0.48094189760856426,0.48148148148148145,108.0,0.6355140186915887,0.5151515151515151,0.8292682926829268,41.0,0.4444444444444444,0.6153846153846154,0.34782608695652173,23.0,0.3050847457627119,0.3333333333333333,0.28125,32.0,0.14285714285714285,0.5,0.08333333333333333,12.0,,,,
p_705,0.30277706789334696,0.49645390070921985,0.2886088011088011,0.3380433376557408,0.4516679800367744,0.35185185185185186,108.0,0.3956043956043956,0.3333333333333333,0.4864864864864865,37.0,0.3488372093023256,0.3191489361702128,0.38461538461538464,39.0,0.3333333333333333,1.0,0.2,20.0,0.13333333333333333,0.3333333333333333,0.08333333333333333,12.0,,,,
p_706,0.3631269256269256,0.4004065040650407,0.36142451047901547,0.37084929446040554,0.40880006022282445,0.37037037037037035,108.0,0.21621621621621623,0.25,0.19047619047619047,21.0,0.47619047619047616,0.4166666666666667,0.5555555555555556,27.0,0.45454545454545453,0.6666666666666666,0.3448275862068966,29.0,0.3055555555555556,0.2682926829268293,0.3548387096774194,31.0,,,,
p_707,0.3923558897243108,0.3620670995670996,0.44524572649572647,0.3689780005569479,0.32477152477152477,0.4444444444444444,108.0,0.0,0.0,0.0,35.0,0.5789473684210527,0.55,0.6111111111111112,18.0,0.5904761904761905,0.4696969696969697,0.7948717948717948,39.0,0.4,0.42857142857142855,0.375,16.0,,,,
p_708,0.28809769521843825,0.3292506043513296,0.31017537449762517,0.33474117392246044,0.37691527143581943,0.37037037037037035,108.0,0.0,0.0,0.0,16.0,0.4444444444444444,0.3287671232876712,0.6857142857142857,35.0,0.3157894736842105,0.4,0.2608695652173913,23.0,0.39215686274509803,0.5882352941176471,0.29411764705882354,34.0,,,,
p_709,0.20106022632338422,0.1836754643206256,0.24346846846846848,0.2841933678190988,0.2526202889106115,0.35185185185185186,108.0,0.11428571428571428,0.18181818181818182,0.08333333333333333,24.0,0.5050505050505051,0.4032258064516129,0.6756756756756757,37.0,0.38596491228070173,0.3333333333333333,0.4583333333333333,24.0,0.0,0.0,0.0,22.0,0.0,0.0,0.0,1.0
p_710,0.36923076923076925,0.4321648014044327,0.3912537537537537,0.3924738841405508,0.4424085046204862,0.4074074074074074,108.0,0.16666666666666666,0.5,0.1,20.0,0.5,0.5483870967741935,0.4594594594594595,37.0,0.4,0.3469387755102041,0.4722222222222222,36.0,0.41025641025641024,0.3333333333333333,0.5333333333333333,15.0,,,,
p_711,0.2826616627172354,0.28409090909090906,0.28872180451127816,0.2871381302995999,0.28553391053391053,0.2962962962962963,108.0,0.24242424242424243,0.2857142857142857,0.21052631578947367,19.0,0.2926829268292683,0.2727272727272727,0.3157894736842105,19.0,0.19047619047619047,0.21428571428571427,0.17142857142857143,35.0,0.4050632911392405,0.36363636363636365,0.45714285714285713,35.0,,,,
p_712,0.25482456140350873,0.2682291666666667,0.27292471042471045,0.2935022742040286,0.3198302469135803,0.3055555555555556,108.0,0.3684210526315789,0.2916666666666667,0.5,28.0,0.3,0.28125,0.32142857142857145,28.0,0.3508771929824561,0.5,0.2702702702702703,37.0,0.0,0.0,0.0,15.0,,,,
p_713,0.3016425120772947,0.29603174603174603,0.31191919191919193,0.39304347826086955,0.38403880070546736,0.4074074074074074,108.0,0.30434782608695654,0.3333333333333333,0.28,25.0,0.48,0.42857142857142855,0.5454545454545454,33.0,0.0,0.0,0.0,5.0,0.4222222222222222,0.4222222222222222,0.4222222222222222,45.0,,,,
p_714,0.4010551948051948,0.5421122209165687,0.4160795087265675,0.40755371172037835,0.5517038777908343,0.42592592592592593,108.0,0.30303030303030304,1.0,0.17857142857142858,28.0,0.475,0.41304347826086957,0.5588235294117647,34.0,0.47619047619047616,0.40540540540540543,0.5769230769230769,26.0,0.35,0.35,0.35,20.0,,,,
p_715,0.34267863293658385,0.39943860487338745,0.35882820784729585,0.39110984956405753,0.4204495584930367,0.4351851851851852,108.0,0.26666666666666666,0.2857142857142857,0.25,16.0,0.27450980392156865,0.30434782608695654,0.25,28.0,0.6226415094339622,0.5076923076923077,0.8048780487804879,41.0,0.20689655172413793,0.5,0.13043478260869565,23.0,,,,
p_716,0.31518443997317236,0.47470238095238093,0.32631340579710144,0.31478674516233196,0.4989528218694885,0.3148148148148148,108.0,0.2857142857142857,1.0,0.16666666666666666,30.0,0.36,0.3333333333333333,0.391304347826087,23.0,0.3333333333333333,0.35714285714285715,0.3125,32.0,0.28169014084507044,0.20833333333333334,0.43478260869565216,23.0,,,,
p_717,0.2512962360819397,0.2680019305019305,0.2781905594405594,0.3117586921051167,0.31806628056628056,0.3611111111111111,108.0,0.0,0.0,0.0,12.0,0.2641509433962264,0.35,0.21212121212121213,33.0,0.2631578947368421,0.35714285714285715,0.20833333333333334,24.0,0.4778761061946903,0.36486486486486486,0.6923076923076923,39.0,,,,
p_718,0.3950567854276378,0.4203022875816993,0.43688574938574937,0.3967735741272453,0.4415229363350278,0.4351851851851852,108.0,0.5185185185185185,0.4117647058823529,0.7,40.0,0.06896551724137931,0.1111111111111111,0.05,20.0,0.37735849056603776,0.625,0.2702702702702703,37.0,0.6153846153846154,0.5333333333333333,0.7272727272727273,11.0,,,,
p_719,0.32876355670473323,0.5401069518716577,0.34670231729055256,0.4140098584543029,0.5271340859576155,0.46296296296296297,108.0,0.17647058823529413,0.17647058823529413,0.17647058823529413,17.0,0.38461538461538464,0.45454545454545453,0.3333333333333333,30.0,0.1111111111111111,1.0,0.058823529411764705,17.0,0.6428571428571429,0.5294117647058824,0.8181818181818182,44.0,,,,
p_720,0.34851190476190474,0.32987788951286406,0.38602646351242986,0.43350970017636686,0.4021604535186878,0.49074074074074076,108.0,0.6857142857142857,0.5806451612903226,0.8372093023255814,43.0,0.25,0.3157894736842105,0.20689655172413793,29.0,0.0,0.0,0.0,14.0,0.4583333333333333,0.4230769230769231,0.5,22.0,,,,
p_721,0.36689574615271214,0.3675381263616557,0.3727904040404041,0.3946127258820757,0.40882756394738967,0.3888888888888889,108.0,0.2857142857142857,0.25925925925925924,0.3181818181818182,22.0,0.5098039215686274,0.48148148148148145,0.5416666666666666,24.0,0.21052631578947367,0.2,0.2222222222222222,18.0,0.46153846153846156,0.5294117647058824,0.4090909090909091,44.0,,,,
p_722,0.28809627374220675,0.2595238095238095,0.32570806100217864,0.4350200570296264,0.38650793650793647,0.5,108.0,0.6611570247933884,0.5714285714285714,0.7843137254901961,51.0,0.49122807017543857,0.4666666666666667,0.5185185185185185,27.0,0.0,0.0,0.0,11.0,0.0,0.0,0.0,19.0,,,,
p_723,0.274974974974975,0.3460083259652225,0.27762725779967157,0.2775382790197605,0.35572727347152633,0.2777777777777778,108.0,0.2702702702702703,0.625,0.1724137931034483,29.0,0.2962962962962963,0.3076923076923077,0.2857142857142857,28.0,0.24,0.20689655172413793,0.2857142857142857,21.0,0.29333333333333333,0.24444444444444444,0.36666666666666664,30.0,,,,
p_724,0.4688048025708235,0.4928225586470268,0.47160158920027345,0.4843482626937264,0.5073113040754885,0.49074074074074076,108.0,0.5569620253164557,0.46808510638297873,0.6875,32.0,0.375,0.46153846153846156,0.3157894736842105,19.0,0.5084745762711864,0.625,0.42857142857142855,35.0,0.43478260869565216,0.4166666666666667,0.45454545454545453,22.0,,,,
p_725,0.3337021279086099,0.3899482784657203,0.36040198271037316,0.3224568682990777,0.377477222390013,0.3333333333333333,108.0,0.325,0.3023255813953488,0.35135135135135137,37.0,0.4230769230769231,0.3142857142857143,0.6470588235294118,17.0,0.3225806451612903,0.625,0.21739130434782608,23.0,0.2641509433962264,0.3181818181818182,0.22580645161290322,31.0,,,,
p_726,0.41602733686067017,0.49106336301458253,0.41121031746031744,0.47769775948788296,0.5066997892201145,0.5,108.0,0.6172839506172839,0.6097560975609756,0.625,40.0,0.5111111111111111,0.42592592592592593,0.6388888888888888,36.0,0.25,0.5,0.16666666666666666,18.0,0.2857142857142857,0.42857142857142855,0.21428571428571427,14.0,,,,
p_727,0.3730899256254226,0.3865953947368421,0.381547619047619,0.3830628803245436,0.3861476608187135,0.39814814814814814,108.0,0.6176470588235294,0.5526315789473685,0.7,30.0,0.36666666666666664,0.34375,0.39285714285714285,28.0,0.2413793103448276,0.25,0.23333333333333334,30.0,0.26666666666666666,0.4,0.2,20.0,,,,
p_728,0.32411015719786884,0.3370200163398693,0.3464912280701754,0.35191553154409877,0.3569349885015735,0.37962962962962965,108.0,0.08333333333333333,0.2,0.05263157894736842,19.0,0.36619718309859156,0.40625,0.3333333333333333,39.0,0.47191011235955055,0.3888888888888889,0.6,35.0,0.375,0.35294117647058826,0.4,15.0,,,,
p_729,0.3296707705711076,0.3331776327552297,0.3266986636551854,0.33450345133863024,0.3361389236545682,0.3333333333333333,108.0,0.42857142857142855,0.45,0.4090909090909091,22.0,0.23880597014925373,0.23529411764705882,0.24242424242424243,33.0,0.3655913978494624,0.3617021276595745,0.3695652173913043,46.0,0.2857142857142857,0.2857142857142857,0.2857142857142857,7.0,,,,
p_730,0.4021864570425051,0.4290305730854511,0.41683908045977014,0.40329508751093557,0.43507246479807454,0.4166666666666667,108.0,0.32558139534883723,0.5384615384615384,0.23333333333333334,30.0,0.34782608695652173,0.36363636363636365,0.3333333333333333,24.0,0.5142857142857142,0.43902439024390244,0.6206896551724138,29.0,0.42105263157894735,0.375,0.48,25.0,,,,
p_731,0.3449275362318841,0.32479593536565055,0.4019169960474308,0.44277414669571524,0.40286646800056763,0.5277777777777778,108.0,0.5490196078431373,0.4827586206896552,0.6363636363636364,22.0,0.7130434782608696,0.5942028985507246,0.8913043478260869,46.0,0.0,0.0,0.0,15.0,0.11764705882352941,0.2222222222222222,0.08,25.0,,,,
p_732,0.2297832980972516,0.19634615384615384,0.27786377708978327,0.30703351342886226,0.26280626780626776,0.37037037037037035,108.0,0.0,0.0,0.0,19.0,0.4418604651162791,0.36538461538461536,0.5588235294117647,34.0,0.0,0.0,0.0,17.0,0.4772727272727273,0.42,0.5526315789473685,38.0,,,,
p_733,0.2619158619158619,0.34278002699055327,0.29062971342383104,0.33043129709796376,0.3801169590643275,0.3888888888888889,108.0,0.0,0.0,0.0,16.0,0.5299145299145299,0.3974358974358974,0.7948717948717948,39.0,0.19047619047619047,0.5,0.11764705882352941,17.0,0.32727272727272727,0.47368421052631576,0.25,36.0,,,,
p_734,0.3137626262626263,0.30324403134681976,0.334948752228164,0.35140759446315006,0.32895969598174807,0.3888888888888889,108.0,0.5050505050505051,0.423728813559322,0.625,40.0,0.3125,0.3225806451612903,0.30303030303030304,33.0,0.4375,0.4666666666666667,0.4117647058823529,17.0,0.0,0.0,0.0,18.0,,,,
p_735,0.3008147512864494,0.3360217318059299,0.319047619047619,0.3146067594180802,0.3571280385844065,0.3333333333333333,108.0,0.2,0.2857142857142857,0.15384615384615385,13.0,0.2545454545454545,0.4375,0.1794871794871795,39.0,0.4090909090909091,0.33962264150943394,0.5142857142857142,35.0,0.33962264150943394,0.28125,0.42857142857142855,21.0,,,,
p_736,0.3974610974610975,0.39820075757575757,0.41365626710454295,0.4842933842933843,0.46459385521885516,0.5277777777777778,108.0,0.6306306306306306,0.5303030303030303,0.7777777777777778,45.0,0.0,0.0,0.0,13.0,0.4864864864864865,0.5625,0.42857142857142855,21.0,0.4727272727272727,0.5,0.4482758620689655,29.0,,,,
p_737,0.343520924963348,0.3375129881012234,0.3625222816399287,0.35664468780389075,0.35417003395216906,0.37037037037037035,108.0,0.3333333333333333,0.28,0.4117647058823529,17.0,0.5833333333333334,0.5384615384615384,0.6363636363636364,33.0,0.1951219512195122,0.23529411764705882,0.16666666666666666,24.0,0.26229508196721313,0.2962962962962963,0.23529411764705882,34.0,,,,
p_738,0.3741748109902268,0.3726906158357771,0.38503161698283644,0.40631979019402953,0.40436850584700046,0.4166666666666667,108.0,0.5882352941176471,0.5681818181818182,0.6097560975609756,41.0,0.3448275862068966,0.3225806451612903,0.37037037037037035,27.0,0.36363636363636365,0.3333333333333333,0.4,15.0,0.2,0.26666666666666666,0.16,25.0,,,,
p_739,0.266507300684843,0.2368421052631579,0.3065656565656566,0.39097069675955837,0.34502923976608185,0.4537037037037037,108.0,0.0,0.0,0.0,15.0,0.4788732394366197,0.4473684210526316,0.5151515151515151,33.0,0.0,0.0,0.0,15.0,0.5871559633027523,0.5,0.7111111111111111,45.0,,,,
p_740,0.28409090909090906,0.2569826907946499,0.31800595238095236,0.44486531986531985,0.40107672582102166,0.5,108.0,0.6363636363636364,0.5645161290322581,0.7291666666666666,48.0,0.0,0.0,0.0,11.0,0.0,0.0,0.0,14.0,0.5,0.4634146341463415,0.5428571428571428,35.0,,,,
p_741,0.3882272073183266,0.43416305916305914,0.3813795853269537,0.40665507474789,0.43633424188979747,0.4166666666666667,108.0,0.34782608695652173,0.36363636363636365,0.3333333333333333,24.0,0.25,0.2777777777777778,0.22727272727272727,22.0,0.4444444444444444,0.6666666666666666,0.3333333333333333,24.0,0.5106382978723404,0.42857142857142855,0.631578947368421,38.0,,,,
p_742,0.32614905712306275,0.3904889912954429,0.3543621013133208,0.3814912531375627,0.43203002029166904,0.42592592592592593,108.0,0.30303030303030304,0.7142857142857143,0.19230769230769232,26.0,0.0,0.0,0.0,15.0,0.5161290322580645,0.4444444444444444,0.6153846153846154,26.0,0.4854368932038835,0.4032258064516129,0.6097560975609756,41.0,,,,
p_743,0.2953831882403311,0.2803776683087028,0.320271164021164,0.33970262541691115,0.3137429301222404,0.37962962962962965,108.0,0.5102040816326531,0.43103448275862066,0.625,40.0,0.0,0.0,0.0,20.0,0.3076923076923077,0.3333333333333333,0.2857142857142857,21.0,0.36363636363636365,0.35714285714285715,0.37037037037037035,27.0,,,,
p_744,0.47067528593336877,0.49280753968253965,0.47512194261420265,0.48852844116809163,0.5053093768371546,0.5,108.0,0.45714285714285713,0.4444444444444444,0.47058823529411764,17.0,0.4074074074074074,0.39285714285714285,0.4230769230769231,26.0,0.3902439024390244,0.5714285714285714,0.2962962962962963,27.0,0.627906976744186,0.5625,0.7105263157894737,38.0,,,,
p_745,0.2815590728921308,0.295109710550887,0.309769071508202,0.3161645958035385,0.31104324445827713,0.37037037037037035,108.0,0.24390243902439024,0.2777777777777778,0.21739130434782608,23.0,0.0625,0.14285714285714285,0.04,25.0,0.5420560747663551,0.4264705882352941,0.7435897435897436,39.0,0.2777777777777778,0.3333333333333333,0.23809523809523808,21.0,,,,
p_746,0.38384089777818003,0.4238095238095238,0.4287869458128079,0.3630967045601192,0.4277777777777778,0.3888888888888889,108.0,0.4878048780487805,0.4,0.625,16.0,0.36363636363636365,0.5333333333333333,0.27586206896551724,29.0,0.43902439024390244,0.3333333333333333,0.6428571428571429,28.0,0.24489795918367346,0.42857142857142855,0.17142857142857143,35.0,,,,
p_747,0.34300126103404793,0.3473861283643892,0.37742012889071713,0.34467485560381733,0.35360881067402805,0.37037037037037035,108.0,0.16666666666666666,0.3,0.11538461538461539,26.0,0.5,0.43478260869565216,0.5882352941176471,34.0,0.41025641025641024,0.3333333333333333,0.5333333333333333,15.0,0.29508196721311475,0.32142857142857145,0.2727272727272727,33.0,,,,
p_748,0.3327263471177945,0.34434574827281694,0.3638993120700438,0.4031440000464123,0.4358893333102465,0.42592592592592593,108.0,0.46875,0.6521739130434783,0.36585365853658536,41.0,0.0,0.0,0.0,11.0,0.38596491228070173,0.3548387096774194,0.4230769230769231,26.0,0.47619047619047616,0.37037037037037035,0.6666666666666666,30.0,,,,
p_749,0.35676691729323307,0.3698863636363637,0.39447115384615383,0.35660911538104517,0.3771885521885522,0.37962962962962965,108.0,0.3508771929824561,0.4,0.3125,32.0,0.43333333333333335,0.325,0.65,20.0,0.16666666666666666,0.3,0.11538461538461539,26.0,0.47619047619047616,0.45454545454545453,0.5,30.0,,,,
p_750,0.33845545002261423,0.32993559542902967,0.371742277992278,0.38491213963850784,0.3867068000237608,0.4074074074074074,108.0,0.6060606060606061,0.6896551724137931,0.5405405405405406,37.0,0.44776119402985076,0.3488372093023256,0.625,24.0,0.0,0.0,0.0,19.0,0.3,0.28125,0.32142857142857145,28.0,,,,
p_751,0.3722271359323669,0.4350419317524581,0.40157188936019794,0.3307175165470784,0.3960180900970375,0.35185185185185186,108.0,0.3,0.47368421052631576,0.21951219512195122,41.0,0.5263157894736842,0.7142857142857143,0.4166666666666667,12.0,0.20689655172413793,0.23076923076923078,0.1875,32.0,0.45569620253164556,0.32142857142857145,0.782608695652174,23.0,,,,
p_752,0.3263265306122449,0.3282229965156795,0.33048446651387825,0.33477702191987907,0.3326300167763583,0.3425925925925926,108.0,0.16666666666666666,0.21428571428571427,0.13636363636363635,22.0,0.40816326530612246,0.4,0.4166666666666667,24.0,0.37333333333333335,0.34146341463414637,0.4117647058823529,34.0,0.35714285714285715,0.35714285714285715,0.35714285714285715,28.0,,,,
p_753,0.2087912087912088,0.1937229437229437,0.2637820512820513,0.3069687514131959,0.2839105339105339,0.3888888888888889,108.0,0.25396825396825395,0.3333333333333333,0.20512820512820512,39.0,0.0,0.0,0.0,6.0,0.5811965811965812,0.44155844155844154,0.85,40.0,0.0,0.0,0.0,23.0,,,,
p_754,0.27578885126054936,0.27055555555555555,0.30813492063492065,0.3691519289003566,0.3387037037037037,0.4351851851851852,108.0,0.14814814814814814,0.2222222222222222,0.1111111111111111,18.0,0.0,0.0,0.0,17.0,0.6153846153846154,0.5,0.8,45.0,0.33962264150943394,0.36,0.32142857142857145,28.0,,,,
p_755,0.3403331620126345,0.402972027972028,0.35489253393665154,0.3543935892791314,0.39388543555210226,0.37037037037037035,108.0,0.4225352112676056,0.3333333333333333,0.5769230769230769,26.0,0.39215686274509803,0.38461538461538464,0.4,25.0,0.19047619047619047,0.5,0.11764705882352941,17.0,0.3561643835616438,0.3939393939393939,0.325,40.0,,,,
p_756,0.4170019157088123,0.44186661506707947,0.43564739608217873,0.44604264225911733,0.4567573959408325,0.4722222222222222,108.0,0.5396825396825397,0.4473684210526316,0.68,25.0,0.5714285714285714,0.5333333333333333,0.6153846153846154,39.0,0.35,0.4117647058823529,0.30434782608695654,23.0,0.20689655172413793,0.375,0.14285714285714285,21.0,,,,
p_757,0.3433662900188324,0.34471562919838783,0.34685314685314683,0.4327218037246286,0.43652866928728995,0.4351851851851852,108.0,0.4745762711864407,0.4827586206896552,0.4666666666666667,30.0,0.0,0.0,0.0,6.0,0.4722222222222222,0.5151515151515151,0.4358974358974359,39.0,0.4266666666666667,0.38095238095238093,0.48484848484848486,33.0,,,,
p_758,0.31472222222222224,0.307768451061134,0.33477011494252873,0.3075411522633745,0.30873191848801607,0.3148148148148148,108.0,0.2,0.23809523809523808,0.1724137931034483,29.0,0.3888888888888889,0.3181818181818182,0.5,14.0,0.32,0.3333333333333333,0.3076923076923077,26.0,0.35,0.34146341463414637,0.358974358974359,39.0,,,,
p_759,0.44149610529143163,0.4094285923554216,0.5046581196581197,0.4239483292048427,0.4052163855686891,0.46296296296296297,108.0,0.4533333333333333,0.4146341463414634,0.5,34.0,0.7058823529411765,0.5714285714285714,0.9230769230769231,13.0,0.058823529411764705,0.1111111111111111,0.04,25.0,0.547945205479452,0.5405405405405406,0.5555555555555556,36.0,,,,
p_760,0.282841377015542,0.286202778983934,0.3103174603174603,0.2791377760113462,0.2604774770428266,0.32407407407407407,108.0,0.0,0.0,0.0,28.0,0.36363636363636365,0.5,0.2857142857142857,14.0,0.3373493975903614,0.2978723404255319,0.3888888888888889,36.0,0.43037974683544306,0.3469387755102041,0.5666666666666667,30.0,,,,
p_761,0.46411443155629206,0.5997474747474748,0.44302126444983586,0.515674518775294,0.5564440703329593,0.5555555555555556,108.0,0.2702702702702703,0.45454545454545453,0.19230769230769232,26.0,0.5333333333333333,1.0,0.36363636363636365,11.0,0.7272727272727273,0.6111111111111112,0.8979591836734694,49.0,0.32558139534883723,0.3333333333333333,0.3181818181818182,22.0,,,,
p_762,0.3849093411365428,0.49643002855977153,0.3820887445887446,0.46580367663397015,0.49671241518956744,0.5,108.0,0.48717948717948717,0.4418604651162791,0.5428571428571428,35.0,0.10526315789473684,0.25,0.06666666666666667,15.0,0.6138613861386139,0.543859649122807,0.7045454545454546,44.0,0.3333333333333333,0.75,0.21428571428571427,14.0,,,,
p_763,0.35395622895622897,0.37527870680044595,0.3640979689366786,0.5189549819179449,0.5005574136008919,0.5740740740740741,108.0,0.7121212121212122,0.6025641025641025,0.8703703703703703,54.0,0.0,0.0,0.0,11.0,0.2222222222222222,0.3333333333333333,0.16666666666666666,12.0,0.48148148148148145,0.5652173913043478,0.41935483870967744,31.0,,,,
p_764,0.29690930426224543,0.2702343300747556,0.3296322888353249,0.3323158592766436,0.30150230017251295,0.37037037037037035,108.0,0.4411764705882353,0.40540540540540543,0.4838709677419355,31.0,0.2702702702702703,0.25,0.29411764705882354,17.0,0.47619047619047616,0.425531914893617,0.5405405405405406,37.0,0.0,0.0,0.0,23.0,,,,
p_765,0.33229813664596275,0.3348188405797102,0.3695652173913043,0.4250440917107583,0.42151234567901236,0.46296296296296297,108.0,0.6666666666666666,0.64,0.6956521739130435,46.0,0.37681159420289856,0.2826086956521739,0.5652173913043478,23.0,0.0,0.0,0.0,16.0,0.2857142857142857,0.4166666666666667,0.21739130434782608,23.0,,,,
p_766,0.31495919964229824,0.3076789195210248,0.32384856522787553,0.39509122637056904,0.3847723733201316,0.4074074074074074,108.0,0.4225352112676056,0.39473684210526316,0.45454545454545453,33.0,0.0,0.0,0.0,7.0,0.4444444444444444,0.42857142857142855,0.46153846153846156,39.0,0.39285714285714285,0.4074074074074074,0.3793103448275862,29.0,,,,
p_767,0.25960391314722026,0.2449561403508772,0.2883986928104575,0.43144038813330154,0.39788011695906433,0.49074074074074076,108.0,0.6141732283464567,0.5131578947368421,0.7647058823529411,51.0,0.0,0.0,0.0,5.0,0.42424242424242425,0.4666666666666667,0.3888888888888889,36.0,0.0,0.0,0.0,16.0,,,,
p_768,0.35442982456140354,0.524561403508772,0.34035569693464435,0.5354759584145549,0.5594379467186484,0.6111111111111112,108.0,0.75,0.631578947368421,0.9230769230769231,65.0,0.42105263157894735,0.8,0.2857142857142857,14.0,0.08,0.16666666666666666,0.05263157894736842,19.0,0.16666666666666666,0.5,0.1,10.0,,,,
p_769,0.3805484585249531,0.38344854070660517,0.43510879961740795,0.5011317398133954,0.4557305000853387,0.5925925925925926,108.0,0.631578947368421,0.5714285714285714,0.7058823529411765,34.0,0.13333333333333333,0.3333333333333333,0.08333333333333333,12.0,0.0,0.0,0.0,21.0,0.7572815533980582,0.6290322580645161,0.9512195121951219,41.0,,,,
p_770,0.42223205071502284,0.5720833333333333,0.4143689794778724,0.5298772530454677,0.5928086419753086,0.5648148148148148,108.0,0.6917293233082706,0.6133333333333333,0.7931034482758621,58.0,0.23529411764705882,0.5,0.15384615384615385,13.0,0.42857142857142855,0.375,0.5,18.0,0.3333333333333333,0.8,0.21052631578947367,19.0,,,,
p_771,0.34503479552740635,0.3548108200650574,0.3618024132730015,0.3663841611570128,0.36636721895667285,0.39814814814814814,108.0,0.20689655172413793,0.2727272727272727,0.16666666666666666,18.0,0.2222222222222222,0.3,0.17647058823529413,34.0,0.4,0.3888888888888889,0.4117647058823529,17.0,0.5510204081632653,0.4576271186440678,0.6923076923076923,39.0,,,,
p_772,0.32843633907463693,0.3293067226890757,0.3887445887445887,0.3585062603975133,0.36860021786492375,0.4166666666666667,108.0,0.2978723404255319,0.5,0.21212121212121213,33.0,0.0,0.0,0.0,20.0,0.4444444444444444,0.35294117647058826,0.6,20.0,0.5714285714285714,0.4642857142857143,0.7428571428571429,35.0,,,,
p_773,0.377478254792547,0.4053030303030303,0.3991841491841492,0.40371710344239886,0.4167368125701459,0.4444444444444444,108.0,0.5436893203883495,0.4375,0.717948717948718,39.0,0.07142857142857142,0.16666666666666666,0.045454545454545456,22.0,0.47619047619047616,0.45454545454545453,0.5,20.0,0.4186046511627907,0.5625,0.3333333333333333,27.0,,,,
p_774,0.3277785762617707,0.44137126865671644,0.321058327637275,0.35655644776422385,0.399887714206744,0.3888888888888889,108.0,0.4954128440366973,0.40298507462686567,0.6428571428571429,42.0,0.42105263157894735,0.8,0.2857142857142857,14.0,0.08695652173913043,0.25,0.05263157894736842,19.0,0.3076923076923077,0.3125,0.30303030303030304,33.0,,,,
p_775,0.3655117349970291,0.4769119769119769,0.369724025974026,0.4801727789881384,0.5189059911282133,0.5277777777777778,108.0,0.6818181818181818,0.5844155844155844,0.8181818181818182,55.0,0.29411764705882354,0.2777777777777778,0.3125,16.0,0.375,0.5454545454545454,0.2857142857142857,21.0,0.1111111111111111,0.5,0.0625,16.0,,,,
p_776,0.3613944752096894,0.37624509992931043,0.3935224089635855,0.329278977802246,0.3669760226777771,0.3425925925925926,108.0,0.3013698630136986,0.2894736842105263,0.3142857142857143,35.0,0.3333333333333333,0.2777777777777778,0.4166666666666667,24.0,0.2553191489361702,0.46153846153846156,0.17647058823529413,34.0,0.5555555555555556,0.47619047619047616,0.6666666666666666,15.0,,,,
p_777,0.4017995570321152,0.5621951219512196,0.4144189103656458,0.4742083999835937,0.5675248419150859,0.5462962962962963,108.0,0.2857142857142857,0.8,0.17391304347826086,23.0,0.16666666666666666,0.4,0.10526315789473684,19.0,0.6976744186046512,0.5487804878048781,0.9574468085106383,47.0,0.45714285714285713,0.5,0.42105263157894735,19.0,,,,
p_778,0.37482151835093014,0.4495018115942029,0.40548106784519833,0.4939643967748543,0.5189127079978529,0.5370370370370371,108.0,0.72,0.6521739130434783,0.8035714285714286,56.0,0.4117647058823529,0.3333333333333333,0.5384615384615384,13.0,0.2564102564102564,0.3125,0.21739130434782608,23.0,0.1111111111111111,0.5,0.0625,16.0,,,,
p_779,0.3826888809693514,0.47904040404040404,0.3897262647262647,0.4295383349612383,0.47398989898989896,0.4537037037037037,108.0,0.4166666666666667,0.5555555555555556,0.3333333333333333,30.0,0.45901639344262296,0.42424242424242425,0.5,28.0,0.5217391304347826,0.43636363636363634,0.6486486486486487,37.0,0.13333333333333333,0.5,0.07692307692307693,13.0,,,,
p_780,0.3250466924379968,0.34775910364145657,0.33916666666666667,0.3801190757712497,0.375658782031331,0.42592592592592593,108.0,0.5739130434782609,0.4714285714285714,0.7333333333333333,45.0,0.07692307692307693,0.16666666666666666,0.05,20.0,0.36363636363636365,0.4,0.3333333333333333,18.0,0.2857142857142857,0.35294117647058826,0.24,25.0,,,,
p_781,0.21079040311776884,0.21574271499644632,0.22402597402597405,0.25885510403839473,0.23759904182789757,0.2962962962962963,108.0,0.41739130434782606,0.3582089552238806,0.5,48.0,0.23529411764705882,0.3333333333333333,0.18181818181818182,11.0,0.0,0.0,0.0,21.0,0.19047619047619047,0.17142857142857143,0.21428571428571427,28.0,,,,
p_782,0.3003607420980302,0.2731699956101844,0.3501225490196078,0.3747179382772603,0.3400278021656424,0.42592592592592593,108.0,0.6271186440677966,0.5522388059701493,0.7254901960784313,51.0,0.0,0.0,0.0,29.0,0.32432432432432434,0.35294117647058826,0.3,20.0,0.25,0.1875,0.375,8.0,,,,
p_783,0.25757575757575757,0.2434077079107505,0.27375,0.31964708816560666,0.299733303282999,0.3425925925925926,108.0,0.48148148148148145,0.4482758620689655,0.52,50.0,0.18518518518518517,0.1724137931034483,0.2,25.0,0.36363636363636365,0.35294117647058826,0.375,16.0,0.0,0.0,0.0,17.0,,,,
p_784,0.4392114175133043,0.5264759750053868,0.4318863397810766,0.44799584296439643,0.5006174834606207,0.4537037037037037,108.0,0.4666666666666667,0.4117647058823529,0.5384615384615384,26.0,0.37735849056603776,0.38461538461538464,0.37037037037037035,27.0,0.5128205128205128,0.47619047619047616,0.5555555555555556,36.0,0.4,0.8333333333333334,0.2631578947368421,19.0,,,,
p_785,0.3107397504456328,0.3066842590694815,0.3256549232158988,0.3798755529147686,0.3829369823810283,0.3888888888888889,108.0,0.5333333333333333,0.5882352941176471,0.4878048780487805,41.0,0.32727272727272727,0.32142857142857145,0.3333333333333333,27.0,0.38235294117647056,0.3170731707317073,0.48148148148148145,27.0,0.0,0.0,0.0,13.0,,,,
p_786,0.35246848739495795,0.3493256743256743,0.37275413711583927,0.44550070028011207,0.4327006327006327,0.48148148148148145,108.0,0.5892857142857143,0.5076923076923077,0.7021276595744681,47.0,0.35,0.3181818181818182,0.3888888888888889,18.0,0.47058823529411764,0.5714285714285714,0.4,30.0,0.0,0.0,0.0,13.0,,,,
p_787,0.40127624887461366,0.4550543024227235,0.3975668337510443,0.42992842588311836,0.47322163433274544,0.4444444444444444,108.0,0.5048543689320388,0.4126984126984127,0.65,40.0,0.42857142857142855,0.42857142857142855,0.42857142857142855,21.0,0.38596491228070173,0.5789473684210527,0.2894736842105263,38.0,0.2857142857142857,0.4,0.2222222222222222,9.0,,,,
p_788,0.33273348204109543,0.3568102904040404,0.3607699547494529,0.38424653527799185,0.3880485994201272,0.4351851851851852,108.0,0.616822429906542,0.515625,0.7674418604651163,43.0,0.35,0.3888888888888889,0.3181818181818182,22.0,0.2926829268292683,0.2727272727272727,0.3157894736842105,19.0,0.07142857142857142,0.25,0.041666666666666664,24.0,,,,
p_789,0.34743278754800894,0.38723536350654997,0.3336466165413534,0.3515430227073647,0.3788128694908356,0.35185185185185186,108.0,0.35051546391752575,0.288135593220339,0.4473684210526316,38.0,0.39215686274509803,0.47619047619047616,0.3333333333333333,30.0,0.29411764705882354,0.38461538461538464,0.23809523809523808,21.0,0.35294117647058826,0.4,0.3157894736842105,19.0,,,,
p_790,0.29298495354425924,0.30756727725011307,0.306644013880856,0.42350633837829804,0.4104283925490393,0.46296296296296297,108.0,0.6218487394957983,0.5522388059701493,0.7115384615384616,52.0,0.0,0.0,0.0,9.0,0.32786885245901637,0.30303030303030304,0.35714285714285715,28.0,0.2222222222222222,0.375,0.15789473684210525,19.0,,,,
p_791,0.29789473684210527,0.33885017421602787,0.323680679785331,0.3691617933723197,0.38554974835462635,0.4351851851851852,108.0,0.56,0.4268292682926829,0.813953488372093,43.0,0.3157894736842105,0.42857142857142855,0.25,24.0,0.0,0.0,0.0,15.0,0.3157894736842105,0.5,0.23076923076923078,26.0,,,,
p_792,0.36403061224489797,0.3846153846153846,0.37457912457912457,0.4410808767951625,0.43839031339031337,0.48148148148148145,108.0,0.6071428571428571,0.5,0.7727272727272727,44.0,0.4,0.5384615384615384,0.3181818181818182,22.0,0.0,0.0,0.0,15.0,0.4489795918367347,0.5,0.4074074074074074,27.0,,,,
p_793,0.26384877269253293,0.2764127764127764,0.29158072766273413,0.2959347450558281,0.29824369824369823,0.3333333333333333,108.0,0.4186046511627907,0.32727272727272727,0.5806451612903226,31.0,0.24242424242424243,0.4,0.17391304347826086,23.0,0.39436619718309857,0.3783783783783784,0.4117647058823529,34.0,0.0,0.0,0.0,20.0,,,,
p_794,0.3421162444113264,0.3570833333333333,0.3652169378389654,0.45445824363857146,0.435570987654321,0.5185185185185185,108.0,0.6557377049180327,0.5333333333333333,0.851063829787234,47.0,0.4727272727272727,0.52,0.43333333333333335,30.0,0.0,0.0,0.0,14.0,0.24,0.375,0.17647058823529413,17.0,,,,
p_795,0.36328470092370196,0.5178571428571428,0.378532450946244,0.371048843938763,0.49041005291005285,0.39814814814814814,108.0,0.5116279069767442,0.39285714285714285,0.7333333333333333,30.0,0.3076923076923077,1.0,0.18181818181818182,22.0,0.2127659574468085,0.25,0.18518518518518517,27.0,0.42105263157894735,0.42857142857142855,0.41379310344827586,29.0,,,,
p_796,0.3144444444444444,0.5129411329502577,0.3446653239156826,0.35584362139917697,0.49965017176292426,0.37962962962962965,108.0,0.40476190476190477,0.3953488372093023,0.4146341463414634,41.0,0.09523809523809523,1.0,0.05,20.0,0.48,0.43902439024390244,0.5294117647058824,34.0,0.2777777777777778,0.21739130434782608,0.38461538461538464,13.0,,,,
p_797,0.34427083333333336,0.34242186538698166,0.35586805555555556,0.3757561728395062,0.3734357126906653,0.3888888888888889,108.0,0.5,0.48148148148148145,0.52,25.0,0.4533333333333333,0.3953488372093023,0.53125,32.0,0.34375,0.39285714285714285,0.3055555555555556,36.0,0.08,0.1,0.06666666666666667,15.0,,,,
p_798,0.4215149769585253,0.6656249999999999,0.4051677489177489,0.44352705239802015,0.5828703703703704,0.49074074074074076,108.0,0.5967741935483871,0.4625,0.8409090909090909,44.0,0.5,1.0,0.3333333333333333,12.0,0.375,0.45,0.32142857142857145,28.0,0.21428571428571427,0.75,0.125,24.0,,,,
p_799,0.4085244589902283,0.48205980066445187,0.4038865546218488,0.4142017875340809,0.4561892457241295,0.42592592592592593,108.0,0.4507042253521127,0.37209302325581395,0.5714285714285714,28.0,0.4810126582278481,0.4418604651162791,0.5277777777777778,36.0,0.2857142857142857,0.4,0.2222222222222222,27.0,0.4166666666666667,0.7142857142857143,0.29411764705882354,17.0,,,,
p_800,0.34877899877899876,0.3367617702906665,0.394306887532694,0.39445348889793336,0.39224609730720056,0.4351851851851852,108.0,0.4,0.5217391304347826,0.32432432432432434,37.0,0.5079365079365079,0.42105263157894735,0.64,25.0,0.48717948717948717,0.40425531914893614,0.6129032258064516,31.0,0.0,0.0,0.0,15.0,,,,
p_801,0.2968529582607252,0.28602941176470587,0.31745060325231683,0.38824540456147794,0.36547748729121277,0.42592592592592593,108.0,0.3076923076923077,0.3333333333333333,0.2857142857142857,35.0,0.0,0.0,0.0,11.0,0.2777777777777778,0.29411764705882354,0.2631578947368421,19.0,0.6019417475728155,0.5166666666666667,0.7209302325581395,43.0,,,,
p_802,0.2903709317502421,0.2952277711323764,0.32132478632478634,0.2926789047478702,0.29507520379230906,0.32407407407407407,108.0,0.25396825396825395,0.24242424242424243,0.26666666666666666,30.0,0.06666666666666667,0.2,0.04,25.0,0.3793103448275862,0.34375,0.4230769230769231,26.0,0.46153846153846156,0.39473684210526316,0.5555555555555556,27.0,,,,
p_803,0.3328059264678983,0.30589430894308944,0.3678016726403823,0.3590821020398485,0.3290800963565191,0.39814814814814814,108.0,0.4507042253521127,0.3902439024390244,0.5333333333333333,30.0,0.509090909090909,0.5,0.5185185185185185,27.0,0.37142857142857144,0.3333333333333333,0.41935483870967744,31.0,0.0,0.0,0.0,20.0,,,,
p_804,0.319969040247678,0.40063210528798526,0.31992150006855885,0.3601851851851852,0.3910681932935341,0.37037037037037035,108.0,0.5588235294117647,0.5588235294117647,0.5588235294117647,34.0,0.34210526315789475,0.3023255813953488,0.3939393939393939,33.0,0.24561403508771928,0.2413793103448276,0.25,28.0,0.13333333333333333,0.5,0.07692307692307693,13.0,,,,
p_805,0.36214214725450683,0.3853984920239282,0.3833333333333333,0.4540795903155454,0.48643133100697905,0.4722222222222222,108.0,0.5675675675675675,0.65625,0.5,42.0,0.47191011235955055,0.3559322033898305,0.7,30.0,0.4090909090909091,0.5294117647058824,0.3333333333333333,27.0,0.0,0.0,0.0,9.0,,,,
p_806,0.368715550994032,0.3704402515723271,0.382040257040257,0.46397607171165545,0.4539366410435593,0.49074074074074076,108.0,0.6075949367088608,0.6,0.6153846153846154,39.0,0.0,0.0,0.0,10.0,0.3783783783783784,0.4666666666666667,0.3181818181818182,22.0,0.4888888888888889,0.41509433962264153,0.5945945945945946,37.0,,,,
p_807,0.3070436507936508,0.3278409090909091,0.3302634865134865,0.4163727219282775,0.4021885521885522,0.49074074074074076,108.0,0.625,0.5113636363636364,0.8035714285714286,56.0,0.2222222222222222,0.4,0.15384615384615385,26.0,0.0,0.0,0.0,15.0,0.38095238095238093,0.4,0.36363636363636365,11.0,,,,
p_808,0.3325285338015803,0.40476190476190477,0.36444024725274726,0.3968312034598251,0.40255731922398585,0.46296296296296297,108.0,0.44776119402985076,0.42857142857142855,0.46875,32.0,0.23529411764705882,0.6666666666666666,0.14285714285714285,14.0,0.0,0.0,0.0,23.0,0.6470588235294118,0.5238095238095238,0.8461538461538461,39.0,,,,
p_809,0.2605796217205613,0.2868788819875776,0.29078947368421054,0.42809233272320524,0.3953157349896481,0.5277777777777778,108.0,0.7114093959731543,0.5760869565217391,0.9298245614035088,57.0,0.0,0.0,0.0,18.0,0.24,0.42857142857142855,0.16666666666666666,18.0,0.09090909090909091,0.14285714285714285,0.06666666666666667,15.0,,,,
p_810,0.3101654100375328,0.3306286549707602,0.3253453947368421,0.3406381437071974,0.3466401342863331,0.3611111111111111,108.0,0.47058823529411764,0.4444444444444444,0.5,32.0,0.2545454545454545,0.23333333333333334,0.28,25.0,0.08695652173913043,0.25,0.05263157894736842,19.0,0.42857142857142855,0.39473684210526316,0.46875,32.0,,,,
p_811,0.3528151260504202,0.36939163777399076,0.36525974025974023,0.35838779956427014,0.3709712128829776,0.37962962962962965,108.0,0.49411764705882355,0.40384615384615385,0.6363636363636364,33.0,0.35714285714285715,0.35714285714285715,0.35714285714285715,28.0,0.32,0.36363636363636365,0.2857142857142857,14.0,0.24,0.35294117647058826,0.18181818181818182,33.0,,,,
p_812,0.3820712836123795,0.3863346747149564,0.42576297227460014,0.4937719619670406,0.49794010979456993,0.5555555555555556,108.0,0.6301369863013698,0.7666666666666667,0.5348837209302325,43.0,0.6481481481481481,0.49295774647887325,0.9459459459459459,37.0,0.25,0.2857142857142857,0.2222222222222222,9.0,0.0,0.0,0.0,19.0,,,,
p_813,0.36056231003039513,0.3909558378705384,0.3690033085194375,0.36686648654733767,0.39984819968183555,0.37962962962962965,108.0,0.44680851063829785,0.3620689655172414,0.5833333333333334,36.0,0.3404255319148936,0.5,0.25806451612903225,31.0,0.2978723404255319,0.3684210526315789,0.25,28.0,0.35714285714285715,0.3333333333333333,0.38461538461538464,13.0,,,,
p_814,0.28396157574595465,0.3760869565217391,0.27931681681681686,0.3167105498326936,0.3666129898013956,0.3333333333333333,108.0,0.3373493975903614,0.30434782608695654,0.3783783783783784,37.0,0.1,0.2,0.06666666666666667,15.0,0.3076923076923077,0.6666666666666666,0.2,20.0,0.39080459770114945,0.3333333333333333,0.4722222222222222,36.0,,,,
p_815,0.24476570289132604,0.26214574898785425,0.27056277056277056,0.32845906724271634,0.3362010796221323,0.37962962962962965,108.0,0.5084745762711864,0.39473684210526316,0.7142857142857143,42.0,0.0,0.0,0.0,12.0,0.35294117647058826,0.5,0.2727272727272727,33.0,0.11764705882352941,0.15384615384615385,0.09523809523809523,21.0,,,,
p_816,0.3440126050420168,0.4527836504580691,0.3553475935828877,0.43534080298786176,0.4835499699840785,0.5092592592592593,108.0,0.6617647058823529,0.5232558139534884,0.9,50.0,0.0,0.0,0.0,19.0,0.35714285714285715,0.45454545454545453,0.29411764705882354,17.0,0.35714285714285715,0.8333333333333334,0.22727272727272727,22.0,,,,
p_817,0.35441499788090697,0.5175438596491229,0.39781746031746035,0.38973309238460746,0.4991471734892788,0.46296296296296297,108.0,0.6115702479338843,0.4868421052631579,0.8222222222222222,45.0,0.41025641025641024,0.3333333333333333,0.5333333333333333,15.0,0.3333333333333333,1.0,0.2,20.0,0.0625,0.25,0.03571428571428571,28.0,,,,
p_818,0.39593228595786145,0.5675531914893617,0.36928937045541527,0.5824052648434576,0.6102245862884161,0.6481481481481481,108.0,0.782608695652174,0.6702127659574468,0.9402985074626866,67.0,0.09523809523809523,0.2,0.0625,16.0,0.23529411764705882,0.4,0.16666666666666666,12.0,0.47058823529411764,1.0,0.3076923076923077,13.0,,,,
p_819,0.29687366737739873,0.3032418552399294,0.3135416666666666,0.40049425491589674,0.38363885471091375,0.4444444444444444,108.0,0.3582089552238806,0.3870967741935484,0.3333333333333333,36.0,0.24,0.3333333333333333,0.1875,16.0,0.5892857142857143,0.4925373134328358,0.7333333333333333,45.0,0.0,0.0,0.0,11.0,,,,
p_820,0.30979676710608917,0.33629298941798946,0.3608299595141701,0.33605734579526164,0.393877376053302,0.37037037037037035,108.0,0.4074074074074074,0.6875,0.2894736842105263,38.0,0.4067796610169492,0.34285714285714286,0.5,24.0,0.0,0.0,0.0,20.0,0.425,0.3148148148148148,0.6538461538461539,26.0,,,,
p_821,0.34014414719788627,0.35189020939445387,0.34215795328142384,0.3460718564743996,0.36190047999329267,0.3425925925925926,108.0,0.34375,0.3333333333333333,0.3548387096774194,31.0,0.4444444444444444,0.48,0.41379310344827586,29.0,0.27450980392156865,0.22580645161290322,0.35,20.0,0.2978723404255319,0.3684210526315789,0.25,28.0,,,,
p_822,0.38595263895971443,0.496692037470726,0.41490683229813663,0.4131589333043736,0.5016642813773962,0.46296296296296297,108.0,0.21621621621621623,0.2857142857142857,0.17391304347826086,23.0,0.26666666666666666,0.8,0.16,25.0,0.41509433962264153,0.39285714285714285,0.44,25.0,0.6458333333333334,0.5081967213114754,0.8857142857142857,35.0,,,,
p_823,0.4253544127044233,0.438936275588818,0.5022727272727272,0.4236714289846612,0.45985245921686596,0.4722222222222222,108.0,0.5957446808510638,0.4745762711864407,0.8,35.0,0.5806451612903226,0.45,0.8181818181818182,11.0,0.13793103448275862,0.2857142857142857,0.09090909090909091,22.0,0.3870967741935484,0.5454545454545454,0.3,40.0,,,,
p_824,0.2591995221027479,0.24215561224489796,0.3362164151637836,0.25344926766671094,0.25494614512471653,0.3148148148148148,108.0,0.45161290322580644,0.35,0.6363636363636364,22.0,0.4,0.30612244897959184,0.5769230769230769,26.0,0.0,0.0,0.0,22.0,0.18518518518518517,0.3125,0.13157894736842105,38.0,,,,
p_825,0.3864224137931035,0.40938995215311,0.38530582922824297,0.462587803320562,0.45427963849016484,0.49074074074074076,108.0,0.6206896551724138,0.5454545454545454,0.72,50.0,0.16666666666666666,0.25,0.125,8.0,0.20833333333333334,0.2631578947368421,0.1724137931034483,29.0,0.55,0.5789473684210527,0.5238095238095238,21.0,,,,
p_826,0.26704545454545453,0.21647727272727274,0.34877622377622375,0.29692760942760943,0.24027777777777778,0.3888888888888889,108.0,0.45454545454545453,0.375,0.5769230769230769,26.0,0.6136363636363636,0.4909090909090909,0.8181818181818182,33.0,0.0,0.0,0.0,19.0,0.0,0.0,0.0,30.0,,,,
p_827,0.41710398363624174,0.4277438248026484,0.42978590629800306,0.4456641815512783,0.4456186515010044,0.4722222222222222,108.0,0.5945945945945946,0.5238095238095238,0.6875,48.0,0.5161290322580645,0.47058823529411764,0.5714285714285714,14.0,0.25,0.35294117647058826,0.1935483870967742,31.0,0.3076923076923077,0.36363636363636365,0.26666666666666666,15.0,,,,
p_828,0.2818115144847818,0.27460526315789474,0.30106593044940944,0.3435738635591954,0.3244785575048733,0.37962962962962965,108.0,0.5346534653465347,0.45,0.6585365853658537,41.0,0.0,0.0,0.0,15.0,0.3333333333333333,0.3684210526315789,0.30434782608695654,23.0,0.25925925925925924,0.28,0.2413793103448276,29.0,,,,
p_829,0.34229323308270676,0.36356872294372294,0.34224060822898034,0.5193400167084378,0.5256934423601091,0.5370370370370371,108.0,0.6428571428571429,0.5625,0.75,48.0,0.2,0.2857142857142857,0.15384615384615385,13.0,0.5263157894736842,0.6060606060606061,0.46511627906976744,43.0,0.0,0.0,0.0,4.0,,,,
p_830,0.2680822013497134,0.34036144578313254,0.296787642182379,0.29538322584465604,0.3444109772423025,0.3611111111111111,108.0,0.4918032786885246,0.3614457831325301,0.7692307692307693,39.0,0.10526315789473684,0.2,0.07142857142857142,14.0,0.13043478260869565,0.3,0.08333333333333333,36.0,0.3448275862068966,0.5,0.2631578947368421,19.0,,,,
p_831,0.3872498623610971,0.39617034313725485,0.3890575798470536,0.49152886130700996,0.4768382352941176,0.5185185185185185,108.0,0.7241379310344828,0.65625,0.8076923076923077,52.0,0.3888888888888889,0.4117647058823529,0.3684210526315789,19.0,0.1935483870967742,0.25,0.15789473684210525,19.0,0.24242424242424243,0.26666666666666666,0.2222222222222222,18.0,,,,
p_832,0.4727413890457369,0.5036255411255411,0.4826388888888889,0.510536698942496,0.5384800384800384,0.5092592592592593,108.0,0.5797101449275363,0.6060606060606061,0.5555555555555556,36.0,0.36363636363636365,0.2857142857142857,0.5,12.0,0.5476190476190477,0.5227272727272727,0.575,40.0,0.4,0.6,0.3,20.0,,,,
p_833,0.3159722222222222,0.3545995670995671,0.3281687675070028,0.4055335097001764,0.4274410774410774,0.4444444444444444,108.0,0.5892857142857143,0.4714285714285714,0.7857142857142857,42.0,0.3888888888888889,0.5833333333333334,0.2916666666666667,24.0,0.2857142857142857,0.36363636363636365,0.23529411764705882,34.0,0.0,0.0,0.0,8.0,,,,
p_834,0.357163919450192,0.41033549783549783,0.38458417849898585,0.3565859809142662,0.3733104858104858,0.4074074074074074,108.0,0.5217391304347826,0.45,0.6206896551724138,29.0,0.38095238095238093,0.6666666666666666,0.26666666666666666,15.0,0.47191011235955055,0.38181818181818183,0.6176470588235294,34.0,0.05405405405405406,0.14285714285714285,0.03333333333333333,30.0,,,,
p_835,0.2939318745770359,0.3358477011494253,0.31007518796992484,0.4469341888696728,0.44618720732226475,0.5185185185185185,108.0,0.6713286713286714,0.5517241379310345,0.8571428571428571,56.0,0.3225806451612903,0.4166666666666667,0.2631578947368421,19.0,0.18181818181818182,0.375,0.12,25.0,0.0,0.0,0.0,8.0,,,,
p_836,0.26985645933014357,0.26963315217391304,0.2810235507246377,0.2981924508240298,0.3020304951690821,0.3055555555555556,108.0,0.4,0.34375,0.4782608695652174,23.0,0.0,0.0,0.0,17.0,0.3157894736842105,0.3,0.3333333333333333,36.0,0.36363636363636365,0.43478260869565216,0.3125,32.0,,,,
p_837,0.2531904929165203,0.2504478280340349,0.2965909090909091,0.392347153382161,0.39274518584863416,0.4537037037037037,108.0,0.4657534246575342,0.5862068965517241,0.38636363636363635,44.0,0.0,0.0,0.0,17.0,0.5470085470085471,0.4155844155844156,0.8,40.0,0.0,0.0,0.0,7.0,,,,
p_838,0.27521367521367524,0.25665374677002584,0.30171130952380953,0.31652421652421653,0.29070485213896063,0.35185185185185186,108.0,0.4,0.3488372093023256,0.46875,32.0,0.2564102564102564,0.2777777777777778,0.23809523809523808,21.0,0.4444444444444444,0.4,0.5,36.0,0.0,0.0,0.0,19.0,,,,
p_839,0.24915329768270944,0.2562078272604588,0.2674474474474474,0.3036096256684492,0.3070775228669965,0.3333333333333333,108.0,0.26666666666666666,0.3333333333333333,0.2222222222222222,36.0,0.3181818181818182,0.3684210526315789,0.28,25.0,0.4117647058823529,0.3230769230769231,0.5675675675675675,37.0,0.0,0.0,0.0,10.0,,,,
p_840,0.36117424242424245,0.35508048289738425,0.38279478458049887,0.5325687429854097,0.5072360086444593,0.5833333333333334,108.0,0.6363636363636364,0.7,0.5833333333333334,36.0,0.0,0.0,0.0,14.0,0.6833333333333333,0.5774647887323944,0.8367346938775511,49.0,0.125,0.14285714285714285,0.1111111111111111,9.0,,,,
p_841,0.3292522750727085,0.32899061032863847,0.3656330749354005,0.4572062211381097,0.42981220657277,0.5277777777777778,108.0,0.0,0.0,0.0,17.0,0.6842105263157895,0.5492957746478874,0.9069767441860465,43.0,0.5151515151515151,0.5666666666666667,0.4722222222222222,36.0,0.11764705882352941,0.2,0.08333333333333333,12.0,,,,
p_842,0.35370879120879123,0.390764281230383,0.36302643369175625,0.35338092976981866,0.3880414312617702,0.37037037037037035,108.0,0.4444444444444444,0.3389830508474576,0.6451612903225806,31.0,0.35714285714285715,0.4166666666666667,0.3125,16.0,0.3055555555555556,0.4074074074074074,0.24444444444444444,45.0,0.3076923076923077,0.4,0.25,16.0,,,,
p_843,0.38036701860231276,0.398391812865497,0.3749062828010196,0.39150233692717357,0.4058641975308642,0.3888888888888889,108.0,0.4444444444444444,0.5263157894736842,0.38461538461538464,26.0,0.3384615384615385,0.2894736842105263,0.4074074074074074,27.0,0.4444444444444444,0.4444444444444444,0.4444444444444444,36.0,0.29411764705882354,0.3333333333333333,0.2631578947368421,19.0,,,,
p_844,0.3829510971055089,0.3654487179487179,0.43995098039215685,0.4509868762319743,0.4143304843304843,0.5277777777777778,108.0,0.4117647058823529,0.5384615384615384,0.3333333333333333,21.0,0.6825396825396826,0.5733333333333334,0.8431372549019608,51.0,0.0,0.0,0.0,24.0,0.4375,0.35,0.5833333333333334,12.0,,,,
p_845,0.291218733886581,0.2924603174603174,0.3375762859633828,0.32315748965227986,0.31859200470311577,0.3888888888888889,108.0,0.3902439024390244,0.38095238095238093,0.4,20.0,0.0,0.0,0.0,20.0,0.5137614678899083,0.3888888888888889,0.7567567567567568,37.0,0.2608695652173913,0.4,0.1935483870967742,31.0,,,,
p_846,0.3253623188405797,0.3390952872377021,0.3449074074074074,0.3922347468241188,0.3921998624011008,0.4351851851851852,108.0,0.43478260869565216,0.5263157894736842,0.37037037037037035,27.0,0.3111111111111111,0.3888888888888889,0.25925925925925924,27.0,0.5555555555555556,0.4411764705882353,0.75,40.0,0.0,0.0,0.0,14.0,,,,
p_847,0.34096628303945375,0.3136904761904762,0.3765625,0.3898554521860755,0.36225749559082887,0.42592592592592593,108.0,0.3888888888888889,0.35,0.4375,16.0,0.5853658536585366,0.5714285714285714,0.6,40.0,0.38961038961038963,0.3333333333333333,0.46875,32.0,0.0,0.0,0.0,20.0,,,,
p_848,0.39690213168474037,0.5055970149253731,0.4001906893835758,0.4739768551362754,0.5120001842638658,0.5185185185185185,108.0,0.6363636363636364,0.5223880597014925,0.813953488372093,43.0,0.1111111111111111,0.3333333333333333,0.06666666666666667,15.0,0.49230769230769234,0.5,0.48484848484848486,33.0,0.34782608695652173,0.6666666666666666,0.23529411764705882,17.0,,,,
p_849,0.33728431116371294,0.3521256038647343,0.3597727272727273,0.36228568598417504,0.3890141349078547,0.3611111111111111,108.0,0.32558139534883723,0.4666666666666667,0.25,28.0,0.28,0.28,0.28,25.0,0.29411764705882354,0.21739130434782608,0.45454545454545453,11.0,0.449438202247191,0.4444444444444444,0.45454545454545453,44.0,,,,
p_850,0.38026265754019994,0.35455755578093306,0.42628034733297887,0.4336666224024981,0.3934445665239276,0.5,108.0,0.4745762711864407,0.4375,0.5185185185185185,27.0,0.6875,0.5689655172413793,0.868421052631579,38.0,0.0,0.0,0.0,21.0,0.358974358974359,0.4117647058823529,0.3181818181818182,22.0,,,,
p_851,0.37197356215213356,0.3926839464882943,0.37487668980635735,0.3975271421699993,0.42704075312770967,0.39814814814814814,108.0,0.32653061224489793,0.3076923076923077,0.34782608695652173,23.0,0.43636363636363634,0.6,0.34285714285714286,35.0,0.475,0.41304347826086957,0.5588235294117647,34.0,0.25,0.25,0.25,16.0,,,,
p_852,0.3329164944191815,0.34065459938652376,0.34492369200015377,0.32480784836096954,0.3344009867554547,0.3333333333333333,108.0,0.3389830508474576,0.3448275862068966,0.3333333333333333,30.0,0.2926829268292683,0.4,0.23076923076923078,26.0,0.2,0.1935483870967742,0.20689655172413793,29.0,0.5,0.42424242424242425,0.6086956521739131,23.0,,,,
p_853,0.31928357930132634,0.3141654978962132,0.3405128205128205,0.37121534480492074,0.35717625058438524,0.4074074074074074,108.0,0.4752475247524752,0.3870967741935484,0.6153846153846154,39.0,0.0,0.0,0.0,14.0,0.3018867924528302,0.34782608695652173,0.26666666666666666,30.0,0.5,0.5217391304347826,0.48,25.0,,,,
p_854,0.29227008615507916,0.3027027027027027,0.30295785440613027,0.46501443338750487,0.45832597303185535,0.5092592592592593,108.0,0.391304347826087,0.5294117647058824,0.3103448275862069,29.0,0.0,0.0,0.0,10.0,0.6129032258064516,0.5135135135135135,0.76,50.0,0.45714285714285713,0.47058823529411764,0.4444444444444444,18.0,0.0,0.0,0.0,1.0
p_855,0.2665023620265339,0.2531832298136646,0.29130932896890344,0.3126035252813845,0.28080572808833676,0.3611111111111111,108.0,0.0,0.0,0.0,23.0,0.33962264150943394,0.32142857142857145,0.36,25.0,0.46551724137931033,0.391304347826087,0.574468085106383,47.0,0.2608695652173913,0.3,0.23076923076923078,13.0,,,,
p_856,0.20706300813008133,0.18397583429228997,0.2548076923076923,0.2888249021379103,0.2467821676682436,0.37037037037037035,108.0,0.5365853658536586,0.4177215189873418,0.75,44.0,0.0,0.0,0.0,6.0,0.0,0.0,0.0,32.0,0.2916666666666667,0.3181818181818182,0.2692307692307692,26.0,,,,
p_857,0.37689393939393945,0.3617835968379447,0.394534632034632,0.4364478114478115,0.42143048845947395,0.4537037037037037,108.0,0.4318181818181818,0.41304347826086957,0.4523809523809524,42.0,0.5,0.4583333333333333,0.55,20.0,0.5757575757575758,0.5757575757575758,0.5757575757575758,33.0,0.0,0.0,0.0,13.0,,,,
p_858,0.3246820032662794,0.3550944669365722,0.35566433566433564,0.40440199650978115,0.41236192332683563,0.4537037037037037,108.0,0.12903225806451613,0.3333333333333333,0.08,25.0,0.10526315789473684,0.16666666666666666,0.07692307692307693,13.0,0.4307692307692308,0.358974358974359,0.5384615384615384,26.0,0.6336633663366337,0.5614035087719298,0.7272727272727273,44.0,,,,
p_859,0.40497920997921,0.432818342648064,0.4036582515194016,0.4093358743358743,0.4400718820223464,0.4074074074074074,108.0,0.3783783783783784,0.3181818181818182,0.4666666666666667,30.0,0.46153846153846156,0.42857142857142855,0.5,24.0,0.48,0.631578947368421,0.3870967741935484,31.0,0.3,0.35294117647058826,0.2608695652173913,23.0,,,,
p_860,0.27722832722832724,0.255948275862069,0.31862745098039214,0.3069687514131959,0.2906162196679438,0.3425925925925926,108.0,0.42857142857142855,0.36,0.5294117647058824,34.0,0.0,0.0,0.0,21.0,0.3111111111111111,0.25,0.4117647058823529,17.0,0.36923076923076925,0.41379310344827586,0.3333333333333333,36.0,,,,
p_861,0.24982468443197753,0.23608226392700837,0.27219453672942046,0.3507285335826711,0.32549685840428366,0.3888888888888889,108.0,0.43478260869565216,0.4411764705882353,0.42857142857142855,35.0,0.0,0.0,0.0,12.0,0.5,0.4262295081967213,0.6046511627906976,43.0,0.06451612903225806,0.07692307692307693,0.05555555555555555,18.0,,,,
p_862,0.38464316544227756,0.5329861111111112,0.36940673705379584,0.425234943732909,0.47800925925925924,0.4537037037037037,108.0,0.5283018867924528,0.4375,0.6666666666666666,42.0,0.47058823529411764,1.0,0.3076923076923077,13.0,0.09523809523809523,0.25,0.058823529411764705,17.0,0.4444444444444444,0.4444444444444444,0.4444444444444444,36.0,,,,
p_863,0.3110459050599896,0.44316239316239314,0.3221639471639472,0.44730240151471246,0.5244381133270022,0.5185185185185185,108.0,0.647887323943662,0.5111111111111111,0.8846153846153846,52.0,0.0,0.0,0.0,7.0,0.3,0.46153846153846156,0.2222222222222222,27.0,0.2962962962962963,0.8,0.18181818181818182,22.0,,,,
p_864,0.2737160441426146,0.287143928035982,0.28809523809523807,0.37846043199396334,0.3735923704814259,0.4166666666666667,108.0,0.5263157894736842,0.43478260869565216,0.6666666666666666,45.0,0.0,0.0,0.0,7.0,0.375,0.41379310344827586,0.34285714285714286,35.0,0.1935483870967742,0.3,0.14285714285714285,21.0,,,,
p_865,0.34229784534517527,0.36433756805807616,0.34359445124439003,0.43059740756684367,0.4262452107279693,0.4537037037037037,108.0,0.5263157894736842,0.5263157894736842,0.5263157894736842,38.0,0.34782608695652173,0.5,0.26666666666666666,15.0,0.49504950495049505,0.43103448275862066,0.5813953488372093,43.0,0.0,0.0,0.0,12.0,,,,
p_866,0.24818389636779276,0.2853846153846154,0.2643041000183857,0.362355243229005,0.36088319088319093,0.4166666666666667,108.0,0.22580645161290322,0.28,0.1891891891891892,37.0,0.0,0.0,0.0,7.0,0.5669291338582677,0.46153846153846156,0.7346938775510204,49.0,0.2,0.4,0.13333333333333333,15.0,,,,
p_867,0.2750437609402351,0.30474397590361446,0.30869565217391304,0.3955942689376048,0.40368418116912097,0.4722222222222222,108.0,0.4,0.6,0.3,30.0,0.0,0.0,0.0,9.0,0.6356589147286822,0.4939759036144578,0.8913043478260869,46.0,0.06451612903225806,0.125,0.043478260869565216,23.0,,,,
p_868,0.36696262956901254,0.43140554875560994,0.35665584415584417,0.39071528156634544,0.4158733396799492,0.39814814814814814,108.0,0.46153846153846156,0.4186046511627907,0.5142857142857142,35.0,0.25,0.5,0.16666666666666666,12.0,0.3829787234042553,0.47368421052631576,0.32142857142857145,28.0,0.37333333333333335,0.3333333333333333,0.42424242424242425,33.0,,,,
p_869,0.42935197856083934,0.44500466853408027,0.4229779411764706,0.4243324548176869,0.43248435176539757,0.42592592592592593,108.0,0.3333333333333333,0.35714285714285715,0.3125,32.0,0.3783783783783784,0.4117647058823529,0.35,20.0,0.45569620253164556,0.4,0.5294117647058824,34.0,0.55,0.6111111111111112,0.5,22.0,,,,
p_870,0.325294239543265,0.41003331287805733,0.32393162393162395,0.39008137078253413,0.4093482234755137,0.4166666666666667,108.0,0.5148514851485149,0.4262295081967213,0.65,40.0,0.18181818181818182,0.5,0.1111111111111111,9.0,0.1935483870967742,0.2727272727272727,0.15,20.0,0.410958904109589,0.4411764705882353,0.38461538461538464,39.0,,,,
p_871,0.33708133971291865,0.3052332912988651,0.3920708634330925,0.3926368952684743,0.34397505954883,0.4722222222222222,108.0,0.0,0.0,0.0,26.0,0.7272727272727273,0.5901639344262295,0.9473684210526315,38.0,0.2,0.23076923076923078,0.17647058823529413,17.0,0.42105263157894735,0.4,0.4444444444444444,27.0,,,,
p_872,0.3558090096765372,0.4570970695970696,0.35386281017859966,0.37725378310822044,0.43465438882105556,0.39814814814814814,108.0,0.5591397849462365,0.4642857142857143,0.7027027027027027,37.0,0.3333333333333333,0.8,0.21052631578947367,19.0,0.22641509433962265,0.23076923076923078,0.2222222222222222,27.0,0.30434782608695654,0.3333333333333333,0.28,25.0,,,,
p_873,0.41309316992080025,0.4465318178553473,0.4239330242966752,0.4006325427868973,0.44395182099430464,0.4074074074074074,108.0,0.4666666666666667,0.5384615384615384,0.4117647058823529,17.0,0.33962264150943394,0.5294117647058824,0.25,36.0,0.4406779661016949,0.3611111111111111,0.5652173913043478,23.0,0.40540540540540543,0.35714285714285715,0.46875,32.0,,,,
p_874,0.26985962924495643,0.2742647058823529,0.29931077694235586,0.31667348587375027,0.3196441539578795,0.35185185185185186,108.0,0.3595505617977528,0.3137254901960784,0.42105263157894735,38.0,0.0,0.0,0.0,12.0,0.19047619047619047,0.3333333333333333,0.13333333333333333,30.0,0.5294117647058824,0.45,0.6428571428571429,28.0,,,,
p_875,0.369636260301222,0.4617137355584082,0.3570570054945055,0.5112668792691527,0.533846812152332,0.5555555555555556,108.0,0.35294117647058826,0.47368421052631576,0.28125,32.0,0.4444444444444444,0.8,0.3076923076923077,13.0,0.0,0.0,0.0,7.0,0.6811594202898551,0.573170731707317,0.8392857142857143,56.0,,,,
p_876,0.3977272727272727,0.4407633667502089,0.3942927170868347,0.5270763187429854,0.5172769887682168,0.5740740740740741,108.0,0.7575757575757576,0.6578947368421053,0.8928571428571429,56.0,0.16666666666666666,0.2857142857142857,0.11764705882352941,17.0,0.3333333333333333,0.4444444444444444,0.26666666666666666,15.0,0.3333333333333333,0.375,0.3,20.0,,,,
p_877,0.3202160767709548,0.3849759615384616,0.3541316526610644,0.3173369898979655,0.3859107905982906,0.35185185185185186,108.0,0.3783783783783784,0.35,0.4117647058823529,17.0,0.3384615384615385,0.34375,0.3333333333333333,33.0,0.125,0.5,0.07142857142857142,28.0,0.43902439024390244,0.34615384615384615,0.6,30.0,,,,
p_878,0.3421435390850285,0.4040164452877925,0.3610848063973064,0.3481799901569405,0.40212769695691897,0.37962962962962965,108.0,0.48936170212765956,0.3709677419354839,0.71875,32.0,0.22857142857142856,0.5,0.14814814814814814,27.0,0.358974358974359,0.4117647058823529,0.3181818181818182,22.0,0.2916666666666667,0.3333333333333333,0.25925925925925924,27.0,,,,
p_879,0.3505516840882694,0.5507268632268633,0.35748827196195615,0.4080601798081473,0.5019337519337519,0.42592592592592593,108.0,0.2926829268292683,0.2727272727272727,0.3157894736842105,19.0,0.13333333333333333,1.0,0.07142857142857142,14.0,0.47619047619047616,0.4166666666666667,0.5555555555555556,36.0,0.5,0.5135135135135135,0.48717948717948717,39.0,,,,
p_880,0.3315491413956887,0.32813308747412007,0.35677801343230825,0.4088027803714078,0.39420056216931215,0.4537037037037037,108.0,0.5904761904761905,0.484375,0.7560975609756098,41.0,0.0,0.0,0.0,14.0,0.30434782608695654,0.30434782608695654,0.30434782608695654,23.0,0.43137254901960786,0.5238095238095238,0.36666666666666664,30.0,,,,
p_881,0.39727664576802507,0.3962027469490156,0.41440655209452204,0.5248976837338907,0.4972080874513158,0.5740740740740741,108.0,0.4727272727272727,0.48148148148148145,0.4642857142857143,28.0,0.0,0.0,0.0,12.0,0.7413793103448276,0.6417910447761194,0.8775510204081632,49.0,0.375,0.46153846153846156,0.3157894736842105,19.0,,,,
p_882,0.36150418209241736,0.379046633316083,0.3553030303030303,0.3821769733534439,0.4040340150397077,0.37037037037037035,108.0,0.6,0.6666666666666666,0.5454545454545454,33.0,0.23529411764705882,0.1935483870967742,0.3,20.0,0.3076923076923077,0.35294117647058826,0.2727272727272727,22.0,0.30303030303030304,0.30303030303030304,0.30303030303030304,33.0,,,,
p_883,0.40666278166278164,0.4035860655737705,0.4205198136040169,0.53401896457452,0.5192053734061931,0.5648148148148148,108.0,0.7222222222222222,0.639344262295082,0.8297872340425532,47.0,0.358974358974359,0.35,0.3684210526315789,19.0,0.5454545454545454,0.625,0.4838709677419355,31.0,0.0,0.0,0.0,11.0,,,,
p_884,0.31756854256854256,0.36039215686274506,0.3418803418803419,0.35668991502324837,0.41704793028322446,0.37962962962962965,108.0,0.2909090909090909,0.32,0.26666666666666666,30.0,0.13333333333333333,0.16666666666666666,0.1111111111111111,9.0,0.4888888888888889,0.36666666666666664,0.7333333333333333,30.0,0.35714285714285715,0.5882352941176471,0.2564102564102564,39.0,,,,
p_885,0.28885882635882637,0.28806247164880944,0.29398148148148145,0.3045955587622255,0.3081670595902095,0.3055555555555556,108.0,0.3611111111111111,0.3939393939393939,0.3333333333333333,39.0,0.36363636363636365,0.3225806451612903,0.4166666666666667,24.0,0.17142857142857143,0.17647058823529413,0.16666666666666666,18.0,0.25925925925925924,0.25925925925925924,0.25925925925925924,27.0,,,,
p_886,0.3308060109289618,0.4240739017125838,0.3496518521922971,0.3887219186399515,0.4352489589365985,0.4537037037037037,108.0,0.3,0.35294117647058826,0.2608695652173913,23.0,0.3333333333333333,0.625,0.22727272727272727,22.0,0.08333333333333333,0.25,0.05,20.0,0.6065573770491803,0.46835443037974683,0.8604651162790697,43.0,,,,
p_887,0.2735119047619048,0.2783475783475784,0.28909827760891593,0.35466269841269843,0.34488762266540046,0.3888888888888889,108.0,0.5357142857142857,0.46153846153846156,0.6382978723404256,47.0,0.20833333333333334,0.18518518518518517,0.23809523809523808,21.0,0.0,0.0,0.0,15.0,0.35,0.4666666666666667,0.28,25.0,,,,
p_888,0.4381179664848395,0.5201632553606238,0.43814277071990315,0.43570002074904035,0.5063871742112483,0.4444444444444444,108.0,0.42105263157894735,0.631578947368421,0.3157894736842105,38.0,0.4444444444444444,0.6666666666666666,0.3333333333333333,12.0,0.39285714285714285,0.4074074074074074,0.3793103448275862,29.0,0.49411764705882355,0.375,0.7241379310344828,29.0,,,,
p_889,0.42303872453374114,0.47978806907378335,0.42971504112808456,0.5792438230914914,0.5995406709692425,0.6111111111111112,108.0,0.6938775510204082,0.6538461538461539,0.7391304347826086,46.0,0.0,0.0,0.0,5.0,0.627906976744186,0.5510204081632653,0.7297297297297297,37.0,0.37037037037037035,0.7142857142857143,0.25,20.0,,,,
p_890,0.4173094582185491,0.5261444674488153,0.39065934065934066,0.4851324694759039,0.5117573635287002,0.5092592592592593,108.0,0.2909090909090909,0.2962962962962963,0.2857142857142857,28.0,0.4444444444444444,0.8,0.3076923076923077,13.0,0.6611570247933884,0.5797101449275363,0.7692307692307693,52.0,0.2727272727272727,0.42857142857142855,0.2,15.0,,,,
p_891,0.32563770504669964,0.3669117647058824,0.3385121457489878,0.4297427087239503,0.4228485838779957,0.5,108.0,0.1935483870967742,0.25,0.15789473684210525,19.0,0.4666666666666667,0.7,0.35,20.0,0.6423357664233577,0.5176470588235295,0.8461538461538461,52.0,0.0,0.0,0.0,17.0,,,,
p_892,0.2669818754925138,0.2731221719457014,0.28121816168327796,0.4339082975804804,0.430048600636836,0.4722222222222222,108.0,0.4444444444444444,0.46153846153846156,0.42857142857142855,28.0,0.0,0.0,0.0,6.0,0.5925925925925926,0.49230769230769234,0.7441860465116279,43.0,0.2978723404255319,0.4117647058823529,0.23333333333333334,30.0,0.0,0.0,0.0,1.0
p_893,0.39176587301587307,0.3855792682926829,0.4108268307322929,0.5203409758965315,0.521282746160795,0.5370370370370371,108.0,0.5476190476190477,0.46,0.6764705882352942,34.0,0.0,0.0,0.0,9.0,0.6444444444444445,0.7073170731707317,0.5918367346938775,49.0,0.375,0.375,0.375,16.0,,,,
p_894,0.28189446154684394,0.48362299465240643,0.2962962962962963,0.4235209955917178,0.4683353139235492,0.5,108.0,0.647887323943662,0.5227272727272727,0.8518518518518519,54.0,0.18181818181818182,1.0,0.1,10.0,0.0,0.0,0.0,14.0,0.2978723404255319,0.4117647058823529,0.23333333333333334,30.0,,,,
p_895,0.4167732411266894,0.5243055555555556,0.40719696969696967,0.4569298836540216,0.5128600823045267,0.49074074074074076,108.0,0.38095238095238093,0.4444444444444444,0.3333333333333333,24.0,0.3076923076923077,0.6666666666666666,0.2,20.0,0.375,0.5,0.3,20.0,0.603448275862069,0.4861111111111111,0.7954545454545454,44.0,,,,
p_896,0.37020593383017164,0.4140090543259557,0.35586420803139074,0.46828345607915955,0.46793445860347266,0.49074074074074076,108.0,0.640625,0.5774647887323944,0.7192982456140351,57.0,0.3,0.42857142857142855,0.23076923076923078,13.0,0.2962962962962963,0.4,0.23529411764705882,17.0,0.24390243902439024,0.25,0.23809523809523808,21.0,,,,
p_897,0.40021883753501397,0.4008861312886737,0.4275046086810793,0.4202254512916277,0.4098190620671788,0.46296296296296297,108.0,0.5098039215686274,0.5416666666666666,0.48148148148148145,27.0,0.45714285714285713,0.4444444444444444,0.47058823529411764,17.0,0.0625,0.14285714285714285,0.04,25.0,0.5714285714285714,0.4745762711864407,0.717948717948718,39.0,,,,
p_898,0.269655076106689,0.2582051282051282,0.3074127906976744,0.36307261038443833,0.33429249762583096,0.4166666666666667,108.0,0.5591397849462365,0.52,0.6046511627906976,43.0,0.09090909090909091,0.16666666666666666,0.0625,16.0,0.42857142857142855,0.34615384615384615,0.5625,32.0,0.0,0.0,0.0,17.0,,,,
p_899,0.3739964525765497,0.4005870235144369,0.37097768132250886,0.4436993472187647,0.4432216726339792,0.46296296296296297,108.0,0.5825242718446602,0.5084745762711864,0.6818181818181818,44.0,0.15384615384615385,0.25,0.1111111111111111,9.0,0.38461538461538464,0.43478260869565216,0.3448275862068966,29.0,0.375,0.4090909090909091,0.34615384615384615,26.0,,,,
p_900,0.2893120393120393,0.33422939068100355,0.3180944055944056,0.4226726726726727,0.3968870303995751,0.5277777777777778,108.0,0.7027027027027027,0.5591397849462365,0.9454545454545454,55.0,0.09090909090909091,0.1111111111111111,0.07692307692307693,13.0,0.36363636363636365,0.6666666666666666,0.25,16.0,0.0,0.0,0.0,24.0,,,,
p_901,0.36282515996140197,0.39385382059800667,0.3617040853882959,0.34443179975160815,0.37159468438538207,0.3425925925925926,108.0,0.3037974683544304,0.34285714285714286,0.2727272727272727,44.0,0.2898550724637681,0.23255813953488372,0.38461538461538464,26.0,0.5128205128205128,0.5,0.5263157894736842,19.0,0.3448275862068966,0.5,0.2631578947368421,19.0,,,,
p_902,0.34798223923031524,0.32074002757571435,0.38272960875331563,0.3689771040835568,0.3389028440316892,0.4074074074074074,108.0,0.3561643835616438,0.3170731707317073,0.40625,32.0,0.5283018867924528,0.5185185185185185,0.5384615384615384,26.0,0.0,0.0,0.0,21.0,0.5074626865671642,0.4473684210526316,0.5862068965517241,29.0,,,,
p_903,0.2785925760063691,0.39195402298850573,0.30742634177416783,0.3071512884731276,0.3791187739463602,0.37962962962962965,108.0,0.12121212121212122,0.25,0.08,25.0,0.5079365079365079,0.367816091954023,0.8205128205128205,39.0,0.41379310344827586,0.75,0.2857142857142857,21.0,0.07142857142857142,0.2,0.043478260869565216,23.0,,,,
p_904,0.31388464476699773,0.2913690476190476,0.3464931219542286,0.28764889794301557,0.2703593474426808,0.3148148148148148,108.0,0.35294117647058826,0.35714285714285715,0.3488372093023256,43.0,0.6428571428571429,0.6,0.6923076923076923,13.0,0.0,0.0,0.0,23.0,0.2597402597402597,0.20833333333333334,0.3448275862068966,29.0,,,,
p_905,0.29044294192572845,0.30942483660130715,0.2807716635041113,0.3658231902877385,0.39171447591382236,0.35185185185185186,108.0,0.1568627450980392,0.13333333333333333,0.19047619047619047,21.0,0.5263157894736842,0.5882352941176471,0.47619047619047616,21.0,0.3283582089552239,0.3055555555555556,0.3548387096774194,31.0,0.4406779661016949,0.52,0.38235294117647056,34.0,0.0,0.0,0.0,1.0
p_906,0.3060512577123873,0.30196886446886445,0.3336834733893557,0.4363356712193922,0.3989791073124406,0.5092592592592593,108.0,0.6976744186046512,0.5769230769230769,0.8823529411764706,51.0,0.0,0.0,0.0,17.0,0.32653061224489793,0.38095238095238093,0.2857142857142857,28.0,0.2,0.25,0.16666666666666666,12.0,,,,
p_907,0.26058183316247835,0.3097391598915989,0.29222645170921036,0.26407682052843345,0.3191232560473753,0.28703703703703703,108.0,0.23076923076923078,0.375,0.16666666666666666,36.0,0.14285714285714285,0.3333333333333333,0.09090909090909091,22.0,0.3783783783783784,0.3111111111111111,0.4827586206896552,29.0,0.2903225806451613,0.21951219512195122,0.42857142857142855,21.0,,,,
p_908,0.2996336996336997,0.3411195286195286,0.31046932943217775,0.3185320851987519,0.33383994263623895,0.35185185185185186,108.0,0.45714285714285713,0.36363636363636365,0.6153846153846154,39.0,0.4,0.45454545454545453,0.35714285714285715,14.0,0.24615384615384617,0.2962962962962963,0.21052631578947367,38.0,0.09523809523809523,0.25,0.058823529411764705,17.0,,,,
p_909,0.32595983841695453,0.3948438168592212,0.3590837104072398,0.3892585437143718,0.43190858809172883,0.4444444444444444,108.0,0.13793103448275862,0.5,0.08,25.0,0.5806451612903226,0.47368421052631576,0.75,36.0,0.48,0.43902439024390244,0.5294117647058824,34.0,0.10526315789473684,0.16666666666666666,0.07692307692307693,13.0,,,,
p_910,0.2733592289619454,0.3184185606060606,0.2943350168350168,0.31391980548743426,0.33130787037037035,0.3611111111111111,108.0,0.3157894736842105,0.28125,0.36,25.0,0.2222222222222222,0.3333333333333333,0.16666666666666666,12.0,0.4909090909090909,0.4090909090909091,0.6136363636363636,44.0,0.06451612903225806,0.25,0.037037037037037035,27.0,,,,
p_911,0.4278299148606811,0.44058367533059734,0.4220599449801487,0.4399665677674578,0.44167131107395585,0.4444444444444444,108.0,0.575,0.5348837209302325,0.6216216216216216,37.0,0.34375,0.3333333333333333,0.3548387096774194,31.0,0.5294117647058824,0.6,0.47368421052631576,19.0,0.2631578947368421,0.29411764705882354,0.23809523809523808,21.0,,,,
p_912,0.26485690235690235,0.2609992723744846,0.2793478260869565,0.3369263623893254,0.3441511484805203,0.3425925925925926,108.0,0.42424242424242425,0.3684210526315789,0.5,28.0,0.0,0.0,0.0,12.0,0.18518518518518517,0.16129032258064516,0.21739130434782608,23.0,0.45,0.5142857142857142,0.4,45.0,,,,
p_913,0.23934713641676408,0.22039072039072038,0.27542870566126376,0.2883802403171246,0.2509609731831954,0.35185185185185186,108.0,0.5309734513274337,0.42857142857142855,0.6976744186046512,43.0,0.2,0.2222222222222222,0.18181818181818182,11.0,0.0,0.0,0.0,27.0,0.22641509433962265,0.23076923076923078,0.2222222222222222,27.0,,,,
p_914,0.36335856497146823,0.3844613114062829,0.373015873015873,0.39321948461733414,0.40614238526952,0.4074074074074074,108.0,0.4731182795698925,0.43137254901960786,0.5238095238095238,42.0,0.4090909090909091,0.5294117647058824,0.3333333333333333,27.0,0.14814814814814814,0.2222222222222222,0.1111111111111111,18.0,0.4230769230769231,0.3548387096774194,0.5238095238095238,21.0,,,,
p_915,0.36403059839796525,0.38506443633171744,0.35989583333333336,0.4060326018747557,0.4058447099921754,0.4166666666666667,108.0,0.5168539325842697,0.46938775510204084,0.575,40.0,0.30434782608695654,0.3181818181818182,0.2916666666666667,24.0,0.2222222222222222,0.3333333333333333,0.16666666666666666,12.0,0.4126984126984127,0.41935483870967744,0.40625,32.0,,,,
p_916,0.3693167943167943,0.4038515699534946,0.3911499778956675,0.38279138556916337,0.43748330221629217,0.39814814814814814,108.0,0.35714285714285715,0.5882352941176471,0.2564102564102564,39.0,0.43636363636363634,0.3870967741935484,0.5,24.0,0.2222222222222222,0.2727272727272727,0.1875,16.0,0.46153846153846156,0.3673469387755102,0.6206896551724138,29.0,,,,
p_917,0.35482623281870884,0.3555194805194805,0.39612193362193365,0.4152005117292395,0.413620330286997,0.4722222222222222,108.0,0.4186046511627907,0.42857142857142855,0.4090909090909091,22.0,0.39285714285714285,0.5238095238095238,0.3142857142857143,35.0,0.6078431372549019,0.4696969696969697,0.8611111111111112,36.0,0.0,0.0,0.0,15.0,,,,
p_918,0.24108891500195848,0.20952950558213718,0.28512544802867384,0.34921153037095065,0.3014575580365054,0.4166666666666667,108.0,0.5585585585585585,0.4696969696969697,0.6888888888888889,45.0,0.0,0.0,0.0,21.0,0.4057971014492754,0.3684210526315789,0.45161290322580644,31.0,0.0,0.0,0.0,11.0,,,,
p_919,0.40800449550449547,0.4929945054945055,0.42132059661471427,0.45533309283309287,0.5012566137566138,0.5,108.0,0.6346153846153846,0.5076923076923077,0.8461538461538461,39.0,0.4727272727272727,0.4642857142857143,0.48148148148148145,27.0,0.18181818181818182,0.4,0.11764705882352941,17.0,0.34285714285714286,0.6,0.24,25.0,,,,
p_920,0.39545275262064045,0.4072208931419458,0.3962033462033462,0.4173714879035045,0.42719711737255606,0.4166666666666667,108.0,0.45714285714285713,0.48484848484848486,0.43243243243243246,37.0,0.32558139534883723,0.28,0.3888888888888889,18.0,0.4657534246575342,0.4473684210526316,0.4857142857142857,35.0,0.3333333333333333,0.4166666666666667,0.2777777777777778,18.0,,,,
p_921,0.34642402376910014,0.34930619975262833,0.36811942347288945,0.46814791234358305,0.45969724169128934,0.5,108.0,0.6526315789473685,0.6458333333333334,0.6595744680851063,47.0,0.475,0.3877551020408163,0.6129032258064516,31.0,0.25806451612903225,0.36363636363636365,0.2,20.0,0.0,0.0,0.0,10.0,,,,
p_922,0.3315417762816705,0.3513830532212885,0.3561312134502924,0.38406792410922425,0.39731364768129473,0.4074074074074074,108.0,0.08695652173913043,0.2,0.05555555555555555,18.0,0.3018867924528302,0.23529411764705882,0.42105263157894735,19.0,0.33962264150943394,0.42857142857142855,0.28125,32.0,0.5977011494252874,0.5416666666666666,0.6666666666666666,39.0,,,,
p_923,0.33218435699638704,0.33194444444444443,0.3576354679802956,0.3796507864177037,0.37371399176954734,0.4166666666666667,108.0,0.4842105263157895,0.38333333333333336,0.6571428571428571,35.0,0.40816326530612246,0.5,0.3448275862068966,29.0,0.0,0.0,0.0,16.0,0.43636363636363634,0.4444444444444444,0.42857142857142855,28.0,,,,
p_924,0.31307424252339505,0.3674342105263158,0.3220899470899471,0.34341793367217094,0.36901803118908383,0.3888888888888889,108.0,0.5084745762711864,0.39473684210526316,0.7142857142857143,42.0,0.35,0.5,0.2692307692307692,26.0,0.10810810810810811,0.2,0.07407407407407407,27.0,0.2857142857142857,0.375,0.23076923076923078,13.0,,,,
p_925,0.22129120879120878,0.23354978354978354,0.250125313283208,0.26673789173789175,0.2615039281705948,0.3148148148148148,108.0,0.4423076923076923,0.3484848484848485,0.6052631578947368,38.0,0.3,0.3,0.3,30.0,0.0,0.0,0.0,19.0,0.14285714285714285,0.2857142857142857,0.09523809523809523,21.0,,,,
p_926,0.3280957532670479,0.3344080687830688,0.33915317139001355,0.3928318612775879,0.3901442778757594,0.4166666666666667,108.0,0.5423728813559322,0.5925925925925926,0.5,32.0,0.09523809523809523,0.1111111111111111,0.08333333333333333,12.0,0.14285714285714285,0.1875,0.11538461538461539,26.0,0.5319148936170213,0.44642857142857145,0.6578947368421053,38.0,,,,
p_927,0.36920323685029566,0.3550898829431438,0.3931394692264258,0.48134891816809033,0.4630597361575623,0.5092592592592593,108.0,0.39215686274509803,0.43478260869565216,0.35714285714285715,28.0,0.7142857142857143,0.6730769230769231,0.7608695652173914,46.0,0.37037037037037035,0.3125,0.45454545454545453,22.0,0.0,0.0,0.0,12.0,,,,
p_928,0.20898050974512744,0.2125,0.2712143928035982,0.24768226997612305,0.23842592592592593,0.3333333333333333,108.0,0.06896551724137931,0.16666666666666666,0.043478260869565216,23.0,0.28,0.3333333333333333,0.2413793103448276,29.0,0.48695652173913045,0.35,0.8,35.0,0.0,0.0,0.0,21.0,,,,
p_929,0.27289955381777475,0.28519039100434446,0.289144768275203,0.29673558812726675,0.3031301170836055,0.3148148148148148,108.0,0.05714285714285714,0.1,0.04,25.0,0.4634146341463415,0.4418604651162791,0.48717948717948717,39.0,0.29411764705882354,0.38461538461538464,0.23809523809523808,21.0,0.27692307692307694,0.21428571428571427,0.391304347826087,23.0,,,,
p_930,0.4149397694431148,0.41623677248677243,0.42373987854251016,0.4287737424124454,0.443189055457574,0.42592592592592593,108.0,0.5970149253731343,0.5714285714285714,0.625,32.0,0.4307692307692308,0.5185185185185185,0.3684210526315789,38.0,0.21818181818181817,0.2,0.24,25.0,0.41379310344827586,0.375,0.46153846153846156,13.0,,,,
p_931,0.32255706250271465,0.3441572681704261,0.36180985552115585,0.4045012958056436,0.39991761811937254,0.46296296296296297,108.0,0.475,0.475,0.475,40.0,0.08695652173913043,0.25,0.05263157894736842,19.0,0.09090909090909091,0.14285714285714285,0.06666666666666667,15.0,0.6373626373626373,0.5087719298245614,0.8529411764705882,34.0,,,,
p_932,0.33687943262411346,0.40511339323919554,0.3544314971751412,0.49046493301812444,0.5225122426662863,0.5462962962962963,108.0,0.6808510638297872,0.5853658536585366,0.8135593220338984,59.0,0.26666666666666666,0.6666666666666666,0.16666666666666666,24.0,0.4,0.3684210526315789,0.4375,16.0,0.0,0.0,0.0,9.0,,,,
p_933,0.3961693548387097,0.40773325673214444,0.39952410351391676,0.3937798685782557,0.40198658302106577,0.39814814814814814,108.0,0.45161290322580644,0.4827586206896552,0.42424242424242425,33.0,0.5,0.42857142857142855,0.6,25.0,0.25806451612903225,0.25806451612903225,0.25806451612903225,31.0,0.375,0.46153846153846156,0.3157894736842105,19.0,,,,
p_934,0.3609625668449198,0.38258678611422176,0.36882284382284386,0.40726593667770145,0.4318215752146323,0.4166666666666667,108.0,0.35294117647058826,0.5,0.2727272727272727,33.0,0.44155844155844154,0.4473684210526316,0.4358974358974359,39.0,0.4675324675324675,0.3829787234042553,0.6,30.0,0.18181818181818182,0.2,0.16666666666666666,6.0,,,,
p_935,0.3766748204844946,0.597718253968254,0.3907899593946106,0.4340653260114582,0.5414278365667256,0.48148148148148145,108.0,0.3508771929824561,0.47619047619047616,0.2777777777777778,36.0,0.13333333333333333,1.0,0.07142857142857142,14.0,0.6086956521739131,0.4861111111111111,0.813953488372093,43.0,0.41379310344827586,0.42857142857142855,0.4,15.0,,,,
p_936,0.31795163791432446,0.30750786163522015,0.3431660231660232,0.3934435865406015,0.3802571045888656,0.42592592592592593,108.0,0.5681818181818182,0.4716981132075472,0.7142857142857143,35.0,0.0,0.0,0.0,11.0,0.417910447761194,0.4666666666666667,0.3783783783783784,37.0,0.2857142857142857,0.2916666666666667,0.28,25.0,,,,
p_937,0.3620801033591731,0.4943181818181818,0.3492539138943248,0.6358503206048426,0.6397306397306397,0.7129629629629629,108.0,0.8372093023255814,0.7272727272727273,0.9863013698630136,73.0,0.4444444444444444,1.0,0.2857142857142857,14.0,0.0,0.0,0.0,13.0,0.16666666666666666,0.25,0.125,8.0,,,,
p_938,0.4292810902458448,0.41011842563566697,0.4653890160183066,0.5148876719862154,0.501446134396326,0.5462962962962963,108.0,0.6428571428571429,0.5454545454545454,0.782608695652174,23.0,0.0,0.0,0.0,9.0,0.44776119402985076,0.5172413793103449,0.39473684210526316,38.0,0.6265060240963856,0.5777777777777777,0.6842105263157895,38.0,,,,
p_939,0.2571678321678322,0.2503684055408193,0.28351449275362317,0.30447854614521286,0.28078232963290434,0.35185185185185186,108.0,0.5333333333333333,0.4444444444444444,0.6666666666666666,42.0,0.30303030303030304,0.38461538461538464,0.25,20.0,0.19230769230769232,0.1724137931034483,0.21739130434782608,23.0,0.0,0.0,0.0,23.0,,,,
p_940,0.33132837561971423,0.3671365554276947,0.35329861111111116,0.47140133717853167,0.47255252951455484,0.5370370370370371,108.0,0.48148148148148145,0.5909090909090909,0.40625,32.0,0.6771653543307087,0.5443037974683544,0.8958333333333334,48.0,0.16666666666666666,0.3333333333333333,0.1111111111111111,18.0,0.0,0.0,0.0,10.0,,,,
p_941,0.34105671949144956,0.4008853541416567,0.35189939665642994,0.3670774846383675,0.4276423532375913,0.37037037037037035,108.0,0.39215686274509803,0.5882352941176471,0.29411764705882354,34.0,0.2,0.3333333333333333,0.14285714285714285,14.0,0.3611111111111111,0.2653061224489796,0.5652173913043478,23.0,0.410958904109589,0.4166666666666667,0.40540540540540543,37.0,,,,
p_942,0.32392473118279574,0.4616228070175439,0.3211805555555556,0.42771804062126645,0.4873294346978558,0.4722222222222222,108.0,0.6290322580645161,0.5131578947368421,0.8125,48.0,0.26666666666666666,0.3333333333333333,0.2222222222222222,36.0,0.0,0.0,0.0,8.0,0.4,1.0,0.25,16.0,,,,
p_943,0.3763401559454191,0.43551693404634584,0.3716226708074534,0.4009863908743051,0.43370634449065826,0.42592592592592593,108.0,0.5185185185185185,0.4117647058823529,0.7,40.0,0.3684210526315789,0.4666666666666667,0.30434782608695654,23.0,0.3684210526315789,0.5,0.2916666666666667,24.0,0.25,0.36363636363636365,0.19047619047619047,21.0,,,,
p_944,0.3438332754026185,0.5112449799196788,0.3472222222222222,0.48947431094633037,0.602119589468987,0.5462962962962963,108.0,0.7007299270072993,0.5783132530120482,0.8888888888888888,54.0,0.2857142857142857,1.0,0.16666666666666666,24.0,0.3888888888888889,0.4666666666666667,0.3333333333333333,21.0,0.0,0.0,0.0,9.0,,,,
p_945,0.2972800606729178,0.31694789298828463,0.2954584040747029,0.36109195930624505,0.3812033313257303,0.3611111111111111,108.0,0.375,0.35714285714285715,0.39473684210526316,38.0,0.32432432432432434,0.27906976744186046,0.3870967741935484,31.0,0.4897959183673469,0.631578947368421,0.4,30.0,0.0,0.0,0.0,9.0,,,,
p_946,0.3530214424951267,0.3479212603457642,0.36585903831144595,0.4721536351165981,0.4565540039128381,0.5,108.0,0.4666666666666667,0.5185185185185185,0.42424242424242425,33.0,0.3157894736842105,0.3157894736842105,0.3157894736842105,19.0,0.6296296296296297,0.5573770491803278,0.723404255319149,47.0,0.0,0.0,0.0,9.0,,,,
p_947,0.4557918777753869,0.4653409090909091,0.4624624624624625,0.548808589688693,0.5560395622895622,0.5648148148148148,108.0,0.4838709677419355,0.6,0.40540540540540543,37.0,0.7216494845360825,0.6363636363636364,0.8333333333333334,42.0,0.5,0.5,0.5,20.0,0.11764705882352941,0.125,0.1111111111111111,9.0,,,,
p_948,0.3214762584138133,0.31740196078431376,0.336940836940837,0.3730012112639417,0.3532135076252723,0.4074074074074074,108.0,0.49019607843137253,0.4166666666666667,0.5952380952380952,42.0,0.4375,0.5,0.3888888888888889,18.0,0.3582089552238806,0.35294117647058826,0.36363636363636365,33.0,0.0,0.0,0.0,15.0,,,,
p_949,0.3623991459289912,0.4395562770562771,0.394418505942275,0.3577820257383018,0.41077641494308165,0.4074074074074074,108.0,0.5217391304347826,0.4,0.75,32.0,0.38461538461538464,0.7142857142857143,0.2631578947368421,19.0,0.10256410256410256,0.25,0.06451612903225806,31.0,0.4406779661016949,0.3939393939393939,0.5,26.0,,,,
p_950,0.3580110690766428,0.3673245614035088,0.38523550724637684,0.4175579530770787,0.4015594541910331,0.48148148148148145,108.0,0.5901639344262295,0.47368421052631576,0.782608695652174,46.0,0.0,0.0,0.0,18.0,0.2777777777777778,0.4166666666666667,0.20833333333333334,24.0,0.5641025641025641,0.5789473684210527,0.55,20.0,,,,
p_951,0.3076069108302991,0.29114372469635624,0.33321572580645165,0.3512899634838665,0.3333145898935373,0.37962962962962965,108.0,0.4057971014492754,0.3684210526315789,0.45161290322580644,31.0,0.0,0.0,0.0,15.0,0.3103448275862069,0.34615384615384615,0.28125,32.0,0.5142857142857142,0.45,0.6,30.0,,,,
p_952,0.35214285714285715,0.35802684854911787,0.37793506175859115,0.4255820105820106,0.4437120408753495,0.4444444444444444,108.0,0.5,0.6521739130434783,0.40540540540540543,37.0,0.42857142857142855,0.3409090909090909,0.5769230769230769,26.0,0.48,0.43902439024390244,0.5294117647058824,34.0,0.0,0.0,0.0,11.0,,,,
p_953,0.3161451253456136,0.3086835488505747,0.32947259363515524,0.40374988826316266,0.3815104166666667,0.4351851851851852,108.0,0.5132743362831859,0.453125,0.5918367346938775,49.0,0.0,0.0,0.0,12.0,0.4482758620689655,0.4482758620689655,0.4482758620689655,29.0,0.30303030303030304,0.3333333333333333,0.2777777777777778,18.0,,,,
p_954,0.2743089430894309,0.3066801619433198,0.29097716799329704,0.3723697681421258,0.39211276053381316,0.4166666666666667,108.0,0.5333333333333333,0.42105263157894735,0.7272727272727273,44.0,0.24390243902439024,0.38461538461538464,0.17857142857142858,28.0,0.32,0.42105263157894735,0.25806451612903225,31.0,0.0,0.0,0.0,5.0,,,,
p_955,0.3341172102234049,0.3287828947368421,0.3495388540031397,0.4974512540884222,0.4695845516569201,0.5370370370370371,108.0,0.6371681415929203,0.5625,0.7346938775510204,49.0,0.15384615384615385,0.2,0.125,8.0,0.5454545454545454,0.5526315789473685,0.5384615384615384,39.0,0.0,0.0,0.0,12.0,,,,
p_956,0.3359272510435301,0.325,0.37329931972789115,0.42146911371717577,0.37453703703703706,0.5092592592592593,108.0,0.6821705426356589,0.55,0.8979591836734694,49.0,0.0,0.0,0.0,26.0,0.46153846153846156,0.5,0.42857142857142855,21.0,0.2,0.25,0.16666666666666666,12.0,,,,
p_957,0.39214355332776385,0.6354835258878905,0.3726890756302521,0.5040410955371969,0.5804747301858983,0.5462962962962963,108.0,0.6466165413533834,0.524390243902439,0.8431372549019608,51.0,0.19047619047619047,0.3333333333333333,0.13333333333333333,15.0,0.48148148148148145,0.6842105263157895,0.37142857142857144,35.0,0.25,1.0,0.14285714285714285,7.0,,,,
p_958,0.26126133430744647,0.3493540051679586,0.290056675350793,0.3378406456306776,0.3814336300124414,0.4166666666666667,108.0,0.5801526717557252,0.4418604651162791,0.8444444444444444,45.0,0.18604651162790697,0.4,0.12121212121212122,33.0,0.15384615384615385,0.2222222222222222,0.11764705882352941,17.0,0.125,0.3333333333333333,0.07692307692307693,13.0,,,,
p_959,0.27775332012620146,0.2851565842388979,0.28701550387596897,0.33226399045608085,0.3226420460847602,0.3611111111111111,108.0,0.47619047619047616,0.4032258064516129,0.5813953488372093,43.0,0.36363636363636365,0.46153846153846156,0.3,20.0,0.2711864406779661,0.27586206896551724,0.26666666666666666,30.0,0.0,0.0,0.0,15.0,,,,
p_960,0.3985965665429486,0.4186939820742638,0.4221119382409705,0.4059420168651471,0.40593137952292885,0.46296296296296297,108.0,0.4090909090909091,0.5,0.34615384615384615,26.0,0.6194690265486725,0.49295774647887325,0.8333333333333334,42.0,0.09523809523809523,0.18181818181818182,0.06451612903225806,31.0,0.47058823529411764,0.5,0.4444444444444444,9.0,,,,
p_961,0.2966744042825335,0.2858408039329092,0.3250396825396825,0.3936687528401962,0.37153179422916266,0.4351851851851852,108.0,0.5742574257425742,0.5178571428571429,0.6444444444444445,45.0,0.15789473684210525,0.23076923076923078,0.12,25.0,0.45454545454545453,0.39473684210526316,0.5357142857142857,28.0,0.0,0.0,0.0,10.0,,,,
p_962,0.3014110889110889,0.31666666666666665,0.29198794382617915,0.3012011137011137,0.3114197530864197,0.2962962962962963,108.0,0.42857142857142855,0.5,0.375,24.0,0.2153846153846154,0.2,0.23333333333333334,30.0,0.3116883116883117,0.3,0.32432432432432434,37.0,0.25,0.26666666666666666,0.23529411764705882,17.0,,,,
p_963,0.25773996187665255,0.26839080459770115,0.2973901098901099,0.39457579235756696,0.3638143891017454,0.49074074074074076,108.0,0.6762589928057554,0.5402298850574713,0.9038461538461539,52.0,0.2777777777777778,0.3333333333333333,0.23809523809523808,21.0,0.07692307692307693,0.2,0.047619047619047616,21.0,0.0,0.0,0.0,14.0,,,,
p_964,0.3798893786189612,0.4791234247590809,0.37642245147753095,0.41244714596196747,0.4734285341679708,0.4444444444444444,108.0,0.5614035087719298,0.4507042253521127,0.7441860465116279,43.0,0.41379310344827586,0.75,0.2857142857142857,21.0,0.22857142857142856,0.4,0.16,25.0,0.3157894736842105,0.3157894736842105,0.3157894736842105,19.0,,,,
p_965,0.33026580197296307,0.34456896551724137,0.34198209198209195,0.5613920689048566,0.5388282247765007,0.6018518518518519,108.0,0.7391304347826086,0.68,0.8095238095238095,63.0,0.4642857142857143,0.4482758620689655,0.48148148148148145,27.0,0.11764705882352941,0.25,0.07692307692307693,13.0,0.0,0.0,0.0,5.0,,,,
p_966,0.3724891008574033,0.43529052646699706,0.3660714285714286,0.3773121199987983,0.41981001327406553,0.37962962962962965,108.0,0.4050632911392405,0.41025641025641024,0.4,40.0,0.2962962962962963,0.5714285714285714,0.2,20.0,0.43243243243243246,0.47058823529411764,0.4,20.0,0.3561643835616438,0.28888888888888886,0.4642857142857143,28.0,,,,
p_967,0.38301171128187383,0.43995650351116233,0.3783124283124283,0.40688887065777485,0.42732000683211246,0.4166666666666667,108.0,0.39344262295081966,0.42857142857142855,0.36363636363636365,33.0,0.43902439024390244,0.3829787234042553,0.5142857142857142,35.0,0.4642857142857143,0.4482758620689655,0.48148148148148145,27.0,0.23529411764705882,0.5,0.15384615384615385,13.0,,,,
p_968,0.29856548680078093,0.3635918003565062,0.3178448275862069,0.3041887911168957,0.35578827490592196,0.3333333333333333,108.0,0.49411764705882355,0.38181818181818183,0.7,30.0,0.36363636363636365,0.6666666666666666,0.25,24.0,0.2222222222222222,0.20588235294117646,0.2413793103448276,29.0,0.11428571428571428,0.2,0.08,25.0,,,,
p_969,0.34730012537825583,0.3703846153846154,0.3625394011032309,0.4566882019794472,0.45386039886039886,0.5092592592592593,108.0,0.639344262295082,0.52,0.8297872340425532,47.0,0.425531914893617,0.5,0.37037037037037035,27.0,0.32432432432432434,0.46153846153846156,0.25,24.0,0.0,0.0,0.0,10.0,,,,
p_970,0.31339285714285714,0.299267003124249,0.3380681818181818,0.4219907407407408,0.3875581902498509,0.4722222222222222,108.0,0.625,0.547945205479452,0.7272727272727273,55.0,0.34285714285714286,0.3157894736842105,0.375,16.0,0.2857142857142857,0.3333333333333333,0.25,20.0,0.0,0.0,0.0,17.0,,,,
p_971,0.4103713527851459,0.4772475369458128,0.42014652014652015,0.41292956086059535,0.49242268746579093,0.4166666666666667,108.0,0.4,0.8,0.26666666666666666,30.0,0.41379310344827586,0.375,0.46153846153846156,39.0,0.52,0.4482758620689655,0.6190476190476191,21.0,0.3076923076923077,0.2857142857142857,0.3333333333333333,18.0,,,,
p_972,0.316324621046722,0.3091969053067451,0.3345878136200717,0.38286622138741994,0.37160534185705807,0.4074074074074074,108.0,0.463768115942029,0.42105263157894735,0.5161290322580645,31.0,0.3137254901960784,0.38095238095238093,0.26666666666666666,30.0,0.4878048780487805,0.43478260869565216,0.5555555555555556,36.0,0.0,0.0,0.0,11.0,,,,
p_973,0.23209744109845531,0.41188983430362736,0.27176916908272164,0.2946404217448842,0.4431299862334345,0.37962962962962965,108.0,0.20689655172413793,1.0,0.11538461538461539,26.0,0.05,0.09090909090909091,0.034482758620689655,29.0,0.5538461538461539,0.41379310344827586,0.8372093023255814,43.0,0.11764705882352941,0.14285714285714285,0.1,10.0,,,,
p_974,0.2555169703920819,0.24560168895144263,0.27177419354838706,0.30251456481756805,0.28908958219303044,0.32407407407407407,108.0,0.40476190476190477,0.3469387755102041,0.4857142857142857,35.0,0.0,0.0,0.0,14.0,0.21052631578947367,0.20689655172413793,0.21428571428571427,28.0,0.4067796610169492,0.42857142857142855,0.3870967741935484,31.0,,,,
p_975,0.21565186874890332,0.20168821839080459,0.2567307692307692,0.35435391524179033,0.3103115687526607,0.4444444444444444,108.0,0.6187050359712231,0.4942528735632184,0.8269230769230769,52.0,0.24390243902439024,0.3125,0.2,25.0,0.0,0.0,0.0,20.0,0.0,0.0,0.0,11.0,,,,
p_976,0.30660932634616844,0.38796101774042946,0.3125,0.33217197032986506,0.4058842981637099,0.35185185185185186,108.0,0.46464646464646464,0.36507936507936506,0.6388888888888888,36.0,0.3181818181818182,0.4117647058823529,0.25925925925925924,27.0,0.15789473684210525,0.15,0.16666666666666666,18.0,0.2857142857142857,0.625,0.18518518518518517,27.0,,,,
p_977,0.32521739130434785,0.3342650103519669,0.3466666666666667,0.42795491143317227,0.4148646576182808,0.48148148148148145,108.0,0.6608695652173913,0.5428571428571428,0.8444444444444444,45.0,0.4,0.5333333333333333,0.32,25.0,0.24,0.2608695652173913,0.2222222222222222,27.0,0.0,0.0,0.0,11.0,,,,
p_978,0.26094912847630236,0.3013420724094882,0.29406307977736545,0.37442832325078695,0.3786701807925279,0.46296296296296297,108.0,0.6231884057971014,0.48314606741573035,0.8775510204081632,49.0,0.3125,0.5,0.22727272727272727,22.0,0.10810810810810811,0.2222222222222222,0.07142857142857142,28.0,0.0,0.0,0.0,9.0,,,,
p_979,0.3077890141467728,0.31278153153153154,0.3355133752950432,0.3619195566034647,0.35922380714047386,0.39814814814814814,108.0,0.4358974358974359,0.4594594594594595,0.4146341463414634,41.0,0.3125,0.4166666666666667,0.25,20.0,0.4827586206896552,0.375,0.6774193548387096,31.0,0.0,0.0,0.0,16.0,,,,
p_980,0.4137869810680871,0.38801236174365644,0.45927419354838706,0.47839258653390765,0.45015241331116407,0.5277777777777778,108.0,0.43636363636363634,0.5,0.3870967741935484,31.0,0.0,0.0,0.0,17.0,0.6881720430107527,0.6037735849056604,0.8,40.0,0.5306122448979592,0.4482758620689655,0.65,20.0,,,,
p_981,0.30661881977671446,0.2828092959671907,0.33995215311004784,0.40432098765432095,0.369047619047619,0.4537037037037037,108.0,0.45454545454545453,0.45454545454545453,0.45454545454545453,33.0,0.10526315789473684,0.10526315789473684,0.10526315789473684,19.0,0.6666666666666666,0.5714285714285714,0.8,40.0,0.0,0.0,0.0,16.0,,,,
p_982,0.35796615581098334,0.4065315315315315,0.37893229743362616,0.3862299560096495,0.4163747080413747,0.4351851851851852,108.0,0.5666666666666667,0.4594594594594595,0.7391304347826086,46.0,0.15,0.3333333333333333,0.0967741935483871,31.0,0.3448275862068966,0.5,0.2631578947368421,19.0,0.37037037037037035,0.3333333333333333,0.4166666666666667,12.0,,,,
p_983,0.3903263524576955,0.4243055555555555,0.3907034504860592,0.3947037315111235,0.43659979423868306,0.3888888888888889,108.0,0.4262295081967213,0.5416666666666666,0.35135135135135137,37.0,0.34782608695652173,0.3333333333333333,0.36363636363636365,22.0,0.36619718309859156,0.28888888888888886,0.5,26.0,0.42105263157894735,0.5333333333333333,0.34782608695652173,23.0,,,,
p_984,0.25431688804554076,0.30113636363636365,0.2836438923395445,0.3666947782697308,0.38489057239057234,0.4444444444444444,108.0,0.3,0.5,0.21428571428571427,28.0,0.5882352941176471,0.45454545454545453,0.8333333333333334,48.0,0.12903225806451613,0.25,0.08695652173913043,23.0,0.0,0.0,0.0,9.0,,,,
p_985,0.4548840048840048,0.5086996336996337,0.4713827838827839,0.4567901234567901,0.5123456790123456,0.4722222222222222,108.0,0.4444444444444444,0.6666666666666666,0.3333333333333333,30.0,0.5846153846153846,0.48717948717948717,0.7307692307692307,26.0,0.3333333333333333,0.5,0.25,24.0,0.45714285714285713,0.38095238095238093,0.5714285714285714,28.0,,,,
p_986,0.3652954275817002,0.35200691121743755,0.3903846153846154,0.37973601603303603,0.35768749876937017,0.4166666666666667,108.0,0.47191011235955055,0.3888888888888889,0.6,35.0,0.4675324675324675,0.47368421052631576,0.46153846153846156,39.0,0.0,0.0,0.0,22.0,0.5217391304347826,0.5454545454545454,0.5,12.0,,,,
p_987,0.3313223938223938,0.3241841491841492,0.36480186480186483,0.34492230325563655,0.3237740654407321,0.39814814814814814,108.0,0.4166666666666667,0.38461538461538464,0.45454545454545453,22.0,0.47619047619047616,0.3787878787878788,0.6410256410256411,39.0,0.0,0.0,0.0,25.0,0.43243243243243246,0.5333333333333333,0.36363636363636365,22.0,,,,
p_988,0.4273399014778325,0.3916520979020979,0.47126696832579185,0.49448093413610655,0.44591103341103344,0.5555555555555556,108.0,0.7241379310344828,0.6461538461538462,0.8235294117647058,51.0,0.41379310344827586,0.375,0.46153846153846156,26.0,0.0,0.0,0.0,21.0,0.5714285714285714,0.5454545454545454,0.6,10.0,,,,
p_989,0.36693210330994486,0.43080271718331414,0.36504238330749733,0.4361519885396663,0.4457954174993976,0.4722222222222222,108.0,0.45161290322580644,0.5833333333333334,0.3684210526315789,19.0,0.6371681415929203,0.5373134328358209,0.782608695652174,46.0,0.24561403508771928,0.2692307692307692,0.22580645161290322,31.0,0.13333333333333333,0.3333333333333333,0.08333333333333333,12.0,,,,
p_990,0.28270621026043025,0.2694144144144144,0.2998751248751249,0.34475881246632917,0.324673006339673,0.37037037037037035,108.0,0.47191011235955055,0.42,0.5384615384615384,39.0,0.32558139534883723,0.3333333333333333,0.3181818181818182,22.0,0.3333333333333333,0.32432432432432434,0.34285714285714286,35.0,0.0,0.0,0.0,12.0,,,,
p_991,0.3139527324733109,0.416081225746019,0.40501284777600566,0.33872813628097276,0.4344820365662062,0.4166666666666667,108.0,0.14285714285714285,0.3333333333333333,0.09090909090909091,22.0,0.5591397849462365,0.49056603773584906,0.65,40.0,0.06896551724137931,0.5,0.037037037037037035,27.0,0.48484848484848486,0.3404255319148936,0.8421052631578947,19.0,,,,
p_992,0.23405095999464812,0.26607142857142857,0.2666517323775388,0.2766315201339954,0.3088624338624339,0.3148148148148148,108.0,0.21621621621621623,0.4,0.14814814814814814,27.0,0.37623762376237624,0.2714285714285714,0.6129032258064516,31.0,0.34375,0.39285714285714285,0.3055555555555556,36.0,0.0,0.0,0.0,14.0,,,,
p_993,0.404477466977467,0.49949894514767934,0.38483561528059496,0.47466114132780796,0.5119393655258635,0.5092592592592593,108.0,0.6153846153846154,0.5063291139240507,0.7843137254901961,51.0,0.4166666666666667,0.625,0.3125,16.0,0.2222222222222222,0.3333333333333333,0.16666666666666666,12.0,0.36363636363636365,0.5333333333333333,0.27586206896551724,29.0,,,,
p_994,0.36296296296296293,0.3561327561327561,0.39453781512605046,0.4395845581030767,0.4075196408529742,0.5,108.0,0.5079365079365079,0.48484848484848486,0.5333333333333333,30.0,0.6476190476190476,0.5396825396825397,0.8095238095238095,42.0,0.2962962962962963,0.4,0.23529411764705882,17.0,0.0,0.0,0.0,19.0,,,,
p_995,0.21174157303370786,0.19222222222222224,0.23592530657748048,0.3330711610486891,0.30286008230452677,0.37037037037037035,108.0,0.42696629213483145,0.38,0.48717948717948717,39.0,0.0,0.0,0.0,6.0,0.42,0.3888888888888889,0.45652173913043476,46.0,0.0,0.0,0.0,17.0,,,,
p_996,0.37893738140417454,0.38666328600405675,0.4057539682539682,0.4696464965914681,0.4715460897002479,0.5092592592592593,108.0,0.47058823529411764,0.5,0.4444444444444444,36.0,0.6451612903225806,0.5172413793103449,0.8571428571428571,35.0,0.4,0.5294117647058824,0.32142857142857145,28.0,0.0,0.0,0.0,9.0,,,,
p_997,0.29400253251985725,0.2756961506961507,0.3354166666666667,0.4659047789587677,0.43283814117147446,0.5370370370370371,108.0,0.5205479452054794,0.5757575757575758,0.475,40.0,0.0,0.0,0.0,11.0,0.6554621848739496,0.527027027027027,0.8666666666666667,45.0,0.0,0.0,0.0,12.0,,,,
p_998,0.37106400160328196,0.41349296128707896,0.38621903153153153,0.40909353875602433,0.43856604845166935,0.4351851851851852,108.0,0.5542168674698795,0.45098039215686275,0.71875,32.0,0.4657534246575342,0.4722222222222222,0.4594594594594595,37.0,0.21428571428571427,0.23076923076923078,0.2,15.0,0.25,0.5,0.16666666666666666,24.0,,,,
p_999,0.22879826595422928,0.22965367965367967,0.25519102990033227,0.3226038317781437,0.3048540965207632,0.37037037037037035,108.0,0.4954128440366973,0.4090909090909091,0.627906976744186,43.0,0.07692307692307693,0.16666666666666666,0.05,20.0,0.34285714285714286,0.34285714285714286,0.34285714285714286,35.0,0.0,0.0,0.0,10.0,,,,
p_1000,0.28598780749318387,0.2730182926829268,0.3577188940092166,0.3002109805176313,0.3014679313459801,0.3611111111111111,108.0,0.49382716049382713,0.4,0.6451612903225806,31.0,0.23076923076923078,0.375,0.16666666666666666,36.0,0.0,0.0,0.0,20.0,0.41935483870967744,0.3170731707317073,0.6190476190476191,21.0,,,,
p_1001,0.2898258604140957,0.41483516483516486,0.3064768363681407,0.4321119693668713,0.5132275132275133,0.5092592592592593,108.0,0.6573426573426573,0.5164835164835165,0.9038461538461539,52.0,0.26666666666666666,0.5714285714285714,0.17391304347826086,23.0,0.23529411764705882,0.5714285714285714,0.14814814814814814,27.0,0.0,0.0,0.0,6.0,,,,
p_1002,0.39063608240515485,0.4091637529137529,0.3850877192982456,0.40025370084145095,0.41370435120435123,0.39814814814814814,108.0,0.4117647058823529,0.5,0.35,20.0,0.30434782608695654,0.2692307692307692,0.35,20.0,0.43902439024390244,0.4090909090909091,0.47368421052631576,38.0,0.4074074074074074,0.4583333333333333,0.36666666666666664,30.0,,,,
p_1003,0.325363196125908,0.3467132505175983,0.3459918018931711,0.35277105192359426,0.35836304731232266,0.37962962962962965,108.0,0.3728813559322034,0.36666666666666664,0.3793103448275862,29.0,0.5,0.41304347826086957,0.6333333333333333,30.0,0.3333333333333333,0.35714285714285715,0.3125,32.0,0.09523809523809523,0.25,0.058823529411764705,17.0,,,,
p_1004,0.232838632529035,0.22585978835978834,0.26113411548194154,0.23897816436516128,0.23115079365079366,0.26851851851851855,108.0,0.05714285714285714,0.08333333333333333,0.043478260869565216,23.0,0.42105263157894735,0.3333333333333333,0.5714285714285714,28.0,0.2962962962962963,0.2962962962962963,0.2962962962962963,27.0,0.1568627450980392,0.19047619047619047,0.13333333333333333,30.0,,,,
p_1005,0.27755501518400194,0.3517520215633423,0.28130570409982175,0.29348884704013534,0.33534241788958774,0.3148148148148148,108.0,0.12903225806451613,0.2857142857142857,0.08333333333333333,24.0,0.39473684210526316,0.35714285714285715,0.4411764705882353,34.0,0.32558139534883723,0.2641509433962264,0.42424242424242425,33.0,0.2608695652173913,0.5,0.17647058823529413,17.0,,,,
p_1006,0.24313186813186813,0.30744047619047615,0.2925311660279283,0.3385734635734636,0.3531635802469136,0.4537037037037037,108.0,0.6153846153846154,0.4583333333333333,0.9361702127659575,47.0,0.0,0.0,0.0,17.0,0.2857142857142857,0.5714285714285714,0.19047619047619047,21.0,0.07142857142857142,0.2,0.043478260869565216,23.0,,,,
p_1007,0.30397189017878673,0.5363636363636364,0.3221590909090909,0.4657979313151727,0.6148148148148148,0.5648148148148148,108.0,0.7012987012987013,0.5454545454545454,0.9818181818181818,55.0,0.3076923076923077,1.0,0.18181818181818182,22.0,0.20689655172413793,0.6,0.125,24.0,0.0,0.0,0.0,7.0,,,,
p_1008,0.3269647696476965,0.43288201160541584,0.33571428571428563,0.3374234668272609,0.36669890393294646,0.37962962962962965,108.0,0.4,0.32727272727272727,0.5142857142857142,35.0,0.4634146341463415,0.40425531914893614,0.5428571428571428,35.0,0.0,0.0,0.0,24.0,0.4444444444444444,1.0,0.2857142857142857,14.0,,,,
p_1009,0.39545454545454545,0.4128191530641281,0.3961894586894587,0.4601010101010101,0.48655540321862073,0.4537037037037037,108.0,0.6,0.6774193548387096,0.5384615384615384,39.0,0.4,0.32558139534883723,0.5185185185185185,27.0,0.4,0.4482758620689655,0.3611111111111111,36.0,0.18181818181818182,0.2,0.16666666666666666,6.0,,,,
p_1010,0.36429511102089257,0.37072981366459623,0.3766829865361077,0.43547467258176636,0.45184897630549803,0.4444444444444444,108.0,0.4225352112676056,0.5357142857142857,0.3488372093023256,43.0,0.5681818181818182,0.5,0.6578947368421053,38.0,0.34146341463414637,0.30434782608695654,0.3888888888888889,18.0,0.125,0.14285714285714285,0.1111111111111111,9.0,,,,
p_1011,0.27936507936507937,0.2999847374847374,0.2910796034061529,0.35389476778365664,0.34975184280739824,0.39814814814814814,108.0,0.5714285714285714,0.4722222222222222,0.723404255319149,47.0,0.3,0.42857142857142855,0.23076923076923078,26.0,0.05555555555555555,0.07692307692307693,0.043478260869565216,23.0,0.19047619047619047,0.2222222222222222,0.16666666666666666,12.0,,,,
p_1012,0.288392541534111,0.3927083333333334,0.30558040151063404,0.3517971930927039,0.43040123456790125,0.4074074074074074,108.0,0.5528455284552846,0.425,0.7906976744186046,43.0,0.21739130434782608,0.3125,0.16666666666666666,30.0,0.25,0.6666666666666666,0.15384615384615385,26.0,0.13333333333333333,0.16666666666666666,0.1111111111111111,9.0,,,,
p_1013,0.4195726495726496,0.5565476190476191,0.40845959595959597,0.5110351377018044,0.5648148148148148,0.5370370370370371,108.0,0.68,0.6071428571428571,0.7727272727272727,44.0,0.4,1.0,0.25,16.0,0.48717948717948717,0.4523809523809524,0.5277777777777778,36.0,0.1111111111111111,0.16666666666666666,0.08333333333333333,12.0,,,,
p_1014,0.2851488362800919,0.3234126984126984,0.2950191570881226,0.45694042109235394,0.43907995296884184,0.5185185185185185,108.0,0.676056338028169,0.5714285714285714,0.8275862068965517,58.0,0.0,0.0,0.0,12.0,0.16666666666666666,0.3333333333333333,0.1111111111111111,9.0,0.2978723404255319,0.3888888888888889,0.2413793103448276,29.0,,,,
p_1015,0.28213390619405654,0.4543010752688172,0.2888888888888889,0.3804749970163504,0.43637992831541217,0.46296296296296297,108.0,0.6122448979591837,0.4838709677419355,0.8333333333333334,54.0,0.0,0.0,0.0,21.0,0.09523809523809523,0.3333333333333333,0.05555555555555555,18.0,0.42105263157894735,1.0,0.26666666666666666,15.0,,,,
p_1016,0.3015406162464986,0.32576884920634924,0.29662698412698413,0.3901053013798112,0.38798868312757195,0.4074074074074074,108.0,0.5,0.4444444444444444,0.5714285714285714,49.0,0.19047619047619047,0.2857142857142857,0.14285714285714285,14.0,0.38235294117647056,0.40625,0.3611111111111111,36.0,0.13333333333333333,0.16666666666666666,0.1111111111111111,9.0,,,,
p_1017,0.43701883701883704,0.4946449838867871,0.42891024583402076,0.452200685534019,0.49589596339368647,0.46296296296296297,108.0,0.4444444444444444,0.625,0.3448275862068966,29.0,0.4,0.5384615384615384,0.3181818181818182,22.0,0.5252525252525253,0.4262295081967213,0.6842105263157895,38.0,0.3783783783783784,0.3888888888888889,0.3684210526315789,19.0,,,,
p_1018,0.2991924544105463,0.3035714285714286,0.31881124215220324,0.45053214249947654,0.4155643738977073,0.5185185185185185,108.0,0.6524822695035462,0.5476190476190477,0.8070175438596491,57.0,0.43902439024390244,0.5,0.391304347826087,23.0,0.10526315789473684,0.16666666666666666,0.07692307692307693,13.0,0.0,0.0,0.0,15.0,,,,
p_1019,0.2479556074766355,0.21928817451205512,0.29771341463414636,0.3708138629283489,0.3284326232087426,0.4444444444444444,108.0,0.375,0.38461538461538464,0.36585365853658536,41.0,0.0,0.0,0.0,13.0,0.616822429906542,0.4925373134328358,0.825,40.0,0.0,0.0,0.0,14.0,,,,
p_1020,0.3771820800392229,0.39306220095693784,0.3670634920634921,0.36135069309672485,0.36591795144426725,0.3611111111111111,108.0,0.2702702702702703,0.2631578947368421,0.2777777777777778,36.0,0.4266666666666667,0.4,0.45714285714285713,35.0,0.3673469387755102,0.4090909090909091,0.3333333333333333,27.0,0.4444444444444444,0.5,0.4,10.0,,,,
p_1021,0.33104258652613583,0.3368831168831169,0.3670634920634921,0.4286175863942564,0.41255892255892257,0.5,108.0,0.6050420168067226,0.4675324675324675,0.8571428571428571,42.0,0.0,0.0,0.0,23.0,0.576271186440678,0.68,0.5,34.0,0.14285714285714285,0.2,0.1111111111111111,9.0,,,,
p_1022,0.2355779776266725,0.21447890371438877,0.26833706606942886,0.37056128293241697,0.3408662900188324,0.4166666666666667,108.0,0.46808510638297873,0.46808510638297873,0.46808510638297873,47.0,0.0,0.0,0.0,4.0,0.4742268041237113,0.3898305084745763,0.6052631578947368,38.0,0.0,0.0,0.0,19.0,,,,
p_1023,0.2622079392028458,0.4733981693363844,0.29055815508021393,0.34845738899219375,0.4267416730231376,0.4166666666666667,108.0,0.6290322580645161,0.5131578947368421,0.8125,48.0,0.16666666666666666,1.0,0.09090909090909091,11.0,0.09523809523809523,0.25,0.058823529411764705,34.0,0.15789473684210525,0.13043478260869565,0.2,15.0,,,,
p_1024,0.27362155875806027,0.2762694821518351,0.28146853146853146,0.33587451383204675,0.3318809005083515,0.35185185185185186,108.0,0.3516483516483517,0.3076923076923077,0.41025641025641024,39.0,0.0,0.0,0.0,10.0,0.463768115942029,0.4444444444444444,0.48484848484848486,33.0,0.27906976744186046,0.35294117647058826,0.23076923076923078,26.0,,,,
p_1025,0.28434065934065933,0.2774390243902439,0.307183908045977,0.5011192511192512,0.4663504968383017,0.5648148148148148,108.0,0.7142857142857143,0.6097560975609756,0.8620689655172413,58.0,0.0,0.0,0.0,4.0,0.4230769230769231,0.5,0.36666666666666664,30.0,0.0,0.0,0.0,16.0,,,,
p_1026,0.3018524168340826,0.30007763975155277,0.321078431372549,0.40323869134764895,0.3870341614906832,0.4351851851851852,108.0,0.5274725274725275,0.5217391304347826,0.5333333333333333,45.0,0.17391304347826086,0.25,0.13333333333333333,15.0,0.5060240963855421,0.42857142857142855,0.6176470588235294,34.0,0.0,0.0,0.0,14.0,,,,
p_1027,0.3156504785537043,0.39362745098039215,0.31742424242424244,0.4367147189727835,0.4425744371822803,0.5,108.0,0.6571428571428571,0.5411764705882353,0.8363636363636363,55.0,0.0,0.0,0.0,22.0,0.45161290322580644,0.7,0.3333333333333333,21.0,0.15384615384615385,0.3333333333333333,0.1,10.0,,,,
p_1028,0.25905344655344653,0.3092532467532467,0.27754329004329004,0.4063390313390314,0.4050925925925926,0.48148148148148145,108.0,0.6433566433566433,0.5227272727272727,0.8363636363636363,55.0,0.0,0.0,0.0,7.0,0.14285714285714285,0.21428571428571427,0.10714285714285714,28.0,0.25,0.5,0.16666666666666666,18.0,,,,
p_1029,0.46340498610682307,0.4574362041467304,0.5215144230769231,0.4456034598584382,0.45481496249040104,0.49074074074074076,108.0,0.5822784810126582,0.5227272727272727,0.6571428571428571,35.0,0.5625,0.5,0.6428571428571429,28.0,0.14634146341463414,0.3333333333333333,0.09375,32.0,0.5625,0.47368421052631576,0.6923076923076923,13.0,,,,
p_1030,0.4096085775134024,0.4838084795321637,0.3944027517198249,0.41538479950171214,0.44455409356725145,0.4166666666666667,108.0,0.3466666666666667,0.3611111111111111,0.3333333333333333,39.0,0.35294117647058826,0.3157894736842105,0.4,15.0,0.4444444444444444,0.8,0.3076923076923077,13.0,0.4943820224719101,0.4583333333333333,0.5365853658536586,41.0,,,,
p_1031,0.25086044279710096,0.2238115775349818,0.2857142857142857,0.2833531897055741,0.2519629558636651,0.32407407407407407,108.0,0.4634146341463415,0.40425531914893614,0.5428571428571428,35.0,0.18181818181818182,0.16666666666666666,0.2,20.0,0.3582089552238806,0.32432432432432434,0.4,30.0,0.0,0.0,0.0,23.0,,,,
p_1032,0.37018162281668043,0.39141414141414144,0.4152086869478174,0.38609697114932445,0.399270482603816,0.4351851851851852,108.0,0.49122807017543857,0.3888888888888889,0.6666666666666666,21.0,0.29411764705882354,0.45454545454545453,0.21739130434782608,23.0,0.1111111111111111,0.2222222222222222,0.07407407407407407,27.0,0.5842696629213483,0.5,0.7027027027027027,37.0,,,,
p_1033,0.27055555555555555,0.2647849462365591,0.307615629984051,0.44514403292181076,0.3969534050179211,0.5462962962962963,108.0,0.6933333333333334,0.5591397849462365,0.9122807017543859,57.0,0.3888888888888889,0.5,0.3181818181818182,22.0,0.0,0.0,0.0,19.0,0.0,0.0,0.0,10.0,,,,
p_1034,0.5457886904761905,0.6586691086691087,0.5761312217194571,0.6458581349206349,0.7300343689232578,0.6481481481481481,108.0,0.38095238095238093,0.3076923076923077,0.5,16.0,0.64,0.5333333333333333,0.8,10.0,0.78125,0.7936507936507936,0.7692307692307693,65.0,0.38095238095238093,1.0,0.23529411764705882,17.0,,,,
p_1035,0.34600985221674874,0.48593346253229974,0.341017316017316,0.4601593383202578,0.5240722796439851,0.5185185185185185,108.0,0.6666666666666666,0.5465116279069767,0.8545454545454545,55.0,0.32,0.8,0.2,20.0,0.19047619047619047,0.2222222222222222,0.16666666666666666,12.0,0.20689655172413793,0.375,0.14285714285714285,21.0,,,,
p_1036,0.29122999338925176,0.4948198198198198,0.30197406759906764,0.36922067746804077,0.504371037704371,0.4166666666666667,108.0,0.5409836065573771,0.44594594594594594,0.6875,48.0,0.11764705882352941,0.2,0.08333333333333333,12.0,0.16666666666666666,1.0,0.09090909090909091,22.0,0.33962264150943394,0.3333333333333333,0.34615384615384615,26.0,,,,
p_1037,0.23044733044733043,0.19553014553014553,0.28055555555555556,0.3114745336967559,0.2640717640717641,0.37962962962962965,108.0,0.509090909090909,0.4307692307692308,0.6222222222222222,45.0,0.0,0.0,0.0,18.0,0.0,0.0,0.0,19.0,0.4126984126984127,0.35135135135135137,0.5,26.0,,,,
p_1038,0.37763425974808085,0.3919639242499213,0.40931372549019607,0.466506014533717,0.47674918407229144,0.5092592592592593,108.0,0.24390243902439024,0.45454545454545453,0.16666666666666666,30.0,0.0,0.0,0.0,10.0,0.6172839506172839,0.5319148936170213,0.7352941176470589,34.0,0.6493506493506493,0.5813953488372093,0.7352941176470589,34.0,,,,
p_1039,0.3591591057344482,0.41672526957337086,0.4197139303482587,0.5994797946852741,0.6203443246340574,0.6666666666666666,108.0,0.821917808219178,0.759493670886076,0.8955223880597015,67.0,0.5238095238095238,0.4074074074074074,0.7333333333333333,15.0,0.09090909090909091,0.5,0.05,20.0,0.0,0.0,0.0,6.0,,,,
p_1040,0.3471233888292159,0.3718891402714932,0.3536502546689304,0.36473189421967617,0.37730434053963463,0.3888888888888889,108.0,0.3125,0.38461538461538464,0.2631578947368421,19.0,0.3157894736842105,0.3333333333333333,0.3,20.0,0.5102040816326531,0.4166666666666667,0.6578947368421053,38.0,0.25,0.35294117647058826,0.1935483870967742,31.0,,,,
p_1041,0.37913306451612905,0.4513008373205742,0.3889367816091954,0.4392921146953405,0.4704944178628389,0.49074074074074076,108.0,0.6290322580645161,0.5131578947368421,0.8125,48.0,0.2,0.4,0.13333333333333333,15.0,0.4375,0.4375,0.4375,16.0,0.25,0.45454545454545453,0.1724137931034483,29.0,,,,
p_1042,0.2026627218934911,0.27403846153846156,0.24887820512820513,0.4586894586894587,0.4699074074074074,0.5833333333333334,108.0,0.7337278106508875,0.5961538461538461,0.9538461538461539,65.0,0.0,0.0,0.0,6.0,0.0,0.0,0.0,13.0,0.07692307692307693,0.5,0.041666666666666664,24.0,,,,
p_1043,0.3328482791718086,0.3283016926480424,0.3500164473684211,0.3235693409713018,0.32631455090425093,0.3333333333333333,108.0,0.4307692307692308,0.42424242424242425,0.4375,32.0,0.25,0.22580645161290322,0.28,25.0,0.45454545454545453,0.4,0.5263157894736842,19.0,0.19607843137254902,0.2631578947368421,0.15625,32.0,,,,
p_1044,0.3061947047376081,0.29995778215592456,0.31303133141368433,0.42201834862385323,0.410006497725796,0.4351851851851852,108.0,0.5688073394495413,0.543859649122807,0.5961538461538461,52.0,0.35294117647058826,0.35294117647058826,0.35294117647058826,17.0,0.30303030303030304,0.30303030303030304,0.30303030303030304,33.0,0.0,0.0,0.0,6.0,,,,
p_1045,0.2523850363473005,0.2499695585996956,0.30606060606060603,0.29432918583861983,0.2899627938440724,0.3611111111111111,108.0,0.509090909090909,0.56,0.4666666666666667,30.0,0.4528301886792453,0.3287671232876712,0.7272727272727273,33.0,0.047619047619047616,0.1111111111111111,0.030303030303030304,33.0,0.0,0.0,0.0,12.0,,,,
p_1046,0.36572033898305084,0.4969635395141663,0.37068376068376063,0.38761142498430634,0.48453920122997585,0.4166666666666667,108.0,0.52,0.4262295081967213,0.6666666666666666,39.0,0.25,0.6666666666666666,0.15384615384615385,26.0,0.3728813559322034,0.3235294117647059,0.44,25.0,0.32,0.5714285714285714,0.2222222222222222,18.0,,,,
p_1047,0.40308598071755963,0.4353219696969697,0.3954796264855688,0.4233490800742263,0.44158716797605685,0.42592592592592593,108.0,0.42105263157894735,0.35555555555555557,0.5161290322580645,31.0,0.4,0.5454545454545454,0.3157894736842105,19.0,0.5135135135135135,0.5277777777777778,0.5,38.0,0.2777777777777778,0.3125,0.25,20.0,,,,
p_1048,0.37320562320562317,0.4072842789598109,0.3702722715880611,0.4112519112519113,0.4295404299098152,0.4166666666666667,108.0,0.5494505494505495,0.5319148936170213,0.5681818181818182,44.0,0.32432432432432434,0.375,0.2857142857142857,21.0,0.2857142857142857,0.4444444444444444,0.21052631578947367,19.0,0.3333333333333333,0.2777777777777778,0.4166666666666667,24.0,,,,
p_1049,0.3414910885841118,0.32575757575757575,0.3761027568922306,0.3780689355624756,0.34778338945005616,0.4351851851851852,108.0,0.5740740740740741,0.4696969696969697,0.7380952380952381,42.0,0.0,0.0,0.0,22.0,0.27906976744186046,0.3333333333333333,0.24,25.0,0.5128205128205128,0.5,0.5263157894736842,19.0,,,,
p_1050,0.3885315124999702,0.39970561594202897,0.4179161631207667,0.40876264147857766,0.42243944578636605,0.42592592592592593,108.0,0.3157894736842105,0.4,0.2608695652173913,23.0,0.4489795918367347,0.34375,0.6470588235294118,17.0,0.5454545454545454,0.5217391304347826,0.5714285714285714,42.0,0.24390243902439024,0.3333333333333333,0.19230769230769232,26.0,,,,
p_1051,0.3668060394889663,0.35225887652358245,0.39664685908319186,0.4086079924291307,0.3901435749474966,0.4444444444444444,108.0,0.48,0.4864864864864865,0.47368421052631576,38.0,0.4634146341463415,0.37254901960784315,0.6129032258064516,31.0,0.5238095238095238,0.55,0.5,22.0,0.0,0.0,0.0,17.0,,,,
p_1052,0.50086218884717,0.5173126106629943,0.5089809971175403,0.517590403642413,0.5272668153102935,0.5370370370370371,108.0,0.6666666666666666,0.5769230769230769,0.7894736842105263,38.0,0.35555555555555557,0.5,0.27586206896551724,29.0,0.5106382978723404,0.5217391304347826,0.5,24.0,0.47058823529411764,0.47058823529411764,0.47058823529411764,17.0,,,,
p_1053,0.4478365764910615,0.4609169805558383,0.4532782887402453,0.4600710740799335,0.4769000192292466,0.46296296296296297,108.0,0.5348837209302325,0.48936170212765956,0.5897435897435898,39.0,0.4897959183673469,0.631578947368421,0.4,30.0,0.5,0.45,0.5625,16.0,0.26666666666666666,0.2727272727272727,0.2608695652173913,23.0,,,,
p_1054,0.31246843434343435,0.4386994949494949,0.3256542209853414,0.3883117439830403,0.44884726898615784,0.46296296296296297,108.0,0.6074074074074074,0.4659090909090909,0.8723404255319149,47.0,0.14814814814814814,0.3333333333333333,0.09523809523809523,21.0,0.3125,0.5555555555555556,0.21739130434782608,23.0,0.18181818181818182,0.4,0.11764705882352941,17.0,,,,
p_1055,0.29845819557939823,0.34637681159420286,0.31506410256410255,0.37975612066436093,0.43970746108427267,0.39814814814814814,108.0,0.4146341463414634,0.5666666666666667,0.3269230769230769,52.0,0.34782608695652173,0.5,0.26666666666666666,15.0,0.43137254901960786,0.3188405797101449,0.6666666666666666,33.0,0.0,0.0,0.0,8.0,,,,
p_1056,0.27059312638580935,0.2867370892018779,0.2939560439560439,0.3242916974624292,0.3274474004520953,0.37037037037037035,108.0,0.25,0.3,0.21428571428571427,28.0,0.34146341463414637,0.4666666666666667,0.2692307692307692,26.0,0.4909090909090909,0.38028169014084506,0.6923076923076923,39.0,0.0,0.0,0.0,15.0,,,,
p_1057,0.4076244343891403,0.47059409888357256,0.4219688486205843,0.49193313222724994,0.5253669738318861,0.5370370370370371,108.0,0.38461538461538464,0.5263157894736842,0.30303030303030304,33.0,0.7058823529411765,0.5833333333333334,0.8936170212765957,47.0,0.24,0.5,0.15789473684210525,19.0,0.3,0.2727272727272727,0.3333333333333333,9.0,,,,
p_1058,0.3960137085137085,0.46166187739463604,0.4067708333333333,0.4757629202073646,0.5170710940825883,0.5092592592592593,108.0,0.5277777777777778,0.475,0.59375,32.0,0.48484848484848486,0.8888888888888888,0.3333333333333333,24.0,0.5714285714285714,0.4827586206896552,0.7,40.0,0.0,0.0,0.0,12.0,,,,
p_1059,0.3059613280201515,0.3068136604774536,0.31636562671045426,0.3126879744526803,0.3122089596227528,0.32407407407407407,108.0,0.42857142857142855,0.41379310344827586,0.4444444444444444,27.0,0.36363636363636365,0.38461538461538464,0.3448275862068966,29.0,0.3235294117647059,0.275,0.39285714285714285,28.0,0.10810810810810811,0.15384615384615385,0.08333333333333333,24.0,,,,
p_1060,0.25126050420168067,0.21842723004694836,0.2975,0.36150015561780263,0.3102286558859329,0.4351851851851852,108.0,0.6050420168067226,0.5070422535211268,0.75,48.0,0.0,0.0,0.0,15.0,0.0,0.0,0.0,20.0,0.4,0.36666666666666664,0.44,25.0,,,,
p_1061,0.4021513209013209,0.45783084914182476,0.3947860962566845,0.48042551584218246,0.4941546221017766,0.5,108.0,0.5656565656565656,0.5185185185185185,0.6222222222222222,45.0,0.38461538461538464,0.625,0.2777777777777778,18.0,0.5333333333333333,0.4878048780487805,0.5882352941176471,34.0,0.125,0.2,0.09090909090909091,11.0,,,,
p_1062,0.35420883940620784,0.3233549906248637,0.41559603187510163,0.3801716274303994,0.335750196627535,0.46296296296296297,108.0,0.0,0.0,0.0,30.0,0.41025641025641024,0.47058823529411764,0.36363636363636365,22.0,0.631578947368421,0.5070422535211268,0.8372093023255814,43.0,0.375,0.3157894736842105,0.46153846153846156,13.0,,,,
p_1063,0.35231854838709675,0.3951298701298701,0.37082811848143515,0.4038045101553166,0.4146705146705147,0.46296296296296297,108.0,0.5967741935483871,0.4805194805194805,0.7872340425531915,47.0,0.0,0.0,0.0,20.0,0.25,0.5,0.16666666666666666,24.0,0.5625,0.6,0.5294117647058824,17.0,,,,
p_1064,0.3105205678922461,0.35130348521196236,0.3090277777777778,0.32274939664819535,0.36998942450305283,0.3148148148148148,108.0,0.34146341463414637,0.5384615384615384,0.25,28.0,0.26865671641791045,0.20930232558139536,0.375,24.0,0.3880597014925373,0.41935483870967744,0.3611111111111111,36.0,0.24390243902439024,0.23809523809523808,0.25,20.0,,,,
p_1065,0.45057956245051173,0.44938419280524544,0.4585791763513916,0.5756329201573197,0.5686748905559822,0.5925925925925926,108.0,0.6730769230769231,0.6140350877192983,0.7446808510638298,47.0,0.5245901639344263,0.5925925925925926,0.47058823529411764,34.0,0.6046511627906976,0.5909090909090909,0.6190476190476191,21.0,0.0,0.0,0.0,6.0,,,,
p_1066,0.4683309842612168,0.6080952380952381,0.45879360103498035,0.5709923089638852,0.6240388007054675,0.6111111111111112,108.0,0.7906976744186046,0.68,0.9444444444444444,54.0,0.4444444444444444,1.0,0.2857142857142857,14.0,0.3181818181818182,0.4666666666666667,0.2413793103448276,29.0,0.32,0.2857142857142857,0.36363636363636365,11.0,,,,
p_1067,0.3547183098591549,0.45873015873015877,0.3500375375375375,0.3659207094418362,0.3926513815402704,0.39814814814814814,108.0,0.44,0.3492063492063492,0.5945945945945946,37.0,0.5,1.0,0.3333333333333333,12.0,0.0,0.0,0.0,23.0,0.4788732394366197,0.4857142857142857,0.4722222222222222,36.0,,,,
p_1068,0.35333333333333333,0.3625744047619047,0.38616220735785955,0.36895061728395057,0.37481261022927687,0.39814814814814814,108.0,0.5,0.4666666666666667,0.5384615384615384,39.0,0.28,0.2916666666666667,0.2692307692307692,26.0,0.5,0.40625,0.65,20.0,0.13333333333333333,0.2857142857142857,0.08695652173913043,23.0,,,,
p_1069,0.3700716845878136,0.36861402486402484,0.3878663003663004,0.5326894995353777,0.5083563555785778,0.5833333333333334,108.0,0.7580645161290323,0.6527777777777778,0.9038461538461539,52.0,0.2222222222222222,0.23076923076923078,0.21428571428571427,14.0,0.5,0.5909090909090909,0.43333333333333335,30.0,0.0,0.0,0.0,12.0,,,,
p_1070,0.31153962403962404,0.30977564102564104,0.35289939839572193,0.35968724857613743,0.35042735042735046,0.4166666666666667,108.0,0.4642857142857143,0.5416666666666666,0.40625,32.0,0.5656565656565656,0.4307692307692308,0.8235294117647058,34.0,0.21621621621621623,0.26666666666666666,0.18181818181818182,22.0,0.0,0.0,0.0,20.0,,,,
p_1071,0.2455046707678287,0.28339954255447214,0.25941391941391945,0.3725051264524948,0.42183132030549875,0.4074074074074074,108.0,0.38596491228070173,0.6111111111111112,0.28205128205128205,39.0,0.21428571428571427,0.23076923076923078,0.2,15.0,0.5272727272727272,0.4084507042253521,0.7435897435897436,39.0,0.1,0.16666666666666666,0.07142857142857142,14.0,0.0,0.0,0.0,1.0
p_1072,0.29027777777777775,0.29805202865654706,0.2971595916568743,0.3244855967078189,0.32149687636281477,0.3425925925925926,108.0,0.4444444444444444,0.37735849056603776,0.5405405405405406,37.0,0.3,0.32142857142857145,0.28125,32.0,0.3333333333333333,0.3684210526315789,0.30434782608695654,23.0,0.08333333333333333,0.125,0.0625,16.0,,,,
p_1073,0.3573267231605849,0.36045514768919024,0.36118708119058746,0.4871211231600156,0.4849500053400763,0.5,108.0,0.5964912280701754,0.6538461538461539,0.5483870967741935,31.0,0.36363636363636365,0.38095238095238093,0.34782608695652173,23.0,0.6265060240963856,0.5531914893617021,0.7222222222222222,36.0,0.2,0.21428571428571427,0.1875,16.0,0.0,0.0,0.0,2.0
p_1074,0.3929309744527136,0.3924255952380952,0.4250541125541125,0.4285896202160292,0.4209281305114639,0.46296296296296297,108.0,0.5652173913043478,0.52,0.6190476190476191,42.0,0.07407407407407407,0.2,0.045454545454545456,22.0,0.5,0.46875,0.5357142857142857,28.0,0.43243243243243246,0.38095238095238093,0.5,16.0,,,,
p_1075,0.34740102436323367,0.37726151315789475,0.384080615942029,0.3578555022353471,0.3778021442495127,0.4074074074074074,108.0,0.5208333333333334,0.390625,0.78125,32.0,0.07142857142857142,0.2,0.043478260869565216,23.0,0.2857142857142857,0.3684210526315789,0.23333333333333334,30.0,0.5116279069767442,0.55,0.4782608695652174,23.0,,,,
p_1076,0.3228641456582633,0.3293997668997669,0.3452327242649823,0.336854186118892,0.3409198825865492,0.3611111111111111,108.0,0.4166666666666667,0.38461538461538464,0.45454545454545453,33.0,0.3,0.2727272727272727,0.3333333333333333,18.0,0.45714285714285713,0.41025641025641024,0.5161290322580645,31.0,0.11764705882352941,0.25,0.07692307692307693,26.0,,,,
p_1077,0.366687675070028,0.3390873015873016,0.4150849150849151,0.4088616557734205,0.38979276895943565,0.4444444444444444,108.0,0.35294117647058826,0.34285714285714286,0.36363636363636365,33.0,0.6071428571428571,0.4857142857142857,0.8095238095238095,21.0,0.5066666666666667,0.5277777777777778,0.48717948717948717,39.0,0.0,0.0,0.0,15.0,,,,
p_1078,0.284383786316776,0.27879786566227244,0.3026693889897157,0.32048795515290357,0.30596242821603775,0.35185185185185186,108.0,0.0,0.0,0.0,17.0,0.45454545454545453,0.5,0.4166666666666667,24.0,0.25,0.25925925925925924,0.2413793103448276,29.0,0.4329896907216495,0.3559322033898305,0.5526315789473685,38.0,,,,
p_1079,0.32959461129650225,0.3121266427718041,0.4023962148962149,0.3626640483024119,0.36228926058675165,0.4074074074074074,108.0,0.4946236559139785,0.42592592592592593,0.5897435897435898,39.0,0.0,0.0,0.0,19.0,0.3793103448275862,0.5,0.3055555555555556,36.0,0.4444444444444444,0.3225806451612903,0.7142857142857143,14.0,,,,
p_1080,0.3991071428571429,0.41956521739130437,0.4316501240694789,0.40707671957671954,0.42277241009125066,0.4444444444444444,108.0,0.5714285714285714,0.4782608695652174,0.7096774193548387,31.0,0.5,0.5,0.5,26.0,0.125,0.3333333333333333,0.07692307692307693,26.0,0.4,0.36666666666666664,0.44,25.0,,,,
p_1081,0.3943002076452471,0.4248616546410664,0.38607226107226106,0.393120041456789,0.4164946903917492,0.3888888888888889,108.0,0.35294117647058826,0.375,0.3333333333333333,27.0,0.417910447761194,0.4117647058823529,0.42424242424242425,33.0,0.45714285714285713,0.6153846153846154,0.36363636363636365,22.0,0.3492063492063492,0.2972972972972973,0.4230769230769231,26.0,,,,
p_1082,0.3717937386612086,0.3917663617171006,0.3738304614775203,0.37616769092672714,0.3854171553678943,0.3888888888888889,108.0,0.15,0.2,0.12,25.0,0.4578313253012048,0.3877551020408163,0.5588235294117647,34.0,0.39285714285714285,0.3793103448275862,0.4074074074074074,27.0,0.4864864864864865,0.6,0.4090909090909091,22.0,,,,
p_1083,0.3869561157796452,0.5474029680365297,0.3876293995859213,0.4534972507521527,0.5491248097412481,0.5,108.0,0.3333333333333333,0.375,0.3,20.0,0.2222222222222222,0.26666666666666666,0.19047619047619047,21.0,0.6722689075630253,0.547945205479452,0.8695652173913043,46.0,0.32,1.0,0.19047619047619047,21.0,,,,
p_1084,0.24970372764490412,0.24900793650793648,0.2816666666666666,0.3039066053771936,0.29563492063492064,0.35185185185185186,108.0,0.14285714285714285,0.25,0.1,30.0,0.34615384615384615,0.3333333333333333,0.36,25.0,0.0,0.0,0.0,14.0,0.5098039215686274,0.4126984126984127,0.6666666666666666,39.0,,,,
p_1085,0.293578492190921,0.5005952380952381,0.30606060606060603,0.33375845375370994,0.440652557319224,0.37037037037037035,108.0,0.3870967741935484,0.3,0.5454545454545454,33.0,0.475,0.4523809523809524,0.5,38.0,0.07692307692307693,0.25,0.045454545454545456,22.0,0.23529411764705882,1.0,0.13333333333333333,15.0,,,,
p_1086,0.49142603113726846,0.5001909854851032,0.521786165164773,0.5176784963000992,0.5403615991851287,0.5277777777777778,108.0,0.5316455696202531,0.6176470588235294,0.4666666666666667,45.0,0.3333333333333333,0.45454545454545453,0.2631578947368421,19.0,0.47058823529411764,0.38095238095238093,0.6153846153846154,13.0,0.6301369863013698,0.5476190476190477,0.7419354838709677,31.0,,,,
p_1087,0.34949763471538164,0.4201388888888889,0.3542652329749104,0.3475490494505011,0.4152520576131687,0.35185185185185186,108.0,0.3835616438356164,0.2916666666666667,0.56,25.0,0.3076923076923077,0.5,0.2222222222222222,27.0,0.3783783783783784,0.5833333333333334,0.28,25.0,0.3283582089552239,0.3055555555555556,0.3548387096774194,31.0,,,,
p_1088,0.28208279391863683,0.2885878489326765,0.2920777245067306,0.31201724839872297,0.3156814449917898,0.32407407407407407,108.0,0.3225806451612903,0.3448275862068966,0.30303030303030304,33.0,0.10526315789473684,0.14285714285714285,0.08333333333333333,12.0,0.40540540540540543,0.3333333333333333,0.5172413793103449,29.0,0.29508196721311475,0.3333333333333333,0.2647058823529412,34.0,,,,
p_1089,0.4185606060606061,0.45079831932773107,0.42051508029768897,0.418841189674523,0.4512791783380018,0.42592592592592593,108.0,0.3333333333333333,0.32,0.34782608695652173,23.0,0.4772727272727273,0.4117647058823529,0.5675675675675675,37.0,0.5,0.5,0.5,18.0,0.36363636363636365,0.5714285714285714,0.26666666666666666,30.0,,,,
p_1090,0.30431493030080703,0.33504901960784317,0.3158033826638478,0.3513882095595228,0.3683188090050835,0.37037037037037035,108.0,0.5319148936170213,0.49019607843137253,0.5813953488372093,43.0,0.3103448275862069,0.25,0.4090909090909091,22.0,0.0,0.0,0.0,21.0,0.375,0.6,0.2727272727272727,22.0,,,,
p_1091,0.33968129571577843,0.4212687612237837,0.314285596492592,0.33534095746739423,0.38311171032310454,0.32407407407407407,108.0,0.2,0.1724137931034483,0.23809523809523808,21.0,0.367816091954023,0.34782608695652173,0.3902439024390244,41.0,0.5,0.8571428571428571,0.35294117647058826,17.0,0.2909090909090909,0.3076923076923077,0.27586206896551724,29.0,,,,
p_1092,0.36636363636363634,0.36685971685971686,0.3741379310344828,0.37127946127946126,0.37181228847895514,0.37962962962962965,108.0,0.3,0.3,0.3,30.0,0.3,0.3,0.3,20.0,0.32,0.38095238095238093,0.27586206896551724,29.0,0.5454545454545454,0.4864864864864865,0.6206896551724138,29.0,,,,
p_1093,0.31080462091100386,0.31890915688085497,0.3230614196898271,0.33402088455279944,0.34984185102109633,0.3425925925925926,108.0,0.3829787234042553,0.33962264150943394,0.43902439024390244,41.0,0.32727272727272727,0.45,0.2571428571428571,35.0,0.46153846153846156,0.4090909090909091,0.5294117647058824,17.0,0.07142857142857142,0.07692307692307693,0.06666666666666667,15.0,,,,
p_1094,0.4081492895052217,0.4055569226983297,0.42833333333333334,0.48810452294444767,0.4715987481529332,0.5277777777777778,108.0,0.6464646464646465,0.5423728813559322,0.8,40.0,0.5454545454545454,0.631578947368421,0.48,25.0,0.4406779661016949,0.4482758620689655,0.43333333333333335,30.0,0.0,0.0,0.0,13.0,,,,
p_1095,0.37317813765182184,0.36285598413842823,0.3935172154986396,0.500296146348778,0.46906292557878715,0.5462962962962963,108.0,0.676923076923077,0.6027397260273972,0.7719298245614035,57.0,0.3157894736842105,0.375,0.2727272727272727,22.0,0.5,0.47368421052631576,0.5294117647058824,17.0,0.0,0.0,0.0,12.0,,,,
p_1096,0.32570901320901324,0.4227941176470588,0.3534743991640544,0.41676379176379175,0.44653231663035586,0.46296296296296297,108.0,0.5656565656565656,0.5490196078431373,0.5833333333333334,48.0,0.5,0.39215686274509803,0.6896551724137931,29.0,0.08333333333333333,0.25,0.05,20.0,0.15384615384615385,0.5,0.09090909090909091,11.0,,,,
p_1097,0.37439163301232264,0.3990196078431373,0.3925,0.45826669581458856,0.4636891793754539,0.5,108.0,0.6206896551724138,0.5294117647058824,0.75,48.0,0.43243243243243246,0.6666666666666666,0.32,25.0,0.0,0.0,0.0,15.0,0.4444444444444444,0.4,0.5,20.0,,,,
p_1098,0.31034440941062336,0.3187859195402299,0.3153988603988604,0.31040309854684495,0.3193247126436781,0.3148148148148148,108.0,0.4,0.3793103448275862,0.4230769230769231,26.0,0.3225806451612903,0.3125,0.3333333333333333,30.0,0.23809523809523808,0.3333333333333333,0.18518518518518517,27.0,0.2807017543859649,0.25,0.32,25.0,,,,
p_1099,0.43438746367580083,0.4608757062146893,0.4496731716559303,0.5298542282863551,0.5447216991002302,0.5648148148148148,108.0,0.49122807017543857,0.5,0.4827586206896552,29.0,0.0,0.0,0.0,12.0,0.5116279069767442,0.7333333333333333,0.39285714285714285,28.0,0.7346938775510204,0.6101694915254238,0.9230769230769231,39.0,,,,
p_1100,0.36950833637580627,0.3629901960784314,0.4036458333333333,0.4189964121356357,0.40570079883805377,0.46296296296296297,108.0,0.4578313253012048,0.37254901960784315,0.59375,32.0,0.0,0.0,0.0,17.0,0.4090909090909091,0.5294117647058824,0.3333333333333333,27.0,0.6111111111111112,0.55,0.6875,32.0,,,,
p_1101,0.4090264528438097,0.4178302900107411,0.4281876212023271,0.40223801639002993,0.4142051557465091,0.4166666666666667,108.0,0.45454545454545453,0.40816326530612246,0.5128205128205128,39.0,0.23255813953488372,0.2631578947368421,0.20833333333333334,24.0,0.5853658536585366,0.5,0.7058823529411765,17.0,0.36363636363636365,0.5,0.2857142857142857,28.0,,,,
p_1102,0.46081016868614877,0.48786739576213256,0.4662620091896408,0.534264758938078,0.5309253774166055,0.5648148148148148,108.0,0.6229508196721312,0.5757575757575758,0.6785714285714286,28.0,0.6666666666666666,0.5964912280701754,0.7555555555555555,45.0,0.4666666666666667,0.6363636363636364,0.3684210526315789,19.0,0.08695652173913043,0.14285714285714285,0.0625,16.0,,,,
p_1103,0.32879845172545386,0.3060830678755207,0.3829495614035087,0.42103466656974803,0.38386901358599473,0.49074074074074076,108.0,0.611764705882353,0.49056603773584906,0.8125,32.0,0.6265060240963856,0.5909090909090909,0.6666666666666666,39.0,0.0,0.0,0.0,18.0,0.07692307692307693,0.14285714285714285,0.05263157894736842,19.0,,,,
p_1104,0.27904040404040403,0.3152380952380952,0.28522572908762167,0.38103254769921435,0.39204144620811293,0.4166666666666667,108.0,0.20833333333333334,0.25,0.17857142857142858,28.0,0.6262626262626263,0.5166666666666667,0.7948717948717948,39.0,0.22727272727272727,0.23809523809523808,0.21739130434782608,23.0,0.3333333333333333,0.5714285714285714,0.23529411764705882,17.0,0.0,0.0,0.0,1.0
p_1105,0.28893016623513074,0.3053763440860215,0.3146715103986468,0.3019765177763602,0.31071286340103543,0.3333333333333333,108.0,0.36666666666666664,0.3548387096774194,0.3793103448275862,29.0,0.41975308641975306,0.3333333333333333,0.5666666666666667,30.0,0.2978723404255319,0.3333333333333333,0.2692307692307692,26.0,0.07142857142857142,0.2,0.043478260869565216,23.0,,,,
p_1106,0.35312363158662974,0.4144067796610169,0.3409265350877193,0.39223694026824957,0.4054927809165097,0.4074074074074074,108.0,0.2903225806451613,0.3,0.28125,32.0,0.35294117647058826,0.4,0.3157894736842105,19.0,0.5192307692307693,0.4576271186440678,0.6,45.0,0.25,0.5,0.16666666666666666,12.0,,,,
p_1107,0.36041989683721964,0.478997975708502,0.3854336734693878,0.4317837710226161,0.5087906732643575,0.5,108.0,0.6456692913385826,0.5256410256410257,0.8367346938775511,49.0,0.16666666666666666,0.25,0.125,16.0,0.14285714285714285,0.6666666666666666,0.08,25.0,0.4864864864864865,0.47368421052631576,0.5,18.0,,,,
p_1108,0.22150735294117646,0.22819086651053863,0.25381274131274134,0.2738403231663036,0.2848902766935554,0.3148148148148148,108.0,0.4791666666666667,0.3770491803278688,0.6571428571428571,35.0,0.0,0.0,0.0,8.0,0.1568627450980392,0.2857142857142857,0.10810810810810811,37.0,0.25,0.25,0.25,28.0,,,,
p_1109,0.3258572567783094,0.31105006105006106,0.36451612903225805,0.39580749010573574,0.3935806991362547,0.4166666666666667,108.0,0.5227272727272727,0.5476190476190477,0.5,46.0,0.5,0.3888888888888889,0.7,20.0,0.0,0.0,0.0,11.0,0.2807017543859649,0.3076923076923077,0.25806451612903225,31.0,,,,
p_1110,0.3149641577060932,0.32701262272089765,0.3536732085119182,0.36267091464224077,0.39721417069243153,0.37962962962962965,108.0,0.45161290322580644,0.6086956521739131,0.358974358974359,39.0,0.3888888888888889,0.28,0.6363636363636364,22.0,0.41935483870967744,0.41935483870967744,0.41935483870967744,31.0,0.0,0.0,0.0,16.0,,,,
p_1111,0.33357753357753356,0.42241092241092243,0.32921078921078917,0.5419165196942974,0.5365560365560366,0.6111111111111112,108.0,0.7692307692307693,0.6593406593406593,0.9230769230769231,65.0,0.14285714285714285,0.3333333333333333,0.09090909090909091,11.0,0.2222222222222222,0.36363636363636365,0.16,25.0,0.2,0.3333333333333333,0.14285714285714285,7.0,,,,
p_1112,0.3173611111111111,0.33463855421686745,0.3255464480874317,0.4947788065843622,0.46251673360107093,0.5555555555555556,108.0,0.7361111111111112,0.6385542168674698,0.8688524590163934,61.0,0.4,0.5,0.3333333333333333,18.0,0.0,0.0,0.0,19.0,0.13333333333333333,0.2,0.1,10.0,,,,
p_1113,0.27255485260465745,0.2728623003013247,0.30084033613445377,0.2951996928952105,0.2954950800479256,0.32407407407407407,108.0,0.058823529411764705,0.16666666666666666,0.03571428571428571,28.0,0.56,0.5121951219512195,0.6176470588235294,34.0,0.2608695652173913,0.23076923076923078,0.3,30.0,0.21052631578947367,0.18181818181818182,0.25,16.0,,,,
p_1114,0.3248722860791826,0.31514723678902784,0.3455473098330241,0.5621481954496003,0.5419038441426501,0.6018518518518519,108.0,0.7068965517241379,0.6119402985074627,0.8367346938775511,49.0,0.0,0.0,0.0,10.0,0.5925925925925926,0.6486486486486487,0.5454545454545454,44.0,0.0,0.0,0.0,5.0,,,,
p_1115,0.38919833124106695,0.38852813852813856,0.42418498400686533,0.3880893309777065,0.40099406766073437,0.4074074074074074,108.0,0.5405405405405406,0.5,0.5882352941176471,34.0,0.21739130434782608,0.35714285714285715,0.15625,32.0,0.3870967741935484,0.36363636363636365,0.41379310344827586,29.0,0.4117647058823529,0.3333333333333333,0.5384615384615384,13.0,,,,
p_1116,0.3656920246104307,0.34801136363636365,0.3876603876603877,0.43153067678684376,0.40605709876543217,0.46296296296296297,108.0,0.47058823529411764,0.4166666666666667,0.5405405405405406,37.0,0.0,0.0,0.0,15.0,0.5376344086021505,0.5208333333333334,0.5555555555555556,45.0,0.45454545454545453,0.45454545454545453,0.45454545454545453,11.0,,,,
p_1117,0.2612433862433862,0.2710561497326203,0.29007352941176473,0.3440133254948069,0.31214101802337096,0.42592592592592593,108.0,0.5925925925925926,0.47058823529411764,0.8,50.0,0.16666666666666666,0.25,0.125,16.0,0.0,0.0,0.0,25.0,0.2857142857142857,0.36363636363636365,0.23529411764705882,17.0,,,,
p_1118,0.3900884690358375,0.4616987179487179,0.3800865800865801,0.4208693623898302,0.4561609686609686,0.42592592592592593,108.0,0.5185185185185185,0.5384615384615384,0.5,42.0,0.3157894736842105,0.6,0.21428571428571427,14.0,0.41025641025641024,0.3333333333333333,0.5333333333333333,30.0,0.3157894736842105,0.375,0.2727272727272727,22.0,,,,
p_1119,0.2937535014005602,0.3116421568627451,0.3151960784313726,0.435626102292769,0.4459876543209877,0.48148148148148145,108.0,0.64,0.5333333333333333,0.8,50.0,0.39215686274509803,0.5882352941176471,0.29411764705882354,34.0,0.0,0.0,0.0,12.0,0.14285714285714285,0.125,0.16666666666666666,12.0,,,,
p_1120,0.3274657441324108,0.3139846235418876,0.34309210526315786,0.387454338071622,0.37041602843564664,0.4074074074074074,108.0,0.41975308641975306,0.4146341463414634,0.425,40.0,0.46153846153846156,0.45,0.47368421052631576,19.0,0.42857142857142855,0.391304347826087,0.47368421052631576,38.0,0.0,0.0,0.0,11.0,,,,
p_1121,0.33083757612059495,0.3203174603174603,0.36258159934720524,0.4044124987521214,0.3940858318636096,0.4444444444444444,108.0,0.6037735849056604,0.5079365079365079,0.7441860465116279,43.0,0.37037037037037035,0.3333333333333333,0.4166666666666667,12.0,0.3492063492063492,0.44,0.2894736842105263,38.0,0.0,0.0,0.0,15.0,,,,
p_1122,0.27754010695187165,0.25265957446808507,0.3078947368421052,0.4259655377302436,0.3880023640661938,0.4722222222222222,108.0,0.5454545454545454,0.5,0.6,45.0,0.0,0.0,0.0,17.0,0.5647058823529412,0.5106382978723404,0.631578947368421,38.0,0.0,0.0,0.0,8.0,,,,
p_1123,0.3601450041492451,0.4117841774246938,0.3632260101010101,0.40472417715503634,0.4199185945296505,0.42592592592592593,108.0,0.5154639175257731,0.4716981132075472,0.5681818181818182,44.0,0.10526315789473684,0.3333333333333333,0.0625,16.0,0.38235294117647056,0.34210526315789475,0.43333333333333335,30.0,0.4375,0.5,0.3888888888888889,18.0,,,,
p_1124,0.288265306122449,0.2619047619047619,0.32052669552669555,0.5331632653061225,0.48456790123456794,0.5925925925925926,108.0,0.7857142857142857,0.7142857142857143,0.873015873015873,63.0,0.3673469387755102,0.3333333333333333,0.4090909090909091,22.0,0.0,0.0,0.0,12.0,0.0,0.0,0.0,11.0,,,,
p_1125,0.347903921293918,0.3378776713338246,0.3771066955210177,0.41867897256368436,0.4010890035208384,0.46296296296296297,108.0,0.6326530612244898,0.5254237288135594,0.7948717948717948,39.0,0.0,0.0,0.0,12.0,0.2807017543859649,0.34782608695652173,0.23529411764705882,34.0,0.4782608695652174,0.4782608695652174,0.4782608695652174,23.0,,,,
p_1126,0.40104667124227866,0.4271994324045408,0.4050071779273816,0.415353084725082,0.427278742881168,0.4351851851851852,108.0,0.5106382978723404,0.42105263157894735,0.6486486486486487,37.0,0.1935483870967742,0.3,0.14285714285714285,21.0,0.5,0.5294117647058824,0.47368421052631576,19.0,0.4,0.4583333333333333,0.3548387096774194,31.0,,,,
p_1127,0.32939804448425136,0.3686165807876334,0.35687830687830685,0.3585739026830981,0.36736417821944145,0.42592592592592593,108.0,0.5862068965517241,0.4473684210526316,0.85,40.0,0.42424242424242425,0.5384615384615384,0.35,20.0,0.05714285714285714,0.125,0.037037037037037035,27.0,0.25,0.36363636363636365,0.19047619047619047,21.0,,,,
p_1128,0.34275641025641024,0.5161147388059701,0.3464015151515151,0.3690471668249446,0.48028606965174125,0.39814814814814814,108.0,0.48,0.3582089552238806,0.7272727272727273,33.0,0.2222222222222222,0.5,0.14285714285714285,14.0,0.3611111111111111,0.40625,0.325,40.0,0.3076923076923077,0.8,0.19047619047619047,21.0,,,,
p_1129,0.19172982316181358,0.158008658008658,0.243755383290267,0.2624060039297375,0.216370049703383,0.3333333333333333,108.0,0.47706422018348627,0.3939393939393939,0.6046511627906976,43.0,0.0,0.0,0.0,14.0,0.0,0.0,0.0,24.0,0.2898550724637681,0.23809523809523808,0.37037037037037035,27.0,,,,
p_1130,0.3402287137681159,0.425,0.3631038647342995,0.43618407809983895,0.4691358024691358,0.5092592592592593,108.0,0.1,0.2,0.06666666666666667,15.0,0.08695652173913043,0.3333333333333333,0.05,20.0,0.5333333333333333,0.6666666666666666,0.4444444444444444,27.0,0.640625,0.5,0.8913043478260869,46.0,,,,
p_1131,0.34512154512154514,0.4228298746554324,0.34970159151193636,0.38805885472552143,0.41251837211945397,0.4074074074074074,108.0,0.4835164835164835,0.43137254901960786,0.55,40.0,0.13333333333333333,0.5,0.07692307692307693,13.0,0.43636363636363634,0.41379310344827586,0.46153846153846156,26.0,0.32727272727272727,0.34615384615384615,0.3103448275862069,29.0,,,,
p_1132,0.3551715783445663,0.37966791979949877,0.35883683013900797,0.4027926653581911,0.42209922955536994,0.4166666666666667,108.0,0.5531914893617021,0.4642857142857143,0.6842105263157895,38.0,0.3333333333333333,0.42105263157894735,0.27586206896551724,29.0,0.14285714285714285,0.13333333333333333,0.15384615384615385,13.0,0.391304347826087,0.5,0.32142857142857145,28.0,,,,
p_1133,0.2699142156862745,0.26098602484472055,0.3341014588859416,0.3398692810457516,0.3240050609615827,0.4166666666666667,108.0,0.058823529411764705,0.2,0.034482758620689655,29.0,0.0,0.0,0.0,13.0,0.6041666666666666,0.5178571428571429,0.725,40.0,0.4166666666666667,0.32608695652173914,0.5769230769230769,26.0,,,,
p_1134,0.4236419116517727,0.4631779510811769,0.4474429583005507,0.46805499976723647,0.5025470348050993,0.5,108.0,0.6185567010309279,0.5357142857142857,0.7317073170731707,41.0,0.36363636363636365,0.6153846153846154,0.25806451612903225,31.0,0.17391304347826086,0.25,0.13333333333333333,15.0,0.5384615384615384,0.45161290322580644,0.6666666666666666,21.0,,,,
p_1135,0.31340522831206064,0.32303921568627453,0.31212885796569567,0.4031632273868299,0.40905954974582426,0.4074074074074074,108.0,0.43478260869565216,0.39215686274509803,0.4878048780487805,41.0,0.0,0.0,0.0,5.0,0.32653061224489793,0.4,0.27586206896551724,29.0,0.49230769230769234,0.5,0.48484848484848486,33.0,,,,
p_1136,0.36877294685990336,0.42664092664092657,0.3716884873071486,0.48325210234388977,0.48444873444873443,0.5370370370370371,108.0,0.24,0.2857142857142857,0.20689655172413793,29.0,0.752,0.6351351351351351,0.9215686274509803,51.0,0.2608695652173913,0.5,0.17647058823529413,17.0,0.2222222222222222,0.2857142857142857,0.18181818181818182,11.0,,,,
p_1137,0.2787817938420348,0.30374180083482405,0.2996848350018539,0.28510337646883827,0.3003627509441463,0.3148148148148148,108.0,0.0,0.0,0.0,24.0,0.3373493975903614,0.2692307692307692,0.45161290322580644,31.0,0.3333333333333333,0.27906976744186046,0.41379310344827586,29.0,0.4444444444444444,0.6666666666666666,0.3333333333333333,24.0,,,,
p_1138,0.37413198503624034,0.552149209486166,0.36222137791286724,0.42784564726054086,0.4683245498462889,0.4351851851851852,108.0,0.5054945054945055,0.5227272727272727,0.48936170212765956,47.0,0.2553191489361702,0.2608695652173913,0.25,24.0,0.4857142857142857,0.425,0.5666666666666667,30.0,0.25,1.0,0.14285714285714285,7.0,,,,
p_1139,0.29238153594771243,0.2932017543859649,0.3288793103448276,0.47414366981360445,0.42459389213775184,0.5833333333333334,108.0,0.4375,0.5833333333333334,0.35,20.0,0.0,0.0,0.0,16.0,0.7320261437908496,0.5894736842105263,0.9655172413793104,58.0,0.0,0.0,0.0,14.0,,,,
p_1140,0.3706597222222222,0.41009887005649714,0.3668998087039694,0.4268904320987654,0.43678593848085373,0.4444444444444444,108.0,0.5,0.423728813559322,0.6097560975609756,41.0,0.125,0.25,0.08333333333333333,12.0,0.46875,0.5,0.4411764705882353,34.0,0.3888888888888889,0.4666666666666667,0.3333333333333333,21.0,,,,
p_1141,0.32217544275774823,0.35335148722245496,0.32700123152709365,0.36174874669103,0.3724254837158063,0.3888888888888889,108.0,0.25806451612903225,0.4,0.19047619047619047,21.0,0.5294117647058824,0.43548387096774194,0.675,40.0,0.3137254901960784,0.36363636363636365,0.27586206896551724,29.0,0.1875,0.21428571428571427,0.16666666666666666,18.0,,,,
p_1142,0.3736732644865175,0.34714523281596454,0.4059036393713813,0.4167343979090968,0.38636876899072026,0.4537037037037037,108.0,0.4166666666666667,0.36585365853658536,0.4838709677419355,31.0,0.5238095238095238,0.5,0.55,20.0,0.0,0.0,0.0,18.0,0.5542168674698795,0.5227272727272727,0.5897435897435898,39.0,,,,
p_1143,0.23866959064327484,0.224059874378008,0.25817785527462944,0.28231264890621616,0.2646861111866414,0.3055555555555556,108.0,0.4722222222222222,0.4146341463414634,0.5483870967741935,31.0,0.16666666666666666,0.17391304347826086,0.16,25.0,0.3157894736842105,0.3076923076923077,0.32432432432432434,37.0,0.0,0.0,0.0,15.0,,,,
p_1144,0.38678934458292435,0.4645514950166113,0.3592182274247492,0.3723803841751187,0.40722529838808913,0.3611111111111111,108.0,0.5306122448979592,0.52,0.5416666666666666,24.0,0.16393442622950818,0.14285714285714285,0.19230769230769232,26.0,0.47058823529411764,0.8,0.3333333333333333,12.0,0.38202247191011235,0.3953488372093023,0.3695652173913043,46.0,,,,
p_1145,0.34826659251019654,0.3700126262626262,0.3445919486215539,0.37638116425658147,0.4144079685746352,0.3611111111111111,108.0,0.4838709677419355,0.625,0.39473684210526316,38.0,0.27586206896551724,0.26666666666666666,0.2857142857142857,14.0,0.23333333333333334,0.19444444444444445,0.2916666666666667,24.0,0.4,0.3939393939393939,0.40625,32.0,,,,
p_1146,0.2808416945373467,0.2946277793414016,0.28758485986270715,0.35236570461208144,0.36858458162637725,0.3611111111111111,108.0,0.5,0.45614035087719296,0.5531914893617021,47.0,0.28,0.4117647058823529,0.21212121212121213,33.0,0.2564102564102564,0.22727272727272727,0.29411764705882354,17.0,0.08695652173913043,0.08333333333333333,0.09090909090909091,11.0,,,,
p_1147,0.4289629788450543,0.46532783647674536,0.4358058661670863,0.43756074899942826,0.4864722651949866,0.42592592592592593,108.0,0.509090909090909,0.5384615384615384,0.4827586206896552,29.0,0.3333333333333333,0.24390243902439024,0.5263157894736842,19.0,0.4583333333333333,0.5789473684210527,0.3793103448275862,29.0,0.41509433962264153,0.5,0.3548387096774194,31.0,,,,
p_1148,0.3096867596735983,0.30240506329113925,0.33755827505827507,0.4993711795501741,0.46981715893108295,0.5648148148148148,108.0,0.6870229007633588,0.569620253164557,0.8653846153846154,52.0,0.0,0.0,0.0,11.0,0.0,0.0,0.0,12.0,0.5517241379310345,0.64,0.48484848484848486,33.0,,,,
p_1149,0.27089543937708566,0.27562597809076683,0.2972355769230769,0.331695505293948,0.3333478235669159,0.37037037037037035,108.0,0.46551724137931033,0.38028169014084506,0.6,45.0,0.36,0.5,0.28125,32.0,0.25806451612903225,0.2222222222222222,0.3076923076923077,13.0,0.0,0.0,0.0,18.0,,,,
p_1150,0.3845758816347052,0.5276172607879925,0.35816953316953315,0.3848355106525041,0.44998262803140854,0.3888888888888889,108.0,0.38461538461538464,0.36585365853658536,0.40540540540540543,37.0,0.2857142857142857,0.38461538461538464,0.22727272727272727,22.0,0.4444444444444444,1.0,0.2857142857142857,14.0,0.4235294117647059,0.36,0.5142857142857142,35.0,,,,
p_1151,0.40393830488170107,0.3791216655823032,0.4374583795782464,0.5218988830099941,0.5034355044699872,0.5462962962962963,108.0,0.6792452830188679,0.6792452830188679,0.6792452830188679,53.0,0.0,0.0,0.0,13.0,0.38095238095238093,0.32,0.47058823529411764,17.0,0.5555555555555556,0.5172413793103449,0.6,25.0,,,,
p_1152,0.32251447876447875,0.30487012987012985,0.347064393939394,0.35644573144573144,0.3322871572871573,0.3888888888888889,108.0,0.42857142857142855,0.45,0.4090909090909091,22.0,0.0,0.0,0.0,18.0,0.4864864864864865,0.42857142857142855,0.5625,32.0,0.375,0.3409090909090909,0.4166666666666667,36.0,,,,
p_1153,0.28670854890367087,0.2495342771982116,0.34210526315789475,0.4035157354940553,0.3511963901308164,0.48148148148148145,108.0,0.5609756097560976,0.5227272727272727,0.6052631578947368,38.0,0.0,0.0,0.0,12.0,0.0,0.0,0.0,20.0,0.5858585858585859,0.47540983606557374,0.7631578947368421,38.0,,,,
p_1154,0.4006385281385281,0.401501693289484,0.40575195595479574,0.4062077120410454,0.40271601494415876,0.4166666666666667,108.0,0.24,0.2727272727272727,0.21428571428571427,28.0,0.42424242424242425,0.4375,0.4117647058823529,17.0,0.5454545454545454,0.4883720930232558,0.6176470588235294,34.0,0.39285714285714285,0.4074074074074074,0.3793103448275862,29.0,,,,
p_1155,0.35657710758876343,0.3549587173579109,0.3651430959874115,0.40097067013117077,0.39090057319223986,0.4166666666666667,108.0,0.3870967741935484,0.3870967741935484,0.3870967741935484,31.0,0.5168539325842697,0.4791666666666667,0.5609756097560976,41.0,0.43902439024390244,0.42857142857142855,0.45,20.0,0.08333333333333333,0.125,0.0625,16.0,,,,
p_1156,0.3652885682574917,0.3486519607843137,0.41353955375253554,0.43728162124388537,0.4324845679012345,0.46296296296296297,108.0,0.5,0.5,0.5,50.0,0.47058823529411764,0.35294117647058826,0.7058823529411765,17.0,0.0,0.0,0.0,12.0,0.49056603773584906,0.5416666666666666,0.4482758620689655,29.0,,,,
p_1157,0.4232014330698541,0.4611304684475417,0.4401689708141321,0.4453576664833975,0.4943519593926098,0.4537037037037037,108.0,0.5789473684210527,0.5365853658536586,0.6285714285714286,35.0,0.20512820512820512,0.2222222222222222,0.19047619047619047,21.0,0.4642857142857143,0.37142857142857144,0.6190476190476191,21.0,0.4444444444444444,0.7142857142857143,0.3225806451612903,31.0,,,,
p_1158,0.27029209909608304,0.36535665826710606,0.303030303030303,0.30522769449507536,0.36629084017143715,0.3611111111111111,108.0,0.5242718446601942,0.40298507462686567,0.75,36.0,0.08333333333333333,0.5,0.045454545454545456,22.0,0.20689655172413793,0.2727272727272727,0.16666666666666666,18.0,0.26666666666666666,0.2857142857142857,0.25,32.0,,,,
p_1159,0.29277699859747547,0.2762494700645344,0.33050614844093107,0.3558126850553218,0.3169315035512219,0.42592592592592593,108.0,0.25806451612903225,0.3076923076923077,0.2222222222222222,18.0,0.30434782608695654,0.30434782608695654,0.30434782608695654,23.0,0.0,0.0,0.0,23.0,0.6086956521739131,0.49295774647887325,0.7954545454545454,44.0,,,,
p_1160,0.28172605282833685,0.3521530100334448,0.3439520402755697,0.2900583209255834,0.36306438127090296,0.35185185185185186,108.0,0.05128205128205128,0.2,0.029411764705882353,34.0,0.30303030303030304,0.625,0.2,25.0,0.2631578947368421,0.19230769230769232,0.4166666666666667,12.0,0.5094339622641509,0.391304347826087,0.7297297297297297,37.0,,,,
p_1161,0.336718477882271,0.3583959899749373,0.33705079021575185,0.38556421494639886,0.3964308920449271,0.39814814814814814,108.0,0.4583333333333333,0.38596491228070173,0.5641025641025641,39.0,0.1111111111111111,0.16666666666666666,0.08333333333333333,12.0,0.36363636363636365,0.38095238095238093,0.34782608695652173,23.0,0.41379310344827586,0.5,0.35294117647058826,34.0,,,,
p_1162,0.403814553098802,0.4862342459800087,0.3817238015607581,0.4438867173026178,0.46816762438231363,0.4537037037037037,108.0,0.5981308411214953,0.5423728813559322,0.6666666666666666,48.0,0.2926829268292683,0.3333333333333333,0.2608695652173913,23.0,0.4444444444444444,0.8,0.3076923076923077,13.0,0.28,0.2692307692307692,0.2916666666666667,24.0,,,,
p_1163,0.3126390451193601,0.32602339181286544,0.3307402671213413,0.4167749864600258,0.4013157894736842,0.4722222222222222,108.0,0.6299212598425197,0.5263157894736842,0.7843137254901961,51.0,0.0,0.0,0.0,16.0,0.34285714285714286,0.5,0.2608695652173913,23.0,0.2777777777777778,0.2777777777777778,0.2777777777777778,18.0,,,,
p_1164,0.25979474377643713,0.2770345596432553,0.2898989898989899,0.3585511869264729,0.3719806763285024,0.4074074074074074,108.0,0.5964912280701754,0.4927536231884058,0.7555555555555555,45.0,0.2608695652173913,0.46153846153846156,0.18181818181818182,33.0,0.18181818181818182,0.15384615384615385,0.2222222222222222,18.0,0.0,0.0,0.0,12.0,,,,
p_1165,0.37953397440694453,0.4836915783066919,0.38165445665445663,0.4134142158696899,0.483775400155898,0.42592592592592593,108.0,0.5142857142857142,0.5806451612903226,0.46153846153846156,39.0,0.5060240963855421,0.39622641509433965,0.7,30.0,0.34782608695652173,0.8,0.2222222222222222,18.0,0.15,0.15789473684210525,0.14285714285714285,21.0,,,,
p_1166,0.38853364149974323,0.3892818964975162,0.3906711822660099,0.401524866637861,0.40758498862315756,0.39814814814814814,108.0,0.35714285714285715,0.37037037037037035,0.3448275862068966,29.0,0.3389830508474576,0.3225806451612903,0.35714285714285715,28.0,0.5151515151515151,0.5483870967741935,0.4857142857142857,35.0,0.34285714285714286,0.3157894736842105,0.375,16.0,,,,
p_1167,0.297415372887071,0.3368617683686177,0.3087466530664287,0.3848738418969027,0.402495272358286,0.42592592592592593,108.0,0.5470085470085471,0.4383561643835616,0.7272727272727273,44.0,0.33962264150943394,0.4090909090909091,0.2903225806451613,31.0,0.0,0.0,0.0,10.0,0.30303030303030304,0.5,0.21739130434782608,23.0,,,,
p_1168,0.31152101426799006,0.4995698924731183,0.3271327855548793,0.4611044337606838,0.5090123456790123,0.5185185185185185,108.0,0.640625,0.5466666666666666,0.7735849056603774,53.0,0.15384615384615385,1.0,0.08333333333333333,12.0,0.0,0.0,0.0,12.0,0.45161290322580644,0.45161290322580644,0.45161290322580644,31.0,,,,
p_1169,0.3574686961783736,0.3658927205507394,0.3704515050167224,0.46065924650154044,0.4613983086860445,0.48148148148148145,108.0,0.6464646464646465,0.6037735849056604,0.6956521739130435,46.0,0.42857142857142855,0.5625,0.34615384615384615,26.0,0.3548387096774194,0.2972972972972973,0.44,25.0,0.0,0.0,0.0,11.0,,,,
p_1170,0.3248055088309504,0.3371945488721805,0.35055555555555556,0.41105874061614184,0.4298028056251741,0.4351851851851852,108.0,0.34146341463414637,0.4375,0.28,25.0,0.0,0.0,0.0,8.0,0.4827586206896552,0.3684210526315789,0.7,30.0,0.475,0.5428571428571428,0.4222222222222222,45.0,,,,
p_1171,0.3115918803418803,0.43962585034013607,0.3177995391705069,0.48806188667299777,0.500251952632905,0.5833333333333334,108.0,0.725,0.5918367346938775,0.9354838709677419,62.0,0.4444444444444444,1.0,0.2857142857142857,14.0,0.0,0.0,0.0,12.0,0.07692307692307693,0.16666666666666666,0.05,20.0,,,,
p_1172,0.2792725988700565,0.3249143835616438,0.2861928104575163,0.37741420799330405,0.4176813800101471,0.4074074074074074,108.0,0.3,0.375,0.25,24.0,0.0,0.0,0.0,5.0,0.5254237288135594,0.4246575342465753,0.6888888888888889,45.0,0.2916666666666667,0.5,0.20588235294117646,34.0,,,,
p_1173,0.4339329605920644,0.4528769841269842,0.43852758494702226,0.540335287073801,0.5273919753086419,0.5833333333333334,108.0,0.6991869918699187,0.5972222222222222,0.8431372549019608,51.0,0.0,0.0,0.0,13.0,0.46511627906976744,0.5,0.43478260869565216,23.0,0.5714285714285714,0.7142857142857143,0.47619047619047616,21.0,,,,
p_1174,0.25170068027210885,0.24262640449438203,0.28614058355437666,0.45603426555807514,0.41008635039533914,0.5462962962962963,108.0,0.7210884353741497,0.5955056179775281,0.9137931034482759,58.0,0.0,0.0,0.0,7.0,0.2857142857142857,0.375,0.23076923076923078,26.0,0.0,0.0,0.0,17.0,,,,
p_1175,0.3505830980852391,0.34053056318681313,0.36809723889555823,0.47807268471038145,0.4498069927757428,0.5185185185185185,108.0,0.6902654867256637,0.609375,0.7959183673469388,49.0,0.5185185185185185,0.5384615384615384,0.5,28.0,0.0,0.0,0.0,14.0,0.1935483870967742,0.21428571428571427,0.17647058823529413,17.0,,,,
p_1176,0.257699617455715,0.22562653918586123,0.3342013888888889,0.28437799779263195,0.2496029638214196,0.37037037037037035,108.0,0.5274725274725275,0.4067796610169492,0.75,32.0,0.0,0.0,0.0,17.0,0.04878048780487805,0.1111111111111111,0.03125,32.0,0.45454545454545453,0.38461538461538464,0.5555555555555556,27.0,,,,
p_1177,0.1893491124260355,0.16161616161616163,0.22857142857142856,0.49090510628972167,0.419004863449308,0.5925925925925926,108.0,0.757396449704142,0.6464646464646465,0.9142857142857143,70.0,0.0,0.0,0.0,13.0,0.0,0.0,0.0,11.0,0.0,0.0,0.0,14.0,,,,
p_1178,0.37320879034167126,0.43775743707093817,0.37449903176782035,0.4189876552951594,0.45503715004096396,0.4444444444444444,108.0,0.5344827586206896,0.4492753623188406,0.6595744680851063,47.0,0.4,0.3684210526315789,0.4375,16.0,0.34782608695652173,0.5333333333333333,0.25806451612903225,31.0,0.21052631578947367,0.4,0.14285714285714285,14.0,,,,
p_1179,0.4266758241758241,0.4969047619047619,0.41483204329536016,0.4578642653642654,0.4752821869488536,0.49074074074074076,108.0,0.5982905982905983,0.5,0.7446808510638298,47.0,0.5555555555555556,0.7142857142857143,0.45454545454545453,11.0,0.16,0.3333333333333333,0.10526315789473684,19.0,0.39285714285714285,0.44,0.3548387096774194,31.0,,,,
p_1180,0.25300566642030053,0.27467532467532463,0.2585428755641522,0.3552694971394159,0.3591710758377425,0.37962962962962965,108.0,0.3170731707317073,0.37142857142857144,0.2765957446808511,47.0,0.2222222222222222,0.3333333333333333,0.16666666666666666,12.0,0.0,0.0,0.0,5.0,0.4727272727272727,0.3939393939393939,0.5909090909090909,44.0,,,,
p_1181,0.3580357142857143,0.36720779220779215,0.4175319693094629,0.4664682539682539,0.4361071027737694,0.5555555555555556,108.0,0.7321428571428571,0.6212121212121212,0.8913043478260869,46.0,0.6,0.5142857142857142,0.72,25.0,0.1,0.3333333333333333,0.058823529411764705,17.0,0.0,0.0,0.0,20.0,,,,
p_1182,0.28985478795577235,0.2944862155388471,0.30188623636899503,0.3151051533649184,0.31100900399146014,0.3333333333333333,108.0,0.417910447761194,0.3684210526315789,0.4827586206896552,29.0,0.08,0.14285714285714285,0.05555555555555555,18.0,0.2978723404255319,0.3333333333333333,0.2692307692307692,26.0,0.36363636363636365,0.3333333333333333,0.4,35.0,,,,
p_1183,0.3874028749028749,0.47663576300085253,0.39362373737373735,0.42012863679530343,0.47961660509614473,0.4537037037037037,108.0,0.43636363636363634,0.5217391304347826,0.375,32.0,0.2222222222222222,0.3333333333333333,0.16666666666666666,18.0,0.3333333333333333,0.625,0.22727272727272727,22.0,0.5576923076923077,0.4264705882352941,0.8055555555555556,36.0,,,,
p_1184,0.32585715713714514,0.3558201581027668,0.33245522308022313,0.30652692626653044,0.3326427316644708,0.3148148148148148,108.0,0.34146341463414637,0.28,0.4375,32.0,0.3902439024390244,0.34782608695652173,0.4444444444444444,18.0,0.375,0.5454545454545454,0.2857142857142857,21.0,0.19672131147540983,0.25,0.16216216216216217,37.0,,,,
p_1185,0.4746039358292952,0.4719135939090788,0.4850929054054054,0.47545541227375376,0.47562697042578406,0.48148148148148145,108.0,0.5897435897435898,0.5609756097560976,0.6216216216216216,37.0,0.5294117647058824,0.47368421052631576,0.6,15.0,0.36065573770491804,0.3793103448275862,0.34375,32.0,0.4186046511627907,0.47368421052631576,0.375,24.0,,,,
p_1186,0.4096253050216191,0.4599056036556037,0.4462962962962963,0.47266290810267436,0.5281399755936792,0.49074074074074076,108.0,0.5070422535211268,0.5142857142857142,0.5,36.0,0.5957446808510638,0.5185185185185185,0.7,40.0,0.2857142857142857,0.625,0.18518518518518517,27.0,0.25,0.18181818181818182,0.4,5.0,,,,
p_1187,0.2684232259703958,0.28809523809523807,0.32540429537092497,0.29297576275214293,0.30717813051146386,0.3611111111111111,108.0,0.0,0.0,0.0,22.0,0.5185185185185185,0.56,0.4827586206896552,29.0,0.4339622641509434,0.30666666666666664,0.7419354838709677,31.0,0.12121212121212122,0.2857142857142857,0.07692307692307693,26.0,,,,
p_1188,0.3402948402948403,0.4214396714396715,0.34235331365549154,0.3602215852215852,0.4168496112940557,0.3888888888888889,108.0,0.5,0.3939393939393939,0.6842105263157895,38.0,0.2702702702702703,0.5555555555555556,0.17857142857142858,28.0,0.2909090909090909,0.3076923076923077,0.27586206896551724,29.0,0.3,0.42857142857142855,0.23076923076923078,13.0,,,,
p_1189,0.3605894105894105,0.3787878787878788,0.37073863636363635,0.4695970695970696,0.478395061728395,0.5,108.0,0.6181818181818182,0.5151515151515151,0.7727272727272727,44.0,0.0,0.0,0.0,10.0,0.5384615384615384,0.7,0.4375,32.0,0.2857142857142857,0.3,0.2727272727272727,22.0,,,,
p_1190,0.31114871508264247,0.3017543859649123,0.3301566193853428,0.4013355734720655,0.3796458739441196,0.4351851851851852,108.0,0.6355140186915887,0.5666666666666667,0.723404255319149,47.0,0.19047619047619047,0.16666666666666666,0.2222222222222222,18.0,0.4186046511627907,0.47368421052631576,0.375,24.0,0.0,0.0,0.0,19.0,,,,
p_1191,0.2977995758218452,0.31121472979435677,0.3125,0.4486881897804485,0.4238048426235897,0.5092592592592593,108.0,0.6521739130434783,0.5487804878048781,0.8035714285714286,56.0,0.1,0.16666666666666666,0.07142857142857142,14.0,0.43902439024390244,0.5294117647058824,0.375,24.0,0.0,0.0,0.0,14.0,,,,
p_1192,0.2485850472365544,0.2685185185185185,0.3001668806161746,0.29229904150581043,0.2904663923182441,0.37962962962962965,108.0,0.32432432432432434,0.3333333333333333,0.3157894736842105,19.0,0.0,0.0,0.0,23.0,0.12903225806451613,0.3333333333333333,0.08,25.0,0.5409836065573771,0.4074074074074074,0.8048780487804879,41.0,,,,
p_1193,0.32504699248120295,0.4231060606060606,0.3624144310823312,0.4157564049011417,0.49577721661054996,0.4537037037037037,108.0,0.5894736842105263,0.5833333333333334,0.5957446808510638,47.0,0.425,0.3090909090909091,0.68,25.0,0.0,0.0,0.0,13.0,0.2857142857142857,0.8,0.17391304347826086,23.0,,,,
p_1194,0.3350895654346614,0.34298128342245987,0.3589423076923077,0.3875666206097312,0.3805109922756981,0.4351851851851852,108.0,0.5106382978723404,0.5454545454545454,0.48,25.0,0.2926829268292683,0.4,0.23076923076923078,26.0,0.5370370370370371,0.4264705882352941,0.725,40.0,0.0,0.0,0.0,17.0,,,,
p_1195,0.28324175824175823,0.26988636363636365,0.32596153846153847,0.3873829873829873,0.3329124579124579,0.49074074074074076,108.0,0.6714285714285714,0.5340909090909091,0.9038461538461539,52.0,0.0,0.0,0.0,17.0,0.46153846153846156,0.5454545454545454,0.4,15.0,0.0,0.0,0.0,24.0,,,,
p_1196,0.3367504835589942,0.32788539144471346,0.3846638655462185,0.369525037610144,0.367276477445969,0.4166666666666667,108.0,0.5106382978723404,0.4067796610169492,0.6857142857142857,35.0,0.4,0.3333333333333333,0.5,18.0,0.43636363636363634,0.5714285714285714,0.35294117647058826,34.0,0.0,0.0,0.0,21.0,,,,
p_1197,0.3643061556072523,0.37241004962779156,0.41259912496581896,0.4768418338947492,0.4662795239408143,0.5370370370370371,108.0,0.6949152542372882,0.6307692307692307,0.7735849056603774,53.0,0.07407407407407407,0.25,0.043478260869565216,23.0,0.1,0.125,0.08333333333333333,12.0,0.5882352941176471,0.4838709677419355,0.75,20.0,,,,
p_1198,0.29824226699226697,0.29325345885037796,0.3368126598465473,0.39163943909314275,0.3751036730640211,0.4444444444444444,108.0,0.5494505494505495,0.43859649122807015,0.7352941176470589,34.0,0.125,0.2222222222222222,0.08695652173913043,23.0,0.0,0.0,0.0,11.0,0.5185185185185185,0.5121951219512195,0.525,40.0,,,,
p_1199,0.3708606685410809,0.3369103773584906,0.4251373626373626,0.46281110069769865,0.41894654088050315,0.5277777777777778,108.0,0.6804123711340206,0.6226415094339622,0.75,44.0,0.16666666666666666,0.2,0.14285714285714285,21.0,0.6363636363636364,0.525,0.8076923076923077,26.0,0.0,0.0,0.0,17.0,,,,
p_1200,0.24975902225296898,0.22637854976564653,0.28146997929606626,0.24464301728224247,0.22052584014949603,0.2777777777777778,108.0,0.4489795918367347,0.4230769230769231,0.4782608695652174,23.0,0.0,0.0,0.0,27.0,0.2033898305084746,0.1935483870967742,0.21428571428571427,28.0,0.3466666666666667,0.28888888888888886,0.43333333333333335,30.0,,,,
p_1201,0.27110389610389607,0.2521306818181818,0.2986111111111111,0.36201298701298695,0.3295454545454546,0.4074074074074074,108.0,0.6071428571428571,0.53125,0.7083333333333334,48.0,0.25,0.22727272727272727,0.2777777777777778,18.0,0.0,0.0,0.0,18.0,0.22727272727272727,0.25,0.20833333333333334,24.0,,,,
p_1202,0.37311495234030445,0.37952520189362293,0.38280803037395333,0.4767444923939447,0.4927403385005725,0.48148148148148145,108.0,0.36619718309859156,0.30952380952380953,0.4482758620689655,29.0,0.6111111111111112,0.5789473684210527,0.6470588235294118,34.0,0.5151515151515151,0.6296296296296297,0.4358974358974359,39.0,0.0,0.0,0.0,6.0,,,,
p_1203,0.39624724736970884,0.4290106951871657,0.41139779760469414,0.40697219730128953,0.4468692527516057,0.4166666666666667,108.0,0.47761194029850745,0.47058823529411764,0.48484848484848486,33.0,0.5573770491803278,0.4857142857142857,0.6538461538461539,26.0,0.3,0.5454545454545454,0.20689655172413793,29.0,0.25,0.21428571428571427,0.3,20.0,,,,
p_1204,0.26209324915007287,0.24054373522458627,0.3119047619047619,0.3264796527140707,0.29898870501707386,0.37962962962962965,108.0,0.6436781609195402,0.5957446808510638,0.7,40.0,0.3380281690140845,0.2553191489361702,0.5,24.0,0.0,0.0,0.0,23.0,0.06666666666666667,0.1111111111111111,0.047619047619047616,21.0,,,,
p_1205,0.29896781260532523,0.42305665349143606,0.3334883720930233,0.3549452932878953,0.43795442346166985,0.42592592592592593,108.0,0.5833333333333334,0.45454545454545453,0.813953488372093,43.0,0.08695652173913043,0.3333333333333333,0.05,20.0,0.2,0.6,0.12,25.0,0.32558139534883723,0.30434782608695654,0.35,20.0,,,,
p_1206,0.42444970057237025,0.41407807308970096,0.44805194805194803,0.4960961192936679,0.47964039621016363,0.5277777777777778,108.0,0.4897959183673469,0.5714285714285714,0.42857142857142855,28.0,0.0,0.0,0.0,14.0,0.6052631578947368,0.5348837209302325,0.696969696969697,33.0,0.6027397260273972,0.55,0.6666666666666666,33.0,,,,
p_1207,0.3669084760469043,0.3798620079107884,0.38556067588325654,0.36276032373725237,0.3809088382259114,0.37962962962962965,108.0,0.38095238095238093,0.38095238095238093,0.38095238095238093,21.0,0.4383561643835616,0.3902439024390244,0.5,32.0,0.42105263157894735,0.36363636363636365,0.5,24.0,0.22727272727272727,0.38461538461538464,0.16129032258064516,31.0,,,,
p_1208,0.4767620535058009,0.5069444444444444,0.4917301900997553,0.4846342211459042,0.5044753086419753,0.5092592592592593,108.0,0.24242424242424243,0.4444444444444444,0.16666666666666666,24.0,0.5957446808510638,0.5833333333333334,0.6086956521739131,23.0,0.49056603773584906,0.52,0.4642857142857143,28.0,0.5783132530120482,0.48,0.7272727272727273,33.0,,,,
p_1209,0.3174257166509711,0.32577030812324925,0.3184132996632997,0.33606482677558847,0.34911297852474327,0.3333333333333333,108.0,0.2608695652173913,0.25,0.2727272727272727,11.0,0.3055555555555556,0.2619047619047619,0.36666666666666664,30.0,0.2978723404255319,0.35,0.25925925925925924,27.0,0.40540540540540543,0.4411764705882353,0.375,40.0,,,,
p_1210,0.33525048327679907,0.3300593555681176,0.3531284606866002,0.3970964047718433,0.37590551263530353,0.4351851851851852,108.0,0.5576923076923077,0.47540983606557374,0.6744186046511628,43.0,0.3508771929824561,0.3448275862068966,0.35714285714285715,28.0,0.43243243243243246,0.5,0.38095238095238093,21.0,0.0,0.0,0.0,16.0,,,,
p_1211,0.34842251326744245,0.34646983311938384,0.40564671814671815,0.4091993912213982,0.39877573337136885,0.48148148148148145,108.0,0.6086956521739131,0.5121951219512195,0.75,28.0,0.574468085106383,0.47368421052631576,0.7297297297297297,37.0,0.21052631578947367,0.4,0.14285714285714285,28.0,0.0,0.0,0.0,15.0,,,,
p_1212,0.3504047322540473,0.4759126676986584,0.3733862433862434,0.35054310225543095,0.48220327848488326,0.37037037037037035,108.0,0.48484848484848486,0.42105263157894735,0.5714285714285714,28.0,0.3181818181818182,0.4117647058823529,0.25925925925925924,27.0,0.3561643835616438,0.2708333333333333,0.52,25.0,0.24242424242424243,0.8,0.14285714285714285,28.0,,,,
p_1213,0.33871252204585534,0.32863069470212325,0.3627232142857143,0.39561695734535246,0.38139806989013336,0.42592592592592593,108.0,0.4,0.45454545454545453,0.35714285714285715,28.0,0.4857142857142857,0.4722222222222222,0.5,34.0,0.4691358024691358,0.3877551020408163,0.59375,32.0,0.0,0.0,0.0,14.0,,,,
p_1214,0.2913961038961039,0.3258928571428571,0.31942644752097116,0.3837722462722463,0.39401455026455023,0.4444444444444444,108.0,0.14285714285714285,0.3333333333333333,0.09090909090909091,22.0,0.55,0.42857142857142855,0.7674418604651163,43.0,0.4727272727272727,0.5416666666666666,0.41935483870967744,31.0,0.0,0.0,0.0,12.0,,,,
p_1215,0.18233766233766233,0.16458026509572898,0.23318713450292397,0.356046176046176,0.29585992472590406,0.4722222222222222,108.0,0.08,0.14285714285714285,0.05555555555555555,18.0,0.0,0.0,0.0,20.0,0.6493506493506493,0.5154639175257731,0.8771929824561403,57.0,0.0,0.0,0.0,13.0,,,,
p_1216,0.41742695610892927,0.5405909351692484,0.3964019851116625,0.5889999792205136,0.613050083933618,0.6296296296296297,108.0,0.7310344827586207,0.6385542168674698,0.8548387096774194,62.0,0.47058823529411764,1.0,0.3076923076923077,13.0,0.46808510638297873,0.5238095238095238,0.4230769230769231,26.0,0.0,0.0,0.0,7.0,,,,
p_1217,0.44266611295681063,0.5115938166311301,0.42679443198311123,0.512661806324597,0.5422688146568744,0.5277777777777778,108.0,0.37209302325581395,0.38095238095238093,0.36363636363636365,22.0,0.42857142857142855,0.75,0.3,20.0,0.65,0.582089552238806,0.7358490566037735,53.0,0.32,0.3333333333333333,0.3076923076923077,13.0,,,,
p_1218,0.2528364849833148,0.2928571428571428,0.28295454545454546,0.4647962756972768,0.4497354497354497,0.5648148148148148,108.0,0.7354838709677419,0.6,0.95,60.0,0.27586206896551724,0.5714285714285714,0.18181818181818182,22.0,0.0,0.0,0.0,21.0,0.0,0.0,0.0,5.0,,,,
p_1219,0.37961112674734965,0.3873128354835672,0.3878899835796387,0.40133785394363314,0.4012749683481391,0.4166666666666667,108.0,0.6060606060606061,0.5405405405405406,0.6896551724137931,29.0,0.11764705882352941,0.14285714285714285,0.1,20.0,0.39473684210526316,0.36585365853658536,0.42857142857142855,35.0,0.4,0.5,0.3333333333333333,24.0,,,,
p_1220,0.17623188405797102,0.15723645026801666,0.20573543015726176,0.3061728395061728,0.2648401826484018,0.37037037037037035,108.0,0.5333333333333333,0.4383561643835616,0.6808510638297872,47.0,0.0,0.0,0.0,22.0,0.0,0.0,0.0,15.0,0.34782608695652173,0.34782608695652173,0.34782608695652173,23.0,0.0,0.0,0.0,1.0
p_1221,0.29278012189404595,0.27812798146381357,0.3157109557109557,0.34618256324772967,0.3320391571890822,0.37037037037037035,108.0,0.4074074074074074,0.3793103448275862,0.44,25.0,0.43037974683544306,0.3695652173913043,0.5151515151515151,33.0,0.3333333333333333,0.36363636363636365,0.3076923076923077,39.0,0.0,0.0,0.0,11.0,,,,
p_1222,0.3318872718872719,0.3663690476190476,0.3316413373860182,0.3844964622742401,0.3906856261022927,0.4166666666666667,108.0,0.5470085470085471,0.45714285714285713,0.6808510638297872,47.0,0.32432432432432434,0.375,0.2857142857142857,21.0,0.24,0.3,0.2,15.0,0.21621621621621623,0.3333333333333333,0.16,25.0,,,,
p_1223,0.23197278911564626,0.21049107142857143,0.27158135981665393,0.23741496598639455,0.22089120370370374,0.26851851851851855,108.0,0.34285714285714286,0.2857142857142857,0.42857142857142855,28.0,0.38095238095238093,0.4,0.36363636363636365,33.0,0.0,0.0,0.0,30.0,0.20408163265306123,0.15625,0.29411764705882354,17.0,,,,
p_1224,0.2821884758601225,0.3816176470588235,0.29583791208791205,0.4352504827773175,0.4428921568627451,0.5092592592592593,108.0,0.6950354609929078,0.5764705882352941,0.875,56.0,0.10526315789473684,0.2,0.07142857142857142,14.0,0.1951219512195122,0.25,0.16,25.0,0.13333333333333333,0.5,0.07692307692307693,13.0,,,,
p_1225,0.3497405372405372,0.43559218559218554,0.3677383592017738,0.38102869352869356,0.4653484375706598,0.4166666666666667,108.0,0.2857142857142857,0.3076923076923077,0.26666666666666666,15.0,0.5576923076923077,0.4603174603174603,0.7073170731707317,41.0,0.2222222222222222,0.6666666666666666,0.13333333333333333,30.0,0.3333333333333333,0.3076923076923077,0.36363636363636365,22.0,,,,
p_1226,0.3726082161566032,0.41202357881136953,0.3711038961038961,0.40022822657231266,0.4253726433151498,0.4074074074074074,108.0,0.45161290322580644,0.4375,0.4666666666666667,30.0,0.17777777777777778,0.16666666666666666,0.19047619047619047,21.0,0.3225806451612903,0.5555555555555556,0.22727272727272727,22.0,0.5384615384615384,0.4883720930232558,0.6,35.0,,,,
p_1227,0.30688101494365905,0.2923929141034404,0.3403679653679653,0.33580797198146023,0.31473517548078955,0.37962962962962965,108.0,0.43902439024390244,0.47368421052631576,0.4090909090909091,22.0,0.29411764705882354,0.30303030303030304,0.2857142857142857,35.0,0.4943820224719101,0.39285714285714285,0.6666666666666666,33.0,0.0,0.0,0.0,18.0,,,,
p_1228,0.37560606060606055,0.4403679653679654,0.38942483123517607,0.3754040404040404,0.44733044733044736,0.37962962962962965,108.0,0.4090909090909091,0.6,0.3103448275862069,29.0,0.4,0.2857142857142857,0.6666666666666666,24.0,0.36,0.4090909090909091,0.32142857142857145,28.0,0.3333333333333333,0.4666666666666667,0.25925925925925924,27.0,,,,
p_1229,0.21524635495223732,0.20467902350813744,0.2654605263157895,0.31001992439900933,0.2966646574241511,0.37962962962962965,108.0,0.47863247863247865,0.35443037974683544,0.7368421052631579,38.0,0.0,0.0,0.0,23.0,0.38235294117647056,0.4642857142857143,0.325,40.0,0.0,0.0,0.0,7.0,,,,
p_1230,0.6496101364522417,0.6930857487922706,0.6588450292397661,0.5542921088730056,0.6028023796743603,0.5833333333333334,108.0,0.6491228070175439,0.5362318840579711,0.8222222222222222,45.0,0.37037037037037035,0.625,0.2631578947368421,38.0,0.5789473684210527,0.6111111111111112,0.55,20.0,1.0,1.0,1.0,5.0,,,,
p_1231,0.38789723634385653,0.4248366013071896,0.40469738030713637,0.4823134375196134,0.5059912854030502,0.5277777777777778,108.0,0.4888888888888889,0.6111111111111112,0.4074074074074074,27.0,0.6371681415929203,0.5,0.8780487804878049,41.0,0.425531914893617,0.5882352941176471,0.3333333333333333,30.0,0.0,0.0,0.0,10.0,,,,
p_1232,0.3419905462184874,0.3436624649859944,0.3938186813186813,0.44054330065359476,0.41700383857246603,0.5370370370370371,108.0,0.6911764705882353,0.5595238095238095,0.9038461538461539,52.0,0.0,0.0,0.0,13.0,0.11428571428571428,0.2857142857142857,0.07142857142857142,28.0,0.5625,0.5294117647058824,0.6,15.0,,,,
p_1233,0.4286524383957109,0.425060244052502,0.4409315690991713,0.5513665020830708,0.5400466286117948,0.5740740740740741,108.0,0.5573770491803278,0.53125,0.5862068965517241,29.0,0.49056603773584906,0.5652173913043478,0.43333333333333335,30.0,0.6666666666666666,0.6037735849056604,0.7441860465116279,43.0,0.0,0.0,0.0,6.0,,,,
p_1234,0.3405354825668212,0.3849537037037037,0.33588501291989664,0.44978854713004446,0.44933984910836755,0.4722222222222222,108.0,0.4731182795698925,0.4583333333333333,0.4888888888888889,45.0,0.35294117647058826,0.6,0.25,12.0,0.5360824742268041,0.48148148148148145,0.6046511627906976,43.0,0.0,0.0,0.0,8.0,,,,
p_1235,0.4021885521885522,0.4231060606060606,0.42552759740259744,0.4871056241426612,0.4893097643097643,0.5185185185185185,108.0,0.37037037037037035,0.45454545454545453,0.3125,32.0,0.4,0.3333333333333333,0.5,18.0,0.7272727272727273,0.6545454545454545,0.8181818181818182,44.0,0.1111111111111111,0.25,0.07142857142857142,14.0,,,,
p_1236,0.453565111797471,0.47582671957671957,0.46225071225071224,0.5874052955307411,0.5651124338624339,0.6388888888888888,108.0,0.5925925925925926,0.5925925925925926,0.5925925925925926,27.0,0.43478260869565216,0.625,0.3333333333333333,15.0,0.7868852459016393,0.6857142857142857,0.9230769230769231,52.0,0.0,0.0,0.0,14.0,,,,
p_1237,0.23076285240464345,0.2566391941391941,0.25968749999999996,0.3754867637123027,0.38551417718084385,0.4444444444444444,108.0,0.6119402985074627,0.4880952380952381,0.82,50.0,0.0,0.0,0.0,4.0,0.3111111111111111,0.5384615384615384,0.21875,32.0,0.0,0.0,0.0,22.0,,,,
p_1238,0.3431406631439078,0.5257371007371008,0.36401098901098905,0.5044065959597,0.6231026481026481,0.5462962962962963,108.0,0.16666666666666666,0.2,0.14285714285714285,14.0,0.2857142857142857,0.22727272727272727,0.38461538461538464,13.0,0.746268656716418,0.6756756756756757,0.8333333333333334,60.0,0.17391304347826086,1.0,0.09523809523809523,21.0,,,,
p_1239,0.4437010335844007,0.6130486744893524,0.43360584664932494,0.4872155068656083,0.5637705828383794,0.5185185185185185,108.0,0.20689655172413793,0.5,0.13043478260869565,23.0,0.6730769230769231,0.5932203389830508,0.7777777777777778,45.0,0.42424242424242425,0.358974358974359,0.5185185185185185,27.0,0.47058823529411764,1.0,0.3076923076923077,13.0,,,,
p_1240,0.3418657552045384,0.4774976657329598,0.31491198752228167,0.3404946933923871,0.40964138741916517,0.3333333333333333,108.0,0.2702702702702703,0.23809523809523808,0.3125,32.0,0.29411764705882354,0.29411764705882354,0.29411764705882354,17.0,0.38202247191011235,0.37777777777777777,0.38636363636363635,44.0,0.42105263157894735,1.0,0.26666666666666666,15.0,,,,
p_1241,0.3788439435988002,0.379010989010989,0.3893540669856459,0.44878116139294055,0.4355148555148555,0.4722222222222222,108.0,0.48484848484848486,0.5714285714285714,0.42105263157894735,19.0,0.5957446808510638,0.56,0.6363636363636364,44.0,0.43478260869565216,0.38461538461538464,0.5,30.0,0.0,0.0,0.0,15.0,,,,
p_1242,0.3267157711535559,0.3837121212121213,0.35973784343349563,0.4554336740818355,0.487317620650954,0.5092592592592593,108.0,0.5813953488372093,0.5681818181818182,0.5952380952380952,42.0,0.14814814814814814,0.5,0.08695652173913043,23.0,0.5773195876288659,0.4666666666666667,0.7567567567567568,37.0,0.0,0.0,0.0,6.0,,,,
p_1243,0.1935185185185185,0.19975490196078433,0.2522488755622189,0.3917009602194787,0.34808460421205517,0.5277777777777778,108.0,0.7,0.5490196078431373,0.9655172413793104,58.0,0.0,0.0,0.0,7.0,0.0,0.0,0.0,20.0,0.07407407407407407,0.25,0.043478260869565216,23.0,,,,
p_1244,0.33392698725890574,0.3811094819159335,0.32191915227629514,0.35827936736963334,0.3685230440606785,0.37037037037037035,108.0,0.45045045045045046,0.4032258064516129,0.5102040816326531,49.0,0.4166666666666667,0.45454545454545453,0.38461538461538464,13.0,0.21052631578947367,0.4,0.14285714285714285,14.0,0.25806451612903225,0.26666666666666666,0.25,32.0,,,,
p_1245,0.36121342249983024,0.4305074555074555,0.366469745793054,0.3944470218742064,0.4468516737035255,0.3888888888888889,108.0,0.44660194174757284,0.42592592592592593,0.46938775510204084,49.0,0.25,0.18181818181818182,0.4,10.0,0.38461538461538464,0.7142857142857143,0.2631578947368421,19.0,0.36363636363636365,0.4,0.3333333333333333,30.0,,,,
p_1246,0.3294213033343468,0.3443418560606061,0.33295591787439616,0.4168248820422733,0.4084859006734007,0.4444444444444444,108.0,0.5272727272727272,0.453125,0.6304347826086957,46.0,0.38461538461538464,0.5,0.3125,16.0,0.4057971014492754,0.42424242424242425,0.3888888888888889,36.0,0.0,0.0,0.0,10.0,,,,
p_1247,0.22425296495063934,0.33967391304347827,0.27771132376395535,0.2674129041915433,0.35028180354267313,0.3611111111111111,108.0,0.09302325581395349,0.2,0.06060606060606061,33.0,0.2962962962962963,0.8,0.18181818181818182,22.0,0.5076923076923077,0.358695652173913,0.868421052631579,38.0,0.0,0.0,0.0,15.0,,,,
p_1248,0.39068698597000484,0.41963118580765635,0.4025787696924231,0.46812162912791844,0.466939862364699,0.5092592592592593,108.0,0.49230769230769234,0.47058823529411764,0.5161290322580645,31.0,0.4666666666666667,0.7,0.35,20.0,0.6037735849056604,0.5079365079365079,0.7441860465116279,43.0,0.0,0.0,0.0,14.0,,,,
p_1249,0.3342693520721518,0.38486513486513485,0.3435016362786349,0.3970958315145778,0.4001646501646502,0.4537037037037037,108.0,0.5806451612903226,0.46153846153846156,0.782608695652174,46.0,0.0,0.0,0.0,16.0,0.45454545454545453,0.7142857142857143,0.3333333333333333,15.0,0.3018867924528302,0.36363636363636365,0.25806451612903225,31.0,,,,
p_1250,0.3216972323520603,0.3337719298245614,0.33199907982516674,0.3201942318972779,0.33752436647173495,0.32407407407407407,108.0,0.2857142857142857,0.3684210526315789,0.23333333333333334,30.0,0.27450980392156865,0.2916666666666667,0.25925925925925924,27.0,0.37735849056603776,0.4,0.35714285714285715,28.0,0.3492063492063492,0.275,0.4782608695652174,23.0,,,,
p_1251,0.3275901942645698,0.3612068965517241,0.3418615984405458,0.3519803337102135,0.36679438058748404,0.37962962962962965,108.0,0.425531914893617,0.3448275862068966,0.5555555555555556,36.0,0.2978723404255319,0.35,0.25925925925925924,27.0,0.5,0.5,0.5,26.0,0.08695652173913043,0.25,0.05263157894736842,19.0,,,,
p_1252,0.4706728254926665,0.5038461538461538,0.4705002513826043,0.4645849896417444,0.4907122507122508,0.4722222222222222,108.0,0.525,0.42,0.7,30.0,0.4067796610169492,0.48,0.35294117647058826,34.0,0.43478260869565216,0.5,0.38461538461538464,26.0,0.5161290322580645,0.6153846153846154,0.4444444444444444,18.0,,,,
p_1253,0.2661387631975867,0.2616821808510639,0.27337747964682946,0.33088095637115245,0.322969365642238,0.3425925925925926,108.0,0.3076923076923077,0.32,0.2962962962962963,27.0,0.0,0.0,0.0,9.0,0.3333333333333333,0.34375,0.3235294117647059,34.0,0.4235294117647059,0.3829787234042553,0.47368421052631576,38.0,,,,
p_1254,0.3075189097687973,0.3506258234519104,0.3479774535809018,0.39823635802336876,0.4312387156590055,0.46296296296296297,108.0,0.584070796460177,0.4782608695652174,0.75,44.0,0.4745762711864407,0.42424242424242425,0.5384615384615384,26.0,0.17142857142857143,0.5,0.10344827586206896,29.0,0.0,0.0,0.0,9.0,,,,
p_1255,0.3690065681444992,0.4219746376811594,0.36537129865673107,0.44457139816335217,0.4508910359634997,0.48148148148148145,108.0,0.6379310344827587,0.5362318840579711,0.7872340425531915,47.0,0.1,0.16666666666666666,0.07142857142857142,14.0,0.32142857142857145,0.36,0.2903225806451613,31.0,0.4166666666666667,0.625,0.3125,16.0,,,,
p_1256,0.45895688014144453,0.6020056617882705,0.47316080055210497,0.5039986409329423,0.6236730801948193,0.5185185185185185,108.0,0.6976744186046512,0.6818181818181818,0.7142857142857143,42.0,0.45161290322580644,0.3783783783783784,0.56,25.0,0.3902439024390244,0.34782608695652173,0.4444444444444444,18.0,0.2962962962962963,1.0,0.17391304347826086,23.0,,,,
p_1257,0.2908385093167702,0.28364898989898985,0.3236752136752136,0.36570879022569835,0.35574494949494945,0.39814814814814814,108.0,0.5777777777777777,0.5777777777777777,0.5777777777777777,45.0,0.43478260869565216,0.3409090909090909,0.6,25.0,0.09523809523809523,0.125,0.07692307692307693,13.0,0.05555555555555555,0.09090909090909091,0.04,25.0,,,,
p_1258,0.2834474553224553,0.31672705314009664,0.35019063180827886,0.29466135716135716,0.34447128287708,0.3611111111111111,108.0,0.22727272727272727,0.5,0.14705882352941177,34.0,0.05555555555555555,0.1111111111111111,0.037037037037037035,27.0,0.5384615384615384,0.4057971014492754,0.8,35.0,0.3125,0.25,0.4166666666666667,12.0,,,,
p_1259,0.36654135338345867,0.36884469696969696,0.3733974358974359,0.36306042884990253,0.36465347923681257,0.37037037037037035,108.0,0.39473684210526316,0.375,0.4166666666666667,36.0,0.47619047619047616,0.45454545454545453,0.5,20.0,0.35714285714285715,0.3333333333333333,0.38461538461538464,26.0,0.23809523809523808,0.3125,0.19230769230769232,26.0,,,,
p_1260,0.3100033996260412,0.32837871084139736,0.3305288461538462,0.3736251975245686,0.37639033161421226,0.4166666666666667,108.0,0.3333333333333333,0.35714285714285715,0.3125,32.0,0.5283018867924528,0.417910447761194,0.717948717948718,39.0,0.3783783783783784,0.5384615384615384,0.2916666666666667,24.0,0.0,0.0,0.0,13.0,,,,
p_1261,0.2926892010083861,0.29155004664800743,0.38656250000000003,0.31546554014012984,0.3202472097580721,0.4166666666666667,108.0,0.5806451612903226,0.4426229508196721,0.84375,32.0,0.0,0.0,0.0,19.0,0.10526315789473684,0.3333333333333333,0.0625,32.0,0.48484848484848486,0.3902439024390244,0.64,25.0,,,,
p_1262,0.4555345555345556,0.48757459505541345,0.466564039408867,0.4466745300078634,0.48544409712355147,0.4537037037037037,108.0,0.36923076923076925,0.4,0.34285714285714286,35.0,0.48484848484848486,0.47058823529411764,0.5,16.0,0.45454545454545453,0.6666666666666666,0.3448275862068966,29.0,0.5135135135135135,0.41304347826086957,0.6785714285714286,28.0,,,,
p_1263,0.341260206146302,0.3519947015739442,0.35580065359477125,0.4358157819796992,0.4498236743834375,0.4537037037037037,108.0,0.49122807017543857,0.6086956521739131,0.4117647058823529,34.0,0.3283582089552239,0.3548387096774194,0.3055555555555556,36.0,0.5454545454545454,0.4444444444444444,0.7058823529411765,34.0,0.0,0.0,0.0,4.0,,,,
p_1264,0.2641295379537954,0.2579022988505747,0.27847760551248923,0.3427186468646865,0.32662835249042144,0.37037037037037035,108.0,0.2916666666666667,0.3333333333333333,0.25925925925925924,27.0,0.0,0.0,0.0,10.0,0.5148514851485149,0.4482758620689655,0.6046511627906976,43.0,0.25,0.25,0.25,28.0,,,,
p_1265,0.3300794308091056,0.5522509578544061,0.3775297619047619,0.42885728025618364,0.576378246062154,0.49074074074074076,108.0,0.09090909090909091,1.0,0.047619047619047616,21.0,0.463768115942029,0.35555555555555557,0.6666666666666666,24.0,0.660377358490566,0.603448275862069,0.7291666666666666,48.0,0.10526315789473684,0.25,0.06666666666666667,15.0,,,,
p_1266,0.24603386809269162,0.27125345061526224,0.27519379844961245,0.3402868554829339,0.36308877070585766,0.3888888888888889,108.0,0.6,0.4925373134328358,0.7674418604651163,43.0,0.1568627450980392,0.13793103448275862,0.18181818181818182,22.0,0.22727272727272727,0.45454545454545453,0.15151515151515152,33.0,0.0,0.0,0.0,10.0,,,,
p_1267,0.3035012932273206,0.3150763146167558,0.3216072545340838,0.3711934944811657,0.3940265605400409,0.37962962962962965,108.0,0.4657534246575342,0.53125,0.4146341463414634,41.0,0.36363636363636365,0.27450980392156865,0.5384615384615384,26.0,0.38461538461538464,0.45454545454545453,0.3333333333333333,30.0,0.0,0.0,0.0,11.0,,,,
p_1268,0.3175798146728379,0.32643398268398266,0.34523809523809523,0.3491110406485084,0.34711700336700335,0.3888888888888889,108.0,0.07142857142857142,0.14285714285714285,0.047619047619047616,21.0,0.27906976744186046,0.375,0.2222222222222222,27.0,0.5494505494505495,0.45454545454545453,0.6944444444444444,36.0,0.37037037037037035,0.3333333333333333,0.4166666666666667,24.0,,,,
p_1269,0.28170400218046276,0.2797821567651451,0.2984071484071484,0.4228584906406801,0.41252652822646674,0.4537037037037037,108.0,0.43902439024390244,0.3673469387755102,0.5454545454545454,33.0,0.37209302325581395,0.47058823529411764,0.3076923076923077,26.0,0.5974025974025974,0.5609756097560976,0.6388888888888888,36.0,0.0,0.0,0.0,12.0,0.0,0.0,0.0,1.0
p_1270,0.30970672519968295,0.38496677740863783,0.30793650793650795,0.33474810704857644,0.36020364218038636,0.3425925925925926,108.0,0.28169014084507044,0.2857142857142857,0.2777777777777778,36.0,0.38095238095238093,0.42857142857142855,0.34285714285714286,35.0,0.39436619718309857,0.32558139534883723,0.5,28.0,0.18181818181818182,0.5,0.1111111111111111,9.0,,,,
p_1271,0.27025295982402797,0.2824767801857585,0.26851553604602385,0.2982622440430122,0.3004277032450407,0.3055555555555556,108.0,0.367816091954023,0.32,0.43243243243243246,37.0,0.2926829268292683,0.3157894736842105,0.2727272727272727,22.0,0.26666666666666666,0.29411764705882354,0.24390243902439024,41.0,0.15384615384615385,0.2,0.125,8.0,,,,
p_1272,0.34591645413362215,0.3879433638443936,0.3628571428571429,0.4660391388605295,0.4668536528519366,0.5277777777777778,108.0,0.6984126984126984,0.5789473684210527,0.88,50.0,0.3404255319148936,0.34782608695652173,0.3333333333333333,24.0,0.3448275862068966,0.625,0.23809523809523808,21.0,0.0,0.0,0.0,13.0,,,,
p_1273,0.298545744019882,0.2999922696351268,0.309443115364168,0.35624906515711113,0.3459206578254197,0.37962962962962965,108.0,0.39080459770114945,0.3469387755102041,0.4473684210526316,38.0,0.3783783783783784,0.4666666666666667,0.3181818181818182,22.0,0.425,0.38636363636363635,0.4722222222222222,36.0,0.0,0.0,0.0,12.0,,,,
p_1274,0.3582047143863797,0.34180672268907564,0.3896997929606625,0.4192788246614992,0.38162931839402425,0.48148148148148145,108.0,0.6206896551724138,0.5142857142857142,0.782608695652174,46.0,0.32432432432432434,0.35294117647058826,0.3,20.0,0.4878048780487805,0.5,0.47619047619047616,21.0,0.0,0.0,0.0,21.0,,,,
p_1275,0.2511072945855555,0.24136860407352212,0.2991666666666667,0.29815768946203736,0.2857238137292782,0.35185185185185186,108.0,0.43478260869565216,0.45454545454545453,0.4166666666666667,36.0,0.10810810810810811,0.16666666666666666,0.08,25.0,0.46153846153846156,0.3442622950819672,0.7,30.0,0.0,0.0,0.0,17.0,,,,
p_1276,0.3199127114020731,0.3810483870967742,0.3242598684210526,0.3137237073407286,0.3770758661887694,0.32407407407407407,108.0,0.27692307692307694,0.45,0.2,45.0,0.3333333333333333,0.5,0.25,12.0,0.3617021276595745,0.27419354838709675,0.53125,32.0,0.3076923076923077,0.3,0.3157894736842105,19.0,,,,
p_1277,0.27496913086462293,0.2986586493987049,0.2765863689776733,0.3672318753316904,0.3781066913351835,0.37962962962962965,108.0,0.3855421686746988,0.34782608695652173,0.43243243243243246,37.0,0.24242424242424243,0.4,0.17391304347826086,23.0,0.47191011235955055,0.44680851063829785,0.5,42.0,0.0,0.0,0.0,6.0,,,,
p_1278,0.36480082417582416,0.38151629072681703,0.36891025641025643,0.48649903337403333,0.4987422259352084,0.5,108.0,0.5625,0.47368421052631576,0.6923076923076923,39.0,0.14285714285714285,0.16666666666666666,0.125,8.0,0.6,0.6857142857142857,0.5333333333333333,45.0,0.15384615384615385,0.2,0.125,16.0,,,,
p_1279,0.4015262515262515,0.4172721674876847,0.4503787878787878,0.3888436666214443,0.4259715380405035,0.4351851851851852,108.0,0.5934065934065934,0.46551724137931033,0.8181818181818182,33.0,0.3333333333333333,0.375,0.3,20.0,0.2222222222222222,0.42857142857142855,0.15,40.0,0.45714285714285713,0.4,0.5333333333333333,15.0,,,,
p_1280,0.39737654320987653,0.3870600414078675,0.41785714285714287,0.47642726500751187,0.4656333870101986,0.5,108.0,0.6172839506172839,0.5434782608695652,0.7142857142857143,35.0,0.0,0.0,0.0,12.0,0.4642857142857143,0.43333333333333335,0.5,26.0,0.5079365079365079,0.5714285714285714,0.45714285714285713,35.0,,,,
p_1281,0.23620963796477495,0.251984126984127,0.24870107101874284,0.3089020711024136,0.3114344503233392,0.3333333333333333,108.0,0.3287671232876712,0.2857142857142857,0.3870967741935484,31.0,0.0,0.0,0.0,10.0,0.42857142857142855,0.3888888888888889,0.4772727272727273,44.0,0.1875,0.3333333333333333,0.13043478260869565,23.0,,,,
p_1282,0.34592324996187285,0.3574025936094398,0.37623918174665616,0.4316663630612464,0.4475812558279408,0.46296296296296297,108.0,0.375,0.5294117647058824,0.2903225806451613,31.0,0.0,0.0,0.0,6.0,0.43037974683544306,0.4473684210526316,0.4146341463414634,41.0,0.5783132530120482,0.4528301886792453,0.8,30.0,,,,
p_1283,0.319632800608828,0.32615100931677016,0.31979490022172946,0.3429660634759569,0.36035088854382336,0.3333333333333333,108.0,0.20833333333333334,0.17857142857142858,0.25,20.0,0.4657534246575342,0.53125,0.4146341463414634,41.0,0.4444444444444444,0.43478260869565216,0.45454545454545453,22.0,0.16,0.16,0.16,25.0,,,,
p_1284,0.3326907221494738,0.36488205365402404,0.33042579502416086,0.33564631446843646,0.355158118340357,0.3425925925925926,108.0,0.43037974683544306,0.3617021276595745,0.53125,32.0,0.3448275862068966,0.5,0.2631578947368421,19.0,0.2962962962962963,0.34782608695652173,0.25806451612903225,31.0,0.25925925925925924,0.25,0.2692307692307692,26.0,,,,
p_1285,0.3603851661423626,0.40551403985507245,0.40751879699248117,0.38455098820138456,0.4367325885668277,0.4351851851851852,108.0,0.6078431372549019,0.484375,0.8157894736842105,38.0,0.2553191489361702,0.5,0.17142857142857143,35.0,0.2,0.3333333333333333,0.14285714285714285,21.0,0.3783783783783784,0.30434782608695654,0.5,14.0,,,,
p_1286,0.37532532532532537,0.4922727272727273,0.41674436674436677,0.41487552367181996,0.5043490460157126,0.48148148148148145,108.0,0.6166666666666667,0.49333333333333335,0.8222222222222222,45.0,0.25,0.6666666666666666,0.15384615384615385,26.0,0.14814814814814814,0.4,0.09090909090909091,22.0,0.4864864864864865,0.4090909090909091,0.6,15.0,,,,
p_1287,0.2293178519593614,0.20791245791245788,0.2582356464447677,0.24532602268451326,0.2213960593590223,0.2777777777777778,108.0,0.4,0.3409090909090909,0.4838709677419355,31.0,0.3018867924528302,0.2962962962962963,0.3076923076923077,26.0,0.2153846153846154,0.19444444444444445,0.2413793103448276,29.0,0.0,0.0,0.0,22.0,,,,
p_1288,0.35868519434823243,0.3998145460409611,0.34439482961222095,0.3556471351223674,0.38550084514445093,0.35185185185185186,108.0,0.37209302325581395,0.4444444444444444,0.32,25.0,0.3888888888888889,0.5384615384615384,0.30434782608695654,23.0,0.3333333333333333,0.2830188679245283,0.40540540540540543,37.0,0.3404255319148936,0.3333333333333333,0.34782608695652173,23.0,,,,
p_1289,0.275,0.2648709315375982,0.2969128329297821,0.4861111111111111,0.44832065511077857,0.5462962962962963,108.0,0.4,0.45454545454545453,0.35714285714285715,28.0,0.0,0.0,0.0,14.0,0.7,0.6049382716049383,0.8305084745762712,59.0,0.0,0.0,0.0,7.0,,,,
p_1290,0.3329094841712001,0.3113442389758179,0.362509534706331,0.38164291314976245,0.36273773773773776,0.4074074074074074,108.0,0.3287671232876712,0.32432432432432434,0.3333333333333333,36.0,0.5818181818181818,0.5,0.6956521739130435,23.0,0.42105263157894735,0.42105263157894735,0.42105263157894735,38.0,0.0,0.0,0.0,11.0,,,,
p_1291,0.2943904913215034,0.3116234381529154,0.3000462962962963,0.3198894057669893,0.3565902257761525,0.3055555555555556,108.0,0.1724137931034483,0.16129032258064516,0.18518518518518517,27.0,0.26666666666666666,0.20689655172413793,0.375,16.0,0.47761194029850745,0.5925925925925926,0.4,40.0,0.2608695652173913,0.2857142857142857,0.24,25.0,,,,
p_1292,0.33183483183483187,0.3522727272727273,0.3382805947585864,0.35012518345851684,0.36335578002244673,0.3611111111111111,108.0,0.33766233766233766,0.3333333333333333,0.34210526315789475,38.0,0.2857142857142857,0.26666666666666666,0.3076923076923077,13.0,0.24242424242424243,0.4,0.17391304347826086,23.0,0.46153846153846156,0.4090909090909091,0.5294117647058824,34.0,,,,
p_1293,0.33932632614174196,0.3375452820424357,0.3663194444444444,0.4010376471498852,0.37697340259010087,0.4537037037037037,108.0,0.5882352941176471,0.4838709677419355,0.75,40.0,0.0,0.0,0.0,18.0,0.42424242424242425,0.4117647058823529,0.4375,32.0,0.3448275862068966,0.45454545454545453,0.2777777777777778,18.0,,,,
p_1294,0.30929730011195294,0.31143649988731126,0.31802178318135765,0.37507760044665456,0.3745860253424486,0.3888888888888889,108.0,0.5142857142857142,0.46551724137931033,0.574468085106383,47.0,0.3050847457627119,0.375,0.2571428571428571,35.0,0.09523809523809523,0.1111111111111111,0.08333333333333333,12.0,0.3225806451612903,0.29411764705882354,0.35714285714285715,14.0,,,,
p_1295,0.2992408418120971,0.40071236041586444,0.3023989898989899,0.3941796208534748,0.46132717237838533,0.4166666666666667,108.0,0.4536082474226804,0.41509433962264153,0.5,44.0,0.0,0.0,0.0,6.0,0.4470588235294118,0.3877551020408163,0.5277777777777778,36.0,0.2962962962962963,0.8,0.18181818181818182,22.0,,,,
p_1296,0.4404260361992091,0.4339721254355401,0.46360583860583865,0.5059528055250884,0.497289972899729,0.5277777777777778,108.0,0.5573770491803278,0.4857142857142857,0.6538461538461539,26.0,0.6987951807228916,0.7073170731707317,0.6904761904761905,42.0,0.425531914893617,0.4,0.45454545454545453,22.0,0.08,0.14285714285714285,0.05555555555555555,18.0,,,,
p_1297,0.36396132321429436,0.3746153264050045,0.35899621212121213,0.463449575802591,0.4774794280204934,0.4537037037037037,108.0,0.41025641025641024,0.47058823529411764,0.36363636363636365,22.0,0.15789473684210525,0.13636363636363635,0.1875,16.0,0.6296296296296297,0.6415094339622641,0.6181818181818182,55.0,0.25806451612903225,0.25,0.26666666666666666,15.0,,,,
p_1298,0.3304600584294862,0.33084415584415583,0.38778957528957525,0.3397377340157757,0.3475589225589225,0.39814814814814814,108.0,0.0,0.0,0.0,25.0,0.3404255319148936,0.5333333333333333,0.25,32.0,0.45714285714285713,0.38095238095238093,0.5714285714285714,14.0,0.5242718446601942,0.4090909090909091,0.7297297297297297,37.0,,,,
p_1299,0.4018370827955007,0.4421383647798742,0.3935294117647059,0.41263966575832706,0.45325966689960395,0.4074074074074074,108.0,0.35,0.4666666666666667,0.28,25.0,0.5172413793103449,0.625,0.4411764705882353,34.0,0.3764705882352941,0.3018867924528302,0.5,32.0,0.36363636363636365,0.375,0.35294117647058826,17.0,,,,
p_1300,0.30927698032961193,0.33078732423490487,0.30067640692640696,0.33318565774706127,0.3439797582942744,0.3333333333333333,108.0,0.18181818181818182,0.16129032258064516,0.20833333333333334,24.0,0.24242424242424243,0.3076923076923077,0.2,20.0,0.3684210526315789,0.4375,0.3181818181818182,22.0,0.4444444444444444,0.4166666666666667,0.47619047619047616,42.0,,,,
p_1301,0.36529861422102805,0.5669074647402821,0.37564102564102564,0.4102099608565126,0.5090442609792455,0.4351851851851852,108.0,0.44155844155844154,0.4473684210526316,0.4358974358974359,39.0,0.3888888888888889,0.3888888888888889,0.3888888888888889,18.0,0.5057471264367817,0.43137254901960786,0.6111111111111112,36.0,0.125,1.0,0.06666666666666667,15.0,,,,
p_1302,0.2902529350298113,0.38310439560439563,0.3138157894736842,0.35995078688621623,0.390038665038665,0.4074074074074074,108.0,0.4772727272727273,0.40384615384615385,0.5833333333333334,36.0,0.08333333333333333,0.2,0.05263157894736842,19.0,0.4827586206896552,0.42857142857142855,0.5526315789473685,38.0,0.11764705882352941,0.5,0.06666666666666667,15.0,,,,
p_1303,0.31331582440350936,0.3964227642276422,0.34371405968502156,0.3499633544483653,0.40470942487202644,0.3888888888888889,108.0,0.08695652173913043,0.5,0.047619047619047616,21.0,0.23529411764705882,0.26666666666666666,0.21052631578947367,19.0,0.45,0.43902439024390244,0.46153846153846156,39.0,0.4810126582278481,0.38,0.6551724137931034,29.0,,,,
p_1304,0.3769392372333549,0.3950821845174973,0.38313038313038317,0.42979651067886354,0.42788234947566867,0.4444444444444444,108.0,0.46153846153846156,0.43902439024390244,0.4864864864864865,37.0,0.11764705882352941,0.25,0.07692307692307693,13.0,0.5194805194805194,0.5,0.5405405405405406,37.0,0.4090909090909091,0.391304347826087,0.42857142857142855,21.0,,,,
p_1305,0.32818127250900364,0.3406862745098039,0.34503777472527475,0.4235805433284425,0.4315541031227305,0.4537037037037037,108.0,0.5882352941176471,0.5,0.7142857142857143,42.0,0.0,0.0,0.0,8.0,0.3673469387755102,0.5294117647058824,0.28125,32.0,0.35714285714285715,0.3333333333333333,0.38461538461538464,26.0,,,,
p_1306,0.3672714172132777,0.4229113624494059,0.35595556261190936,0.37500250299991905,0.4160536593356642,0.37037037037037035,108.0,0.32558139534883723,0.4375,0.25925925925925924,27.0,0.38461538461538464,0.5555555555555556,0.29411764705882354,17.0,0.4533333333333333,0.4594594594594595,0.4473684210526316,38.0,0.3055555555555556,0.2391304347826087,0.4230769230769231,26.0,,,,
p_1307,0.45503582959288136,0.6158985200845666,0.43180725305549994,0.4745386775861616,0.5558429253778091,0.48148148148148145,108.0,0.4444444444444444,0.36,0.5806451612903226,31.0,0.4444444444444444,1.0,0.2857142857142857,14.0,0.35294117647058826,0.5454545454545454,0.2608695652173913,23.0,0.5783132530120482,0.5581395348837209,0.6,40.0,,,,
p_1308,0.40347210242845916,0.42352941176470593,0.40167712355212354,0.41574594067741866,0.43746187363834427,0.4166666666666667,108.0,0.30303030303030304,0.29411764705882354,0.3125,16.0,0.4444444444444444,0.5,0.4,20.0,0.4470588235294118,0.38,0.5428571428571428,35.0,0.41935483870967744,0.52,0.35135135135135137,37.0,,,,
p_1309,0.3750925925925926,0.4042572463768116,0.3958898944193062,0.3731995884773663,0.4228730542136339,0.37962962962962965,108.0,0.28,0.4666666666666667,0.2,35.0,0.35,0.30434782608695654,0.4117647058823529,17.0,0.48148148148148145,0.5416666666666666,0.43333333333333335,30.0,0.3888888888888889,0.30434782608695654,0.5384615384615384,26.0,,,,
p_1310,0.34961670167706893,0.35586372847011144,0.3572916666666667,0.34787040418872234,0.35018152651131373,0.3611111111111111,108.0,0.45569620253164556,0.3829787234042553,0.5625,32.0,0.34146341463414637,0.35,0.3333333333333333,21.0,0.4444444444444444,0.5,0.4,25.0,0.1568627450980392,0.19047619047619047,0.13333333333333333,30.0,,,,
p_1311,0.29115910794602695,0.30426224543871605,0.2993358876117497,0.2905760661335999,0.3068040028824342,0.2962962962962963,108.0,0.34782608695652173,0.47058823529411764,0.27586206896551724,29.0,0.3793103448275862,0.3333333333333333,0.44,25.0,0.125,0.14285714285714285,0.1111111111111111,27.0,0.3125,0.2702702702702703,0.37037037037037035,27.0,,,,
p_1312,0.32471846846846847,0.33991228070175433,0.3680555555555555,0.39749749749749747,0.3840155945419103,0.48148148148148145,108.0,0.0,0.0,0.0,18.0,0.5405405405405406,0.5263157894736842,0.5555555555555556,18.0,0.625,0.5,0.8333333333333334,48.0,0.13333333333333333,0.3333333333333333,0.08333333333333333,24.0,,,,
p_1313,0.4024802855924979,0.3819444444444444,0.4295935545935545,0.49690963341858485,0.45961934156378603,0.5462962962962963,108.0,0.6875,0.6111111111111112,0.7857142857142857,56.0,0.0,0.0,0.0,14.0,0.3137254901960784,0.3333333333333333,0.2962962962962963,27.0,0.6086956521739131,0.5833333333333334,0.6363636363636364,11.0,,,,
p_1314,0.3645896235909823,0.36449092741935485,0.37226954431438125,0.5452973101926403,0.5403823178016727,0.5555555555555556,108.0,0.4074074074074074,0.3548387096774194,0.4782608695652174,23.0,0.0,0.0,0.0,8.0,0.703125,0.703125,0.703125,64.0,0.34782608695652173,0.4,0.3076923076923077,13.0,,,,
p_1315,0.32749022314239706,0.43042161434546417,0.3498803827751196,0.4078453424669206,0.48687367238398443,0.42592592592592593,108.0,0.2898550724637681,0.3225806451612903,0.2631578947368421,38.0,0.13333333333333333,0.09090909090909091,0.25,4.0,0.5904761904761905,0.5081967213114754,0.7045454545454546,44.0,0.2962962962962963,0.8,0.18181818181818182,22.0,,,,
p_1316,0.413900153626181,0.5364801864801865,0.39036422708618335,0.45897953635142874,0.5178623845290512,0.4722222222222222,108.0,0.4657534246575342,0.5151515151515151,0.425,40.0,0.36363636363636365,0.8,0.23529411764705882,17.0,0.5185185185185185,0.4307692307692308,0.6511627906976745,43.0,0.3076923076923077,0.4,0.25,8.0,,,,
p_1317,0.29112495485734924,0.33055555555555555,0.3221782302664656,0.4223897516151037,0.4154320987654321,0.5185185185185185,108.0,0.3076923076923077,0.4444444444444444,0.23529411764705882,17.0,0.0,0.0,0.0,12.0,0.6901408450704225,0.5444444444444444,0.9423076923076923,52.0,0.16666666666666666,0.3333333333333333,0.1111111111111111,27.0,,,,
p_1318,0.3189054503007991,0.32505386076814646,0.3402509652509652,0.37698822853861624,0.385293718627052,0.39814814814814814,108.0,0.5238095238095238,0.4489795918367347,0.6285714285714286,35.0,0.13333333333333333,0.1111111111111111,0.16666666666666666,6.0,0.43243243243243246,0.43243243243243246,0.43243243243243246,37.0,0.18604651162790697,0.3076923076923077,0.13333333333333333,30.0,,,,
p_1319,0.2891160529252351,0.28910407595549104,0.30352470930232556,0.34167744182888454,0.3384277177516171,0.3611111111111111,108.0,0.35294117647058826,0.2830188679245283,0.46875,32.0,0.0,0.0,0.0,13.0,0.4146341463414634,0.4358974358974359,0.3953488372093023,43.0,0.3888888888888889,0.4375,0.35,20.0,,,,
p_1320,0.2871502927781392,0.27785923753665687,0.3138844586213007,0.36737391262440056,0.3388997501900728,0.4166666666666667,108.0,0.3448275862068966,0.3225806451612903,0.37037037037037035,27.0,0.0,0.0,0.0,18.0,0.2,0.2727272727272727,0.15789473684210525,19.0,0.6037735849056604,0.5161290322580645,0.7272727272727273,44.0,,,,
p_1321,0.32841546985492454,0.33767998306041785,0.3592032967032967,0.45569265226442457,0.4303889045736872,0.5277777777777778,108.0,0.20689655172413793,0.375,0.14285714285714285,21.0,0.0,0.0,0.0,14.0,0.6976744186046512,0.5844155844155844,0.8653846153846154,52.0,0.4090909090909091,0.391304347826087,0.42857142857142855,21.0,,,,
p_1322,0.33466600033316674,0.3182932263814617,0.3614583333333333,0.4381929405667537,0.43186769657357893,0.4537037037037037,108.0,0.6739130434782609,0.7045454545454546,0.6458333333333334,48.0,0.0,0.0,0.0,18.0,0.3888888888888889,0.3333333333333333,0.4666666666666667,30.0,0.27586206896551724,0.23529411764705882,0.3333333333333333,12.0,,,,
p_1323,0.36161294018791534,0.34416050903119866,0.38550420168067223,0.4579071853153283,0.4330490178191328,0.49074074074074076,108.0,0.6792452830188679,0.6206896551724138,0.75,48.0,0.0,0.0,0.0,15.0,0.34615384615384615,0.375,0.32142857142857145,28.0,0.42105263157894735,0.38095238095238093,0.47058823529411764,17.0,,,,
p_1324,0.3071557320794021,0.3126183712121212,0.3301678108314264,0.3704998126273407,0.3561877455106622,0.4166666666666667,108.0,0.06896551724137931,0.16666666666666666,0.043478260869565216,23.0,0.22857142857142856,0.25,0.21052631578947367,19.0,0.6055045871559633,0.515625,0.7333333333333333,45.0,0.32558139534883723,0.3181818181818182,0.3333333333333333,21.0,,,,
p_1325,0.2975435417295882,0.25994983277591976,0.3647595082913951,0.352638604576589,0.30387402452619844,0.4351851851851852,108.0,0.5581395348837209,0.46153846153846156,0.7058823529411765,34.0,0.5714285714285714,0.4782608695652174,0.7096774193548387,31.0,0.06060606060606061,0.1,0.043478260869565216,23.0,0.0,0.0,0.0,20.0,,,,
p_1326,0.3789873629126538,0.39284633998790075,0.3957747489239598,0.4796678254271641,0.4984315834285586,0.5,108.0,0.5434782608695652,0.43103448275862066,0.7352941176470589,34.0,0.4090909090909091,0.47368421052631576,0.36,25.0,0.5633802816901409,0.6666666666666666,0.4878048780487805,41.0,0.0,0.0,0.0,8.0,,,,
p_1327,0.3218073593073593,0.35497541407867494,0.33755411255411255,0.35833132916466254,0.38291374319454036,0.3888888888888889,108.0,0.2857142857142857,0.4375,0.21212121212121213,33.0,0.48484848484848486,0.38095238095238093,0.6666666666666666,36.0,0.4166666666666667,0.43478260869565216,0.4,25.0,0.1,0.16666666666666666,0.07142857142857142,14.0,,,,
p_1328,0.4096761506869629,0.4253154305200341,0.40210233029381964,0.429895808782742,0.4402865397366677,0.42592592592592593,108.0,0.3076923076923077,0.3333333333333333,0.2857142857142857,21.0,0.5641025641025641,0.6470588235294118,0.5,22.0,0.4742268041237113,0.46,0.48936170212765956,47.0,0.2926829268292683,0.2608695652173913,0.3333333333333333,18.0,,,,
p_1329,0.37097229653409425,0.508555596151504,0.3451754385964912,0.3770474296899598,0.4273851247423285,0.3888888888888889,108.0,0.14814814814814814,0.2857142857142857,0.1,20.0,0.3595505617977528,0.3137254901960784,0.42105263157894735,38.0,0.47619047619047616,0.43478260869565216,0.5263157894736842,38.0,0.5,1.0,0.3333333333333333,12.0,,,,
p_1330,0.36284422290822926,0.3713068181818182,0.37254273504273505,0.3776246674421833,0.38233375420875426,0.3888888888888889,108.0,0.39215686274509803,0.4,0.38461538461538464,26.0,0.1935483870967742,0.2727272727272727,0.15,20.0,0.417910447761194,0.4375,0.4,35.0,0.44776119402985076,0.375,0.5555555555555556,27.0,,,,
p_1331,0.34094814959476616,0.32048233695652173,0.3930249183006536,0.34530879869225733,0.3222498993558776,0.4074074074074074,108.0,0.0,0.0,0.0,24.0,0.32727272727272727,0.391304347826087,0.28125,32.0,0.5102040816326531,0.390625,0.7352941176470589,34.0,0.5263157894736842,0.5,0.5555555555555556,18.0,,,,
p_1332,0.34791666666666665,0.35329867300455536,0.3532860305958132,0.35024862825788755,0.36043176866706284,0.35185185185185186,108.0,0.2962962962962963,0.2962962962962963,0.2962962962962963,27.0,0.2916666666666667,0.28,0.30434782608695654,23.0,0.43333333333333335,0.38235294117647056,0.5,26.0,0.37037037037037035,0.45454545454545453,0.3125,32.0,,,,
p_1333,0.3550782925782926,0.40599389712292944,0.38150665124349337,0.4600245086356197,0.47228922470857954,0.5092592592592593,108.0,0.0,0.0,0.0,14.0,0.6306306306306306,0.5645161290322581,0.7142857142857143,49.0,0.5396825396825397,0.4594594594594595,0.6538461538461539,26.0,0.25,0.6,0.15789473684210525,19.0,,,,
p_1334,0.3325427802399499,0.35833333333333334,0.33451036866359446,0.3353974749886425,0.3544753086419753,0.3425925925925926,108.0,0.3835616438356164,0.3333333333333333,0.45161290322580644,31.0,0.4888888888888889,0.55,0.44,25.0,0.17647058823529413,0.3,0.125,24.0,0.28125,0.25,0.32142857142857145,28.0,,,,
p_1335,0.3201001249022614,0.3078736160131509,0.34236242884250473,0.3731282995578212,0.35936831285668497,0.39814814814814814,108.0,0.0,0.0,0.0,13.0,0.4931506849315068,0.4186046511627907,0.6,30.0,0.36619718309859156,0.35135135135135137,0.38235294117647056,34.0,0.42105263157894735,0.46153846153846156,0.3870967741935484,31.0,,,,
p_1336,0.42067251461988303,0.4290807231983702,0.45416666666666666,0.49133203378817414,0.5048312254194607,0.5277777777777778,108.0,0.631578947368421,0.5454545454545454,0.75,32.0,0.6111111111111112,0.5238095238095238,0.7333333333333333,30.0,0.44,0.6470588235294118,0.3333333333333333,33.0,0.0,0.0,0.0,13.0,,,,
p_1337,0.3595537010159652,0.36905432029271035,0.37424717940568886,0.3476252486158147,0.36442990274259623,0.35185185185185186,108.0,0.25,0.3157894736842105,0.20689655172413793,29.0,0.52,0.5909090909090909,0.4642857142857143,28.0,0.2153846153846154,0.20588235294117646,0.22580645161290322,31.0,0.4528301886792453,0.36363636363636365,0.6,20.0,,,,
p_1338,0.26408807764739967,0.2631118881118881,0.2959529505582137,0.3384438327941152,0.327333160666494,0.3888888888888889,108.0,0.4067796610169492,0.46153846153846156,0.36363636363636365,33.0,0.5384615384615384,0.42424242424242425,0.7368421052631579,38.0,0.1111111111111111,0.16666666666666666,0.08333333333333333,24.0,0.0,0.0,0.0,13.0,,,,
p_1339,0.2788407029478458,0.2899081380519688,0.2866557044058616,0.284604119425548,0.29011663006063615,0.2962962962962963,108.0,0.3055555555555556,0.2682926829268293,0.3548387096774194,31.0,0.3673469387755102,0.375,0.36,25.0,0.31746031746031744,0.29411764705882354,0.3448275862068966,29.0,0.125,0.2222222222222222,0.08695652173913043,23.0,,,,
p_1340,0.2948097601323408,0.31914198606271776,0.3103281853281853,0.340109671292467,0.33086124016002066,0.37962962962962965,108.0,0.38461538461538464,0.36585365853658536,0.40540540540540543,37.0,0.3,0.5,0.21428571428571427,14.0,0.4946236559139785,0.4107142857142857,0.6216216216216216,37.0,0.0,0.0,0.0,20.0,,,,
p_1341,0.31335227272727273,0.3738831615120275,0.32819794584500467,0.5109532828282828,0.4847397225404098,0.6111111111111112,108.0,0.4,0.6666666666666666,0.2857142857142857,14.0,0.09090909090909091,0.2,0.058823529411764705,17.0,0.7625,0.6288659793814433,0.9682539682539683,63.0,0.0,0.0,0.0,14.0,,,,
p_1342,0.3271706489097793,0.3293795899632803,0.3434218848829855,0.33484148399607333,0.3383922095289904,0.35185185185185186,108.0,0.3,0.3,0.3,30.0,0.21739130434782608,0.3125,0.16666666666666666,30.0,0.5135135135135135,0.4418604651162791,0.6129032258064516,31.0,0.2777777777777778,0.2631578947368421,0.29411764705882354,17.0,,,,
p_1343,0.35313099329394654,0.3834601071443177,0.36661184210526315,0.3603199188427851,0.39096808541252986,0.3611111111111111,108.0,0.4,0.5555555555555556,0.3125,16.0,0.38596491228070173,0.2894736842105263,0.5789473684210527,19.0,0.41379310344827586,0.46153846153846156,0.375,48.0,0.2127659574468085,0.22727272727272727,0.2,25.0,,,,
p_1344,0.35858585858585856,0.3518400654649603,0.37052062204192027,0.449067393511838,0.44138545610370666,0.46296296296296297,108.0,0.6233766233766234,0.5853658536585366,0.6666666666666666,36.0,0.30303030303030304,0.2702702702702703,0.3448275862068966,29.0,0.5079365079365079,0.5517241379310345,0.47058823529411764,34.0,0.0,0.0,0.0,9.0,,,,
p_1345,0.3038461538461539,0.27346345514950166,0.3418831168831169,0.44387464387464387,0.39913252122554443,0.5,108.0,0.0,0.0,0.0,3.0,0.0,0.0,0.0,26.0,0.6,0.5357142857142857,0.6818181818181818,44.0,0.6153846153846154,0.5581395348837209,0.6857142857142857,35.0,,,,
p_1346,0.45875420875420875,0.5782407407407407,0.44573412698412695,0.5022446689113356,0.546141975308642,0.5185185185185185,108.0,0.6868686868686869,0.6296296296296297,0.7555555555555555,45.0,0.48148148148148145,0.43333333333333335,0.5416666666666666,24.0,0.2222222222222222,0.25,0.2,25.0,0.4444444444444444,1.0,0.2857142857142857,14.0,,,,
p_1347,0.243640350877193,0.23848343685300208,0.30433006535947715,0.31575698505523064,0.3067057740970785,0.39814814814814814,108.0,0.0,0.0,0.0,15.0,0.0,0.0,0.0,23.0,0.48333333333333334,0.34523809523809523,0.8055555555555556,36.0,0.49122807017543857,0.6086956521739131,0.4117647058823529,34.0,,,,
p_1348,0.37649519440803847,0.4296218487394958,0.3944565054404871,0.41155125964758993,0.43334630148355646,0.46296296296296297,108.0,0.6055045871559633,0.4714285714285714,0.8461538461538461,39.0,0.16,0.3333333333333333,0.10526315789473684,19.0,0.55,0.6470588235294118,0.4782608695652174,23.0,0.19047619047619047,0.26666666666666666,0.14814814814814814,27.0,,,,
p_1349,0.32267027761213807,0.3217679615705931,0.3414126016260163,0.3972366696849901,0.3839363068164237,0.4351851851851852,108.0,0.32558139534883723,0.3684210526315789,0.2916666666666667,24.0,0.4074074074074074,0.4583333333333333,0.36666666666666664,30.0,0.5576923076923077,0.4603174603174603,0.7073170731707317,41.0,0.0,0.0,0.0,13.0,,,,
p_1350,0.3438330170777989,0.33743902439024387,0.3700757575757576,0.42961557382809756,0.4317524841915085,0.4444444444444444,108.0,0.0,0.0,0.0,12.0,0.5882352941176471,0.6097560975609756,0.5681818181818182,44.0,0.3870967741935484,0.3,0.5454545454545454,22.0,0.4,0.44,0.36666666666666664,30.0,,,,
p_1351,0.3291505866008027,0.3269230769230769,0.36020114942528736,0.36189088710507356,0.3552455170102229,0.39814814814814814,108.0,0.0,0.0,0.0,15.0,0.525,0.4117647058823529,0.7241379310344828,29.0,0.3037974683544304,0.3076923076923077,0.3,40.0,0.4878048780487805,0.5882352941176471,0.4166666666666667,24.0,,,,
p_1352,0.2848850983179342,0.3851825842696629,0.3173344017094017,0.30387963182324707,0.3225265293383271,0.39814814814814814,108.0,0.47619047619047616,0.625,0.38461538461538464,13.0,0.5522388059701493,0.4157303370786517,0.8222222222222222,45.0,0.0,0.0,0.0,34.0,0.1111111111111111,0.5,0.0625,16.0,,,,
p_1353,0.3595539754363284,0.4313095238095238,0.3767800685904134,0.4468665756901051,0.4789991181657848,0.5092592592592593,108.0,0.15384615384615385,0.25,0.1111111111111111,9.0,0.23529411764705882,0.5,0.15384615384615385,26.0,0.6890756302521008,0.5466666666666666,0.9318181818181818,44.0,0.36,0.42857142857142855,0.3103448275862069,29.0,,,,
p_1354,0.3213077620054364,0.38001083423618637,0.3417717086834734,0.32540689284875335,0.3617230448216364,0.37037037037037035,108.0,0.09302325581395349,0.15384615384615385,0.06666666666666667,30.0,0.36363636363636365,0.5,0.2857142857142857,28.0,0.49523809523809526,0.36619718309859156,0.7647058823529411,34.0,0.3333333333333333,0.5,0.25,16.0,,,,
p_1355,0.3539417104634496,0.4163406964258322,0.36563915012190873,0.3918962679832245,0.4200726650872379,0.42592592592592593,108.0,0.3076923076923077,0.5,0.2222222222222222,18.0,0.4,0.34146341463414637,0.4827586206896552,29.0,0.5652173913043478,0.49056603773584906,0.6666666666666666,39.0,0.14285714285714285,0.3333333333333333,0.09090909090909091,22.0,,,,
p_1356,0.298072911652386,0.31432748538011696,0.30981182795698925,0.3717208832978545,0.3812308549150654,0.39814814814814814,108.0,0.38461538461538464,0.47619047619047616,0.3225806451612903,31.0,0.5098039215686274,0.4126984126984127,0.6666666666666666,39.0,0.2978723404255319,0.3684210526315789,0.25,28.0,0.0,0.0,0.0,10.0,,,,
p_1357,0.3824422166527429,0.3844932844932845,0.42679738562091507,0.4519864476004827,0.45777370777370774,0.5092592592592593,108.0,0.47368421052631576,0.42857142857142855,0.5294117647058824,17.0,0.6857142857142857,0.5538461538461539,0.9,40.0,0.37037037037037035,0.5555555555555556,0.2777777777777778,36.0,0.0,0.0,0.0,15.0,,,,
p_1358,0.27521974306964164,0.2933719433719434,0.3432600732600733,0.3170372874564896,0.32235807235807235,0.39814814814814814,108.0,0.3793103448275862,0.2972972972972973,0.5238095238095238,21.0,0.5882352941176471,0.47619047619047616,0.7692307692307693,39.0,0.13333333333333333,0.4,0.08,25.0,0.0,0.0,0.0,23.0,,,,
p_1359,0.36694036258610935,0.34848259937324755,0.3896574440052701,0.42826816092676795,0.40785120432984523,0.4537037037037037,108.0,0.0,0.0,0.0,15.0,0.5376344086021505,0.5319148936170213,0.5434782608695652,46.0,0.4473684210526316,0.3953488372093023,0.5151515151515151,33.0,0.4827586206896552,0.4666666666666667,0.5,14.0,,,,
p_1360,0.40927695492912886,0.4248313090418353,0.42314935064935066,0.44442822341373067,0.45920677762783024,0.46296296296296297,108.0,0.2857142857142857,0.3333333333333333,0.25,12.0,0.5565217391304348,0.49230769230769234,0.64,50.0,0.3333333333333333,0.47368421052631576,0.2571428571428571,35.0,0.46153846153846156,0.4,0.5454545454545454,11.0,,,,
p_1361,0.3274517402572238,0.31272893772893773,0.3502277039848197,0.43159536361997186,0.416378374711708,0.4537037037037037,108.0,0.3902439024390244,0.3333333333333333,0.47058823529411764,17.0,0.3157894736842105,0.34615384615384615,0.2903225806451613,31.0,0.6037735849056604,0.5714285714285714,0.64,50.0,0.0,0.0,0.0,10.0,,,,
p_1362,0.3061829474872953,0.31733201581027665,0.30567226890756305,0.39361262730827945,0.3884087249304641,0.4074074074074074,108.0,0.35714285714285715,0.45454545454545453,0.29411764705882354,17.0,0.41304347826086957,0.38,0.4523809523809524,42.0,0.45454545454545453,0.43478260869565216,0.47619047619047616,42.0,0.0,0.0,0.0,7.0,,,,
p_1363,0.3487549479885851,0.33689692982456143,0.36923628173628176,0.40210330002284345,0.37916260558804415,0.4351851851851852,108.0,0.39436619718309857,0.3684210526315789,0.42424242424242425,33.0,0.3888888888888889,0.4375,0.35,20.0,0.611764705882353,0.5416666666666666,0.7027027027027027,37.0,0.0,0.0,0.0,18.0,,,,
p_1364,0.355506993006993,0.41069688109161795,0.39610389610389607,0.44075369075369075,0.42322756479676565,0.5277777777777778,108.0,0.15384615384615385,0.5,0.09090909090909091,11.0,0.65,0.5131578947368421,0.8863636363636364,44.0,0.6181818181818182,0.6296296296296297,0.6071428571428571,28.0,0.0,0.0,0.0,25.0,,,,
p_1365,0.3580490694301436,0.3866832092638544,0.36144688644688644,0.3720809565225593,0.3869397726924608,0.3888888888888889,108.0,0.2727272727272727,0.2903225806451613,0.2571428571428571,35.0,0.2608695652173913,0.3333333333333333,0.21428571428571427,14.0,0.5176470588235295,0.4230769230769231,0.6666666666666666,33.0,0.38095238095238093,0.5,0.3076923076923077,26.0,,,,
p_1366,0.29200261703805286,0.29971427544565843,0.301776852180078,0.33315643810564666,0.33233299789150855,0.35185185185185186,108.0,0.09523809523809523,0.125,0.07692307692307693,13.0,0.43373493975903615,0.3829787234042553,0.5,36.0,0.4117647058823529,0.3783783783783784,0.45161290322580644,31.0,0.22727272727272727,0.3125,0.17857142857142858,28.0,,,,
p_1367,0.2885382059800664,0.29083841463414634,0.3074618736383442,0.34224190968377016,0.337884485094851,0.37037037037037035,108.0,0.42857142857142855,0.36,0.5294117647058824,34.0,0.32558139534883723,0.4375,0.25925925925925924,27.0,0.0,0.0,0.0,13.0,0.4,0.36585365853658536,0.4411764705882353,34.0,,,,
p_1368,0.3861894384154658,0.398301393728223,0.4147194069069069,0.40701055455621665,0.4085688475932378,0.4351851851851852,108.0,0.5714285714285714,0.5,0.6666666666666666,21.0,0.4166666666666667,0.42857142857142855,0.40540540540540543,37.0,0.4657534246575342,0.4146341463414634,0.53125,32.0,0.09090909090909091,0.25,0.05555555555555555,18.0,,,,
p_1369,0.37392136606708803,0.3918918918918919,0.39142373583862944,0.5000967788400944,0.49236736736736736,0.5555555555555556,108.0,0.625,0.75,0.5357142857142857,28.0,0.17647058823529413,0.25,0.13636363636363635,22.0,0.6942148760330579,0.5675675675675675,0.8936170212765957,47.0,0.0,0.0,0.0,11.0,,,,
p_1370,0.35958837092149115,0.4125131625131625,0.3751430860805861,0.3831356331143202,0.4331685581685582,0.39814814814814814,108.0,0.525,0.4772727272727273,0.5833333333333334,36.0,0.24242424242424243,0.5714285714285714,0.15384615384615385,26.0,0.37681159420289856,0.35135135135135137,0.40625,32.0,0.29411764705882354,0.25,0.35714285714285715,14.0,,,,
p_1371,0.42482193732193735,0.45045203254999266,0.42252926421404685,0.49677640603566525,0.5022752828730058,0.5185185185185185,108.0,0.45,0.5625,0.375,24.0,0.23076923076923078,0.23076923076923078,0.23076923076923078,13.0,0.6851851851851852,0.5967741935483871,0.8043478260869565,46.0,0.3333333333333333,0.4117647058823529,0.28,25.0,,,,
p_1372,0.3547172462240955,0.3966978143807412,0.3586011126333707,0.4008766863104763,0.411207506735962,0.4166666666666667,108.0,0.48717948717948717,0.4634146341463415,0.5135135135135135,37.0,0.4383561643835616,0.38095238095238093,0.5161290322580645,31.0,0.36,0.4090909090909091,0.32142857142857145,28.0,0.13333333333333333,0.3333333333333333,0.08333333333333333,12.0,,,,
p_1373,0.2934451109864342,0.3494318181818182,0.31059585069019036,0.4231971531037893,0.4289772727272727,0.5,108.0,0.3448275862068966,0.625,0.23809523809523808,21.0,0.0,0.0,0.0,12.0,0.6524822695035462,0.5227272727272727,0.8679245283018868,53.0,0.17647058823529413,0.25,0.13636363636363635,22.0,,,,
p_1374,0.3222884852865877,0.33050576184379,0.34171195652173914,0.41730882715491613,0.39606748233508793,0.4722222222222222,108.0,0.3111111111111111,0.3181818181818182,0.30434782608695654,23.0,0.3225806451612903,0.45454545454545453,0.25,20.0,0.6554621848739496,0.5492957746478874,0.8125,48.0,0.0,0.0,0.0,17.0,,,,
p_1375,0.24401227780831958,0.3017676767676768,0.2674812030075188,0.29556057798681956,0.3485783763561542,0.3333333333333333,108.0,0.4485981308411215,0.3333333333333333,0.6857142857142857,35.0,0.23333333333333334,0.3181818181818182,0.18421052631578946,38.0,0.29411764705882354,0.5555555555555556,0.2,25.0,0.0,0.0,0.0,10.0,,,,
p_1376,0.2546218487394958,0.2735955056179775,0.3015028706518068,0.33238406473700594,0.296629213483146,0.4444444444444444,108.0,0.3,0.5,0.21428571428571427,14.0,0.0,0.0,0.0,29.0,0.6470588235294118,0.4943820224719101,0.9361702127659575,47.0,0.07142857142857142,0.1,0.05555555555555555,18.0,,,,
p_1377,0.39398537192654837,0.45045525679328496,0.39645706203915587,0.45836647416168114,0.4743503106179162,0.5,108.0,0.23529411764705882,0.36363636363636365,0.17391304347826086,23.0,0.6554621848739496,0.5492957746478874,0.8125,48.0,0.2962962962962963,0.5,0.21052631578947367,19.0,0.3888888888888889,0.3888888888888889,0.3888888888888889,18.0,,,,
p_1378,0.2702293213768624,0.27400362318840576,0.2801011329502416,0.2905418640816334,0.28809380032206117,0.3055555555555556,108.0,0.32,0.3333333333333333,0.3076923076923077,26.0,0.358974358974359,0.30434782608695654,0.4375,32.0,0.32786885245901637,0.3333333333333333,0.3225806451612903,31.0,0.07407407407407407,0.125,0.05263157894736842,19.0,,,,
p_1379,0.29427524421292595,0.3159013605442177,0.3087606837606838,0.34627043393142265,0.34301776266061984,0.37962962962962965,108.0,0.0,0.0,0.0,17.0,0.40963855421686746,0.3469387755102041,0.5,34.0,0.3076923076923077,0.5,0.2222222222222222,18.0,0.45977011494252873,0.4166666666666667,0.5128205128205128,39.0,,,,
p_1380,0.41274692324167583,0.45882352941176474,0.43527707300196056,0.4238391335467797,0.440958605664488,0.4722222222222222,108.0,0.17391304347826086,0.23529411764705882,0.13793103448275862,29.0,0.603448275862069,0.5,0.7608695652173914,46.0,0.23076923076923078,0.5,0.15,20.0,0.6428571428571429,0.6,0.6923076923076923,13.0,,,,
p_1381,0.4506060606060607,0.5253955011741441,0.44659542878936476,0.4851459034792369,0.5221338753164239,0.5092592592592593,108.0,0.4,0.3548387096774194,0.4583333333333333,24.0,0.24242424242424243,0.4,0.17391304347826086,23.0,0.5,0.7777777777777778,0.3684210526315789,19.0,0.66,0.5689655172413793,0.7857142857142857,42.0,,,,
p_1382,0.30226259782910025,0.38773408239700374,0.31237322515212984,0.45889499419877083,0.4659349424330698,0.5370370370370371,108.0,0.7074829931972789,0.5842696629213483,0.896551724137931,58.0,0.0,0.0,0.0,16.0,0.13793103448275862,0.16666666666666666,0.11764705882352941,17.0,0.36363636363636365,0.8,0.23529411764705882,17.0,,,,
p_1383,0.3987465309898242,0.41666666666666663,0.4301963601532567,0.40191455099873225,0.4290123456790123,0.42592592592592593,108.0,0.5106382978723404,0.6666666666666666,0.41379310344827586,29.0,0.16666666666666666,0.25,0.125,32.0,0.30434782608695654,0.25,0.3888888888888889,18.0,0.6133333333333333,0.5,0.7931034482758621,29.0,,,,
p_1384,0.2273500691716568,0.21181222342823747,0.2722906403940887,0.23027177224180126,0.21477391852903252,0.2777777777777778,108.0,0.3617021276595745,0.288135593220339,0.4857142857142857,35.0,0.40816326530612246,0.3448275862068966,0.5,20.0,0.13953488372093023,0.21428571428571427,0.10344827586206896,29.0,0.0,0.0,0.0,24.0,,,,
p_1385,0.40771198830409355,0.4435720601237842,0.41747339961625674,0.4977633301829208,0.509331139273668,0.5092592592592593,108.0,0.5614035087719298,0.5517241379310345,0.5714285714285714,28.0,0.6262626262626263,0.62,0.6326530612244898,49.0,0.125,0.3333333333333333,0.07692307692307693,13.0,0.3181818181818182,0.2692307692307692,0.3888888888888889,18.0,,,,
p_1386,0.37488801054018445,0.38142684610075916,0.37784090909090906,0.3723042014346362,0.38430718503182276,0.37037037037037035,108.0,0.44,0.39285714285714285,0.5,22.0,0.3333333333333333,0.3333333333333333,0.3333333333333333,21.0,0.2898550724637681,0.2777777777777778,0.30303030303030304,33.0,0.43636363636363634,0.5217391304347826,0.375,32.0,,,,
p_1387,0.31454506314580943,0.37335796387520526,0.3485924713584288,0.42921875664412984,0.45415222283038376,0.5185185185185185,108.0,0.46153846153846156,0.6428571428571429,0.36,25.0,0.6716417910447762,0.5172413793103449,0.9574468085106383,47.0,0.125,0.3333333333333333,0.07692307692307693,26.0,0.0,0.0,0.0,10.0,,,,
p_1388,0.2509667770537336,0.2607701686649055,0.296875,0.27991548861114074,0.2879608932240511,0.3425925925925926,108.0,0.4727272727272727,0.35135135135135137,0.7222222222222222,36.0,0.0,0.0,0.0,22.0,0.2608695652173913,0.42857142857142855,0.1875,32.0,0.2702702702702703,0.2631578947368421,0.2777777777777778,18.0,,,,
p_1389,0.327828527118588,0.3348214285714286,0.35005175983436854,0.3180198335708816,0.341931216931217,0.32407407407407407,108.0,0.46153846153846156,0.375,0.6,20.0,0.36363636363636365,0.5,0.2857142857142857,35.0,0.1724137931034483,0.17857142857142858,0.16666666666666666,30.0,0.3137254901960784,0.2857142857142857,0.34782608695652173,23.0,,,,
p_1390,0.37011639203711044,0.37677811550151974,0.3881639194139194,0.3796211735946037,0.3922597470824421,0.3888888888888889,108.0,0.37735849056603776,0.47619047619047616,0.3125,32.0,0.43902439024390244,0.36,0.5625,16.0,0.4418604651162791,0.40425531914893614,0.48717948717948717,39.0,0.2222222222222222,0.26666666666666666,0.19047619047619047,21.0,,,,
p_1391,0.22159022845897153,0.23983314794215796,0.25026455026455025,0.2985579299886864,0.317337679726445,0.3425925925925926,108.0,0.375,0.3870967741935484,0.36363636363636365,33.0,0.06451612903225806,0.25,0.037037037037037035,27.0,0.46153846153846156,0.3620689655172414,0.6363636363636364,33.0,0.20689655172413793,0.2,0.21428571428571427,14.0,0.0,0.0,0.0,1.0
p_1392,0.27327082840910083,0.28528669043374927,0.29035307961438744,0.3700950186383213,0.38010029488787667,0.39814814814814814,108.0,0.3333333333333333,0.45454545454545453,0.2631578947368421,38.0,0.07692307692307693,0.1111111111111111,0.058823529411764705,17.0,0.6138613861386139,0.5166666666666667,0.7560975609756098,41.0,0.06896551724137931,0.058823529411764705,0.08333333333333333,12.0,,,,
p_1393,0.37192607415054335,0.4689327485380117,0.3869559099437148,0.41077452716594387,0.46267095207153686,0.4722222222222222,108.0,0.6324786324786325,0.4868421052631579,0.9024390243902439,41.0,0.18181818181818182,0.42857142857142855,0.11538461538461539,26.0,0.34782608695652173,0.5714285714285714,0.25,16.0,0.32558139534883723,0.3888888888888889,0.28,25.0,,,,
p_1394,0.41029598308668075,0.3862698319770505,0.4550438596491228,0.522619998433952,0.4967724588941145,0.5648148148148148,108.0,0.7090909090909091,0.6724137931034483,0.75,52.0,0.56,0.45161290322580644,0.7368421052631579,19.0,0.37209302325581395,0.42105263157894735,0.3333333333333333,24.0,0.0,0.0,0.0,13.0,,,,
p_1395,0.2457938121047877,0.23356255545696541,0.28138528138528135,0.29454188832011774,0.27113362253113804,0.3425925925925926,108.0,0.37037037037037035,0.32608695652173914,0.42857142857142855,35.0,0.4878048780487805,0.40816326530612246,0.6060606060606061,33.0,0.125,0.2,0.09090909090909091,22.0,0.0,0.0,0.0,18.0,,,,
p_1396,0.3287466547725245,0.3319906157319287,0.33045141133376427,0.3311122674860409,0.33385017304498515,0.3333333333333333,108.0,0.26666666666666666,0.3157894736842105,0.23076923076923078,26.0,0.3728813559322034,0.3793103448275862,0.36666666666666664,30.0,0.34210526315789475,0.3170731707317073,0.37142857142857144,35.0,0.3333333333333333,0.3157894736842105,0.35294117647058826,17.0,,,,
p_1397,0.3685251377006914,0.3468253968253968,0.4141759540695711,0.4546493786649652,0.44394473838918286,0.48148148148148145,108.0,0.0,0.0,0.0,15.0,0.42857142857142855,0.42857142857142855,0.42857142857142855,28.0,0.6304347826086957,0.6444444444444445,0.6170212765957447,47.0,0.41509433962264153,0.3142857142857143,0.6111111111111112,18.0,,,,
p_1398,0.3051375669163423,0.3259259259259259,0.29481778570013867,0.3008725018807445,0.31594650205761315,0.2962962962962963,108.0,0.4186046511627907,0.5,0.36,25.0,0.35,0.3888888888888889,0.3181818181818182,22.0,0.14814814814814814,0.14814814814814814,0.14814814814814814,27.0,0.3037974683544304,0.26666666666666666,0.35294117647058826,34.0,,,,
p_1399,0.2837869991434282,0.26926911206402093,0.31090704647676165,0.32901963065187584,0.3102889987466504,0.3611111111111111,108.0,0.3684210526315789,0.2978723404255319,0.4827586206896552,29.0,0.4810126582278481,0.4634146341463415,0.5,38.0,0.0,0.0,0.0,18.0,0.2857142857142857,0.3157894736842105,0.2608695652173913,23.0,,,,
p_1400,0.38988095238095233,0.4789862914862915,0.39424001924001917,0.38596357346357346,0.4738957030623698,0.39814814814814814,108.0,0.4166666666666667,0.31746031746031744,0.6060606060606061,33.0,0.47619047619047616,0.45454545454545453,0.5,20.0,0.41025641025641024,0.7272727272727273,0.2857142857142857,28.0,0.2564102564102564,0.4166666666666667,0.18518518518518517,27.0,,,,
p_1401,0.35709924695493456,0.3675090456806875,0.4083806818181818,0.3693276373902671,0.37864549307335377,0.4351851851851852,108.0,0.3225806451612903,0.3333333333333333,0.3125,16.0,0.5765765765765766,0.47761194029850745,0.7272727272727273,44.0,0.47368421052631576,0.4090909090909091,0.5625,16.0,0.05555555555555555,0.25,0.03125,32.0,,,,
p_1402,0.35483000304732054,0.42306841231790526,0.36488308585082774,0.3863405872460768,0.4243380389425014,0.4166666666666667,108.0,0.2631578947368421,0.45454545454545453,0.18518518518518517,27.0,0.46153846153846156,0.4411764705882353,0.4838709677419355,31.0,0.2,0.4,0.13333333333333333,15.0,0.4946236559139785,0.39655172413793105,0.6571428571428571,35.0,,,,
p_1403,0.36535848968214923,0.3595201238390093,0.39324849770236836,0.40721243225752163,0.3819659442724458,0.46296296296296297,108.0,0.3684210526315789,0.4117647058823529,0.3333333333333333,21.0,0.47619047619047616,0.5263157894736842,0.43478260869565216,23.0,0.0,0.0,0.0,23.0,0.616822429906542,0.5,0.8048780487804879,41.0,,,,
p_1404,0.312407444383434,0.2792555483731954,0.36111111111111105,0.3345965268418221,0.30240968182144656,0.37962962962962965,108.0,0.47761194029850745,0.45714285714285713,0.5,32.0,0.5797101449275363,0.5128205128205128,0.6666666666666666,30.0,0.0,0.0,0.0,28.0,0.19230769230769232,0.14705882352941177,0.2777777777777778,18.0,,,,
p_1405,0.33435960591133007,0.30648200369155043,0.37770685197155784,0.37210363072432034,0.3373543508644001,0.42592592592592593,108.0,0.5517241379310345,0.4528301886792453,0.7058823529411765,34.0,0.2857142857142857,0.30434782608695654,0.2692307692307692,26.0,0.0,0.0,0.0,20.0,0.5,0.46875,0.5357142857142857,28.0,,,,
p_1406,0.2605171208944794,0.3902988614800759,0.2730160039597426,0.29511737453736053,0.3850323283435238,0.3333333333333333,108.0,0.0,0.0,0.0,19.0,0.37037037037037035,1.0,0.22727272727272727,22.0,0.2,0.1935483870967742,0.20689655172413793,29.0,0.4716981132075472,0.36764705882352944,0.6578947368421053,38.0,,,,
p_1407,0.33307819217860557,0.3762212643678161,0.3678716020821284,0.33707348679708793,0.3784349723286505,0.37962962962962965,108.0,0.2978723404255319,0.3333333333333333,0.2692307692307692,26.0,0.12121212121212122,0.4,0.07142857142857142,28.0,0.4946236559139785,0.39655172413793105,0.6571428571428571,35.0,0.4186046511627907,0.375,0.47368421052631576,19.0,,,,
p_1408,0.27994502579339164,0.2771306818181818,0.28683035714285715,0.2856778353382768,0.2870650953984287,0.28703703703703703,108.0,0.40625,0.40625,0.40625,32.0,0.25806451612903225,0.26666666666666666,0.25,32.0,0.19230769230769232,0.20833333333333334,0.17857142857142858,28.0,0.2631578947368421,0.22727272727272727,0.3125,16.0,,,,
p_1409,0.3020876914065769,0.30780971596268736,0.31164652716376856,0.35758591408746204,0.37137019762661727,0.3611111111111111,108.0,0.5263157894736842,0.5357142857142857,0.5172413793103449,29.0,0.2702702702702703,0.2127659574468085,0.37037037037037035,27.0,0.4117647058823529,0.4827586206896552,0.358974358974359,39.0,0.0,0.0,0.0,13.0,,,,
p_1410,0.36042906746031744,0.37226027397260275,0.36643155694879836,0.5270498052616108,0.5110857432775241,0.5648148148148148,108.0,0.5555555555555556,0.6,0.5172413793103449,29.0,0.671875,0.589041095890411,0.7818181818181819,55.0,0.21428571428571427,0.3,0.16666666666666666,18.0,0.0,0.0,0.0,6.0,,,,
p_1411,0.3640074192152111,0.5957865168539326,0.36336206896551726,0.41904751005675284,0.5591760299625468,0.49074074074074076,108.0,0.42105263157894735,1.0,0.26666666666666666,15.0,0.6277372262773723,0.48314606741573035,0.8958333333333334,48.0,0.17647058823529413,0.6,0.10344827586206896,29.0,0.23076923076923078,0.3,0.1875,16.0,,,,
p_1412,0.32830404889228415,0.4796564195298373,0.3632513661202186,0.4765229324052853,0.5281126515303731,0.5370370370370371,108.0,0.0,0.0,0.0,20.0,0.7142857142857143,0.6329113924050633,0.819672131147541,61.0,0.23529411764705882,1.0,0.13333333333333333,15.0,0.36363636363636365,0.2857142857142857,0.5,12.0,,,,
p_1413,0.31652105010738785,0.35880503144654086,0.3130952380952381,0.3262855073101752,0.35488003726997436,0.3333333333333333,108.0,0.22857142857142856,0.26666666666666666,0.2,20.0,0.3384615384615385,0.36666666666666664,0.3142857142857143,35.0,0.3764705882352941,0.3018867924528302,0.5,32.0,0.3225806451612903,0.5,0.23809523809523808,21.0,,,,
p_1414,0.3076611694152923,0.4441244239631337,0.3499415204678363,0.3555155755455605,0.46831797235023037,0.4166666666666667,108.0,0.0,0.0,0.0,18.0,0.52,0.41935483870967744,0.6842105263157895,38.0,0.43478260869565216,0.35714285714285715,0.5555555555555556,27.0,0.27586206896551724,1.0,0.16,25.0,,,,
p_1415,0.23614966026999332,0.22622282608695654,0.254511817011817,0.2917262175178431,0.2787758319914117,0.3148148148148148,108.0,0.19607843137254902,0.21739130434782608,0.17857142857142858,28.0,0.41975308641975306,0.3541666666666667,0.5151515151515151,33.0,0.3287671232876712,0.3333333333333333,0.32432432432432434,37.0,0.0,0.0,0.0,10.0,,,,
p_1416,0.36862262472912205,0.3642354596622889,0.3856548856548857,0.38920749379143776,0.3658041484260996,0.42592592592592593,108.0,0.0,0.0,0.0,21.0,0.5168539325842697,0.4423076923076923,0.6216216216216216,37.0,0.4358974358974359,0.4146341463414634,0.4594594594594595,37.0,0.5217391304347826,0.6,0.46153846153846156,13.0,,,,
p_1417,0.278914499363162,0.2799187114255607,0.31297909407665503,0.3742263978099469,0.35943293135073956,0.4351851851851852,108.0,0.5614035087719298,0.4383561643835616,0.7804878048780488,41.0,0.09523809523809523,0.14285714285714285,0.07142857142857142,14.0,0.45901639344262296,0.5384615384615384,0.4,35.0,0.0,0.0,0.0,18.0,,,,
p_1418,0.3532347907170769,0.3533582779009608,0.36353300415800416,0.34657320670546937,0.3511392721250445,0.35185185185185186,108.0,0.41379310344827586,0.375,0.46153846153846156,13.0,0.2727272727272727,0.3333333333333333,0.23076923076923078,26.0,0.34285714285714286,0.36363636363636365,0.32432432432432434,37.0,0.3835616438356164,0.34146341463414637,0.4375,32.0,,,,
p_1419,0.28583119722138994,0.36912060542197533,0.3152991886409736,0.28946700564985683,0.3776853537127509,0.32407407407407407,108.0,0.2222222222222222,0.45454545454545453,0.14705882352941177,34.0,0.1935483870967742,0.2727272727272727,0.15,20.0,0.4117647058823529,0.2876712328767123,0.7241379310344828,29.0,0.3157894736842105,0.46153846153846156,0.24,25.0,,,,
p_1420,0.38524909185262063,0.38369565217391305,0.4116778416347382,0.37970170481846666,0.3836621041331187,0.39814814814814814,108.0,0.2553191489361702,0.3333333333333333,0.20689655172413793,29.0,0.2978723404255319,0.35,0.25925925925925924,27.0,0.5,0.4166666666666667,0.625,16.0,0.4878048780487805,0.43478260869565216,0.5555555555555556,36.0,,,,
p_1421,0.39420172599784253,0.3980701410658307,0.40760869565217395,0.458575481013453,0.4454893765238592,0.49074074074074076,108.0,0.6990291262135923,0.6206896551724138,0.8,45.0,0.17142857142857143,0.25,0.13043478260869565,23.0,0.42857142857142855,0.4090909090909091,0.45,20.0,0.2777777777777778,0.3125,0.25,20.0,,,,
p_1422,0.4153495236122618,0.603219696969697,0.3961681593260541,0.5076053653073123,0.5706369248035915,0.5740740740740741,108.0,0.47058823529411764,1.0,0.3076923076923077,13.0,0.7183098591549296,0.5795454545454546,0.9444444444444444,54.0,0.3125,0.5,0.22727272727272727,22.0,0.16,0.3333333333333333,0.10526315789473684,19.0,,,,
p_1423,0.32854587542087543,0.3389471663028539,0.32361013986013987,0.3294149052250904,0.33982918766450176,0.32407407407407407,108.0,0.18518518518518517,0.16666666666666666,0.20833333333333334,24.0,0.4074074074074074,0.39285714285714285,0.4230769230769231,26.0,0.4090909090909091,0.47368421052631576,0.36,25.0,0.3125,0.3225806451612903,0.30303030303030304,33.0,,,,
p_1424,0.24362707039337472,0.24817251461988304,0.2693922924901186,0.48114240664059504,0.42814598223954947,0.5740740740740741,108.0,0.16666666666666666,0.25,0.125,8.0,0.7453416149068323,0.631578947368421,0.9090909090909091,66.0,0.0625,0.1111111111111111,0.043478260869565216,23.0,0.0,0.0,0.0,11.0,,,,
p_1425,0.40940679258436263,0.5089598997493734,0.4094937042305463,0.4340856443660182,0.5058270676691728,0.46296296296296297,108.0,0.41025641025641024,0.6666666666666666,0.2962962962962963,27.0,0.45454545454545453,0.5263157894736842,0.4,25.0,0.5420560747663551,0.4142857142857143,0.7837837837837838,37.0,0.23076923076923078,0.42857142857142855,0.15789473684210525,19.0,,,,
p_1426,0.24920165582495563,0.26550235478806905,0.2637596899224806,0.35710186827868673,0.34668440025582886,0.3888888888888889,108.0,0.10526315789473684,0.25,0.06666666666666667,15.0,0.4421052631578947,0.40384615384615385,0.4883720930232558,43.0,0.449438202247191,0.40816326530612246,0.5,40.0,0.0,0.0,0.0,10.0,,,,
p_1427,0.42692475280710573,0.5927177177177178,0.4411976911976912,0.5417149879894978,0.6511511511511512,0.5740740740740741,108.0,0.35294117647058826,0.5,0.2727272727272727,22.0,0.32,1.0,0.19047619047619047,21.0,0.7384615384615385,0.6486486486486487,0.8571428571428571,56.0,0.2962962962962963,0.2222222222222222,0.4444444444444444,9.0,,,,
p_1428,0.47140474769837903,0.5330251303935515,0.45348925167448323,0.530181448255715,0.5396703721265125,0.5462962962962963,108.0,0.2222222222222222,0.4,0.15384615384615385,13.0,0.5070422535211268,0.4864864864864865,0.5294117647058824,34.0,0.6346153846153846,0.5789473684210527,0.7021276595744681,47.0,0.5217391304347826,0.6666666666666666,0.42857142857142855,14.0,,,,
p_1429,0.34631610081103376,0.3957641196013289,0.3595904095904096,0.455736765424027,0.4824504737295435,0.5185185185185185,108.0,0.42105263157894735,0.5,0.36363636363636365,11.0,0.6376811594202898,0.5116279069767442,0.8461538461538461,52.0,0.32653061224489793,0.5714285714285714,0.22857142857142856,35.0,0.0,0.0,0.0,10.0,,,,
p_1430,0.3969466159777254,0.43155708731000353,0.4004057399596552,0.42689039078344426,0.4402943063247058,0.4444444444444444,108.0,0.21428571428571427,0.3333333333333333,0.15789473684210525,19.0,0.375,0.5,0.3,20.0,0.5057471264367817,0.4782608695652174,0.5365853658536586,41.0,0.4927536231884058,0.4146341463414634,0.6071428571428571,28.0,,,,
p_1431,0.35488021295474714,0.3597739820565908,0.3573268398268398,0.35130358101372594,0.35774192929990034,0.35185185185185186,108.0,0.3333333333333333,0.34782608695652173,0.32,25.0,0.3188405797101449,0.3055555555555556,0.3333333333333333,33.0,0.4,0.35714285714285715,0.45454545454545453,22.0,0.3673469387755102,0.42857142857142855,0.32142857142857145,28.0,,,,
p_1432,0.3221310715609937,0.36833333333333335,0.3399429073342117,0.4383394100440819,0.4587037037037038,0.49074074074074076,108.0,0.25806451612903225,0.5,0.17391304347826086,23.0,0.6166666666666667,0.49333333333333335,0.8222222222222222,45.0,0.41379310344827586,0.48,0.36363636363636365,33.0,0.0,0.0,0.0,7.0,,,,
p_1433,0.4032484306317978,0.6125,0.39556603773584903,0.48725618908174695,0.5961419753086419,0.5648148148148148,108.0,0.2222222222222222,0.3333333333333333,0.16666666666666666,18.0,0.20689655172413793,0.75,0.12,25.0,0.7132867132867133,0.5666666666666667,0.9622641509433962,53.0,0.47058823529411764,0.8,0.3333333333333333,12.0,,,,
p_1434,0.35889894419306184,0.3532913165266106,0.39661835748792273,0.33483604267917993,0.3446545284780579,0.35185185185185186,108.0,0.5490196078431373,0.5,0.6086956521739131,23.0,0.23529411764705882,0.2857142857142857,0.2,40.0,0.38461538461538464,0.29411764705882354,0.5555555555555556,18.0,0.26666666666666666,0.3333333333333333,0.2222222222222222,27.0,,,,
p_1435,0.42507309941520466,0.4654495320855615,0.41612554112554107,0.45282380333549926,0.466472321251733,0.4722222222222222,108.0,0.47368421052631576,0.5294117647058824,0.42857142857142855,21.0,0.5555555555555556,0.46875,0.6818181818181818,44.0,0.42105263157894735,0.5,0.36363636363636365,22.0,0.25,0.36363636363636365,0.19047619047619047,21.0,,,,
p_1436,0.4103886426379525,0.4165775014459225,0.42096027479091996,0.39660515892656584,0.40909886896729003,0.39814814814814814,108.0,0.4782608695652174,0.5789473684210527,0.4074074074074074,27.0,0.3582089552238806,0.34285714285714286,0.375,32.0,0.5,0.4230769230769231,0.6111111111111112,18.0,0.3050847457627119,0.32142857142857145,0.2903225806451613,31.0,,,,
p_1437,0.2728896103896104,0.29041595197255576,0.3047038270637409,0.3205687830687831,0.33514786227050375,0.3611111111111111,108.0,0.44155844155844154,0.38636363636363635,0.5151515151515151,33.0,0.4,0.32075471698113206,0.53125,32.0,0.25,0.45454545454545453,0.1724137931034483,29.0,0.0,0.0,0.0,14.0,,,,
p_1438,0.41910745508450953,0.4456349206349206,0.42180059523809527,0.44683234694289353,0.4562463256907701,0.46296296296296297,108.0,0.3225806451612903,0.5,0.23809523809523808,21.0,0.65,0.5777777777777777,0.7428571428571429,35.0,0.3880597014925373,0.37142857142857144,0.40625,32.0,0.3157894736842105,0.3333333333333333,0.3,20.0,,,,
p_1439,0.31801642332680496,0.3265328544583863,0.3349823485693051,0.3538973307311944,0.3524724753546661,0.37962962962962965,108.0,0.37735849056603776,0.37037037037037035,0.38461538461538464,26.0,0.6024096385542169,0.5319148936170213,0.6944444444444444,36.0,0.12903225806451613,0.25,0.08695652173913043,23.0,0.16326530612244897,0.15384615384615385,0.17391304347826086,23.0,,,,
p_1440,0.30590024330900245,0.3808139534883721,0.3447817836812144,0.4136140398305848,0.4748708010335917,0.5,108.0,0.4,0.4,0.4,15.0,0.16666666666666666,0.6,0.0967741935483871,31.0,0.656934306569343,0.5232558139534884,0.8823529411764706,51.0,0.0,0.0,0.0,11.0,,,,
p_1441,0.2723241624998294,0.2854718086572925,0.2815841416647868,0.351662471603916,0.3486119407938404,0.37962962962962965,108.0,0.13793103448275862,0.2222222222222222,0.1,20.0,0.32727272727272727,0.375,0.2903225806451613,31.0,0.5471698113207547,0.46774193548387094,0.6590909090909091,44.0,0.07692307692307693,0.07692307692307693,0.07692307692307693,13.0,,,,
p_1442,0.3756512493354599,0.3660873440285205,0.39725672877846785,0.4881623250044303,0.4781392354921767,0.5092592592592593,108.0,0.45614035087719296,0.38235294117647056,0.5652173913043478,23.0,0.4,0.45454545454545453,0.35714285714285715,28.0,0.6464646464646465,0.6274509803921569,0.6666666666666666,48.0,0.0,0.0,0.0,9.0,,,,
p_1443,0.3638831138831139,0.3980974124809741,0.3922973578145992,0.4838021782466227,0.4995743841253734,0.5462962962962963,108.0,0.5555555555555556,0.6,0.5172413793103449,29.0,0.21621621621621623,0.4444444444444444,0.14285714285714285,28.0,0.6837606837606838,0.547945205479452,0.9090909090909091,44.0,0.0,0.0,0.0,7.0,,,,
p_1444,0.3125668449197861,0.3124877450980392,0.31857445680975094,0.3871657754010695,0.3837577160493827,0.39814814814814814,108.0,0.509090909090909,0.56,0.4666666666666667,30.0,0.29411764705882354,0.29411764705882354,0.29411764705882354,34.0,0.4470588235294118,0.3958333333333333,0.5135135135135135,37.0,0.0,0.0,0.0,7.0,,,,
p_1445,0.26876887394539395,0.26483764237402274,0.27678994784257943,0.3191161141839825,0.3101066985059607,0.3333333333333333,108.0,0.3888888888888889,0.4117647058823529,0.3684210526315789,19.0,0.3373493975903614,0.34146341463414637,0.3333333333333333,42.0,0.3488372093023256,0.30612244897959184,0.40540540540540543,37.0,0.0,0.0,0.0,10.0,,,,
p_1446,0.29067460317460314,0.26207729468599034,0.33656330749354,0.42691798941798936,0.3813741277509394,0.5,108.0,0.0,0.0,0.0,20.0,0.6071428571428571,0.4927536231884058,0.7906976744186046,43.0,0.5555555555555556,0.5555555555555556,0.5555555555555556,36.0,0.0,0.0,0.0,9.0,,,,
p_1447,0.39879845262359365,0.41922989291410345,0.39847589192416777,0.4098432405909488,0.420516780165903,0.4166666666666667,108.0,0.25,0.36363636363636365,0.19047619047619047,21.0,0.3880597014925373,0.34210526315789475,0.4482758620689655,29.0,0.4782608695652174,0.5238095238095238,0.44,25.0,0.4788732394366197,0.4473684210526316,0.5151515151515151,33.0,,,,
p_1448,0.31286026634863845,0.35890092879256963,0.33795367794526754,0.3876926021628864,0.41885391583534,0.4444444444444444,108.0,0.46511627906976744,0.5882352941176471,0.38461538461538464,26.0,0.5811965811965812,0.4473684210526316,0.8292682926829268,41.0,0.20512820512820512,0.4,0.13793103448275862,29.0,0.0,0.0,0.0,12.0,,,,
p_1449,0.32999336830047626,0.34447268740031894,0.3265068265068265,0.3444254648330129,0.34932106149211406,0.35185185185185186,108.0,0.3111111111111111,0.3684210526315789,0.2692307692307692,26.0,0.41237113402061853,0.36363636363636365,0.47619047619047616,42.0,0.3333333333333333,0.3333333333333333,0.3333333333333333,18.0,0.2631578947368421,0.3125,0.22727272727272727,22.0,,,,
p_1450,0.309409205449248,0.30536600496277916,0.33663344697963105,0.39025728914204383,0.3921227368808014,0.4166666666666667,108.0,0.4722222222222222,0.5483870967741935,0.4146341463414634,41.0,0.5301204819277109,0.4230769230769231,0.7096774193548387,31.0,0.23529411764705882,0.25,0.2222222222222222,27.0,0.0,0.0,0.0,9.0,,,,
p_1451,0.38962387149147626,0.428023088023088,0.38616193570451435,0.4352593029919541,0.44207043984821764,0.46296296296296297,108.0,0.23076923076923078,0.2727272727272727,0.2,15.0,0.6226415094339622,0.5238095238095238,0.7674418604651163,43.0,0.3050847457627119,0.36,0.2647058823529412,34.0,0.4,0.5555555555555556,0.3125,16.0,,,,
p_1452,0.4519725557461406,0.5014880952380952,0.4773573580642124,0.5144209389492408,0.530790711346267,0.5648148148148148,108.0,0.7169811320754716,0.6031746031746031,0.8837209302325582,43.0,0.5,0.4583333333333333,0.55,20.0,0.5,0.6111111111111112,0.4230769230769231,26.0,0.09090909090909091,0.3333333333333333,0.05263157894736842,19.0,,,,
p_1453,0.3987628750559785,0.40178885630498534,0.39898505019472763,0.3991630176975005,0.4037753882915173,0.39814814814814814,108.0,0.5172413793103449,0.5,0.5357142857142857,28.0,0.4090909090909091,0.4090909090909091,0.4090909090909091,22.0,0.39285714285714285,0.44,0.3548387096774194,31.0,0.27586206896551724,0.25806451612903225,0.2962962962962963,27.0,,,,
p_1454,0.327389190136419,0.4067055843834939,0.3455687830687831,0.35502050664213475,0.4122789858056723,0.39814814814814814,108.0,0.5233644859813084,0.39436619718309857,0.7777777777777778,36.0,0.14814814814814814,0.3333333333333333,0.09523809523809523,21.0,0.358974358974359,0.5833333333333334,0.25925925925925924,27.0,0.27906976744186046,0.3157894736842105,0.25,24.0,,,,
p_1455,0.34514534883720926,0.39126728110599074,0.3570013238994538,0.3769153746770026,0.4060957501280082,0.4074074074074074,108.0,0.52,0.41935483870967744,0.6842105263157895,38.0,0.375,0.36,0.391304347826087,23.0,0.16,0.2857142857142857,0.1111111111111111,18.0,0.32558139534883723,0.5,0.2413793103448276,29.0,,,,
p_1456,0.2987886382623225,0.3777777777777777,0.3233908045977012,0.4260651629072681,0.47119341563786005,0.5092592592592593,108.0,0.3157894736842105,0.6666666666666666,0.20689655172413793,29.0,0.6571428571428571,0.5111111111111111,0.92,50.0,0.0,0.0,0.0,11.0,0.2222222222222222,0.3333333333333333,0.16666666666666666,18.0,,,,
p_1457,0.3227490918526207,0.3341666666666667,0.34024064171123,0.42986843875530956,0.42450617283950615,0.46296296296296297,108.0,0.5531914893617021,0.52,0.5909090909090909,44.0,0.4878048780487805,0.4166666666666667,0.5882352941176471,34.0,0.25,0.4,0.18181818181818182,22.0,0.0,0.0,0.0,8.0,,,,
p_1458,0.2840379409881729,0.31414473684210525,0.2815864645132938,0.3135199349720932,0.3142259584145549,0.3333333333333333,108.0,0.35443037974683544,0.3333333333333333,0.3783783783783784,37.0,0.3469387755102041,0.2982456140350877,0.4146341463414634,41.0,0.0,0.0,0.0,15.0,0.43478260869565216,0.625,0.3333333333333333,15.0,,,,
p_1459,0.35282144466982196,0.41634469696969695,0.37389218486779463,0.3806884343775825,0.43271464646464647,0.4351851851851852,108.0,0.20833333333333334,0.45454545454545453,0.13513513513513514,37.0,0.2222222222222222,0.3333333333333333,0.16666666666666666,12.0,0.5689655172413793,0.44,0.8048780487804879,41.0,0.4117647058823529,0.4375,0.3888888888888889,18.0,,,,
p_1460,0.4552655677655677,0.5053258145363408,0.4460497711670481,0.5291344458011125,0.5327995915715215,0.5648148148148148,108.0,0.7166666666666667,0.6142857142857143,0.86,50.0,0.42857142857142855,0.47368421052631576,0.391304347826087,23.0,0.21428571428571427,0.3333333333333333,0.15789473684210525,19.0,0.46153846153846156,0.6,0.375,16.0,,,,
p_1461,0.3132867132867133,0.28524436090225563,0.35185185185185186,0.4902097902097902,0.4365601503759398,0.5648148148148148,108.0,0.7076923076923077,0.6052631578947368,0.8518518518518519,54.0,0.5454545454545454,0.5357142857142857,0.5555555555555556,27.0,0.0,0.0,0.0,19.0,0.0,0.0,0.0,8.0,,,,
p_1462,0.24376543209876542,0.2577690166975881,0.2757936507936508,0.340944215820759,0.33475486154057577,0.3888888888888889,108.0,0.3950617283950617,0.32653061224489793,0.5,32.0,0.5,0.45454545454545453,0.5555555555555556,45.0,0.08,0.25,0.047619047619047616,21.0,0.0,0.0,0.0,10.0,,,,
p_1463,0.3675085251491901,0.4902298850574713,0.3667484589143575,0.4285809573426795,0.460046828437633,0.5,108.0,0.6323529411764706,0.4942528735632184,0.8775510204081632,49.0,0.0,0.0,0.0,17.0,0.30434782608695654,0.4666666666666667,0.22580645161290322,31.0,0.5333333333333333,1.0,0.36363636363636365,11.0,,,,
p_1464,0.3334294099151032,0.33399470899470896,0.34191480562448306,0.4391699371523289,0.4284489515970997,0.46296296296296297,108.0,0.3829787234042553,0.42857142857142855,0.34615384615384615,26.0,0.3793103448275862,0.4074074074074074,0.3548387096774194,31.0,0.5714285714285714,0.5,0.6666666666666666,45.0,0.0,0.0,0.0,6.0,,,,
p_1465,0.3341620207077028,0.3779166666666667,0.34537667698658414,0.3554569474469349,0.38834876543209873,0.37962962962962965,108.0,0.18181818181818182,0.375,0.12,25.0,0.23529411764705882,0.26666666666666666,0.21052631578947367,19.0,0.44680851063829785,0.35,0.6176470588235294,34.0,0.4727272727272727,0.52,0.43333333333333335,30.0,,,,
p_1466,0.3579115327160138,0.375582298136646,0.3582092704043923,0.4320757014181786,0.43549909899547584,0.4444444444444444,108.0,0.4691358024691358,0.41304347826086957,0.5428571428571428,35.0,0.5542168674698795,0.5476190476190477,0.5609756097560976,41.0,0.10526315789473684,0.125,0.09090909090909091,11.0,0.30303030303030304,0.4166666666666667,0.23809523809523808,21.0,,,,
p_1467,0.2991155131654031,0.28630604288499023,0.3178387764643024,0.3508713531335199,0.33099595697061585,0.37962962962962965,108.0,0.2413793103448276,0.25925925925925924,0.22580645161290322,31.0,0.4444444444444444,0.38596491228070173,0.5238095238095238,42.0,0.5106382978723404,0.5,0.5217391304347826,23.0,0.0,0.0,0.0,12.0,,,,
p_1468,0.34301856335754644,0.37221929516450064,0.3576867816091954,0.4345723851373569,0.44455827446695023,0.48148148148148145,108.0,0.0,0.0,0.0,10.0,0.6101694915254238,0.4931506849315068,0.8,45.0,0.5238095238095238,0.6111111111111112,0.4583333333333333,24.0,0.23809523809523808,0.38461538461538464,0.1724137931034483,29.0,,,,
p_1469,0.5229003342095673,0.608537877182894,0.5089031339031339,0.5476808664807362,0.583322236009806,0.5555555555555556,108.0,0.6292134831460674,0.5957446808510638,0.6666666666666666,42.0,0.5396825396825397,0.4594594594594595,0.6538461538461539,26.0,0.4782608695652174,0.5789473684210527,0.4074074074074074,27.0,0.4444444444444444,0.8,0.3076923076923077,13.0,,,,
p_1470,0.20539185501786922,0.20925925925925926,0.21076638415348095,0.23827936346952575,0.23621399176954735,0.25,108.0,0.11764705882352941,0.16666666666666666,0.09090909090909091,22.0,0.3541666666666667,0.3148148148148148,0.40476190476190477,42.0,0.20689655172413793,0.2222222222222222,0.1935483870967742,31.0,0.14285714285714285,0.13333333333333333,0.15384615384615385,13.0,,,,
p_1471,0.32123614663256606,0.31313131313131315,0.36212339743589744,0.3857415301064065,0.3799569771791994,0.42592592592592593,108.0,0.5411764705882353,0.5,0.5897435897435898,39.0,0.463768115942029,0.36363636363636365,0.64,25.0,0.28,0.3888888888888889,0.21875,32.0,0.0,0.0,0.0,12.0,,,,
p_1472,0.4061639172558262,0.5194625660142902,0.4133928571428571,0.4704225461387022,0.5150265207736472,0.5092592592592593,108.0,0.26666666666666666,0.4,0.2,20.0,0.5074626865671642,0.4594594594594595,0.5666666666666667,30.0,0.64,0.5517241379310345,0.7619047619047619,42.0,0.21052631578947367,0.6666666666666666,0.125,16.0,,,,
p_1473,0.2841439205955335,0.2861039794608472,0.2995495495495496,0.3559296020586343,0.3667748300290021,0.3611111111111111,108.0,0.48,0.47368421052631576,0.4864864864864865,37.0,0.22580645161290322,0.17073170731707318,0.3333333333333333,21.0,0.4307692307692308,0.5,0.3783783783783784,37.0,0.0,0.0,0.0,13.0,,,,
p_1474,0.2741002590466346,0.2665441176470588,0.3047217010631645,0.38318858672478867,0.3630855119825708,0.4351851851851852,108.0,0.4507042253521127,0.5,0.41025641025641024,39.0,0.5504587155963303,0.4411764705882353,0.7317073170731707,41.0,0.0,0.0,0.0,15.0,0.09523809523809523,0.125,0.07692307692307693,13.0,,,,
p_1475,0.37700861829302196,0.4442512077294686,0.3887422360248447,0.35370524820066107,0.3752692789407765,0.4074074074074074,108.0,0.3333333333333333,0.32,0.34782608695652173,23.0,0.09090909090909091,0.2222222222222222,0.05714285714285714,35.0,0.5504587155963303,0.43478260869565216,0.75,40.0,0.5333333333333333,0.8,0.4,10.0,,,,
p_1476,0.3399229442528096,0.3640151515151515,0.3670535714285714,0.34088415777522263,0.36861672278338947,0.37037037037037035,108.0,0.4727272727272727,0.43333333333333335,0.52,25.0,0.45,0.375,0.5625,32.0,0.15789473684210525,0.375,0.1,30.0,0.27906976744186046,0.2727272727272727,0.2857142857142857,21.0,,,,
p_1477,0.306118428458854,0.33529953145917,0.34679503209135615,0.4059470649305165,0.41311077643908967,0.49074074074074076,108.0,0.14814814814814814,0.2222222222222222,0.1111111111111111,18.0,0.6507936507936508,0.4939759036144578,0.9534883720930233,43.0,0.0,0.0,0.0,16.0,0.425531914893617,0.625,0.3225806451612903,31.0,,,,
p_1478,0.3981874731874732,0.3998397435897436,0.40783208020050127,0.4492230325563659,0.4421593067426401,0.46296296296296297,108.0,0.4888888888888889,0.4583333333333333,0.5238095238095238,21.0,0.43243243243243246,0.41025641025641024,0.45714285714285713,35.0,0.5714285714285714,0.5641025641025641,0.5789473684210527,38.0,0.1,0.16666666666666666,0.07142857142857142,14.0,,,,
p_1479,0.3449205316479227,0.3301271281362007,0.384120022277917,0.4103343281937948,0.3766002505641843,0.4722222222222222,108.0,0.6896551724137931,0.6451612903225806,0.7407407407407407,27.0,0.5471698113207547,0.453125,0.6904761904761905,42.0,0.14285714285714285,0.2222222222222222,0.10526315789473684,19.0,0.0,0.0,0.0,20.0,,,,
p_1480,0.4658626475092891,0.45922802687508574,0.4848901098901099,0.47161834307257605,0.4646764274215255,0.49074074074074076,108.0,0.6296296296296297,0.6538461538461539,0.6071428571428571,28.0,0.14634146341463414,0.2,0.11538461538461539,26.0,0.4745762711864407,0.42424242424242425,0.5384615384615384,26.0,0.6129032258064516,0.5588235294117647,0.6785714285714286,28.0,,,,
p_1481,0.4862675122557377,0.5128542510121458,0.48603896103896105,0.47739504292630175,0.50157444894287,0.48148148148148145,108.0,0.5609756097560976,0.6052631578947368,0.5227272727272727,44.0,0.32432432432432434,0.46153846153846156,0.25,24.0,0.45977011494252873,0.38461538461538464,0.5714285714285714,35.0,0.6,0.6,0.6,5.0,,,,
p_1482,0.27805727554179566,0.26571637426900585,0.29583333333333334,0.5009459924320606,0.4670240415854451,0.5462962962962963,108.0,0.6911764705882353,0.618421052631579,0.7833333333333333,60.0,0.42105263157894735,0.4444444444444444,0.4,30.0,0.0,0.0,0.0,11.0,0.0,0.0,0.0,7.0,,,,
p_1483,0.36435699022882395,0.3492311890087314,0.41310541310541316,0.4084578261227018,0.3842898737849303,0.4722222222222222,108.0,0.5423728813559322,0.48484848484848486,0.6153846153846154,26.0,0.32558139534883723,0.4375,0.25925925925925924,27.0,0.0,0.0,0.0,19.0,0.5894736842105263,0.4745762711864407,0.7777777777777778,36.0,,,,
p_1484,0.29664664664664664,0.31813725490196076,0.36059386973180074,0.3807603900196493,0.3906862745098039,0.4722222222222222,108.0,0.6370370370370371,0.5058823529411764,0.86,50.0,0.21621621621621623,0.5,0.13793103448275862,29.0,0.0,0.0,0.0,20.0,0.3333333333333333,0.26666666666666666,0.4444444444444444,9.0,,,,
p_1485,0.3176881915993414,0.3303613955703739,0.34690987839413623,0.30688725876008105,0.3237449613223607,0.3333333333333333,108.0,0.4897959183673469,0.46153846153846156,0.5217391304347826,23.0,0.14634146341463414,0.25,0.10344827586206896,29.0,0.38461538461538464,0.29411764705882354,0.5555555555555556,27.0,0.25,0.3157894736842105,0.20689655172413793,29.0,,,,
p_1486,0.3865904484156532,0.4216588218513764,0.39757301522007404,0.43612618316587465,0.445053276068823,0.4537037037037037,108.0,0.47058823529411764,0.4878048780487805,0.45454545454545453,44.0,0.125,0.3333333333333333,0.07692307692307693,13.0,0.5063291139240507,0.4444444444444444,0.5882352941176471,34.0,0.4444444444444444,0.42105263157894735,0.47058823529411764,17.0,,,,
p_1487,0.3982686877866716,0.40327380952380953,0.4237399053188527,0.4299676883745612,0.4332561728395061,0.4537037037037037,108.0,0.5573770491803278,0.5,0.6296296296296297,27.0,0.5079365079365079,0.5714285714285714,0.45714285714285713,35.0,0.44776119402985076,0.375,0.5555555555555556,27.0,0.08,0.16666666666666666,0.05263157894736842,19.0,,,,
p_1488,0.42109279609279604,0.43704453441295543,0.4232362777887075,0.43950391172613396,0.4516344279502174,0.4444444444444444,108.0,0.358974358974359,0.5,0.28,25.0,0.42857142857142855,0.4,0.46153846153846156,26.0,0.6111111111111112,0.5789473684210527,0.6470588235294118,34.0,0.2857142857142857,0.2692307692307692,0.30434782608695654,23.0,,,,
p_1489,0.42381888100067616,0.4184684684684685,0.4335125448028674,0.44466747426940123,0.4398553315219982,0.4537037037037037,108.0,0.1875,0.21428571428571427,0.16666666666666666,18.0,0.4367816091954023,0.4523809523809524,0.4222222222222222,45.0,0.5882352941176471,0.5405405405405406,0.6451612903225806,31.0,0.4827586206896552,0.4666666666666667,0.5,14.0,,,,
p_1490,0.3848684210526316,0.38633531960996753,0.4145918367346939,0.4923245614035088,0.4693962922836163,0.5555555555555556,108.0,0.75,0.6338028169014085,0.9183673469387755,49.0,0.0,0.0,0.0,16.0,0.3157894736842105,0.46153846153846156,0.24,25.0,0.47368421052631576,0.45,0.5,18.0,,,,
p_1491,0.24017333212963798,0.22655844155844154,0.2695924764890282,0.34265695685755265,0.3203373015873016,0.3888888888888889,108.0,0.5454545454545454,0.43636363636363634,0.7272727272727273,33.0,0.33962264150943394,0.375,0.3103448275862069,29.0,0.3157894736842105,0.32142857142857145,0.3103448275862069,29.0,0.0,0.0,0.0,16.0,0.0,0.0,0.0,1.0
p_1492,0.28076023391812865,0.3631410256410257,0.2940748834498834,0.34543643058262935,0.38735754985754983,0.39814814814814814,108.0,0.5555555555555556,0.44871794871794873,0.7291666666666666,48.0,0.2222222222222222,0.6,0.13636363636363635,22.0,0.10526315789473684,0.15384615384615385,0.08,25.0,0.24,0.25,0.23076923076923078,13.0,,,,
p_1493,0.28462823725981623,0.2735294117647059,0.30049261083743845,0.331832668089978,0.3176591624304042,0.35185185185185186,108.0,0.31746031746031744,0.29411764705882354,0.3448275862068966,29.0,0.42105263157894735,0.4444444444444444,0.4,30.0,0.4,0.35555555555555557,0.45714285714285713,35.0,0.0,0.0,0.0,14.0,,,,
p_1494,0.3007389162561577,0.31166881166881166,0.328125,0.3567049808429119,0.35930374819263705,0.4074074074074074,108.0,0.0,0.0,0.0,20.0,0.5172413793103449,0.40540540540540543,0.7142857142857143,42.0,0.4,0.5555555555555556,0.3125,32.0,0.2857142857142857,0.2857142857142857,0.2857142857142857,14.0,,,,
p_1495,0.3934393193013883,0.5231730769230769,0.39341757579080094,0.3964287096471005,0.4728525641025641,0.4166666666666667,108.0,0.5287356321839081,0.46,0.6216216216216216,37.0,0.19047619047619047,0.3076923076923077,0.13793103448275862,29.0,0.45454545454545453,1.0,0.29411764705882354,17.0,0.4,0.325,0.52,25.0,,,,
p_1496,0.3836563629234796,0.40317460317460313,0.41570512820512817,0.43174210041776745,0.43029100529100534,0.48148148148148145,108.0,0.639344262295082,0.5571428571428572,0.75,52.0,0.38095238095238093,0.5,0.3076923076923077,13.0,0.10256410256410256,0.2222222222222222,0.06666666666666667,30.0,0.4117647058823529,0.3333333333333333,0.5384615384615384,13.0,,,,
p_1497,0.39880630008289586,0.4968491960017384,0.41074561403508775,0.44621595898191635,0.4823828609139344,0.49074074074074076,108.0,0.5194805194805194,0.5128205128205128,0.5263157894736842,38.0,0.5957446808510638,0.4745762711864407,0.8,35.0,0.4,0.8,0.26666666666666666,15.0,0.08,0.2,0.05,20.0,,,,
p_1498,0.3226805753121542,0.33615288220551376,0.34328860429072516,0.3766111140380146,0.3703958971502831,0.42592592592592593,108.0,0.5585585585585585,0.44285714285714284,0.7560975609756098,41.0,0.42105263157894735,0.5333333333333333,0.34782608695652173,23.0,0.3111111111111111,0.3684210526315789,0.2692307692307692,26.0,0.0,0.0,0.0,18.0,,,,
p_1499,0.38152635960181064,0.43296338818726876,0.379419191919192,0.44132694750518703,0.46000174814436834,0.4722222222222222,108.0,0.5945945945945946,0.4925373134328358,0.75,44.0,0.4067796610169492,0.46153846153846156,0.36363636363636365,33.0,0.26666666666666666,0.3333333333333333,0.2222222222222222,9.0,0.25806451612903225,0.4444444444444444,0.18181818181818182,22.0,,,,
p_1500,0.2210526315789474,0.1970322327044025,0.2517696267696268,0.3253411306042885,0.2900979792685768,0.37037037037037035,108.0,0.4,0.3541666666666667,0.4594594594594595,37.0,0.4842105263157895,0.4339622641509434,0.5476190476190477,42.0,0.0,0.0,0.0,11.0,0.0,0.0,0.0,18.0,,,,
p_1501,0.28480331262939956,0.32664707187222713,0.295531497816983,0.33826700406410554,0.36506272798974665,0.3611111111111111,108.0,0.17142857142857143,0.375,0.1111111111111111,27.0,0.4782608695652174,0.4489795918367347,0.5116279069767442,43.0,0.14285714285714285,0.2,0.1111111111111111,9.0,0.3466666666666667,0.2826086956521739,0.4482758620689655,29.0,,,,
p_1502,0.3277165449064574,0.3259469696969697,0.3579282407407407,0.38023682156466515,0.3868336139169472,0.4074074074074074,108.0,0.38961038961038963,0.3333333333333333,0.46875,32.0,0.41379310344827586,0.5454545454545454,0.3333333333333333,36.0,0.0,0.0,0.0,13.0,0.5074626865671642,0.425,0.6296296296296297,27.0,,,,
p_1503,0.33672656705702875,0.4447209211553474,0.33753551264070203,0.3536264705051441,0.408688596871657,0.37962962962962965,108.0,0.5,0.4098360655737705,0.6410256410256411,39.0,0.3137254901960784,0.2857142857142857,0.34782608695652173,23.0,0.3157894736842105,0.75,0.2,15.0,0.21739130434782608,0.3333333333333333,0.16129032258064516,31.0,,,,
p_1504,0.3020828844358256,0.30355465296198053,0.30782199625993456,0.3028411554555345,0.3074321212791041,0.3055555555555556,108.0,0.27450980392156865,0.3333333333333333,0.23333333333333334,30.0,0.3492063492063492,0.34375,0.3548387096774194,31.0,0.2,0.19230769230769232,0.20833333333333334,24.0,0.38461538461538464,0.3448275862068966,0.43478260869565216,23.0,,,,
p_1505,0.29168831168831166,0.4020062942564909,0.2775964696223317,0.295045695045695,0.37616924556342335,0.28703703703703703,108.0,0.32,0.8,0.2,20.0,0.2545454545454545,0.22580645161290322,0.2916666666666667,24.0,0.22857142857142856,0.1951219512195122,0.27586206896551724,29.0,0.36363636363636365,0.3870967741935484,0.34285714285714286,35.0,,,,
p_1506,0.3317095864727405,0.3875,0.3568460729312763,0.332294831822609,0.3837962962962963,0.3611111111111111,108.0,0.41379310344827586,0.32142857142857145,0.5806451612903226,31.0,0.4528301886792453,0.4,0.5217391304347826,23.0,0.26666666666666666,0.4,0.2,30.0,0.1935483870967742,0.42857142857142855,0.125,24.0,,,,
p_1507,0.2968231523378582,0.3549691146190803,0.317969067969068,0.3134786464443327,0.37728183227840056,0.32407407407407407,108.0,0.125,0.4,0.07407407407407407,27.0,0.5230769230769231,0.5483870967741935,0.5,34.0,0.27450980392156865,0.28,0.2692307692307692,26.0,0.2647058823529412,0.19148936170212766,0.42857142857142855,21.0,,,,
p_1508,0.39651906287293515,0.406499237626085,0.4147488654067601,0.4455164737000049,0.4564092079999305,0.46296296296296297,108.0,0.5287356321839081,0.46938775510204084,0.6052631578947368,38.0,0.52,0.4482758620689655,0.6190476190476191,21.0,0.1111111111111111,0.16666666666666666,0.08333333333333333,12.0,0.4262295081967213,0.5416666666666666,0.35135135135135137,37.0,,,,
p_1509,0.28133368793933283,0.28563944530046226,0.313282406784224,0.3511803304211042,0.3751486617588312,0.37962962962962965,108.0,0.4946236559139785,0.3898305084745763,0.6764705882352942,34.0,0.2926829268292683,0.2727272727272727,0.3157894736842105,19.0,0.3380281690140845,0.48,0.2608695652173913,46.0,0.0,0.0,0.0,9.0,,,,
p_1510,0.2797979797979798,0.3053355957767723,0.3192185007974482,0.30326599326599324,0.30760153064074636,0.37037037037037035,108.0,0.08,0.16666666666666666,0.05263157894736842,19.0,0.12,0.17647058823529413,0.09090909090909091,33.0,0.36363636363636365,0.46153846153846156,0.3,20.0,0.5555555555555556,0.4166666666666667,0.8333333333333334,36.0,,,,
p_1511,0.2534299264052785,0.31945548489666137,0.2820500293140512,0.339529376794635,0.3452239003709592,0.39814814814814814,108.0,0.36619718309859156,0.35135135135135137,0.38235294117647056,34.0,0.125,0.5,0.07142857142857142,14.0,0.5225225225225225,0.4264705882352941,0.6744186046511628,43.0,0.0,0.0,0.0,17.0,,,,
p_1512,0.310578081745644,0.34105718842560945,0.3126680107526882,0.3427784110441658,0.3679830890357206,0.35185185185185186,108.0,0.44,0.5789473684210527,0.3548387096774194,31.0,0.38202247191011235,0.3090909090909091,0.5,34.0,0.08695652173913043,0.14285714285714285,0.0625,16.0,0.3333333333333333,0.3333333333333333,0.3333333333333333,27.0,,,,
p_1513,0.37202935694315004,0.40101351351351355,0.40776614689658164,0.4268046782414598,0.42950450450450456,0.5,108.0,0.06666666666666667,0.25,0.038461538461538464,26.0,0.32432432432432434,0.4,0.2727272727272727,22.0,0.41379310344827586,0.4,0.42857142857142855,14.0,0.6833333333333333,0.5540540540540541,0.8913043478260869,46.0,,,,
p_1514,0.26034337179848016,0.25743003547497045,0.2928947477511089,0.3537490487954884,0.3273799617512665,0.4074074074074074,108.0,0.42105263157894735,0.37209302325581395,0.48484848484848486,33.0,0.5294117647058824,0.4576271186440678,0.627906976744186,43.0,0.09090909090909091,0.2,0.058823529411764705,17.0,0.0,0.0,0.0,15.0,,,,
p_1515,0.3031139745359718,0.28239289446186,0.3359745031207118,0.37705737644378545,0.34548550640504666,0.42592592592592593,108.0,0.0,0.0,0.0,19.0,0.3018867924528302,0.3333333333333333,0.27586206896551724,29.0,0.24390243902439024,0.22727272727272727,0.2631578947368421,19.0,0.6666666666666666,0.5689655172413793,0.8048780487804879,41.0,,,,
p_1516,0.382628294036061,0.3841269841269841,0.40434113300492613,0.43524297529151895,0.41825396825396827,0.48148148148148145,108.0,0.42857142857142855,0.4444444444444444,0.41379310344827586,29.0,0.6019417475728155,0.49206349206349204,0.775,40.0,0.5,0.6,0.42857142857142855,21.0,0.0,0.0,0.0,18.0,,,,
p_1517,0.35721833020366894,0.3655250420875421,0.38749999999999996,0.43054391962379834,0.4447639980047387,0.4444444444444444,108.0,0.32558139534883723,0.25925925925925924,0.4375,16.0,0.39285714285714285,0.34375,0.4583333333333333,24.0,0.08,0.2,0.05,20.0,0.6304347826086957,0.6590909090909091,0.6041666666666666,48.0,,,,
p_1518,0.3622456575682382,0.41871794871794865,0.38418367346938775,0.4636765922249793,0.474045584045584,0.5277777777777778,108.0,0.48,0.46153846153846156,0.5,24.0,0.6612903225806451,0.5466666666666666,0.8367346938775511,49.0,0.3076923076923077,0.6666666666666666,0.2,20.0,0.0,0.0,0.0,15.0,,,,
p_1519,0.28742263483642794,0.27989130434782605,0.3049278846153846,0.302430657890428,0.29204048769266155,0.32407407407407407,108.0,0.05,0.07142857142857142,0.038461538461538464,26.0,0.25,0.25,0.25,20.0,0.41379310344827586,0.42857142857142855,0.4,30.0,0.4358974358974359,0.3695652173913043,0.53125,32.0,,,,
p_1520,0.2695360195360195,0.2924836601307189,0.31153846153846154,0.3166802333469,0.3422294843863471,0.3611111111111111,108.0,0.42857142857142855,0.3333333333333333,0.6,25.0,0.4444444444444444,0.39215686274509803,0.5128205128205128,39.0,0.20512820512820512,0.4444444444444444,0.13333333333333333,30.0,0.0,0.0,0.0,14.0,,,,
p_1521,0.4124078694918275,0.4203787878787879,0.4127821542432548,0.42781262502651807,0.4272530864197531,0.4351851851851852,108.0,0.2692307692307692,0.28,0.25925925925925924,27.0,0.48484848484848486,0.48484848484848486,0.48484848484848486,33.0,0.3448275862068966,0.4166666666666667,0.29411764705882354,17.0,0.5507246376811594,0.5,0.6129032258064516,31.0,,,,
p_1522,0.43187167938905774,0.5583735909822867,0.440491452991453,0.46335741467044567,0.5451631180294627,0.5092592592592593,108.0,0.14814814814814814,0.6666666666666666,0.08333333333333333,24.0,0.5964912280701754,0.4927536231884058,0.7555555555555555,45.0,0.5283018867924528,0.5185185185185185,0.5384615384615384,26.0,0.45454545454545453,0.5555555555555556,0.38461538461538464,13.0,,,,
p_1523,0.36311681890950187,0.3381996658312448,0.41338854382332646,0.4086800214848995,0.36410547974875457,0.49074074074074076,108.0,0.43243243243243246,0.42105263157894735,0.4444444444444444,18.0,0.0,0.0,0.0,25.0,0.6785714285714286,0.5428571428571428,0.9047619047619048,42.0,0.34146341463414637,0.3888888888888889,0.30434782608695654,23.0,,,,
p_1524,0.3595897816828049,0.40294489007724305,0.35415181224004755,0.3930753651683884,0.4080806705398209,0.4166666666666667,108.0,0.5272727272727272,0.4393939393939394,0.6590909090909091,44.0,0.27906976744186046,0.375,0.2222222222222222,27.0,0.32432432432432434,0.35294117647058826,0.3,20.0,0.3076923076923077,0.4444444444444444,0.23529411764705882,17.0,,,,
p_1525,0.3630484105649954,0.3616985645933014,0.3671183888575193,0.41102899738131193,0.40770556441609074,0.4166666666666667,108.0,0.23255813953488372,0.25,0.21739130434782608,23.0,0.34782608695652173,0.32,0.38095238095238093,21.0,0.627906976744186,0.6136363636363636,0.6428571428571429,42.0,0.24390243902439024,0.2631578947368421,0.22727272727272727,22.0,,,,
p_1526,0.3499333999333999,0.3572794117647059,0.35178127822944893,0.37911193744527083,0.37912854030501086,0.3888888888888889,108.0,0.3,0.375,0.25,24.0,0.5274725274725275,0.48,0.5853658536585366,41.0,0.2692307692307692,0.28,0.25925925925925924,27.0,0.30303030303030304,0.29411764705882354,0.3125,16.0,,,,
p_1527,0.4102570986991376,0.48573453836611735,0.42061292366170416,0.47028473161203593,0.49016890805389834,0.5,108.0,0.16666666666666666,0.5,0.1,10.0,0.43243243243243246,0.48484848484848486,0.3902439024390244,41.0,0.3902439024390244,0.42105263157894735,0.36363636363636365,22.0,0.651685393258427,0.5370370370370371,0.8285714285714286,35.0,,,,
p_1528,0.3490865911582024,0.3602941176470588,0.36629779082090164,0.4350444525636341,0.4283769063180828,0.48148148148148145,108.0,0.391304347826087,0.5294117647058824,0.3103448275862069,29.0,0.4,0.4117647058823529,0.3888888888888889,18.0,0.6050420168067226,0.5,0.7659574468085106,47.0,0.0,0.0,0.0,14.0,,,,
p_1529,0.43522281639928706,0.5167151162790697,0.42851472007722013,0.4563028982636826,0.5070790267011197,0.4722222222222222,108.0,0.36363636363636365,0.5,0.2857142857142857,14.0,0.5066666666666667,0.4418604651162791,0.59375,32.0,0.35294117647058826,0.6666666666666666,0.24,25.0,0.5176470588235295,0.4583333333333333,0.5945945945945946,37.0,,,,
p_1530,0.31372011682134393,0.3432389937106918,0.32007443775736455,0.3704551545022239,0.3812427207081295,0.3888888888888889,108.0,0.4186046511627907,0.33962264150943394,0.5454545454545454,33.0,0.4810126582278481,0.5,0.4634146341463415,41.0,0.25,0.3333333333333333,0.2,20.0,0.10526315789473684,0.2,0.07142857142857142,14.0,,,,
p_1531,0.35542383816041107,0.39192708333333337,0.36255221386800335,0.4499512300023809,0.5008680555555556,0.46296296296296297,108.0,0.4057971014492754,0.5833333333333334,0.3111111111111111,45.0,0.5294117647058824,0.421875,0.7105263157894737,38.0,0.4864864864864865,0.5625,0.42857142857142855,21.0,0.0,0.0,0.0,4.0,,,,
p_1532,0.26715069985751405,0.27158617584149497,0.2877174125464139,0.35823849790617035,0.34010240117411117,0.39814814814814814,108.0,0.16666666666666666,0.2857142857142857,0.11764705882352941,17.0,0.36585365853658536,0.3191489361702128,0.42857142857142855,35.0,0.5360824742268041,0.48148148148148145,0.6046511627906976,43.0,0.0,0.0,0.0,13.0,,,,
p_1533,0.3324420677361854,0.3249542124542124,0.36723796967699407,0.4169472502805836,0.39548399131732465,0.4722222222222222,108.0,0.0,0.0,0.0,20.0,0.5454545454545454,0.5833333333333334,0.5121951219512195,41.0,0.5490196078431373,0.4307692307692308,0.7567567567567568,37.0,0.23529411764705882,0.2857142857142857,0.2,10.0,,,,
p_1534,0.38778494664848434,0.38149880779597756,0.4391292735042735,0.39072005637699153,0.3936169089470976,0.4351851851851852,108.0,0.5542168674698795,0.4339622641509434,0.7666666666666667,30.0,0.4864864864864865,0.42857142857142855,0.5625,16.0,0.45161290322580644,0.5384615384615384,0.3888888888888889,36.0,0.058823529411764705,0.125,0.038461538461538464,26.0,,,,
p_1535,0.31826775375162475,0.34630746237889093,0.33391608391608396,0.36612837580579516,0.39277602174427567,0.37962962962962965,108.0,0.4358974358974359,0.38636363636363635,0.5,34.0,0.40860215053763443,0.3877551020408163,0.4318181818181818,44.0,0.22857142857142856,0.4444444444444444,0.15384615384615385,26.0,0.2,0.16666666666666666,0.25,4.0,,,,
p_1536,0.2773086203114718,0.24824067558057705,0.31837606837606836,0.43010772342862713,0.38691453592931424,0.49074074074074076,108.0,0.0,0.0,0.0,16.0,0.5773195876288659,0.4827586206896552,0.717948717948718,39.0,0.5319148936170213,0.5102040816326531,0.5555555555555556,45.0,0.0,0.0,0.0,8.0,,,,
p_1537,0.28519346315956484,0.2866762866762867,0.298550566695728,0.3582708588986052,0.35617640247269877,0.37962962962962965,108.0,0.2962962962962963,0.36363636363636365,0.25,32.0,0.5054945054945055,0.42592592592592593,0.6216216216216216,37.0,0.3389830508474576,0.35714285714285715,0.3225806451612903,31.0,0.0,0.0,0.0,8.0,,,,
p_1538,0.3400060786914235,0.37239125122189637,0.3479674796747968,0.3813462971149753,0.3901171210310995,0.4074074074074074,108.0,0.3333333333333333,0.375,0.3,20.0,0.3103448275862069,0.2903225806451613,0.3333333333333333,27.0,0.5625,0.4909090909090909,0.6585365853658537,41.0,0.15384615384615385,0.3333333333333333,0.1,20.0,,,,
p_1539,0.2801732107234953,0.516653605015674,0.3149553571428571,0.279359776260472,0.49044322535701845,0.32407407407407407,108.0,0.058823529411764705,0.5,0.03125,32.0,0.45161290322580644,0.3620689655172414,0.6,35.0,0.27692307692307694,0.20454545454545456,0.42857142857142855,21.0,0.3333333333333333,1.0,0.2,20.0,,,,
p_1540,0.35960442049359576,0.330109126984127,0.4111935683364255,0.42530762956020685,0.4052303791887126,0.46296296296296297,108.0,0.0,0.0,0.0,22.0,0.375,0.2857142857142857,0.5454545454545454,22.0,0.6391752577319587,0.6458333333333334,0.6326530612244898,49.0,0.42424242424242425,0.3888888888888889,0.4666666666666667,15.0,,,,
p_1541,0.364643786965675,0.39385395306447935,0.3695283882783883,0.42071148694436206,0.4564747305975376,0.42592592592592593,108.0,0.15384615384615385,0.16666666666666666,0.14285714285714285,7.0,0.47761194029850745,0.5714285714285714,0.41025641025641024,39.0,0.45977011494252873,0.36363636363636365,0.625,32.0,0.3673469387755102,0.47368421052631576,0.3,30.0,,,,
p_1542,0.30081079610382544,0.3103814884302689,0.32783564814814814,0.36693612587392854,0.3782827229981702,0.39814814814814814,108.0,0.47058823529411764,0.3902439024390244,0.5925925925925926,27.0,0.2978723404255319,0.4666666666666667,0.21875,32.0,0.43478260869565216,0.38461538461538464,0.5,40.0,0.0,0.0,0.0,9.0,,,,
p_1543,0.3317271589486859,0.3228929960107054,0.3728146853146853,0.37870022713577156,0.3768976268092564,0.4074074074074074,108.0,0.4117647058823529,0.30434782608695654,0.6363636363636364,22.0,0.4470588235294118,0.4634146341463415,0.4318181818181818,44.0,0.46808510638297873,0.5238095238095238,0.4230769230769231,26.0,0.0,0.0,0.0,16.0,,,,
p_1544,0.34959486191067946,0.42276785714285714,0.34780578898225956,0.4767910329999803,0.5128472222222222,0.5185185185185185,108.0,0.21428571428571427,0.42857142857142855,0.14285714285714285,21.0,0.5581395348837209,0.75,0.4444444444444444,27.0,0.6259541984732825,0.5125,0.803921568627451,51.0,0.0,0.0,0.0,9.0,,,,
p_1545,0.31715603237342366,0.3371323529411765,0.33035714285714285,0.34567204132421525,0.3340141612200436,0.3888888888888889,108.0,0.0,0.0,0.0,19.0,0.3188405797101449,0.3235294117647059,0.3142857142857143,35.0,0.49523809523809526,0.4,0.65,40.0,0.45454545454545453,0.625,0.35714285714285715,14.0,,,,
p_1546,0.2955326444967713,0.3768257105213627,0.3020276974147843,0.3455568282806882,0.3992159343608619,0.37962962962962965,108.0,0.3225806451612903,0.7142857142857143,0.20833333333333334,24.0,0.5178571428571429,0.42028985507246375,0.6744186046511628,43.0,0.06896551724137931,0.1,0.05263157894736842,19.0,0.2727272727272727,0.2727272727272727,0.2727272727272727,22.0,,,,
p_1547,0.39192546583850935,0.40520833333333334,0.40735398860398864,0.3959819032282801,0.4224537037037037,0.39814814814814814,108.0,0.4,0.35,0.4666666666666667,15.0,0.3333333333333333,0.4375,0.2692307692307692,26.0,0.42857142857142855,0.5,0.375,40.0,0.4057971014492754,0.3333333333333333,0.5185185185185185,27.0,,,,
p_1548,0.3031890238249745,0.30727452271231076,0.3138392857142857,0.32465690869324876,0.3203191670933606,0.3425925925925926,108.0,0.26865671641791045,0.2903225806451613,0.25,36.0,0.42857142857142855,0.3673469387755102,0.5142857142857142,35.0,0.08695652173913043,0.14285714285714285,0.0625,16.0,0.42857142857142855,0.42857142857142855,0.42857142857142855,21.0,,,,
p_1549,0.33999661176375395,0.34769856329628623,0.34572210197210196,0.33011755250595565,0.3383519572703633,0.3333333333333333,108.0,0.4528301886792453,0.3870967741935484,0.5454545454545454,22.0,0.43902439024390244,0.5294117647058824,0.375,24.0,0.3142857142857143,0.3142857142857143,0.3142857142857143,35.0,0.15384615384615385,0.16,0.14814814814814814,27.0,,,,
p_1550,0.36593669488406333,0.40634920634920635,0.37196626902509256,0.4889856731961995,0.5222810111699,0.5185185185185185,108.0,0.631578947368421,0.5142857142857142,0.8181818181818182,44.0,0.4090909090909091,0.5,0.34615384615384615,26.0,0.4230769230769231,0.6111111111111112,0.3235294117647059,34.0,0.0,0.0,0.0,4.0,,,,
p_1551,0.36479830361317034,0.3388888888888889,0.41025641025641024,0.41940400127637156,0.39814814814814814,0.4537037037037037,108.0,0.0,0.0,0.0,21.0,0.34782608695652173,0.26666666666666666,0.5,16.0,0.5161290322580645,0.5333333333333333,0.5,32.0,0.5952380952380952,0.5555555555555556,0.6410256410256411,39.0,,,,
p_1552,0.270219298245614,0.25308889334134776,0.3223332395159021,0.3048131903833658,0.29247707602078804,0.35185185185185186,108.0,0.3508771929824561,0.43478260869565216,0.29411764705882354,34.0,0.48,0.3870967741935484,0.631578947368421,38.0,0.0,0.0,0.0,25.0,0.25,0.19047619047619047,0.36363636363636365,11.0,,,,
p_1553,0.2962216898954704,0.2956963249516441,0.3038367314683104,0.33257920376822814,0.32061752274518235,0.35185185185185186,108.0,0.4375,0.5,0.3888888888888889,18.0,0.3902439024390244,0.36363636363636365,0.42105263157894735,38.0,0.35714285714285715,0.3191489361702128,0.40540540540540543,37.0,0.0,0.0,0.0,15.0,,,,
p_1554,0.34832386129643356,0.3342628643586236,0.4148351648351648,0.38927173611301774,0.3942263846504613,0.42592592592592593,108.0,0.4444444444444444,0.46153846153846156,0.42857142857142855,14.0,0.5263157894736842,0.5813953488372093,0.4807692307692308,52.0,0.4225352112676056,0.29411764705882354,0.75,20.0,0.0,0.0,0.0,22.0,,,,
p_1555,0.22323864444473177,0.2239932216905901,0.25023674242424243,0.26907557536202115,0.26128573749187783,0.3055555555555556,108.0,0.38202247191011235,0.2982456140350877,0.53125,32.0,0.18181818181818182,0.2727272727272727,0.13636363636363635,22.0,0.3291139240506329,0.325,0.3333333333333333,39.0,0.0,0.0,0.0,15.0,,,,
p_1556,0.32310245310245306,0.3235725887056472,0.3280932030932031,0.36810806477473146,0.3610885529457494,0.37962962962962965,108.0,0.4727272727272727,0.4482758620689655,0.5,26.0,0.4444444444444444,0.4166666666666667,0.47619047619047616,42.0,0.09523809523809523,0.125,0.07692307692307693,13.0,0.28,0.30434782608695654,0.25925925925925924,27.0,,,,
p_1557,0.3000766283524904,0.28665322580645164,0.33664772727272724,0.3359784305378175,0.32533900836320195,0.37037037037037035,108.0,0.4444444444444444,0.45161290322580644,0.4375,32.0,0.0,0.0,0.0,16.0,0.48,0.375,0.6666666666666666,27.0,0.27586206896551724,0.32,0.24242424242424243,33.0,,,,
p_1558,0.34379330679640274,0.5338467349336915,0.36011904761904767,0.38112492560376976,0.5183389911650781,0.42592592592592593,108.0,0.3333333333333333,1.0,0.2,20.0,0.5546218487394958,0.44594594594594594,0.7333333333333333,45.0,0.17142857142857143,0.42857142857142855,0.10714285714285714,28.0,0.3157894736842105,0.2608695652173913,0.4,15.0,,,,
p_1559,0.38123937399189156,0.4465741459627329,0.4148351648351648,0.4697555352117452,0.5229720209339774,0.5277777777777778,108.0,0.2857142857142857,0.7142857142857143,0.17857142857142858,28.0,0.584070796460177,0.4782608695652174,0.75,44.0,0.6551724137931034,0.59375,0.7307692307692307,26.0,0.0,0.0,0.0,10.0,,,,
p_1560,0.278477526439483,0.33752629733520334,0.28986528822055135,0.3714420942681812,0.4101215521271622,0.4074074074074074,108.0,0.3125,0.625,0.20833333333333334,24.0,0.2608695652173913,0.2903225806451613,0.23684210526315788,38.0,0.5405405405405406,0.43478260869565216,0.7142857142857143,42.0,0.0,0.0,0.0,4.0,,,,
p_1561,0.2221212121212121,0.21220355731225296,0.26253918495297807,0.4165432098765432,0.3649355877616747,0.5185185185185185,108.0,0.0,0.0,0.0,14.0,0.18181818181818182,0.2727272727272727,0.13636363636363635,22.0,0.7066666666666667,0.5760869565217391,0.9137931034482759,58.0,0.0,0.0,0.0,14.0,,,,
p_1562,0.25870602265951104,0.31297892720306514,0.29409921863482236,0.3237991121712052,0.36854335178089975,0.39814814814814814,108.0,0.2,0.4166666666666667,0.13157894736842105,38.0,0.3076923076923077,0.4444444444444444,0.23529411764705882,17.0,0.5271317829457365,0.39080459770114945,0.8095238095238095,42.0,0.0,0.0,0.0,11.0,,,,
p_1563,0.33596491228070174,0.38758553274682306,0.34869660025770643,0.48414554905782975,0.4569349408059085,0.5740740740740741,108.0,0.4666666666666667,0.6363636363636364,0.3684210526315789,19.0,0.0,0.0,0.0,21.0,0.7105263157894737,0.5806451612903226,0.9152542372881356,59.0,0.16666666666666666,0.3333333333333333,0.1111111111111111,9.0,,,,
p_1564,0.5170747788619146,0.5397640584132519,0.5031751085699918,0.4913159492538267,0.49594907407407407,0.49074074074074076,108.0,0.5901639344262295,0.5625,0.6206896551724138,29.0,0.4594594594594595,0.4594594594594595,0.4594594594594595,37.0,0.3870967741935484,0.3870967741935484,0.3870967741935484,31.0,0.631578947368421,0.75,0.5454545454545454,11.0,,,,
p_1565,0.2341997264021888,0.20151898734177215,0.2795321637426901,0.45006839945280436,0.38734177215189874,0.5370370370370371,108.0,0.7058823529411765,0.6075949367088608,0.8421052631578947,57.0,0.0,0.0,0.0,18.0,0.46511627906976744,0.4,0.5555555555555556,18.0,0.0,0.0,0.0,14.0,0.0,0.0,0.0,1.0
p_1566,0.36340801633354824,0.4731334841628959,0.3621299871299871,0.42797906169655575,0.45766297972180325,0.46296296296296297,108.0,0.5319148936170213,0.4807692307692308,0.5952380952380952,42.0,0.4444444444444444,1.0,0.2857142857142857,14.0,0.4772727272727273,0.4117647058823529,0.5675675675675675,37.0,0.0,0.0,0.0,15.0,,,,
p_1567,0.3147702104097453,0.30152691511387164,0.3344949494949495,0.38917343423157374,0.3629658385093168,0.42592592592592593,108.0,0.5904761904761905,0.5166666666666667,0.6888888888888889,45.0,0.0,0.0,0.0,16.0,0.4186046511627907,0.42857142857142855,0.4090909090909091,22.0,0.25,0.2608695652173913,0.24,25.0,,,,
p_1568,0.38097582273442104,0.39248310810810816,0.40470577809287483,0.3841197203732354,0.39801363863863864,0.4074074074074074,108.0,0.47761194029850745,0.43243243243243246,0.5333333333333333,30.0,0.2702702702702703,0.3125,0.23809523809523808,21.0,0.5151515151515151,0.425,0.6538461538461539,26.0,0.2608695652173913,0.4,0.1935483870967742,31.0,,,,
p_1569,0.27669315380936615,0.3096532091097308,0.2903795498084291,0.3306479676159255,0.3613747028602101,0.35185185185185186,108.0,0.32941176470588235,0.2857142857142857,0.3888888888888889,36.0,0.0,0.0,0.0,11.0,0.4358974358974359,0.3695652173913043,0.53125,32.0,0.34146341463414637,0.5833333333333334,0.2413793103448276,29.0,,,,
p_1570,0.36326928432191585,0.3352364185110664,0.39792152292152294,0.4697417411842363,0.4240927043743945,0.5277777777777778,108.0,0.7142857142857143,0.6338028169014085,0.8181818181818182,55.0,0.3684210526315789,0.35,0.3888888888888889,18.0,0.37037037037037035,0.35714285714285715,0.38461538461538464,13.0,0.0,0.0,0.0,22.0,,,,
p_1571,0.21453378082591568,0.2142584745762712,0.24935897435897436,0.26218039139387456,0.2693149717514124,0.2962962962962963,108.0,0.2857142857142857,0.375,0.23076923076923078,39.0,0.0,0.0,0.0,9.0,0.42696629213483145,0.3220338983050847,0.6333333333333333,30.0,0.14545454545454545,0.16,0.13333333333333333,30.0,,,,
p_1572,0.18263473053892215,0.14805825242718446,0.23828125,0.43291195387003767,0.350952894642215,0.5648148148148148,108.0,0.7305389221556886,0.5922330097087378,0.953125,64.0,0.0,0.0,0.0,11.0,0.0,0.0,0.0,17.0,0.0,0.0,0.0,16.0,,,,
p_1573,0.25138248847926264,0.24347728295096716,0.2977633779264214,0.31187916026625695,0.2859415871111778,0.3888888888888889,108.0,0.5483870967741935,0.4358974358974359,0.7391304347826086,46.0,0.0,0.0,0.0,20.0,0.34285714285714286,0.3157894736842105,0.375,16.0,0.11428571428571428,0.2222222222222222,0.07692307692307693,26.0,,,,
p_1574,0.3696207266417074,0.406283422459893,0.3670551088092317,0.4304069931913713,0.44260744701921173,0.4537037037037037,108.0,0.5405405405405406,0.45454545454545453,0.6666666666666666,45.0,0.34782608695652173,0.47058823529411764,0.27586206896551724,29.0,0.46511627906976744,0.5,0.43478260869565216,23.0,0.125,0.2,0.09090909090909091,11.0,,,,
p_1575,0.48032166087498884,0.5469994058229353,0.47185592185592184,0.4891319413505994,0.5312108008186439,0.5,108.0,0.5555555555555556,0.5555555555555556,0.5555555555555556,27.0,0.4186046511627907,0.5294117647058824,0.34615384615384615,26.0,0.41379310344827586,0.6666666666666666,0.3,20.0,0.5333333333333333,0.43636363636363634,0.6857142857142857,35.0,,,,
p_1576,0.2312474098632408,0.18822234452394054,0.3,0.35306441957913154,0.2854216351739742,0.46296296296296297,108.0,0.6299212598425197,0.5063291139240507,0.8333333333333334,48.0,0.0,0.0,0.0,20.0,0.0,0.0,0.0,24.0,0.5263157894736842,0.43478260869565216,0.6666666666666666,15.0,0.0,0.0,0.0,1.0
p_1577,0.29581939799331103,0.2958688699360341,0.30760135135135136,0.3992629753499319,0.3917959804153834,0.42592592592592593,108.0,0.5217391304347826,0.44776119402985076,0.625,48.0,0.2,0.2,0.2,5.0,0.0,0.0,0.0,18.0,0.46153846153846156,0.5357142857142857,0.40540540540540543,37.0,,,,
p_1578,0.41281552515941455,0.5089285714285714,0.40004859624517114,0.47991609245615263,0.5102513227513228,0.5092592592592593,108.0,0.5964912280701754,0.5,0.7391304347826086,46.0,0.2962962962962963,0.5,0.21052631578947367,19.0,0.25,0.5,0.16666666666666666,12.0,0.5084745762711864,0.5357142857142857,0.4838709677419355,31.0,,,,
p_1579,0.2582825512145699,0.2783514299907742,0.269714650674403,0.36654155329125054,0.3673669100581669,0.39814814814814814,108.0,0.5142857142857142,0.4426229508196721,0.6136363636363636,44.0,0.09523809523809523,0.25,0.058823529411764705,17.0,0.34146341463414637,0.3181818181818182,0.3684210526315789,19.0,0.3404255319148936,0.38095238095238093,0.3076923076923077,26.0,0.0,0.0,0.0,2.0
p_1580,0.2903398692810457,0.2694030197444831,0.318974358974359,0.40261074800290486,0.37174990321331786,0.4444444444444444,108.0,0.47058823529411764,0.48,0.46153846153846156,26.0,0.4533333333333333,0.4146341463414634,0.5,34.0,0.5277777777777778,0.4523809523809524,0.6333333333333333,30.0,0.0,0.0,0.0,17.0,0.0,0.0,0.0,1.0
p_1581,0.34005005005005,0.3430816135084428,0.35462821492233254,0.3466455344233122,0.34496299770690014,0.3611111111111111,108.0,0.2962962962962963,0.3076923076923077,0.2857142857142857,42.0,0.4444444444444444,0.4,0.5,16.0,0.4594594594594595,0.4146341463414634,0.5151515151515151,33.0,0.16,0.25,0.11764705882352941,17.0,,,,
p_1582,0.2536692759295499,0.2226190476190476,0.30357142857142855,0.3872399797057331,0.3228395061728395,0.49074074074074076,108.0,0.6575342465753424,0.5333333333333333,0.8571428571428571,56.0,0.0,0.0,0.0,24.0,0.0,0.0,0.0,14.0,0.35714285714285715,0.35714285714285715,0.35714285714285715,14.0,,,,
p_1583,0.3113356983747215,0.3804097951024488,0.30039525691699603,0.3434464825356666,0.3547467007237123,0.37037037037037035,108.0,0.45217391304347826,0.37681159420289856,0.5652173913043478,46.0,0.47058823529411764,0.8,0.3333333333333333,12.0,0.3225806451612903,0.3448275862068966,0.30303030303030304,33.0,0.0,0.0,0.0,17.0,,,,
p_1584,0.14726027397260275,0.10858585858585859,0.22872340425531915,0.25634195839675294,0.1890198279087168,0.39814814814814814,108.0,0.589041095890411,0.43434343434343436,0.9148936170212766,47.0,0.0,0.0,0.0,22.0,0.0,0.0,0.0,22.0,0.0,0.0,0.0,17.0,,,,
p_1585,0.28015282131661445,0.27808747855917665,0.30460174500422177,0.3520274584929758,0.3383997204751922,0.3888888888888889,108.0,0.41379310344827586,0.33962264150943394,0.5294117647058824,34.0,0.18181818181818182,0.2727272727272727,0.13636363636363635,22.0,0.0,0.0,0.0,14.0,0.525,0.5,0.5526315789473685,38.0,,,,
p_1586,0.329923273657289,0.38529589371980677,0.34427460837035306,0.4150326797385621,0.4326165235283593,0.46296296296296297,108.0,0.5882352941176471,0.4861111111111111,0.7446808510638298,47.0,0.17391304347826086,0.2,0.15384615384615385,13.0,0.08695652173913043,0.3333333333333333,0.05,20.0,0.47058823529411764,0.5217391304347826,0.42857142857142855,28.0,,,,
p_1587,0.3258991149024791,0.31387810416819284,0.3626960784313726,0.3730616705455506,0.338881020790771,0.4351851851851852,108.0,0.6016260162601627,0.5068493150684932,0.74,50.0,0.35714285714285715,0.45454545454545453,0.29411764705882354,17.0,0.0,0.0,0.0,29.0,0.3448275862068966,0.29411764705882354,0.4166666666666667,12.0,,,,
p_1588,0.3658771835816097,0.3726377597109304,0.3697244623655914,0.40636944950523346,0.4224483923851584,0.39814814814814814,108.0,0.2857142857142857,0.32,0.25806451612903225,31.0,0.23255813953488372,0.18518518518518517,0.3125,16.0,0.5581395348837209,0.5853658536585366,0.5333333333333333,45.0,0.3870967741935484,0.4,0.375,16.0,,,,
p_1589,0.3270099471287926,0.3687966417910448,0.3589320625610948,0.35688834467366815,0.39671952736318405,0.4074074074074074,108.0,0.5585585585585585,0.4626865671641791,0.7045454545454546,44.0,0.3225806451612903,0.3125,0.3333333333333333,15.0,0.1111111111111111,0.4,0.06451612903225806,31.0,0.3157894736842105,0.3,0.3333333333333333,18.0,,,,
p_1590,0.35800754841134297,0.38475063938618925,0.38845551378446114,0.37902624166160553,0.40067609169271573,0.4074074074074074,108.0,0.42105263157894735,0.34782608695652173,0.5333333333333333,30.0,0.4067796610169492,0.5,0.34285714285714286,35.0,0.5172413793103449,0.4411764705882353,0.625,24.0,0.08695652173913043,0.25,0.05263157894736842,19.0,,,,
p_1591,0.2911642779087106,0.3125281151596941,0.2952741702741703,0.31155059946152214,0.318438546508722,0.32407407407407407,108.0,0.40540540540540543,0.38461538461538464,0.42857142857142855,35.0,0.28205128205128205,0.24444444444444444,0.3333333333333333,33.0,0.3902439024390244,0.42105263157894735,0.36363636363636365,22.0,0.08695652173913043,0.2,0.05555555555555555,18.0,,,,
p_1592,0.2857600269632625,0.28928571428571426,0.3090384615384615,0.4258759939582319,0.3968253968253968,0.49074074074074076,108.0,0.6821705426356589,0.5714285714285714,0.8461538461538461,52.0,0.0,0.0,0.0,11.0,0.2608695652173913,0.2857142857142857,0.24,25.0,0.2,0.3,0.15,20.0,,,,
p_1593,0.3122650359367175,0.29700240691620006,0.3344844844844845,0.36725985173899856,0.34588982218292563,0.39814814814814814,108.0,0.4067796610169492,0.41379310344827586,0.4,30.0,0.0,0.0,0.0,14.0,0.47191011235955055,0.40384615384615385,0.5675675675675675,37.0,0.37037037037037035,0.37037037037037035,0.37037037037037035,27.0,,,,
p_1594,0.3457446808510638,0.32930756843800324,0.3654891304347826,0.42584712371946415,0.40245720761018666,0.4537037037037037,108.0,0.6,0.5555555555555556,0.6521739130434783,46.0,0.0,0.0,0.0,15.0,0.3829787234042553,0.391304347826087,0.375,24.0,0.4,0.37037037037037035,0.43478260869565216,23.0,,,,
p_1595,0.44797913950456325,0.44791666666666663,0.4630912565695174,0.571986414924268,0.5513117283950617,0.6111111111111112,108.0,0.7457627118644068,0.6666666666666666,0.8461538461538461,52.0,0.0,0.0,0.0,12.0,0.5333333333333333,0.5,0.5714285714285714,21.0,0.5128205128205128,0.625,0.43478260869565216,23.0,,,,
p_1596,0.3764624629001484,0.376883830455259,0.3916189931350115,0.4777627857081164,0.484699691842549,0.49074074074074076,108.0,0.46875,0.5769230769230769,0.39473684210526316,38.0,0.0,0.0,0.0,7.0,0.5842696629213483,0.5306122448979592,0.65,40.0,0.4528301886792453,0.4,0.5217391304347826,23.0,,,,
p_1597,0.43263093107583905,0.43712590299277604,0.44128466327108085,0.456812054978446,0.4655897641707756,0.46296296296296297,108.0,0.47058823529411764,0.5333333333333333,0.42105263157894735,38.0,0.5753424657534246,0.5,0.6774193548387096,31.0,0.37209302325581395,0.42105263157894735,0.3333333333333333,24.0,0.3125,0.29411764705882354,0.3333333333333333,15.0,,,,
p_1598,0.35563028520775,0.4449390567037626,0.34219771241830066,0.3985590135824878,0.437780918173075,0.4074074074074074,108.0,0.4175824175824176,0.37254901960784315,0.475,40.0,0.38095238095238093,0.8,0.25,16.0,0.06060606060606061,0.06666666666666667,0.05555555555555555,18.0,0.5633802816901409,0.5405405405405406,0.5882352941176471,34.0,,,,
p_1599,0.3145727188513201,0.34270833333333334,0.3342649903288201,0.4082104626627554,0.405054012345679,0.4722222222222222,108.0,0.6141732283464567,0.4875,0.8297872340425532,47.0,0.29411764705882354,0.4166666666666667,0.22727272727272727,22.0,0.0,0.0,0.0,14.0,0.35,0.4666666666666667,0.28,25.0,,,,
p_1600,0.305623973727422,0.3990740740740741,0.330274797666102,0.3563446451377486,0.42191358024691356,0.39814814814814814,108.0,0.4367816091954023,0.35185185185185186,0.5757575757575758,33.0,0.0,0.0,0.0,17.0,0.5,0.4444444444444444,0.5714285714285714,35.0,0.2857142857142857,0.8,0.17391304347826086,23.0,,,,
p_1601,0.3058041958041958,0.32464494569757724,0.3205966869506423,0.35263834930501603,0.34926668523159743,0.3888888888888889,108.0,0.24,0.2857142857142857,0.20689655172413793,29.0,0.358974358974359,0.3684210526315789,0.35,20.0,0.5333333333333333,0.4444444444444444,0.6666666666666666,42.0,0.09090909090909091,0.2,0.058823529411764705,17.0,,,,
p_1602,0.29754669244447624,0.3136233660130719,0.304401776384535,0.30031410738367165,0.32613925199709515,0.2962962962962963,108.0,0.5283018867924528,0.5833333333333334,0.4827586206896552,29.0,0.19607843137254902,0.2777777777777778,0.15151515151515152,33.0,0.24,0.1875,0.3333333333333333,18.0,0.22580645161290322,0.20588235294117646,0.25,28.0,,,,
p_1603,0.3581669226830517,0.45621633374480974,0.37835628497767715,0.38981434071039806,0.49070554183967374,0.4166666666666667,108.0,0.35555555555555557,0.5714285714285714,0.25806451612903225,31.0,0.25806451612903225,0.21052631578947367,0.3333333333333333,12.0,0.2857142857142857,0.625,0.18518518518518517,27.0,0.5333333333333333,0.417910447761194,0.7368421052631579,38.0,,,,
p_1604,0.2729174051754697,0.29546633468202094,0.3053231292517007,0.40193390838552134,0.3916477427733782,0.48148148148148145,108.0,0.12903225806451613,0.2857142857142857,0.08333333333333333,24.0,0.0,0.0,0.0,10.0,0.676923076923077,0.5432098765432098,0.8979591836734694,49.0,0.2857142857142857,0.35294117647058826,0.24,25.0,,,,
p_1605,0.37962662337662334,0.36902680652680653,0.4065656565656566,0.4593915343915344,0.4641716308382975,0.4722222222222222,108.0,0.4935064935064935,0.5757575757575758,0.4318181818181818,44.0,0.5,0.4230769230769231,0.6111111111111112,18.0,0.525,0.4772727272727273,0.5833333333333334,36.0,0.0,0.0,0.0,10.0,,,,
p_1606,0.27337160930020515,0.28052738336714,0.3301662966348875,0.3109721800099621,0.31810532642175643,0.37962962962962965,108.0,0.5233644859813084,0.4117647058823529,0.717948717948718,39.0,0.0,0.0,0.0,19.0,0.375,0.3103448275862069,0.47368421052631576,19.0,0.1951219512195122,0.4,0.12903225806451613,31.0,,,,
p_1607,0.4675385360861771,0.48502708001063266,0.4878691191191191,0.47749812344323594,0.4985710848740819,0.49074074074074076,108.0,0.5507246376811594,0.59375,0.5135135135135135,37.0,0.5230769230769231,0.4473684210526316,0.6296296296296297,27.0,0.2857142857142857,0.45454545454545453,0.20833333333333334,24.0,0.5106382978723404,0.4444444444444444,0.6,20.0,,,,
p_1608,0.2984641291408995,0.30120192307692306,0.30796751720664767,0.3212468049735419,0.314494301994302,0.3425925925925926,108.0,0.16666666666666666,0.2,0.14285714285714285,28.0,0.5168539325842697,0.4423076923076923,0.6216216216216216,37.0,0.2777777777777778,0.3125,0.25,20.0,0.23255813953488372,0.25,0.21739130434782608,23.0,,,,
p_1609,0.28750000000000003,0.2840815364675386,0.3172735951991271,0.3799242424242425,0.3864876128632461,0.39814814814814814,108.0,0.5681818181818182,0.6097560975609756,0.5319148936170213,47.0,0.4,0.30434782608695654,0.5833333333333334,24.0,0.18181818181818182,0.2222222222222222,0.15384615384615385,26.0,0.0,0.0,0.0,11.0,,,,
p_1610,0.25743109349666726,0.284080615942029,0.26739196591600733,0.40011809683940835,0.3984962090713902,0.4351851851851852,108.0,0.5901639344262295,0.5217391304347826,0.6792452830188679,53.0,0.0,0.0,0.0,4.0,0.2857142857142857,0.28125,0.2903225806451613,31.0,0.15384615384615385,0.3333333333333333,0.1,20.0,,,,
p_1611,0.3935380116959064,0.5495300751879699,0.3940328763084181,0.4513168724279835,0.558862433862434,0.4722222222222222,108.0,0.32,1.0,0.19047619047619047,21.0,0.16,0.2,0.13333333333333333,15.0,0.6052631578947368,0.6052631578947368,0.6052631578947368,38.0,0.4888888888888889,0.39285714285714285,0.6470588235294118,34.0,,,,
p_1612,0.3608429858429858,0.41660135841170326,0.3804255780062232,0.37019519519519517,0.4336371376601261,0.37962962962962965,108.0,0.32432432432432434,0.6666666666666666,0.21428571428571427,28.0,0.34285714285714286,0.2727272727272727,0.46153846153846156,13.0,0.3,0.3103448275862069,0.2903225806451613,31.0,0.47619047619047616,0.4166666666666667,0.5555555555555556,36.0,,,,
p_1613,0.36033314511575376,0.3800453514739229,0.4157668881506091,0.4453154735763431,0.4805408583186361,0.48148148148148145,108.0,0.34782608695652173,0.5714285714285714,0.25,32.0,0.0,0.0,0.0,12.0,0.45714285714285713,0.32653061224489793,0.7619047619047619,21.0,0.6363636363636364,0.6222222222222222,0.6511627906976745,43.0,,,,
p_1614,0.3011470985155196,0.3349624060150376,0.3204545454545455,0.38382566101864346,0.41306739069896964,0.42592592592592593,108.0,0.5789473684210527,0.4714285714285714,0.75,44.0,0.358974358974359,0.3684210526315789,0.35,20.0,0.26666666666666666,0.5,0.18181818181818182,33.0,0.0,0.0,0.0,11.0,,,,
p_1615,0.3212349791013584,0.3262432012432013,0.36869959677419356,0.3619939819652463,0.3679818124262568,0.4166666666666667,108.0,0.4375,0.3888888888888889,0.5,28.0,0.5747126436781609,0.45454545454545453,0.78125,32.0,0.2727272727272727,0.46153846153846156,0.1935483870967742,31.0,0.0,0.0,0.0,17.0,,,,
p_1616,0.23575875029363402,0.26356923667050247,0.2684848484848485,0.3416594889463106,0.32114392873886544,0.4166666666666667,108.0,0.6046511627906976,0.4936708860759494,0.78,50.0,0.1111111111111111,0.3333333333333333,0.06666666666666667,15.0,0.22727272727272727,0.22727272727272727,0.22727272727272727,22.0,0.0,0.0,0.0,21.0,,,,
p_1617,0.24660014326968277,0.2518336964415396,0.27849206349206346,0.3756552017756154,0.3482214422120014,0.4537037037037037,108.0,0.13636363636363635,0.17647058823529413,0.1111111111111111,27.0,0.0,0.0,0.0,10.0,0.6564885496183206,0.5308641975308642,0.86,50.0,0.1935483870967742,0.3,0.14285714285714285,21.0,,,,
p_1618,0.36484433476363043,0.3430059523809524,0.3977534333571485,0.47063732622548965,0.4591600529100529,0.49074074074074076,108.0,0.3448275862068966,0.3125,0.38461538461538464,26.0,0.6464646464646465,0.6666666666666666,0.6274509803921569,51.0,0.0,0.0,0.0,12.0,0.46808510638297873,0.39285714285714285,0.5789473684210527,19.0,,,,
p_1619,0.2740551115551116,0.29065205627705626,0.3115877930119416,0.3594125010791678,0.36640712682379345,0.4166666666666667,108.0,0.5576923076923077,0.4393939393939394,0.7631578947368421,38.0,0.0,0.0,0.0,8.0,0.11428571428571428,0.2857142857142857,0.07142857142857142,28.0,0.42424242424242425,0.4375,0.4117647058823529,34.0,,,,
p_1620,0.19104377104377104,0.18235294117647058,0.2273620559334845,0.36857151764559176,0.32979302832244006,0.46296296296296297,108.0,0.3181818181818182,0.4117647058823529,0.25925925925925924,27.0,0.0,0.0,0.0,15.0,0.0,0.0,0.0,16.0,0.6370370370370371,0.5,0.8775510204081632,49.0,0.0,0.0,0.0,1.0
p_1621,0.38273573890012247,0.39609375,0.40694175800558774,0.49050314803739464,0.45199652777777777,0.5555555555555556,108.0,0.0,0.0,0.0,19.0,0.3076923076923077,0.5,0.2222222222222222,9.0,0.7027027027027027,0.609375,0.8297872340425532,47.0,0.5205479452054794,0.475,0.5757575757575758,33.0,,,,
p_1622,0.19167506841423015,0.16782911944202267,0.22360446570972886,0.40797552557598643,0.35925037941166976,0.4722222222222222,108.0,0.0,0.0,0.0,13.0,0.0,0.0,0.0,15.0,0.6564885496183206,0.581081081081081,0.7543859649122807,57.0,0.3018867924528302,0.25806451612903225,0.36363636363636365,22.0,0.0,0.0,0.0,1.0
p_1623,0.3356023531041954,0.36508450320294394,0.3444271911663216,0.34202386509354493,0.3709363752467201,0.35185185185185186,108.0,0.21739130434782608,0.21739130434782608,0.21739130434782608,23.0,0.3728813559322034,0.3793103448275862,0.36666666666666664,30.0,0.4444444444444444,0.36363636363636365,0.5714285714285714,28.0,0.3076923076923077,0.5,0.2222222222222222,27.0,,,,
p_1624,0.44279054279054275,0.44427083333333334,0.44299513417160474,0.4518555518555519,0.4515367798353909,0.4537037037037037,108.0,0.4935064935064935,0.475,0.5135135135135135,37.0,0.45714285714285713,0.4444444444444444,0.47058823529411764,17.0,0.358974358974359,0.3888888888888889,0.3333333333333333,21.0,0.46153846153846156,0.46875,0.45454545454545453,33.0,,,,
p_1625,0.3158364466583644,0.2858510296010296,0.3651960784313726,0.39990314099903135,0.36109502359502355,0.46296296296296297,108.0,0.6027397260273972,0.5945945945945946,0.6111111111111112,36.0,0.0,0.0,0.0,20.0,0.06060606060606061,0.06666666666666667,0.05555555555555555,18.0,0.6,0.48214285714285715,0.7941176470588235,34.0,,,,
p_1626,0.390643838919701,0.3879247351114358,0.402303076402975,0.3766801525422215,0.3808001461454147,0.37962962962962965,108.0,0.36363636363636365,0.35294117647058826,0.375,32.0,0.4230769230769231,0.4782608695652174,0.3793103448275862,29.0,0.27586206896551724,0.2857142857142857,0.26666666666666666,30.0,0.5,0.43478260869565216,0.5882352941176471,17.0,,,,
p_1627,0.28665478665478666,0.29000000000000004,0.3345874283374284,0.3195833195833196,0.30419753086419754,0.39814814814814814,108.0,0.5714285714285714,0.4266666666666667,0.8648648648648649,37.0,0.21621621621621623,0.26666666666666666,0.18181818181818182,22.0,0.0,0.0,0.0,25.0,0.358974358974359,0.4666666666666667,0.2916666666666667,24.0,,,,
p_1628,0.3475609756097561,0.35323523236282195,0.3534296760103212,0.3810814298619177,0.3747733788519763,0.39814814814814814,108.0,0.5714285714285714,0.5106382978723404,0.6486486486486487,37.0,0.14285714285714285,0.2,0.1111111111111111,18.0,0.3902439024390244,0.42105263157894735,0.36363636363636365,22.0,0.2857142857142857,0.28125,0.2903225806451613,31.0,,,,
p_1629,0.3191879424162889,0.3355807648401826,0.3616747181964573,0.46256219235221857,0.4341823630136986,0.5370370370370371,108.0,0.0,0.0,0.0,16.0,0.1111111111111111,0.3333333333333333,0.06666666666666667,15.0,0.4727272727272727,0.40625,0.5652173913043478,23.0,0.6929133858267716,0.6027397260273972,0.8148148148148148,54.0,,,,
p_1630,0.3361506218649076,0.33042237442922373,0.39284345922276953,0.3631082810976991,0.3453006088280061,0.4444444444444444,108.0,0.4489795918367347,0.55,0.3793103448275862,29.0,0.5925925925925926,0.4383561643835616,0.9142857142857143,35.0,0.30303030303030304,0.3333333333333333,0.2777777777777778,18.0,0.0,0.0,0.0,26.0,,,,
p_1631,0.3273189842738715,0.34077682186234814,0.3312252964426878,0.4477617782755627,0.46280130079472176,0.4537037037037037,108.0,0.6122448979591837,0.5769230769230769,0.6521739130434783,46.0,0.0,0.0,0.0,4.0,0.3508771929824561,0.3125,0.4,25.0,0.34615384615384615,0.47368421052631576,0.2727272727272727,33.0,,,,
p_1632,0.3518579278461277,0.40124198717948717,0.36857192120350013,0.39170219482062685,0.4402525522317189,0.42592592592592593,108.0,0.17142857142857143,0.1875,0.15789473684210525,19.0,0.594059405940594,0.46875,0.8108108108108109,37.0,0.34782608695652173,0.6153846153846154,0.24242424242424243,33.0,0.29411764705882354,0.3333333333333333,0.2631578947368421,19.0,,,,
p_1633,0.3171320686165105,0.3532608695652174,0.3334551656920078,0.38715646329120496,0.38919082125603865,0.4351851851851852,108.0,0.1935483870967742,0.25,0.15789473684210525,19.0,0.4,0.43478260869565216,0.37037037037037035,27.0,0.584070796460177,0.4782608695652174,0.75,44.0,0.09090909090909091,0.25,0.05555555555555555,18.0,,,,
p_1634,0.46163262025330987,0.4821570972886763,0.4699214082176671,0.49241201540052115,0.5090192864315671,0.5,108.0,0.4727272727272727,0.3939393939393939,0.5909090909090909,22.0,0.41025641025641024,0.42105263157894735,0.4,20.0,0.34285714285714286,0.5,0.2608695652173913,23.0,0.6206896551724138,0.6136363636363636,0.627906976744186,43.0,,,,
p_1635,0.4424493517235453,0.4773066565189392,0.4467770199867387,0.46035935888086427,0.4918322177338043,0.46296296296296297,108.0,0.4642857142857143,0.4482758620689655,0.48148148148148145,27.0,0.6153846153846154,0.6451612903225806,0.5882352941176471,34.0,0.3870967741935484,0.3157894736842105,0.5,24.0,0.30303030303030304,0.5,0.21739130434782608,23.0,,,,
p_1636,0.34148966929232305,0.46539802789802787,0.395940170940171,0.38524040732405324,0.5201752979530757,0.4351851851851852,108.0,0.6021505376344086,0.5185185185185185,0.717948717948718,39.0,0.125,0.3333333333333333,0.07692307692307693,13.0,0.23255813953488372,0.7142857142857143,0.1388888888888889,36.0,0.40625,0.29545454545454547,0.65,20.0,,,,
p_1637,0.2957134109001837,0.2724242424242424,0.3506578947368421,0.42713932548592687,0.3918069584736251,0.5092592592592593,108.0,0.5915492957746479,0.6363636363636364,0.5526315789473685,38.0,0.0,0.0,0.0,11.0,0.0,0.0,0.0,19.0,0.591304347826087,0.4533333333333333,0.85,40.0,,,,
p_1638,0.45038277848012365,0.5500841750841752,0.4694387249294593,0.44077507764823404,0.46731200897867564,0.49074074074074076,108.0,0.6222222222222222,0.5185185185185185,0.7777777777777778,18.0,0.5,1.0,0.3333333333333333,12.0,0.09523809523809523,0.18181818181818182,0.06451612903225806,31.0,0.584070796460177,0.5,0.7021276595744681,47.0,,,,
p_1639,0.40854700854700854,0.4166666666666667,0.42037129537129536,0.42962962962962964,0.4345619658119658,0.4444444444444444,108.0,0.2564102564102564,0.38461538461538464,0.19230769230769232,26.0,0.6666666666666666,0.6153846153846154,0.7272727272727273,33.0,0.3111111111111111,0.2916666666666667,0.3333333333333333,21.0,0.4,0.375,0.42857142857142855,28.0,,,,
p_1640,0.361139877996879,0.5104617604617605,0.3658806471306471,0.4991706204715142,0.5371305649083427,0.5555555555555556,108.0,0.4528301886792453,0.4444444444444444,0.46153846153846156,26.0,0.2,0.5,0.125,8.0,0.6917293233082706,0.5974025974025974,0.8214285714285714,56.0,0.1,0.5,0.05555555555555555,18.0,,,,
p_1641,0.4029238618524333,0.610792349726776,0.43916540975364504,0.4177234141519856,0.5687816231532078,0.46296296296296297,108.0,0.5357142857142857,0.5,0.5769230769230769,26.0,0.5494505494505495,0.4098360655737705,0.8333333333333334,30.0,0.2,1.0,0.1111111111111111,18.0,0.32653061224489793,0.5333333333333333,0.23529411764705882,34.0,,,,
p_1642,0.33405232731390433,0.4413028413028413,0.3281385281385282,0.45418382325349366,0.5000737917404584,0.5,108.0,0.3829787234042553,0.34615384615384615,0.42857142857142855,21.0,0.5882352941176471,1.0,0.4166666666666667,12.0,0.6190476190476191,0.527027027027027,0.75,52.0,0.08,0.3333333333333333,0.045454545454545456,22.0,0.0,0.0,0.0,1.0
p_1643,0.3511102235240166,0.39259367681498825,0.3890207219251337,0.37127872261971884,0.41775847861913434,0.4166666666666667,108.0,0.5714285714285714,0.4918032786885246,0.6818181818181818,44.0,0.41379310344827586,0.42857142857142855,0.4,15.0,0.10810810810810811,0.4,0.0625,32.0,0.3111111111111111,0.25,0.4117647058823529,17.0,,,,
p_1644,0.3588812091435233,0.3618871643261887,0.3897710020242915,0.428183200479907,0.407223545299426,0.48148148148148145,108.0,0.574468085106383,0.4909090909090909,0.6923076923076923,39.0,0.0,0.0,0.0,18.0,0.5753424657534246,0.5121951219512195,0.65625,32.0,0.2857142857142857,0.4444444444444444,0.21052631578947367,19.0,,,,
p_1645,0.26943866943866945,0.29687334393216747,0.30046183696335366,0.4876029876029876,0.4947349310094408,0.5555555555555556,108.0,0.6486486486486487,0.5294117647058824,0.8372093023255814,43.0,0.0,0.0,0.0,4.0,0.07692307692307693,0.3333333333333333,0.043478260869565216,23.0,0.6216216216216216,0.6216216216216216,0.6216216216216216,37.0,0.0,0.0,0.0,1.0
p_1646,0.39227616928725356,0.39172914850334206,0.3985736204296042,0.4000247666155261,0.3987986911642825,0.4074074074074074,108.0,0.3582089552238806,0.3870967741935484,0.3333333333333333,36.0,0.3125,0.3333333333333333,0.29411764705882354,17.0,0.35294117647058826,0.36,0.34615384615384615,26.0,0.5454545454545454,0.4864864864864865,0.6206896551724138,29.0,,,,
p_1647,0.27535899535899533,0.32173160173160176,0.29439153439153437,0.34465778910223355,0.3775853775853776,0.3888888888888889,108.0,0.10810810810810811,0.2857142857142857,0.06666666666666667,30.0,0.36363636363636365,0.5714285714285714,0.26666666666666666,15.0,0.3939393939393939,0.3333333333333333,0.48148148148148145,27.0,0.5111111111111111,0.41818181818181815,0.6571428571428571,35.0,0.0,0.0,0.0,1.0
p_1648,0.3335148874364561,0.32899394668837834,0.35403796653796654,0.43726969525807574,0.4201646600404079,0.4722222222222222,108.0,0.5555555555555556,0.4716981132075472,0.6756756756756757,37.0,0.0,0.0,0.0,10.0,0.23529411764705882,0.3076923076923077,0.19047619047619047,21.0,0.5432098765432098,0.5365853658536586,0.55,40.0,,,,
p_1649,0.37312113174182143,0.4112418300653595,0.3782407407407407,0.4614033795068278,0.4617138707334786,0.5,108.0,0.5384615384615384,0.56,0.5185185185185185,27.0,0.16666666666666666,0.3333333333333333,0.1111111111111111,18.0,0.6206896551724138,0.5294117647058824,0.75,48.0,0.16666666666666666,0.2222222222222222,0.13333333333333333,15.0,,,,
p_1650,0.41819291819291815,0.4226342710997443,0.4419642857142857,0.4775290553068331,0.47693473524675567,0.5092592592592593,108.0,0.4888888888888889,0.6470588235294118,0.39285714285714285,28.0,0.6410256410256411,0.5434782608695652,0.78125,32.0,0.5428571428571428,0.5,0.59375,32.0,0.0,0.0,0.0,16.0,,,,
p_1651,0.29520957558471556,0.3196428571428571,0.3102416440831075,0.35015978745500537,0.35205026455026456,0.3888888888888889,108.0,0.14814814814814814,0.2857142857142857,0.1,20.0,0.2978723404255319,0.35,0.25925925925925924,27.0,0.15789473684210525,0.16666666666666666,0.15,20.0,0.5769230769230769,0.47619047619047616,0.7317073170731707,41.0,,,,
p_1652,0.3162698663108835,0.35249869178440607,0.34277950310559,0.367772028354473,0.3918735585402252,0.39814814814814814,108.0,0.21739130434782608,0.19230769230769232,0.25,20.0,0.37735849056603776,0.3333333333333333,0.43478260869565216,23.0,0.07692307692307693,0.3333333333333333,0.043478260869565216,23.0,0.5934065934065934,0.5510204081632653,0.6428571428571429,42.0,,,,
p_1653,0.3276838235294118,0.3611633249791144,0.3549025135071647,0.3771909041394335,0.37721425477273435,0.4444444444444444,108.0,0.5882352941176471,0.4605263157894737,0.813953488372093,43.0,0.0625,0.14285714285714285,0.04,25.0,0.16,0.2857142857142857,0.1111111111111111,18.0,0.5,0.5555555555555556,0.45454545454545453,22.0,,,,
p_1654,0.47204184704184704,0.6055555555555556,0.4610305844825968,0.5183181016514349,0.5810699588477366,0.5555555555555556,108.0,0.6349206349206349,0.5333333333333333,0.7843137254901961,51.0,0.5714285714285714,0.6666666666666666,0.5,16.0,0.18181818181818182,0.6666666666666666,0.10526315789473684,19.0,0.5,0.5555555555555556,0.45454545454545453,22.0,,,,
p_1655,0.33010426392779335,0.36015325670498083,0.35086119554204664,0.48340509043123425,0.48538385128423445,0.5370370370370371,108.0,0.5,0.5517241379310345,0.45714285714285713,35.0,0.0,0.0,0.0,5.0,0.6722689075630253,0.5555555555555556,0.851063829787234,47.0,0.14814814814814814,0.3333333333333333,0.09523809523809523,21.0,,,,
p_1656,0.3954246108501428,0.4375566294170945,0.3960287679799875,0.4811817090185884,0.48406266429522243,0.5092592592592593,108.0,0.5319148936170213,0.45454545454545453,0.6410256410256411,39.0,0.0,0.0,0.0,13.0,0.5952380952380952,0.5813953488372093,0.6097560975609756,41.0,0.45454545454545453,0.7142857142857143,0.3333333333333333,15.0,,,,
p_1657,0.27242470934304525,0.2644230769230769,0.2898669957493487,0.3849378219794244,0.36022079772079774,0.42592592592592593,108.0,0.5785123966942148,0.5,0.6862745098039216,51.0,0.0,0.0,0.0,11.0,0.2711864406779661,0.3076923076923077,0.24242424242424243,33.0,0.24,0.25,0.23076923076923078,13.0,,,,
p_1658,0.3264010989010989,0.3392857142857143,0.3264524200484792,0.4231267806267806,0.41703409758965315,0.4444444444444444,108.0,0.20512820512820512,0.2222222222222222,0.19047619047619047,21.0,0.13333333333333333,0.16666666666666666,0.1111111111111111,9.0,0.36,0.42857142857142855,0.3103448275862069,29.0,0.6071428571428571,0.5396825396825397,0.6938775510204082,49.0,,,,
p_1659,0.411641648561459,0.48181089743589745,0.4152972027972028,0.4727157567732984,0.4962844254510921,0.48148148148148145,108.0,0.45901639344262296,0.4,0.5384615384615384,26.0,0.16666666666666666,0.5,0.1,10.0,0.5542168674698795,0.5897435897435898,0.5227272727272727,44.0,0.4666666666666667,0.4375,0.5,28.0,,,,
p_1660,0.3555059523809524,0.31334586466165415,0.41996794871794874,0.4009865520282187,0.3467464958693029,0.48148148148148145,108.0,0.14285714285714285,0.16666666666666666,0.125,16.0,0.6458333333333334,0.543859649122807,0.7948717948717948,39.0,0.0,0.0,0.0,28.0,0.6333333333333333,0.5428571428571428,0.76,25.0,,,,
p_1661,0.3376190476190476,0.34133089133089134,0.36091954022988504,0.40707231040564373,0.3961809795143128,0.4537037037037037,108.0,0.6095238095238096,0.49230769230769234,0.8,40.0,0.38095238095238093,0.4444444444444444,0.3333333333333333,24.0,0.36,0.42857142857142855,0.3103448275862069,29.0,0.0,0.0,0.0,15.0,,,,
p_1662,0.32712226391494686,0.3983957219251336,0.3277541279669763,0.39912909688925946,0.422311348781937,0.4444444444444444,108.0,0.576,0.4675324675324675,0.75,48.0,0.08333333333333333,0.14285714285714285,0.058823529411764705,17.0,0.3076923076923077,0.5714285714285714,0.21052631578947367,19.0,0.34146341463414637,0.4117647058823529,0.2916666666666667,24.0,,,,
p_1663,0.26778548312528894,0.271180931744312,0.3128947368421052,0.34962928716974023,0.35687773363829706,0.4166666666666667,108.0,0.5436893203883495,0.39436619718309857,0.875,32.0,0.42857142857142855,0.46153846153846156,0.4,15.0,0.36666666666666664,0.5,0.2894736842105263,38.0,0.0,0.0,0.0,22.0,0.0,0.0,0.0,1.0
p_1664,0.23263564316195895,0.20843373493975906,0.27473684210526317,0.3988687936056357,0.33896697902722,0.5,108.0,0.6766917293233082,0.5421686746987951,0.9,50.0,0.0,0.0,0.0,11.0,0.4864864864864865,0.5,0.47368421052631576,19.0,0.0,0.0,0.0,27.0,0.0,0.0,0.0,1.0
p_1665,0.30219670180016245,0.3123658661918227,0.3104613095238095,0.3126530388206267,0.3195579877875452,0.32407407407407407,108.0,0.21052631578947367,0.3076923076923077,0.16,25.0,0.23809523809523808,0.23809523809523808,0.23809523809523808,21.0,0.410958904109589,0.3488372093023256,0.5,30.0,0.3492063492063492,0.3548387096774194,0.34375,32.0,,,,
p_1666,0.36420856139166,0.3554245283018868,0.3827276524644946,0.4110659814885167,0.38988760773351966,0.4444444444444444,108.0,0.0,0.0,0.0,17.0,0.48484848484848486,0.5333333333333333,0.4444444444444444,18.0,0.5494505494505495,0.4716981132075472,0.6578947368421053,38.0,0.4225352112676056,0.4166666666666667,0.42857142857142855,35.0,,,,
p_1667,0.4195075757575758,0.43138440860215055,0.44875155327741534,0.462682379349046,0.4663878932696137,0.5092592592592593,108.0,0.6060606060606061,0.4838709677419355,0.8108108108108109,37.0,0.7083333333333334,0.7083333333333334,0.7083333333333334,24.0,0.0,0.0,0.0,18.0,0.36363636363636365,0.5333333333333333,0.27586206896551724,29.0,,,,
p_1668,0.41371352377044973,0.4179197994987469,0.44062500000000004,0.4376489076046318,0.45757913301772957,0.4351851851851852,108.0,0.5675675675675675,0.5526315789473685,0.5833333333333334,36.0,0.3225806451612903,0.23809523809523808,0.5,10.0,0.43137254901960786,0.5238095238095238,0.36666666666666664,30.0,0.3333333333333333,0.35714285714285715,0.3125,32.0,,,,
p_1669,0.32323340799607253,0.3515527950310559,0.3591791979949875,0.39667676943305186,0.4398665746491833,0.4444444444444444,108.0,0.43478260869565216,0.4,0.47619047619047616,21.0,0.0,0.0,0.0,9.0,0.5504587155963303,0.43478260869565216,0.75,40.0,0.3076923076923077,0.5714285714285714,0.21052631578947367,38.0,,,,
p_1670,0.3524237456823371,0.33897495755517826,0.39027777777777783,0.3449251605097281,0.33513723825693265,0.37962962962962965,108.0,0.4827586206896552,0.45161290322580644,0.5185185185185185,27.0,0.5517241379310345,0.5161290322580645,0.5925925925925926,27.0,0.05263157894736842,0.125,0.03333333333333333,30.0,0.3225806451612903,0.2631578947368421,0.4166666666666667,24.0,,,,
p_1671,0.24759816207184626,0.2763347763347763,0.2930555555555555,0.31492697793867386,0.2996232162898829,0.4166666666666667,108.0,0.0,0.0,0.0,28.0,0.16666666666666666,0.2222222222222222,0.13333333333333333,15.0,0.2222222222222222,0.42857142857142855,0.15,20.0,0.6015037593984962,0.45454545454545453,0.8888888888888888,45.0,,,,
p_1672,0.3852256757198418,0.38147969052224373,0.4031005039193729,0.469221141264152,0.4441077441077442,0.5092592592592593,108.0,0.5531914893617021,0.5531914893617021,0.5531914893617021,47.0,0.42857142857142855,0.5,0.375,8.0,0.0,0.0,0.0,15.0,0.5591397849462365,0.4727272727272727,0.6842105263157895,38.0,,,,
p_1673,0.40174959615953404,0.43540903540903536,0.4194590336134454,0.4490783505276259,0.4773210328765884,0.48148148148148145,108.0,0.46153846153846156,0.6,0.375,40.0,0.4666666666666667,0.5384615384615384,0.4117647058823529,17.0,0.5918367346938775,0.4603174603174603,0.8285714285714286,35.0,0.08695652173913043,0.14285714285714285,0.0625,16.0,,,,
p_1674,0.25497512437810943,0.2425166297117517,0.29146634615384615,0.42933480744426017,0.39131148887246453,0.5092592592592593,108.0,0.3333333333333333,0.4090909090909091,0.28125,32.0,0.0,0.0,0.0,7.0,0.6865671641791045,0.5609756097560976,0.8846153846153846,52.0,0.0,0.0,0.0,17.0,,,,
p_1675,0.29531480570585344,0.35097597597597596,0.3013986013986014,0.4040120420469658,0.416430319208097,0.4351851851851852,108.0,0.4473684210526316,0.4594594594594595,0.4358974358974359,39.0,0.0,0.0,0.0,10.0,0.21052631578947367,0.5,0.13333333333333333,15.0,0.5233644859813084,0.4444444444444444,0.6363636363636364,44.0,,,,
p_1676,0.37491999470802984,0.38564814814814813,0.38537405628002747,0.5043967319568119,0.5027949245541838,0.5277777777777778,108.0,0.358974358974359,0.5,0.28,25.0,0.0,0.0,0.0,5.0,0.5070422535211268,0.45,0.5806451612903226,31.0,0.6336633663366337,0.5925925925925926,0.6808510638297872,47.0,,,,
p_1677,0.28826054497946996,0.2814645308924485,0.3141726285108638,0.35137143489140504,0.33941435714891094,0.3888888888888889,108.0,0.574468085106383,0.47368421052631576,0.7297297297297297,37.0,0.0,0.0,0.0,13.0,0.2807017543859649,0.34782608695652173,0.23529411764705882,34.0,0.2978723404255319,0.30434782608695654,0.2916666666666667,24.0,,,,
p_1678,0.3268747110494683,0.41941274837694276,0.36205756840431763,0.3470421739353778,0.42380830072645925,0.39814814814814814,108.0,0.24,0.46153846153846156,0.16216216216216217,37.0,0.3333333333333333,0.30434782608695654,0.3684210526315789,19.0,0.19047619047619047,0.5,0.11764705882352941,17.0,0.5436893203883495,0.4117647058823529,0.8,35.0,,,,
p_1679,0.35841947894791104,0.38439781350019775,0.3698717948717949,0.3598327192349365,0.39546330593548923,0.3611111111111111,108.0,0.3157894736842105,0.2903225806451613,0.34615384615384615,26.0,0.26666666666666666,0.4,0.2,30.0,0.49056603773584906,0.5652173913043478,0.43333333333333335,30.0,0.36065573770491804,0.28205128205128205,0.5,22.0,,,,
p_1680,0.3304318488529015,0.3994168033533807,0.3532690298994647,0.37367171489978507,0.4284736987762321,0.4074074074074074,108.0,0.5473684210526316,0.4406779661016949,0.7222222222222222,36.0,0.13333333333333333,0.3333333333333333,0.08333333333333333,12.0,0.3076923076923077,0.5333333333333333,0.21621621621621623,37.0,0.3333333333333333,0.2903225806451613,0.391304347826087,23.0,,,,
p_1681,0.2779362643314977,0.28055555555555556,0.2867584579071597,0.3459062655686291,0.34516460905349794,0.3611111111111111,108.0,0.0,0.0,0.0,11.0,0.41509433962264153,0.5,0.3548387096774194,31.0,0.2545454545454545,0.23333333333333334,0.28,25.0,0.4421052631578947,0.3888888888888889,0.5121951219512195,41.0,,,,
p_1682,0.2728683353683353,0.2544642857142857,0.31283993783993785,0.3582545712175342,0.3191137566137566,0.42592592592592593,108.0,0.6071428571428571,0.5,0.7727272727272727,44.0,0.0,0.0,0.0,20.0,0.4074074074074074,0.39285714285714285,0.4230769230769231,26.0,0.07692307692307693,0.125,0.05555555555555555,18.0,,,,
p_1683,0.3454877857813968,0.40454545454545454,0.3450786056049214,0.3624666805860041,0.39393939393939387,0.3888888888888889,108.0,0.5048543689320388,0.4,0.6842105263157895,38.0,0.3870967741935484,0.5454545454545454,0.3,20.0,0.25,0.4,0.18181818181818182,22.0,0.24,0.2727272727272727,0.21428571428571427,28.0,,,,
p_1684,0.29186937933067963,0.2965770715770716,0.31699767949767954,0.3010112427037091,0.31174003674003675,0.3148148148148148,108.0,0.35294117647058826,0.34285714285714286,0.36363636363636365,33.0,0.14285714285714285,0.2,0.1111111111111111,18.0,0.2857142857142857,0.34615384615384615,0.24324324324324326,37.0,0.38596491228070173,0.2972972972972973,0.55,20.0,,,,
p_1685,0.2607628004179728,0.31329028786655905,0.28638632872503844,0.2640794922404118,0.3064045078169372,0.2962962962962963,108.0,0.3939393939393939,0.37142857142857144,0.41935483870967744,31.0,0.3218390804597701,0.23728813559322035,0.5,28.0,0.26666666666666666,0.4444444444444444,0.19047619047619047,21.0,0.06060606060606061,0.2,0.03571428571428571,28.0,,,,
p_1686,0.37207602339181284,0.44166666666666665,0.3681741053064582,0.4854234351310374,0.48796296296296304,0.5462962962962963,108.0,0.4444444444444444,0.6,0.35294117647058826,17.0,0.13333333333333333,0.25,0.09090909090909091,22.0,0.7,0.5833333333333334,0.875,56.0,0.21052631578947367,0.3333333333333333,0.15384615384615385,13.0,,,,
p_1687,0.434139431655313,0.5277638958298628,0.4556186868686869,0.43517577649006334,0.5229005867436652,0.4537037037037037,108.0,0.3225806451612903,0.8333333333333334,0.2,25.0,0.4888888888888889,0.4074074074074074,0.6111111111111112,18.0,0.39344262295081966,0.41379310344827586,0.375,32.0,0.5316455696202531,0.45652173913043476,0.6363636363636364,33.0,,,,
p_1688,0.3856959505694081,0.3956991148124869,0.4048573975044564,0.4257143904611797,0.44151649226746126,0.4444444444444444,108.0,0.5352112676056338,0.5135135135135135,0.5588235294117647,34.0,0.17391304347826086,0.16666666666666666,0.18181818181818182,11.0,0.2857142857142857,0.4375,0.21212121212121213,33.0,0.547945205479452,0.46511627906976744,0.6666666666666666,30.0,,,,
p_1689,0.3282206691817676,0.41250000000000003,0.34212386877828055,0.39819911444625405,0.4324074074074074,0.4351851851851852,108.0,0.5789473684210527,0.5,0.6875,48.0,0.10526315789473684,0.5,0.058823529411764705,17.0,0.30434782608695654,0.35,0.2692307692307692,26.0,0.32432432432432434,0.3,0.35294117647058826,17.0,,,,
p_1690,0.3760460685059174,0.4753472222222222,0.4247623784261715,0.38849584114109387,0.47757201646090525,0.4444444444444444,108.0,0.13793103448275862,0.6666666666666666,0.07692307692307693,26.0,0.6027397260273972,0.5,0.7586206896551724,29.0,0.25,0.3125,0.20833333333333334,24.0,0.5135135135135135,0.4222222222222222,0.6551724137931034,29.0,,,,
p_1691,0.3182551085568327,0.29234860883797054,0.35406260406260404,0.3395011470602147,0.3106625447050979,0.37962962962962965,108.0,0.425,0.3617021276595745,0.5151515151515151,33.0,0.0,0.0,0.0,21.0,0.2962962962962963,0.3076923076923077,0.2857142857142857,28.0,0.5517241379310345,0.5,0.6153846153846154,26.0,,,,
p_1692,0.3310727661851257,0.38050030570522375,0.35501918158567775,0.33297316846005987,0.37710499629898536,0.3611111111111111,108.0,0.47191011235955055,0.3442622950819672,0.75,28.0,0.4,0.5833333333333334,0.30434782608695654,23.0,0.16666666666666666,0.23076923076923078,0.13043478260869565,23.0,0.2857142857142857,0.36363636363636365,0.23529411764705882,34.0,,,,
p_1693,0.31826861704910486,0.3505801687763713,0.34073400920429536,0.4257851541049373,0.43280004688232543,0.49074074074074076,108.0,0.3783783783783784,0.4666666666666667,0.3181818181818182,22.0,0.0,0.0,0.0,10.0,0.24390243902439024,0.4166666666666667,0.1724137931034483,29.0,0.6507936507936508,0.5189873417721519,0.8723404255319149,47.0,,,,
p_1694,0.4046944283786389,0.4492424242424242,0.3973924291938997,0.421144028161572,0.4404040404040404,0.42592592592592593,108.0,0.2857142857142857,0.5,0.2,15.0,0.4666666666666667,0.5,0.4375,32.0,0.45614035087719296,0.43333333333333335,0.48148148148148145,27.0,0.41025641025641024,0.36363636363636365,0.47058823529411764,34.0,,,,
p_1695,0.2997807818779685,0.3254453538757824,0.3449652777777778,0.3480020027334606,0.34546978369799747,0.4166666666666667,108.0,0.0,0.0,0.0,23.0,0.5490196078431373,0.417910447761194,0.8,35.0,0.47619047619047616,0.4838709677419355,0.46875,32.0,0.17391304347826086,0.4,0.1111111111111111,18.0,,,,
p_1696,0.37156193330759124,0.5215277777777778,0.38846153846153847,0.39183832663373436,0.5287808641975309,0.39814814814814814,108.0,0.2857142857142857,1.0,0.16666666666666666,24.0,0.32558139534883723,0.25,0.4666666666666667,15.0,0.4810126582278481,0.475,0.48717948717948717,39.0,0.3939393939393939,0.3611111111111111,0.43333333333333335,30.0,,,,
p_1697,0.3030690537084399,0.30298594847775173,0.36882093787335724,0.3485128350857251,0.34192037470725994,0.42592592592592593,108.0,0.5294117647058824,0.5,0.5625,32.0,0.0,0.0,0.0,18.0,0.5652173913043478,0.4262295081967213,0.8387096774193549,31.0,0.11764705882352941,0.2857142857142857,0.07407407407407407,27.0,,,,
p_1698,0.16774193548387098,0.12745098039215685,0.24528301886792453,0.32927120669056154,0.2501815541031227,0.48148148148148145,108.0,0.0,0.0,0.0,17.0,0.0,0.0,0.0,13.0,0.6709677419354839,0.5098039215686274,0.9811320754716981,53.0,0.0,0.0,0.0,25.0,,,,
p_1699,0.4130279034690799,0.3984210526315789,0.4366883116883117,0.49228185576224787,0.4617348927875244,0.5370370370370371,108.0,0.0,0.0,0.0,17.0,0.45,0.47368421052631576,0.42857142857142855,21.0,0.5098039215686274,0.52,0.5,26.0,0.6923076923076923,0.6,0.8181818181818182,44.0,,,,
p_1700,0.33223736808442594,0.35498314877226766,0.36122211122211123,0.3794393810183705,0.37888246937356224,0.4351851851851852,108.0,0.4067796610169492,0.3870967741935484,0.42857142857142855,28.0,0.0,0.0,0.0,19.0,0.5471698113207547,0.43283582089552236,0.7435897435897436,39.0,0.375,0.6,0.2727272727272727,22.0,,,,
p_1701,0.40003842775581905,0.436381228834059,0.43016526727960486,0.45096272711007007,0.467935279256034,0.49074074074074076,108.0,0.6521739130434783,0.5660377358490566,0.7692307692307693,39.0,0.35555555555555557,0.3076923076923077,0.42105263157894735,19.0,0.509090909090909,0.5384615384615384,0.4827586206896552,29.0,0.08333333333333333,0.3333333333333333,0.047619047619047616,21.0,,,,
p_1702,0.34205578894844435,0.32715572715572716,0.3765527950310559,0.4140814305702357,0.41431669765003093,0.4351851851851852,108.0,0.49230769230769234,0.43243243243243246,0.5714285714285714,28.0,0.0,0.0,0.0,11.0,0.4691358024691358,0.5428571428571428,0.41304347826086957,46.0,0.4067796610169492,0.3333333333333333,0.5217391304347826,23.0,,,,
p_1703,0.41629626269956455,0.4621855921855922,0.41986264109887117,0.4738877801967425,0.48425405869850313,0.5092592592592593,108.0,0.46153846153846156,0.48,0.4444444444444444,27.0,0.3125,0.38461538461538464,0.2631578947368421,19.0,0.23076923076923078,0.42857142857142855,0.15789473684210525,19.0,0.660377358490566,0.5555555555555556,0.813953488372093,43.0,,,,
p_1704,0.3395774572933852,0.35844907407407406,0.352381993006993,0.3474151337224085,0.3588048696844993,0.37037037037037035,108.0,0.3684210526315789,0.4375,0.3181818181818182,22.0,0.5116279069767442,0.4074074074074074,0.6875,32.0,0.30434782608695654,0.3888888888888889,0.25,28.0,0.17391304347826086,0.2,0.15384615384615385,26.0,,,,
p_1705,0.314058726212699,0.3115079365079365,0.3279114906832298,0.39361153461902804,0.38719870664315115,0.4166666666666667,108.0,0.4262295081967213,0.5,0.37142857142857144,35.0,0.0,0.0,0.0,11.0,0.47706422018348627,0.4126984126984127,0.5652173913043478,46.0,0.35294117647058826,0.3333333333333333,0.375,16.0,,,,
p_1706,0.35856635354058036,0.4740699873896595,0.3700111749680715,0.3749907307896998,0.4958753678015973,0.3888888888888889,108.0,0.35,0.5384615384615384,0.25925925925925924,27.0,0.4742268041237113,0.3770491803278688,0.6388888888888888,36.0,0.2857142857142857,0.23076923076923078,0.375,16.0,0.32432432432432434,0.75,0.20689655172413793,29.0,,,,
p_1707,0.32388778495335874,0.4647727272727273,0.3600367024280068,0.37594166722885614,0.4712962962962963,0.4537037037037037,108.0,0.4090909090909091,0.4090909090909091,0.4090909090909091,22.0,0.0,0.0,0.0,21.0,0.5901639344262295,0.45,0.8571428571428571,42.0,0.2962962962962963,1.0,0.17391304347826086,23.0,,,,
p_1708,0.3229761381935295,0.34210526315789475,0.3829807692307692,0.3386983089076487,0.3475877192982456,0.4166666666666667,108.0,0.6521739130434783,0.75,0.5769230769230769,26.0,0.0,0.0,0.0,25.0,0.12121212121212122,0.25,0.08,25.0,0.5185185185185185,0.3684210526315789,0.875,32.0,,,,
p_1709,0.37889317889317886,0.42904815772462834,0.3861201298701299,0.4135468802135468,0.43550779286073404,0.4537037037037037,108.0,0.5714285714285714,0.45714285714285713,0.7619047619047619,42.0,0.3783783783783784,0.5384615384615384,0.2916666666666667,24.0,0.43243243243243246,0.47058823529411764,0.4,20.0,0.13333333333333333,0.25,0.09090909090909091,22.0,,,,
p_1710,0.3207764156319188,0.32259407259407263,0.33108733371891264,0.4235081566501939,0.4192944401277735,0.4444444444444444,108.0,0.4489795918367347,0.5238095238095238,0.39285714285714285,28.0,0.11764705882352941,0.15384615384615385,0.09523809523809523,21.0,0.5494505494505495,0.4807692307692308,0.6410256410256411,39.0,0.4878048780487805,0.45454545454545453,0.5263157894736842,19.0,0.0,0.0,0.0,1.0
p_1711,0.26154730895436556,0.2593887704335466,0.29333333333333333,0.35641805331599313,0.3547132064545,0.4074074074074074,108.0,0.5365853658536586,0.5238095238095238,0.55,20.0,0.0,0.0,0.0,15.0,0.2857142857142857,0.4,0.2222222222222222,36.0,0.4854368932038835,0.373134328358209,0.6944444444444444,36.0,0.0,0.0,0.0,1.0
p_1712,0.2673611111111111,0.2698412698412698,0.2894144144144144,0.31828703703703703,0.31628453850676075,0.35185185185185186,108.0,0.25,0.2857142857142857,0.2222222222222222,18.0,0.0,0.0,0.0,17.0,0.375,0.4444444444444444,0.32432432432432434,37.0,0.4444444444444444,0.3492063492063492,0.6111111111111112,36.0,,,,
p_1713,0.32284065141207996,0.32405577514273165,0.32582187927015516,0.3371462165112959,0.33569287886920735,0.3425925925925926,108.0,0.42424242424242425,0.42424242424242425,0.42424242424242425,33.0,0.24489795918367346,0.2608695652173913,0.23076923076923078,26.0,0.2222222222222222,0.25,0.2,20.0,0.4,0.3611111111111111,0.4482758620689655,29.0,,,,
p_1714,0.3642677345537757,0.37735969387755103,0.3796122994652406,0.44461267904059665,0.45533352229780805,0.4537037037037037,108.0,0.17391304347826086,0.25,0.13333333333333333,15.0,0.4,0.3142857142857143,0.55,20.0,0.62,0.6326530612244898,0.6078431372549019,51.0,0.2631578947368421,0.3125,0.22727272727272727,22.0,,,,
p_1715,0.30821678321678325,0.3187134502923976,0.3435425432445068,0.30870888370888366,0.31713543117051884,0.35185185185185186,108.0,0.10256410256410256,0.2222222222222222,0.06666666666666667,30.0,0.26666666666666666,0.2857142857142857,0.25,24.0,0.36363636363636365,0.38095238095238093,0.34782608695652173,23.0,0.5,0.38596491228070173,0.7096774193548387,31.0,,,,
p_1716,0.3957760956919914,0.43293226381461675,0.3915441176470588,0.3972103680168347,0.4215851323694461,0.4074074074074074,108.0,0.4666666666666667,0.375,0.6176470588235294,34.0,0.4444444444444444,0.5454545454545454,0.375,16.0,0.3793103448275862,0.4583333333333333,0.3235294117647059,34.0,0.2926829268292683,0.35294117647058826,0.25,24.0,,,,
p_1717,0.23428547495392865,0.25458916083916083,0.2577643784786642,0.3373596917406601,0.3278781403781404,0.39814814814814814,108.0,0.1702127659574468,0.18181818181818182,0.16,25.0,0.0,0.0,0.0,12.0,0.5669291338582677,0.46153846153846156,0.7346938775510204,49.0,0.2,0.375,0.13636363636363635,22.0,,,,
p_1718,0.30342654303100547,0.31678628389154706,0.3156844316674038,0.3040087682582612,0.3250044302675882,0.3055555555555556,108.0,0.3103448275862069,0.23684210526315788,0.45,20.0,0.29411764705882354,0.3333333333333333,0.2631578947368421,19.0,0.3235294117647059,0.3333333333333333,0.3142857142857143,35.0,0.2857142857142857,0.36363636363636365,0.23529411764705882,34.0,,,,
p_1719,0.31414715143415445,0.28840689837452094,0.3681399010346379,0.3000484107511616,0.28520158191758566,0.3425925925925926,108.0,0.4878048780487805,0.43478260869565216,0.5555555555555556,18.0,0.4657534246575342,0.3617021276595745,0.6538461538461539,26.0,0.30303030303030304,0.35714285714285715,0.2631578947368421,38.0,0.0,0.0,0.0,26.0,,,,
p_1720,0.25804372052039604,0.3398382559774965,0.32855113636363636,0.2899586013733632,0.3508490910038027,0.37037037037037035,108.0,0.08333333333333333,0.5,0.045454545454545456,22.0,0.0,0.0,0.0,24.0,0.44036697247706424,0.3037974683544304,0.8,30.0,0.5084745762711864,0.5555555555555556,0.46875,32.0,,,,
p_1721,0.3140780500893839,0.41804029304029305,0.3277721042550677,0.35111534194474886,0.4081026997693665,0.37962962962962965,108.0,0.2857142857142857,0.4166666666666667,0.21739130434782608,23.0,0.10526315789473684,0.5,0.058823529411764705,17.0,0.45569620253164556,0.42857142857142855,0.4864864864864865,37.0,0.40963855421686746,0.3269230769230769,0.5483870967741935,31.0,,,,
p_1722,0.35497173156797024,0.3635878489326765,0.34983766233766234,0.3532130715011296,0.3580870279146141,0.35185185185185186,108.0,0.3287671232876712,0.3,0.36363636363636365,33.0,0.3076923076923077,0.3333333333333333,0.2857142857142857,21.0,0.3389830508474576,0.3448275862068966,0.3333333333333333,30.0,0.4444444444444444,0.47619047619047616,0.4166666666666667,24.0,,,,
p_1723,0.33370779504462333,0.36267885532591415,0.36964285714285716,0.3794221732185909,0.40260113054230695,0.4351851851851852,108.0,0.47619047619047616,0.5882352941176471,0.4,25.0,0.0,0.0,0.0,16.0,0.5321100917431193,0.3918918918918919,0.8285714285714286,35.0,0.32653061224489793,0.47058823529411764,0.25,32.0,,,,
p_1724,0.3024025974025974,0.3078794480755265,0.35516569200779724,0.3250481000481,0.3061876328034643,0.4166666666666667,108.0,0.0,0.0,0.0,28.0,0.32,0.4,0.26666666666666666,15.0,0.3181818181818182,0.4117647058823529,0.25925925925925924,27.0,0.5714285714285714,0.41975308641975306,0.8947368421052632,38.0,,,,
p_1725,0.4489087301587301,0.5008053221288515,0.46274164054336464,0.468805114638448,0.4993308434484905,0.5,108.0,0.5,0.45714285714285713,0.5517241379310345,29.0,0.6428571428571429,0.5294117647058824,0.8181818181818182,33.0,0.375,0.6,0.2727272727272727,22.0,0.2777777777777778,0.4166666666666667,0.20833333333333334,24.0,,,,
p_1726,0.24911377064081203,0.2531775556072231,0.2643123306233062,0.3332328996167809,0.32542245415220694,0.3611111111111111,108.0,0.3902439024390244,0.34782608695652173,0.4444444444444444,36.0,0.0,0.0,0.0,7.0,0.43478260869565216,0.39215686274509803,0.4878048780487805,41.0,0.17142857142857143,0.2727272727272727,0.125,24.0,,,,
p_1727,0.46046741452303774,0.5196030821030821,0.4831714179540267,0.510838272173909,0.5367276756165645,0.5555555555555556,108.0,0.6236559139784946,0.5370370370370371,0.7435897435897436,39.0,0.09090909090909091,0.25,0.05555555555555555,18.0,0.6567164179104478,0.5641025641025641,0.7857142857142857,28.0,0.47058823529411764,0.7272727272727273,0.34782608695652173,23.0,,,,
p_1728,0.2780087506807128,0.25920625427204375,0.3078430715625837,0.3619509525111087,0.3315414483177641,0.4074074074074074,108.0,0.29508196721311475,0.2727272727272727,0.32142857142857145,28.0,0.0,0.0,0.0,13.0,0.6391752577319587,0.5535714285714286,0.7560975609756098,41.0,0.17777777777777778,0.21052631578947367,0.15384615384615385,26.0,,,,
p_1729,0.3869514503749557,0.41764990053992607,0.39170083355923013,0.3998661120018667,0.41590498142359467,0.4166666666666667,108.0,0.5301204819277109,0.43137254901960786,0.6875,32.0,0.33962264150943394,0.36,0.32142857142857145,28.0,0.3076923076923077,0.4444444444444444,0.23529411764705882,17.0,0.37037037037037035,0.43478260869565216,0.3225806451612903,31.0,,,,
p_1730,0.37389550264550264,0.5893656716417911,0.3898928307464893,0.43398858514599253,0.5380182421227198,0.48148148148148145,108.0,0.6296296296296297,0.5074626865671642,0.8292682926829268,41.0,0.125,1.0,0.06666666666666667,15.0,0.36,0.45,0.3,30.0,0.38095238095238093,0.4,0.36363636363636365,22.0,,,,
p_1731,0.26095756200690967,0.25556478405315614,0.309577677224736,0.31966049223564824,0.2986464870185801,0.37962962962962965,108.0,0.46511627906976744,0.35714285714285715,0.6666666666666666,30.0,0.0,0.0,0.0,22.0,0.4878048780487805,0.46511627906976744,0.5128205128205128,39.0,0.09090909090909091,0.2,0.058823529411764705,17.0,,,,
p_1732,0.3515756302521008,0.4345679012345679,0.35189393939393937,0.4860138499844382,0.49325560128029267,0.5462962962962963,108.0,0.2857142857142857,0.3333333333333333,0.25,24.0,0.4,0.8,0.26666666666666666,15.0,0.7205882352941176,0.6049382716049383,0.8909090909090909,55.0,0.0,0.0,0.0,14.0,,,,
p_1733,0.3074433656957929,0.33784213098729227,0.3203140528721924,0.38761773185210413,0.4064602114333297,0.4166666666666667,108.0,0.3508771929824561,0.3225806451612903,0.38461538461538464,26.0,0.3157894736842105,0.5454545454545454,0.2222222222222222,27.0,0.5631067961165048,0.48333333333333334,0.6744186046511628,43.0,0.0,0.0,0.0,12.0,,,,
p_1734,0.3041648282026044,0.34249999999999997,0.3448439337050101,0.3400758452849211,0.37706790123456785,0.4074074074074074,108.0,0.34285714285714286,0.3333333333333333,0.35294117647058826,17.0,0.2608695652173913,0.25,0.2727272727272727,11.0,0.5573770491803278,0.4533333333333333,0.723404255319149,47.0,0.05555555555555555,0.3333333333333333,0.030303030303030304,33.0,,,,
p_1735,0.3650497883795835,0.37404092071611256,0.3821480938416422,0.3854887580589011,0.39293833475419154,0.4074074074074074,108.0,0.6075949367088608,0.5,0.7741935483870968,31.0,0.39215686274509803,0.5,0.3225806451612903,31.0,0.20512820512820512,0.23529411764705882,0.18181818181818182,22.0,0.2553191489361702,0.2608695652173913,0.25,24.0,,,,
p_1736,0.23848775522793164,0.2421394141638858,0.24787209569818267,0.31464060754357465,0.31133907359343027,0.3333333333333333,108.0,0.4230769230769231,0.3793103448275862,0.4782608695652174,46.0,0.0,0.0,0.0,7.0,0.18604651162790697,0.26666666666666666,0.14285714285714285,28.0,0.3448275862068966,0.3225806451612903,0.37037037037037035,27.0,,,,
p_1737,0.40894545911548397,0.5358552631578947,0.4181989885114885,0.4019487896139506,0.5063840155945419,0.4166666666666667,108.0,0.47368421052631576,0.375,0.6428571428571429,28.0,0.42857142857142855,1.0,0.2727272727272727,22.0,0.45901639344262296,0.4,0.5384615384615384,26.0,0.27450980392156865,0.3684210526315789,0.21875,32.0,,,,
p_1738,0.4367251461988304,0.4388636363636364,0.4565617913832199,0.5134546242148581,0.5318939393939394,0.5092592592592593,108.0,0.6666666666666666,0.66,0.673469387755102,49.0,0.32,0.25,0.4444444444444444,9.0,0.4444444444444444,0.5454545454545454,0.375,32.0,0.3157894736842105,0.3,0.3333333333333333,18.0,,,,
p_1739,0.22017411098806447,0.2814666131406396,0.263517316017316,0.24268585738439313,0.2881177176105585,0.2962962962962963,108.0,0.29333333333333333,0.23404255319148937,0.39285714285714285,28.0,0.07142857142857142,0.3333333333333333,0.04,25.0,0.4418604651162791,0.3584905660377358,0.5757575757575758,33.0,0.07407407407407407,0.2,0.045454545454545456,22.0,,,,
p_1740,0.3502518315018315,0.3054298642533937,0.4154234654234654,0.3730489417989418,0.3347857661583152,0.42592592592592593,108.0,0.5416666666666666,0.5098039215686274,0.5777777777777777,45.0,0.42857142857142855,0.35294117647058826,0.5454545454545454,11.0,0.0,0.0,0.0,26.0,0.4307692307692308,0.358974358974359,0.5384615384615384,26.0,,,,
p_1741,0.29711538461538467,0.33444192083062946,0.32107765660397236,0.3726139601139601,0.4226812795923763,0.4074074074074074,108.0,0.5192307692307693,0.40298507462686567,0.7297297297297297,37.0,0.0,0.0,0.0,6.0,0.2692307692307692,0.5,0.18421052631578946,38.0,0.4,0.43478260869565216,0.37037037037037035,27.0,,,,
p_1742,0.5042645373122729,0.5364732783357246,0.4995953764029403,0.507343221677507,0.5332982956055051,0.5092592592592593,108.0,0.5555555555555556,0.4878048780487805,0.6451612903225806,31.0,0.5116279069767442,0.6875,0.4074074074074074,27.0,0.47619047619047616,0.4411764705882353,0.5172413793103449,29.0,0.47368421052631576,0.5294117647058824,0.42857142857142855,21.0,,,,
p_1743,0.39028501055594655,0.412179333568762,0.4128246753246753,0.39285153908306614,0.4281035825326891,0.4074074074074074,108.0,0.3673469387755102,0.5625,0.2727272727272727,33.0,0.41379310344827586,0.35294117647058826,0.5,12.0,0.28,0.3181818181818182,0.25,28.0,0.5,0.41509433962264153,0.6285714285714286,35.0,,,,
p_1744,0.37934623000012296,0.3954963235294118,0.3783033696826801,0.3794961855217903,0.39410062636165577,0.37962962962962965,108.0,0.45161290322580644,0.4,0.5185185185185185,27.0,0.46511627906976744,0.5882352941176471,0.38461538461538464,26.0,0.36065573770491804,0.34375,0.3793103448275862,29.0,0.24,0.25,0.23076923076923078,26.0,,,,
p_1745,0.2782337440905216,0.2888474295190713,0.2952054978030222,0.3780613753333276,0.3769915852834593,0.4166666666666667,108.0,0.3137254901960784,0.4,0.25806451612903225,31.0,0.0,0.0,0.0,6.0,0.5818181818181818,0.47761194029850745,0.7441860465116279,43.0,0.21739130434782608,0.2777777777777778,0.17857142857142858,28.0,,,,
p_1746,0.35640948182625104,0.349375,0.3956706706706707,0.42446341782121655,0.41337962962962965,0.4722222222222222,108.0,0.47761194029850745,0.4,0.5925925925925926,27.0,0.0,0.0,0.0,14.0,0.6436781609195402,0.56,0.7567567567567568,37.0,0.30434782608695654,0.4375,0.23333333333333334,30.0,,,,
p_1747,0.40899270508778146,0.43046683046683054,0.41250000000000003,0.5125413478554396,0.5111293111293111,0.5370370370370371,108.0,0.6526315789473685,0.5636363636363636,0.775,40.0,0.15384615384615385,0.2,0.125,8.0,0.5714285714285714,0.5945945945945946,0.55,40.0,0.25806451612903225,0.36363636363636365,0.2,20.0,,,,
p_1748,0.2413624511082138,0.1997747747747748,0.3068181818181818,0.3071490656236419,0.25086753420086755,0.39814814814814814,108.0,0.5423728813559322,0.43243243243243246,0.7272727272727273,44.0,0.0,0.0,0.0,26.0,0.4230769230769231,0.36666666666666664,0.5,22.0,0.0,0.0,0.0,16.0,,,,
p_1749,0.32459886128364385,0.31380534670008353,0.3536611414900888,0.4140690897937275,0.4113195798137319,0.42592592592592593,108.0,0.30434782608695654,0.2916666666666667,0.3181818181818182,22.0,0.3333333333333333,0.2631578947368421,0.45454545454545453,11.0,0.5892857142857143,0.5892857142857143,0.5892857142857143,56.0,0.07142857142857142,0.1111111111111111,0.05263157894736842,19.0,,,,
p_1750,0.24855072463768116,0.2651685393258427,0.2841836734693878,0.343666129898014,0.320120682480233,0.4351851851851852,108.0,0.4,0.6,0.3,20.0,0.0,0.0,0.0,15.0,0.5942028985507246,0.4606741573033708,0.8367346938775511,49.0,0.0,0.0,0.0,24.0,,,,
p_1751,0.420024161884627,0.4298608030168589,0.42242827720768894,0.4437544511187922,0.4491731777251964,0.4537037037037037,108.0,0.43636363636363634,0.5217391304347826,0.375,32.0,0.42424242424242425,0.4375,0.4117647058823529,17.0,0.23809523809523808,0.25,0.22727272727272727,22.0,0.5813953488372093,0.5102040816326531,0.6756756756756757,37.0,,,,
p_1752,0.3062982768865122,0.3342370744010088,0.3596249672174141,0.3841244690917893,0.4106790901872869,0.4537037037037037,108.0,0.5686274509803921,0.47540983606557374,0.7073170731707317,41.0,0.0,0.0,0.0,9.0,0.1111111111111111,0.4,0.06451612903225806,31.0,0.5454545454545454,0.46153846153846156,0.6666666666666666,27.0,,,,
p_1753,0.36716060172678644,0.5127314814814815,0.3983333333333333,0.4847905668261619,0.6102109053497942,0.5277777777777778,108.0,0.6451612903225806,0.625,0.6666666666666666,45.0,0.0,0.0,0.0,8.0,0.5476190476190477,0.42592592592592593,0.7666666666666667,30.0,0.27586206896551724,1.0,0.16,25.0,,,,
p_1754,0.24802631578947368,0.262821758135017,0.26356679035250463,0.3280458089668616,0.30270717536380476,0.37962962962962965,108.0,0.17543859649122806,0.1724137931034483,0.17857142857142858,28.0,0.25,0.4,0.18181818181818182,11.0,0.0,0.0,0.0,20.0,0.5666666666666667,0.4788732394366197,0.6938775510204082,49.0,,,,
p_1755,0.28844180687796184,0.32892535392535394,0.3253136200716846,0.35159051055751195,0.39094809094809096,0.4074074074074074,108.0,0.5272727272727272,0.3918918918918919,0.8055555555555556,36.0,0.0,0.0,0.0,11.0,0.1951219512195122,0.4,0.12903225806451613,31.0,0.43137254901960786,0.5238095238095238,0.36666666666666664,30.0,,,,
p_1756,0.389605795148248,0.4542924211938296,0.39278201219512193,0.44512141858839976,0.48332588121320513,0.48148148148148145,108.0,0.5892857142857143,0.4647887323943662,0.8048780487804879,41.0,0.25,0.3333333333333333,0.2,10.0,0.49056603773584906,0.6190476190476191,0.40625,32.0,0.22857142857142856,0.4,0.16,25.0,,,,
p_1757,0.33724810109565095,0.4483695652173913,0.3516205826054786,0.4443923630560722,0.4727254428341385,0.5370370370370371,108.0,0.6896551724137931,0.5434782608695652,0.9433962264150944,53.0,0.48,0.75,0.35294117647058826,17.0,0.10526315789473684,0.25,0.06666666666666667,15.0,0.07407407407407407,0.25,0.043478260869565216,23.0,,,,
p_1758,0.3273365978284011,0.34334415584415584,0.3446969696969697,0.44769711163153786,0.44489538239538234,0.49074074074074076,108.0,0.4262295081967213,0.4642857142857143,0.3939393939393939,33.0,0.0,0.0,0.0,7.0,0.22857142857142856,0.36363636363636365,0.16666666666666666,24.0,0.6545454545454545,0.5454545454545454,0.8181818181818182,44.0,,,,
p_1759,0.2933581560283688,0.26498774509803924,0.36791666666666667,0.34181770422905183,0.3147240377632534,0.4074074074074074,108.0,0.0,0.0,0.0,20.0,0.4166666666666667,0.3125,0.625,8.0,0.2127659574468085,0.29411764705882354,0.16666666666666666,30.0,0.544,0.4533333333333333,0.68,50.0,,,,
p_1760,0.4288690756636857,0.49660852713178294,0.4471428571428571,0.4768258499713515,0.5339506172839505,0.5,108.0,0.6075949367088608,0.5581395348837209,0.6666666666666666,36.0,0.2857142857142857,0.25,0.3333333333333333,12.0,0.5641025641025641,0.5116279069767442,0.6285714285714286,35.0,0.25806451612903225,0.6666666666666666,0.16,25.0,,,,
p_1761,0.33278777959629025,0.32182382834556744,0.38328694331983804,0.4089935543836252,0.3753121274860405,0.48148148148148145,108.0,0.0,0.0,0.0,18.0,0.6666666666666666,0.5652173913043478,0.8125,32.0,0.5106382978723404,0.43636363636363634,0.6153846153846154,39.0,0.15384615384615385,0.2857142857142857,0.10526315789473684,19.0,,,,
p_1762,0.3165176715176715,0.3167153996101365,0.3297467427902211,0.4010371910371911,0.3895891993357881,0.42592592592592593,108.0,0.3076923076923077,0.2631578947368421,0.37037037037037035,27.0,0.3783783783783784,0.4666666666666667,0.3181818181818182,22.0,0.58,0.5370370370370371,0.6304347826086957,46.0,0.0,0.0,0.0,13.0,,,,
p_1763,0.3658912749821841,0.39477225672877847,0.37338881706528765,0.44994857116069237,0.4554079441760602,0.48148148148148145,108.0,0.32432432432432434,0.5,0.24,25.0,0.43243243243243246,0.4,0.47058823529411764,17.0,0.6115702479338843,0.5362318840579711,0.7115384615384616,52.0,0.09523809523809523,0.14285714285714285,0.07142857142857142,14.0,,,,
p_1764,0.37406046040385477,0.4478927203065134,0.3877032520325203,0.45619365271352735,0.4757911167872853,0.5,108.0,0.6046511627906976,0.5777777777777777,0.6341463414634146,41.0,0.0,0.0,0.0,15.0,0.5106382978723404,0.41379310344827586,0.6666666666666666,36.0,0.38095238095238093,0.8,0.25,16.0,,,,
p_1765,0.3386272450819125,0.41368087557603683,0.34219118575720764,0.3784676487667098,0.40581050520566647,0.3888888888888889,108.0,0.3448275862068966,0.3225806451612903,0.37037037037037035,27.0,0.15384615384615385,0.5,0.09090909090909091,11.0,0.42105263157894735,0.45714285714285713,0.3902439024390244,41.0,0.43478260869565216,0.375,0.5172413793103449,29.0,,,,
p_1766,0.3212094007108334,0.4247076023391813,0.35284552845528455,0.38140249998747416,0.4551927658652805,0.4537037037037037,108.0,0.3225806451612903,0.8333333333333334,0.2,25.0,0.37209302325581395,0.42105263157894735,0.3333333333333333,24.0,0.5901639344262295,0.4444444444444444,0.8780487804878049,41.0,0.0,0.0,0.0,18.0,,,,
p_1767,0.31895363408521304,0.30637426900584797,0.34451046972269384,0.38855820105820105,0.37493827160493826,0.4166666666666667,108.0,0.32142857142857145,0.36,0.2903225806451613,31.0,0.0,0.0,0.0,9.0,0.42105263157894735,0.42105263157894735,0.42105263157894735,38.0,0.5333333333333333,0.4444444444444444,0.6666666666666666,30.0,,,,
p_1768,0.3085529666412019,0.3094298245614035,0.33139870639870644,0.33545893104716634,0.3286793372319688,0.3611111111111111,108.0,0.23529411764705882,0.25,0.2222222222222222,27.0,0.4155844155844156,0.4,0.43243243243243246,37.0,0.5,0.42105263157894735,0.6153846153846154,26.0,0.08333333333333333,0.16666666666666666,0.05555555555555555,18.0,,,,
p_1769,0.36449602407049214,0.4882779198635976,0.34219269102990035,0.4561015991276038,0.5042783619083705,0.46296296296296297,108.0,0.5454545454545454,0.5217391304347826,0.5714285714285714,42.0,0.0,0.0,0.0,9.0,0.46808510638297873,0.43137254901960786,0.5116279069767442,43.0,0.4444444444444444,1.0,0.2857142857142857,14.0,,,,
p_1770,0.313526921132457,0.4023183643665571,0.32677708764665286,0.3883488044414485,0.4284728138141793,0.4537037037037037,108.0,0.1875,0.2727272727272727,0.14285714285714285,21.0,0.375,0.6666666666666666,0.2608695652173913,23.0,0.6046511627906976,0.46987951807228917,0.8478260869565217,46.0,0.08695652173913043,0.2,0.05555555555555555,18.0,,,,
p_1771,0.4457755521314843,0.4478587962962963,0.44775132275132273,0.5045017025243014,0.5026598936899863,0.5092592592592593,108.0,0.6666666666666666,0.6666666666666666,0.6666666666666666,39.0,0.16666666666666666,0.2,0.14285714285714285,14.0,0.4406779661016949,0.40625,0.48148148148148145,27.0,0.509090909090909,0.5185185185185185,0.5,28.0,,,,
p_1772,0.30920289855072464,0.29721320346320346,0.3373015873015873,0.3670853462157809,0.3474627224627224,0.4074074074074074,108.0,0.36,0.4090909090909091,0.32142857142857145,28.0,0.0,0.0,0.0,14.0,0.3333333333333333,0.3333333333333333,0.3333333333333333,30.0,0.5434782608695652,0.44642857142857145,0.6944444444444444,36.0,,,,
p_1773,0.1989403973509934,0.17676767676767677,0.2620192307692308,0.3298111356389502,0.2663673774784886,0.46296296296296297,108.0,0.0,0.0,0.0,15.0,0.0,0.0,0.0,25.0,0.6357615894039735,0.48484848484848486,0.9230769230769231,52.0,0.16,0.2222222222222222,0.125,16.0,,,,
p_1774,0.34723910840932115,0.3538847117794486,0.3555147338042075,0.40595519531689744,0.3979439339088462,0.42592592592592593,108.0,0.5,0.47619047619047616,0.5263157894736842,38.0,0.14285714285714285,0.2,0.1111111111111111,9.0,0.2127659574468085,0.2631578947368421,0.17857142857142858,28.0,0.5333333333333333,0.47619047619047616,0.6060606060606061,33.0,,,,
p_1775,0.330653097270701,0.3142684610075914,0.3490659777424483,0.40381242085687186,0.3840995066840477,0.42592592592592593,108.0,0.6329113924050633,0.5952380952380952,0.6756756756756757,37.0,0.0,0.0,0.0,17.0,0.23255813953488372,0.21739130434782608,0.25,20.0,0.45714285714285713,0.4444444444444444,0.47058823529411764,34.0,,,,
p_1776,0.32590546612680227,0.42014759120022277,0.3211598746081505,0.32468990259764013,0.41075167342223873,0.32407407407407407,108.0,0.3125,0.7142857142857143,0.2,25.0,0.32786885245901637,0.35714285714285715,0.30303030303030304,33.0,0.3132530120481928,0.24074074074074073,0.4482758620689655,29.0,0.35,0.3684210526315789,0.3333333333333333,21.0,,,,
p_1777,0.3946511627906977,0.3878032345013477,0.4028046421663443,0.5113824289405685,0.4971548367774783,0.5277777777777778,108.0,0.4186046511627907,0.42857142857142855,0.4090909090909091,22.0,0.0,0.0,0.0,9.0,0.66,0.6226415094339622,0.7021276595744681,47.0,0.5,0.5,0.5,30.0,,,,
p_1778,0.37104203074553477,0.3552948957360722,0.38829787234042556,0.4516451153917461,0.4328257022973798,0.4722222222222222,108.0,0.41509433962264153,0.39285714285714285,0.44,25.0,0.0,0.0,0.0,11.0,0.5306122448979592,0.5098039215686274,0.5531914893617021,47.0,0.5384615384615384,0.5185185185185185,0.56,25.0,,,,
p_1779,0.22263083451202262,0.2040551839464883,0.27562260536398464,0.22752894337052754,0.21074105041496344,0.2777777777777778,108.0,0.2857142857142857,0.35,0.2413793103448276,29.0,0.0,0.0,0.0,31.0,0.22857142857142856,0.17391304347826086,0.3333333333333333,12.0,0.37623762376237624,0.2923076923076923,0.5277777777777778,36.0,,,,
p_1780,0.4231934731934732,0.4731487810435179,0.41628787878787876,0.47357765691099024,0.4997911445279866,0.4722222222222222,108.0,0.2564102564102564,0.2631578947368421,0.25,20.0,0.45454545454545453,0.7142857142857143,0.3333333333333333,15.0,0.5818181818181818,0.5818181818181818,0.5818181818181818,55.0,0.4,0.3333333333333333,0.5,18.0,,,,
p_1781,0.32469135802469135,0.3386178861788618,0.3446236559139785,0.4110653863740283,0.42511291779584465,0.4351851851851852,108.0,0.0,0.0,0.0,7.0,0.3111111111111111,0.4666666666666667,0.23333333333333334,30.0,0.49382716049382713,0.4878048780487805,0.5,40.0,0.49382716049382713,0.4,0.6451612903225806,31.0,,,,
p_1782,0.4222841425621183,0.41917609680767576,0.4311683006535948,0.4110943147293824,0.4116285851178638,0.4166666666666667,108.0,0.45714285714285713,0.42105263157894735,0.5,32.0,0.32786885245901637,0.37037037037037035,0.29411764705882354,34.0,0.391304347826087,0.4090909090909091,0.375,24.0,0.5128205128205128,0.47619047619047616,0.5555555555555556,18.0,,,,
p_1783,0.4113856800348735,0.4325982305490502,0.4123358232181762,0.4683914425177865,0.47818014475573667,0.48148148148148145,108.0,0.3333333333333333,0.4666666666666667,0.25925925925925924,27.0,0.3125,0.2777777777777778,0.35714285714285715,14.0,0.6126126126126126,0.5573770491803278,0.68,50.0,0.3870967741935484,0.42857142857142855,0.35294117647058826,17.0,,,,
p_1784,0.48736985500196883,0.5656653129479217,0.47489316239316237,0.5343479206397002,0.5619392684610076,0.5370370370370371,108.0,0.3902439024390244,0.34782608695652173,0.4444444444444444,18.0,0.5432098765432098,0.5238095238095238,0.5641025641025641,39.0,0.6410256410256411,0.6410256410256411,0.6410256410256411,39.0,0.375,0.75,0.25,12.0,,,,
p_1785,0.2505382349132349,0.27504681647940077,0.3124927435272263,0.36863905556035187,0.373396102094604,0.4722222222222222,108.0,0.0625,0.3333333333333333,0.034482758620689655,29.0,0.0,0.0,0.0,14.0,0.6433566433566433,0.5168539325842697,0.8518518518518519,54.0,0.2962962962962963,0.25,0.36363636363636365,11.0,,,,
p_1786,0.33524197722567284,0.3496478413982001,0.3538690476190476,0.4256180028372057,0.4290960779483018,0.4537037037037037,108.0,0.4927536231884058,0.4146341463414634,0.6071428571428571,28.0,0.0,0.0,0.0,11.0,0.5625,0.5294117647058824,0.6,45.0,0.2857142857142857,0.45454545454545453,0.20833333333333334,24.0,,,,
p_1787,0.3329263329263329,0.3251123090745732,0.36087092731829573,0.39341111563333786,0.3864896342883764,0.42592592592592593,108.0,0.5274725274725275,0.4528301886792453,0.631578947368421,38.0,0.0,0.0,0.0,11.0,0.2857142857142857,0.38095238095238093,0.22857142857142856,35.0,0.5185185185185185,0.4666666666666667,0.5833333333333334,24.0,,,,
p_1788,0.2633284718846216,0.2262720156555773,0.3170289855072464,0.3773624540112954,0.31958940349351306,0.46296296296296297,108.0,0.0,0.0,0.0,18.0,0.0,0.0,0.0,19.0,0.39215686274509803,0.35714285714285715,0.43478260869565216,23.0,0.6611570247933884,0.547945205479452,0.8333333333333334,48.0,,,,
p_1789,0.49293875329541703,0.5162746806039489,0.5150417215634607,0.5230802652355033,0.5430711489654579,0.5370370370370371,108.0,0.5977011494252874,0.6341463414634146,0.5652173913043478,46.0,0.631578947368421,0.5142857142857142,0.8181818181818182,22.0,0.3076923076923077,0.5,0.2222222222222222,18.0,0.43478260869565216,0.4166666666666667,0.45454545454545453,22.0,,,,
p_1790,0.37193362193362195,0.3642456982793117,0.3812643678160919,0.5004943616054727,0.4935196300742519,0.5092592592592593,108.0,0.6464646464646465,0.6530612244897959,0.64,50.0,0.0,0.0,0.0,8.0,0.5079365079365079,0.47058823529411764,0.5517241379310345,29.0,0.3333333333333333,0.3333333333333333,0.3333333333333333,21.0,,,,
p_1791,0.2959770114942529,0.26854395604395603,0.34375,0.43997445721583656,0.38812576312576313,0.5277777777777778,108.0,0.5172413793103449,0.5357142857142857,0.5,30.0,0.0,0.0,0.0,10.0,0.6666666666666666,0.5384615384615384,0.875,48.0,0.0,0.0,0.0,20.0,,,,
p_1792,0.4005035844658486,0.4021923209229711,0.40094627594627597,0.4403464576420551,0.44678455677767676,0.4351851851851852,108.0,0.43636363636363634,0.4444444444444444,0.42857142857142855,28.0,0.2,0.17647058823529413,0.23076923076923078,13.0,0.4528301886792453,0.46153846153846156,0.4444444444444444,27.0,0.5128205128205128,0.5263157894736842,0.5,40.0,,,,
p_1793,0.4359011378852976,0.45633449031786627,0.42779225085259565,0.5597143863479149,0.5489099987821215,0.5833333333333334,108.0,0.11764705882352941,0.14285714285714285,0.1,10.0,0.5217391304347826,0.6,0.46153846153846156,13.0,0.7580645161290323,0.6911764705882353,0.8392857142857143,56.0,0.34615384615384615,0.391304347826087,0.3103448275862069,29.0,,,,
p_1794,0.3017597238532437,0.3152958993476235,0.35876436781609194,0.3854106944922218,0.3877627627627628,0.4722222222222222,108.0,0.058823529411764705,0.25,0.03333333333333333,30.0,0.0,0.0,0.0,9.0,0.5964912280701754,0.4594594594594595,0.85,40.0,0.5517241379310345,0.5517241379310345,0.5517241379310345,29.0,,,,
p_1795,0.324703557312253,0.3474786324786324,0.38016588016588015,0.3467354706485142,0.39435106046217155,0.3888888888888889,108.0,0.43478260869565216,0.3076923076923077,0.7407407407407407,27.0,0.4727272727272727,0.7222222222222222,0.35135135135135137,37.0,0.391304347826087,0.36,0.42857142857142855,21.0,0.0,0.0,0.0,23.0,,,,
p_1796,0.29171832115482244,0.3094405594405594,0.33099137931034484,0.2977104846322676,0.31316908400241733,0.3425925925925926,108.0,0.10810810810810811,0.25,0.06896551724137931,29.0,0.2413793103448276,0.21212121212121213,0.28,25.0,0.5609756097560976,0.4423076923076923,0.7666666666666667,30.0,0.2564102564102564,0.3333333333333333,0.20833333333333334,24.0,,,,
p_1797,0.3206028884908195,0.3006225041108762,0.3534080298786181,0.4295842248428455,0.39277790828178427,0.48148148148148145,108.0,0.625,0.5555555555555556,0.7142857142857143,42.0,0.0,0.0,0.0,14.0,0.13793103448275862,0.18181818181818182,0.1111111111111111,18.0,0.5194805194805194,0.46511627906976744,0.5882352941176471,34.0,,,,
p_1798,0.4532842064789614,0.5933277541083384,0.4499549205431559,0.464046697227661,0.5437566218074436,0.48148148148148145,108.0,0.43902439024390244,0.45,0.42857142857142855,21.0,0.38095238095238093,1.0,0.23529411764705882,17.0,0.5813953488372093,0.4716981132075472,0.7575757575757576,33.0,0.4117647058823529,0.45161290322580644,0.3783783783783784,37.0,,,,
p_1799,0.3351444665003987,0.45416666666666666,0.3468013468013468,0.3820510717874183,0.48935185185185187,0.4074074074074074,108.0,0.4406779661016949,0.65,0.3333333333333333,39.0,0.16666666666666666,0.3333333333333333,0.1111111111111111,9.0,0.2702702702702703,0.5,0.18518518518518517,27.0,0.46296296296296297,0.3333333333333333,0.7575757575757576,33.0,,,,
p_1800,0.31401249521866637,0.2995366795366795,0.34697478991596636,0.39105973243420644,0.3767138567138567,0.42592592592592593,108.0,0.5161290322580645,0.43243243243243246,0.64,25.0,0.0,0.0,0.0,7.0,0.5217391304347826,0.48,0.5714285714285714,42.0,0.21818181818181817,0.2857142857142857,0.17647058823529413,34.0,,,,
p_1801,0.23689712094006696,0.2565776604068858,0.26921052631578946,0.29198853562379756,0.31011907349446477,0.3425925925925926,108.0,0.27450980392156865,0.4375,0.2,35.0,0.05405405405405406,0.08333333333333333,0.04,25.0,0.5137614678899083,0.39436619718309857,0.7368421052631579,38.0,0.10526315789473684,0.1111111111111111,0.1,10.0,,,,
p_1802,0.38438556748415903,0.5852268779098048,0.398539886039886,0.42502307291039687,0.516823786471483,0.4444444444444444,108.0,0.5352112676056338,0.4634146341463415,0.6333333333333333,30.0,0.15384615384615385,1.0,0.08333333333333333,12.0,0.42424242424242425,0.5185185185185185,0.358974358974359,39.0,0.42424242424242425,0.358974358974359,0.5185185185185185,27.0,,,,
p_1803,0.2973791207440776,0.38053467000835417,0.31105072463768113,0.35344502482040274,0.38985581237043226,0.4074074074074074,108.0,0.27586206896551724,0.4444444444444444,0.2,20.0,0.08695652173913043,0.3333333333333333,0.05,20.0,0.5409836065573771,0.42857142857142855,0.7333333333333333,45.0,0.2857142857142857,0.3157894736842105,0.2608695652173913,23.0,,,,
p_1804,0.3993198959840917,0.49227513227513225,0.39635839349884766,0.489990081271689,0.5455712326082696,0.5,108.0,0.47368421052631576,0.5142857142857142,0.43902439024390244,41.0,0.4444444444444444,1.0,0.2857142857142857,14.0,0.5714285714285714,0.5185185185185185,0.6363636363636364,22.0,0.5070422535211268,0.42857142857142855,0.6206896551724138,29.0,0.0,0.0,0.0,2.0
p_1805,0.2819551756260617,0.2649891774891775,0.30561968618234603,0.4156387057230939,0.39462582170915506,0.4444444444444444,108.0,0.42857142857142855,0.36363636363636365,0.5217391304347826,23.0,0.0,0.0,0.0,10.0,0.42424242424242425,0.4375,0.4117647058823529,34.0,0.5569620253164557,0.5238095238095238,0.5945945945945946,37.0,0.0,0.0,0.0,4.0
p_1806,0.3438888888888889,0.45149833518312993,0.33215924426450744,0.4221707818930041,0.4856846302462285,0.4351851851851852,108.0,0.375,0.35294117647058826,0.4,30.0,0.4,1.0,0.25,16.0,0.4444444444444444,0.47058823529411764,0.42105263157894735,19.0,0.5,0.4339622641509434,0.5897435897435898,39.0,0.0,0.0,0.0,4.0
p_1807,0.25076923076923074,0.23285714285714287,0.28614285714285714,0.3782051282051282,0.34589947089947093,0.4351851851851852,108.0,0.6,0.5333333333333333,0.6857142857142857,35.0,0.0,0.0,0.0,12.0,0.15384615384615385,0.21428571428571427,0.12,25.0,0.5,0.4166666666666667,0.625,32.0,0.0,0.0,0.0,4.0
p_1808,0.20800000000000002,0.2528205128205128,0.2476068376068376,0.3291358024691358,0.37108262108262113,0.39814814814814814,108.0,0.13333333333333333,0.5,0.07692307692307693,26.0,0.0,0.0,0.0,7.0,0.3466666666666667,0.3333333333333333,0.3611111111111111,36.0,0.56,0.4307692307692308,0.8,35.0,0.0,0.0,0.0,4.0
p_1809,0.3280593672574804,0.36700680272108843,0.34744729907773386,0.4025753252299374,0.4536249685059209,0.4166666666666667,108.0,0.4722222222222222,0.3469387755102041,0.7391304347826086,23.0,0.5283018867924528,0.6666666666666666,0.4375,32.0,0.3125,0.5,0.22727272727272727,22.0,0.32727272727272727,0.32142857142857145,0.3333333333333333,27.0,0.0,0.0,0.0,4.0
p_1810,0.22139784946236557,0.22845076492135313,0.2566776869814734,0.3112853444842692,0.3261637418500164,0.3333333333333333,108.0,0.2,0.23529411764705882,0.17391304347826086,23.0,0.2903225806451613,0.2,0.5294117647058824,17.0,0.06666666666666667,0.14285714285714285,0.043478260869565216,23.0,0.55,0.5641025641025641,0.5365853658536586,41.0,0.0,0.0,0.0,4.0
p_1811,0.27298763736263737,0.32593984962406014,0.2740537240537241,0.351860754985755,0.3362573099415205,0.4074074074074074,108.0,0.0,0.0,0.0,29.0,0.6153846153846154,1.0,0.4444444444444444,9.0,0.17142857142857143,0.14285714285714285,0.21428571428571427,14.0,0.578125,0.4868421052631579,0.7115384615384616,52.0,0.0,0.0,0.0,4.0
p_1812,0.12490421455938698,0.1308080808080808,0.18577777777777776,0.24744572158365263,0.2262205387205387,0.37962962962962965,108.0,0.0,0.0,0.0,24.0,0.0,0.0,0.0,9.0,0.06896551724137931,0.25,0.04,25.0,0.5555555555555556,0.40404040404040403,0.8888888888888888,45.0,0.0,0.0,0.0,5.0
p_1813,0.34131596798263464,0.34623658949745906,0.35097744360902255,0.43711743217916055,0.4277943775226384,0.46296296296296297,108.0,0.5432098765432098,0.4782608695652174,0.6285714285714286,35.0,0.26666666666666666,0.36363636363636365,0.21052631578947367,19.0,0.34285714285714286,0.375,0.3157894736842105,19.0,0.5538461538461539,0.5142857142857142,0.6,30.0,0.0,0.0,0.0,5.0
p_1814,0.22127304793971456,0.2218705270006506,0.2521022455805065,0.2733513856970647,0.27092731150148197,0.3148148148148148,108.0,0.2909090909090909,0.27586206896551724,0.3076923076923077,26.0,0.2857142857142857,0.375,0.23076923076923078,26.0,0.06060606060606061,0.1,0.043478260869565216,23.0,0.4691358024691358,0.3584905660377358,0.6785714285714286,28.0,0.0,0.0,0.0,5.0
p_1815,0.2966101694915254,0.303909026297086,0.3123529411764706,0.42576898932831136,0.39304798757535075,0.48148148148148145,108.0,0.3389830508474576,0.2857142857142857,0.4166666666666667,24.0,0.5,0.6666666666666666,0.4,10.0,0.6440677966101694,0.5671641791044776,0.7450980392156863,51.0,0.0,0.0,0.0,18.0,0.0,0.0,0.0,5.0
p_1816,0.20101029512697322,0.21571906354515052,0.23947923255323636,0.3096428480642619,0.3377307072959247,0.3611111111111111,108.0,0.1702127659574468,0.3076923076923077,0.11764705882352941,34.0,0.0,0.0,0.0,1.0,0.48,0.34782608695652173,0.7741935483870968,31.0,0.3548387096774194,0.4230769230769231,0.3055555555555556,36.0,0.0,0.0,0.0,6.0
p_1817,0.25322741982936153,0.24822482435597187,0.2680952380952381,0.3994573567389101,0.38170699973978656,0.4351851851851852,108.0,0.5631067961165048,0.47540983606557374,0.6904761904761905,42.0,0.0,0.0,0.0,6.0,0.43636363636363634,0.48,0.4,30.0,0.26666666666666666,0.2857142857142857,0.25,24.0,0.0,0.0,0.0,6.0
p_1818,0.2724145299145299,0.2839653304442037,0.2845156369183829,0.44275779518835073,0.4345130612736246,0.49074074074074076,108.0,0.6495726495726496,0.5352112676056338,0.8260869565217391,46.0,0.0,0.0,0.0,7.0,0.4,0.5,0.3333333333333333,30.0,0.3125,0.38461538461538464,0.2631578947368421,19.0,0.0,0.0,0.0,6.0
p_1819,0.2971478443485317,0.2842701525054466,0.32291666666666663,0.43372130286851995,0.41428225611232145,0.4722222222222222,108.0,0.5806451612903226,0.6,0.5625,32.0,0.0,0.0,0.0,8.0,0.5542168674698795,0.45098039215686275,0.71875,32.0,0.3508771929824561,0.37037037037037035,0.3333333333333333,30.0,0.0,0.0,0.0,6.0
p_1820,0.26831812331812327,0.26851125703564727,0.27430570429071177,0.31475894184227515,0.3129086321311931,0.32407407407407407,108.0,0.32727272727272727,0.34615384615384615,0.3103448275862069,29.0,0.2702702702702703,0.3125,0.23809523809523808,21.0,0.4583333333333333,0.44,0.4782608695652174,23.0,0.2857142857142857,0.24390243902439024,0.3448275862068966,29.0,0.0,0.0,0.0,6.0
p_1821,0.30257100622954286,0.2873311643497979,0.3333333333333333,0.44542624268234027,0.42354606899120356,0.49074074074074076,108.0,0.32142857142857145,0.391304347826087,0.2727272727272727,33.0,0.0,0.0,0.0,6.0,0.6060606060606061,0.5555555555555556,0.6666666666666666,30.0,0.5853658536585366,0.4897959183673469,0.7272727272727273,33.0,0.0,0.0,0.0,6.0
p_1822,0.35817911557041987,0.3535886818495514,0.37638691322901846,0.5522888365883535,0.5449176315722211,0.5833333333333334,108.0,0.4888888888888889,0.4782608695652174,0.5,22.0,0.0,0.0,0.0,5.0,0.717391304347826,0.6111111111111112,0.868421052631579,38.0,0.5846153846153846,0.6785714285714286,0.5135135135135135,37.0,0.0,0.0,0.0,6.0
p_1823,0.2643687352645149,0.32,0.28118585084357517,0.4199964969312403,0.45185185185185184,0.48148148148148145,108.0,0.3902439024390244,0.4,0.38095238095238093,21.0,0.0,0.0,0.0,11.0,0.27586206896551724,0.6666666666666666,0.17391304347826086,23.0,0.6557377049180327,0.5333333333333333,0.851063829787234,47.0,0.0,0.0,0.0,6.0
p_1824,0.3127731092436975,0.40748753561253553,0.29198315001510966,0.36228602552131967,0.39756161298406667,0.37962962962962965,108.0,0.35714285714285715,0.37037037037037035,0.3448275862068966,29.0,0.5333333333333333,1.0,0.36363636363636365,11.0,0.23529411764705882,0.3076923076923077,0.19047619047619047,21.0,0.4380952380952381,0.359375,0.5609756097560976,41.0,0.0,0.0,0.0,6.0
p_1825,0.21440548780487806,0.3971576227390181,0.23601190476190476,0.31329748193315266,0.3967365298114652,0.39814814814814814,108.0,0.24390243902439024,0.5555555555555556,0.15625,32.0,0.25,1.0,0.14285714285714285,7.0,0.578125,0.43023255813953487,0.8809523809523809,42.0,0.0,0.0,0.0,21.0,0.0,0.0,0.0,6.0
p_1826,0.3509938090583252,0.4475918570009931,0.4316771159874608,0.4195358603960755,0.5709547059472582,0.4722222222222222,108.0,0.4444444444444444,0.375,0.5454545454545454,22.0,0.4444444444444444,0.3157894736842105,0.75,8.0,0.24242424242424243,1.0,0.13793103448275862,29.0,0.6236559139784946,0.5471698113207547,0.725,40.0,0.0,0.0,0.0,9.0
p_1827,0.19978925184404636,0.17142857142857143,0.25,0.35874019435663274,0.31746031746031744,0.42592592592592593,108.0,0.6153846153846154,0.5714285714285714,0.6666666666666666,48.0,0.0,0.0,0.0,7.0,0.3835616438356164,0.2857142857142857,0.5833333333333334,24.0,0.0,0.0,0.0,20.0,0.0,0.0,0.0,9.0
p_1828,0.27236740499898393,0.25593395252837975,0.29141414141414146,0.41293774977985503,0.3858693574895845,0.4444444444444444,108.0,0.5263157894736842,0.49019607843137253,0.5681818181818182,44.0,0.0,0.0,0.0,5.0,0.3783783783783784,0.3684210526315789,0.3888888888888889,18.0,0.45714285714285713,0.42105263157894735,0.5,32.0,0.0,0.0,0.0,9.0
p_1829,0.2599917465711858,0.2649128649128649,0.27489177489177485,0.3584135225568247,0.3464817075928187,0.39814814814814814,108.0,0.23809523809523808,0.23809523809523808,0.23809523809523808,21.0,0.24,0.23076923076923078,0.25,12.0,0.24242424242424243,0.36363636363636365,0.18181818181818182,22.0,0.5794392523364486,0.49206349206349204,0.7045454545454546,44.0,0.0,0.0,0.0,9.0
p_1830,0.39710884353741494,0.3772338772338772,0.46818807790674805,0.49009511211892165,0.4846722207833319,0.5277777777777778,108.0,0.6938775510204082,0.6538461538461539,0.7391304347826086,46.0,0.625,0.45454545454545453,1.0,10.0,0.2857142857142857,0.2777777777777778,0.29411764705882354,17.0,0.38095238095238093,0.5,0.3076923076923077,26.0,0.0,0.0,0.0,9.0
p_1831,0.2554817813765182,0.23224318154511595,0.28476190476190477,0.3516389263757685,0.3215398204885169,0.3888888888888889,108.0,0.5789473684210527,0.5365853658536586,0.6285714285714286,35.0,0.3384615384615385,0.3142857142857143,0.36666666666666664,30.0,0.0,0.0,0.0,13.0,0.36,0.3103448275862069,0.42857142857142855,21.0,0.0,0.0,0.0,9.0
p_1832,0.23832129342965258,0.23318883984867594,0.27957894736842104,0.305367631133025,0.29420953306711506,0.3611111111111111,108.0,0.4444444444444444,0.36065573770491804,0.5789473684210527,38.0,0.3157894736842105,0.46153846153846156,0.24,25.0,0.0,0.0,0.0,17.0,0.43137254901960786,0.34375,0.5789473684210527,19.0,0.0,0.0,0.0,9.0
p_1833,0.26658615136876007,0.24318181818181817,0.3064057564057564,0.3550575535277629,0.3317287457912458,0.39814814814814814,108.0,0.48148148148148145,0.40625,0.5909090909090909,22.0,0.0,0.0,0.0,12.0,0.43478260869565216,0.46875,0.40540540540540543,37.0,0.4166666666666667,0.3409090909090909,0.5357142857142857,28.0,0.0,0.0,0.0,9.0
p_1834,0.2701665281816923,0.24938097752743058,0.3083935539817893,0.3149390986679797,0.2993126318831887,0.3425925925925926,108.0,0.3125,0.3333333333333333,0.29411764705882354,34.0,0.4666666666666667,0.3684210526315789,0.6363636363636364,11.0,0.43373493975903615,0.391304347826087,0.4864864864864865,37.0,0.13793103448275862,0.15384615384615385,0.125,16.0,0.0,0.0,0.0,10.0
p_1835,0.21512420442671226,0.24256132756132756,0.2537081339712918,0.2999124385618639,0.3104644326866549,0.37037037037037035,108.0,0.1875,0.375,0.125,24.0,0.27586206896551724,0.2222222222222222,0.36363636363636365,11.0,0.5289256198347108,0.4155844155844156,0.7272727272727273,44.0,0.08333333333333333,0.2,0.05263157894736842,19.0,0.0,0.0,0.0,10.0
p_1836,0.17389847545652537,0.14966740576496673,0.22133333333333333,0.3150071666573593,0.2613020448386302,0.4166666666666667,108.0,0.0,0.0,0.0,22.0,0.0,0.0,0.0,6.0,0.6141732283464567,0.47560975609756095,0.8666666666666667,45.0,0.2553191489361702,0.2727272727272727,0.24,25.0,0.0,0.0,0.0,10.0
p_1837,0.2699716312056738,0.28231251507113575,0.2869852369852369,0.4175144470711847,0.4132332386642731,0.4537037037037037,108.0,0.5531914893617021,0.4482758620689655,0.7222222222222222,36.0,0.13333333333333333,0.25,0.09090909090909091,11.0,0.5833333333333334,0.6363636363636364,0.5384615384615384,39.0,0.08,0.07692307692307693,0.08333333333333333,12.0,0.0,0.0,0.0,10.0
p_1838,0.38349348435026187,0.40872844120925966,0.4172807524131672,0.4497134038800706,0.4767331433998101,0.49074074074074076,108.0,0.5217391304347826,0.391304347826087,0.782608695652174,23.0,0.375,0.5,0.3,10.0,0.39215686274509803,0.5882352941176471,0.29411764705882354,34.0,0.6285714285714286,0.5641025641025641,0.7096774193548387,31.0,0.0,0.0,0.0,10.0
p_1839,0.3379900167471505,0.35191511387163554,0.35914120437447006,0.4004952182398811,0.42043602867878227,0.42592592592592593,108.0,0.5384615384615384,0.6086956521739131,0.4827586206896552,29.0,0.3076923076923077,0.3333333333333333,0.2857142857142857,7.0,0.4578313253012048,0.3392857142857143,0.7037037037037037,27.0,0.38596491228070173,0.4782608695652174,0.3235294117647059,34.0,0.0,0.0,0.0,11.0
p_1840,0.24267400183379179,0.2629192881126735,0.25907748165812683,0.30574094140819147,0.3040338329413632,0.3425925925925926,108.0,0.13953488372093023,0.17647058823529413,0.11538461538461539,26.0,0.2,0.3333333333333333,0.14285714285714285,7.0,0.4222222222222222,0.3220338983050847,0.6129032258064516,31.0,0.45161290322580644,0.4827586206896552,0.42424242424242425,33.0,0.0,0.0,0.0,11.0
p_1841,0.2976362086336511,0.2884795321637427,0.31714285714285717,0.32941664442090696,0.31782813515269653,0.35185185185185186,108.0,0.3188405797101449,0.3055555555555556,0.3333333333333333,33.0,0.4117647058823529,0.3684210526315789,0.4666666666666667,15.0,0.42424242424242425,0.3684210526315789,0.5,28.0,0.3333333333333333,0.4,0.2857142857142857,21.0,0.0,0.0,0.0,11.0
p_1842,0.3419269026139255,0.4419047619047619,0.3315609284649532,0.47301310389732787,0.5109347442680776,0.5185185185185185,108.0,0.6717557251908397,0.5714285714285714,0.8148148148148148,54.0,0.3333333333333333,0.4,0.2857142857142857,7.0,0.25,0.23809523809523808,0.2631578947368421,19.0,0.45454545454545453,1.0,0.29411764705882354,17.0,0.0,0.0,0.0,11.0
p_1843,0.29702380952380947,0.26586844050258684,0.3448160535117057,0.3877039241622575,0.3494867372916154,0.4444444444444444,108.0,0.4375,0.34146341463414637,0.6086956521739131,23.0,0.0,0.0,0.0,15.0,0.5714285714285714,0.5333333333333333,0.6153846153846154,39.0,0.47619047619047616,0.45454545454545453,0.5,20.0,0.0,0.0,0.0,11.0
p_1844,0.32366325056743933,0.32666666666666666,0.358867816091954,0.37799386324903894,0.37623456790123455,0.42592592592592593,108.0,0.5,0.4,0.6666666666666666,27.0,0.3225806451612903,0.3333333333333333,0.3125,16.0,0.5671641791044776,0.5,0.6551724137931034,29.0,0.22857142857142856,0.4,0.16,25.0,0.0,0.0,0.0,11.0
p_1845,0.2799752748465716,0.2580678708264915,0.3167206994793202,0.3538364869350785,0.32738830099941213,0.39814814814814814,108.0,0.0,0.0,0.0,15.0,0.4788732394366197,0.37777777777777777,0.6538461538461539,26.0,0.4727272727272727,0.4642857142857143,0.48148148148148145,27.0,0.4482758620689655,0.4482758620689655,0.4482758620689655,29.0,0.0,0.0,0.0,11.0
p_1846,0.18741258741258743,0.282,0.2351421188630491,0.28891478891478894,0.32990740740740737,0.4166666666666667,108.0,0.0,0.0,0.0,20.0,0.0,0.0,0.0,16.0,0.5734265734265734,0.41,0.9534883720930233,43.0,0.36363636363636365,1.0,0.2222222222222222,18.0,0.0,0.0,0.0,11.0
p_1847,0.18674553344161354,0.16530075187969923,0.21541745730550285,0.22976619197559298,0.2013140490114174,0.26851851851851855,108.0,0.2535211267605634,0.225,0.2903225806451613,31.0,0.34285714285714286,0.3157894736842105,0.375,16.0,0.3373493975903614,0.2857142857142857,0.4117647058823529,34.0,0.0,0.0,0.0,16.0,0.0,0.0,0.0,11.0
p_1848,0.27347259658580414,0.3106493506493506,0.282631946059056,0.388089206681974,0.3865239698573032,0.4351851851851852,108.0,0.3333333333333333,0.5714285714285714,0.23529411764705882,17.0,0.125,0.2,0.09090909090909091,11.0,0.6071428571428571,0.5151515151515151,0.7391304347826086,46.0,0.3018867924528302,0.26666666666666666,0.34782608695652173,23.0,0.0,0.0,0.0,11.0
p_1849,0.35974183036575236,0.3535441370223979,0.3896551724137931,0.4469386730632988,0.44267432781925536,0.4722222222222222,108.0,0.5813953488372093,0.5434782608695652,0.625,40.0,0.2727272727272727,0.3,0.25,12.0,0.43478260869565216,0.3333333333333333,0.625,16.0,0.5098039215686274,0.5909090909090909,0.4482758620689655,29.0,0.0,0.0,0.0,11.0
p_1850,0.24730331519049975,0.22169115442278858,0.28373737373737373,0.2991185148532996,0.2634305069687379,0.35185185185185186,108.0,0.5531914893617021,0.52,0.5909090909090909,22.0,0.40425531914893614,0.3275862068965517,0.5277777777777778,36.0,0.0,0.0,0.0,16.0,0.27906976744186046,0.2608695652173913,0.3,20.0,0.0,0.0,0.0,14.0
p_1851,0.2986598922457887,0.2971414550361918,0.30972222222222223,0.3395151186786596,0.3313010900730199,0.3611111111111111,108.0,0.3225806451612903,0.3333333333333333,0.3125,16.0,0.5116279069767442,0.5789473684210527,0.4583333333333333,24.0,0.4090909090909091,0.34615384615384615,0.5,36.0,0.25,0.22727272727272727,0.2777777777777778,18.0,0.0,0.0,0.0,14.0
p_1852,0.21263586956521738,0.17817283950617285,0.268693009118541,0.36847700281803547,0.3010242341106539,0.48148148148148145,108.0,0.671875,0.5308641975308642,0.9148936170212766,47.0,0.0,0.0,0.0,12.0,0.391304347826087,0.36,0.42857142857142855,21.0,0.0,0.0,0.0,13.0,0.0,0.0,0.0,15.0
p_1853,0.22043290043290042,0.17908402452217814,0.305720823798627,0.35580407247073914,0.30159541077319657,0.4537037037037037,108.0,0.6476190476190476,0.576271186440678,0.7391304347826086,46.0,0.0,0.0,0.0,14.0,0.45454545454545453,0.3191489361702128,0.7894736842105263,19.0,0.0,0.0,0.0,11.0,0.0,0.0,0.0,18.0
p_1854,0.24250496343519598,0.21221001221001218,0.2889521100047415,0.31822547907819226,0.27708813819924927,0.37962962962962965,108.0,0.5079365079365079,0.41025641025641024,0.6666666666666666,24.0,0.0,0.0,0.0,9.0,0.4883720930232558,0.42857142857142855,0.5675675675675675,37.0,0.21621621621621623,0.2222222222222222,0.21052631578947367,19.0,0.0,0.0,0.0,19.0
p_1855,0.261238433287511,0.2358840579710145,0.312316715542522,0.3097920290466301,0.28469672571121846,0.3611111111111111,108.0,0.5245901639344263,0.5333333333333333,0.5161290322580645,31.0,0.0,0.0,0.0,13.0,0.4411764705882353,0.32608695652173914,0.6818181818181818,22.0,0.3404255319148936,0.32,0.36363636363636365,22.0,0.0,0.0,0.0,20.0
p_1856,0.3052770885028949,0.29490753911806544,0.34096296296296297,0.3328646264130135,0.3226634529266108,0.37037037037037035,108.0,0.4,0.34210526315789475,0.48148148148148145,27.0,0.5161290322580645,0.43243243243243246,0.64,25.0,0.41025641025641024,0.5333333333333333,0.3333333333333333,24.0,0.2,0.16666666666666666,0.25,12.0,0.0,0.0,0.0,20.0
p_1857,0.24228070175438593,0.20684931506849313,0.2939574468085106,0.4128248862897986,0.3482369355657027,0.5092592592592593,108.0,0.5614035087719298,0.5,0.64,25.0,0.0,0.0,0.0,4.0,0.65,0.5342465753424658,0.8297872340425532,47.0,0.0,0.0,0.0,12.0,0.0,0.0,0.0,20.0
p_1858,0.2945647245045824,0.34288277511961723,0.29031327770458204,0.27894689701688063,0.32788133528265107,0.2777777777777778,108.0,0.3384615384615385,0.2894736842105263,0.4074074074074074,27.0,0.3225806451612903,0.625,0.21739130434782608,23.0,0.2033898305084746,0.1875,0.2222222222222222,27.0,0.45454545454545453,0.45454545454545453,0.45454545454545453,11.0,0.15384615384615385,0.15789473684210525,0.15,20.0
p_1859,0.166654740608229,0.14951807228915662,0.20129509713228494,0.29027694957927513,0.24756247211066484,0.37037037037037035,108.0,0.5076923076923077,0.39759036144578314,0.7021276595744681,47.0,0.0,0.0,0.0,11.0,0.32558139534883723,0.35,0.30434782608695654,23.0,0.0,0.0,0.0,7.0,0.0,0.0,0.0,20.0
p_1860,0.2702274330999294,0.24549732620320858,0.311025641025641,0.34933486925562046,0.3180362448009507,0.39814814814814814,108.0,0.43478260869565216,0.45454545454545453,0.4166666666666667,24.0,0.0,0.0,0.0,5.0,0.47191011235955055,0.42,0.5384615384615384,39.0,0.4444444444444444,0.35294117647058826,0.6,20.0,0.0,0.0,0.0,20.0
p_1861,0.31003465003465003,0.296908888213236,0.3671245421245421,0.29056556556556556,0.2876911065316862,0.3333333333333333,108.0,0.3333333333333333,0.2727272727272727,0.42857142857142855,21.0,0.3384615384615385,0.28205128205128205,0.4230769230769231,26.0,0.3783783783783784,0.5384615384615384,0.2916666666666667,24.0,0.5,0.391304347826087,0.6923076923076923,13.0,0.0,0.0,0.0,24.0
p_1862,0.21288129488305083,0.19034774367573087,0.24905303030303028,0.26563929139287645,0.24069753941446,0.3055555555555556,108.0,0.27450980392156865,0.2413793103448276,0.3181818181818182,22.0,0.0,0.0,0.0,5.0,0.3283582089552239,0.2558139534883721,0.4583333333333333,24.0,0.46153846153846156,0.45454545454545453,0.46875,32.0,0.0,0.0,0.0,25.0
p_1863,0.2845443699023999,0.2772037953126267,0.3366794543904518,0.26864538125466797,0.2596399619147166,0.32407407407407407,108.0,0.20689655172413793,0.2727272727272727,0.16666666666666666,18.0,0.32558139534883723,0.3684210526315789,0.2916666666666667,24.0,0.3902439024390244,0.2711864406779661,0.6956521739130435,23.0,0.5,0.47368421052631576,0.5294117647058824,17.0,0.0,0.0,0.0,26.0
p_1864,0.22881688757977417,0.24167557932263817,0.27994994438264736,0.2935394279895998,0.28530237010629167,0.37037037037037035,108.0,0.4536082474226804,0.3235294117647059,0.7586206896551724,29.0,0.0,0.0,0.0,6.0,0.19047619047619047,0.4,0.125,16.0,0.5,0.48484848484848486,0.5161290322580645,31.0,0.0,0.0,0.0,26.0
p_1865,0.26849816849816854,0.22314814814814815,0.3383006535947712,0.2807794057794058,0.23426783264746226,0.35185185185185186,108.0,0.46153846153846156,0.375,0.6,25.0,0.0,0.0,0.0,12.0,0.38095238095238093,0.3333333333333333,0.4444444444444444,27.0,0.5,0.4074074074074074,0.6470588235294118,17.0,0.0,0.0,0.0,27.0
p_1866,0.18365811965811965,0.1726559452078547,0.21556424459650264,0.2389110477999367,0.2202049246784606,0.28703703703703703,108.0,0.0,0.0,0.0,12.0,0.0,0.0,0.0,16.0,0.15384615384615385,0.17647058823529413,0.13636363636363635,22.0,0.4444444444444444,0.3389830508474576,0.6451612903225806,31.0,0.32,0.34782608695652173,0.2962962962962963,27.0
p_1867,0.2255333213975844,0.20781954887218043,0.2556877820035715,0.2657591416870314,0.24284321915900867,0.3055555555555556,108.0,0.0,0.0,0.0,16.0,0.5121951219512195,0.42857142857142855,0.6363636363636364,33.0,0.22727272727272727,0.2,0.2631578947368421,19.0,0.21428571428571427,0.2,0.23076923076923078,13.0,0.17391304347826086,0.21052631578947367,0.14814814814814814,27.0
p_1868,0.3020817864312625,0.4174625374625375,0.33487835661748705,0.3923002217353619,0.5248621748621748,0.4537037037037037,108.0,0.47058823529411764,0.42857142857142855,0.5217391304347826,23.0,0.0,0.0,0.0,9.0,0.6078431372549019,0.47692307692307695,0.8378378378378378,37.0,0.17391304347826086,0.18181818181818182,0.16666666666666666,12.0,0.25806451612903225,1.0,0.14814814814814814,27.0
p_1869,0.23030003025052936,0.22014654554700322,0.26807963539597723,0.245202439190834,0.2418384625986965,0.2777777777777778,108.0,0.4057971014492754,0.30434782608695654,0.6086956521739131,23.0,0.0,0.0,0.0,16.0,0.3137254901960784,0.36363636363636365,0.27586206896551724,29.0,0.25806451612903225,0.2222222222222222,0.3076923076923077,13.0,0.17391304347826086,0.21052631578947367,0.14814814814814814,27.0
p_1870,0.29615634606938956,0.28782608695652173,0.3125848810059336,0.38377161307112995,0.3630434782608696,0.4166666666666667,108.0,0.5777777777777777,0.5,0.6842105263157895,38.0,0.0,0.0,0.0,9.0,0.4090909090909091,0.391304347826087,0.42857142857142855,21.0,0.17391304347826086,0.2,0.15384615384615385,13.0,0.32,0.34782608695652173,0.2962962962962963,27.0
p_1871,0.19058737952354976,0.18439628482972137,0.2132900432900433,0.23165727101897315,0.2190975805526889,0.26851851851851855,108.0,0.4222222222222222,0.3333333333333333,0.5757575757575758,33.0,0.0,0.0,0.0,10.0,0.26666666666666666,0.26666666666666666,0.26666666666666666,15.0,0.05128205128205128,0.058823529411764705,0.045454545454545456,22.0,0.2127659574468085,0.2631578947368421,0.17857142857142858,28.0
p_1872,0.1322083639031548,0.12963416292669658,0.16775729646697388,0.14807342191788267,0.1546219482095995,0.16666666666666666,108.0,0.0,0.0,0.0,18.0,0.0,0.0,0.0,16.0,0.20689655172413793,0.2222222222222222,0.1935483870967742,31.0,0.2413793103448276,0.16279069767441862,0.4666666666666667,15.0,0.2127659574468085,0.2631578947368421,0.17857142857142858,28.0
p_1873,0.24437915118766185,0.24108395989974934,0.256228538486603,0.2995219749750877,0.29663394597605125,0.3148148148148148,108.0,0.6382978723404256,0.6,0.6818181818181818,22.0,0.0,0.0,0.0,6.0,0.30952380952380953,0.2708333333333333,0.3611111111111111,36.0,0.07407407407407407,0.07142857142857142,0.07692307692307693,13.0,0.2,0.2631578947368421,0.16129032258064516,31.0
p_1874,0.12553024351924585,0.11368421052631579,0.19377289377289378,0.20228535684152338,0.15896686159844056,0.3333333333333333,108.0,0.5223880597014925,0.3684210526315789,0.8974358974358975,39.0,0.10526315789473684,0.2,0.07142857142857142,14.0,0.0,0.0,0.0,13.0,0.0,0.0,0.0,11.0,0.0,0.0,0.0,31.0
p_1875,0.3164447370861048,0.31858482523444154,0.3338147300618697,0.3354720397594351,0.3490304334294104,0.3425925925925926,108.0,0.5531914893617021,0.4642857142857143,0.6842105263157895,19.0,0.09523809523809523,0.08333333333333333,0.1111111111111111,9.0,0.3137254901960784,0.2857142857142857,0.34782608695652173,23.0,0.3181818181818182,0.4117647058823529,0.25925925925925924,27.0,0.3018867924528302,0.34782608695652173,0.26666666666666666,30.0
p_1876,0.24281282425936515,0.31075280173678343,0.2665789473684211,0.26601076570503546,0.3254307731424436,0.2962962962962963,108.0,0.41975308641975306,0.2982456140350877,0.7083333333333334,24.0,0.24242424242424243,0.3076923076923077,0.2,20.0,0.25,0.6,0.15789473684210525,19.0,0.0,0.0,0.0,15.0,0.3018867924528302,0.34782608695652173,0.26666666666666666,30.0
p_1877,0.2562265538958103,0.2732811463735499,0.2730354621483654,0.2829466100934017,0.29031621834605187,0.3055555555555556,108.0,0.2857142857142857,0.23255813953488372,0.37037037037037035,27.0,0.11764705882352941,0.2,0.08333333333333333,12.0,0.09090909090909091,0.16666666666666666,0.0625,16.0,0.49056603773584906,0.41935483870967744,0.5909090909090909,22.0,0.2962962962962963,0.34782608695652173,0.25806451612903225,31.0
p_1878,0.30296363271046817,0.40975975975975976,0.3306585592769803,0.33323147590025226,0.4733483483483483,0.37037037037037035,108.0,0.2222222222222222,0.2222222222222222,0.2222222222222222,18.0,0.2222222222222222,0.3333333333333333,0.16666666666666666,6.0,0.5822784810126582,0.5,0.696969696969697,33.0,0.32142857142857145,0.24324324324324326,0.47368421052631576,19.0,0.16666666666666666,0.75,0.09375,32.0
p_1879,0.18221808207835222,0.2644230769230769,0.24362108479755537,0.24441607679200186,0.379852207977208,0.3333333333333333,108.0,0.5309734513274337,0.38461538461538464,0.8571428571428571,35.0,0.0,0.0,0.0,6.0,0.0,0.0,0.0,22.0,0.2222222222222222,0.1875,0.2727272727272727,11.0,0.15789473684210525,0.75,0.08823529411764706,34.0
p_1880,0.23415778704102577,0.31971544715447153,0.2713906485671192,0.2766487534385233,0.42458032219211084,0.3148148148148148,108.0,0.12903225806451613,0.125,0.13333333333333333,15.0,0.0,0.0,0.0,8.0,0.47761194029850745,0.3902439024390244,0.6153846153846154,26.0,0.40625,0.3333333333333333,0.52,25.0,0.15789473684210525,0.75,0.08823529411764706,34.0
p_1881,0.20026121802800176,0.1962502875546354,0.22400921658986173,0.2740642710686742,0.27189781799282603,0.3055555555555556,108.0,0.4470588235294118,0.35185185185185186,0.6129032258064516,31.0,0.0,0.0,0.0,4.0,0.24390243902439024,0.23809523809523808,0.25,20.0,0.0,0.0,0.0,18.0,0.3103448275862069,0.391304347826087,0.2571428571428571,35.0
p_1882,0.26347619410034817,0.2880044593088071,0.2748593350383632,0.2852470936228027,0.3071797968537099,0.2962962962962963,108.0,0.3018867924528302,0.26666666666666666,0.34782608695652173,23.0,0.20689655172413793,0.25,0.17647058823529413,17.0,0.14285714285714285,0.25,0.1,10.0,0.36065573770491804,0.28205128205128205,0.5,22.0,0.3050847457627119,0.391304347826087,0.25,36.0
p_1883,0.2797647722107103,0.2749553794531306,0.30560961226595895,0.28379489009846504,0.29396379852401844,0.2962962962962963,108.0,0.5416666666666666,0.4482758620689655,0.6842105263157895,19.0,0.13793103448275862,0.16666666666666666,0.11764705882352941,17.0,0.2777777777777778,0.23809523809523808,0.3333333333333333,15.0,0.13636363636363635,0.13043478260869565,0.14285714285714285,21.0,0.3050847457627119,0.391304347826087,0.25,36.0
p_1884,0.20203374844520372,0.20120043000477783,0.21615384615384614,0.25909167983490994,0.26783557625948934,0.26851851851851855,108.0,0.27692307692307694,0.23076923076923078,0.34615384615384615,26.0,0.0,0.0,0.0,10.0,0.08333333333333333,0.07142857142857142,0.1,10.0,0.3448275862068966,0.3125,0.38461538461538464,26.0,0.3050847457627119,0.391304347826087,0.25,36.0
p_1885,0.3209961685823755,0.3236842105263158,0.32611362493715434,0.31956100873725396,0.335461338531514,0.3148148148148148,108.0,0.2857142857142857,0.26666666666666666,0.3076923076923077,26.0,0.4827586206896552,0.4666666666666667,0.5,14.0,0.11428571428571428,0.1,0.13333333333333333,15.0,0.3888888888888889,0.3684210526315789,0.4117647058823529,17.0,0.3333333333333333,0.4166666666666667,0.2777777777777778,36.0
p_1886,0.25766178266178263,0.2514319014319014,0.3059318996415771,0.2896740605073938,0.30883005883005876,0.3055555555555556,108.0,0.23076923076923078,0.2857142857142857,0.1935483870967742,31.0,0.0,0.0,0.0,7.0,0.375,0.2727272727272727,0.6,10.0,0.3492063492063492,0.28205128205128205,0.4583333333333333,24.0,0.3333333333333333,0.4166666666666667,0.2777777777777778,36.0
p_1887,0.25265340914194356,0.2720920383963862,0.26531772575250834,0.2766022735929682,0.30546885347609987,0.28703703703703703,108.0,0.3783783783783784,0.2916666666666667,0.5384615384615384,26.0,0.08333333333333333,0.07142857142857142,0.1,10.0,0.17647058823529413,0.2727272727272727,0.13043478260869565,23.0,0.32,0.3333333333333333,0.3076923076923077,13.0,0.3050847457627119,0.391304347826087,0.25,36.0
p_1888,0.2606502816180235,0.2668376068376069,0.2751322751322751,0.30893947583015685,0.31942070275403606,0.32407407407407407,108.0,0.4722222222222222,0.37777777777777777,0.6296296296296297,27.0,0.1111111111111111,0.1,0.125,8.0,0.2222222222222222,0.26666666666666666,0.19047619047619047,21.0,0.14285714285714285,0.16666666666666666,0.125,16.0,0.3548387096774194,0.4230769230769231,0.3055555555555556,36.0
p_1889,0.23852258447432514,0.255,0.25542929292929295,0.3075704701242451,0.3216600529100529,0.3333333333333333,108.0,0.42696629213483145,0.3392857142857143,0.5757575757575758,33.0,0.0,0.0,0.0,5.0,0.16,0.2857142857142857,0.1111111111111111,18.0,0.2777777777777778,0.25,0.3125,16.0,0.32786885245901637,0.4,0.2777777777777778,36.0
p_1890,0.2869497492628886,0.2918592518592518,0.29329734592892487,0.30653800292754746,0.32095723206834315,0.3055555555555556,108.0,0.3225806451612903,0.2777777777777778,0.38461538461538464,26.0,0.2222222222222222,0.2,0.25,8.0,0.24242424242424243,0.2857142857142857,0.21052631578947367,19.0,0.2926829268292683,0.2727272727272727,0.3157894736842105,19.0,0.3548387096774194,0.4230769230769231,0.3055555555555556,36.0
p_1891,0.2458803540522787,0.2386224768139662,0.2750534188034188,0.2992660048690017,0.2973478763815643,0.32407407407407407,108.0,0.43037974683544306,0.3617021276595745,0.53125,32.0,0.2702702702702703,0.20833333333333334,0.38461538461538464,13.0,0.17391304347826086,0.2,0.15384615384615385,13.0,0.0,0.0,0.0,14.0,0.3548387096774194,0.4230769230769231,0.3055555555555556,36.0
p_1892,0.2834591114883984,0.2821921921921922,0.3099270699270699,0.33608330582280077,0.33946863530196864,0.3611111111111111,108.0,0.46875,0.40540540540540543,0.5555555555555556,27.0,0.0,0.0,0.0,8.0,0.38596491228070173,0.3055555555555556,0.5238095238095238,21.0,0.24,0.3,0.2,15.0,0.3225806451612903,0.4,0.2702702702702703,37.0
p_1893,0.3412284090889834,0.35750915750915746,0.34247244647244646,0.3350273754277764,0.35382580382580386,0.3333333333333333,108.0,0.2807017543859649,0.22857142857142856,0.36363636363636365,22.0,0.25,0.3333333333333333,0.2,10.0,0.5517241379310345,0.5333333333333333,0.5714285714285714,14.0,0.27450980392156865,0.2692307692307692,0.28,25.0,0.3492063492063492,0.4230769230769231,0.2972972972972973,37.0
p_1894,0.24094775185876882,0.23515795206971676,0.26403088803088803,0.2683281085028967,0.2757743786815137,0.2777777777777778,108.0,0.16216216216216217,0.1875,0.14285714285714285,21.0,0.0,0.0,0.0,10.0,0.46153846153846156,0.375,0.6,15.0,0.23728813559322035,0.20588235294117646,0.28,25.0,0.34375,0.4074074074074074,0.2972972972972973,37.0
p_1895,0.24796314796314797,0.2497854526425955,0.25691977691977697,0.32917750973306525,0.33250915750915744,0.3425925925925926,108.0,0.4523809523809524,0.3877551020408163,0.5428571428571428,35.0,0.0,0.0,0.0,6.0,0.18181818181818182,0.2,0.16666666666666666,12.0,0.2564102564102564,0.23809523809523808,0.2777777777777778,18.0,0.3492063492063492,0.4230769230769231,0.2972972972972973,37.0
p_1896,0.29844059008145696,0.29772050704713243,0.315015015015015,0.3245089652038397,0.3345483743123062,0.3333333333333333,108.0,0.16216216216216217,0.17647058823529413,0.15,20.0,0.21052631578947367,0.18181818181818182,0.25,8.0,0.47619047619047616,0.39473684210526316,0.6,25.0,0.29411764705882354,0.3125,0.2777777777777778,18.0,0.3492063492063492,0.4230769230769231,0.2972972972972973,37.0
p_1897,0.23035366790112657,0.23098649634118745,0.26099422499422503,0.27120001724427795,0.27953889275399574,0.2962962962962963,108.0,0.4788732394366197,0.3695652173913043,0.68,25.0,0.125,0.1,0.16666666666666666,6.0,0.1,0.14285714285714285,0.07692307692307693,13.0,0.13043478260869565,0.15789473684210525,0.1111111111111111,27.0,0.31746031746031744,0.38461538461538464,0.2702702702702703,37.0
p_1898,0.24746376811594203,0.2665934065934065,0.25833481608009207,0.3095477724100913,0.33554131054131053,0.3148148148148148,108.0,0.34782608695652173,0.3,0.41379310344827586,29.0,0.0,0.0,0.0,6.0,0.34782608695652173,0.2857142857142857,0.4444444444444444,18.0,0.16666666666666666,0.2857142857142857,0.11764705882352941,17.0,0.375,0.46153846153846156,0.3157894736842105,38.0
p_1899,0.23690462494247586,0.2311319222649272,0.25637958532695376,0.3464054324112424,0.34396947697440305,0.37037037037037035,108.0,0.37735849056603776,0.3448275862068966,0.4166666666666667,24.0,0.0,0.0,0.0,6.0,0.4634146341463415,0.3877551020408163,0.5757575757575758,33.0,0.0,0.0,0.0,7.0,0.34375,0.4230769230769231,0.2894736842105263,38.0
p_1900,0.2725706038597152,0.34219070403280927,0.29984737484737484,0.387535011022704,0.48743465355307464,0.4537037037037037,108.0,0.6050420168067226,0.4675324675324675,0.8571428571428571,42.0,0.0,0.0,0.0,1.0,0.16666666666666666,0.25,0.125,8.0,0.3783783783783784,0.3684210526315789,0.3888888888888889,18.0,0.2127659574468085,0.625,0.1282051282051282,39.0
p_1901,0.23255633255633254,0.23605128205128204,0.25926354347406977,0.26732466274949934,0.2892283950617284,0.25925925925925924,108.0,0.11764705882352941,0.12,0.11538461538461539,26.0,0.2222222222222222,0.15,0.42857142857142855,7.0,0.07692307692307693,0.07692307692307693,0.07692307692307693,13.0,0.36363636363636365,0.4,0.3333333333333333,24.0,0.38235294117647056,0.43333333333333335,0.34210526315789475,38.0
p_1902,0.15732441471571906,0.2045698924731183,0.2263157894736842,0.2715037780255172,0.35620768618080445,0.3888888888888889,108.0,0.5692307692307692,0.3978494623655914,1.0,37.0,0.0,0.0,0.0,7.0,0.0,0.0,0.0,13.0,0.0,0.0,0.0,13.0,0.21739130434782608,0.625,0.13157894736842105,38.0
p_1903,0.29268683750204444,0.3187861811391223,0.31747038536512223,0.32844542886247113,0.3796391396064599,0.3333333333333333,108.0,0.1875,0.17647058823529413,0.2,15.0,0.23529411764705882,0.2222222222222222,0.25,8.0,0.36065573770491804,0.2619047619047619,0.5789473684210527,19.0,0.21621621621621623,0.4,0.14814814814814814,27.0,0.463768115942029,0.5333333333333333,0.41025641025641024,39.0
p_1904,0.2318076126771779,0.2558695402957698,0.2497202797202797,0.2993694442969805,0.329862836010377,0.32407407407407407,108.0,0.3956043956043956,0.29508196721311475,0.6,30.0,0.0,0.0,0.0,5.0,0.2608695652173913,0.2727272727272727,0.25,12.0,0.13333333333333333,0.25,0.09090909090909091,22.0,0.36923076923076925,0.46153846153846156,0.3076923076923077,39.0
p_1905,0.3173607400950426,0.29951769213432494,0.3548368298368298,0.35144321345218343,0.3523689680214359,0.37037037037037035,108.0,0.2641509433962264,0.2413793103448276,0.2916666666666667,24.0,0.0,0.0,0.0,8.0,0.5,0.4117647058823529,0.6363636363636364,11.0,0.45901639344262296,0.4,0.5384615384615384,26.0,0.36363636363636365,0.4444444444444444,0.3076923076923077,39.0
p_1906,0.21258140827326022,0.2157344717259882,0.22243589743589745,0.2652044633642113,0.2796096392773664,0.26851851851851855,108.0,0.26865671641791045,0.21951219512195122,0.34615384615384615,26.0,0.0,0.0,0.0,9.0,0.2926829268292683,0.2608695652173913,0.3333333333333333,18.0,0.13793103448275862,0.15384615384615385,0.125,16.0,0.36363636363636365,0.4444444444444444,0.3076923076923077,39.0
p_1907,0.2975488424687727,0.3085359801488834,0.3132512415121111,0.3312944884452733,0.3537795239408143,0.3333333333333333,108.0,0.3018867924528302,0.25806451612903225,0.36363636363636365,22.0,0.25,0.2,0.3333333333333333,12.0,0.11764705882352941,0.2,0.08333333333333333,12.0,0.4489795918367347,0.4230769230769231,0.4782608695652174,23.0,0.36923076923076925,0.46153846153846156,0.3076923076923077,39.0
p_1908,0.29528520499108735,0.2939182845552014,0.3027993311036789,0.31940524526308844,0.33128958863238783,0.3148148148148148,108.0,0.21818181818181817,0.2,0.24,25.0,0.36363636363636365,0.35294117647058826,0.375,16.0,0.16666666666666666,0.14285714285714285,0.2,5.0,0.375,0.36,0.391304347826087,23.0,0.35294117647058826,0.41379310344827586,0.3076923076923077,39.0
p_1909,0.2789313755325624,0.27650202429149795,0.30048433048433043,0.30592676421857035,0.3271674913780177,0.3055555555555556,108.0,0.1935483870967742,0.15789473684210525,0.25,24.0,0.0,0.0,0.0,8.0,0.37735849056603776,0.38461538461538464,0.37037037037037035,27.0,0.48,0.4,0.6,10.0,0.34375,0.44,0.28205128205128205,39.0
p_1910,0.2323271698750422,0.23958730158730157,0.25257730446517634,0.2753326148886137,0.29531599059376834,0.28703703703703703,108.0,0.16,0.2222222222222222,0.125,16.0,0.0,0.0,0.0,11.0,0.3404255319148936,0.2857142857142857,0.42105263157894735,19.0,0.31746031746031744,0.25,0.43478260869565216,23.0,0.34375,0.44,0.28205128205128205,39.0
p_1911,0.24092508798391155,0.31192546583850933,0.3388426524455936,0.274669012904307,0.4187677325358485,0.35185185185185186,108.0,0.5294117647058824,0.38571428571428573,0.84375,32.0,0.26666666666666666,0.17391304347826086,0.5714285714285714,7.0,0.23076923076923078,0.3333333333333333,0.17647058823529413,17.0,0.0,0.0,0.0,13.0,0.17777777777777778,0.6666666666666666,0.10256410256410256,39.0
p_1912,0.23954910905293003,0.24824683617787063,0.2726829895250948,0.2560858392448963,0.28299867555933966,0.25925925925925924,108.0,0.14285714285714285,0.25,0.1,20.0,0.25806451612903225,0.18181818181818182,0.4444444444444444,9.0,0.13953488372093023,0.13636363636363635,0.14285714285714285,21.0,0.30434782608695654,0.25925925925925924,0.3684210526315789,19.0,0.35294117647058826,0.41379310344827586,0.3076923076923077,39.0
p_1913,0.3544290686507865,0.37716888374783114,0.40987146187146184,0.34041225648968854,0.3814136034530771,0.3425925925925926,108.0,0.35294117647058826,0.5,0.2727272727272727,11.0,0.46153846153846156,0.3157894736842105,0.8571428571428571,7.0,0.2926829268292683,0.375,0.24,25.0,0.27692307692307694,0.23076923076923078,0.34615384615384615,26.0,0.3880597014925373,0.4642857142857143,0.3333333333333333,39.0
p_1914,0.29527968921625636,0.2806874242663716,0.3354578754578755,0.33197440601824935,0.338574422375592,0.35185185185185186,108.0,0.3880597014925373,0.35135135135135137,0.43333333333333335,30.0,0.0,0.0,0.0,10.0,0.38095238095238093,0.2962962962962963,0.5333333333333333,15.0,0.36363636363636365,0.3157894736842105,0.42857142857142855,14.0,0.34375,0.44,0.28205128205128205,39.0
p_1915,0.21746139359698682,0.19907599907599907,0.24807999018525334,0.2787724070586594,0.2641744308410975,0.3055555555555556,108.0,0.0,0.0,0.0,14.0,0.3050847457627119,0.24324324324324326,0.4090909090909091,22.0,0.35555555555555557,0.3076923076923077,0.42105263157894735,19.0,0.0,0.0,0.0,14.0,0.4266666666666667,0.4444444444444444,0.41025641025641024,39.0
p_1916,0.30411549235078644,0.3184981684981685,0.3285103785103785,0.3298307357130887,0.35196208112874783,0.3425925925925926,108.0,0.42857142857142855,0.35714285714285715,0.5357142857142857,28.0,0.11764705882352941,0.25,0.07692307692307693,13.0,0.20512820512820512,0.19047619047619047,0.2222222222222222,18.0,0.4,0.3333333333333333,0.5,10.0,0.36923076923076925,0.46153846153846156,0.3076923076923077,39.0
p_1917,0.23465994414270278,0.26847214645086986,0.24395104895104894,0.28305379019778765,0.31402460380001745,0.2962962962962963,108.0,0.14814814814814814,0.4,0.09090909090909091,22.0,0.2916666666666667,0.25925925925925924,0.3333333333333333,21.0,0.14285714285714285,0.125,0.16666666666666666,12.0,0.15384615384615385,0.15384615384615385,0.15384615384615385,13.0,0.4367816091954023,0.40425531914893614,0.475,40.0
p_1918,0.32166666666666666,0.43577694235588965,0.32147435897435894,0.360570987654321,0.43130975587115933,0.37037037037037035,108.0,0.3333333333333333,1.0,0.2,15.0,0.3333333333333333,0.3333333333333333,0.3333333333333333,24.0,0.06666666666666667,0.07142857142857142,0.0625,16.0,0.375,0.3157894736842105,0.46153846153846156,13.0,0.5,0.4583333333333333,0.55,40.0
p_1919,0.262955766698694,0.24507632718159034,0.32767500791891035,0.28430041371929565,0.28406010818291516,0.32407407407407407,108.0,0.058823529411764705,0.16666666666666666,0.03571428571428571,28.0,0.0,0.0,0.0,7.0,0.2807017543859649,0.22857142857142856,0.36363636363636365,22.0,0.5517241379310345,0.42105263157894735,0.8,10.0,0.4235294117647059,0.4090909090909091,0.43902439024390244,41.0
p_1920,0.33580443853624314,0.3612447051156728,0.3578364804333241,0.36762674938148515,0.38254317367220597,0.37962962962962965,108.0,0.4406779661016949,0.41935483870967744,0.4642857142857143,28.0,0.2222222222222222,0.3,0.17647058823529413,17.0,0.2222222222222222,0.4,0.15384615384615385,13.0,0.37037037037037035,0.2777777777777778,0.5555555555555556,9.0,0.4235294117647059,0.4090909090909091,0.43902439024390244,41.0
p_1921,0.23252223173703973,0.21515151515151515,0.2626300528739553,0.31921822355917606,0.2999238415905083,0.35185185185185186,108.0,0.2127659574468085,0.23809523809523808,0.19230769230769232,26.0,0.0,0.0,0.0,6.0,0.0,0.0,0.0,13.0,0.5263157894736842,0.42857142857142855,0.6818181818181818,22.0,0.4235294117647059,0.4090909090909091,0.43902439024390244,41.0
p_1922,0.20523809523809522,0.20105820105820102,0.22949109527392916,0.289484126984127,0.2715559474818734,0.3333333333333333,108.0,0.0,0.0,0.0,13.0,0.13333333333333333,0.1111111111111111,0.16666666666666666,6.0,0.25,0.25925925925925924,0.2413793103448276,29.0,0.14285714285714285,0.2222222222222222,0.10526315789473684,19.0,0.5,0.4126984126984127,0.6341463414634146,41.0
p_1923,0.26180240598654925,0.25784548784548783,0.28208130081300814,0.30478934461599994,0.3223219681553015,0.3055555555555556,108.0,0.35294117647058826,0.34615384615384615,0.36,25.0,0.0,0.0,0.0,11.0,0.32,0.26666666666666666,0.4,10.0,0.25925925925925924,0.21212121212121213,0.3333333333333333,21.0,0.37681159420289856,0.4642857142857143,0.3170731707317073,41.0
p_1924,0.25598621877691646,0.34580039525691697,0.2437301587301587,0.2953926397078852,0.34474271702532566,0.2962962962962963,108.0,0.3333333333333333,0.6666666666666666,0.2222222222222222,9.0,0.10256410256410256,0.08695652173913043,0.125,16.0,0.14814814814814814,0.3333333333333333,0.09523809523809523,21.0,0.23076923076923078,0.1875,0.3,20.0,0.46511627906976744,0.45454545454545453,0.47619047619047616,42.0
p_1925,0.22344249259018287,0.2461123362737236,0.2511655011655011,0.2959634904187785,0.30663940679853874,0.3148148148148148,108.0,0.0,0.0,0.0,15.0,0.13333333333333333,0.3333333333333333,0.08333333333333333,12.0,0.2222222222222222,0.15625,0.38461538461538464,13.0,0.3018867924528302,0.27586206896551724,0.3333333333333333,24.0,0.45977011494252873,0.46511627906976744,0.45454545454545453,44.0
p_1926,0.26588285342302775,0.2556798756798757,0.28504273504273503,0.32461100865440984,0.31350614406169963,0.3425925925925926,108.0,0.0,0.0,0.0,17.0,0.36363636363636365,0.3076923076923077,0.4444444444444444,18.0,0.21052631578947367,0.18181818181818182,0.25,16.0,0.2608695652173913,0.3,0.23076923076923078,13.0,0.4943820224719101,0.4888888888888889,0.5,44.0
p_1927,0.26031698182150365,0.27576556776556777,0.25683229813664593,0.3170978265650322,0.325364943698277,0.3148148148148148,108.0,0.3333333333333333,0.42857142857142855,0.2727272727272727,11.0,0.14634146341463414,0.16666666666666666,0.13043478260869565,23.0,0.25,0.24,0.2608695652173913,23.0,0.1,0.07692307692307693,0.14285714285714285,7.0,0.47191011235955055,0.4666666666666667,0.4772727272727273,44.0
p_1928,0.21088145896656535,0.1977313432835821,0.31111111111111106,0.2643954745018575,0.29309010503040356,0.3148148148148148,108.0,0.3829787234042553,0.26865671641791045,0.6666666666666666,27.0,0.0,0.0,0.0,12.0,0.0,0.0,0.0,19.0,0.3,0.2,0.6,5.0,0.37142857142857144,0.52,0.28888888888888886,45.0
p_1929,0.32519202254090906,0.3352380952380952,0.32008547008547,0.3699685688020789,0.3727954144620811,0.37037037037037035,108.0,0.0975609756097561,0.09523809523809523,0.1,20.0,0.41025641025641024,0.38095238095238093,0.4444444444444444,18.0,0.09090909090909091,0.1,0.08333333333333333,12.0,0.5217391304347826,0.6,0.46153846153846156,13.0,0.5054945054945055,0.5,0.5111111111111111,45.0
p_1930,0.2672757043263956,0.30266841371851666,0.26679089026915115,0.38775747777283875,0.40752372346973126,0.3888888888888889,108.0,0.24489795918367346,0.1935483870967742,0.3333333333333333,18.0,0.4,0.45454545454545453,0.35714285714285715,28.0,0.15384615384615385,0.3333333333333333,0.1,10.0,0.0,0.0,0.0,6.0,0.5376344086021505,0.5319148936170213,0.5434782608695652,46.0
p_1931,0.28369848181168933,0.2979761904761905,0.27815107597716293,0.3695636221841672,0.3752425044091711,0.37037037037037035,108.0,0.0,0.0,0.0,9.0,0.2222222222222222,0.2857142857142857,0.18181818181818182,11.0,0.3018867924528302,0.26666666666666666,0.34782608695652173,23.0,0.3888888888888889,0.4375,0.35,20.0,0.5054945054945055,0.5,0.5111111111111111,45.0
p_1932,0.29493228603440935,0.2907059042652263,0.30861660079051384,0.39839261477279675,0.3834426715782648,0.42592592592592593,108.0,0.2702702702702703,0.3333333333333333,0.22727272727272727,22.0,0.2608695652173913,0.23076923076923078,0.3,10.0,0.0,0.0,0.0,8.0,0.37209302325581395,0.38095238095238093,0.36363636363636365,22.0,0.5714285714285714,0.5084745762711864,0.6521739130434783,46.0
p_1933,0.22866453516969992,0.30086580086580084,0.28879076086956523,0.2811625160165904,0.42837101170434505,0.3333333333333333,108.0,0.16666666666666666,0.14285714285714285,0.2,15.0,0.0,0.0,0.0,15.0,,,,,0.4672897196261682,0.3333333333333333,0.78125,32.0,0.2807017543859649,0.7272727272727273,0.17391304347826086,46.0
p_1934,0.19370676942105514,0.23432870370370368,0.2060653115000941,0.3051470355041784,0.32516503772290806,0.3425925925925926,108.0,0.0,0.0,0.0,3.0,0.15384615384615385,0.2,0.125,16.0,0.08333333333333333,0.3333333333333333,0.047619047619047616,21.0,0.20408163265306123,0.18518518518518517,0.22727272727272727,22.0,0.5272727272727272,0.453125,0.6304347826086957,46.0
p_1935,0.32398268398268393,0.28235280999107937,0.39631713554987213,0.3491662658329325,0.31431251445468655,0.39814814814814814,108.0,0.18181818181818182,0.1875,0.17647058823529413,17.0,0.5333333333333333,0.4,0.8,5.0,0.3333333333333333,0.3157894736842105,0.35294117647058826,17.0,0.0,0.0,0.0,23.0,0.5714285714285714,0.5084745762711864,0.6521739130434783,46.0
p_1936,0.2236437246963563,0.2545454545454545,0.2394957983193277,0.31807242465137203,0.34076879910213237,0.3333333333333333,108.0,0.0,0.0,0.0,7.0,0.1,0.3333333333333333,0.058823529411764705,17.0,0.21052631578947367,0.16666666666666666,0.2857142857142857,21.0,0.3076923076923077,0.2727272727272727,0.35294117647058826,17.0,0.5,0.5,0.5,46.0
p_1937,0.25257142857142856,0.2755716132688663,0.2811673833412963,0.34315696649029986,0.35853813805304163,0.37962962962962965,108.0,0.23809523809523808,0.1724137931034483,0.38461538461538464,13.0,0.0,0.0,0.0,11.0,0.13333333333333333,0.3333333333333333,0.08333333333333333,24.0,0.32,0.36363636363636365,0.2857142857142857,14.0,0.5714285714285714,0.5084745762711864,0.6521739130434783,46.0
p_1938,0.3450378151260504,0.3332380952380952,0.36233057560288684,0.4325431839402427,0.4168165784832452,0.4537037037037037,108.0,0.29411764705882354,0.3333333333333333,0.2631578947368421,19.0,0.0,0.0,0.0,8.0,0.44,0.39285714285714285,0.5,22.0,0.42857142857142855,0.4,0.46153846153846156,13.0,0.5625,0.54,0.5869565217391305,46.0
p_1939,0.18273540413075295,0.16306089743589744,0.2094877662383383,0.2840106491269282,0.24816743827160492,0.3333333333333333,108.0,0.23255813953488372,0.20833333333333334,0.2631578947368421,19.0,0.15384615384615385,0.15384615384615385,0.15384615384615385,13.0,0.0,0.0,0.0,18.0,0.0,0.0,0.0,12.0,0.5272727272727272,0.453125,0.6304347826086957,46.0
p_1940,0.18654040404040403,0.19305555555555556,0.20745341614906834,0.271747568275346,0.2547582304526749,0.3148148148148148,108.0,0.0,0.0,0.0,20.0,0.125,0.1111111111111111,0.14285714285714285,14.0,0.1875,0.16666666666666666,0.21428571428571427,14.0,0.1111111111111111,0.25,0.07142857142857142,14.0,0.509090909090909,0.4375,0.6086956521739131,46.0
p_1941,0.14103896103896102,0.12073863636363638,0.16956521739130434,0.2547258297258297,0.2184080387205387,0.3055555555555556,108.0,0.0,0.0,0.0,12.0,0.0,0.0,0.0,12.0,0.0,0.0,0.0,15.0,0.21428571428571427,0.18181818181818182,0.2608695652173913,23.0,0.4909090909090909,0.421875,0.5869565217391305,46.0
p_1942,0.2354210958076076,0.2346180836707153,0.23707279562542719,0.37394403427217215,0.3696272554605888,0.37962962962962965,108.0,0.33962264150943394,0.36,0.32142857142857145,28.0,0.08695652173913043,0.08333333333333333,0.09090909090909091,11.0,0.0,0.0,0.0,2.0,0.21052631578947367,0.21052631578947367,0.21052631578947367,19.0,0.54,0.5192307692307693,0.5625,48.0
p_1943,0.27149122807017545,0.2712808759867583,0.2755102040816327,0.3846763007947218,0.3753133576662988,0.39814814814814814,108.0,0.125,0.14285714285714285,0.1111111111111111,9.0,0.3157894736842105,0.35294117647058826,0.2857142857142857,21.0,0.0,0.0,0.0,11.0,0.358974358974359,0.3333333333333333,0.3888888888888889,18.0,0.5576923076923077,0.5272727272727272,0.5918367346938775,49.0
p_1944,0.20869708994708996,0.222566168009206,0.22540068335026317,0.34135404418969234,0.32189884072795466,0.4074074074074074,108.0,0.14814814814814814,0.2,0.11764705882352941,17.0,0.0,0.0,0.0,4.0,0.19047619047619047,0.25,0.15384615384615385,13.0,0.1111111111111111,0.18181818181818182,0.08,25.0,0.59375,0.4810126582278481,0.7755102040816326,49.0
p_1945,0.23302736698963114,0.2204730229120473,0.24795008912655972,0.4086869888756681,0.38607620924694097,0.4351851851851852,108.0,0.0,0.0,0.0,15.0,0.0,0.0,0.0,3.0,0.16666666666666666,0.16666666666666666,0.16666666666666666,6.0,0.43243243243243246,0.3902439024390244,0.48484848484848486,33.0,0.5660377358490566,0.5454545454545454,0.5882352941176471,51.0
p_1946,0.296231884057971,0.2860513602847699,0.31513323278029165,0.4114152800143138,0.3754640223747775,0.46296296296296297,108.0,0.34782608695652173,0.4,0.3076923076923077,13.0,0.0,0.0,0.0,18.0,0.1111111111111111,0.1111111111111111,0.1111111111111111,9.0,0.3888888888888889,0.3684210526315789,0.4117647058823529,17.0,0.6333333333333333,0.5507246376811594,0.7450980392156863,51.0
p_1947,0.2042871360826984,0.22857142857142856,0.2224089635854342,0.3650950079437873,0.3558201058201058,0.4351851851851852,108.0,0.12903225806451613,0.14285714285714285,0.11764705882352941,17.0,0.0,0.0,0.0,9.0,0.27586206896551724,0.5,0.19047619047619047,21.0,0.0,0.0,0.0,10.0,0.6165413533834586,0.5,0.803921568627451,51.0
p_1948,0.21180392156862743,0.2095238095238095,0.23891402714932125,0.3494045025417574,0.3069885361552028,0.4351851851851852,108.0,0.0,0.0,0.0,10.0,0.26666666666666666,0.2857142857142857,0.25,8.0,0.0,0.0,0.0,21.0,0.16,0.25,0.11764705882352941,17.0,0.6323529411764706,0.5119047619047619,0.8269230769230769,52.0
p_1949,0.2756091048226904,0.26250505050505046,0.3071591579775723,0.3940363724954562,0.3886438458660681,0.4074074074074074,108.0,0.34146341463414637,0.3888888888888889,0.30434782608695654,23.0,0.0,0.0,0.0,11.0,0.26666666666666666,0.2,0.4,5.0,0.19047619047619047,0.16,0.23529411764705882,17.0,0.5794392523364486,0.5636363636363636,0.5961538461538461,52.0
p_1950,0.31222180368521835,0.3654244306418219,0.32047385620915037,0.44227575426762417,0.45566866037880527,0.48148148148148145,108.0,0.4864864864864865,0.42857142857142855,0.5625,16.0,0.19047619047619047,0.5,0.11764705882352941,17.0,0.0,0.0,0.0,11.0,0.25,0.3333333333333333,0.2,10.0,0.6341463414634146,0.5652173913043478,0.7222222222222222,54.0
p_1951,0.27008091822094693,0.26077922077922083,0.285933014354067,0.4562378447313884,0.4246272246272247,0.5,108.0,0.34146341463414637,0.3181818181818182,0.3684210526315789,19.0,0.0,0.0,0.0,8.0,0.0,0.0,0.0,7.0,0.35294117647058826,0.4,0.3157894736842105,19.0,0.656,0.5857142857142857,0.7454545454545455,55.0
p_1952,0.2647619047619048,0.4154811994924197,0.32340466550992863,0.4281011169900058,0.5450774356805212,0.49074074074074076,108.0,0.4888888888888889,0.3548387096774194,0.7857142857142857,14.0,0.1,0.14285714285714285,0.07692307692307693,13.0,0.0,0.0,0.0,5.0,0.1,1.0,0.05263157894736842,19.0,0.6349206349206349,0.5797101449275363,0.7017543859649122,57.0
p_1953,0.21944772080760422,0.3090950226244344,0.23242105263157894,0.4344621368055073,0.5037016088486677,0.5,108.0,0.0,0.0,0.0,6.0,0.20689655172413793,0.75,0.12,25.0,0.0,0.0,0.0,5.0,0.21428571428571427,0.23076923076923078,0.2,15.0,0.676056338028169,0.5647058823529412,0.8421052631578947,57.0
p_1954,0.25866666666666666,0.3385714285714285,0.2764274322169059,0.4492592592592593,0.49592151675485,0.5185185185185185,108.0,0.4666666666666667,0.4666666666666667,0.4666666666666667,15.0,0.0,0.0,0.0,6.0,0.0,0.0,0.0,8.0,0.16,0.6666666666666666,0.09090909090909091,22.0,0.6666666666666666,0.5595238095238095,0.8245614035087719,57.0
p_1955,0.2135101679929266,0.22952380952380952,0.23666666666666666,0.43126043815698983,0.3941798941798942,0.5092592592592593,108.0,0.23076923076923078,0.21428571428571427,0.25,12.0,0.13333333333333333,0.3333333333333333,0.08333333333333333,12.0,0.0,0.0,0.0,6.0,0.0,0.0,0.0,18.0,0.7034482758620689,0.6,0.85,60.0
p_1956,0.23087179487179488,0.2925093632958801,0.23789227166276347,0.4916714150047483,0.5004508253571923,0.5648148148148148,108.0,0.1,0.16666666666666666,0.07142857142857142,14.0,0.0,0.0,0.0,5.0,0.3076923076923077,0.6666666666666666,0.2,20.0,0.0,0.0,0.0,8.0,0.7466666666666667,0.6292134831460674,0.9180327868852459,61.0
p_1957,0.30646553146553146,0.36129266521423387,0.3052754435107376,0.5455772851606185,0.5508654078915517,0.5925925925925926,108.0,0.3076923076923077,0.3333333333333333,0.2857142857142857,7.0,0.0,0.0,0.0,1.0,0.19047619047619047,0.5,0.11764705882352941,17.0,0.2702702702702703,0.29411764705882354,0.25,20.0,0.7638888888888888,0.6790123456790124,0.873015873015873,63.0
p_1958,0.1909648633575014,0.19393939393939394,0.221875,0.4715457230794654,0.4017957351290684,0.5925925925925926,108.0,0.0,0.0,0.0,18.0,0.0,0.0,0.0,11.0,0.0,0.0,0.0,7.0,0.18181818181818182,0.3333333333333333,0.125,8.0,0.7730061349693251,0.6363636363636364,0.984375,64.0
p_1959,0.17960122699386502,0.19393939393939394,0.21225961538461538,0.4731240059077482,0.4172278338945006,0.5925925925925926,108.0,0.0,0.0,0.0,9.0,0.0,0.0,0.0,8.0,0.0,0.0,0.0,14.0,0.125,0.3333333333333333,0.07692307692307693,13.0,0.7730061349693251,0.6363636363636364,0.984375,64.0
p_1960,0.21661360163015794,0.2215927750410509,0.23055555555555557,0.4836093894454822,0.43798652922216136,0.5555555555555556,108.0,0.15384615384615385,0.25,0.1111111111111111,9.0,0.0,0.0,0.0,12.0,0.0,0.0,0.0,5.0,0.1875,0.21428571428571427,0.16666666666666666,18.0,0.7417218543046358,0.6436781609195402,0.875,64.0
p_1961,0.24737060041407868,0.42783505154639173,0.254788961038961,0.5122709148071467,0.5454371897670867,0.6111111111111112,108.0,0.3,0.5,0.21428571428571427,14.0,0.0,0.0,0.0,1.0,0.16666666666666666,1.0,0.09090909090909091,11.0,0.0,0.0,0.0,18.0,0.7701863354037267,0.6391752577319587,0.96875,64.0
p_1962,0.26102931152010905,0.32575757575757575,0.2890762061403509,0.5016579565250322,0.4820426487093154,0.6111111111111112,108.0,0.1111111111111111,0.3333333333333333,0.06666666666666667,15.0,0.16,0.3333333333333333,0.10526315789473684,19.0,,,,,0.0,0.0,0.0,10.0,0.7730061349693251,0.6363636363636364,0.984375,64.0
p_1963,0.22209150326797386,0.39676375404530745,0.23676470588235293,0.5211994674412975,0.5300851012825123,0.6388888888888888,108.0,0.0,0.0,0.0,12.0,0.2222222222222222,1.0,0.125,8.0,0.0,0.0,0.0,4.0,0.1,0.3333333333333333,0.058823529411764705,17.0,0.788235294117647,0.6504854368932039,1.0,67.0
p_1964,0.17986928104575162,0.23009708737864082,0.2125,0.5054587267005568,0.47761596548004315,0.6296296296296297,108.0,0.1111111111111111,0.5,0.0625,16.0,0.0,0.0,0.0,8.0,0.0,0.0,0.0,5.0,0.0,0.0,0.0,12.0,0.788235294117647,0.6504854368932039,1.0,67.0
p_1965,0.2799234863606121,0.434,0.28500000000000003,0.5489653409230921,0.5360185185185186,0.6574074074074074,108.0,0.0,0.0,0.0,21.0,0.0,0.0,0.0,2.0,0.375,0.5,0.3,10.0,0.2222222222222222,1.0,0.125,8.0,0.8023952095808383,0.67,1.0,67.0
p_1966,0.20227714151764786,0.2783882783882784,0.2126273394930111,0.5046628069365998,0.5233007733007733,0.5740740740740741,108.0,0.07407407407407407,0.07692307692307693,0.07142857142857142,14.0,0.0,0.0,0.0,5.0,0.0,0.0,0.0,4.0,0.19047619047619047,0.6666666666666666,0.1111111111111111,18.0,0.7468354430379747,0.6483516483516484,0.8805970149253731,67.0
p_1967,0.27564935064935064,0.3133680555555556,0.29912617220801363,0.5557599807599808,0.5230516975308641,0.6481481481481481,108.0,0.1,0.3333333333333333,0.058823529411764705,17.0,,,,,0.19047619047619047,0.2222222222222222,0.16666666666666666,12.0,0.0,0.0,0.0,10.0,0.8121212121212121,0.6979166666666666,0.9710144927536232,69.0
p_1968,0.18964705882352942,0.19803921568627453,0.2181114551083591,0.5244444444444445,0.4722222222222222,0.6388888888888888,108.0,0.0,0.0,0.0,11.0,0.0,0.0,0.0,2.0,0.16,0.3333333333333333,0.10526315789473684,19.0,0.0,0.0,0.0,8.0,0.788235294117647,0.6568627450980392,0.9852941176470589,68.0
p_1969,0.22573099415204675,0.36537216828478963,0.2390476190476191,0.5485975741823694,0.5916037396619921,0.6574074074074074,108.0,0.16666666666666666,0.5,0.1,10.0,0.0,0.0,0.0,4.0,0.0,0.0,0.0,5.0,0.16666666666666666,0.6666666666666666,0.09523809523809523,21.0,0.7953216374269005,0.6601941747572816,1.0,68.0
p_1970,0.20350877192982458,0.2333333333333333,0.2256728778467909,0.5513320337881741,0.5231481481481481,0.6574074074074074,108.0,0.2222222222222222,0.5,0.14285714285714285,21.0,0.0,0.0,0.0,5.0,0.0,0.0,0.0,4.0,0.0,0.0,0.0,9.0,0.7953216374269005,0.6666666666666666,0.9855072463768116,69.0
p_1971,0.18259373925008598,0.1820388349514563,0.21538461538461537,0.5149192880531029,0.4457704063286588,0.6388888888888888,108.0,0.0,0.0,0.0,9.0,0.11764705882352941,0.25,0.07692307692307693,13.0,0.0,0.0,0.0,11.0,0.0,0.0,0.0,7.0,0.7953216374269005,0.6601941747572816,1.0,68.0
p_1972,0.19123434704830053,0.23398058252427187,0.21818181818181817,0.5282664148943218,0.47891945343401654,0.6481481481481481,108.0,0.0,0.0,0.0,11.0,0.0,0.0,0.0,5.0,0.15384615384615385,0.5,0.09090909090909091,11.0,0.0,0.0,0.0,12.0,0.8023255813953488,0.6699029126213593,1.0,69.0
p_1973,0.24574780058651027,0.24479804161566707,0.2539130434782609,0.5998425111328337,0.5675687927829911,0.6481481481481481,108.0,0.45454545454545453,0.5263157894736842,0.4,25.0,0.0,0.0,0.0,3.0,0.0,0.0,0.0,10.0,0.0,0.0,0.0,1.0,0.7741935483870968,0.6976744186046512,0.8695652173913043,69.0
p_1974,0.2008064516129032,0.21263736263736263,0.21280193236714973,0.5145609318996416,0.47466422466422464,0.5833333333333334,108.0,0.12903225806451613,0.15384615384615385,0.1111111111111111,18.0,0.125,0.25,0.08333333333333333,12.0,0.0,0.0,0.0,3.0,0.0,0.0,0.0,6.0,0.75,0.6593406593406593,0.8695652173913043,69.0
p_1975,0.17718715393133996,0.33203883495145636,0.2071014492753623,0.5228046429596817,0.6069759079467817,0.6388888888888888,108.0,0.09523809523809523,1.0,0.05,20.0,0.0,0.0,0.0,11.0,0.0,0.0,0.0,5.0,0.0,0.0,0.0,3.0,0.7906976744186046,0.6601941747572816,0.9855072463768116,69.0
p_1976,0.17577276524644944,0.16470588235294117,0.20753623188405798,0.5138772858071103,0.44281045751633985,0.6296296296296297,108.0,0.0,0.0,0.0,10.0,0.0,0.0,0.0,5.0,0.0,0.0,0.0,9.0,0.09523809523809523,0.16666666666666666,0.06666666666666667,15.0,0.783625730994152,0.6568627450980392,0.9710144927536232,69.0
p_1977,0.15819209039548024,0.1320754716981132,0.1971830985915493,0.5199832600962545,0.43413696715583505,0.6481481481481481,108.0,0.0,0.0,0.0,6.0,0.0,0.0,0.0,4.0,0.0,0.0,0.0,16.0,0.0,0.0,0.0,11.0,0.7909604519774012,0.660377358490566,0.9859154929577465,71.0
p_1978,0.16089385474860335,0.13584905660377358,0.19726027397260273,0.5437616387337058,0.4591194968553459,0.6666666666666666,108.0,0.0,0.0,0.0,13.0,0.0,0.0,0.0,3.0,0.0,0.0,0.0,14.0,0.0,0.0,0.0,5.0,0.8044692737430168,0.6792452830188679,0.9863013698630136,73.0
p_1979,0.19152542372881357,0.33207547169811324,0.21536491677336747,0.5369585687382298,0.5359888190076869,0.6574074074074074,108.0,0.0,0.0,0.0,6.0,0.0,0.0,0.0,5.0,0.0,0.0,0.0,15.0,0.16666666666666666,1.0,0.09090909090909091,11.0,0.7909604519774012,0.660377358490566,0.9859154929577465,71.0
p_1980,0.15819209039548024,0.1320754716981132,0.1971830985915493,0.5199832600962545,0.43413696715583505,0.6481481481481481,108.0,0.0,0.0,0.0,14.0,0.0,0.0,0.0,2.0,0.0,0.0,0.0,13.0,0.0,0.0,0.0,8.0,0.7909604519774012,0.660377358490566,0.9859154929577465,71.0
p_1981,0.1568181818181818,0.13142857142857142,0.1943661971830986,0.5154671717171717,0.432010582010582,0.6388888888888888,108.0,0.0,0.0,0.0,8.0,0.0,0.0,0.0,8.0,0.0,0.0,0.0,9.0,0.0,0.0,0.0,12.0,0.7840909090909091,0.6571428571428571,0.971830985915493,71.0
p_1982,0.1568181818181818,0.13142857142857142,0.1943661971830986,0.5154671717171717,0.432010582010582,0.6388888888888888,108.0,0.0,0.0,0.0,18.0,0.0,0.0,0.0,5.0,0.0,0.0,0.0,12.0,0.0,0.0,0.0,2.0,0.7840909090909091,0.6571428571428571,0.971830985915493,71.0
p_1983,0.1867635189669088,0.2,0.21262626262626264,0.5418572325351987,0.478395061728395,0.6574074074074074,108.0,0.14285714285714285,0.3333333333333333,0.09090909090909091,11.0,0.0,0.0,0.0,5.0,0.0,0.0,0.0,13.0,0.0,0.0,0.0,7.0,0.7909604519774012,0.6666666666666666,0.9722222222222222,72.0
p_1984,0.16089385474860335,0.13584905660377358,0.19726027397260273,0.5437616387337058,0.4591194968553459,0.6666666666666666,108.0,0.0,0.0,0.0,17.0,0.0,0.0,0.0,11.0,0.0,0.0,0.0,5.0,0.0,0.0,0.0,2.0,0.8044692737430168,0.6792452830188679,0.9863013698630136,73.0
p_1985,0.16089385474860335,0.13584905660377358,0.19726027397260273,0.5437616387337058,0.4591194968553459,0.6666666666666666,108.0,0.0,0.0,0.0,10.0,0.0,0.0,0.0,5.0,0.0,0.0,0.0,17.0,0.0,0.0,0.0,3.0,0.8044692737430168,0.6792452830188679,0.9863013698630136,73.0
p_1986,0.18177278401997504,0.23523809523809525,0.20702054794520547,0.5556827114255328,0.5311287477954145,0.6666666666666666,108.0,0.1111111111111111,0.5,0.0625,16.0,0.0,0.0,0.0,5.0,0.0,0.0,0.0,7.0,0.0,0.0,0.0,7.0,0.797752808988764,0.6761904761904762,0.9726027397260274,73.0
p_1987,0.16353591160220995,0.1383177570093458,0.2,0.5602619193779416,0.4738663897542402,0.6851851851851852,108.0,0.0,0.0,0.0,13.0,0.0,0.0,0.0,9.0,0.0,0.0,0.0,8.0,0.0,0.0,0.0,4.0,0.8176795580110497,0.6915887850467289,1.0,74.0
p_1988,0.16353591160220995,0.1383177570093458,0.2,0.5602619193779416,0.4738663897542402,0.6851851851851852,108.0,0.0,0.0,0.0,1.0,0.0,0.0,0.0,9.0,0.0,0.0,0.0,11.0,0.0,0.0,0.0,13.0,0.8176795580110497,0.6915887850467289,1.0,74.0
p_1989,0.16353591160220995,0.1383177570093458,0.2,0.5602619193779416,0.4738663897542402,0.6851851851851852,108.0,0.0,0.0,0.0,6.0,0.0,0.0,0.0,6.0,0.0,0.0,0.0,14.0,0.0,0.0,0.0,8.0,0.8176795580110497,0.6915887850467289,1.0,74.0
p_1990,0.18706532336691584,0.33831775700934574,0.2125,0.5776911132777237,0.6220145379023884,0.6944444444444444,108.0,0.11764705882352941,1.0,0.0625,16.0,0.0,0.0,0.0,8.0,0.0,0.0,0.0,3.0,0.0,0.0,0.0,7.0,0.8176795580110497,0.6915887850467289,1.0,74.0
p_1991,0.16612021857923498,0.14205607476635512,0.2,0.5844970653713824,0.4998269297334718,0.7037037037037037,108.0,0.0,0.0,0.0,8.0,0.0,0.0,0.0,8.0,0.0,0.0,0.0,9.0,0.0,0.0,0.0,7.0,0.8306010928961749,0.7102803738317757,1.0,76.0
p_1992,0.16864864864864865,0.14579439252336449,0.2,0.6090090090090091,0.5264797507788161,0.7222222222222222,108.0,0.0,0.0,0.0,13.0,0.0,0.0,0.0,6.0,0.0,0.0,0.0,7.0,0.0,0.0,0.0,4.0,0.8432432432432433,0.7289719626168224,1.0,78.0
p_1993,0.16864864864864865,0.14579439252336449,0.2,0.6090090090090091,0.5264797507788161,0.7222222222222222,108.0,0.0,0.0,0.0,14.0,0.0,0.0,0.0,2.0,0.0,0.0,0.0,13.0,0.0,0.0,0.0,1.0,0.8432432432432433,0.7289719626168224,1.0,78.0
p_1994,0.16864864864864865,0.14579439252336449,0.2,0.6090090090090091,0.5264797507788161,0.7222222222222222,108.0,0.0,0.0,0.0,13.0,0.0,0.0,0.0,9.0,0.0,0.0,0.0,7.0,0.0,0.0,0.0,1.0,0.8432432432432433,0.7289719626168224,1.0,78.0
p_1995,0.16864864864864865,0.14579439252336449,0.2,0.6090090090090091,0.5264797507788161,0.7222222222222222,108.0,0.0,0.0,0.0,11.0,0.0,0.0,0.0,6.0,0.0,0.0,0.0,9.0,0.0,0.0,0.0,4.0,0.8432432432432433,0.7289719626168224,1.0,78.0
p_1996,0.16989247311827957,0.14766355140186915,0.2,0.6213659896455596,0.5400657667012807,0.7314814814814815,108.0,0.0,0.0,0.0,12.0,0.0,0.0,0.0,6.0,0.0,0.0,0.0,3.0,0.0,0.0,0.0,8.0,0.8494623655913979,0.7383177570093458,1.0,79.0
p_1997,0.1711229946524064,0.14953271028037382,0.2,0.6337888690829868,0.5538248528902735,0.7407407407407407,108.0,0.0,0.0,0.0,14.0,0.0,0.0,0.0,10.0,0.0,0.0,0.0,1.0,0.0,0.0,0.0,3.0,0.8556149732620321,0.7476635514018691,1.0,80.0
p_1998,0.20748663101604276,0.34953271028037386,0.22000000000000003,0.6506238859180036,0.6464174454828661,0.75,108.0,0.0,0.0,0.0,4.0,0.0,0.0,0.0,8.0,0.0,0.0,0.0,6.0,0.18181818181818182,1.0,0.1,10.0,0.8556149732620321,0.7476635514018691,1.0,80.0
p_1999,0.1711229946524064,0.14953271028037382,0.2,0.6337888690829868,0.5538248528902735,0.7407407407407407,108.0,0.0,0.0,0.0,7.0,0.0,0.0,0.0,8.0,0.0,0.0,0.0,9.0,0.0,0.0,0.0,4.0,0.8556149732620321,0.7476635514018691,1.0,80.0
p_2000,0.1761658031088083,0.1574074074074074,0.2,0.6932450585300326,0.6194272976680385,0.7870370370370371,108.0,0.0,0.0,0.0,4.0,0.0,0.0,0.0,7.0,0.0,0.0,0.0,11.0,0.0,0.0,0.0,1.0,0.8808290155440415,0.7870370370370371,1.0,85.0
p_2001,0.22164948453608246,0.19907407407407407,0.25,0.7059946544482627,0.6340877914951989,0.7962962962962963,108.0,0.0,0.0,0.0,8.0,0.0,0.0,0.0,3.0,0.0,0.0,0.0,11.0,,,,,0.8865979381443299,0.7962962962962963,1.0,86.0
p_2002,0.22164948453608246,0.19907407407407407,0.25,0.7059946544482627,0.6340877914951989,0.7962962962962963,108.0,0.0,0.0,0.0,12.0,0.0,0.0,0.0,4.0,0.0,0.0,0.0,6.0,,,,,0.8865979381443299,0.7962962962962963,1.0,86.0
p_2003,0.22448979591836735,0.2037037037037037,0.25,0.7316704459561602,0.6639231824417009,0.8148148148148148,108.0,0.0,0.0,0.0,6.0,0.0,0.0,0.0,13.0,0.0,0.0,0.0,1.0,,,,,0.8979591836734694,0.8148148148148148,1.0,88.0
p_2004,0.17959183673469387,0.16296296296296295,0.2,0.7316704459561602,0.6639231824417009,0.8148148148148148,108.0,0.0,0.0,0.0,2.0,0.0,0.0,0.0,7.0,0.0,0.0,0.0,8.0,0.0,0.0,0.0,3.0,0.8979591836734694,0.8148148148148148,1.0,88.0
p_2005,0.17959183673469387,0.16296296296296295,0.2,0.7316704459561602,0.6639231824417009,0.8148148148148148,108.0,0.0,0.0,0.0,1.0,0.0,0.0,0.0,5.0,0.0,0.0,0.0,8.0,0.0,0.0,0.0,6.0,0.8979591836734694,0.8148148148148148,1.0,88.0
p_2006,0.228643216080402,0.21064814814814814,0.25,0.7706123208635771,0.7099622770919067,0.8425925925925926,108.0,0.0,0.0,0.0,5.0,0.0,0.0,0.0,9.0,,,,,0.0,0.0,0.0,3.0,0.914572864321608,0.8425925925925926,1.0,91.0
p_2007,0.18507462686567164,0.17222222222222222,0.2,0.796849087893864,0.7415123456790125,0.8611111111111112,108.0,0.0,0.0,0.0,6.0,0.0,0.0,0.0,1.0,0.0,0.0,0.0,7.0,0.0,0.0,0.0,1.0,0.9253731343283582,0.8611111111111112,1.0,93.0
p_2008,0.23267326732673269,0.2175925925925926,0.25,0.8100476714338101,0.7575445816186557,0.8703703703703703,108.0,0.0,0.0,0.0,1.0,,,,,0.0,0.0,0.0,1.0,0.0,0.0,0.0,12.0,0.9306930693069307,0.8703703703703703,1.0,94.0
p_2009,0.23267326732673269,0.2175925925925926,0.25,0.8100476714338101,0.7575445816186557,0.8703703703703703,108.0,0.0,0.0,0.0,5.0,0.0,0.0,0.0,8.0,,,,,0.0,0.0,0.0,1.0,0.9306930693069307,0.8703703703703703,1.0,94.0
p_2010,0.23267326732673269,0.2175925925925926,0.25,0.8100476714338101,0.7575445816186557,0.8703703703703703,108.0,0.0,0.0,0.0,2.0,0.0,0.0,0.0,1.0,0.0,0.0,0.0,11.0,,,,,0.9306930693069307,0.8703703703703703,1.0,94.0
p_2011,0.23267326732673269,0.2175925925925926,0.25,0.8100476714338101,0.7575445816186557,0.8703703703703703,108.0,,,,,0.0,0.0,0.0,7.0,0.0,0.0,0.0,6.0,0.0,0.0,0.0,1.0,0.9306930693069307,0.8703703703703703,1.0,94.0
p_2012,0.23267326732673269,0.2175925925925926,0.25,0.8100476714338101,0.7575445816186557,0.8703703703703703,108.0,0.0,0.0,0.0,2.0,0.0,0.0,0.0,11.0,0.0,0.0,0.0,1.0,,,,,0.9306930693069307,0.8703703703703703,1.0,94.0
p_2013,0.23267326732673269,0.2175925925925926,0.25,0.8100476714338101,0.7575445816186557,0.8703703703703703,108.0,0.0,0.0,0.0,1.0,0.0,0.0,0.0,5.0,0.0,0.0,0.0,8.0,,,,,0.9306930693069307,0.8703703703703703,1.0,94.0
p_2014,0.18823529411764706,0.17777777777777776,0.2,0.8366013071895424,0.7901234567901234,0.8888888888888888,108.0,0.0,0.0,0.0,7.0,0.0,0.0,0.0,1.0,0.0,0.0,0.0,1.0,0.0,0.0,0.0,3.0,0.9411764705882353,0.8888888888888888,1.0,96.0
p_2015,0.23529411764705882,0.2222222222222222,0.25,0.8366013071895424,0.7901234567901234,0.8888888888888888,108.0,0.0,0.0,0.0,7.0,0.0,0.0,0.0,4.0,,,,,0.0,0.0,0.0,1.0,0.9411764705882353,0.8888888888888888,1.0,96.0
